tree
version=v4
num_class=1
num_tree_per_iteration=1
label_index=0
max_feature_idx=6
objective=regression
feature_names=hour dayofweek is_weekend demand_mw_lag_1h demand_mw_lag_24h demand_mw_lag_168h demand_mw_roll_mean_24h
feature_infos=[0:23] [0:6] [0:1] [34330.800000000003:70104.399999999994] [34330.800000000003:70104.399999999994] [34330.800000000003:70104.399999999994] [45971.258333333331:55860.037500000006]
tree_sizes=2743 2772 2784 2774 2793 2773 2784 2768 2793 2781 2785 2784 2770 2788 2790 2785 2791 2790 2768 2786 2787 2790 2785 2780 2794 2791 2792 2789 2787 2782 2781 2792 2780 2781 2787 2792 2776 2783 2779 2790 2788 2792 2788 2780 2787 2776 2781 2768 2783 2768 2779 2771 2770 2768 2756 2769 2768 2762 2755 2764 2762 2768 2760 2782 2777 2755 2763 2752 2764 2762 2784 2766 2765 2783 2767 2775 2764 2780 2766 2778 2762 2769 2765 2758 2763 2770 2740 2753 2744 2759 2777 2736 2756 2753 2768 2779 2754 2767 2772 2757 2779 2760 2757 2770 2745 2756 2759 2772 2760 2737 2748 2768 2781 2751 2766 2749 2734 2752 2764 2775 2753 2735 2746 2761 2737 2753 2775 2768 2750 2754 2723 2753 2765 2724 2761 2740 2745 2767 2743 2749 2737 2747 2737 2755 2726 2733 2759 2750 2757 2737 2757 2730 2755 2748 2732 2722 2748 2769 2762 2757 2729 2740 2757 2743 2747 2753 2784 2753 2749 2757 2770 2727 2753 2749 2756 2736 2743 2746 2744 2728 2744 2776 2735 2731 2742 2750 2736 2730 2739 2752 2750 2740 2732 2731 2777 2754 2754 2745 2738 2749 2730 2750 2759 2773 2726 2735 2726 2735 2767 2739 2722 2751 2727 2731 2769 2752 2748 2737 2726 2739 2746 2725 2724 2749 2748 2746 2758 2771 2740 2733 2805 2721 2754 2775 2752 2726 2754 2712 2778 2735 2749 2719 2733 2736 2730 2735 2745 2762 2750 2750 2770 2724 2747 2746 2751 2747 2744 2733 2748 2758 2726 2725 2743 2751 2742 2724 2742 2735 2745 2749 2758 2719 2743 2760 2742 2735 2744 2753 2745 2718 2756 2761 2748 2741 2743 2732 2769 2758 2730 2779 2740 2726 2720 2754 2733 2729 2728 2728 2728 2727

Tree=0
num_leaves=31
num_cat=0
split_feature=5 5 5 5 5 5 5 1 5 0 0 5 3 5 0 0 4 0 0 1 1 3 0 0 0 0 0 1 0 0
split_gain=1.99172e+11 3.2224e+10 2.24967e+10 7.42529e+09 2.77949e+09 2.03069e+09 9.76245e+08 7.51167e+08 7.0593e+08 5.56127e+08 6.10397e+08 4.96296e+08 3.59594e+08 3.20785e+08 3.11341e+08 3.83949e+08 2.99608e+08 2.96255e+08 2.81495e+08 3.03362e+08 1.92685e+08 1.86267e+08 2.03507e+08 1.66574e+08 2.25751e+08 1.60118e+08 1.63215e+08 1.4998e+08 1.30588e+08 1.44805e+08
threshold=52342.900000000009 58704.900000000009 42718.150000000001 48482.150000000009 61376.55000000001 55234.600000000013 45732.250000000007 4.5000000000000009 50554.450000000004 14.500000000000002 9.5000000000000018 57035.55000000001 48966.150000000009 40008.30000000001 16.500000000000004 7.5000000000000009 48673.100000000006 5.5000000000000009 18.500000000000004 4.5000000000000009 4.5000000000000009 48386.950000000004 19.500000000000004 1.5000000000000002 18.500000000000004 2.5000000000000004 20.500000000000004 4.5000000000000009 4.5000000000000009 19.500000000000004
decision_type=2 2 2 2 2 2 2 2 2 2 2 2 2 2 2 2 2 2 2 2 2 2 2 2 2 2 2 2 2 2
left_child=2 5 7 6 14 17 20 -1 16 10 -6 -7 23 -9 15 -3 -5 -2 19 -19 -4 -10 -23 -8 -25 -15 -27 -13 -22 -30
right_child=1 4 3 8 9 11 12 13 21 -11 -12 27 -14 25 -16 -17 -18 18 -20 -21 28 22 -24 24 -26 26 -28 -29 29 -31
leaf_value=52295.588458684149 52614.902292014885 52880.892182642485 52298.284259748463 52441.180347963498 53116.683021985431 52806.808850789464 52290.035803804763 51973.349416498611 52508.565137418649 53097.83531997801 53235.043583893414 52920.74257523939 52435.648292937141 51959.248786572411 52897.155563484266 53069.270096231499 52530.518355314234 52798.549165088662 52628.750507704914 52706.490563850188 52130.830053012854 52627.672458047949 52511.107303898993 52392.067174591153 52316.434970083523 52124.939851025534 52019.999967880118 52780.109998458545 52278.280107772691 52139.140442945929
leaf_weight=24 72 30 345 171 130 288 95 266 57 114 672 195 160 33 37 275 208 142 66 242 27 223 45 260 159 88 64 21 100 23
leaf_count=24 72 30 345 171 130 288 95 266 57 114 672 195 160 33 37 275 208 142 66 242 27 223 45 260 159 88 64 21 100 23
internal_value=52653.7 52986.1 52330.3 52408.3 53155.8 52778.2 52331 52023 52536.6 53201.2 53215.9 52849.8 52370.2 52008.5 53034.1 53050.7 52490.2 52709.1 52724.1 52740.5 52277.7 52590.6 52608.1 52349.8 52363.4 52059.1 52080.8 52907.1 52230.4 52252.3
internal_weight=4632 2284 2348 1873 1258 1026 1169 475 704 916 802 504 674 451 342 305 379 522 450 384 495 325 268 514 419 185 152 216 150 123
internal_count=4632 2284 2348 1873 1258 1026 1169 475 704 916 802 504 674 451 342 305 379 522 450 384 495 325 268 514 419 185 152 216 150 123
is_linear=0
shrinkage=1


Tree=1
num_leaves=31
num_cat=0
split_feature=5 5 5 5 5 5 5 5 0 0 3 1 5 5 3 0 3 0 4 0 3 0 0 0 0 3 4 0 3 0
split_gain=1.79824e+11 2.39522e+10 2.18846e+10 6.27539e+09 5.88275e+09 1.9196e+09 1.52508e+09 7.48405e+08 5.01905e+08 5.50883e+08 4.95595e+08 4.00129e+08 2.80587e+08 2.48835e+08 2.31755e+08 2.16295e+08 2.0237e+08 2.2016e+08 1.98469e+08 1.9527e+08 1.90142e+08 1.82637e+08 1.7757e+08 2.68136e+08 1.45805e+08 1.40698e+08 1.33434e+08 1.2697e+08 1.26131e+08 1.26117e+08
threshold=53475.80000000001 45732.250000000007 59280.000000000007 49441.400000000009 42039.500000000007 61376.55000000001 57035.55000000001 51601.05000000001 14.500000000000002 9.5000000000000018 48013.850000000006 4.5000000000000009 55094.850000000006 40008.30000000001 46858.200000000004 4.5000000000000009 56998.600000000006 16.500000000000004 61354.350000000013 20.500000000000004 43779.700000000004 19.500000000000004 1.5000000000000002 18.500000000000004 4.5000000000000009 53584.950000000004 54088.05000000001 9.5000000000000018 58875.000000000007 18.500000000000004
decision_type=2 2 2 2 2 2 2 2 2 2 2 2 2 2 2 2 2 2 2 2 2 2 2 2 2 2 2 2 2 2
left_child=1 4 6 10 13 18 12 14 9 -7 22 -6 26 -1 -5 -9 -8 -18 -4 -12 -13 24 -3 -24 -16 -14 -2 -27 -29 -22
right_child=2 3 5 7 11 8 16 15 -10 -11 19 20 25 -15 21 -17 17 -19 -20 -21 29 -23 23 -25 -26 27 -28 28 -30 -31
leaf_value=-646.35092369595873 34.974267933798622 -344.6673263549805 345.89660167508919 -218.04380125748486 -337.57436386488814 439.81602332481975 200.39684402324536 -151.40267396406693 421.91070149739585 552.25852766491118 -173.36927063065738 -477.74060889710773 87.397514269991632 -566.15518059981503 -135.57496331230044 10.673898953646422 348.50254053043415 231.89034666498026 437.87216588462275 -251.60709459674891 -292.75151143391929 -153.2714382861034 -243.19513528997251 -329.29676053560701 -49.034536238697086 231.56438955630898 103.84981863872116 118.10076638534666 217.07920063817224 -416.10320443680041
leaf_weight=266 122 96 206 38 361 130 108 22 114 672 197 94 82 152 63 320 79 83 82 134 30 83 297 130 214 53 166 128 43 67
leaf_count=266 122 96 206 38 361 130 108 22 114 672 197 94 82 152 63 320 79 83 82 134 30 83 297 130 214 53 166 128 43 67
internal_value=-3.38821e-06 -279.786 346.891 -160.572 -475.689 484.678 154.882 -53.996 520.078 534.032 -252.921 -368.539 110.096 -617.189 -100.608 0.247921 253.413 288.757 372.084 -205.043 -427.063 -88.2115 -283.223 -269.409 -68.717 143.434 74.6734 163.947 142.99 -377.953
internal_weight=4632 2564 2068 1594 970 1204 864 740 916 802 854 552 594 418 398 342 270 162 288 331 191 360 523 427 277 306 288 224 171 97
internal_count=4632 2564 2068 1594 970 1204 864 740 916 802 854 552 594 418 398 342 270 162 288 331 191 360 523 427 277 306 288 224 171 97
is_linear=0
shrinkage=0.05


Tree=2
num_leaves=31
num_cat=0
split_feature=5 5 5 5 5 5 5 1 5 0 0 5 3 0 0 0 0 0 0 1 3 0 4 1 0 0 3 0 6 4
split_gain=1.62308e+11 2.6243e+10 1.83462e+10 6.06184e+09 2.25682e+09 1.64315e+09 7.83873e+08 6.31485e+08 5.70635e+08 4.52969e+08 4.97172e+08 4.00344e+08 2.98166e+08 2.79661e+08 3.45557e+08 2.6833e+08 3.31371e+08 2.53578e+08 2.45885e+08 2.7024e+08 2.17679e+08 2.23182e+08 2.15265e+08 1.52954e+08 1.3415e+08 1.83553e+08 1.3157e+08 1.25417e+08 1.21805e+08 1.56598e+08
threshold=52342.900000000009 58704.900000000009 42718.150000000001 48482.150000000009 61376.55000000001 55234.600000000013 45732.250000000007 4.5000000000000009 50040.950000000004 14.500000000000002 9.5000000000000018 57035.55000000001 48966.150000000009 2.5000000000000004 21.500000000000004 16.500000000000004 7.5000000000000009 5.5000000000000009 18.500000000000004 4.5000000000000009 48603.200000000004 19.500000000000004 48577.250000000007 4.5000000000000009 1.5000000000000002 18.500000000000004 56048.600000000006 9.5000000000000018 51196.885416666672 57044.950000000004
decision_type=2 2 2 2 2 2 2 2 2 2 2 2 2 2 2 2 2 2 2 2 2 2 2 2 2 2 2 2 2 2
left_child=2 5 7 6 15 17 23 -1 22 10 -6 28 24 -9 -15 16 -3 -2 19 -19 -10 -22 -5 -4 -8 -26 -13 -21 -7 -30
right_child=1 4 3 8 9 11 12 13 20 -11 -12 26 -14 14 -16 -17 -18 18 -20 27 21 -23 -24 -25 25 -27 -28 -29 29 -31
leaf_value=-319.53542277018232 -36.874318869908649 201.18738037109375 -320.7840979623104 -205.01618937889157 417.8252110877404 92.59761504192943 -328.44579859683392 -634.58350023674245 -137.35923686724033 400.81515556469299 524.64563449677973 174.76936393229167 -196.64036557197574 -509.71139736714343 -622.87661849555616 216.39591955236489 376.19234596946023 134.26802001738213 -24.962520238847446 -27.932245229085289 -28.091347030346 -130.47270408174884 -118.59438407052505 -381.26215250651046 -236.75841764009917 -304.95663095150354 256.73565492021277 64.583676067100569 130.01192775992462 226.70366762222784
leaf_weight=24 72 30 345 137 130 97 95 165 89 114 672 75 160 177 109 37 275 142 66 45 259 67 152 150 260 159 141 197 129 62
leaf_count=24 72 30 345 137 130 97 95 165 89 114 672 75 160 177 109 37 275 142 66 45 259 67 152 150 260 159 141 197 129 62
internal_value=3.10223e-06 300.093 -291.914 -221.53 453.154 112.423 -291.334 -569.448 -105.619 494.074 507.331 176.819 -256.246 -582.747 -552.841 343.553 358.979 50.2483 64.1879 79.5107 -68.0537 -49.1329 -159.563 -339.111 -274.801 -262.638 228.275 47.3803 138.226 161.399
internal_weight=4632 2284 2348 1873 1258 1026 1169 475 704 916 802 504 674 451 286 342 305 522 450 384 415 326 289 495 514 419 216 242 288 191
internal_count=4632 2284 2348 1873 1258 1026 1169 475 704 916 802 504 674 451 286 342 305 522 450 384 415 326 289 495 514 419 216 242 288 191
is_linear=0
shrinkage=0.05


Tree=3
num_leaves=31
num_cat=0
split_feature=5 5 5 5 5 5 5 5 5 1 5 4 3 0 0 5 3 0 0 1 0 0 3 0 0 0 0 0 0 0
split_gain=1.46515e+11 1.95306e+10 1.78121e+10 6.27867e+09 3.47002e+09 1.58221e+09 1.23827e+09 6.10726e+08 6.05686e+08 3.52825e+08 3.39528e+08 2.31642e+08 2.29459e+08 2.23818e+08 2.76505e+08 2.06329e+08 1.99672e+08 1.90023e+08 1.86343e+08 1.81468e+08 2.2028e+08 1.79326e+08 1.66847e+08 1.9104e+08 1.60694e+08 1.88821e+08 1.51419e+08 1.5033e+08 1.27855e+08 1.22821e+08
threshold=53475.80000000001 44900.05000000001 59280.000000000007 49441.400000000009 42039.500000000007 62284.650000000001 57035.55000000001 51601.05000000001 47441.150000000001 4.5000000000000009 60871.150000000009 47396.350000000013 53584.950000000004 14.500000000000002 10.500000000000002 40008.30000000001 46858.200000000004 18.500000000000004 4.5000000000000009 4.5000000000000009 17.500000000000004 1.5000000000000002 56998.600000000006 16.500000000000004 8.5000000000000018 15.500000000000002 19.500000000000004 13.500000000000002 6.5000000000000009 4.5000000000000009
decision_type=2 2 2 2 2 2 2 2 2 2 2 2 2 2 2 2 2 2 2 2 2 2 2 2 2 2 2 2 2 2
left_child=1 4 6 8 15 10 12 16 21 -6 -4 -10 -2 14 -7 -1 -5 19 -9 20 28 -3 -8 -24 -12 -26 29 -16 -14 -18
right_child=2 3 5 7 9 13 22 18 11 -11 24 -13 17 -15 27 -17 26 -19 -20 -21 -22 -23 23 -25 25 -27 -28 -29 -30 -31
leaf_value=-583.68392434944781 58.578782682374879 -321.61565976350204 318.02891009295428 -199.82332824405873 -308.87694807682794 437.45365379539703 180.5405993567573 -140.47004512440074 -232.38866669320819 -406.92492342862215 313.71089874267579 -157.50011160934028 108.80666345449595 389.888411925269 523.31424153645833 -510.65831330951892 -122.92451105874682 -16.147759495610778 9.9664203864336027 86.841070522981539 105.84329319000244 -256.8355080191227 316.42610079608386 207.79926276149524 444.87288222894443 308.4416491699219 -138.55158127934101 457.70455017089847 234.37750058381454 -43.497207884476566
leaf_weight=266 217 138 216 38 227 185 108 22 197 154 40 217 26 61 396 152 63 23 320 136 100 473 79 83 164 30 83 112 92 214
leaf_count=266 217 138 216 38 227 185 108 22 197 154 40 217 26 61 396 152 63 23 320 136 100 473 79 83 164 30 83 112 92 214
internal_value=2.25289e-06 -252.548 313.12 -159.7 -457.649 437.427 139.896 -48.7119 -239.829 -348.508 363.234 -193.135 99.5398 481.708 489.79 -557.129 -90.8184 123.117 0.289221 132.165 160.441 -271.467 228.679 260.772 404.961 423.775 -79.3123 508.849 206.709 -61.5619
internal_weight=4632 2564 2068 1765 799 1204 864 740 1025 381 450 414 594 754 693 418 398 377 342 354 218 611 270 162 234 194 360 508 118 277
internal_count=4632 2564 2068 1765 799 1204 864 740 1025 381 450 414 594 754 693 418 398 377 342 354 218 611 270 162 234 194 360 508 118 277
is_linear=0
shrinkage=0.05


Tree=4
num_leaves=31
num_cat=0
split_feature=5 5 5 5 5 5 5 1 0 0 5 3 0 4 0 0 0 0 3 0 0 1 0 1 6 0 0 0 0 1
split_gain=1.32267e+11 2.13726e+10 1.49661e+10 4.93874e+09 1.8301e+09 1.34138e+09 8.55887e+08 5.32232e+08 3.75067e+08 4.17566e+08 3.19194e+08 3.15359e+08 2.70834e+08 2.52686e+08 2.40482e+08 2.95864e+08 2.31819e+08 2.87303e+08 2.27413e+08 2.18055e+08 2.09981e+08 2.32103e+08 1.54953e+08 1.21877e+08 1.20068e+08 1.83492e+08 1.1755e+08 1.27473e+08 1.10727e+08 1.10059e+08
threshold=52342.900000000009 58704.900000000009 42718.150000000001 49071.600000000013 61376.55000000001 55234.600000000013 46869.450000000004 4.5000000000000009 14.500000000000002 9.5000000000000018 57035.55000000001 47625.500000000007 19.500000000000004 47762.700000000004 2.5000000000000004 21.500000000000004 16.500000000000004 7.5000000000000009 46157.450000000004 5.5000000000000009 18.500000000000004 4.5000000000000009 4.5000000000000009 4.5000000000000009 48986.137500000004 16.500000000000004 21.500000000000004 2.5000000000000004 9.5000000000000018 4.5000000000000009
decision_type=2 2 2 2 2 2 2 2 2 2 2 2 2 2 2 2 2 2 2 2 2 2 2 2 2 2 2 2 2 2
left_child=2 5 7 6 16 19 18 -1 9 -6 -7 -5 22 26 -9 -16 17 -3 29 -2 21 -21 -13 -12 25 -24 27 -8 -23 -4
right_child=1 4 3 11 8 10 13 14 -10 -11 23 12 -14 -15 15 -17 -18 -19 -20 20 -22 28 24 -25 -26 -27 -28 -29 -30 -31
leaf_value=-284.75178426106771 -35.426273624102279 177.74718282063805 -295.85132377336117 -162.59434552433515 375.91610858623801 125.26277213311857 -270.21257435191762 -574.4632831735322 361.0190855862802 473.81172129313154 217.99423756623878 -115.87715732029505 -131.01944957991779 -162.66014642122261 -458.75437115168171 -563.46712075329708 192.14464853647596 340.70045139382103 -258.57620063278944 123.19687915452769 -24.094622244979398 -28.091617071363665 -36.990111708395261 91.219812084379654 -5.3959586785864957 -186.56490408090445 -293.89238619290865 -191.33533093882545 58.837602720405847 -350.75387101711186
leaf_weight=24 72 30 291 99 130 288 77 165 114 672 195 63 118 209 177 109 37 275 349 142 66 45 97 21 193 26 65 153 197 133
leaf_count=24 72 30 291 99 130 288 77 165 114 672 195 63 118 209 177 109 37 275 349 142 66 45 97 21 193 26 65 153 197 133
internal_value=3.02944e-07 270.902 -263.518 -199.948 409.031 101.54 -255.416 -514.185 445.881 457.943 159.723 -81.1033 -64.8706 -204.722 -526.394 -498.662 310.334 324.672 -288.468 45.3638 58.2902 72.4501 -44.2755 205.669 -30.0005 -68.6075 -234.521 -217.742 42.6731 -313.073
internal_weight=4632 2284 2348 1873 1258 1026 1277 475 916 802 504 596 497 504 451 286 342 305 773 522 450 384 379 216 316 123 295 230 242 424
internal_count=4632 2284 2348 1873 1258 1026 1277 475 916 802 504 596 497 504 451 286 342 305 773 522 450 384 379 216 316 123 295 230 242 424
is_linear=0
shrinkage=0.05


Tree=5
num_leaves=31
num_cat=0
split_feature=5 5 5 5 5 5 5 5 5 5 3 0 1 3 3 1 3 3 0 0 0 0 0 0 4 0 0 0 0 3
split_gain=1.19376e+11 1.60852e+10 1.50899e+10 6.00795e+09 1.29778e+09 1.18252e+09 7.03232e+08 6.84456e+08 5.40585e+08 2.81229e+08 2.62501e+08 2.15795e+08 2.15557e+08 2.14149e+08 2.11194e+08 2.05232e+08 2.03808e+08 1.86203e+08 1.83914e+08 1.81307e+08 1.80858e+08 2.34969e+08 1.79913e+08 1.70483e+08 1.60882e+08 1.55009e+08 1.96796e+08 1.35673e+08 1.29775e+08 1.1117e+08
threshold=53077.450000000004 59280.000000000007 43102.30000000001 49071.600000000013 62284.650000000001 56844.450000000004 47003.200000000004 41341.700000000004 51230.150000000009 60619.850000000013 50639.80000000001 18.500000000000004 4.5000000000000009 51793.000000000007 56998.600000000006 4.5000000000000009 46941.350000000013 46672.350000000006 8.5000000000000018 15.500000000000002 14.500000000000002 10.500000000000002 16.500000000000004 4.5000000000000009 56844.450000000004 21.500000000000004 2.5000000000000004 13.500000000000002 19.500000000000004 54865.900000000009
decision_type=2 2 2 2 2 2 2 2 2 2 2 2 2 2 2 2 2 2 2 2 2 2 2 2 2 2 2 2 2 2
left_child=2 5 7 6 9 10 16 -1 17 -3 -2 15 -9 25 -7 24 -4 -5 -11 -20 21 -6 -16 -10 -12 26 -8 -23 -25 -19
right_child=1 4 3 8 20 14 13 12 23 18 11 -13 -14 -15 22 -17 -18 29 19 -21 -22 27 -24 28 -26 -27 -28 -29 -30 -31
leaf_value=-514.35724411222088 -16.70738713145256 279.17259140014647 -287.48468286614673 -191.90739059448242 393.90120968380489 151.06954788033289 -264.00663096110026 -286.52303842397839 -129.86714761010532 273.29574975585939 105.6097177970355 -21.829393959045412 -422.85630055655423 -87.85923862033421 289.00926740692887 64.0186220838862 -233.00436812999638 -96.14572840864696 401.25322695257944 284.6875783036395 352.34303598872953 473.457939379143 187.41437455043999 6.4959821665452582 192.22044692778252 -275.62441829558344 -171.61843955030079 411.12872663225448 -110.14416321974534 -0.97984567740384287
leaf_weight=361 64 180 513 48 185 131 72 39 29 50 219 40 113 45 82 236 258 315 179 41 61 396 93 288 71 62 289 112 26 34
leaf_count=361 64 180 513 48 185 131 72 39 29 50 219 40 113 45 82 236 258 315 179 41 61 396 93 288 71 62 289 112 26 34
internal_value=1.89159e-06 273.913 -235.222 -172.579 394.778 118.441 -239.906 -476.881 -59.8511 327.583 79.2732 90.1261 -387.876 -191.557 199.08 98.6399 -269.254 -99.5737 359.857 379.53 434.881 442.146 235.019 -13.8748 126.814 -202.588 -190.045 459.716 -3.16212 -86.8746
internal_weight=4632 2140 2492 1979 1204 936 1239 513 740 450 630 566 152 468 306 526 771 397 270 220 754 693 175 343 290 423 361 508 314 349
internal_count=4632 2140 2492 1979 1204 936 1239 513 740 450 630 566 152 468 306 526 771 397 270 220 754 693 175 343 290 423 361 508 314 349
is_linear=0
shrinkage=0.05


Tree=6
num_leaves=31
num_cat=0
split_feature=5 5 5 5 5 5 5 1 4 0 0 1 0 0 3 0 0 3 0 0 0 1 3 3 3 0 0 0 0 0
split_gain=1.07772e+11 1.74128e+10 1.21982e+10 4.02792e+09 1.48339e+09 1.09649e+09 5.50641e+08 4.41369e+08 4.04425e+08 3.11242e+08 3.50198e+08 2.78172e+08 2.98873e+08 3.61746e+08 2.25665e+08 2.10844e+08 2.57903e+08 2.04634e+08 2.23173e+08 1.83384e+08 1.74505e+08 1.94338e+08 1.52863e+08 1.37545e+08 1.1479e+08 1.1032e+08 1.07247e+08 9.74029e+07 9.66985e+07 9.26716e+07
threshold=52342.900000000009 58704.900000000009 42718.150000000001 48482.150000000009 61376.55000000001 55234.600000000013 45732.250000000007 4.5000000000000009 49319.400000000001 14.500000000000002 9.5000000000000018 4.5000000000000009 17.500000000000004 6.5000000000000009 48966.150000000009 2.5000000000000004 21.500000000000004 60101.30000000001 15.500000000000002 5.5000000000000009 18.500000000000004 4.5000000000000009 47486.000000000007 46858.200000000004 41813.500000000007 15.500000000000002 8.5000000000000018 9.5000000000000018 7.5000000000000009 1.5000000000000002
decision_type=2 2 2 2 2 2 2 2 2 2 2 2 2 2 2 2 2 2 2 2 2 2 2 2 2 2 2 2 2 2
left_child=2 5 7 6 17 19 24 -1 22 10 -6 12 13 -7 29 -9 -17 28 -19 -2 21 -21 -5 -10 -4 26 -25 -23 -3 -8
right_child=1 4 3 8 9 11 14 15 23 -11 -12 -13 -14 -15 -16 16 -18 18 -20 20 -22 27 -24 25 -26 -27 -28 -29 -30 -31
leaf_value=-255.23872985839844 -33.215206294920712 157.25954859415691 -348.46499310661767 -189.74805121887022 338.25683481069717 85.91845174389826 -268.69895096628289 -520.29950594815341 -152.91805234966856 325.08316254197507 427.90834383283345 72.289878465994363 77.722594758021984 214.03493563024008 -156.11492033958436 -412.06321345614856 -509.82774893384459 371.66948134872945 262.38590030670167 112.07188255585416 -22.375274678884132 -27.980738321940109 -108.74348700888716 -43.57058370378283 -269.26097329801269 -74.085826273389316 37.975167211358034 53.550529660549266 257.22042872314455 -214.00287127119259
leaf_weight=24 72 30 51 82 130 71 95 165 33 114 672 106 81 246 160 177 109 91 96 142 66 45 201 144 444 188 56 197 125 419
leaf_count=24 72 30 51 82 130 71 95 165 33 114 672 106 81 246 160 177 109 91 96 142 66 45 201 144 444 188 56 197 125 419
internal_value=1.44045e-06 244.534 -237.869 -180.477 369.212 91.6641 -237.379 -464.172 -85.9926 402.388 413.376 144.268 163.438 185.34 -207.97 -475.29 -449.323 280.355 315.567 40.8741 52.7284 65.6368 -132.215 -54.9216 -277.421 -46.5868 -20.7378 38.3898 237.873 -224.112
internal_weight=4632 2284 2348 1873 1258 1026 1169 475 704 916 802 504 398 317 674 451 286 342 187 522 450 384 283 421 495 388 200 242 155 514
internal_count=4632 2284 2348 1873 1258 1026 1169 475 704 916 802 504 398 317 674 451 286 342 187 522 450 384 283 421 495 388 200 242 155 514
is_linear=0
shrinkage=0.05


Tree=7
num_leaves=31
num_cat=0
split_feature=5 5 5 5 5 5 5 5 5 1 3 0 4 0 0 0 3 0 0 5 0 0 3 0 0 3 3 0 0 3
split_gain=9.72878e+10 1.3106e+10 1.18436e+10 4.23927e+09 2.15359e+09 1.4217e+09 5.21139e+08 4.11265e+08 4.1118e+08 2.46784e+08 1.99239e+08 2.38481e+08 1.8323e+08 1.73137e+08 2.17778e+08 1.7022e+08 1.69574e+08 1.53263e+08 2.74237e+08 1.48804e+08 1.36864e+08 1.35667e+08 1.3906e+08 1.31447e+08 1.20027e+08 1.20026e+08 9.84976e+07 9.77999e+07 9.59781e+07 8.54186e+07
threshold=53475.80000000001 44844.000000000007 60236.55000000001 49441.400000000009 42039.500000000007 57035.55000000001 62284.650000000001 47379.05000000001 51230.150000000009 4.5000000000000009 57461.400000000009 16.500000000000004 47396.350000000013 8.5000000000000018 15.500000000000002 4.5000000000000009 53584.950000000004 13.500000000000002 10.500000000000002 39752.250000000007 1.5000000000000002 8.5000000000000018 58875.000000000007 19.500000000000004 9.5000000000000018 46672.350000000006 42730.000000000007 7.5000000000000009 6.5000000000000009 50540.250000000007
decision_type=2 2 2 2 2 2 2 2 2 2 2 2 2 2 2 2 2 2 2 2 2 2 2 2 2 2 2 2 2 2
left_child=1 4 5 7 19 16 13 20 25 -6 24 -12 -9 -4 -15 -10 -2 18 -8 -1 -3 28 -23 -17 27 -5 -21 -7 -18 -22
right_child=2 3 6 8 9 10 17 12 15 -11 11 -13 -14 14 -16 23 21 -19 -20 26 29 22 -24 -25 -26 -27 -28 -29 -30 -31
leaf_value=-478.8922304964259 46.155131053485086 -265.12403816276498 242.39210902622767 -176.8970032755534 -252.55334794464835 158.17060021431217 354.65222042599243 -192.22098564298815 -119.21740567607264 -336.27802055308365 271.1372072155844 169.76076366223788 -127.06040524923215 359.15741971020634 249.29859840129984 10.788195292010716 86.583192077049844 351.29817850631099 428.38959473889281 -440.55218265563485 -215.58268781515949 70.182035479780112 154.5856396589123 -101.72579994201661 74.366887719703456 -71.923884943865119 -353.74558577104051 267.86502122145436 206.76996546206271 -137.38351083052785
leaf_weight=247 217 143 63 30 211 93 185 209 31 151 149 95 223 203 58 356 26 173 396 127 431 244 61 28 33 295 44 26 46 38
leaf_count=247 217 143 63 30 211 93 185 209 31 151 149 95 223 203 58 356 26 173 396 127 431 244 61 28 33 295 44 26 46 38
internal_value=-1.97629e-06 -205.793 255.152 -131.046 -376.754 130.29 369.821 -195.937 -39.4972 -287.477 203.675 231.667 -158.585 316.787 334.744 -6.51437 81.3677 392.609 404.91 -454.07 -222.303 101.636 87.0628 2.58405 158.74 -81.6137 -418.216 182.137 163.369 -209.247
internal_weight=4632 2564 2068 1784 780 990 1078 1044 740 362 396 244 432 324 261 415 594 754 581 418 612 377 305 384 152 325 171 119 72 469
internal_count=4632 2564 2068 1784 780 990 1078 1044 740 362 396 244 432 324 261 415 594 754 581 418 612 377 305 384 152 325 171 119 72 469
is_linear=0
shrinkage=0.05


Tree=8
num_leaves=31
num_cat=0
split_feature=5 5 5 5 5 5 5 1 0 0 4 1 0 0 3 0 0 0 4 0 0 3 0 3 6 0 0 1 0 0
split_gain=8.78222e+10 1.41776e+10 9.94928e+09 3.28279e+09 1.21377e+09 9.01551e+08 5.8229e+08 3.68641e+08 2.86195e+08 3.94119e+08 2.28545e+08 2.28163e+08 2.51664e+08 2.96201e+08 2.18013e+08 2.12333e+08 1.80816e+08 2.19932e+08 1.59527e+08 1.49174e+08 1.83545e+08 1.41645e+08 1.11053e+08 9.55187e+07 9.54218e+07 1.5701e+08 8.98467e+07 8.76215e+07 8.40294e+07 7.62107e+07
threshold=52342.900000000009 58704.900000000009 42718.150000000001 49071.600000000013 61035.450000000004 55234.600000000013 46237.650000000009 4.5000000000000009 14.500000000000002 9.5000000000000018 47477.05000000001 4.5000000000000009 17.500000000000004 6.5000000000000009 47867.950000000004 19.500000000000004 2.5000000000000004 21.500000000000004 54088.05000000001 16.500000000000004 7.5000000000000009 43905.450000000004 4.5000000000000009 51936.05000000001 48986.137500000004 16.500000000000004 8.5000000000000018 1.0000000180025095e-35 15.500000000000002 1.5000000000000002
decision_type=2 2 2 2 2 2 2 2 2 2 2 2 2 2 2 2 2 2 2 2 2 2 2 2 2 2 2 2 2 2
left_child=2 5 7 6 19 18 21 -1 9 26 -8 12 13 -7 -5 22 -9 -18 27 20 -3 -4 -16 -12 25 -24 -6 -2 -10 -23
right_child=1 4 3 14 8 11 10 16 28 -11 23 -13 -14 -15 15 -17 17 -19 -20 -21 -22 29 24 -25 -26 -27 -28 -29 -30 -31
leaf_value=-228.1625905354818 60.158090880711875 140.87865414937338 -284.97347592347421 -126.86595204240184 238.57101925936615 77.998047408923298 -200.51092900690045 -470.94983990293559 316.33225292968751 387.3961921253682 -150.72065437486782 65.315349424110266 69.209733901494815 193.92806814782989 -100.37721425972734 -109.51326208196136 -370.81373839297544 -461.09496062392492 62.945342943798416 149.38597486341322 272.68061586958254 -259.90508779606347 -25.583730736184631 -56.239562966028849 1.2888743754437098 -164.41069441575272 323.00147562112898 -9.2847434759140022 227.24741923014324 -216.25390645766402
leaf_weight=24 60 30 149 118 44 71 371 165 100 679 247 106 81 246 51 117 177 109 275 37 221 142 94 30 190 26 111 187 36 338
leaf_count=24 60 30 149 118 44 71 371 165 100 679 247 106 81 246 51 117 177 109 275 37 221 142 94 30 190 26 111 187 36 338
internal_value=1.07529e-06 220.744 -214.727 -162.895 333.245 82.8039 -208.118 -419.107 360.007 370.974 -174.853 130.503 147.865 167.963 -66.0019 -50.9769 -429.269 -405.222 36.7494 243.111 256.927 -242.387 -32.0053 -140.488 -20.757 -55.6629 299.034 7.58396 292.751 -229.167
internal_weight=4632 2284 2348 1873 1258 1026 1277 475 970 834 648 504 398 317 596 478 451 286 522 288 251 629 361 277 310 120 155 247 136 480
internal_count=4632 2284 2348 1873 1258 1026 1277 475 970 834 648 504 398 317 596 478 451 286 522 288 251 629 361 277 310 120 155 247 136 480
is_linear=0
shrinkage=0.05


Tree=9
num_leaves=31
num_cat=0
split_feature=5 5 5 5 5 5 5 3 5 1 0 0 3 3 0 0 0 3 0 3 0 1 5 0 0 0 0 4 0 0
split_gain=7.93165e+10 1.08727e+10 9.38732e+09 3.55053e+09 1.74177e+09 1.10155e+09 4.2261e+08 3.52412e+08 3.50976e+08 2.11114e+08 2.08357e+08 2.30682e+08 1.78824e+08 1.66019e+08 1.98423e+08 1.5688e+08 2.02743e+08 1.46622e+08 1.51558e+08 1.45361e+08 1.35237e+08 1.31554e+08 1.26609e+08 1.24694e+08 2.30496e+08 1.14659e+08 1.0875e+08 1.02041e+08 9.88487e+07 9.17546e+07
threshold=53584.950000000004 44844.000000000007 60236.55000000001 49441.400000000009 42039.500000000007 57035.55000000001 62378.400000000001 50639.80000000001 51230.150000000009 4.5000000000000009 1.5000000000000002 17.500000000000004 45623.950000000004 57461.400000000009 16.500000000000004 8.5000000000000018 15.500000000000002 51539.950000000004 18.500000000000004 48781.350000000013 2.5000000000000004 4.5000000000000009 39087.900000000009 13.500000000000002 10.500000000000002 19.500000000000004 3.5000000000000004 57182.500000000007 9.5000000000000018 20.500000000000004
decision_type=2 2 2 2 2 2 2 2 2 2 2 2 2 2 2 2 2 2 2 2 2 2 2 2 2 2 2 2 2 2
left_child=1 4 5 7 22 17 15 10 26 -6 -3 12 -12 28 -15 -4 -17 -2 21 -10 -14 27 -1 24 -8 -21 -5 -19 -7 -28
right_child=2 3 6 8 9 13 23 -9 19 -11 11 -13 20 14 -16 16 -18 18 -20 25 -22 -23 -24 -25 -26 -27 29 -29 -30 -31
leaf_value=-439.98799907483556 13.029228810322138 -238.92208372516399 217.29777755737305 -171.84225146953878 -227.72209349718142 163.93570733591289 318.80934982730849 -98.598928717365425 -83.429427055212173 -305.15986061348821 -190.60268266976598 -206.15974989114488 -198.07412211100262 245.27577376397664 152.80474508084748 326.2874164459368 221.85925324003574 97.14803215545767 -23.328076534271244 13.415410659215269 -104.19279028520535 60.910888631828129 -384.72346515320896 316.85755837180403 387.49797474817581 -91.700785372938427 -57.425112683506228 167.48757115101469 66.133927456899116 -163.51362524899571
leaf_weight=190 81 162 64 26 211 119 177 127 52 151 166 350 48 149 95 219 59 204 30 353 191 192 228 165 394 28 277 69 33 22
leaf_count=190 81 162 64 26 211 119 177 127 52 151 166 350 48 149 95 219 59 204 30 353 191 192 228 165 394 28 277 69 33 22
internal_value=2.76746e-07 -184.36 232.204 -116.856 -340.312 119.525 333.802 -176.659 -34.4885 -260.023 -187.47 -176.43 -150.737 183.72 209.273 287.876 304.125 75.3911 85.5957 -5.01227 -123.048 92.6231 -409.844 355.143 366.206 5.69034 -73.7599 114.926 142.702 -65.231
internal_weight=4632 2582 2050 1802 780 972 1078 1044 758 362 917 755 405 396 244 342 278 576 495 433 239 465 418 736 571 381 325 273 152 299
internal_count=4632 2582 2050 1802 780 972 1078 1044 758 362 917 755 405 396 244 342 278 576 495 433 239 465 418 736 571 381 325 273 152 299
is_linear=0
shrinkage=0.05


Tree=10
num_leaves=31
num_cat=0
split_feature=5 5 5 5 5 5 5 3 5 1 3 0 0 4 0 0 6 0 0 0 0 0 5 3 0 0 0 0 0 3
split_gain=7.15832e+10 9.81438e+09 8.47205e+09 3.13697e+09 1.64951e+09 9.94149e+08 3.81516e+08 3.20388e+08 3.16756e+08 1.96141e+08 1.49833e+08 1.79077e+08 1.36642e+08 1.33196e+08 1.30846e+08 1.62739e+08 1.22013e+08 1.2057e+08 1.5884e+08 1.2028e+08 2.13839e+08 1.14832e+08 1.14428e+08 1.05955e+08 1.10047e+08 9.81465e+07 9.78457e+07 8.92109e+07 8.28086e+07 8.21839e+07
threshold=53584.950000000004 44900.05000000001 60236.55000000001 49441.400000000009 42039.500000000007 57035.55000000001 62284.650000000001 48013.850000000006 51230.150000000009 4.5000000000000009 57461.400000000009 16.500000000000004 4.5000000000000009 54088.05000000001 8.5000000000000018 15.500000000000002 54552.554166666669 1.5000000000000002 17.500000000000004 13.500000000000002 10.500000000000002 21.500000000000004 39752.250000000007 44423.650000000001 2.5000000000000004 3.5000000000000004 19.500000000000004 9.5000000000000018 20.500000000000004 42730.000000000007
decision_type=2 2 2 2 2 2 2 2 2 2 2 2 2 2 2 2 2 2 2 2 2 2 2 2 2 2 2 2 2 2
left_child=1 4 5 7 22 13 14 17 25 -6 27 -12 -10 -2 -4 -16 -15 -3 23 20 -8 -9 -1 -19 -25 -5 -14 -7 -27 -24
right_child=2 3 6 8 9 10 19 21 12 -11 11 -13 26 16 15 -17 -18 18 -20 -21 -22 -23 29 24 -26 28 -28 -29 -30 -31
leaf_value=-411.11845208913212 39.153162210244759 -226.42212624800834 207.0619620186942 -163.25014002873348 -215.96581906222036 155.73892070866432 303.12787267736485 -117.27036841144781 -105.9079572616085 -289.07020140808902 233.01198876656142 145.16450906954316 9.7876762858049133 61.400766631427565 308.45030415351755 213.48303790914602 118.68463208544387 -204.40070892333983 -211.70586294065484 300.01353932639768 368.24088177921794 -200.43271611531577 -378.31320618156377 -186.70198213601415 -115.00923143180022 -54.553857519566378 -87.1157458305359 62.827231729391855 -155.33795134804467 -299.02052307128906
leaf_weight=247 204 152 63 26 227 119 185 307 31 154 149 95 374 190 203 58 182 80 193 173 396 48 127 79 166 277 28 33 22 44
leaf_count=247 204 152 63 26 227 119 185 307 31 154 149 95 374 190 203 58 182 80 193 173 396 48 127 79 166 277 28 33 22 44
internal_value=1.50625e-07 -175.142 220.593 -109.886 -320.763 113.549 317.112 -166.918 -32.7641 -245.515 174.534 198.809 -4.76166 71.6215 271.736 287.346 89.4267 -187.266 -175.777 336.611 347.508 -128.515 -389.352 -154.44 -138.126 -70.0719 3.03818 135.567 -61.9694 -357.91
internal_weight=4632 2582 2050 1783 799 972 1078 1025 758 381 396 244 433 576 324 261 372 670 518 754 581 355 418 325 245 325 402 152 299 171
internal_count=4632 2582 2050 1783 799 972 1078 1025 758 381 396 244 433 576 324 261 372 670 518 754 581 355 418 325 245 325 402 152 299 171
is_linear=0
shrinkage=0.05


Tree=11
num_leaves=31
num_cat=0
split_feature=5 5 5 5 5 5 5 1 3 0 0 3 0 0 1 3 4 0 4 0 0 0 0 3 3 0 0 0 6 0
split_gain=6.46179e+10 1.04268e+10 7.33512e+09 2.42469e+09 8.93189e+08 6.71531e+08 3.30592e+08 2.8914e+08 2.60347e+08 2.30657e+08 2.70617e+08 1.86269e+08 2.28707e+08 1.68202e+08 1.64824e+08 1.54738e+08 1.52135e+08 1.49791e+08 1.42504e+08 1.04952e+08 1.37401e+08 9.74434e+07 8.83004e+07 8.70236e+07 8.66261e+07 8.49898e+07 8.24094e+07 1.47261e+08 8.19091e+07 8.00569e+07
threshold=52342.900000000009 58704.900000000009 42718.150000000001 48482.150000000009 60871.150000000009 55094.850000000006 45732.250000000007 4.5000000000000009 47625.500000000007 8.5000000000000018 14.500000000000002 53867.05000000001 17.500000000000004 20.500000000000004 4.5000000000000009 48966.150000000009 49633.650000000009 10.500000000000002 54256.100000000013 7.5000000000000009 16.500000000000004 1.5000000000000002 13.500000000000002 41813.500000000007 54666.850000000006 22.500000000000004 15.500000000000002 4.5000000000000009 54689.802083333336 15.500000000000002
decision_type=2 2 2 2 2 2 2 2 2 2 2 2 2 2 2 2 2 2 2 2 2 2 2 2 2 2 2 2 2 2
left_child=2 5 7 6 19 18 23 -1 -5 -6 17 -7 14 24 -13 -8 21 -11 -2 -3 -21 -9 -19 -4 26 -23 27 -10 -20 -12
right_child=1 4 3 8 9 11 15 16 13 10 29 12 -14 -15 -16 -17 -18 22 28 20 -22 25 -24 -25 -26 -27 -28 -29 -30 -31
leaf_value=-190.56912689208986 2.7675925506512646 117.06320849100749 -276.71546846277573 -127.13381205619652 200.94227733612061 59.200909304254836 -174.41098167998319 -417.34533158735798 -86.672510621896606 292.44140027003732 273.02895392651828 167.08010572007868 54.984426985468183 -146.1976311971975 77.402252988815306 -118.10474574804307 -266.97377965590533 350.75829709555217 37.14686697145526 232.14869516410081 126.1978623284234 -350.20848640562997 304.0613023444788 -207.75270428442741 4.9165523553196389 -418.81114879261372 -75.664176968097692 -4.1796079887534088 98.322572219070011 189.24360390687602
leaf_weight=24 247 30 51 141 48 131 514 110 82 247 106 242 84 43 65 160 34 414 178 204 36 252 134 444 79 55 200 159 79 39
leaf_count=24 247 30 51 141 48 131 514 110 82 247 106 242 84 43 65 160 34 414 178 204 36 252 134 444 79 55 200 159 79 39
internal_value=-1.04746e-06 189.349 -184.188 -139.683 285.828 71.0544 -183.831 -359.676 -66.3757 307.852 313.311 110.802 128.09 -51.1592 148.093 -161.045 -368.675 324.769 29.8873 205.235 216.256 -376.967 339.34 -214.858 -43.3003 -362.499 -51.9377 -32.2477 55.9519 250.494
internal_weight=4632 2284 2348 1873 1258 1026 1169 475 704 988 940 522 391 563 307 674 451 795 504 270 240 417 548 495 520 307 441 241 257 145
internal_count=4632 2284 2348 1873 1258 1026 1169 475 704 988 940 522 391 563 307 674 451 795 504 270 240 417 548 495 520 307 441 241 257 145
is_linear=0
shrinkage=0.05


Tree=12
num_leaves=31
num_cat=0
split_feature=5 5 5 5 5 5 0 0 5 3 1 0 0 0 3 0 3 0 3 0 3 1 0 4 0 0 0 3 0 0
split_gain=5.83503e+10 8.00865e+09 6.8902e+09 2.60917e+09 1.27523e+09 8.08399e+08 3.1734e+08 3.9095e+08 2.9825e+08 2.73483e+08 2.00408e+08 1.48186e+08 1.7007e+08 1.4386e+08 1.34018e+08 1.49811e+08 1.23235e+08 1.72315e+08 1.22292e+08 1.26714e+08 1.15977e+08 1.02084e+08 1.01586e+08 8.76634e+07 8.67908e+07 8.15316e+07 1.39167e+08 8.06079e+07 9.35885e+07 7.84828e+07
threshold=53584.950000000004 44844.000000000007 60236.55000000001 49264.55000000001 41825.500000000007 57035.55000000001 8.5000000000000018 14.500000000000002 51230.150000000009 50639.80000000001 4.5000000000000009 1.5000000000000002 17.500000000000004 10.500000000000002 44423.650000000001 2.5000000000000004 56356.600000000013 16.500000000000004 51539.950000000004 18.500000000000004 48781.350000000013 4.5000000000000009 3.5000000000000004 49633.650000000009 19.500000000000004 17.500000000000004 6.5000000000000009 41564.05000000001 19.500000000000004 15.500000000000002
decision_type=2 2 2 2 2 2 2 2 2 2 2 2 2 2 2 2 2 2 2 2 2 2 2 2 2 2 2 2 2 2
left_child=1 4 5 9 23 18 -4 13 22 11 -6 -3 14 -8 -13 -16 -7 -18 -2 21 -10 25 -5 -1 -22 26 -20 -12 -29 -9
right_child=2 3 6 8 10 16 7 29 20 -11 27 12 -14 -15 15 -17 17 -19 19 -21 24 -23 -24 -25 -26 -27 -28 28 -30 -31
leaf_value=-360.10639946327922 7.8664082176891377 -206.24241300983195 184.03914494044346 -152.50209463796307 -194.51284190828557 114.02081415922747 278.09674483034547 252.62637905273436 -74.4656302855565 -81.36967633428246 -324.79435221354169 -186.64061246780028 -178.73589606766055 323.03031835141388 -172.46324960894702 -93.182658366831618 205.47814476530431 124.38551996121039 72.070451612472539 -25.4575567595164 11.859392086912486 52.629486151163782 -57.834250312573978 -257.42693037553266 -79.594638798492298 63.697626755675493 161.57612250880192 -211.83265828450521 -301.82003147855715 185.55838541059353
leaf_weight=377 81 162 71 31 214 115 263 125 52 116 45 83 347 552 82 218 177 104 80 30 353 192 330 22 28 98 95 75 47 67
leaf_count=377 81 162 71 31 214 115 263 125 52 116 45 83 347 552 82 218 177 104 80 30 353 192 330 22 28 98 95 75 47 67
internal_value=-9.7464e-07 -158.127 199.163 -100.192 -291.972 102.628 286.206 293.409 -32.4022 -153.59 -226.547 -162.982 -153.381 308.53 -130.41 -114.853 157.622 175.465 64.8195 74.1391 -4.42147 80.5647 -65.9636 -354.445 5.13836 100.211 120.659 -267.597 -246.5 229.222
internal_weight=4632 2582 2050 1802 780 972 1078 1007 794 1008 381 892 730 815 383 300 396 281 576 495 433 465 361 399 381 273 175 167 122 192
internal_count=4632 2582 2050 1802 780 972 1078 1007 794 1008 381 892 730 815 383 300 396 281 576 495 433 465 361 399 381 273 175 167 122 192
is_linear=0
shrinkage=0.05


Tree=13
num_leaves=31
num_cat=0
split_feature=5 5 5 5 5 5 0 0 3 3 1 0 0 0 3 0 3 0 0 0 1 3 0 0 0 0 0 0 0 3
split_gain=5.26611e+10 7.2278e+09 6.21841e+09 2.35503e+09 1.1509e+09 7.2958e+08 2.86399e+08 3.52833e+08 2.55505e+08 2.47184e+08 1.80868e+08 1.45447e+08 1.73861e+08 1.34522e+08 1.30968e+08 1.29833e+08 1.17043e+08 1.34572e+08 1.1234e+08 1.05875e+08 1.25308e+08 1.01454e+08 1.21868e+08 1.113e+08 9.80566e+07 9.41616e+07 1.11703e+08 8.53513e+07 1.17649e+08 8.40971e+07
threshold=53584.950000000004 44844.000000000007 60236.55000000001 49441.400000000009 41825.500000000007 57035.55000000001 8.5000000000000018 14.500000000000002 52287.600000000006 50639.80000000001 4.5000000000000009 1.5000000000000002 17.500000000000004 14.500000000000002 45623.950000000004 10.500000000000002 58694.350000000013 16.500000000000004 5.5000000000000009 18.500000000000004 4.5000000000000009 46858.200000000004 16.500000000000004 4.5000000000000009 2.5000000000000004 9.5000000000000018 7.5000000000000009 2.5000000000000004 21.500000000000004 54865.900000000009
decision_type=2 2 2 2 2 2 2 2 2 2 2 2 2 2 2 2 2 2 2 2 2 2 2 2 2 2 2 2 2 2
left_child=1 4 5 9 27 18 -4 15 21 11 -6 -3 14 -10 -13 -8 25 -18 -2 20 -20 -5 23 -23 -16 26 -7 -1 -29 -15
right_child=2 3 6 8 10 16 7 -9 13 -11 -12 12 -14 29 24 -17 17 -19 19 -21 -22 22 -24 -25 -26 -27 -28 28 -30 -31
leaf_value=-364.54862843144895 -26.584503072850847 -195.9302927652995 174.83718863473814 -125.68264402042735 -184.78720047139677 110.39798855590821 264.19190966239898 217.76132105986278 54.627199844705558 -78.512267910964852 -254.21736501362511 -155.52935136772066 -169.52776638099127 -44.205017880695628 -161.60212804476421 306.87880379497142 213.91633714155719 128.99347226178205 93.504148661568522 -24.18467904408773 43.385710534273194 -80.427400679886347 -97.477877610579313 -11.301719481254294 -81.661019335242472 62.21647071242333 198.1009769372773 -284.51858063955154 -355.28693248401987 15.406423173609534
leaf_weight=163 34 162 71 44 214 100 263 192 96 127 167 166 350 123 48 552 110 81 297 30 215 80 87 214 191 48 57 126 110 114
leaf_count=163 34 162 71 44 214 100 263 192 96 127 167 166 350 123 48 552 110 81 297 30 215 80 87 214 191 48 57 126 110 114
internal_value=-7.5027e-07 -150.221 189.205 -95.1823 -277.373 97.4964 271.895 278.739 -28.1003 -143.887 -215.22 -152.942 -143.718 4.69467 -121.412 293.104 149.74 177.902 61.5786 67.1091 72.4583 -53.7962 -45.4943 -30.1114 -97.7161 123.502 142.239 -336.723 -317.504 -15.5312
internal_weight=4632 2582 2050 1802 780 972 1078 1007 758 1044 381 917 755 333 405 815 396 191 576 542 512 425 381 294 239 205 157 399 236 237
internal_count=4632 2582 2050 1802 780 972 1078 1007 758 1044 381 917 755 333 405 815 396 191 576 542 512 425 381 294 239 205 157 399 236 237
is_linear=0
shrinkage=0.05


Tree=14
num_leaves=31
num_cat=0
split_feature=5 5 5 5 5 5 1 3 0 0 0 0 4 3 0 0 1 4 5 0 0 0 4 0 0 3 0 1 0 3
split_gain=4.75418e+10 7.66466e+09 5.40295e+09 1.69255e+09 6.56905e+08 4.93815e+08 2.82209e+08 2.2598e+08 2.04117e+08 1.88264e+08 1.77035e+08 2.10117e+08 1.54271e+08 1.48473e+08 1.85219e+08 1.3377e+08 1.21129e+08 1.15828e+08 1.11228e+08 9.95404e+07 1.30816e+08 1.11356e+08 8.99088e+07 8.10475e+07 1.03204e+08 7.96736e+07 9.76801e+07 7.39123e+07 7.22139e+07 7.12481e+07
threshold=52342.900000000009 58704.900000000009 43102.30000000001 48482.150000000009 60871.150000000009 55094.850000000006 4.5000000000000009 48013.850000000006 3.5000000000000004 20.500000000000004 15.500000000000002 9.5000000000000018 50091.500000000007 53867.05000000001 17.500000000000004 13.500000000000002 4.5000000000000009 54256.100000000013 46237.650000000009 2.5000000000000004 20.500000000000004 3.5000000000000004 47762.700000000004 7.5000000000000009 16.500000000000004 48013.850000000006 15.500000000000002 4.5000000000000009 4.5000000000000009 54865.900000000009
decision_type=2 2 2 2 2 2 2 2 2 2 2 2 2 2 2 2 2 2 2 2 2 2 2 2 2 2 2 2 2 2
left_child=2 5 6 7 23 17 -1 18 -5 25 11 -6 19 -7 16 -13 -15 -2 27 -8 21 -21 -9 -3 -25 -10 28 -4 -27 -28
right_child=1 4 3 8 10 13 12 22 9 -11 -12 15 -14 14 -16 -17 -18 -19 -20 20 -22 -23 -24 24 -26 26 29 -29 -30 -31
leaf_value=-175.60824874319681 1.2397851634122101 98.534573974609373 -172.28943811468176 -142.15751913301648 216.45558750011301 49.007066263679334 -350.66761208274147 -142.21587714965526 -78.969560139543489 -136.94811920859598 159.61543588882839 292.64003127410166 -204.55061091761436 144.78930785439232 44.722190824576785 247.8648881785075 67.91187383798453 49.188489239758553 -146.95010006236484 -314.44864813112747 -330.02444070955607 -214.33687253858221 -85.303463653564449 199.4758952851389 107.6516260041131 -57.154634176194669 -65.977991706866931 -215.99239056710982 10.722193892496938 -5.1113923224191815
leaf_weight=41 247 30 370 64 162 131 165 156 108 55 39 547 31 242 84 240 65 257 349 51 164 61 125 204 36 52 203 131 159 63
leaf_count=41 247 30 370 64 162 131 165 156 108 55 39 547 31 242 84 240 65 257 349 51 164 61 125 204 36 52 203 131 159 63
internal_value=9.48598e-07 162.414 -157.987 -117.884 245.133 60.9918 -301.436 -155.77 -57.0195 -48.5057 264.021 268.311 -312.366 95.0764 110.511 278.986 128.512 25.6898 -168.621 -319.945 -301.578 -259.923 -116.899 176.017 185.702 -40.1906 -31.4104 -183.717 -6.00574 -51.5622
internal_weight=4632 2284 2348 1835 1258 1026 513 1131 704 640 988 949 472 522 391 787 307 504 850 441 276 112 281 270 240 585 477 501 211 266
internal_count=4632 2284 2348 1835 1258 1026 513 1131 704 640 988 949 472 522 391 787 307 504 850 441 276 112 281 270 240 585 477 501 211 266
is_linear=0
shrinkage=0.05


Tree=15
num_leaves=31
num_cat=0
split_feature=5 5 5 5 5 5 0 0 3 1 3 0 0 0 0 0 3 0 3 3 0 0 0 0 0 3 0 0 1 3
split_gain=4.29289e+10 5.90883e+09 5.05601e+09 2.20959e+09 7.2349e+08 5.92507e+08 2.44243e+08 2.94348e+08 2.22608e+08 2.07792e+08 1.18638e+08 1.16132e+08 1.09462e+08 1.09335e+08 1.44276e+08 1.22005e+08 9.97027e+07 9.86841e+07 9.82836e+07 9.79758e+07 1.13203e+08 9.32932e+07 9.10755e+07 7.97761e+07 1.20586e+08 1.11609e+08 7.89904e+07 9.22385e+07 7.80097e+07 6.96811e+07
threshold=53584.950000000004 47379.05000000001 60236.55000000001 42718.150000000001 50756.30000000001 57035.55000000001 8.5000000000000018 14.500000000000002 47625.500000000007 4.5000000000000009 42028.30000000001 20.500000000000004 10.500000000000002 2.5000000000000004 20.500000000000004 3.5000000000000004 51539.950000000004 18.500000000000004 51539.950000000004 58694.350000000013 16.500000000000004 14.500000000000002 3.5000000000000004 1.5000000000000002 17.500000000000004 45534.700000000004 9.5000000000000018 7.5000000000000009 4.5000000000000009 56998.600000000006
decision_type=2 2 2 2 2 2 2 2 2 2 2 2 2 2 2 2 2 2 2 2 2 2 2 2 2 2 2 2 2 2
left_child=1 3 5 9 8 16 -4 12 -3 -1 -5 22 -8 -11 15 -15 -2 28 -6 26 -21 -20 -10 -12 -25 -26 27 -7 -18 -23
right_child=2 4 6 10 18 19 7 -9 11 13 23 -13 -14 14 -16 -17 17 -19 21 20 -22 29 -24 24 25 -27 -28 -29 -30 -31
leaf_value=-149.73640618324279 4.3420920430878063 -126.25650134689954 155.76082844532712 -221.37937760026489 -35.842257064748033 99.437214052200318 238.28484502872135 196.01638260533412 -143.71321446345402 -333.13423325047347 -181.31397650264137 -120.99172454061389 277.48009070797247 -296.95873865198206 -312.65319578589464 -196.29163484573365 87.026996418320664 -23.711699981689453 44.934456899144635 194.01348091472281 116.12452226097201 -23.345392371731243 -46.370906381877816 -116.42697651910142 -219.1304207385426 -150.1354743951843 55.07836700578531 179.13357690509997 45.432216041224706 67.537035862604782
leaf_weight=24 81 245 71 73 214 100 263 192 26 165 214 79 552 54 164 68 273 30 111 110 81 174 317 223 71 336 48 57 192 24
leaf_count=24 81 245 71 73 214 100 263 192 26 165 214 79 552 54 164 68 273 30 111 110 81 174 317 223 71 336 48 57 192 24
internal_value=2.19057e-07 -135.631 170.829 -205.566 -53.8244 88.1352 245.392 251.711 -88.3468 -293.094 -160.228 -66.3376 264.832 -300.723 -282.024 -240.849 55.7669 64.1818 -9.7968 135.216 160.982 8.24115 -53.7496 -154.939 -145.979 -162.171 111.21 128.372 69.8524 -12.3293
internal_weight=4632 2582 2050 1392 1190 972 1078 1007 667 475 917 422 815 451 286 122 576 495 523 396 191 309 343 844 630 407 205 157 465 198
internal_count=4632 2582 2050 1392 1190 972 1078 1007 667 475 917 422 815 451 286 122 576 495 523 396 191 309 343 844 630 407 205 157 465 198
is_linear=0
shrinkage=0.05


Tree=16
num_leaves=31
num_cat=0
split_feature=5 5 5 5 5 5 0 0 3 3 1 0 0 0 3 0 0 0 1 3 0 0 5 4 0 0 3 3 0 4
split_gain=3.87433e+10 5.34833e+09 4.56305e+09 1.68988e+09 8.65896e+08 5.34737e+08 2.20429e+08 2.65649e+08 1.96833e+08 1.86771e+08 1.17716e+08 1.03077e+08 9.87896e+07 9.14901e+07 9.06577e+07 8.62017e+07 8.9761e+07 8.23104e+07 9.91262e+07 7.83744e+07 9.71547e+07 9.48002e+07 7.62616e+07 7.53676e+07 7.29848e+07 1.08617e+08 6.99871e+07 6.98692e+07 6.73588e+07 6.46657e+07
threshold=53584.950000000004 44900.05000000001 60236.55000000001 49441.400000000009 42039.500000000007 57035.55000000001 8.5000000000000018 14.500000000000002 52287.600000000006 48013.850000000006 4.5000000000000009 14.500000000000002 10.500000000000002 5.5000000000000009 53867.05000000001 16.500000000000004 7.5000000000000009 18.500000000000004 4.5000000000000009 46858.200000000004 15.500000000000002 4.5000000000000009 39087.900000000009 47762.700000000004 1.5000000000000002 18.500000000000004 44423.650000000001 56513.400000000009 2.5000000000000004 57182.500000000007
decision_type=2 2 2 2 2 2 2 2 2 2 2 2 2 2 2 2 2 2 2 2 2 2 2 2 2 2 2 2 2 2
left_child=1 4 5 9 22 13 -4 12 19 24 -6 -10 -8 -2 -7 16 -16 18 29 -5 21 -21 -1 -11 -3 26 -26 -13 -28 -15
right_child=2 3 6 8 10 14 7 -9 11 23 -12 27 -14 17 15 -17 -18 -19 -20 20 -22 -23 -24 -25 25 -27 28 -29 -30 -31
leaf_value=-309.43730346679689 -26.583521377339082 -168.5370197597303 147.97278572404889 -109.80904763828624 -158.93686538708894 59.000812305722924 226.37060356285184 186.21556141972542 48.420308951536818 -116.05947958663856 -215.57086100392527 -26.316204736619724 263.6060895284017 68.448692319571705 104.52355001698371 99.208699666673908 171.70164262391211 -22.526113090515139 36.828431530220563 -70.030949518941341 -81.087705614987556 -5.5835798325850137 -266.54623816640759 -69.981471559134405 -153.28381801605224 -160.50781865649753 -138.21220100499406 42.326023545472523 -82.783200914500156 123.41836194719588
leaf_weight=190 34 152 71 44 227 42 263 192 96 179 154 191 552 227 69 107 178 30 215 80 102 199 228 176 80 180 79 46 179 70
leaf_count=190 34 152 71 44 227 42 263 192 96 179 154 191 552 227 69 107 178 30 215 80 102 199 228 176 80 180 79 46 179 70
internal_value=4.19601e-07 -128.85 162.288 -80.6771 -236.348 83.7284 233.122 239.126 -24.0728 -122.537 -181.828 4.71157 251.59 52.9785 128.456 136.696 152.935 57.9695 62.686 -46.6262 -39.3295 -24.0631 -286.042 -93.2152 -138.073 -129.133 -112.425 -12.9932 -99.7556 81.4045
internal_weight=4632 2582 2050 1783 799 972 1078 1007 758 1025 381 333 815 576 396 354 247 542 512 425 381 279 418 355 670 518 338 237 258 297
internal_count=4632 2582 2050 1783 799 972 1078 1007 758 1025 381 333 815 576 396 354 247 542 512 425 381 279 418 355 670 518 338 237 258 297
is_linear=0
shrinkage=0.05


Tree=17
num_leaves=31
num_cat=0
split_feature=5 5 5 5 5 5 0 1 0 0 0 3 4 3 0 0 4 1 0 0 0 3 0 0 0 0 0 0 0 3
split_gain=3.49745e+10 5.62926e+09 3.98182e+09 1.24829e+09 4.87427e+08 3.65348e+08 2.18568e+08 2.11557e+08 2.05794e+08 1.43323e+08 1.62048e+08 1.25014e+08 1.23308e+08 1.17913e+08 1.55555e+08 1.06532e+08 9.26129e+07 9.18611e+07 7.79592e+07 7.76714e+07 7.88674e+07 7.00804e+07 6.52694e+07 1.18393e+08 6.43523e+07 6.12771e+07 7.6678e+07 5.79898e+07 7.55442e+07 6.28977e+07
threshold=52342.900000000009 58704.900000000009 43102.30000000001 48006.100000000006 60871.150000000009 55094.850000000006 3.5000000000000004 4.5000000000000009 20.500000000000004 15.500000000000002 9.5000000000000018 46090.600000000013 50091.500000000007 53867.05000000001 17.500000000000004 13.500000000000002 53715.900000000001 4.5000000000000009 1.5000000000000002 21.500000000000004 3.5000000000000004 46858.200000000004 1.5000000000000002 17.500000000000004 20.500000000000004 7.5000000000000009 16.500000000000004 15.500000000000002 8.5000000000000018 54865.900000000009
decision_type=2 2 2 2 2 2 2 2 2 2 2 2 2 2 2 2 2 2 2 2 2 2 2 2 2 2 2 2 2 2
left_child=2 5 7 11 25 16 -5 -1 21 10 -6 -4 18 -7 17 -12 -2 -15 -9 20 -20 -8 -13 -24 -22 -3 -27 28 -23 -29
right_child=1 4 3 6 9 13 8 12 -10 -11 15 22 -14 14 -16 -17 -18 -19 19 -21 24 27 23 -25 -26 26 -28 29 -30 -31
leaf_value=-149.70876107564786 -2.6291401987251599 83.284415092468265 -155.36329847397718 -126.32433854267002 184.7840602627507 40.647112160238606 -90.512011806781473 -311.35912764115773 -122.05860229291414 132.52307204222069 251.88289575106046 -171.30595772726497 -171.72607308664632 126.12884607590921 35.166378171103347 211.92536387125654 40.657125102186036 59.180391625624445 -276.79644913583434 -297.10393482555043 -181.81731212178215 -26.762159416419372 -75.513230288547021 -130.13272645047974 -256.76170699508106 170.95071154949713 91.801853052775073 -58.117060566372345 37.593708600495994 -1.9405262529850007
leaf_weight=41 217 30 493 92 162 131 52 110 76 39 547 57 31 242 84 240 287 65 106 110 61 228 138 353 54 204 36 225 57 64
leaf_count=41 217 30 493 92 162 131 52 110 76 39 547 57 31 242 84 240 287 65 106 110 61 228 138 353 54 204 36 225 57 64
internal_value=-5.56479e-07 139.304 -135.507 -101.079 210.193 52.3847 -53.8594 -258.653 -44.3626 226.463 230.324 -137.095 -268.116 81.7024 95.4575 239.698 22.02 111.954 -274.892 -262.773 -245.685 -34.9299 -120.661 -114.781 -217.009 150.657 159.078 -29.8945 -13.891 -45.6766
internal_weight=4632 2284 2348 1835 1258 1026 794 513 702 988 949 1041 472 522 391 787 504 307 441 331 221 626 548 491 115 270 240 574 285 289
internal_count=4632 2284 2348 1835 1258 1026 794 513 702 988 949 1041 472 522 391 787 504 307 441 331 221 626 548 491 115 270 240 574 285 289
is_linear=0
shrinkage=0.05


Tree=18
num_leaves=31
num_cat=0
split_feature=5 5 5 5 5 5 0 0 4 1 3 0 3 0 0 0 0 3 0 0 3 0 1 0 0 0 0 3 0 0
split_gain=3.1583e+10 4.3804e+09 3.70969e+09 1.40621e+09 7.1155e+08 4.33806e+08 1.88063e+08 2.21206e+08 1.63784e+08 1.61412e+08 1.36433e+08 1.04002e+08 8.84199e+07 8.589e+07 1.14031e+08 9.73138e+07 8.32788e+07 8.24833e+07 8.11537e+07 7.86333e+07 7.81444e+07 8.63729e+07 6.60989e+07 7.09558e+07 8.1272e+07 6.54325e+07 6.81516e+07 5.86591e+07 5.74704e+07 5.54283e+07
threshold=53584.950000000004 46869.450000000004 60236.55000000001 42718.150000000001 50040.950000000004 57035.55000000001 8.5000000000000018 14.500000000000002 47762.700000000004 4.5000000000000009 48781.350000000013 19.500000000000004 42912.250000000007 2.5000000000000004 20.500000000000004 3.5000000000000004 10.500000000000002 51707.600000000006 21.500000000000004 18.500000000000004 58694.350000000013 16.500000000000004 4.5000000000000009 17.500000000000004 6.5000000000000009 9.5000000000000018 7.5000000000000009 52990.05000000001 15.500000000000002 2.5000000000000004
decision_type=2 2 2 2 2 2 2 2 2 2 2 2 2 2 2 2 2 2 2 2 2 2 2 2 2 2 2 2 2 2
left_child=1 3 5 9 8 17 -4 16 18 -1 -6 -12 -5 -11 15 -15 -8 -2 29 22 25 -22 23 24 -19 26 -7 -10 -9 -3
right_child=2 4 6 12 10 20 7 28 27 13 11 -13 -14 14 -16 -17 -18 19 -20 -21 21 -23 -24 -25 -26 -27 -28 -29 -30 -31
leaf_value=-125.02381321589154 5.9501713988707241 -135.62686108645099 131.7442153876936 -185.43464281792737 -64.45932609671253 85.286596798896795 204.1583448112691 187.6850463256836 -70.355250558424316 -286.82447554154828 3.530245154386475 -62.279769985917689 -135.46877543872941 -255.03007428204575 -268.75432754144435 -165.1246744155884 238.345946497157 56.512856320773864 -160.85559380667553 -21.862721438407899 167.84140210585161 99.805754915284524 39.143099442060958 44.406847798337743 128.11370126172116 43.450445946057641 153.79130996570254 2.9403549766540529 130.29319324778086 -86.635483294814378
leaf_weight=24 97 81 71 102 118 100 263 125 303 165 462 69 671 54 164 68 552 68 70 30 110 81 188 98 95 48 57 30 67 201
leaf_count=24 97 81 71 102 118 100 263 125 303 165 462 69 671 54 164 68 552 68 70 30 110 81 188 98 95 48 57 30 67 201
internal_value=-5.61975e-07 -116.335 146.526 -183.667 -53.3443 75.6923 210.394 215.939 -88.8888 -251.374 -15.8282 -5.02134 -142.062 -258.097 -241.524 -204.919 227.314 47.9961 -112.669 56.5106 115.978 138.989 61.7471 78.0289 98.2434 94.5385 110.158 -63.752 167.658 -100.707
internal_weight=4632 2582 2050 1248 1334 972 1078 1007 685 475 649 531 773 451 286 122 815 576 352 479 396 191 449 261 163 205 157 333 192 282
internal_count=4632 2582 2050 1248 1334 972 1078 1007 685 475 649 531 773 451 286 122 815 576 352 479 396 191 449 261 163 205 157 333 192 282
is_linear=0
shrinkage=0.05


Tree=19
num_leaves=31
num_cat=0
split_feature=5 5 5 5 5 1 5 3 4 0 0 3 0 0 5 3 0 0 0 1 0 1 0 0 0 0 0 0 3 0
split_gain=2.85122e+10 4.576e+09 3.24706e+09 8.83204e+08 3.98016e+08 3.81804e+08 2.96148e+08 1.6739e+08 1.28623e+08 1.17374e+08 1.3443e+08 9.84843e+07 1.29821e+08 9.26165e+07 8.5716e+07 8.32661e+07 8.46261e+07 8.31214e+07 8.10787e+07 1.06962e+08 7.72822e+07 7.3543e+07 7.26968e+07 7.28782e+07 7.26889e+07 6.42761e+07 5.80679e+07 6.28449e+07 5.41918e+07 6.07424e+07
threshold=52342.900000000009 58704.900000000009 44097.80000000001 49071.600000000013 60871.150000000009 4.5000000000000009 55094.850000000006 50639.80000000001 50091.500000000007 15.500000000000002 9.5000000000000018 53867.05000000001 17.500000000000004 13.500000000000002 46869.450000000004 46672.350000000006 19.500000000000004 5.5000000000000009 18.500000000000004 4.5000000000000009 21.500000000000004 4.5000000000000009 1.5000000000000002 21.500000000000004 2.5000000000000004 3.5000000000000004 9.5000000000000018 14.500000000000002 51345.650000000001 16.500000000000004
decision_type=2 2 2 2 2 2 2 2 2 2 2 2 2 2 2 2 2 2 2 2 2 2 2 2 2 2 2 2 2 2
left_child=2 6 5 7 -3 -1 17 14 22 10 -6 -8 21 -12 -4 -5 28 -2 19 -19 24 -13 -7 25 -16 -24 -21 -28 29 -17
right_child=1 4 3 15 9 8 11 -9 -10 -11 13 12 -14 -15 20 16 -18 18 -20 26 -22 -23 23 -25 -26 -27 27 -29 -30 -31
leaf_value=-136.54878561644429 -30.07252869673178 135.89239897145166 -131.44121169312206 -95.117099618075201 166.40974203981 -281.44994845303626 36.285402145094544 -53.130823668443931 -158.27782762776252 119.38225498688529 227.7870855802156 114.13035817895054 31.298184265409198 190.53056378364565 -132.72832640492638 -29.044465303864595 -68.393404186658628 73.164659158807055 -23.657416868559086 -34.712714654749092 -150.48177836321403 54.22776986103792 -249.41309595647851 -268.84889748313213 -79.96837965283008 -197.95856958845971 43.411796058821523 -27.689538905559445 -0.50939386268782483 -120.14390657424927
leaf_weight=113 71 270 593 57 162 110 131 106 46 39 547 242 84 240 86 215 121 133 64 44 69 65 106 110 271 142 153 39 183 20
leaf_count=113 71 270 593 57 162 110 131 106 46 39 547 242 84 240 86 215 121 133 64 44 69 65 106 110 271 142 153 39 183 20
internal_value=8.02144e-08 125.777 -122.349 -86.8587 189.692 -219.763 47.4105 -112.93 -238.058 204.394 207.888 73.8061 86.377 216.426 -119.15 -37.6475 -31.5701 20.0723 28.2946 37.3053 -102.041 101.447 -245.899 -234.976 -92.6781 -219.951 17.0964 28.9693 -20.9107 -36.7976
internal_weight=4632 2284 2348 1721 1258 627 1026 1125 514 988 949 522 391 787 1019 596 539 504 433 369 426 307 468 358 357 248 236 192 418 235
internal_count=4632 2284 2348 1721 1258 627 1026 1125 514 988 949 522 391 787 1019 596 539 504 433 369 426 307 468 358 357 248 236 192 418 235
is_linear=0
shrinkage=0.05


Tree=20
num_leaves=31
num_cat=0
split_feature=5 5 5 5 1 5 5 3 4 0 0 6 0 0 0 3 0 3 0 0 4 0 1 0 0 3 0 0 4 0
split_gain=2.57323e+10 4.12984e+09 2.93171e+09 7.7784e+08 3.80461e+08 3.59209e+08 2.67274e+08 1.49733e+08 1.18596e+08 1.0593e+08 1.21323e+08 9.19502e+07 8.35864e+07 7.53662e+07 1.01105e+08 1.2272e+08 9.61571e+07 7.51476e+07 7.63751e+07 7.50171e+07 7.46633e+07 7.31736e+07 9.65336e+07 6.64821e+07 8.76859e+07 5.64257e+07 5.24063e+07 5.67176e+07 5.14711e+07 4.98333e+07
threshold=52342.900000000009 58704.900000000009 44215.950000000004 49071.600000000013 4.5000000000000009 60871.150000000009 55094.850000000006 50639.80000000001 50176.750000000007 15.500000000000002 9.5000000000000018 54723.14166666667 13.500000000000002 1.5000000000000002 17.500000000000004 44423.650000000001 2.5000000000000004 46672.350000000006 19.500000000000004 5.5000000000000009 57951.05000000001 18.500000000000004 4.5000000000000009 2.5000000000000004 21.500000000000004 52287.600000000006 9.5000000000000018 14.500000000000002 60439.100000000013 17.500000000000004
decision_type=2 2 2 2 2 2 2 2 2 2 2 2 2 2 2 2 2 2 2 2 2 2 2 2 2 2 2 2 2 2
left_child=2 6 4 7 -1 28 19 13 23 10 -7 25 -12 -4 15 -15 -17 -5 -19 -2 -13 22 -21 -6 -25 -8 -24 -28 -3 -27
right_child=1 5 3 17 8 9 11 -9 -10 -11 12 20 -14 14 -16 16 -18 18 -20 21 -22 -23 26 24 -26 29 27 -29 -30 -31
leaf_value=-128.96685234554229 -28.568902652532287 113.27346618000398 -139.37076975198895 -90.361244219227842 -258.94470440488874 158.08925625129984 -19.506634048179347 -49.820686443873818 -150.05635945746241 113.41314202822173 216.39773088137892 70.760754372356914 181.00403274516265 -133.46347186212185 -123.613065563416 -114.82913873412393 -52.344061082688782 -19.865129889027354 -64.973733902765701 69.506425671111373 126.0365918536981 -22.474545951187611 -32.977078648588872 -199.72875569083476 -255.40644683837891 66.025301356315623 41.241207174226354 -26.305062218201467 159.2150230571788 -2.1049416818926412
leaf_weight=126 71 177 208 57 165 162 27 105 47 39 547 168 240 108 392 88 205 418 121 133 96 64 44 198 110 200 153 39 93 31
leaf_count=126 71 177 208 57 165 162 27 105 47 39 547 168 240 108 392 88 205 418 121 133 96 64 44 198 110 200 153 39 93 31
internal_value=8.1865e-08 119.488 -116.231 -81.8109 -206.919 180.207 45.04 -106.624 -225.807 194.174 197.493 70.1158 205.604 -112.582 -105.556 -87.9041 -71.1109 -35.7652 -29.9916 19.0687 90.8611 26.8799 35.44 -233.334 -219.614 48.8881 16.2416 27.5209 129.098 56.8823
internal_weight=4632 2284 2348 1702 646 1258 1026 1106 520 988 949 522 787 1001 793 401 293 596 539 504 264 433 369 473 308 258 236 192 270 231
internal_count=4632 2284 2348 1702 646 1258 1026 1106 520 988 949 522 787 1001 793 401 293 596 539 504 264 433 369 473 308 258 236 192 270 231
is_linear=0
shrinkage=0.05


Tree=21
num_leaves=31
num_cat=0
split_feature=5 5 5 5 1 5 5 3 4 0 0 3 0 3 0 0 0 3 0 4 1 0 0 6 0 0 0 0 0 6
split_gain=2.32234e+10 3.72718e+09 2.64587e+09 7.02e+08 3.43366e+08 3.24186e+08 2.41215e+08 1.35134e+08 1.07033e+08 9.76869e+07 1.04881e+08 8.47063e+07 1.10456e+08 6.94037e+07 7.62464e+07 6.8018e+07 9.1247e+07 1.10755e+08 8.67818e+07 6.79528e+07 6.37235e+07 6.15429e+07 6.25669e+07 5.1873e+07 4.99582e+07 9.61618e+07 4.98527e+07 6.08253e+07 4.89746e+07 6.55192e+07
threshold=52342.900000000009 58704.900000000009 44215.950000000004 49071.600000000013 4.5000000000000009 60871.150000000009 55094.850000000006 50639.80000000001 50176.750000000007 8.5000000000000018 15.500000000000002 53867.05000000001 17.500000000000004 48013.850000000006 19.500000000000004 1.5000000000000002 17.500000000000004 44423.650000000001 2.5000000000000004 54256.100000000013 4.5000000000000009 1.5000000000000002 22.500000000000004 54689.802083333336 13.500000000000002 10.500000000000002 7.5000000000000009 16.500000000000004 4.5000000000000009 48986.137500000004
decision_type=2 2 2 2 2 2 2 2 2 2 2 2 2 2 2 2 2 2 2 2 2 2 2 2 2 2 2 2 2 2
left_child=2 6 4 7 -1 26 19 15 21 -7 24 -8 20 -5 28 -4 17 -17 -19 -2 -13 -6 -23 -21 25 -11 -3 -28 -15 -30
right_child=1 5 3 13 8 9 11 -9 -10 10 -12 12 -14 14 -16 16 -18 18 -20 23 -22 22 -24 -25 -26 -27 27 -29 29 -31
leaf_value=-122.51851010812182 -0.61213163924120706 61.874550844828292 -132.40223088343268 -66.281134045857655 -254.43021917169744 114.89052135149639 31.812732480318495 -47.329651807716914 -142.55354059097616 173.89733724864391 107.74248555501302 103.97537083012506 27.463509114583331 -61.325923106463065 -59.895639248179577 -126.79029800803573 -117.43241268335558 -109.08768121545967 -49.726858267202616 21.14886961144008 48.215116101778477 -202.96694542773358 -260.86167225230827 69.832591460022741 171.95383248011274 213.31794013424198 140.81301608553119 70.319126176834104 -35.477358571414292 12.355443881284744
leaf_weight=126 247 30 208 130 110 48 131 105 47 247 39 242 84 46 117 108 392 88 205 178 65 308 55 79 240 414 204 36 116 187
leaf_count=126 247 30 208 130 110 48 131 105 47 247 39 242 84 46 117 108 392 88 205 178 65 308 55 79 240 414 204 36 116 187
internal_value=-6.27396e-07 113.514 -110.42 -77.7204 -196.573 171.197 42.788 -101.293 -214.516 184.465 188.018 66.61 78.2684 -33.9769 -24.965 -106.953 -100.278 -83.5089 -67.5554 18.1152 92.1695 -221.667 -211.739 36.1139 191.493 198.587 122.643 130.239 -13.2547 -5.95678
internal_weight=4632 2284 2348 1702 646 1258 1026 1106 520 988 940 522 391 596 466 1001 793 401 293 504 307 473 363 257 901 661 270 240 349 303
internal_count=4632 2284 2348 1702 646 1258 1026 1106 520 988 940 522 391 596 466 1001 793 401 293 504 307 473 363 257 901 661 270 240 349 303
is_linear=0
shrinkage=0.05


Tree=22
num_leaves=31
num_cat=0
split_feature=5 5 5 5 5 5 4 0 0 1 3 3 0 3 3 0 0 0 0 0 0 0 3 6 0 0 0 0 0 0
split_gain=2.09756e+10 3.09293e+09 2.2686e+09 9.29279e+08 5.30596e+08 2.67405e+08 1.67214e+08 1.33305e+08 1.40084e+08 1.12267e+08 7.04329e+07 7.00166e+07 6.5013e+07 6.47631e+07 6.14576e+07 7.39319e+07 5.88623e+07 8.50773e+07 7.98922e+07 5.74971e+07 5.4663e+07 5.46299e+07 5.62163e+07 5.13417e+07 6.26819e+07 5.26966e+07 5.01778e+07 5.23707e+07 4.89739e+07 5.9937e+07
threshold=53877.600000000013 46869.450000000004 60346.100000000006 42718.150000000001 50881.250000000007 57035.55000000001 47762.700000000004 8.5000000000000018 14.500000000000002 4.5000000000000009 52521.750000000007 42912.250000000007 21.500000000000004 51539.950000000004 58694.350000000013 15.500000000000002 2.5000000000000004 20.500000000000004 3.5000000000000004 10.500000000000002 3.5000000000000004 14.500000000000002 56998.600000000006 54869.893750000003 16.500000000000004 7.5000000000000009 9.5000000000000018 7.5000000000000009 1.5000000000000002 17.500000000000004
decision_type=2 2 2 2 2 2 2 2 2 2 2 2 2 2 2 2 2 2 2 2 2 2 2 2 2 2 2 2 2 2
left_child=1 3 5 9 6 10 12 -4 19 -1 -2 -5 -3 -6 26 -16 -11 18 -18 -9 -8 -15 -23 24 25 -22 27 -7 -13 -30
right_child=2 4 7 11 13 14 20 8 -10 16 -12 28 -14 21 15 -17 17 -19 -20 -21 23 22 -24 -25 -26 -27 -28 -29 29 -31
leaf_value=-99.370915095011398 7.1959763746676231 -80.846846113690901 104.10290794941916 -154.47903792437387 -24.949177658667764 67.77679782247543 -90.029723332722995 166.39118065685614 137.59214498763501 -234.13367918072328 51.510576962428836 -131.35179259131354 -133.52527567280663 33.976633494240893 169.20649647712708 98.403446738225114 -210.41839814362703 -220.15268869167423 -128.95722822301528 195.02182902598727 -57.279080488172816 -17.463262312260667 57.760453289952778 -14.986886981483941 -85.53082105903836 3.3503945732116698 31.488358688354495 127.17686052160748 -75.01345266393713 -113.2906881539123
leaf_weight=24 115 314 67 102 217 100 60 257 184 165 407 192 72 140 48 159 54 164 68 552 89 173 29 143 91 60 48 59 148 331
leaf_count=24 115 314 67 102 217 100 60 257 184 165 407 192 72 140 48 159 54 164 68 552 89 173 29 143 91 60 48 59 148 331
internal_value=-1.25018e-07 -92.587 122.274 -149.705 -41.2306 65.548 -66.6161 172.365 176.97 -204.745 41.7478 -115.883 -90.6729 -3.58378 95.557 114.822 -210.352 -196.632 -165.014 185.927 -45.6547 9.97262 -6.66382 -38.703 -52.8338 -32.8645 76.2925 89.8183 -110.016 -101.464
internal_weight=4632 2636 1996 1248 1388 936 829 1060 993 475 522 773 386 559 414 207 451 286 122 809 443 342 202 383 240 149 207 159 671 479
internal_count=4632 2636 1996 1248 1388 936 829 1060 993 475 522 773 386 559 414 207 451 286 122 809 443 342 202 383 240 149 207 159 671 479
is_linear=0
shrinkage=0.05


Tree=23
num_leaves=31
num_cat=0
split_feature=5 5 5 5 5 5 0 0 3 1 3 3 0 0 0 3 0 0 0 0 0 0 0 0 3 3 6 0 6 0
split_gain=1.89304e+10 2.79329e+09 2.04741e+09 9.66653e+08 3.68082e+08 2.41333e+08 1.20307e+08 1.26426e+08 1.19743e+08 1.01321e+08 7.30539e+07 6.61754e+07 6.10618e+07 6.09216e+07 6.07186e+07 5.56994e+07 5.49784e+07 5.3895e+07 5.31232e+07 7.67822e+07 7.21027e+07 5.18911e+07 4.75642e+07 8.59062e+07 7.96714e+07 4.38997e+07 4.26294e+07 3.86731e+07 4.48967e+07 3.85651e+07
threshold=53877.600000000013 47379.05000000001 60346.100000000006 42718.150000000001 50881.250000000007 57035.55000000001 8.5000000000000018 14.500000000000002 47625.500000000007 4.5000000000000009 42028.30000000001 49767.55000000001 20.500000000000004 4.5000000000000009 3.5000000000000004 59813.450000000004 15.500000000000002 19.500000000000004 2.5000000000000004 20.500000000000004 3.5000000000000004 10.500000000000002 1.5000000000000002 17.500000000000004 45534.700000000004 60252.250000000007 55084.83125000001 16.500000000000004 49248.625000000007 13.500000000000002
decision_type=2 2 2 2 2 2 2 2 2 2 2 2 2 2 2 2 2 2 2 2 2 2 2 2 2 2 2 2 2 2
left_child=1 3 5 9 8 11 -4 21 -3 -1 -5 -2 14 -6 -10 -7 -17 -15 -11 20 -20 -8 -12 -24 -25 -13 27 -16 -29 -23
right_child=2 4 6 10 13 15 7 -9 12 18 22 25 -14 17 26 16 -18 -19 19 -21 -22 29 23 24 -26 -27 -28 28 -30 -31
leaf_value=-94.402370198567723 -36.565704349235254 -85.831256782047205 98.897763630881244 -154.61294707206832 -59.875814567912713 76.074615192413333 158.07162375032669 130.71253761312238 -107.13499462421123 -222.42699270537406 -122.8420419247351 40.312289824516284 -82.119897180871135 6.0500104767935623 -17.417853532409669 168.14622175428605 98.08347440399821 -55.088112914256556 -199.89747834382234 -209.14505327736461 -122.50936770184951 192.90095433037064 -70.614832148851306 -157.3493939628064 -99.055979044841877 107.05903745797964 5.6636004383499561 -91.843810759850271 -32.507591543197634 162.38008677350439
leaf_weight=24 27 248 67 73 44 252 257 184 26 165 214 469 79 476 125 36 126 39 54 164 68 414 223 71 336 26 74 53 80 138
leaf_count=24 27 248 67 73 44 252 257 184 26 165 214 469 79 476 125 36 126 39 54 164 68 414 223 71 336 26 74 53 80 138
internal_value=7.6539e-09 -87.9577 116.161 -136.615 -33.5119 62.2706 163.746 168.122 -58.0812 -194.507 -106.627 39.6604 -42.3328 -3.40459 -33.553 90.7792 113.653 1.42013 -199.834 -186.8 -156.763 176.63 -102.476 -95.5583 -109.225 43.8182 -27.7905 -37.3859 -56.1529 185.271
internal_weight=4632 2636 1996 1392 1244 936 1060 993 685 475 917 522 437 559 358 414 162 515 451 286 122 809 844 630 407 495 332 258 133 552
internal_count=4632 2636 1996 1392 1244 936 1060 993 685 475 917 522 437 559 358 414 162 515 451 286 122 809 844 630 407 495 332 258 133 552
is_linear=0
shrinkage=0.05


Tree=24
num_leaves=31
num_cat=0
split_feature=5 5 5 5 1 5 3 3 0 0 0 1 4 0 0 3 0 0 3 0 0 6 0 0 6 0 0 0 0 0
split_gain=1.70858e+10 2.74067e+09 1.96099e+09 5.10628e+08 2.55213e+08 2.36983e+08 1.80406e+08 1.11777e+08 8.72336e+07 1.09993e+08 8.46844e+07 8.9732e+07 8.00561e+07 7.78472e+07 8.54961e+07 5.98992e+07 5.73327e+07 5.63046e+07 5.26851e+07 5.67339e+07 4.90339e+07 4.71313e+07 4.68249e+07 6.92848e+07 4.66603e+07 4.60679e+07 5.11354e+07 4.01675e+07 9.54391e+07 3.96465e+07
threshold=52342.900000000009 58704.900000000009 44215.950000000004 49071.600000000013 4.5000000000000009 60871.150000000009 55688.750000000007 51597.000000000007 5.5000000000000009 7.5000000000000009 17.500000000000004 4.5000000000000009 50176.750000000007 15.500000000000002 9.5000000000000018 46941.350000000013 13.500000000000002 20.500000000000004 48483.150000000009 15.500000000000002 4.5000000000000009 48722.245833333342 14.500000000000002 10.500000000000002 55215.347916666673 1.5000000000000002 22.500000000000004 2.5000000000000004 17.500000000000004 7.5000000000000009
decision_type=2 2 2 2 2 2 2 2 2 2 2 2 2 2 2 2 2 2 2 2 2 2 2 2 2 2 2 2 2 2
left_child=2 6 4 7 -1 29 8 15 -2 -10 11 -8 25 14 -7 -4 24 18 -5 20 -20 -21 23 -11 -16 -6 -27 -17 -29 -3
right_child=1 5 3 17 12 13 10 -9 9 22 -12 -13 -14 -15 16 27 -18 -19 19 21 -22 -23 -24 -25 -26 26 -28 28 -30 -31
leaf_value=-105.03610668182374 -30.368922371613355 51.1234587097168 -100.68531862309145 -50.729443701055665 -218.88067493785513 127.94040012595094 95.230440692749681 -18.474759379604407 56.914512261121708 -12.147998567806779 30.950205809828162 26.543606885017887 -122.11344167831096 88.940128240524189 168.77750890555123 -125.70888912803248 147.4536087179184 -91.733549533170816 -50.71210483312607 -76.466740791002906 17.713449470533266 -20.925315511035411 -18.065315729838151 42.507729178589663 203.46007152739026 -174.01445748031915 -226.35369773171166 -34.024987740183285 -87.30847488070188 112.08952300628027
leaf_weight=126 76 30 601 151 110 162 204 57 195 93 138 62 47 39 421 38 240 34 32 48 144 187 104 154 126 308 55 118 292 240
leaf_count=126 76 30 601 151 110 162 204 57 195 93 138 62 47 39 421 38 240 34 32 48 144 187 104 154 126 308 55 118 292 240
internal_value=-5.63052e-07 97.3652 -94.7113 -66.5602 -168.88 146.829 36.7171 -86.6645 19.8198 26.8058 62.7323 79.2207 -184.35 158.173 161.018 -90.3697 167.827 -29.2526 -25.4727 -16.1934 5.27244 -32.2699 10.0787 21.9289 176.767 -190.534 -181.945 -76.5312 -71.9732 105.316
internal_weight=4632 2284 2348 1702 646 1258 1026 1106 622 546 404 266 520 988 949 1049 787 596 562 411 176 235 351 247 547 473 363 448 410 270
internal_count=4632 2284 2348 1702 646 1258 1026 1106 622 546 404 266 520 988 949 1049 787 596 562 411 176 235 351 247 547 473 363 448 410 270
is_linear=0
shrinkage=0.05


Tree=25
num_leaves=31
num_cat=0
split_feature=5 5 5 5 1 3 3 3 0 5 0 0 0 1 4 3 3 0 0 0 0 0 0 6 6 3 0 0 0 6
split_gain=1.54199e+10 2.47346e+09 1.76979e+09 4.60842e+08 2.30329e+08 2.14978e+08 1.62817e+08 1.00879e+08 9.52094e+07 7.91109e+07 7.87283e+07 9.92686e+07 7.64277e+07 8.09831e+07 7.27696e+07 5.4059e+07 5.1248e+07 5.34806e+07 4.34231e+07 4.26672e+07 4.6871e+07 4.22594e+07 6.25295e+07 4.19534e+07 3.95407e+07 4.69814e+07 3.62512e+07 8.61338e+07 3.6245e+07 3.5786e+07
threshold=52342.900000000009 58704.900000000009 44215.950000000004 49071.600000000013 4.5000000000000009 62117.05000000001 55688.750000000007 51597.000000000007 13.500000000000002 60871.150000000009 5.5000000000000009 7.5000000000000009 17.500000000000004 4.5000000000000009 50590.150000000009 46941.350000000013 46672.350000000006 19.500000000000004 15.500000000000002 1.5000000000000002 22.500000000000004 14.500000000000002 10.500000000000002 55185.527083333342 55237.575000000012 51114.200000000004 2.5000000000000004 17.500000000000004 15.500000000000002 55328.183333333342
decision_type=2 2 2 2 2 2 2 2 2 2 2 2 2 2 2 2 2 2 2 2 2 2 2 2 2 2 2 2 2 2
left_child=2 6 4 7 -1 9 10 15 23 -3 -2 -12 13 -8 19 -4 -5 24 -10 -6 -21 22 -13 -7 25 28 -17 -28 -18 -14
right_child=1 5 3 16 14 8 12 -9 18 -11 11 21 29 -15 -16 26 17 -19 -20 20 -22 -23 -24 -25 -26 -27 27 -29 -30 -31
leaf_value=-99.784301012565223 -28.850476188408706 89.973716902383956 -95.651052609061253 -72.876073787086895 -207.93663980657402 161.22923614689381 90.468918964442082 -17.551021278113648 142.5315665060474 130.64172683476571 54.068786864464101 -11.54059918721517 17.720081771256631 25.216426234091486 -111.20057525634766 -119.42344458730598 -29.028883801880529 -52.29522646202529 91.454283081054697 -164.9992716272925 -215.03601623535155 -17.162050030724362 40.382341913124186 195.32954326692175 25.808110960474558 -0.65861785469633161 -32.323738648527758 -82.943050798732941 -95.749257975039285 84.895110257466641
leaf_weight=126 76 205 601 57 110 346 204 57 248 287 195 93 114 62 41 38 177 121 50 314 55 104 154 122 53 165 118 292 23 24
leaf_count=126 76 205 601 57 110 346 204 57 248 287 195 93 114 62 41 38 177 121 50 314 55 104 154 122 53 165 118 292 23 24
internal_value=2.59971e-07 92.4969 -89.9757 -63.2322 -160.436 139.487 34.8813 -82.3312 156.052 113.697 18.8288 25.4655 59.5957 75.2597 -175.133 -85.8512 -27.79 -23.0221 133.962 -180.605 -172.457 9.57479 20.8324 170.119 -14.5483 -20.4083 -72.7046 -68.3746 -36.7017 29.4027
internal_weight=4632 2284 2348 1702 646 1258 1026 1106 766 492 622 546 404 266 520 1049 596 539 298 479 369 351 247 468 418 365 448 410 200 138
internal_count=4632 2284 2348 1702 646 1258 1026 1106 766 492 622 546 404 266 520 1049 596 539 298 479 369 351 247 468 418 365 448 410 200 138
is_linear=0
shrinkage=0.05


Tree=26
num_leaves=31
num_cat=0
split_feature=5 5 5 5 3 1 3 3 0 0 0 3 5 1 0 0 3 0 0 0 6 6 0 4 1 0 0 0 0 0
split_gain=1.3917e+10 2.32549e+09 1.54344e+09 3.82363e+08 1.94018e+08 1.86788e+08 1.57475e+08 9.24054e+07 8.59265e+07 7.47787e+07 7.21413e+07 1.03477e+08 7.13976e+07 6.75706e+07 6.6439e+07 1.35876e+08 5.09215e+07 4.58991e+07 4.45436e+07 3.91894e+07 3.78629e+07 3.60917e+07 3.3368e+07 3.30929e+07 3.40948e+07 3.52075e+07 3.48516e+07 3.23996e+07 7.85925e+07 3.20811e+07
threshold=52141.450000000004 58704.900000000009 44097.80000000001 49071.600000000013 62117.05000000001 4.5000000000000009 55688.750000000007 51597.000000000007 13.500000000000002 17.500000000000004 14.500000000000002 51539.950000000004 60871.150000000009 4.5000000000000009 3.5000000000000004 20.500000000000004 46941.350000000013 20.500000000000004 3.5000000000000004 15.500000000000002 55185.527083333342 55194.312500000007 8.5000000000000018 60846.700000000004 2.5000000000000004 7.5000000000000009 15.500000000000002 2.5000000000000004 17.500000000000004 17.500000000000004
decision_type=2 2 2 2 2 2 2 2 2 2 2 2 2 2 2 2 2 2 2 2 2 2 2 2 2 2 2 2 2 2
left_child=2 6 5 7 12 -1 10 16 20 13 11 -2 -3 -8 -7 -16 29 18 -5 -10 -6 23 -14 24 -20 -26 -27 -18 -29 -4
right_child=1 4 3 17 8 14 9 -9 19 -11 -12 -13 22 -15 15 -17 27 -19 21 -21 -22 -23 -24 -25 25 26 -28 28 -30 -31
leaf_value=-95.584833931711927 -8.6830278524538382 85.475030914515983 -85.176372646884772 -76.641000566984474 153.16777128594458 -187.36540456945247 85.945473017879564 -16.673469744230569 135.40498929908199 26.955839949803995 -19.314514642849304 38.913138396118555 86.066855585575112 26.704925528026763 -112.59160306878792 -181.08958966804275 -113.45227235492908 -84.441312834795781 -11.364608773793261 86.881570083618172 185.56306430003684 10.26909274339676 131.75003220785612 25.99917907714844 -71.841478210176746 1.67548641223332 -46.534402337389174 -30.707551661992479 -78.966065514812612 -112.4044635939598
leaf_weight=113 164 205 476 38 346 220 204 57 248 141 114 376 48 63 129 165 38 34 146 50 122 80 239 28 70 58 106 118 296 140
leaf_count=113 164 205 476 38 346 220 204 57 248 141 114 376 48 63 129 165 38 34 146 50 122 80 239 28 70 58 106 118 296 140
internal_value=-1.17257e-07 86.5184 -86.8177 -61.8974 132.513 -153.789 32.0353 -78.7019 148.25 56.4119 16.8279 24.458 108.012 71.9674 -166.585 -151.034 -82.0124 -28.1383 -24.499 127.263 161.613 -20.4387 124.11 -26.4599 -30.3253 -42.1554 -29.4846 -69.2669 -65.2112 -91.3646
internal_weight=4632 2320 2312 1685 1258 627 1062 1125 766 408 654 540 492 267 514 294 1068 560 526 298 468 488 287 408 380 234 164 452 414 616
internal_count=4632 2320 2312 1685 1258 627 1062 1125 766 408 654 540 492 267 514 294 1068 560 526 298 468 488 287 408 380 234 164 452 414 616
is_linear=0
shrinkage=0.05


Tree=27
num_leaves=31
num_cat=0
split_feature=5 5 5 5 5 5 3 0 0 3 1 1 4 0 3 3 0 0 0 0 3 6 3 0 0 0 0 0 0 3
split_gain=1.25615e+10 1.87927e+09 1.35901e+09 4.76692e+08 3.67395e+08 1.60352e+08 9.15668e+07 8.88401e+07 9.16882e+07 6.9924e+07 6.31655e+07 5.44102e+07 6.19309e+07 5.3285e+07 6.56886e+07 5.13141e+07 4.94215e+07 4.72202e+07 4.55125e+07 8.59762e+07 5.23956e+07 4.27073e+07 4.18823e+07 3.6391e+07 3.60537e+07 5.38581e+07 3.54639e+07 3.41139e+07 3.15926e+07 3.15203e+07
threshold=53877.600000000013 45732.250000000007 60346.100000000006 50040.950000000004 42561.450000000004 56844.450000000004 49079.150000000009 8.5000000000000018 14.500000000000002 48603.200000000004 4.5000000000000009 4.5000000000000009 59921.05000000001 14.500000000000002 54865.900000000009 49767.55000000001 18.500000000000004 16.500000000000004 17.500000000000004 2.5000000000000004 43300.900000000009 55441.72083333334 43779.700000000004 10.500000000000002 2.5000000000000004 21.500000000000004 17.500000000000004 3.5000000000000004 5.5000000000000009 51707.600000000006
decision_type=2 2 2 2 2 2 2 2 2 2 2 2 2 2 2 2 2 2 2 2 2 2 2 2 2 2 2 2 2 2
left_child=1 4 5 6 10 15 18 -4 21 -5 -1 12 26 28 -15 -2 -16 -8 19 -3 -21 23 27 -9 -12 -26 -7 -6 -11 -19
right_child=2 3 7 9 22 11 17 8 -10 13 24 -13 -14 14 16 -17 -18 29 -20 20 -22 -23 -24 -25 25 -27 -28 -29 -30 -31
leaf_value=-72.760495615005496 -38.962746954917911 -90.255088124938197 77.666695674497703 -44.746095609231432 -92.786862990815763 70.384138458906179 -0.17939140444896262 125.48577068840585 105.29488164860271 -7.6636384328206377 -182.05989885503595 7.1723281542460136 110.12731310889836 -34.861266779573889 54.212365503311162 34.587831590284239 -12.58330408997006 -63.015756507662985 -92.699837321851732 -122.21466653460548 -40.036328776427148 186.52462474278042 -89.347396783181978 148.92226844953129 -134.13038616415895 -179.58831024169922 4.56175783330744 -143.03684935750843 26.369228897094729 -25.366713820928815
leaf_weight=20 25 187 67 110 59 293 61 246 184 108 165 30 105 183 45 461 72 154 199 21 254 56 376 507 162 109 22 79 185 87
leaf_count=20 25 187 67 110 59 293 61 246 184 108 165 30 105 183 45 461 72 154 199 21 254 56 376 507 162 109 22 79 185 87
internal_value=-2.66445e-08 -71.6498 94.6236 -39.4361 -126.978 50.7183 -62.2876 133.393 137.153 -8.13299 -159.648 72.2254 76.8721 -1.34135 -16.1535 30.8044 13.1073 -39.4777 -72.7091 -64.0983 -46.3118 144.399 -97.9941 141.266 -163.633 -152.414 65.787 -121.553 13.8247 -49.4246
internal_weight=4632 2636 1996 1666 970 936 963 1060 993 703 456 450 420 593 300 486 117 302 661 462 275 809 514 753 436 271 315 138 293 241
internal_count=4632 2636 1996 1666 970 936 963 1060 993 703 456 450 420 593 300 486 117 302 661 462 275 809 514 753 436 271 315 138 293 241
is_linear=0
shrinkage=0.05


Tree=28
num_leaves=31
num_cat=0
split_feature=5 5 5 5 5 5 3 0 0 3 1 4 1 4 0 3 0 0 6 6 3 6 0 0 0 0 0 6 0 4
split_gain=1.13368e+10 1.69604e+09 1.22651e+09 4.30215e+08 3.31574e+08 1.44718e+08 8.27682e+07 8.01782e+07 8.27486e+07 6.31064e+07 5.70068e+07 5.13719e+07 4.91052e+07 5.58927e+07 4.88288e+07 4.6311e+07 4.0694e+07 4.57754e+07 4.92426e+07 3.85434e+07 3.83039e+07 3.62556e+07 3.31283e+07 1.0185e+08 3.28428e+07 3.25806e+07 3.20062e+07 3.04071e+07 8.15421e+07 3.83963e+07
threshold=53877.600000000013 45732.250000000007 60346.100000000006 50040.950000000004 42561.450000000004 56844.450000000004 47625.500000000007 8.5000000000000018 14.500000000000002 48603.200000000004 4.5000000000000009 47998.500000000007 4.5000000000000009 59921.05000000001 19.500000000000004 49767.55000000001 17.500000000000004 2.5000000000000004 54552.554166666669 55441.72083333334 41813.500000000007 54878.385416666679 3.5000000000000004 20.500000000000004 10.500000000000002 16.500000000000004 17.500000000000004 49392.162500000006 15.500000000000002 54797.200000000004
decision_type=2 2 2 2 2 2 2 2 2 2 2 2 2 2 2 2 2 2 2 2 2 2 2 2 2 2 2 2 2 2
left_child=1 4 5 6 10 15 16 -4 19 -5 -1 -8 13 26 27 -2 17 -3 -19 24 -6 25 -12 -24 -9 -13 -7 28 -11 -29
right_child=2 3 7 9 20 12 11 8 -10 14 22 21 -14 -15 -16 -17 -18 18 -20 -21 -22 -23 23 -25 -26 -27 -28 29 -30 -31
leaf_value=-69.122470726966853 -37.014609596252448 -84.031472489508715 73.783362333098452 -42.508790786049587 -131.36614439405244 66.864931375418919 -61.270500599097346 119.21148313816971 100.03013808882756 8.9885047784492151 -169.23411768992014 -13.966179007750291 6.81371182958285 104.62094790231613 -40.492003273282734 32.858439863271158 -98.75967571595136 -70.94595052676982 -21.81262700190911 177.19839047023231 -88.22647613684336 -5.8245497617267432 -84.905856326530724 -162.24592749714853 141.47615647461757 -64.441081756999708 4.3336701133034445 -0.23492415054984717 -63.314791761745113 34.687208643109777
leaf_weight=20 25 176 67 110 58 293 221 246 184 134 218 52 30 105 70 461 119 116 91 56 456 105 58 160 507 83 22 207 55 127
leaf_count=20 25 176 67 110 58 293 221 246 184 134 218 52 30 105 70 461 119 116 91 56 456 105 58 160 507 83 22 207 55 127
internal_value=-2.15449e-08 -68.0673 89.8924 -37.4643 -120.629 48.1824 -59.1732 126.723 130.295 -7.72634 -151.665 -43.8768 68.6142 73.0285 -1.27428 29.2641 -73.2204 -65.2852 -49.3463 137.179 -93.0944 -27.8601 -155.452 -141.669 134.202 -44.9989 62.4977 3.97475 -12.0521 13.0439
internal_weight=4632 2636 1996 1666 970 936 963 1060 993 703 456 461 450 420 593 486 502 383 207 809 514 240 436 218 753 135 315 523 189 334
internal_count=4632 2636 1996 1666 970 936 963 1060 993 703 456 461 450 420 593 486 502 383 207 809 514 240 436 218 753 135 315 523 189 334
is_linear=0
shrinkage=0.05


Tree=29
num_leaves=31
num_cat=0
split_feature=5 5 5 5 1 3 0 3 0 0 4 3 3 0 0 6 4 6 0 6 4 0 6 0 0 3 0 0 0 0
split_gain=1.02315e+10 1.53582e+09 1.10693e+09 4.72978e+08 2.33236e+08 1.33155e+08 8.10147e+07 7.71144e+07 7.23608e+07 7.46806e+07 6.83484e+07 6.77593e+07 6.02965e+07 9.00754e+07 5.32988e+07 5.24646e+07 3.94532e+07 3.85409e+07 5.70625e+07 3.73948e+07 4.24435e+07 4.21979e+07 3.47854e+07 3.41451e+07 3.89669e+07 3.03493e+07 2.96407e+07 2.94726e+07 5.35347e+07 2.74455e+07
threshold=53877.600000000013 44900.05000000001 60346.100000000006 49441.400000000009 4.5000000000000009 58694.350000000013 16.500000000000004 51345.650000000001 8.5000000000000018 14.500000000000002 50590.150000000009 46090.600000000013 52657.450000000004 12.500000000000002 19.500000000000004 55284.964583333342 48181.600000000013 48722.245833333342 17.500000000000004 49392.162500000006 54797.200000000004 15.500000000000002 55441.72083333334 1.5000000000000002 22.500000000000004 46018.900000000009 10.500000000000002 4.5000000000000009 6.5000000000000009 17.500000000000004
decision_type=2 2 2 2 2 2 2 2 2 2 2 2 2 2 2 2 2 2 2 2 2 2 2 2 2 2 2 2 2 2
left_child=1 4 5 11 -1 12 -7 15 -4 22 23 29 -2 -14 19 27 -13 18 -18 21 -21 -9 26 -6 25 -25 -10 -5 -29 -3
right_child=2 3 8 7 10 6 -8 14 9 -11 -12 16 13 -15 -16 -17 17 -19 -20 20 -22 -23 -24 24 -26 -27 -28 28 -30 -31
leaf_value=-80.682784088621759 4.4464075344071974 -72.922092186181985 70.094193338991985 -59.305729099837222 -170.60683699174362 103.36863754951592 48.674319552689155 8.6217211372998293 113.25090908306402 95.028631066498562 -89.524026265144357 -61.611260869451193 57.420075349265886 14.626267072984152 -42.602575870071142 26.096391315460206 -26.36132810868715 -23.007280913370099 -117.77204731356713 4.3778142925765779 47.034704277953324 -48.20633506191021 168.33847013201034 -136.70753585878606 -178.13802000565965 -75.977528311989531 134.40234679950061 6.9830445301101882 -42.720256515535027 -109.10251761542428
leaf_weight=235 139 312 67 88 110 132 139 98 246 184 60 414 330 196 56 40 38 167 31 144 98 49 56 317 55 22 507 83 156 63
leaf_count=235 139 312 67 88 110 132 139 98 246 184 60 414 330 196 56 40 38 167 31 144 98 49 56 317 55 22 507 83 156 63
internal_value=-2.09333e-07 -64.6639 85.3978 -39.4938 -122.533 45.7733 75.3151 -10.9888 120.387 123.78 -139.971 -62.0752 33.7345 41.4741 3.00423 -27.9559 -52.3107 -35.9953 -67.4299 9.56973 21.6521 -10.321 130.32 -145.976 -139.1 -132.766 127.492 -34.5678 -25.4593 -79.0004
internal_weight=4632 2636 1996 1837 799 936 271 812 1060 993 564 1025 665 526 445 367 650 236 69 389 242 147 809 504 394 339 753 327 239 375
internal_count=4632 2636 1996 1837 799 936 271 812 1060 993 564 1025 665 526 445 367 650 236 69 389 242 147 809 504 394 339 753 327 239 375
is_linear=0
shrinkage=0.05


Tree=30
num_leaves=31
num_cat=0
split_feature=5 5 5 5 1 3 3 0 0 4 3 0 3 0 6 0 0 6 4 0 3 6 0 0 0 0 0 4 5 0
split_gain=9.23389e+09 1.38607e+09 9.99001e+08 4.26863e+08 2.10495e+08 1.20743e+08 6.95957e+07 6.53057e+07 6.85273e+07 6.16844e+07 6.13797e+07 8.87889e+07 6.11554e+07 4.81022e+07 4.73493e+07 4.50328e+07 4.44489e+07 3.37488e+07 3.83053e+07 3.80836e+07 3.24914e+07 3.18669e+07 3.12722e+07 4.45236e+07 2.83837e+07 2.65991e+07 4.83151e+07 2.598e+07 2.58677e+07 2.52146e+07
threshold=53877.600000000013 44900.05000000001 60346.100000000006 49441.400000000009 4.5000000000000009 59813.450000000004 51345.650000000001 8.5000000000000018 15.500000000000002 50590.150000000009 52657.450000000004 9.5000000000000018 46157.450000000004 19.500000000000004 55284.964583333342 7.5000000000000009 15.500000000000002 49392.162500000006 54797.200000000004 15.500000000000002 51597.000000000007 55441.72083333334 2.5000000000000004 21.500000000000004 17.500000000000004 4.5000000000000009 6.5000000000000009 51292.600000000006 46869.450000000004 17.500000000000004
decision_type=2 2 2 2 2 2 2 2 2 2 2 2 2 2 2 2 2 2 2 2 2 2 2 2 2 2 2 2 2 2
left_child=1 4 5 12 -1 10 14 -4 21 22 -2 15 24 17 25 -12 -7 19 27 -8 29 -9 -6 -24 28 -5 -27 -19 -3 -14
right_child=2 3 7 6 9 16 13 8 -10 -11 11 -13 20 -15 -16 -17 -18 18 -20 -21 -22 -23 23 -25 -26 26 -28 -29 -30 -31
leaf_value=-76.648644362409058 4.2240869393451614 -81.435974500371117 66.589483046887537 -56.3404421676289 -156.52984828370992 127.49029173979889 8.1906351848524448 118.35796874132421 66.249675050329003 -85.047824687957771 50.103023061533086 24.892041224888395 -41.504518004144941 -40.472447335720062 24.791571054458618 96.669103784174538 66.751115052494001 29.650196641178457 44.682968228203912 -45.796017712962879 -18.478455924352012 153.90770835876467 -117.42983528719199 -156.13339746648614 -103.88374360589421 6.6338923718555867 -40.584243612908402 -13.535018689772663 -53.05137194883104 -62.906493720521411
leaf_weight=235 139 174 67 88 165 37 98 864 61 60 174 350 245 56 40 74 162 59 98 49 75 68 229 110 68 83 156 85 149 314
leaf_count=235 139 174 67 88 165 37 98 864 61 60 174 350 245 56 40 74 162 59 98 49 75 68 229 110 68 83 156 85 149 314
internal_value=-2.14149e-07 -61.4307 81.1279 -37.5191 -116.407 43.4846 -10.4394 114.368 117.591 -132.972 34.1531 41.1098 -58.9715 2.85401 -26.5581 63.9977 78.0443 9.09124 20.5695 -9.80492 -49.3803 120.952 -138.678 -129.989 -74.5233 -32.8394 -24.1863 4.15892 -68.3421 -53.5264
internal_weight=4632 2636 1996 1837 799 936 812 1060 993 564 737 598 1025 445 367 248 199 389 242 147 634 932 504 339 391 327 239 144 323 559
internal_count=4632 2636 1996 1837 799 936 812 1060 993 564 737 598 1025 445 367 248 199 389 242 147 634 932 504 339 391 327 239 144 323 559
is_linear=0
shrinkage=0.05


Tree=31
num_leaves=31
num_cat=0
split_feature=5 5 5 1 3 3 4 0 0 0 0 0 0 0 0 3 0 0 0 0 6 6 6 6 6 0 4 3 6 3
split_gain=8.33358e+09 1.251e+09 9.01598e+08 3.66774e+08 2.10092e+08 1.10234e+08 9.97413e+07 8.76212e+07 1.30208e+08 6.84536e+07 6.17406e+07 7.22548e+07 5.97053e+07 5.89384e+07 6.39432e+07 4.87826e+07 7.60413e+07 4.30611e+07 5.08011e+07 3.66696e+07 3.45732e+07 3.43204e+07 3.4245e+07 3.40017e+07 3.31721e+07 3.33834e+07 3.11849e+07 3.03859e+07 2.85836e+07 2.81657e+07
threshold=53877.600000000013 46869.450000000004 60346.100000000006 4.5000000000000009 51345.650000000001 58694.350000000013 47762.700000000004 3.5000000000000004 19.500000000000004 16.500000000000004 1.5000000000000002 22.500000000000004 19.500000000000004 8.5000000000000018 14.500000000000002 52657.450000000004 12.500000000000002 16.500000000000004 3.5000000000000004 21.500000000000004 55194.312500000007 47573.039583333346 54869.893750000003 54525.000000000007 49392.162500000006 18.500000000000004 57641.850000000006 55291.80000000001 55441.72083333334 42912.250000000007
decision_type=2 2 2 2 2 2 2 2 2 2 2 2 2 2 2 2 2 2 2 2 2 2 2 2 2 2 2 2 2 2
left_child=1 3 5 10 6 15 19 -5 29 -7 -1 23 24 -4 28 -2 -17 18 -8 21 -20 -3 -19 -12 26 27 -6 -26 -15 -9
right_child=2 4 13 7 12 9 17 8 -10 -11 11 -13 -14 14 -16 16 -18 22 20 -21 -22 -23 -24 -25 25 -27 -28 -29 -30 -31
leaf_value=-85.534657187362512 4.0128829071847658 -85.706971803788221 63.260010535681431 -146.06503827831963 2.5987378695654493 93.976830954262709 -60.265846544015609 -102.84319852193197 -134.57259480828588 43.701080164806456 7.1671379682180048 -85.467412060762939 -32.538036585063267 115.19980086724598 85.107129497113434 51.969366620697762 12.650351804707732 -81.050191085679202 -17.203581462398912 -92.121126800113259 29.115977202070521 -44.064521248729868 -21.722468815293425 -45.030247661486349 20.970080207438954 0.30855417084275633 -50.168360376358038 72.992529389916399 152.22616393225533 -65.967027236090772
leaf_weight=240 139 62 67 220 126 132 61 84 220 139 37 113 114 753 184 330 196 56 282 72 47 245 43 199 89 114 36 41 56 135
leaf_count=240 139 62 67 220 126 132 61 84 220 139 37 113 114 753 184 330 196 56 282 72 47 245 43 199 89 114 36 41 56 135
internal_value=-1.3501e-07 -58.3592 77.0715 -94.6848 -25.6975 41.3104 -40.7539 -120.311 -107.404 68.1896 -66.0135 -52.5893 -0.564904 108.649 111.712 30.3566 37.3182 -25.8324 -18.3569 -60.0062 -10.5865 -52.4744 -55.2816 -36.8468 8.41277 20.0582 -9.12728 37.3772 117.763 -80.1113
internal_weight=4632 2636 1996 1248 1388 936 868 659 439 271 589 349 520 1060 993 665 526 489 390 379 329 307 99 236 406 244 162 130 809 219
internal_count=4632 2636 1996 1248 1388 936 868 659 439 271 589 349 520 1060 993 665 526 489 390 379 329 307 99 236 406 244 162 130 809 219
is_linear=0
shrinkage=0.05


Tree=32
num_leaves=31
num_cat=0
split_feature=5 5 5 1 3 3 0 4 0 0 1 0 0 0 3 0 0 0 0 6 6 6 6 6 6 4 0 5 4 6
split_gain=7.52106e+09 1.12903e+09 8.13692e+08 3.31013e+08 1.89608e+08 9.98963e+07 9.46277e+07 9.00166e+07 7.90781e+07 1.17513e+08 7.21538e+07 5.57209e+07 6.52099e+07 5.3884e+07 5.33461e+07 4.88861e+07 3.88627e+07 4.5848e+07 3.30943e+07 3.20067e+07 3.12336e+07 3.11274e+07 3.09741e+07 3.06865e+07 2.99378e+07 3.08376e+07 2.98824e+07 2.98304e+07 2.86758e+07 2.85047e+07
threshold=53877.600000000013 46869.450000000004 60346.100000000006 4.5000000000000009 51345.650000000001 53867.05000000001 17.500000000000004 47762.700000000004 3.5000000000000004 19.500000000000004 4.5000000000000009 1.5000000000000002 22.500000000000004 19.500000000000004 62117.05000000001 13.500000000000002 16.500000000000004 3.5000000000000004 21.500000000000004 55146.743750000001 55307.793750000004 48390.962500000016 47573.039583333346 54525.000000000007 49392.162500000006 55317.650000000001 14.500000000000002 53253.900000000009 61426.900000000009 55185.527083333342
decision_type=2 2 2 2 2 2 2 2 2 2 2 2 2 2 2 2 2 2 2 2 2 2 2 2 2 2 2 2 2 2
left_child=1 3 5 11 7 -2 10 18 -5 -10 28 -1 23 24 -4 29 17 -9 22 -8 -19 -18 -3 -13 26 -26 27 -6 -7 -16
right_child=2 4 14 8 13 6 19 16 9 -11 -12 12 -14 -15 15 -17 21 20 -20 -21 -22 -23 -24 -25 25 -27 -28 -29 -30 -31
leaf_value=-81.257924167712531 11.812559004413838 -81.421623328424275 86.606997975671163 -138.76178535027938 37.315696895365811 62.403918765331142 -6.7698828258297672 -57.25255515614495 -76.105746490443678 -127.84396555857225 21.973084539966248 6.8087812720118341 -81.19404228767462 -30.911134962449996 113.14252628171167 93.511809896512801 -102.07952608267466 -15.026023562642553 -87.515068997277154 48.138994979858403 37.707869794291831 -36.65765907287598 -41.861295287268504 -42.778735190300495 5.5860309937692456 42.513043414340927 -27.40253821559574 -33.91070004417783 104.05775577711023 141.27203967297666
leaf_weight=240 245 62 332 220 49 406 88 61 219 220 113 37 113 114 344 262 24 298 72 38 31 75 245 199 155 89 92 21 46 122
leaf_count=240 245 62 332 220 49 406 88 61 219 220 113 37 113 114 344 262 24 298 72 38 31 75 245 199 155 89 92 21 46 122
internal_value=-1.22027e-07 -55.4412 73.218 -89.9506 -24.4126 39.2449 48.9713 -38.7162 -114.295 -102.034 57.709 -62.7129 -49.9598 -0.536659 103.217 110.792 -24.5408 -17.439 -57.0059 9.78994 -10.0572 -52.5175 -49.8507 -35.0044 7.99213 19.0553 -8.67092 15.9478 66.643 120.507
internal_weight=4632 2636 1996 1248 1388 936 691 868 659 439 565 589 349 520 1060 728 489 390 379 126 329 99 307 236 406 244 162 70 452 466
internal_count=4632 2636 1996 1248 1388 936 691 868 659 439 565 589 349 520 1060 728 489 390 379 126 329 99 307 236 406 244 162 70 452 466
is_linear=0
shrinkage=0.05


Tree=33
num_leaves=31
num_cat=0
split_feature=5 5 5 1 3 3 0 0 0 0 0 0 0 0 0 0 6 0 1 0 0 4 0 3 6 6 4 6 3 3
split_gain=6.78776e+09 1.01895e+09 7.34357e+08 2.98739e+08 1.72937e+08 9.09109e+07 7.42454e+07 7.1368e+07 1.06055e+08 5.90959e+07 5.11626e+07 5.67225e+07 5.02881e+07 5.8852e+07 4.61062e+07 4.93812e+07 4.38474e+07 3.71972e+07 5.98314e+07 6.89987e+07 4.44394e+07 3.71108e+07 3.68181e+07 4.28634e+07 3.3218e+07 2.76946e+07 2.64008e+07 2.56538e+07 2.54195e+07 2.46794e+07
threshold=53877.600000000013 46869.450000000004 60346.100000000006 4.5000000000000009 48701.500000000007 58694.350000000013 20.500000000000004 3.5000000000000004 19.500000000000004 16.500000000000004 8.5000000000000018 15.500000000000002 1.5000000000000002 22.500000000000004 16.500000000000004 2.5000000000000004 54786.791666666679 15.500000000000002 4.5000000000000009 18.500000000000004 4.5000000000000009 53035.750000000007 13.500000000000002 52657.450000000004 54558.752083333347 54525.000000000007 48064.850000000006 55448.812500000007 42912.250000000007 41564.05000000001
decision_type=2 2 2 2 2 2 2 2 2 2 2 2 2 2 2 2 2 2 2 2 2 2 2 2 2 2 2 2 2 2
left_child=1 3 5 12 14 16 17 29 28 -7 -4 27 -1 25 15 -3 22 20 19 -19 -6 -18 23 -2 -17 -14 -27 -12 -9 -5
right_child=2 4 10 7 6 9 -8 8 -10 -11 11 -13 13 -15 -16 24 21 18 -20 -21 -22 -23 -24 -25 -26 26 -28 -29 -30 -31
leaf_value=-77.19502862036228 -6.7746787182696453 -71.113772297965156 55.766658673891385 -124.78873122608599 -35.173099833401771 85.652435018506026 -52.261893592561989 -93.895752098446806 -121.45176624124701 38.939301727143985 101.7520948532258 54.198673222702546 6.4683419498237402 -77.134339168852421 -75.073598638839186 -44.310957865129438 -6.8126839840050906 68.749736531575522 -45.897272136755163 -11.5689832126222 13.351216365702181 49.781350919315088 -10.219994474450749 36.519272461238209 -12.130068705097729 -49.631138732135298 -3.7522501762096696 135.04090506645943 -58.863388960096579 -171.6884980172822
leaf_weight=240 77 90 67 187 55 132 91 84 220 139 870 61 37 113 108 171 33 30 114 246 332 237 96 222 151 160 39 62 135 33
leaf_count=240 77 90 67 187 55 132 91 84 220 139 870 61 37 113 108 171 33 30 114 246 332 237 96 222 151 160 39 62 135 33
internal_value=-1.04173e-07 -52.6692 69.5571 -85.453 -23.192 37.2826 -9.5317 -108.58 -96.9321 61.6926 98.056 100.909 -59.5772 -47.4618 -45.9942 -38.3715 27.3351 -4.52726 -15.425 -2.83869 6.455 42.8643 16.7203 25.37 -29.2199 -33.2542 -40.6398 103.967 -72.3005 -131.824
internal_weight=4632 2636 1996 1248 1388 936 868 659 439 271 1060 993 589 349 520 412 665 777 390 276 387 270 395 299 322 236 199 932 219 220
internal_count=4632 2636 1996 1248 1388 936 868 659 439 271 1060 993 589 349 520 412 665 777 390 276 387 270 395 299 322 236 199 932 219 220
is_linear=0
shrinkage=0.05


Tree=34
num_leaves=31
num_cat=0
split_feature=5 5 5 1 3 3 0 4 0 0 1 0 0 0 0 0 0 0 0 6 6 0 6 6 5 0 6 4 4 6
split_gain=6.12595e+09 9.19598e+08 6.62757e+08 2.69612e+08 1.56527e+08 8.40089e+07 8.01926e+07 7.36609e+07 6.44096e+07 9.57149e+07 6.11563e+07 4.62632e+07 4.61743e+07 5.19634e+07 4.5385e+07 5.31139e+07 3.98586e+07 3.22195e+07 4.04714e+07 2.94179e+07 2.83781e+07 2.76905e+07 2.74664e+07 2.72689e+07 2.59934e+07 4.59246e+07 2.52455e+07 2.6287e+07 2.59182e+07 2.49944e+07
threshold=53877.600000000013 46869.450000000004 60346.100000000006 4.5000000000000009 51345.650000000001 53867.05000000001 17.500000000000004 47762.700000000004 3.5000000000000004 19.500000000000004 4.5000000000000009 19.500000000000004 8.5000000000000018 13.500000000000002 1.5000000000000002 22.500000000000004 10.500000000000002 16.500000000000004 3.5000000000000004 54975.852083333339 55194.312500000007 21.500000000000004 55172.31458333334 47573.039583333346 42039.500000000007 4.5000000000000009 49392.162500000006 55317.650000000001 57641.850000000006 54525.000000000007
decision_type=2 2 2 2 2 2 2 2 2 2 2 2 2 2 2 2 2 2 2 2 2 2 2 2 2 2 2 2 2 2
left_child=1 3 5 14 7 -2 10 21 -5 24 -7 26 -4 16 -1 29 -14 18 -9 -19 -20 23 -8 -3 -10 -26 28 -28 -6 -16
right_child=2 4 12 8 11 6 22 17 9 -11 -12 -13 13 -15 15 -17 -18 19 20 -21 -22 -23 -24 -25 25 -27 27 -29 -30 -31
leaf_value=-73.335276948014894 10.261979617877884 -74.650818397152804 52.978325607527552 -125.23251283819025 2.952169157032456 60.606744162593273 -6.4956515149275464 -53.145265923171749 -17.138711357116701 -115.3791789410331 19.481710820493447 -28.483716679978791 88.32035624804665 79.352726074479392 6.1449251878905944 -73.277622494655375 113.38869250074102 -68.282312305389894 -14.798440233020919 -11.62292631732093 27.166436118267953 -79.480684553252331 45.179692437913687 -37.531978733296299 -123.82367619966206 -62.639994854597177 5.2871072972205377 39.380845887205574 -45.153160550859241 -38.607808390873764
leaf_weight=240 245 62 67 220 126 452 90 61 22 220 113 114 257 322 37 113 414 63 282 36 47 72 36 245 38 159 155 89 36 199
leaf_count=240 245 62 67 220 126 452 90 61 22 220 113 114 257 322 37 113 414 63 282 36 47 72 36 245 38 159 155 89 36 199
internal_value=-2.77209e-07 -50.0357 66.0792 -81.1804 -22.0324 35.4185 44.338 -35.0285 -103.151 -92.0855 52.3817 -0.339014 93.1532 95.8639 -56.5984 -45.0887 103.787 -22.2053 -15.739 -47.6789 -8.80346 -51.5733 8.26873 -45.0283 -68.6854 -74.4419 7.56369 17.7229 -7.7379 -31.5915
internal_weight=4632 2636 1996 1248 1388 936 691 868 659 439 565 520 1060 993 589 349 671 489 390 99 329 379 126 307 219 197 406 244 162 236
internal_count=4632 2636 1996 1248 1388 936 691 868 659 439 565 520 1060 993 589 349 671 489 390 99 329 379 126 307 219 197 406 244 162 236
is_linear=0
shrinkage=0.05


Tree=35
num_leaves=31
num_cat=0
split_feature=5 5 5 1 3 3 0 0 0 6 4 0 0 0 0 0 0 6 0 0 0 3 6 0 5 0 0 6 3 0
split_gain=5.52867e+09 8.29938e+08 5.98139e+08 2.43325e+08 1.43744e+08 7.60491e+07 6.27685e+07 5.81297e+07 8.72583e+07 4.67296e+07 5.00372e+07 4.34666e+07 4.89518e+07 4.096e+07 4.79353e+07 3.77152e+07 3.73892e+07 3.99759e+07 3.30425e+07 3.21468e+07 3.09236e+07 5.21792e+07 3.8992e+07 3.85261e+07 2.66659e+07 2.86592e+07 3.19392e+07 2.52822e+07 2.49662e+07 3.92224e+07
threshold=53877.600000000013 46869.450000000004 60346.100000000006 4.5000000000000009 48701.500000000007 60740.05000000001 20.500000000000004 3.5000000000000004 20.500000000000004 54893.762500000004 57951.05000000001 15.500000000000002 9.5000000000000018 1.5000000000000002 22.500000000000004 21.500000000000004 2.5000000000000004 54558.752083333347 15.500000000000002 13.500000000000002 15.500000000000002 56513.400000000009 54827.20625000001 4.5000000000000009 41569.600000000013 4.5000000000000009 18.500000000000004 55215.347916666673 52287.600000000006 13.500000000000002
decision_type=2 2 2 2 2 2 2 2 2 2 2 2 2 2 2 2 2 2 2 2 2 2 2 2 2 2 2 2 2 2
left_child=1 3 5 13 15 9 20 -5 24 28 -11 12 -4 -1 -15 16 -3 -18 -7 27 23 22 -22 -6 -9 -26 -27 -14 -2 -30
right_child=2 4 11 7 6 18 -8 8 -10 10 -12 -13 19 14 -16 -17 17 -19 -20 -21 21 -23 -24 -25 25 26 -28 -29 29 -31
leaf_value=-69.668513657947386 -8.7686995691723304 -65.285421022938365 68.084396055009634 -118.97088642445479 -32.621526759754531 120.14527026367188 -47.765662468920702 -22.008846774468054 -116.20716818433819 28.208761493822671 71.046366141877087 47.521103733875719 97.325627442671802 -30.011915864479747 -69.61374218527196 -76.1458470247794 -44.701691938061082 -11.331123606173579 56.517795499165857 81.897361852348538 -33.606431435490094 34.434822191510882 1.4811112170696259 12.559150878420796 -113.42495223952504 -49.225491768230093 -88.583643384815502 122.77080898284913 34.918042515095017 3.8872270149895645
leaf_weight=240 72 90 189 220 55 25 91 26 165 191 106 61 422 236 113 69 194 167 111 261 216 49 125 332 41 110 97 127 266 165
leaf_count=240 72 90 189 220 55 25 91 26 165 191 106 61 422 236 113 69 194 167 111 261 216 49 125 332 41 110 97 127 266 165
internal_value=-2.45182e-07 -47.5339 62.7752 -77.1214 -20.9308 33.6476 -8.47669 -97.9937 -87.4812 27.7713 43.4976 88.4955 90.9975 -53.7684 -42.8343 -41.7196 -36.4526 -29.2643 68.214 96.3439 -3.87528 -13.8117 -20.7444 6.13812 -70.1827 -75.2332 -67.6687 103.212 18.4856 23.0385
internal_weight=4632 2636 1996 1248 1388 936 868 659 439 800 297 1060 999 589 349 520 451 361 136 810 777 390 341 387 274 248 207 549 503 431
internal_count=4632 2636 1996 1248 1388 936 868 659 439 800 297 1060 999 589 349 520 451 361 136 810 777 390 341 387 274 248 207 549 503 431
is_linear=0
shrinkage=0.05


Tree=36
num_leaves=31
num_cat=0
split_feature=5 5 5 1 3 3 0 0 0 4 1 0 0 4 0 3 3 1 4 6 6 6 1 4 6 0 3 5 4 4
split_gain=4.98962e+09 7.49019e+08 5.3982e+08 2.19601e+08 1.2983e+08 7.11226e+07 6.78057e+07 5.54528e+07 8.11267e+07 5.25396e+07 5.25284e+07 3.94735e+07 4.46267e+07 3.79166e+07 3.68115e+07 3.45619e+07 3.10704e+07 3.15326e+07 2.81055e+07 3.75755e+07 2.72302e+07 2.68717e+07 3.11333e+07 3.74282e+07 2.78244e+07 2.6294e+07 2.48039e+07 2.47413e+07 2.45342e+07 2.57434e+07
threshold=53877.600000000013 46869.450000000004 60346.100000000006 4.5000000000000009 50944.650000000009 53867.05000000001 17.500000000000004 16.500000000000004 3.5000000000000004 51477.200000000004 4.5000000000000009 8.5000000000000018 15.500000000000002 48255.850000000013 19.500000000000004 47187.400000000001 46858.200000000004 4.5000000000000009 42662.450000000004 54934.100000000006 49392.162500000006 46576.5 5.5000000000000009 43229.05000000001 46932.912499999999 1.0000000180025095e-35 47302.350000000013 48197.150000000001 54917.55000000001 51292.600000000006
decision_type=2 2 2 2 2 2 2 2 2 2 2 2 2 2 2 2 2 2 2 2 2 2 2 2 2 2 2 2 2 2
left_child=1 3 5 13 7 -2 10 8 26 15 -7 -4 -13 18 20 21 17 -10 -1 -20 -6 -5 25 24 -24 -23 -3 -18 29 -22
right_child=2 4 11 9 14 6 -8 -9 16 -11 -12 12 -14 -15 -16 -17 27 -19 19 -21 28 22 23 -25 -26 -27 -28 -29 -30 -31
leaf_value=-33.702754008479239 8.8183517279187029 -40.362478386216864 46.925190588253649 -122.51778309605703 -9.8870308389771466 55.191375765336296 7.0053605874379477 -53.381300534051036 7.8009141555199255 -57.131729652123028 17.07752338763887 89.288797802816234 45.145048216522724 -6.9717461713155124 -24.81100138055556 -46.398087158203126 43.369171729454628 -58.644513629612177 -78.072411160969608 -47.899391786962127 28.532970846852947 -156.71556295776369 -107.59785572903827 -39.274428217751641 -63.01285583028254 -102.31220744147373 -81.766869013360207 -7.6999668467486346 34.516695225354539 -12.553866396046649
leaf_weight=123 245 157 67 119 177 452 126 232 26 88 113 932 61 45 132 30 26 57 181 240 62 25 103 42 53 199 47 270 103 99
leaf_count=123 245 157 67 119 177 452 126 232 26 88 113 932 61 45 132 30 26 57 181 240 62 25 103 42 53 199 47 270 103 99
internal_value=-3.07237e-08 -45.1572 59.6365 -73.2653 -19.8843 31.9652 40.1721 -32.7064 -24.479 -93.094 47.5686 84.0708 86.577 -51.08 -1.64682 -98.6364 -10.795 -37.8303 -54.7287 -60.8716 5.28668 -101.533 -95.6157 -81.1706 -92.4504 -108.384 -49.9017 -3.21416 15.46 3.26839
internal_weight=4632 2636 1996 1248 1388 936 691 815 583 659 565 1060 993 589 573 571 379 83 544 421 441 541 422 198 156 224 204 296 264 161
internal_count=4632 2636 1996 1248 1388 936 691 815 583 659 565 1060 993 589 573 571 379 83 544 421 441 541 422 198 156 224 204 296 264 161
is_linear=0
shrinkage=0.05


Tree=37
num_leaves=31
num_cat=0
split_feature=3 5 5 5 1 0 0 0 6 1 0 0 0 3 6 6 0 5 4 0 0 6 4 1 0 0 5 6 6 0
split_gain=4.50592e+09 6.79204e+08 5.37345e+08 1.46852e+08 1.01113e+08 8.81427e+07 8.08018e+07 7.82534e+07 6.94945e+07 5.10758e+07 4.97994e+07 4.63157e+07 4.67002e+07 4.4572e+07 4.36795e+07 3.90412e+07 3.72272e+07 3.52287e+07 3.06946e+07 2.79392e+07 4.07604e+07 2.5324e+07 2.29555e+07 2.26255e+07 3.09426e+07 2.25233e+07 2.9194e+07 2.2284e+07 2.22821e+07 1.97974e+07
threshold=52582.600000000013 58704.900000000009 44900.05000000001 50040.950000000004 4.5000000000000009 18.500000000000004 15.500000000000002 8.5000000000000018 54723.14166666667 1.0000000180025095e-35 13.500000000000002 2.5000000000000004 17.500000000000004 42912.250000000007 53722.86041666667 46610.600000000013 21.500000000000004 37663.700000000004 55635.350000000006 4.5000000000000009 15.500000000000002 55448.812500000007 41237.950000000004 4.5000000000000009 8.5000000000000018 5.5000000000000009 52866.600000000006 54882.92500000001 55046.441666666673 3.5000000000000004
decision_type=2 2 2 2 2 2 2 2 2 2 2 2 2 2 2 2 2 2 2 2 2 2 2 2 2 2 2 2 2 2
left_child=2 5 4 11 -1 8 7 -3 9 -2 -11 -4 13 -13 -14 22 -16 -17 -10 -5 23 -9 -6 25 -25 26 -21 -15 -22 -19
right_child=1 6 3 19 15 -7 -8 21 18 10 -12 12 14 27 16 17 -18 29 -20 20 28 -23 -24 24 -26 -27 -28 -29 -30 -31
leaf_value=-53.491995596987138 50.130755501748489 45.59082748539798 -59.544524804151287 -36.500326803666127 -136.69748160418342 -10.863087648184843 41.224764439934177 83.084179492460365 22.760330896681928 24.001622119100926 -11.370386702184518 -93.373159644717262 -81.338519114176435 -26.230312623083591 -22.09865178005424 -119.98367452167329 -54.301529761933786 -95.402250838464553 57.374164862182013 19.3088670501709 -48.38792989955229 115.87541687223649 -94.265988245010377 -40.000860460873312 6.6313957684713856 33.846391813053806 -31.632535552978517 1.6034074687957762 10.534295622507733 -71.184256160063825
leaf_weight=235 88 143 265 79 68 189 152 900 94 221 181 21 75 256 167 63 194 129 201 75 68 63 60 58 92 85 45 100 21 244
leaf_count=235 88 143 265 79 68 189 152 900 94 221 181 21 75 256 167 63 194 129 201 75 68 63 60 58 92 85 45 100 21 244
internal_value=5.42316e-08 51.1371 -47.5575 -30.8439 -81.0473 19.7909 75.4066 80.1043 27.1713 15.6282 8.07542 -41.3916 -35.4746 -22.5874 -46.6178 -92.5287 -39.4044 -85.401 46.3447 -9.10325 -4.22855 85.2294 -116.808 3.35685 -11.3997 14.1544 0.205841 -18.4119 -34.4849 -79.5599
internal_weight=4632 2232 2400 1601 799 974 1258 1106 785 490 402 1078 813 377 436 564 361 436 295 523 444 963 128 355 150 205 120 356 89 373
internal_count=4632 2232 2400 1601 799 974 1258 1106 785 490 402 1078 813 377 436 564 361 436 295 523 444 963 128 355 150 205 120 356 89 373
is_linear=0
shrinkage=0.05


Tree=38
num_leaves=31
num_cat=0
split_feature=3 5 5 5 1 0 0 0 6 1 0 0 0 3 6 6 0 5 4 0 0 6 6 4 6 6 0 0 5 1
split_gain=4.06659e+09 6.12982e+08 4.84954e+08 1.32534e+08 9.12546e+07 7.95488e+07 7.29236e+07 7.06237e+07 6.27188e+07 4.60959e+07 4.4944e+07 4.18e+07 4.21469e+07 4.02262e+07 3.94208e+07 3.52347e+07 3.35975e+07 3.17939e+07 2.77018e+07 2.52151e+07 3.67863e+07 2.28549e+07 2.1724e+07 2.07173e+07 2.01113e+07 2.01096e+07 1.92217e+07 1.90664e+07 1.84468e+07 1.99163e+07
threshold=52582.600000000013 58704.900000000009 44900.05000000001 50040.950000000004 4.5000000000000009 18.500000000000004 15.500000000000002 8.5000000000000018 54723.14166666667 1.0000000180025095e-35 13.500000000000002 2.5000000000000004 17.500000000000004 42912.250000000007 53722.86041666667 46610.600000000013 21.500000000000004 37663.700000000004 55635.350000000006 4.5000000000000009 15.500000000000002 55448.812500000007 55215.347916666673 41237.950000000004 54882.92500000001 55046.441666666673 20.500000000000004 7.5000000000000009 47924.750000000007 2.5000000000000004
decision_type=2 2 2 2 2 2 2 2 2 2 2 2 2 2 2 2 2 2 2 2 2 2 2 2 2 2 2 2 2 2
left_child=2 5 4 11 -1 8 7 27 9 -2 -11 28 13 -13 -14 23 -16 -17 -10 -5 22 -9 -21 -6 -15 -22 -25 -3 29 -4
right_child=1 6 3 19 15 -7 -8 21 18 10 -12 12 14 24 16 17 -18 -19 -20 20 25 -23 -24 26 -26 -27 -28 -29 -30 -31
leaf_value=-50.817396141214573 47.624216831814159 8.6084731317335557 -40.332985683613359 -34.675310260434699 -129.86260748470531 -10.319933369929197 39.163526153564455 78.929969831042825 21.622314124411727 22.801540975225461 -10.801867290755004 -88.704503304617745 -77.271592814127615 -24.918797001615168 -20.99371928369214 -113.98448922293527 -51.586453116062991 -75.581920617259541 54.50545657588475 -1.0300260873616867 -45.968533445807068 110.08164824228439 39.449912750398795 -68.785990172166095 1.5232369194030762 10.007580402919224 -128.11941408429828 52.91652907644 -94.199942105391926 -70.115064484140149
leaf_weight=235 88 31 144 79 68 189 152 900 94 221 181 21 75 256 167 63 194 373 201 318 68 63 37 39 100 21 21 112 29 92
leaf_count=235 88 31 144 79 68 189 152 900 94 221 181 21 75 256 167 63 194 373 201 318 68 63 37 39 100 21 21 112 29 92
internal_value=-1.07599e-07 48.5802 -45.1796 -29.3017 -76.995 18.8014 71.6363 76.0991 25.8128 14.8468 7.67165 -39.322 -33.7008 -21.458 -44.2869 -87.9023 -37.4341 -81.1309 44.0274 -8.64809 -4.01712 80.9679 3.18901 -110.967 -17.4913 -32.7607 -89.5527 43.3113 -56.5673 -51.9429
internal_weight=4632 2232 2400 1601 799 974 1258 1106 785 490 402 1078 813 377 436 564 361 436 295 523 444 963 355 128 356 89 60 143 265 236
internal_count=4632 2232 2400 1601 799 974 1258 1106 785 490 402 1078 813 377 436 564 361 436 295 523 444 963 355 128 356 89 60 143 265 236
is_linear=0
shrinkage=0.05


Tree=39
num_leaves=31
num_cat=0
split_feature=3 5 5 5 1 0 0 0 6 1 0 0 6 0 0 6 1 3 5 4 0 0 6 1 0 0 5 4 6 0
split_gain=3.6701e+09 5.53216e+08 4.37671e+08 1.19612e+08 8.23572e+07 7.17928e+07 6.58136e+07 6.37379e+07 5.66037e+07 4.16015e+07 4.05619e+07 3.77245e+07 3.95986e+07 3.53245e+07 3.48582e+07 3.17993e+07 3.12499e+07 2.96971e+07 2.8694e+07 2.50009e+07 2.27567e+07 3.31996e+07 2.06266e+07 1.98096e+07 2.79257e+07 2.04486e+07 2.61911e+07 1.86974e+07 1.81489e+07 1.78671e+07
threshold=52582.600000000013 58704.900000000009 44900.05000000001 50040.950000000004 4.5000000000000009 18.500000000000004 15.500000000000002 8.5000000000000018 54723.14166666667 1.0000000180025095e-35 13.500000000000002 2.5000000000000004 54869.893750000003 21.500000000000004 17.500000000000004 46610.600000000013 1.5000000000000002 44423.650000000001 37663.700000000004 55635.350000000006 4.5000000000000009 15.500000000000002 55448.812500000007 4.5000000000000009 8.5000000000000018 5.5000000000000009 52866.600000000006 41237.950000000004 55046.441666666673 3.5000000000000004
decision_type=2 2 2 2 2 2 2 2 2 2 2 2 2 2 2 2 2 2 2 2 2 2 2 2 2 2 2 2 2 2
left_child=2 5 4 11 -1 8 7 -3 9 -2 -11 -4 14 -14 17 27 -16 -13 -17 -10 -5 23 -9 25 -25 26 -22 -6 -23 -20
right_child=1 6 3 20 15 -7 -8 22 19 10 -12 12 13 -15 16 18 -18 -19 29 -21 21 28 -24 24 -26 -27 -28 -29 -30 -31
leaf_value=-48.276526198862719 45.243006728995937 41.145721558257421 -53.738933801111187 -32.941544351698482 -123.36947702800526 -9.8039369134045149 37.20534986445778 74.983471663978364 20.541198434220988 21.661463785171509 -10.261774273867108 -62.979798427581784 -4.1490450610396685 -39.892850140658297 -30.773269911342197 -108.28526545933315 -67.903757454367252 -20.36179337134319 -86.85304137533025 51.780184042587216 17.936151677449544 -43.670107046295612 104.57756354770964 -37.949316037985788 6.3513269200273186 31.896020808360159 -30.314251658121744 -85.075053885777791 9.5072015932628098 -63.84594755055474
leaf_weight=235 88 143 265 79 68 189 152 900 94 221 181 50 186 110 90 63 153 224 129 201 75 68 63 58 92 85 45 60 21 244
leaf_count=235 88 143 265 79 68 189 152 900 94 221 181 50 186 110 90 63 153 224 129 201 75 68 63 58 92 85 45 60 21 244
internal_value=-8.0022e-08 46.1512 -42.9206 -27.8366 -73.1452 17.8613 68.0545 72.2942 24.5221 14.1045 7.28807 -37.3559 -32.0158 -17.4322 -40.3654 -83.5072 -54.1517 -28.1388 -77.0744 41.8261 -8.21569 -3.81627 76.9195 3.02956 -10.7783 13.1328 -0.15775 -105.419 -31.1227 -71.8028
internal_weight=4632 2232 2400 1601 799 974 1258 1106 785 490 402 1078 813 296 517 564 243 274 436 295 523 444 963 355 150 205 120 128 89 373
internal_count=4632 2232 2400 1601 799 974 1258 1106 785 490 402 1078 813 296 517 564 243 274 436 295 523 444 963 355 150 205 120 128 89 373
is_linear=0
shrinkage=0.05


Tree=40
num_leaves=31
num_cat=0
split_feature=3 3 5 0 5 0 1 0 6 0 0 4 1 3 1 0 3 0 0 6 1 4 0 6 6 4 5 5 0 3
split_gain=3.31226e+09 5.02755e+08 3.94998e+08 1.23811e+08 1.0795e+08 9.61731e+07 7.43274e+07 3.40463e+07 3.57377e+07 3.18803e+07 3.14595e+07 3.00428e+07 2.82031e+07 2.69105e+07 2.51799e+07 2.61055e+07 2.07561e+07 2.35276e+07 2.80748e+07 2.05353e+07 2.71732e+07 3.0489e+07 2.444e+07 2.15722e+07 1.76973e+07 3.12927e+07 1.83021e+07 1.71625e+07 2.21369e+07 1.88647e+07
threshold=52582.600000000013 58694.350000000013 44900.05000000001 15.500000000000002 50040.950000000004 13.500000000000002 4.5000000000000009 2.5000000000000004 54869.893750000003 21.500000000000004 17.500000000000004 51477.200000000004 1.5000000000000002 42912.250000000007 3.5000000000000004 6.5000000000000009 46672.350000000006 15.500000000000002 4.5000000000000009 46610.600000000013 5.5000000000000009 43229.05000000001 1.0000000180025095e-35 46932.912499999999 54823.060416666667 54797.200000000004 54982.750000000007 57182.500000000007 7.5000000000000009 58019.700000000004
decision_type=2 2 2 2 2 2 2 2 2 2 2 2 2 2 2 2 2 2 2 2 2 2 2 2 2 2 2 2 2 2
left_child=2 5 6 -3 7 14 -1 -4 10 -10 13 19 -12 -9 15 -2 -6 18 -18 -8 22 23 -21 -22 -7 -26 -27 -17 -29 -30
right_child=1 3 4 -5 16 24 11 8 9 -11 12 -13 -14 -15 -16 27 17 -19 -20 20 21 -23 -24 -25 25 26 -28 28 29 -31
leaf_value=-45.862699598352961 9.4536352272033692 73.31359493909973 -51.051986694245969 36.212421001183706 -47.486887236564392 -8.3604290810337769 -100.14801794290543 -81.120286451067244 -3.9415927420380292 -37.898207395726985 -29.234605890909833 -40.607278699460238 -64.508569916245207 -22.217407109614889 20.205995529480564 81.593981977190296 -31.804065233866375 -28.895478087732165 5.2529848582502723 -133.36442926194931 -86.036767588379575 -15.512358612849795 -82.526087044163759 -45.572457172356401 -2.2010693461955095 80.181397864932109 20.470927729751125 22.296251572789373 73.193527548653748 29.434629460384969
leaf_weight=235 50 967 265 293 31 270 128 21 186 110 90 46 153 253 262 35 60 87 345 27 93 29 190 51 119 21 33 74 70 38
leaf_count=235 50 967 265 293 31 270 128 21 186 110 90 46 153 253 262 35 60 87 345 27 93 29 190 51 119 21 33 74 70 38
internal_value=-6.86586e-08 43.8436 -40.7746 64.6861 -26.4448 16.8257 -69.488 -35.4881 -30.415 -16.5606 -38.3471 -79.3318 -51.4441 -26.7319 31.2182 42.0242 -7.8049 -5.30462 -0.236948 -82.7707 -77.0674 -62.286 -88.8516 -71.7057 -0.360933 12.1238 43.6917 49.5289 43.3626 57.7969
internal_weight=4632 2232 2400 1260 1601 972 799 1078 813 296 517 564 243 274 529 267 523 492 405 518 390 173 217 144 443 173 54 217 182 108
internal_count=4632 2232 2400 1260 1601 972 799 1078 813 296 517 564 243 274 529 267 523 492 405 518 390 173 217 144 443 173 54 217 182 108
is_linear=0
shrinkage=0.05


Tree=41
num_leaves=31
num_cat=0
split_feature=3 3 5 0 5 0 1 0 6 0 0 4 1 3 1 0 6 0 0 3 6 0 3 5 0 0 0 6 5 4
split_gain=2.98932e+09 4.53736e+08 3.56486e+08 1.11739e+08 9.74246e+07 8.67962e+07 6.70805e+07 3.07268e+07 3.22533e+07 2.98299e+07 2.83922e+07 2.71136e+07 2.54533e+07 2.51889e+07 2.27249e+07 2.35602e+07 1.92718e+07 1.86336e+07 2.72582e+07 1.94485e+07 1.85085e+07 1.81445e+07 1.99771e+07 1.94853e+07 1.80392e+07 2.27541e+07 1.69089e+07 1.67248e+07 1.66482e+07 1.88556e+07
threshold=52582.600000000013 58694.350000000013 44900.05000000001 15.500000000000002 50040.950000000004 13.500000000000002 4.5000000000000009 2.5000000000000004 54869.893750000003 20.500000000000004 17.500000000000004 51477.200000000004 1.5000000000000002 44423.650000000001 3.5000000000000004 6.5000000000000009 55215.347916666673 22.500000000000004 3.5000000000000004 40775.000000000007 46758.218750000007 19.500000000000004 43102.30000000001 43102.30000000001 15.500000000000002 4.5000000000000009 3.5000000000000004 54558.752083333347 47924.750000000007 44147.900000000009
decision_type=2 2 2 2 2 2 2 2 2 2 2 2 2 2 2 2 2 2 2 2 2 2 2 2 2 2 2 2 2 2
left_child=2 5 6 -3 7 14 -1 28 10 -10 13 17 27 -9 15 -2 24 18 19 20 -8 22 23 -20 25 -6 -15 -12 29 -4
right_child=1 3 4 -5 16 -7 11 8 9 -11 12 -13 -14 26 -16 -17 -18 -19 21 -21 -22 -23 -24 -25 -26 -27 -28 -29 -30 -31
leaf_value=-43.569564553118767 8.9809533586502077 69.647914958376177 -25.094733070191882 34.401799985003557 -34.817974910736091 -0.34288576827899597 -102.38788403503357 -57.482977636337289 3.2233438890488424 -29.023506371728303 -6.6925799245419713 -38.576914310455322 -61.283141193514552 -44.194040832714165 19.195695576913486 47.052470549899866 17.624830766934068 -106.14675314469771 -35.237391471862793 -117.02723265938137 -68.33722623075758 -74.114934150326633 -14.17272608280182 -94.262453110957594 -32.986171091519871 -1.2475783069178743 -10.963695256641934 -49.811366636102854 -84.250398385935824 -54.612622238225065
leaf_weight=235 50 967 84 293 60 443 62 50 122 174 46 46 153 49 262 217 67 55 29 46 112 155 32 27 78 318 175 44 29 152
leaf_count=235 50 967 84 293 60 443 62 50 122 174 46 46 153 49 262 217 67 55 29 46 112 155 32 27 78 318 175 44 29 152
internal_value=-1.60179e-07 41.6515 -38.7359 61.4518 -25.1226 15.9844 -66.0136 -33.7137 -28.8942 -15.7326 -36.4298 -75.3652 -48.8719 -25.3953 29.6573 39.923 -7.41466 -78.6322 -75.3637 -88.114 -80.4702 -63.8202 -45.6875 -63.6959 -11.0937 -6.57621 -18.2328 -27.7729 -48.4994 -44.1063
internal_weight=4632 2232 2400 1260 1601 972 799 1078 813 296 517 564 243 274 529 267 523 518 463 220 174 243 88 56 456 378 224 90 265 236
internal_count=4632 2232 2400 1260 1601 972 799 1078 813 296 517 564 243 274 529 267 523 518 463 220 174 243 88 56 456 378 224 90 265 236
is_linear=0
shrinkage=0.05


Tree=42
num_leaves=31
num_cat=0
split_feature=3 3 5 5 0 0 1 0 6 0 0 1 4 0 1 3 5 3 3 0 0 6 1 4 0 6 0 0 6 5
split_gain=2.69786e+09 4.10383e+08 3.21729e+08 8.79257e+07 8.3125e+07 8.16336e+07 6.05401e+07 2.77309e+07 2.91086e+07 2.69215e+07 2.5624e+07 2.53268e+07 2.447e+07 2.42194e+07 2.29716e+07 2.28019e+07 2.15391e+07 2.15199e+07 1.81711e+07 1.9391e+07 2.38061e+07 1.76616e+07 2.40522e+07 2.55634e+07 2.00792e+07 1.91914e+07 1.73147e+07 2.87604e+07 1.82326e+07 1.70597e+07
threshold=52582.600000000013 59402.80000000001 44900.05000000001 50040.950000000004 15.500000000000002 13.500000000000002 4.5000000000000009 2.5000000000000004 54869.893750000003 20.500000000000004 17.500000000000004 3.5000000000000004 51477.200000000004 7.5000000000000009 1.5000000000000002 42912.250000000007 59657.05000000001 56998.600000000006 46672.350000000006 15.500000000000002 4.5000000000000009 46610.600000000013 5.5000000000000009 43229.05000000001 1.0000000180025095e-35 46932.912499999999 13.500000000000002 10.500000000000002 54966.387500000004 61305.350000000006
decision_type=2 2 2 2 2 2 2 2 2 2 2 2 2 2 2 2 2 2 2 2 2 2 2 2 2 2 2 2 2 2
left_child=2 5 6 7 26 11 -1 -4 10 -10 15 13 21 -2 -12 -9 -15 -7 -5 20 -20 -8 24 25 -23 -24 27 -3 -29 -28
right_child=1 4 3 18 -6 17 12 8 9 -11 14 -13 -14 16 -16 -17 -18 -19 19 -21 -22 22 23 -25 -26 -27 29 28 -30 -31
leaf_value=-41.391086268526443 26.637359196287168 57.430961467983266 -46.074418211388142 -44.172766150197674 34.177471165288061 -4.9538282869872177 -90.816203428804883 -74.190123472894939 3.0621768283062298 -27.57233127944771 -26.38423166063097 18.59176838701584 -36.648068173812781 88.60949782265557 -58.218984108501019 -19.969943742601298 43.385191309573706 18.389190398286217 -29.172200569311777 -26.121350724669711 4.9515145294908169 -120.84484786280881 -77.647127998003398 -12.675657969507679 -74.764669090697637 -39.481037282008749 81.218322478400353 70.079837124745055 91.373047447204598 49.882801334278007
leaf_weight=235 158 247 265 31 252 347 128 21 122 174 90 267 46 36 153 253 98 138 60 87 345 27 93 29 190 51 54 240 173 222
leaf_count=235 158 247 265 31 252 347 128 21 122 174 90 267 46 36 153 253 98 138 60 87 345 27 93 29 190 51 54 240 173 222
internal_value=-1.56778e-07 39.5689 -36.7991 -23.8664 59.6672 16.6984 -62.7129 -32.028 -27.4495 -14.9459 -34.6083 29.7216 -71.597 39.8986 -46.4283 -24.1255 55.535 1.6881 -7.04393 -4.70451 -0.103851 -74.7005 -69.4113 -55.5047 -80.4981 -64.13 66.5298 70.9275 78.9993 56.0137
internal_weight=4632 2232 2400 1601 1188 1044 799 1078 813 296 517 559 564 292 243 274 134 485 523 492 405 518 390 173 217 144 936 660 413 276
internal_count=4632 2232 2400 1601 1188 1044 799 1078 813 296 517 559 564 292 243 274 134 485 523 492 405 518 390 173 217 144 936 660 413 276
is_linear=0
shrinkage=0.05


Tree=43
num_leaves=31
num_cat=0
split_feature=3 3 5 5 0 0 1 0 6 0 3 3 1 0 4 1 3 6 5 0 0 0 0 5 3 3 6 0 0 6
split_gain=2.43482e+09 3.70371e+08 2.9036e+08 7.9353e+07 7.50203e+07 7.36743e+07 5.46375e+07 2.50272e+07 2.69314e+07 2.61038e+07 2.46376e+07 2.43909e+07 2.28574e+07 2.27498e+07 2.24035e+07 2.02735e+07 1.94217e+07 1.76463e+07 1.7455e+07 2.06379e+07 1.58289e+07 2.00111e+07 1.77712e+07 1.77332e+07 2.5163e+07 1.67534e+07 1.67966e+07 1.56265e+07 2.59563e+07 1.6455e+07
threshold=52582.600000000013 59402.80000000001 44900.05000000001 50040.950000000004 15.500000000000002 13.500000000000002 4.5000000000000009 2.5000000000000004 55056.57916666667 17.500000000000004 44423.650000000001 46454.350000000013 3.5000000000000004 6.5000000000000009 50176.750000000007 1.5000000000000002 56998.600000000006 55215.347916666673 57182.500000000007 7.5000000000000009 22.500000000000004 3.5000000000000004 19.500000000000004 43102.30000000001 43102.30000000001 40775.000000000007 46758.218750000007 13.500000000000002 10.500000000000002 54966.387500000004
decision_type=2 2 2 2 2 2 2 2 2 2 2 2 2 2 2 2 2 2 2 2 2 2 2 2 2 2 2 2 2 2
left_child=2 5 6 7 27 12 -1 -4 9 10 -9 -11 13 -2 20 -13 -7 -5 -15 -20 21 25 23 -23 -25 26 -8 28 -3 -30
right_child=1 4 3 17 -6 16 14 8 -10 11 -12 15 -14 18 -16 -17 -18 -19 19 -21 -22 22 -24 24 -26 -27 -28 -29 29 -31
leaf_value=-39.321531806905227 7.2000378398895268 54.559414008754473 -43.770697420588078 -10.212203328337587 32.468597836910732 -4.7061367624431254 -92.897602859620122 -52.543864242703307 -9.9850091147543836 -68.656850682772117 -14.46210664144651 -16.122242881373356 17.662179808000499 76.36958096822103 -40.643579604408956 -45.603859010595357 17.469730505044911 17.268516227380555 17.4969474070781 50.483279050118995 -96.943782522028144 -8.5782642666498816 -68.161258373260509 -93.596699126561489 -20.410328160161558 -106.1675509494284 -60.246486552556362 53.212981062177306 66.575845038195453 86.804395006433396
leaf_weight=235 50 247 265 456 252 347 62 51 197 65 254 95 267 36 66 151 138 67 74 132 55 30 150 24 23 46 108 276 240 173
leaf_count=235 50 247 265 456 252 347 62 51 197 65 254 95 267 36 66 151 138 67 74 132 55 30 150 24 23 46 108 276 240 173
internal_value=-1.26552e-07 37.5904 -34.9591 -22.6731 56.6838 15.8635 -59.5772 -30.4266 -26.0771 -31.2234 -20.8299 -41.4164 28.2356 37.9037 -68.0171 -34.2187 1.6037 -6.69173 44.2474 38.6338 -71.6449 -68.504 -58.1379 -38.6118 -57.7821 -79.3981 -72.1545 63.2033 67.3811 75.0493
internal_weight=4632 2232 2400 1601 1188 1044 799 1078 813 616 305 311 559 292 564 246 485 523 242 206 498 443 227 77 47 216 170 936 660 413
internal_count=4632 2232 2400 1601 1188 1044 799 1078 813 616 305 311 559 292 564 246 485 523 242 206 498 443 227 77 47 216 170 936 660 413
is_linear=0
shrinkage=0.05


Tree=44
num_leaves=31
num_cat=0
split_feature=3 3 5 1 5 0 0 0 0 0 4 6 1 0 5 4 0 6 6 6 6 5 4 6 4 0 0 1 6 4
split_gain=2.1977e+09 3.40272e+08 2.53474e+08 1.15875e+08 6.63658e+07 4.34752e+07 4.06182e+07 3.66144e+07 6.19395e+07 3.29079e+07 2.98837e+07 2.71212e+07 2.66796e+07 2.68465e+07 2.437e+07 2.13085e+07 2.06914e+07 2.05475e+07 1.93156e+07 3.62941e+07 2.18194e+07 1.92434e+07 1.90534e+07 1.83891e+07 1.84484e+07 1.79129e+07 2.89899e+07 1.63057e+07 2.71271e+07 2.42187e+07
threshold=53769.950000000004 46941.350000000013 58704.900000000009 4.5000000000000009 51601.05000000001 18.500000000000004 15.500000000000002 3.5000000000000004 16.500000000000004 9.5000000000000018 47911.500000000007 54755.381250000013 1.0000000180025095e-35 14.500000000000002 48377.80000000001 49319.400000000001 13.500000000000002 55215.347916666673 54196.150000000009 54934.100000000006 47836.529166666667 51545.05000000001 59921.05000000001 54893.762500000004 48064.850000000006 5.5000000000000009 7.5000000000000009 5.5000000000000009 46884.227083333339 43229.05000000001
decision_type=2 2 2 2 2 2 2 2 2 2 2 2 2 2 2 2 2 2 2 2 2 2 2 2 2 2 2 2 2 2
left_child=1 3 5 15 7 11 9 -3 14 -4 27 12 -2 -14 -9 18 17 -11 20 -20 -1 -7 -13 -10 -25 -6 -27 -5 29 -29
right_child=2 4 6 10 25 21 -8 8 23 16 -12 22 13 -15 -16 -17 -18 -19 19 -21 -22 -23 -24 24 -26 26 -28 28 -30 -31
leaf_value=-28.434767332592529 38.81427272354685 -48.140952772564361 41.288588847602171 -83.345755075606021 -15.801233179001583 12.309348368644715 28.902518252322551 43.198709222042197 -34.617724612574229 61.675714788993574 -46.678458774027405 29.562315722752047 17.114352608937299 -15.13189783282578 -2.8518354987238981 2.6803267307770557 50.209604760083288 84.465178687812752 -54.281226636682248 -26.461994555568307 27.322044903299084 -25.460954648798165 70.819384516403076 -27.777547751182368 2.8302902916827835 25.811917668363478 -3.2893815021765862 -81.570181279072813 -38.43746067285538 -44.500166870375814
leaf_weight=74 82 108 269 156 105 60 152 33 313 424 191 223 197 96 222 39 275 129 224 246 23 77 32 121 83 137 228 174 80 59
leaf_count=74 82 108 269 156 105 60 152 33 313 424 191 223 197 96 222 39 275 129 224 246 23 77 32 121 83 137 228 174 80 59
internal_value=-9.89042e-08 -30.2341 39.2323 -48.8555 -12.7712 16.608 53.1257 -20.8731 -17.0584 56.482 -63.3504 22.1591 13.6044 6.54903 3.10765 -33.0691 61.4181 66.9919 -35.5281 -39.7205 -15.2141 -8.91922 34.7397 -27.0049 -15.3244 2.39814 7.63357 -70.14 -63.5582 -72.1834
internal_weight=4632 2616 2016 1266 1350 767 1249 880 772 1097 660 630 375 293 255 606 828 553 567 470 97 137 255 517 204 470 365 469 313 233
internal_count=4632 2616 2016 1266 1350 767 1249 880 772 1097 660 630 375 293 255 606 828 553 567 470 97 137 255 517 204 470 365 469 313 233
is_linear=0
shrinkage=0.05


Tree=45
num_leaves=31
num_cat=0
split_feature=3 3 3 1 0 0 0 0 4 5 4 6 6 6 6 0 6 4 0 6 6 0 4 1 6 4 3 3 4 3
split_gain=1.98437e+09 3.03926e+08 2.36429e+08 1.04577e+08 7.41387e+07 5.76484e+07 4.51639e+07 7.98292e+07 2.69701e+07 2.17787e+07 1.92309e+07 1.74323e+07 3.27554e+07 1.9692e+07 1.69339e+07 1.93582e+07 1.6557e+07 1.97986e+07 1.49878e+07 2.55183e+07 1.47267e+07 1.60237e+07 2.2918e+07 1.47159e+07 2.44822e+07 2.18574e+07 1.40752e+07 1.90017e+07 1.39606e+07 1.32218e+07
threshold=52582.600000000013 58694.350000000013 46941.350000000013 4.5000000000000009 15.500000000000002 13.500000000000002 3.5000000000000004 16.500000000000004 47911.500000000007 48197.150000000001 49319.400000000001 54196.150000000009 54934.100000000006 47836.529166666667 46958.750000000007 6.5000000000000009 54869.893750000003 48064.850000000006 19.500000000000004 55146.743750000001 55307.793750000004 4.5000000000000009 48946.150000000001 5.5000000000000009 46884.227083333339 43229.05000000001 66588.200000000026 65880.60000000002 39066.30000000001 46454.350000000013
decision_type=2 2 2 2 2 2 2 2 2 2 2 2 2 2 2 2 2 2 2 2 2 2 2 2 2 2 2 2 2 2
left_child=2 5 3 10 26 14 -4 9 23 -8 11 13 -13 -1 -2 -16 -9 -18 19 -7 21 22 -11 -5 25 -25 27 -3 -26 -14
right_child=1 4 6 8 -6 18 7 16 -10 20 -12 12 29 -15 15 -17 17 -19 -20 -21 -22 -23 -24 24 28 -27 -28 -29 -30 -31
leaf_value=-27.013029552150421 2.7211544857749459 56.493349912970565 -45.733904767753899 -79.178466962545357 28.107148406774112 -3.0367277182541885 43.153284238179531 -33.650294908277083 -44.344535944723958 4.5820449176587559 2.5463108307276019 -51.567165359109644 -19.803904251042258 25.955942303201425 2.5812243116818943 32.081238727445729 -27.421205227605761 4.8584540850156319 -23.392097523173348 29.662431242659284 25.029897598266601 0.85486820003260733 -48.711559606152917 -77.491672465719034 -65.779600581416375 -42.275158377522132 32.012954559591087 87.34043933400568 -21.607505299910059 -50.325013311519179
leaf_weight=74 79 860 108 156 293 308 30 296 191 38 39 224 203 23 65 385 124 77 61 74 50 368 43 174 27 59 54 53 53 43
leaf_count=74 79 860 108 156 293 308 30 296 191 38 39 224 203 23 65 385 124 77 61 74 50 368 43 174 27 59 54 53 53 43
internal_value=-6.73512e-08 33.9356 -31.5601 -46.4128 50.1408 12.9288 -14.9785 -11.7411 -60.1828 1.77733 -31.4157 -33.7517 -37.7345 -14.4534 24.0719 27.8201 -26.13 -15.0554 -0.37745 3.29766 -0.710206 -3.57659 -23.7096 -66.633 -60.3803 -68.5742 56.817 58.284 -36.5156 -25.1389
internal_weight=4632 2232 2400 1266 1260 972 1134 1026 660 529 606 567 470 97 529 450 497 201 443 382 499 449 81 469 313 233 967 913 80 246
internal_count=4632 2232 2400 1266 1260 972 1134 1026 660 529 606 567 470 97 529 450 497 201 443 382 499 449 81 469 313 233 967 913 80 246
is_linear=0
shrinkage=0.05


Tree=46
num_leaves=31
num_cat=0
split_feature=3 3 3 1 0 0 0 0 4 5 1 0 5 4 6 6 6 0 6 5 6 4 0 0 3 5 6 0 4 6
split_gain=1.79089e+09 2.7436e+08 2.13377e+08 9.43811e+07 5.49606e+07 5.45181e+07 4.07604e+07 7.20458e+07 2.53389e+07 1.96553e+07 1.80401e+07 1.81313e+07 1.94085e+07 1.73559e+07 1.57326e+07 2.95617e+07 1.77721e+07 1.54065e+07 1.95031e+07 1.56608e+07 1.49427e+07 1.78682e+07 1.43127e+07 1.59081e+07 1.39012e+07 1.33041e+07 1.32908e+07 1.44614e+07 2.06835e+07 1.32281e+07
threshold=52582.600000000013 59402.80000000001 46941.350000000013 4.5000000000000009 15.500000000000002 13.500000000000002 3.5000000000000004 16.500000000000004 53214.850000000006 48197.150000000001 3.5000000000000004 7.5000000000000009 59657.05000000001 49319.400000000001 54196.150000000009 54934.100000000006 47836.529166666667 19.500000000000004 55146.743750000001 56844.450000000004 54869.893750000003 48064.850000000006 22.500000000000004 3.5000000000000004 40775.000000000007 65729.400000000009 55307.793750000004 4.5000000000000009 48946.150000000001 55051.416666666672
decision_type=2 2 2 2 2 2 2 2 2 2 2 2 2 2 2 2 2 2 2 2 2 2 2 2 2 2 2 2 2 2
left_child=2 5 3 13 25 10 -4 9 22 -8 11 -2 -13 14 16 -16 -1 18 19 -7 -9 -22 23 24 -5 -3 27 28 -11 -14
right_child=1 4 6 8 -6 17 7 20 -10 26 -12 12 29 -15 15 -17 -18 -19 -20 -21 21 -23 -24 -25 -26 -27 -28 -29 -30 -31
leaf_value=-25.662377865250047 21.296632494202143 51.944578570467982 -43.447209402366923 -61.895800849212996 27.945671599251881 -4.7105647173853935 40.995620803833013 -31.967780130296145 -25.610830869345833 4.3529420049566978 14.788282552863775 77.695880126953128 20.768698098582608 2.4189945367666392 -48.988806993514302 -23.881950155033817 24.658146700651752 -22.222492575059174 26.719311184353298 26.934750274022424 -26.050144983299319 4.6155313590904337 -84.527997759038755 -50.829072080883215 -93.353258947892627 69.650066787688459 23.778402984619142 0.812124759995419 -46.275982053889784 58.873935402764211
leaf_weight=74 158 814 108 174 252 298 30 296 58 38 267 36 62 39 224 246 23 61 81 45 124 77 55 329 44 122 50 368 43 36
leaf_count=74 158 814 108 174 252 298 30 296 58 38 267 36 62 39 224 246 23 61 81 45 124 77 55 329 44 122 50 368 43 36
internal_value=-3.74713e-08 32.2388 -29.9821 -44.0921 48.6721 13.5388 -14.2296 -11.1541 -57.1737 1.68846 24.1816 32.7707 46.2998 -29.8449 -32.0641 -35.8478 -13.7307 1.27218 4.65231 -0.558847 -24.8235 -14.3026 -60.2146 -57.77 -68.245 54.2523 -0.674696 -3.39776 -22.5241 34.7665
internal_weight=4632 2232 2400 1266 1188 1044 1134 1026 660 529 559 292 134 606 567 470 97 485 424 343 497 201 602 547 218 936 499 449 81 98
internal_count=4632 2232 2400 1266 1188 1044 1134 1026 660 529 559 292 134 606 567 470 97 485 424 343 497 201 602 547 218 936 499 449 81 98
is_linear=0
shrinkage=0.05


Tree=47
num_leaves=31
num_cat=0
split_feature=3 3 3 1 0 5 0 0 0 4 6 0 5 0 0 6 5 5 0 0 4 5 0 1 6 5 6 6 6 6
split_gain=1.61718e+09 2.49712e+08 1.90628e+08 8.5179e+07 5.57837e+07 4.81525e+07 2.94678e+07 2.69593e+07 4.55817e+07 2.28684e+07 2.00633e+07 1.93256e+07 1.80725e+07 1.70551e+07 1.59463e+07 2.47554e+07 1.8089e+07 1.58077e+07 2.24189e+07 2.87938e+07 1.56637e+07 1.56127e+07 2.00566e+07 1.72749e+07 2.14908e+07 1.43869e+07 1.41987e+07 2.66795e+07 1.60393e+07 1.38343e+07
threshold=53769.950000000004 46941.350000000013 60740.05000000001 4.5000000000000009 13.500000000000002 51601.05000000001 13.500000000000002 3.5000000000000004 16.500000000000004 53214.850000000006 46958.750000000007 7.5000000000000009 48377.80000000001 10.500000000000002 18.500000000000004 49392.162500000006 51601.05000000001 51800.950000000004 5.5000000000000009 7.5000000000000009 49319.400000000001 56574.55000000001 6.5000000000000009 2.5000000000000004 54882.92500000001 54074.500000000007 54196.150000000009 54934.100000000006 47836.529166666667 54893.762500000004
decision_type=2 2 2 2 2 2 2 2 2 2 2 2 2 2 2 2 2 2 2 2 2 2 2 2 2 2 2 2 2 2
left_child=1 3 4 20 10 7 13 -3 12 -5 -2 21 -9 -4 15 -6 -16 -7 -19 25 26 22 -12 24 -23 -20 28 -28 -1 -10
right_child=2 5 6 9 14 17 -8 8 29 -11 11 -13 -14 -15 16 -17 -18 18 19 -21 -22 23 -24 -25 -26 -27 27 -29 -30 -31
leaf_value=-24.379259507720537 0.23957293528430867 -41.274848359602473 42.835545947638956 -57.2039142630029 -18.711107472011022 43.324870421669701 39.197619168659514 37.220510309392758 -29.739145735315624 -24.330289146817965 4.0450406074523926 39.133908583779309 -2.4360791191324456 61.913822476922007 11.157623339456226 17.662886111837036 -25.296872284605698 -21.647131883721602 57.125503923342777 -5.6566971380401547 2.2980452317457933 -12.373426514405471 65.36886670430502 -26.037680422875191 50.229126739501957 15.804956542693816 -46.539366904539719 -22.687853007200289 23.425238965905233 -13.004899932035045
leaf_weight=74 53 108 164 602 56 22 434 33 313 58 24 338 222 410 63 284 74 95 26 216 39 26 30 31 29 111 224 246 23 204
leaf_count=74 53 108 164 602 56 22 434 33 313 58 24 338 222 410 63 284 74 95 26 216 39 26 30 31 29 111 224 246 23 204
internal_value=-1.28195e-07 -25.9353 33.6541 -41.8875 18.279 -10.9757 49.0292 -17.8768 -14.6035 -54.315 29.4273 32.6635 2.69595 56.4629 5.86876 11.6719 -8.53313 1.94561 -0.0864081 5.71605 -28.3526 17.0422 38.1138 3.81125 20.6352 23.6468 -30.4609 -34.0554 -13.0442 -23.1361
internal_weight=4632 2616 2016 1266 1008 1350 1008 880 772 660 531 478 255 574 477 340 137 470 448 353 606 140 54 86 55 137 567 470 97 517
internal_count=4632 2616 2016 1266 1008 1350 1008 880 772 660 531 478 255 574 477 340 137 470 448 353 606 140 54 86 55 137 567 470 97 517
is_linear=0
shrinkage=0.05


Tree=48
num_leaves=31
num_cat=0
split_feature=3 3 5 0 0 4 6 6 5 1 6 0 0 4 0 6 6 4 4 5 3 0 6 4 6 0 4 6 0 3
split_gain=1.4612e+09 2.88027e+08 1.36579e+08 5.58769e+07 5.07846e+07 3.60352e+07 3.07183e+07 2.99218e+07 2.48355e+07 2.13233e+07 2.05538e+07 1.95905e+07 1.90236e+07 1.88433e+07 1.71951e+07 2.38403e+07 2.62162e+07 1.63319e+07 2.4138e+07 1.59466e+07 1.6575e+07 1.55874e+07 1.60501e+07 1.41693e+07 1.38512e+07 1.49951e+07 1.69748e+07 1.38372e+07 1.38278e+07 1.40677e+07
threshold=51345.650000000001 58694.350000000013 44215.950000000004 16.500000000000004 13.500000000000002 47846.500000000007 46758.218750000007 54882.92500000001 37663.700000000004 1.0000000180025095e-35 55543.250000000007 13.500000000000002 10.500000000000002 41718.400000000001 16.500000000000004 51094.72083333334 47061.072916666679 49748.950000000004 51386.900000000009 59532.000000000007 61803.05000000001 5.5000000000000009 46958.750000000007 54393.80000000001 54655.043750000004 4.5000000000000009 44289.000000000007 54638.208333333336 1.0000000180025095e-35 42574.55000000001
decision_type=2 2 2 2 2 2 2 2 2 2 2 2 2 2 2 2 2 2 2 2 2 2 2 2 2 2 2 2 2 2
left_child=2 4 6 11 21 9 -1 14 -8 13 24 12 -3 -4 15 16 -7 27 -19 -13 -21 -2 23 -23 25 -11 -27 -17 -10 -30
right_child=1 3 5 -5 -6 7 8 -9 28 10 -12 19 -14 -15 -16 17 -18 18 -20 20 -22 22 -24 -25 -26 26 -28 -29 29 -31
leaf_value=-66.93517319647114 -18.048202269417899 41.986180994216951 -24.42287504714589 15.026320508198863 -2.1305578888364112 -9.5753060835931034 -74.73913715380543 1.0388577181100846 -62.226608960133689 -76.646112256731314 13.993828617442739 63.207717306273324 58.932913403349801 7.3568980857729915 -38.936514149591623 -79.200754651156345 50.766518700122838 27.354805110051082 -24.729863443157893 10.295729616536933 39.294285043286642 -20.965327067491486 23.542573423989676 18.021493592085662 -30.549819013133028 -82.026532440185548 -31.87884483602312 -25.781421407063803 -44.484936875427096 -24.709414996543103
leaf_weight=178 28 276 172 156 562 72 53 240 53 35 22 56 414 64 102 22 24 26 154 59 299 41 521 54 434 20 108 27 185 175
leaf_count=178 28 276 172 156 562 72 53 240 53 35 22 56 414 64 102 22 24 26 154 59 299 41 521 54 434 20 108 27 185 175
internal_value=-5.22086e-08 26.3192 -29.9645 43.037 8.85285 -21.7974 -49.2663 -13.0868 -42.5173 -28.5926 -33.4682 46.995 52.1542 -15.8046 -21.0263 -15.4053 5.51015 -24.1733 -17.2065 38.3963 34.5152 18.4378 20.0962 1.1956 -35.2172 -47.6445 -39.7144 -49.7656 -38.3823 -34.8718
internal_weight=4632 2466 2166 1260 1206 1522 644 667 466 855 619 1104 690 236 427 325 96 229 180 414 358 644 616 95 597 163 128 49 413 360
internal_count=4632 2466 2166 1260 1206 1522 644 667 466 855 619 1104 690 236 427 325 96 229 180 414 358 644 616 95 597 163 128 49 413 360
is_linear=0
shrinkage=0.05


Tree=49
num_leaves=31
num_cat=0
split_feature=3 3 3 1 0 5 0 0 0 4 6 0 5 0 5 3 6 3 4 5 0 0 0 0 4 6 5 5 0 4
split_gain=1.3219e+09 2.03591e+08 1.54178e+08 7.10132e+07 4.55549e+07 3.85083e+07 2.38027e+07 2.32466e+07 2.64644e+07 1.91028e+07 1.70495e+07 1.66111e+07 1.64887e+07 1.54446e+07 1.62996e+07 1.54151e+07 2.64626e+07 2.54661e+07 1.56192e+07 1.4456e+07 1.89533e+07 2.43897e+07 1.42741e+07 2.65787e+07 1.41655e+07 1.35821e+07 1.48931e+07 1.35305e+07 1.34256e+07 1.3215e+07
threshold=53769.950000000004 46941.350000000013 60740.05000000001 4.5000000000000009 12.500000000000002 51601.05000000001 13.500000000000002 2.5000000000000004 16.500000000000004 53214.850000000006 55185.527083333342 3.5000000000000004 50328.900000000009 18.500000000000004 51601.05000000001 57273.05000000001 50013.116666666676 57875.200000000004 49931.80000000001 51800.950000000004 5.5000000000000009 7.5000000000000009 1.5000000000000002 22.500000000000004 43029.150000000001 54994.568750000013 57889.350000000006 66158.950000000012 19.500000000000004 39670.600000000006
decision_type=2 2 2 2 2 2 2 2 2 2 2 2 2 2 2 2 2 2 2 2 2 2 2 2 2 2 2 2 2 2
left_child=1 3 4 22 15 7 10 -3 11 -5 -4 -9 -13 25 28 18 -17 -18 -2 -7 -21 -22 -1 29 -25 -6 -27 -12 -15 -24
right_child=2 5 6 9 13 19 -8 8 -10 -11 27 12 -14 14 -16 16 17 -19 -20 20 21 -23 23 24 -26 26 -28 -29 -30 -31
leaf_value=-34.808827356635305 60.236792130903773 -47.895576067324043 45.879106553321144 -51.839720080124586 6.0133772557788241 41.185036225752398 35.418014737208317 -27.649725917533591 -20.953254105995196 -21.794321073334796 59.602136679521699 13.862795120559326 -11.837818976935992 28.181579337120059 -23.925500481998597 -3.9811211466789249 92.191794498443613 37.760851080277391 16.292560632967948 -20.15309519391311 21.509003948164683 -5.4605095234182146 20.5924151190396 -78.558198002406527 -31.736364385059904 38.532436543782552 -6.0292837829589843 103.84753742218018 -19.760167671286542 -15.133036394831549
leaf_weight=245 22 54 427 602 289 22 434 54 517 58 127 146 109 40 74 32 25 153 250 95 137 216 29 21 70 75 25 20 23 241
leaf_count=245 22 54 427 602 289 22 434 54 517 58 127 146 109 40 74 32 25 153 250 95 137 216 29 21 70 75 25 20 23 241
internal_value=-1.99512e-08 -23.4483 30.427 -37.8522 16.5997 -9.94062 44.2542 -16.1121 -14.0342 -49.1994 50.9352 -2.45773 2.87704 6.42464 -8.01247 27.7036 37.88 45.4056 19.8469 1.61445 -0.328751 5.00641 -25.4939 -19.1722 -42.5414 11.5092 27.392 65.6219 10.679 -11.2959
internal_weight=4632 2616 2016 1266 1008 1350 1008 880 826 660 574 309 255 526 137 482 210 178 272 470 448 353 606 361 91 389 100 147 63 270
internal_count=4632 2616 2016 1266 1008 1350 1008 880 826 660 574 309 255 526 137 482 210 178 272 470 448 353 606 361 91 389 100 147 63 270
is_linear=0
shrinkage=0.05


Tree=50
num_leaves=31
num_cat=0
split_feature=3 3 3 1 0 0 4 4 0 0 0 5 0 0 5 0 5 0 5 0 0 6 6 0 5 1 6 5 0 3
split_gain=1.1946e+09 2.23038e+08 9.88345e+07 7.81321e+07 5.96055e+07 3.33575e+07 3.32405e+07 2.43376e+07 2.1482e+07 2.11388e+07 1.91692e+07 1.98157e+07 1.73239e+07 3.47276e+07 2.10192e+07 2.36214e+07 2.34728e+07 2.63977e+07 2.35471e+07 1.68298e+07 1.61884e+07 1.59587e+07 1.53872e+07 1.51143e+07 1.86288e+07 1.44557e+07 3.0645e+07 2.10113e+07 1.57601e+07 1.75364e+07
threshold=54865.900000000009 48013.850000000006 60740.05000000001 4.5000000000000009 14.500000000000002 12.500000000000002 49748.950000000004 64929.350000000013 13.500000000000002 1.0000000180025095e-35 4.5000000000000009 48377.80000000001 3.5000000000000004 18.500000000000004 42039.500000000007 4.5000000000000009 44676.80000000001 5.5000000000000009 48263.650000000001 22.500000000000004 21.500000000000004 55206.879166666673 55185.527083333342 7.5000000000000009 56090.500000000007 1.0000000180025095e-35 54614.712500000016 45534.700000000004 2.5000000000000004 46454.350000000013
decision_type=2 2 2 2 2 2 2 2 2 2 2 2 2 2 2 2 2 2 2 2 2 2 2 2 2 2 2 2 2 2
left_child=1 3 5 6 7 23 9 10 22 -1 11 -3 -5 14 -14 -16 -17 -18 -19 25 -6 -12 -4 24 -2 27 -27 -11 29 -28
right_child=2 4 8 12 20 -7 -8 -9 -10 19 21 -13 13 -15 15 16 17 18 -20 -21 -22 -23 -24 -25 -26 26 28 -29 -30 -31
leaf_value=-43.456072856788353 52.578191711789088 17.867692789538154 43.585150917464176 -56.78333758744327 -13.57566506353443 8.952249956298882 14.246480466608416 56.866230409795584 33.647113747311082 38.586565200805666 3.7877508574088576 -31.284714197431295 22.972950344085696 -52.35117128279326 -66.406043986270305 21.935798439025881 -73.28445291025885 -1.9573504905178123 -45.742322000467553 -38.00059920043946 -39.245474194117953 29.129453256096639 62.340823387126534 34.761363557893404 -1.2053331216176353 -61.935981706131344 -19.30993315647175 -13.166332888865211 -5.7437219322095689 -56.844021117381558
leaf_weight=133 21 29 427 220 501 426 57 22 434 25 497 70 20 267 38 25 29 73 53 125 70 71 147 294 69 43 154 91 162 39
leaf_count=133 21 29 427 220 501 426 57 22 434 25 497 70 20 267 38 25 29 73 53 125 70 71 147 294 69 43 154 91 162 39
internal_value=-3.60497e-08 -20.4095 31.5909 -33.0847 -4.77666 18.5858 -22.6002 5.12336 42.0415 -25.3207 3.4167 -16.8865 -45.0733 -39.9719 -26.0843 -30.5849 -23.0227 -30.2741 -20.3748 -21.546 -16.7226 6.95546 48.3884 29.273 11.3442 -17.5445 -22.0713 -2.01269 -17.2426 -26.8945
internal_weight=4632 2814 1818 1554 1260 810 829 689 1008 772 667 99 725 505 238 218 180 155 126 639 571 568 574 384 90 514 398 116 355 193
internal_count=4632 2814 1818 1554 1260 810 829 689 1008 772 667 99 725 505 238 218 180 155 126 639 571 568 574 384 90 514 398 116 355 193
is_linear=0
shrinkage=0.05


Tree=51
num_leaves=31
num_cat=0
split_feature=3 3 3 0 0 0 0 6 0 3 1 5 6 3 5 5 6 0 6 4 4 0 0 5 3 5 0 5 0 5
split_gain=1.07974e+09 2.27717e+08 9.39123e+07 4.68757e+07 4.33396e+07 4.31269e+07 3.85961e+07 2.80802e+07 2.66693e+07 2.45957e+07 2.05719e+07 2.61018e+07 1.54847e+07 1.50729e+07 1.49526e+07 1.46938e+07 1.59798e+07 1.43355e+07 1.51011e+07 1.60206e+07 1.41532e+07 1.40455e+07 1.56375e+07 1.47498e+07 1.40599e+07 1.38586e+07 1.37579e+07 1.99293e+07 1.32125e+07 1.47703e+07
threshold=50944.650000000009 58694.350000000013 42028.30000000001 1.0000000180025095e-35 16.500000000000004 16.500000000000004 13.500000000000002 54655.043750000004 3.5000000000000004 45534.700000000004 4.5000000000000009 48482.150000000009 46576.5 47368.250000000007 48006.100000000006 44676.80000000001 52687.495833333342 5.5000000000000009 46958.750000000007 54393.80000000001 46653.450000000004 13.500000000000002 10.500000000000002 59532.000000000007 61803.05000000001 47681.500000000007 7.5000000000000009 50554.450000000004 4.5000000000000009 52866.600000000006
decision_type=2 2 2 2 2 2 2 2 2 2 2 2 2 2 2 2 2 2 2 2 2 2 2 2 2 2 2 2 2 2
left_child=2 6 12 7 8 21 17 -4 13 -6 11 -10 -1 -5 -15 -12 20 -2 19 -19 -17 22 -3 -23 -25 -22 -27 -28 -13 -30
right_child=1 5 3 4 9 -7 -8 -9 10 -11 15 28 -14 14 -16 16 -18 18 -20 -21 25 23 -24 24 -26 26 27 -29 29 -31
leaf_value=-65.169289697676291 -13.118415378388903 35.63779728550842 -99.785912754224697 -17.165696695677532 -47.079309632894876 12.402621717827444 -2.2385718105973416 -39.176996090137855 60.691411418914804 -23.516055352770383 20.167833183429863 -10.746130334413969 -42.453855485881213 -24.4052473419591 -74.816348711649582 -52.951950139999397 -52.16315126726704 -22.025346983240009 20.399888623826332 17.564665356704168 26.690161641438802 57.069576018197203 51.002498868813262 7.1683202953661906 33.876314540850281 -36.053578925132754 38.437246218594645 -16.513564242738667 30.408716990152996 -4.6748197285334276
leaf_weight=98 42 276 23 349 143 156 596 113 20 491 27 117 320 38 24 20 31 47 537 56 24 56 414 59 299 48 22 66 60 60
leaf_count=98 42 276 23 349 143 156 596 113 20 491 27 117 320 38 24 20 31 47 537 56 24 56 414 59 299 48 22 66 60 60
internal_value=-1.10318e-07 21.9274 -26.5768 -21.2887 -18.8038 37.0109 7.05634 -49.427 -11.7871 -28.8308 -3.97027 5.83877 -47.7795 -21.2015 -43.9192 -14.5624 -19.0065 15.1792 17.0362 -0.50068 -13.2962 40.4881 44.8566 33.2074 29.4747 -8.33927 -14.5209 -2.77586 1.20986 12.8669
internal_weight=4632 2538 2094 1676 1540 1260 1278 136 906 634 495 257 418 411 62 238 211 682 640 103 180 1104 690 414 358 160 136 88 237 120
internal_count=4632 2538 2094 1676 1540 1260 1278 136 906 634 495 257 418 411 62 238 211 682 640 103 180 1104 690 414 358 160 136 88 237 120
is_linear=0
shrinkage=0.05


Tree=52
num_leaves=31
num_cat=0
split_feature=3 3 3 1 0 0 0 4 6 0 4 5 6 0 5 0 4 6 0 0 5 0 3 0 3 6 6 6 4 5
split_gain=9.78242e+08 1.80863e+08 7.90866e+07 5.35986e+07 4.24868e+07 5.52729e+07 2.7052e+07 2.08044e+07 1.78186e+07 1.73418e+07 1.57874e+07 1.46329e+07 1.38869e+07 1.33178e+07 1.68197e+07 1.31077e+07 1.88822e+07 1.22928e+07 1.25773e+07 1.22009e+07 1.20641e+07 1.20639e+07 1.196e+07 1.17761e+07 1.73756e+07 1.54281e+07 1.31108e+07 1.1659e+07 1.16134e+07 1.13792e+07
threshold=54865.900000000009 46941.350000000013 60740.05000000001 4.5000000000000009 14.500000000000002 3.5000000000000004 12.500000000000002 64929.350000000013 55307.793750000004 13.500000000000002 55635.350000000006 48197.150000000001 55185.527083333342 7.5000000000000009 56090.500000000007 4.5000000000000009 48946.150000000001 50392.897916666676 10.500000000000002 22.500000000000004 66158.950000000012 3.5000000000000004 40775.000000000007 21.500000000000004 47260.450000000004 49248.625000000007 54888.218750000007 46758.218750000007 43403.450000000004 45622.700000000004
decision_type=2 2 2 2 2 2 2 2 2 2 2 2 2 2 2 2 2 2 2 2 2 2 2 2 2 2 2 2 2 2
left_child=1 3 6 -1 5 -3 13 8 11 12 19 -7 17 14 -2 16 -13 -4 -19 21 -14 22 27 25 -25 -6 -26 -5 -29 -23
right_child=2 4 9 10 23 7 -8 -9 -10 -11 -12 15 20 -15 -16 -17 -18 18 -20 -21 -22 29 -24 24 26 -27 -28 28 -30 -31
leaf_value=-21.749337254026937 48.929288146609352 -33.007387722863093 76.37751526151385 -62.674645568478496 -23.709458526249591 35.256919034322102 8.2784258736131342 53.157278065247965 26.884467641194664 30.393535384343519 -7.5104778658959184 6.4264440988239491 51.208925646684307 31.729957505310473 -2.1761025518610859 2.3132675552985145 -41.94757927739343 22.434791028388194 42.41032590403605 -66.557305084575304 92.98799243927003 -31.849752888197685 -74.457475553859368 4.6328243501724735 -57.557895604769385 -6.2802402770624752 -23.630029401779176 -14.863613056001208 -48.120743808065143 -54.464184474945071
leaf_weight=606 21 108 21 62 203 30 426 22 75 434 31 38 127 294 69 541 43 107 299 55 20 287 44 31 48 339 70 42 70 69
leaf_count=606 21 108 21 62 203 30 426 22 75 434 31 38 127 294 69 541 43 107 299 55 20 287 44 31 48 339 70 42 70 69
internal_value=-8.52107e-08 -18.469 28.5874 -32.4859 -7.00558 0.432487 16.9538 5.25426 3.80465 37.9357 -42.344 1.14976 43.6384 26.5781 9.74849 -0.495279 -19.2536 39.0753 37.1458 -44.0608 56.8932 -41.9052 -51.1683 -16.2305 -28.6796 -12.8082 -37.4312 -45.279 -35.6493 -36.2329
internal_weight=4632 2814 1818 1266 1548 857 810 749 727 1008 660 652 574 384 90 622 81 427 406 629 147 574 218 691 149 542 118 174 112 356
internal_count=4632 2814 1818 1266 1548 857 810 749 727 1008 660 652 574 384 90 622 81 427 406 629 147 574 218 691 149 542 118 174 112 356
is_linear=0
shrinkage=0.05


Tree=53
num_leaves=31
num_cat=0
split_feature=3 3 3 1 0 0 0 4 6 0 4 0 5 5 6 6 4 0 4 6 0 0 0 5 4 4 0 5 0 3
split_gain=8.82863e+08 1.63229e+08 7.13756e+07 4.83728e+07 3.83444e+07 4.98838e+07 2.45739e+07 1.8776e+07 1.60813e+07 1.5651e+07 1.42481e+07 1.35101e+07 1.51798e+07 1.32062e+07 1.25329e+07 1.23108e+07 1.43296e+07 1.18297e+07 1.70411e+07 1.10943e+07 1.1351e+07 1.10559e+07 2.0749e+07 1.29916e+07 1.29257e+07 1.27844e+07 1.10113e+07 1.08878e+07 1.08876e+07 1.07989e+07
threshold=54865.900000000009 46941.350000000013 60740.05000000001 4.5000000000000009 14.500000000000002 3.5000000000000004 11.500000000000002 64929.350000000013 55307.793750000004 13.500000000000002 55635.350000000006 7.5000000000000009 56090.500000000007 48197.150000000001 55185.527083333342 49634.991666666676 56930.100000000013 4.5000000000000009 48946.150000000001 50392.897916666676 10.500000000000002 1.5000000000000002 22.500000000000004 44982.250000000007 44663.000000000007 43029.150000000001 22.500000000000004 66158.950000000012 3.5000000000000004 41564.05000000001
decision_type=2 2 2 2 2 2 2 2 2 2 2 2 2 2 2 2 2 2 2 2 2 2 2 2 2 2 2 2 2 2
left_child=1 3 6 21 5 -3 11 8 13 14 26 12 -2 -7 19 -13 -17 18 -15 -4 -21 24 23 -23 -1 -24 28 -16 29 -5
right_child=2 4 9 10 -6 7 -8 -9 -10 -11 -12 15 -14 17 27 16 -18 -19 -20 20 -22 22 25 -25 -26 -27 -28 -29 -30 -31
leaf_value=-17.042225091597611 46.482824053083149 -31.35701849902118 72.558640262058802 -44.078882698834263 -15.418987957475501 33.494072707494098 8.432781163276287 50.499413074146617 25.540243871053061 28.873858561383965 -7.1349551785376768 -1.690516876220703 -2.0672975125520128 6.1051211859050554 48.648479747021298 65.774648400509008 30.285473214769826 2.1976041378243352 -39.850200515569647 21.313051158691124 40.289809205161291 21.253428690361257 -69.962062499636701 -12.231740605780848 -40.020743543950346 -25.481319720404489 -63.229440305233005 88.33859275817872 -34.421242641565506 -75.941793072608206
leaf_weight=119 21 108 21 187 691 30 456 22 75 434 31 25 69 38 127 33 206 541 43 107 299 33 21 237 126 70 55 20 356 31
leaf_count=119 21 108 21 187 691 30 456 22 75 434 31 25 69 38 127 33 206 541 43 107 299 33 21 237 126 70 55 20 356 31
internal_value=-1.03715e-07 -17.5456 27.158 -30.8616 -6.6553 0.410863 16.1061 4.99155 3.61442 36.039 -40.2268 25.9904 9.26106 1.09227 41.4565 31.6936 35.1857 -0.470515 -18.2909 37.1215 35.2885 -20.6619 -15.0982 -8.13911 -28.8597 -35.7461 -41.8578 54.0485 -39.8099 -48.6098
internal_weight=4632 2814 1818 1266 1548 857 810 749 727 1008 660 354 90 652 574 264 239 622 81 427 406 606 361 270 245 91 629 147 574 218
internal_count=4632 2814 1818 1266 1548 857 810 749 727 1008 660 354 90 652 574 264 239 622 81 427 406 606 361 270 245 91 629 147 574 218
is_linear=0
shrinkage=0.05


Tree=54
num_leaves=31
num_cat=0
split_feature=3 3 3 0 0 0 0 6 0 3 1 5 3 4 5 6 0 3 3 6 6 0 6 6 6 0 4 4 6 4
split_gain=8.00692e+08 1.67285e+08 6.9839e+07 3.70281e+07 3.52836e+07 3.31707e+07 2.82256e+07 2.39397e+07 2.24343e+07 1.98099e+07 1.67125e+07 2.45685e+07 1.63171e+07 1.62628e+07 1.50265e+07 1.55999e+07 1.4389e+07 1.32434e+07 1.44814e+07 1.3015e+07 1.27699e+07 1.26115e+07 1.35364e+07 1.13255e+07 1.0877e+07 1.99382e+07 1.07651e+07 1.07008e+07 9.97403e+06 2.33752e+07
threshold=50944.650000000009 58694.350000000013 42028.30000000001 1.0000000180025095e-35 16.500000000000004 15.500000000000002 13.500000000000002 54655.043750000004 2.5000000000000004 45534.700000000004 2.5000000000000004 48006.100000000006 44077.450000000004 45211.400000000009 44676.80000000001 54882.92500000001 1.5000000000000002 66588.200000000026 65880.60000000002 55513.368750000001 46576.5 5.5000000000000009 55393.64375000001 55459.779166666682 54994.568750000013 18.500000000000004 44663.000000000007 52496.450000000004 46736.439583333333 54088.05000000001
decision_type=2 2 2 2 2 2 2 2 2 2 2 2 2 2 2 2 2 2 2 2 2 2 2 2 2 2 2 2 2 2
left_child=2 6 20 7 8 17 21 -4 10 -6 11 13 -12 -5 -10 -16 -15 18 23 -11 -1 -2 28 -3 -8 -26 -9 -27 29 -23
right_child=1 5 3 4 9 -7 24 26 14 19 12 -13 -14 16 15 -17 -18 -19 -20 -21 -22 22 -24 -25 25 27 -28 -29 -30 -31
leaf_value=-56.962694668769842 -13.45854706537156 34.710436996470357 -89.832846052750313 10.442541814733435 -41.541982214017352 17.072493757892389 -6.0439533160390146 -15.582672938894717 28.754010018706325 -22.320001347244428 -2.8975985160240763 -61.107371104847303 -48.492124018669131 -51.934566479462845 -11.979010178782138 5.2204582942873898 -3.3981426548313451 12.216262731563162 63.065228940855789 14.031278052696814 -36.334366669878364 -43.470871051788329 44.609811708662249 59.23039946746826 35.812390969724071 5.255060115208229 -46.89373440597997 -32.715914187224016 15.394545274603884 16.595065411277442
leaf_weight=98 42 810 23 81 143 293 428 47 32 465 26 22 80 26 407 195 37 54 53 26 320 25 36 50 49 96 66 23 533 46
leaf_count=98 42 810 23 81 143 293 428 47 32 465 26 22 80 26 407 195 37 54 53 26 320 25 36 50 49 96 66 23 533 46
internal_value=-2.60645e-08 18.8826 -22.8863 -18.3261 -16.1176 31.8106 6.13662 -43.3348 -9.78653 -25.1648 -21.7987 -11.8949 -37.3086 -4.37628 -4.63303 -6.40775 -23.429 36.2762 37.6993 -20.3951 -41.1707 13.083 14.8248 36.136 -1.81206 8.96921 -33.8705 -2.08387 13.0495 -4.55491
internal_weight=4632 2538 2094 1676 1540 1260 1278 136 906 634 272 166 106 144 634 602 63 967 913 491 418 682 640 860 596 168 113 119 604 71
internal_count=4632 2538 2094 1676 1540 1260 1278 136 906 634 272 166 106 144 634 602 63 967 913 491 418 682 640 860 596 168 113 119 604 71
is_linear=0
shrinkage=0.05


Tree=55
num_leaves=31
num_cat=0
split_feature=3 3 3 0 0 0 0 6 0 6 1 5 3 4 5 6 0 3 6 0 5 4 4 5 0 6 6 6 3 5
split_gain=7.22625e+08 1.50974e+08 6.30297e+07 3.34179e+07 3.1847e+07 3.07163e+07 2.57445e+07 2.16056e+07 1.92525e+07 1.78164e+07 1.5083e+07 2.21731e+07 1.47262e+07 1.46771e+07 1.3965e+07 1.49591e+07 1.29861e+07 1.25692e+07 1.2319e+07 1.79246e+07 1.36991e+07 1.22572e+07 1.26667e+07 1.20147e+07 1.17864e+07 1.63432e+07 1.17572e+07 1.74053e+07 1.47711e+07 1.20811e+07
threshold=50944.650000000009 58694.350000000013 42028.30000000001 1.0000000180025095e-35 17.500000000000004 16.500000000000004 14.500000000000002 54655.043750000004 2.5000000000000004 55146.743750000001 2.5000000000000004 48006.100000000006 44077.450000000004 45211.400000000009 44676.80000000001 54882.92500000001 1.5000000000000002 45623.950000000004 49634.991666666676 18.500000000000004 54246.250000000007 55553.450000000004 51972.650000000001 41569.600000000013 17.500000000000004 54600.637500000004 54966.387500000004 54989.702083333344 66923.85000000002 65729.400000000009
decision_type=2 2 2 2 2 2 2 2 2 2 2 2 2 2 2 2 2 2 2 2 2 2 2 2 2 2 2 2 2 2
left_child=2 6 -1 7 8 26 -2 -4 10 17 11 13 -12 -5 -10 -16 -15 23 21 20 -20 22 -8 -6 -22 -26 -3 -28 29 -29
right_child=1 5 3 4 9 -7 18 -9 14 -11 12 -13 -14 16 15 -17 -18 -19 19 -21 24 -23 -24 -25 25 -27 27 28 -30 -31
leaf_value=-39.112139533695427 11.919659380161244 28.637486514129638 -85.34120370616084 9.9204142440984295 -18.293088254928588 9.4522346887833049 -18.275415983654206 -32.177022304577115 27.316310325264933 -7.1465162480463746 -2.7527183385995722 -58.052003270929518 -46.067517666816713 -49.337838154572708 -11.712504830668051 4.9594353512005931 -3.22823519835601 -23.471983373576197 44.930404281616212 -5.2886877153928467 38.89858567559201 -32.755181775658819 26.6760966796875 -50.859534593955765 -34.977459533691409 14.703155300081995 77.300526848861153 35.624914827396729 -5.3321643638610841 61.996237174832096
leaf_weight=418 736 625 23 81 40 156 42 113 32 122 26 22 80 26 434 195 37 348 33 286 23 59 25 97 25 49 28 382 20 49
leaf_count=418 736 625 23 81 40 156 42 113 32 122 26 22 80 26 434 195 37 348 33 286 23 59 25 97 25 49 28 382 20 49
internal_value=-1.04474e-07 17.9384 -21.742 -17.4098 -15.3117 30.2201 5.82979 -41.168 -9.51212 -24.2261 -20.7088 -11.3001 -35.4431 -4.15746 -4.90471 -6.54394 -22.2576 -28.5224 -2.43985 1.70871 17.103 -16.1367 -1.50246 -41.3511 7.63593 -2.08084 33.1547 39.0487 36.6738 38.623
internal_weight=4632 2538 2094 1676 1540 1260 1278 136 933 607 272 166 106 144 661 629 63 485 542 416 130 126 67 137 97 74 1104 479 451 431
internal_count=4632 2538 2094 1676 1540 1260 1278 136 933 607 272 166 106 144 661 629 63 485 542 416 130 126 67 137 97 74 1104 479 451 431
is_linear=0
shrinkage=0.05


Tree=56
num_leaves=31
num_cat=0
split_feature=3 3 3 1 0 4 0 0 5 6 4 0 0 5 3 4 0 0 0 0 5 6 4 5 0 5 5 3 5 5
split_gain=6.53253e+08 1.20554e+08 5.2345e+07 4.83952e+07 3.37924e+07 2.46318e+07 1.89327e+07 1.76187e+07 1.75443e+07 1.67246e+07 1.48218e+07 1.39462e+07 1.66936e+07 1.547e+07 1.508e+07 1.29257e+07 1.26224e+07 1.1595e+07 1.39495e+07 1.22957e+07 2.0956e+07 2.02307e+07 1.96124e+07 1.77082e+07 1.3015e+07 1.48717e+07 1.22945e+07 1.31581e+07 1.33051e+07 1.11927e+07
threshold=54865.900000000009 48013.850000000006 60740.05000000001 4.5000000000000009 14.500000000000002 49748.950000000004 12.500000000000002 5.5000000000000009 47625.900000000001 55278.887500000004 64929.350000000013 1.5000000000000002 22.500000000000004 44676.80000000001 47038.250000000007 40714.400000000009 13.500000000000002 22.500000000000004 3.5000000000000004 18.500000000000004 42039.500000000007 52793.006250000006 53214.850000000006 43779.700000000004 20.500000000000004 41120.850000000006 49666.450000000004 42912.250000000007 45937.950000000004 52866.600000000006
decision_type=2 2 2 2 2 2 2 2 2 2 2 2 2 2 2 2 2 2 2 2 2 2 2 2 2 2 2 2 2 2
left_child=1 3 6 5 7 11 -2 8 -3 10 -9 14 13 -13 -1 -6 -4 18 -5 20 -20 26 -23 24 -21 -26 27 -22 -29 -10
right_child=2 4 16 17 15 -7 -8 9 29 -11 -12 12 -14 -15 -16 -17 -18 -19 19 23 21 22 -24 -25 25 -27 -28 28 -30 -31
leaf_value=-24.14559740143558 21.94792512996743 36.977336106300356 35.831606522612667 -42.353116185014898 -47.036249718299281 15.558755041423598 6.6388692437762948 4.6306567863826329 -6.1087685567251651 43.697540618434097 46.754904729669747 25.515001770757863 -29.407705217558146 -11.354520177225869 -67.338762283325195 -10.95094492050486 24.531824507389203 -55.916021208329632 29.793549528121947 -9.1866341656652004 -31.914671032603195 -79.299067851475314 -18.370071250915526 -63.9844316482544 -27.714509027178696 -69.919134548732217 -42.876115489006047 37.105002448672337 -8.1987396347690638 -35.092061710357669
leaf_weight=248 384 20 574 220 26 57 426 411 161 33 22 31 125 346 22 545 434 55 20 58 41 28 25 44 82 28 32 21 71 42
leaf_count=248 384 20 574 220 26 57 426 411 161 33 22 31 125 346 22 545 434 55 20 58 41 28 25 44 82 28 32 21 71 42
internal_value=-4.47333e-08 -15.0925 23.361 -24.4113 -3.59937 -16.1597 13.8965 3.85485 -7.70328 9.38589 6.77092 -18.5016 -13.573 -8.32281 -27.665 -12.5941 30.9664 -33.8465 -32.0348 -26.9904 -19.1899 -23.6838 -50.559 -35.7475 -28.3521 -38.4575 -15.0512 -8.35644 2.14233 -12.1053
internal_weight=4632 2814 1818 1554 1260 829 810 689 223 466 433 772 502 377 270 571 1008 725 670 450 238 218 53 212 168 110 165 133 92 203
internal_count=4632 2814 1818 1554 1260 829 810 689 223 466 433 772 502 377 270 571 1008 725 670 450 238 218 53 212 168 110 165 133 92 203
is_linear=0
shrinkage=0.05


Tree=57
num_leaves=31
num_cat=0
split_feature=3 3 3 0 0 0 0 6 0 6 4 6 5 3 1 5 6 3 3 3 1 0 6 5 1 0 6 5 0 5
split_gain=5.90026e+08 1.23861e+08 5.10401e+07 2.79868e+07 2.62266e+07 2.56303e+07 2.05291e+07 1.92779e+07 1.64698e+07 1.50521e+07 1.4757e+07 1.2062e+07 1.23228e+07 1.16476e+07 1.42985e+07 1.39858e+07 1.16106e+07 1.13846e+07 1.12244e+07 1.28476e+07 1.10025e+07 1.02234e+07 1.15634e+07 1.0013e+07 1.21765e+07 1.61233e+07 1.70051e+07 1.62559e+07 1.54035e+07 1.90906e+07
threshold=50944.650000000009 58694.350000000013 41813.500000000007 1.0000000180025095e-35 16.500000000000004 15.500000000000002 13.500000000000002 54655.043750000004 2.5000000000000004 55146.743750000001 47667.450000000004 54882.92500000001 47264.750000000007 43633.650000000001 2.5000000000000004 48006.100000000006 46576.5 46605.55000000001 66588.200000000026 65880.60000000002 1.5000000000000002 5.5000000000000009 55393.64375000001 52514.250000000007 3.5000000000000004 10.500000000000002 54457.07916666667 56574.55000000001 6.5000000000000009 57889.350000000006
decision_type=2 2 2 2 2 2 2 2 2 2 2 2 2 2 2 2 2 2 2 2 2 2 2 2 2 2 2 2 2 2
left_child=2 6 16 7 8 18 21 -4 10 17 13 -10 -13 -5 15 -15 -1 -6 19 -3 -14 -2 23 -23 28 26 -26 -27 -25 -30
right_child=1 5 3 4 9 -7 -8 -9 11 -11 -12 12 20 14 -16 -17 -18 -19 -20 -21 -22 22 -24 24 25 27 -28 -29 29 -31
leaf_value=-50.785155804624267 -12.731125168573289 31.096583463480307 -79.337567785511851 12.48562511556289 -34.466682577247255 14.378441334421723 -1.5371880831459426 -29.118759578097183 -8.718012966952335 -5.932153587653989 -51.287502161149057 41.401778804172174 -23.832538587906782 -2.1528910021696772 -36.032131031843335 -47.544549751281743 -30.901612490060316 -19.357469338815193 9.108815496939199 56.461269954465472 7.8548337530582515 38.311235499382022 40.263033146328397 -1.4787317358417278 -29.358437886313791 20.581287091328548 6.8261417260810511 -20.81897951467284 48.845368412084753 14.691976986794637
leaf_weight=97 42 860 23 34 209 293 596 113 447 122 31 22 34 112 78 20 302 309 54 53 141 32 36 81 63 130 67 29 57 145
leaf_count=97 42 860 23 34 209 293 596 113 447 122 31 22 34 112 78 20 302 309 54 53 141 32 36 81 63 130 67 29 57 145
internal_value=-2.35951e-08 16.2093 -19.6462 -15.8588 -13.9612 27.3335 5.2417 -37.6116 -8.5493 -21.7324 -18.7924 -4.17529 6.13231 -14.664 -19.0596 -9.03042 -35.7355 -25.4537 31.2589 32.569 1.69843 11.1658 12.734 11.0932 9.57051 2.35151 -10.7095 13.0303 16.9426 24.3293
internal_weight=4632 2538 2094 1695 1559 1260 1278 136 919 640 275 644 197 244 210 132 399 518 967 913 175 682 640 604 572 289 130 159 283 202
internal_count=4632 2538 2094 1695 1559 1260 1278 136 919 640 275 644 197 244 210 132 399 518 967 913 175 682 640 604 572 289 130 159 283 202
is_linear=0
shrinkage=0.05


Tree=58
num_leaves=31
num_cat=0
split_feature=3 3 3 1 0 4 0 4 4 6 1 6 6 6 0 5 0 1 0 0 3 5 5 6 5 0 0 5 3 6
split_gain=5.33305e+08 9.81451e+07 4.2843e+07 4.06673e+07 2.87352e+07 2.12683e+07 1.54233e+07 1.8276e+07 1.50198e+07 1.20344e+07 1.42725e+07 1.43636e+07 1.60818e+07 1.18219e+07 1.65178e+07 1.88094e+07 1.49444e+07 1.58813e+07 1.45048e+07 1.33173e+07 1.97341e+07 1.31876e+07 1.3069e+07 1.23505e+07 1.26327e+07 1.1778e+07 1.44792e+07 1.40499e+07 1.34523e+07 1.1529e+07
threshold=54865.900000000009 48013.850000000006 60740.05000000001 4.5000000000000009 14.500000000000002 49748.950000000004 18.500000000000004 52611.950000000004 64929.350000000013 55022.529166666667 1.0000000180025095e-35 49892.777083333342 52687.495833333342 55473.066666666673 4.5000000000000009 52765.450000000004 5.5000000000000009 4.5000000000000009 9.5000000000000018 6.5000000000000009 53677.350000000006 56195.000000000007 48377.80000000001 51094.72083333334 51601.05000000001 1.5000000000000002 22.500000000000004 44676.80000000001 47038.250000000007 54966.387500000004
decision_type=2 2 2 2 2 2 2 2 2 2 2 2 2 2 2 2 2 2 2 2 2 2 2 2 2 2 2 2 2 2
left_child=1 3 6 5 8 25 9 -8 13 10 11 -2 -13 14 22 23 -17 19 -19 20 -18 -20 -3 24 -16 28 27 -27 -1 -4
right_child=2 4 29 -5 -6 -7 7 -9 -10 -11 -12 12 -14 -15 15 16 17 18 21 -21 -22 -23 -24 -25 -26 26 -28 -29 -30 -31
leaf_value=-21.753844854139516 3.4089435492621529 12.177007166544598 23.281779328633991 -30.69404102150736 -11.560945225263019 14.992674620109694 7.8632131115053641 -40.345273743356984 44.255766885930846 24.778185016621244 5.9362852110190598 71.884090637207038 22.769157226562502 32.93973969777425 17.08938014895417 -30.320575346265521 11.791806445223221 -37.920903454886542 5.0924876805746333 31.387823145142917 -41.819141342526393 -39.173505630493167 -31.088025637157262 6.6479886054992683 60.725938097635904 25.009310211673863 -26.874676417922974 -10.127205540506827 -62.549377129294662 34.063689426617195
leaf_weight=248 45 24 568 725 571 57 66 28 22 220 376 25 50 30 43 42 94 36 106 58 21 20 64 102 27 31 125 346 22 440
leaf_count=248 45 24 568 725 571 57 66 28 22 220 376 25 50 30 43 42 94 36 106 58 21 20 64 102 27 31 125 346 22 440
internal_value=-7.94922e-08 -13.6367 21.1076 -22.0448 -3.26658 -14.4807 12.5451 -6.49676 3.60727 15.045 10.7278 25.7414 39.1408 2.26654 0.821965 4.0455 -2.20573 1.31911 -9.93098 11.8539 2.00198 -1.93386 -19.2885 17.7473 33.9206 -16.6569 -12.1276 -7.238 -25.0779 27.9882
internal_weight=4632 2814 1818 1554 1260 829 810 94 689 716 496 120 75 667 637 549 377 335 162 173 115 126 88 172 70 772 502 377 270 1008
internal_count=4632 2814 1818 1554 1260 829 810 94 689 716 496 120 75 667 637 549 377 335 162 173 115 126 88 172 70 772 502 377 270 1008
is_linear=0
shrinkage=0.05


Tree=59
num_leaves=31
num_cat=0
split_feature=3 3 3 6 0 0 0 5 0 0 4 5 0 4 6 5 3 0 3 6 0 6 6 3 5 4 6 3 3 1
split_gain=4.81648e+08 1.00573e+08 4.262e+07 2.51038e+07 2.37008e+07 2.31043e+07 2.26124e+07 1.76966e+07 1.66189e+07 1.54896e+07 1.34913e+07 1.17871e+07 1.52139e+07 1.28224e+07 1.10248e+07 1.10095e+07 1.73482e+07 1.05336e+07 1.08233e+07 1.04353e+07 1.04182e+07 1.20923e+07 1.32358e+07 1.06467e+07 1.02892e+07 1.0068e+07 1.34989e+07 1.06157e+07 9.75321e+06 1.24567e+07
threshold=50944.650000000009 58694.350000000013 41813.500000000007 55605.431250000009 1.0000000180025095e-35 16.500000000000004 17.500000000000004 43464.600000000006 13.500000000000002 2.5000000000000004 47667.450000000004 59280.000000000007 15.500000000000002 59176.450000000004 54741.866666666676 47264.750000000007 44336.55000000001 21.500000000000004 48875.30000000001 46576.5 9.5000000000000018 55367.991666666676 50516.979166666672 63037.850000000013 55757.450000000004 66123.550000000003 54958.483333333344 66923.85000000002 43779.700000000004 2.5000000000000004
decision_type=2 2 2 2 2 2 2 2 2 2 2 2 2 2 2 2 2 2 2 2 2 2 2 2 2 2 2 2 2 2
left_child=2 8 19 4 7 11 9 -4 -2 10 28 -3 20 -14 -8 16 -11 -16 -19 -1 -13 22 -22 -23 -7 27 -27 -24 -6 -30
right_child=1 5 3 -5 6 24 14 -9 -10 15 -12 12 13 -15 17 -17 -18 18 -20 -21 21 23 25 -25 -26 26 -28 -29 29 -31
leaf_value=-46.720412830470764 10.092310063859934 49.996122745231347 -63.460701771271538 40.038370641072589 9.1342506150941585 29.285640023884021 -26.868136126916092 -23.520170947412652 -1.3370232080546953 -11.167054134607316 -50.040045483907065 14.809206934342019 27.980760192871095 -8.7081334443525833 2.8070240871326346 -7.4399139454843413 25.236326628261143 -14.953358062567739 -50.783959245681764 -27.870084457365881 65.947011184692386 78.863317260742193 25.98991851073572 38.176397528299468 -0.62941469580440201 23.20448982932351 69.153059584094635 -6.6339648760282079 -9.4459857331789454 -35.143998326481999
leaf_weight=97 682 54 39 21 37 38 332 96 596 60 30 130 42 55 74 533 72 173 24 302 22 20 609 82 118 33 31 26 130 74
leaf_count=97 682 54 39 21 37 38 332 96 596 60 30 130 42 55 74 533 72 173 24 302 22 20 609 82 118 33 31 26 130 74
internal_value=-6.03664e-08 14.6451 -17.7504 -14.2895 -14.971 24.6692 -13.209 -35.0585 4.7622 -8.34439 -18.4202 27.2144 26.0427 7.17778 -20.7599 -4.23832 8.68934 -13.2768 -19.3185 -32.4527 27.9629 30.0406 27.761 46.1542 6.65759 26.5592 45.4608 24.6541 -14.4841 -18.7678
internal_weight=4632 2538 2094 1695 1674 1260 1539 135 1278 936 271 1104 1050 97 603 665 132 271 197 399 953 823 721 102 156 699 64 635 241 204
internal_count=4632 2538 2094 1695 1674 1260 1539 135 1278 936 271 1104 1050 97 603 665 132 271 197 399 953 823 721 102 156 699 64 635 241 204
is_linear=0
shrinkage=0.05


Tree=60
num_leaves=31
num_cat=0
split_feature=3 3 3 6 0 0 4 6 5 0 4 0 6 6 5 0 5 6 6 5 6 0 5 4 5 0 0 4 4 6
split_gain=4.3773e+08 8.06419e+07 3.4014e+07 2.99683e+07 1.99665e+07 3.2761e+07 1.73866e+07 2.05159e+07 1.73754e+07 1.32503e+07 1.27529e+07 1.27137e+07 2.2205e+07 1.14752e+07 1.25797e+07 1.00267e+07 1.36058e+07 9.9384e+06 1.8543e+07 1.26366e+07 1.24644e+07 9.9122e+06 1.79466e+07 1.41934e+07 1.48619e+07 1.20646e+07 9.19836e+06 1.26155e+07 1.59335e+07 8.89789e+06
threshold=54865.900000000009 46941.350000000013 60740.05000000001 46908.762500000012 14.500000000000002 3.5000000000000004 42209.900000000009 55278.887500000004 37364.150000000001 12.500000000000002 64929.350000000013 22.500000000000004 47926.833333333343 55307.793750000004 48197.150000000001 7.5000000000000009 56090.500000000007 54966.387500000004 54989.702083333344 65729.400000000009 50392.897916666676 7.5000000000000009 42907.900000000009 42662.450000000004 46459.400000000001 21.500000000000004 1.5000000000000002 44663.000000000007 45499.700000000004 50142.883333333339
decision_type=2 2 2 2 2 2 2 2 2 2 2 2 2 2 2 2 2 2 2 2 2 2 2 2 2 2 2 2 2 2
left_child=1 3 9 21 5 -3 11 8 -8 15 13 12 -5 14 -7 16 -2 20 -19 -20 -4 23 25 -1 -25 -23 27 -10 -29 -17
right_child=2 4 17 6 -6 10 7 -9 26 -11 -12 -13 -14 -15 -16 29 -18 18 19 -21 -22 22 -24 24 -26 -27 -28 28 -30 -31
leaf_value=-38.219704420651709 38.865477414358232 -25.345604742456366 58.686002854506171 -7.1678547918796545 -11.023832669754967 32.469674415588379 -69.379374618530278 1.203399086991946 -13.06386683146159 5.4219605335187468 41.61628950292414 -35.602719467163091 41.268288447062176 21.497833404541016 -0.67951364821943061 5.1532783907035302 -7.0985780246015908 71.039093554461445 24.987304765743446 51.571323723886536 19.432721789358304 -12.089232658617426 -85.913891667905062 14.547043024048662 -34.515106109092976 -48.442738119895395 -18.598872361871187 -66.434021368259337 -28.018161641495137 27.011620985552419
leaf_weight=112 21 108 21 112 691 30 20 96 60 426 22 25 30 75 622 58 69 27 362 51 547 33 23 33 29 74 499 41 79 236
leaf_count=112 21 108 21 112 691 30 20 96 60 426 22 25 30 75 622 58 69 27 362 51 547 33 23 33 29 74 499 41 79 236
internal_value=-8.0878e-08 -12.3545 19.1229 -21.7141 -4.69991 0.39907 -17.3896 -20.4704 -23.447 11.4935 4.11125 -2.72347 3.06513 2.9763 0.845756 18.2292 3.62637 25.2537 30.8945 28.2701 20.884 -35.3987 -45.8441 -27.5948 -8.40138 -37.2309 -22.0941 -31.7837 -41.1436 22.6994
internal_weight=4632 2814 1818 1266 1548 857 962 795 699 810 749 167 142 727 652 384 90 1008 440 413 568 304 130 174 62 107 679 180 120 294
internal_count=4632 2814 1818 1266 1548 857 962 795 699 810 749 167 142 727 652 384 90 1008 440 413 568 304 130 174 62 107 679 180 120 294
is_linear=0
shrinkage=0.05


Tree=61
num_leaves=31
num_cat=0
split_feature=3 3 1 6 0 4 0 3 1 6 4 5 3 6 4 5 1 0 4 4 0 0 4 5 5 0 4 5 5 4
split_gain=3.95118e+08 8.14832e+07 3.67987e+07 2.02863e+07 1.93941e+07 1.69607e+07 1.59135e+07 1.5365e+07 1.45213e+07 1.98484e+07 1.40295e+07 2.00767e+07 1.53953e+07 1.38702e+07 1.4935e+07 1.60631e+07 2.16671e+07 1.30541e+07 1.18057e+07 2.27393e+07 1.52568e+07 1.69866e+07 1.12905e+07 1.59099e+07 1.07527e+07 1.33104e+07 1.1787e+07 1.0334e+07 1.47227e+07 1.0071e+07
threshold=50944.650000000009 58694.350000000013 4.5000000000000009 55605.431250000009 16.500000000000004 47846.500000000007 2.5000000000000004 47368.250000000007 1.0000000180025095e-35 54590.160416666673 39315.400000000001 46021.650000000009 47302.350000000013 55040.272916666676 54797.200000000004 55094.850000000006 3.5000000000000004 14.500000000000002 48946.150000000001 49319.400000000001 20.500000000000004 3.5000000000000004 41718.400000000001 51366.750000000007 59280.000000000007 15.500000000000002 60588.650000000001 54982.750000000007 50413.450000000004 53387.100000000006
decision_type=2 2 2 2 2 2 2 2 2 2 2 2 2 2 2 2 2 2 2 2 2 2 2 2 2 2 2 2 2 2
left_child=2 13 3 5 24 8 -7 29 10 -10 12 -12 -1 17 27 -16 -17 -2 20 -20 21 -8 -13 -24 -3 -26 -27 28 -15 -4
right_child=1 4 7 -5 -6 6 18 -9 9 -11 11 22 -14 14 15 16 -18 -19 19 -21 -22 -23 23 -25 25 26 -28 -29 -30 -31
leaf_value=-7.644689174845249 6.2032430379277983 46.378269964456564 -29.288094552954995 38.297861344473709 5.7850611870105455 -37.382597508923759 6.0049992857308228 -11.450462649724422 -52.476672740209665 -16.8230203782887 45.915445075988771 -18.391671371264536 -51.378979732372152 16.371944889315852 57.684333748653017 27.605691991173302 -20.019798155753847 -5.6551069070616045 -48.663967352647049 1.0000689213425655 -11.144412760580741 61.115762639928747 34.422094373142016 -18.748669910430909 25.296075484963431 16.679456736700878 -22.209595323491982 32.274396117528276 -17.964575641380772 -8.4615141063928601
leaf_weight=79 571 54 624 21 156 29 29 195 42 553 25 61 27 54 29 104 31 391 26 203 31 27 34 24 953 70 27 24 74 64
leaf_count=79 571 54 624 21 156 29 29 195 42 553 25 61 27 54 29 104 31 391 26 203 31 27 34 24 953 70 27 24 74 64
internal_value=-2.03807e-08 13.2645 -16.0771 -10.4172 22.2873 -11.2769 -1.93493 -23.8394 -15.091 -19.3397 -4.97914 5.18318 -18.7846 4.36887 13.4573 23.9221 16.6695 1.38348 1.31818 -4.63864 16.9976 32.5763 -3.37402 12.4204 24.6191 23.5001 5.85467 2.16639 -3.47886 -27.3507
internal_weight=4632 2538 2094 1211 1260 1190 345 883 845 595 250 144 106 1278 316 164 135 962 316 229 87 56 119 58 1104 1050 97 152 128 688
internal_count=4632 2538 2094 1211 1260 1190 345 883 845 595 250 144 106 1278 316 164 135 962 316 229 87 56 119 58 1104 1050 97 152 128 688
is_linear=0
shrinkage=0.05


Tree=62
num_leaves=31
num_cat=0
split_feature=3 3 0 6 0 0 1 4 6 5 6 5 0 6 3 5 4 4 0 4 4 5 0 5 4 0 3 4 3 5
split_gain=3.58745e+08 6.45164e+07 2.79109e+07 2.57767e+07 1.68349e+07 2.71529e+07 1.62548e+07 1.50732e+07 1.87039e+07 1.59778e+07 1.34172e+07 1.32977e+07 1.28249e+07 1.39247e+07 1.31077e+07 1.35285e+07 1.22298e+07 1.14519e+07 1.09974e+07 1.37293e+07 1.59232e+07 1.33029e+07 1.24805e+07 2.10254e+07 1.24424e+07 1.22022e+07 1.48688e+07 1.32591e+07 1.12664e+07 1.09812e+07
threshold=54865.900000000009 46941.350000000013 17.500000000000004 46908.762500000012 3.5000000000000004 14.500000000000002 4.5000000000000009 42209.900000000009 55416.437500000007 37364.150000000001 54732.156250000007 54246.250000000007 7.5000000000000009 55622.42291666667 56513.400000000009 57889.350000000006 39066.30000000001 64929.350000000013 14.500000000000002 62077.350000000013 61354.350000000013 59123.650000000001 10.500000000000002 61831.05000000001 51292.600000000006 12.500000000000002 66588.200000000026 65712.550000000003 65051.30000000001 64469.80000000001
decision_type=2 2 2 2 2 2 2 2 2 2 2 2 2 2 2 2 2 2 2 2 2 2 2 2 2 2 2 2 2 2
left_child=1 3 6 -1 -3 17 12 16 9 -9 11 -4 14 18 15 -2 -5 -6 21 20 24 -14 29 -24 -20 28 27 -27 -25 -23
right_child=2 4 10 7 5 -7 -8 8 -10 -11 -12 -13 13 -15 -16 -17 -18 -19 19 -21 -22 22 23 25 -26 26 -28 -29 -30 -31
leaf_value=-32.247711780196745 35.29060359530979 -23.377502599248182 5.1849034150441495 -15.179638062084422 2.6093533124974542 -10.058085873675589 2.5595318951527588 -64.446001338958737 11.840728244557978 -19.145150708168376 9.3694181141100437 -37.221543723658513 54.917205843244282 62.740212140764505 -27.082697351162253 -11.04924614088876 11.886224259690541 39.225312488729308 38.359417601426443 -7.2463012528419499 49.65955027180749 19.781413713891681 74.07607727050781 27.353380789683793 10.668861342295436 27.469600344914944 -13.014196832252271 -11.241573638916016 50.365107227024964 -5.6414737635729271
leaf_weight=304 36 108 36 85 727 691 128 20 48 727 152 38 35 21 26 28 82 22 48 60 37 319 24 196 262 192 33 25 73 49
leaf_count=304 36 108 36 85 727 691 128 20 48 727 152 38 35 21 26 28 82 22 48 60 37 319 24 196 262 192 33 25 73 49
internal_value=-8.1597e-08 -11.1844 17.3119 -19.5561 -4.33782 -2.90985 19.6461 -15.5454 -18.4139 -20.358 0.86898 -16.5914 21.14 22.3377 2.85481 15.0169 -1.88981 3.68486 21.7106 14.8381 18.6568 24.6674 23.5052 28.323 14.9564 26.2073 18.2546 23.0098 33.5982 16.3963
internal_weight=4632 2814 1818 1266 1548 1440 1592 962 795 747 226 74 1464 1374 90 64 167 749 1353 407 347 946 911 543 310 519 250 217 269 368
internal_count=4632 2814 1818 1266 1548 1440 1592 962 795 747 226 74 1464 1374 90 64 167 749 1353 407 347 946 911 543 310 519 250 217 269 368
is_linear=0
shrinkage=0.05


Tree=63
num_leaves=31
num_cat=0
split_feature=3 3 0 6 0 0 6 3 1 4 6 4 0 0 5 1 5 5 4 6 6 6 0 6 3 5 6 6 6 5
split_gain=3.23767e+08 5.82261e+07 2.51896e+07 2.32635e+07 1.57062e+07 1.82259e+07 1.69946e+07 1.52552e+07 1.46699e+07 1.36036e+07 1.74267e+07 1.67847e+07 1.2345e+07 1.23487e+07 2.49331e+07 1.37765e+07 1.30281e+07 1.23117e+07 1.52681e+07 1.42147e+07 1.22119e+07 2.60836e+07 1.15745e+07 1.2567e+07 1.18297e+07 1.22095e+07 1.14494e+07 1.28136e+07 1.08326e+07 1.69448e+07
threshold=54865.900000000009 46941.350000000013 17.500000000000004 46908.762500000012 21.500000000000004 3.5000000000000004 55292.802083333336 47260.450000000004 4.5000000000000009 42209.900000000009 54934.100000000006 47846.500000000007 14.500000000000002 10.500000000000002 53253.900000000009 3.5000000000000004 56304.900000000009 55624.950000000004 55635.350000000006 54710.014583333344 54807.839583333334 47926.833333333343 7.5000000000000009 55622.42291666667 56513.400000000009 57889.350000000006 55009.060416666667 55278.887500000004 48282.931250000001 49173.100000000006
decision_type=2 2 2 2 2 2 2 2 2 2 2 2 2 2 2 2 2 2 2 2 2 2 2 2 2 2 2 2 2 2
left_child=1 3 8 -1 5 -3 12 -6 22 20 11 -11 13 15 -15 28 -16 18 -4 -19 21 -5 24 -24 25 -2 -12 -28 -7 -30
right_child=2 4 17 9 7 6 -8 -9 -10 10 26 -13 -14 14 16 -17 -18 19 -20 -21 -22 -23 23 -25 -26 -27 27 -29 29 -31
leaf_value=-30.635326199311962 33.526073755158322 -22.208627731711776 1.2700252115303743 -6.1453927573035747 11.660347549376951 -28.711490882862183 16.540844863136922 -27.753660579455101 2.4315548611804845 -30.083768132272041 16.696343102288804 -12.097432247168339 -8.707747598898532 65.783052280970978 15.031725501394892 -9.9539916684113301 -30.26176343917847 -53.079649734497075 42.96889597819402 -1.2333811393150917 -35.626719433328383 50.035896087646485 20.625080646293654 59.603202383858822 -25.728561848860522 -10.49678511619568 -22.36719118425669 2.0957082944611711 50.634673649614513 4.8855018229352627
leaf_weight=304 36 108 141 119 31 21 127 118 128 314 43 221 495 21 77 255 20 20 26 39 23 25 1353 21 26 28 121 96 22 253
leaf_count=304 36 108 141 119 31 21 127 118 128 314 43 221 495 21 77 255 20 20 26 39 23 25 1353 21 26 28 121 96 22 253
internal_value=-3.29273e-08 -10.6252 16.4463 -18.5783 -4.12093 -2.4773 -0.826654 -19.5534 18.6638 -14.7681 -17.4933 -22.6539 -2.72156 1.70768 16.3869 -1.43596 5.69286 0.825531 7.76206 -18.8084 -1.79532 3.6083 20.083 21.2208 2.71207 14.2661 -6.87423 -11.5449 5.90221 8.54544
internal_weight=4632 2814 1818 1266 1548 1399 1291 149 1592 962 795 535 1164 669 118 551 97 226 167 59 167 144 1464 1374 90 64 260 217 296 275
internal_count=4632 2814 1818 1266 1548 1399 1291 149 1592 962 795 535 1164 669 118 551 97 226 167 59 167 144 1464 1374 90 64 260 217 296 275
is_linear=0
shrinkage=0.05


Tree=64
num_leaves=31
num_cat=0
split_feature=3 3 1 6 0 0 0 5 4 6 4 5 1 3 3 0 3 5 3 4 5 0 5 1 0 4 5 5 4 6
split_gain=2.92743e+08 5.87903e+07 2.8715e+07 1.77933e+07 1.60566e+07 1.31362e+07 2.65723e+07 2.89245e+07 1.45685e+07 1.14849e+07 1.20704e+07 1.4294e+07 1.94313e+07 1.09515e+07 1.05351e+07 1.91033e+07 1.02779e+07 1.16348e+07 1.46321e+07 1.00671e+07 9.92728e+06 1.25089e+07 1.52455e+07 1.35501e+07 1.22909e+07 1.14457e+07 9.9248e+06 9.85883e+06 1.06062e+07 1.19704e+07
threshold=50944.650000000009 58694.350000000013 4.5000000000000009 55605.431250000009 16.500000000000004 2.5000000000000004 21.500000000000004 47204.80000000001 47667.450000000004 55040.272916666676 54797.200000000004 55094.850000000006 3.5000000000000004 47368.250000000007 50040.950000000004 4.5000000000000009 48701.500000000007 46688.100000000006 45261.450000000004 65293.600000000006 59532.000000000007 14.500000000000002 61376.55000000001 1.5000000000000002 9.5000000000000018 62410.400000000009 55757.450000000004 47924.750000000007 40714.400000000009 54590.160416666673
decision_type=2 2 2 2 2 2 2 2 2 2 2 2 2 2 2 2 2 2 2 2 2 2 2 2 2 2 2 2 2 2
left_child=2 9 3 5 20 8 7 -7 27 19 -11 -12 -13 -4 15 -9 17 18 -8 -2 -3 22 23 -22 -24 -23 -6 28 -1 -30
right_child=1 4 13 -5 26 6 16 14 -10 10 11 12 -14 -15 -16 -17 -18 -19 -20 -21 21 25 24 -25 -26 -27 -28 -29 29 -31
leaf_value=6.9441935077790298 0.19604982394044118 38.892275942338479 -23.659799852923946 36.784947749546596 26.289996696773329 27.83334833053221 -40.12874732547337 -10.044262305969417 -48.24259851960575 1.9810238206072857 53.388066469389827 25.054377954395918 -20.047046292212702 -10.235976898486797 -21.030026861337518 13.792793083536452 -43.096995628846656 -30.55599772279913 0.43164460091363815 28.718862572312357 77.601923270847493 14.817697721087066 3.4224964903159574 26.592029673258466 23.299693668169294 -14.469907379150392 -3.0905777680671824 -43.167189534505212 -46.319194306998419 -12.431558643890263
leaf_weight=62 930 74 688 21 38 83 27 215 34 152 29 104 31 195 78 138 37 77 126 32 23 179 88 30 669 41 118 27 29 257
leaf_count=62 930 74 688 21 38 83 27 215 34 152 29 104 31 195 78 138 37 77 126 32 23 179 88 30 669 41 118 27 29 257
internal_value=-5.94702e-08 11.4175 -13.8384 -8.83871 19.0815 -9.64384 -5.84222 0.804893 -16.9032 3.86142 12.1315 21.5393 14.6978 -20.6953 -4.40012 -0.725527 -18.6385 -14.7039 -6.72607 1.14483 21.2033 19.9324 22.804 48.7284 20.989 9.35955 4.06623 -14.0617 -11.8035 -15.8677
internal_weight=4632 2538 2094 1211 1260 1190 781 514 409 1278 316 164 135 883 431 353 267 230 153 962 1104 1030 810 53 757 220 156 375 348 286
internal_count=4632 2538 2094 1211 1260 1190 781 514 409 1278 316 164 135 883 431 353 267 230 153 962 1104 1030 810 53 757 220 156 375 348 286
is_linear=0
shrinkage=0.05


Tree=65
num_leaves=31
num_cat=0
split_feature=3 3 1 0 4 4 0 5 0 6 1 3 3 3 6 6 5 0 5 0 3 1 6 1 4 5 1 0 5 6
split_gain=2.6532e+08 4.65429e+07 2.30663e+07 2.16052e+07 1.60305e+07 1.57631e+07 1.32677e+07 1.44342e+07 1.64818e+07 1.2987e+07 2.34114e+07 1.16726e+07 1.34062e+07 1.1243e+07 1.11692e+07 1.08847e+07 1.13119e+07 1.08092e+07 9.95176e+06 1.3731e+07 1.72596e+07 9.76997e+06 1.25709e+07 9.40802e+06 8.72869e+06 1.08804e+07 1.30623e+07 1.27602e+07 1.09942e+07 1.16837e+07
threshold=54865.900000000009 48013.850000000006 4.5000000000000009 17.500000000000004 41016.450000000004 49319.400000000001 14.500000000000002 47681.500000000007 5.5000000000000009 54980.795833333344 1.5000000000000002 64430.950000000004 64877.100000000013 66923.85000000002 55278.887500000004 54732.156250000007 53674.250000000007 13.500000000000002 52866.600000000006 4.5000000000000009 50122.850000000006 1.5000000000000002 55084.83125000001 3.5000000000000004 64929.350000000013 52979.350000000013 4.5000000000000009 9.5000000000000018 51545.05000000001 48637.70416666667
decision_type=2 2 2 2 2 2 2 2 2 2 2 2 2 2 2 2 2 2 2 2 2 2 2 2 2 2 2 2 2 2
left_child=1 2 5 9 -3 -1 7 -6 18 10 -2 17 -13 -11 24 16 -5 -12 19 21 -21 -9 -23 -8 25 28 -27 -28 -10 -30
right_child=3 4 -4 15 6 -7 23 8 14 13 11 12 -14 -15 -16 -17 -18 -19 -20 20 -22 22 -24 -25 -26 26 27 -29 29 -31
leaf_value=-11.838294319873443 21.802142634397097 -34.033293308355873 -21.922584273765828 7.7185783324703099 45.020273239612578 12.644093688329061 -0.81977100354911647 8.6853730337960382 0.82977825927734372 23.931017472191456 9.29512365201529 54.958891479174298 10.846436760073804 -14.188456771373749 35.069152245377055 8.0775749773571359 -31.903591688289197 -6.6121106095995223 -31.829113039232439 32.042956915355866 -14.149548496344151 -56.306461264536928 -7.1386591397798984 -14.020556653083716 35.57190108732744 8.9673087730127232 -38.682029595094576 -4.0448732634059716 57.291475648146417 9.4186256713867191
leaf_weight=757 449 39 725 31 20 72 274 21 50 589 274 24 61 20 33 152 43 175 42 42 39 26 26 266 22 153 34 122 26 25
leaf_count=757 449 39 725 31 20 72 274 21 50 589 274 24 61 20 33 152 43 175 42 42 39 26 26 266 22 153 34 122 26 25
internal_value=-1.88233e-08 -9.61847 -15.4087 14.888 -2.4772 -9.71196 -1.46927 3.17196 1.90575 16.9417 13.3871 6.31159 23.3017 22.6791 7.03168 0.421296 -15.3051 3.0952 -10.2553 -4.37148 9.80212 -20.0984 -31.7226 -7.32238 4.88993 3.24358 -1.41316 -11.594 17.4904 33.8244
internal_weight=4632 2814 1554 1818 1260 829 1221 681 661 1592 983 534 85 609 465 226 74 449 196 154 81 73 52 540 432 410 309 156 101 51
internal_count=4632 2814 1554 1818 1260 829 1221 681 661 1592 983 534 85 609 465 226 74 449 196 154 81 73 52 540 432 410 309 156 101 51
is_linear=0
shrinkage=0.05


Tree=66
num_leaves=31
num_cat=0
split_feature=3 3 0 6 0 0 4 6 5 6 1 4 3 3 5 4 6 3 0 0 5 6 4 5 0 5 5 1 0 0
split_gain=2.39452e+08 4.21066e+07 1.94987e+07 1.92722e+07 1.27256e+07 1.96167e+07 1.19025e+07 1.51151e+07 1.3754e+07 1.17207e+07 2.11288e+07 1.13162e+07 1.05345e+07 1.20991e+07 1.04626e+07 1.30289e+07 1.17118e+07 1.01468e+07 9.92023e+06 9.75526e+06 9.74155e+06 1.45228e+07 9.17662e+06 8.93624e+06 9.29491e+06 2.12241e+07 1.18251e+07 1.16653e+07 1.96666e+07 1.56206e+07
threshold=54865.900000000009 46941.350000000013 17.500000000000004 46908.762500000012 3.5000000000000004 14.500000000000002 42209.900000000009 55416.437500000007 37364.150000000001 54980.795833333344 1.5000000000000002 39066.30000000001 64430.950000000004 64877.100000000013 55624.950000000004 55635.350000000006 54710.014583333344 66923.85000000002 3.5000000000000004 13.500000000000002 45534.700000000004 47175.958333333336 52826.80000000001 48197.150000000001 10.500000000000002 53253.900000000009 56304.900000000009 4.5000000000000009 6.5000000000000009 7.5000000000000009
decision_type=2 2 2 2 2 2 2 2 2 2 2 2 2 2 2 2 2 2 2 2 2 2 2 2 2 2 2 2 2 2
left_child=1 3 9 -1 -3 23 11 8 -8 10 -2 18 19 -14 15 22 -16 -11 -5 -12 21 -13 -4 -6 27 -26 -27 28 -25 -29
right_child=2 4 14 6 5 -7 7 -9 -10 17 12 20 13 -15 16 -17 -18 -19 -20 -21 -22 -23 -24 24 25 26 -28 29 -30 -31
leaf_value=-26.874847066902408 20.712035322773431 -20.160028890327172 10.547658948349151 -1.742746572979426 29.977279014587403 -8.4406868695393324 -57.634509015083317 12.215781486034395 -15.604192373529589 22.73446665939532 8.8303673739415895 -1.0935310727074032 52.210946887731552 10.304114949116943 -48.807425270080572 39.317564930365641 -1.74650023044684 -13.479033794291318 -38.813173103332524 -6.2815051503862662 -5.5910735632243913 56.417129748800534 -15.890079865088831 -0.25176473526664861 60.52908921014695 13.985439518519811 -29.166323070526126 -52.736103744506842 30.655520286560058 -5.8513958505114676
leaf_weight=304 449 108 89 59 30 691 20 48 727 589 274 21 24 61 20 26 39 20 26 175 38 23 52 362 21 77 20 20 60 159
leaf_count=304 449 108 89 59 30 691 20 48 727 589 274 21 24 61 20 26 39 20 26 175 38 23 52 362 21 77 20 20 60 159
internal_value=-1.91741e-08 -9.13754 14.1436 -15.9007 -3.60641 -2.36489 -12.4328 -14.9819 -16.7295 16.0946 12.7178 -0.298177 5.99601 22.1366 0.400231 6.7947 -17.6994 21.5452 -13.0819 2.94044 12.9533 28.9689 0.797571 3.24043 2.12484 14.9548 5.08817 -0.394179 4.14264 -11.0899
internal_weight=4632 2814 1818 1266 1548 1440 962 795 747 1592 983 167 534 85 226 167 59 609 85 449 82 44 141 749 719 118 97 601 422 179
internal_count=4632 2814 1818 1266 1548 1440 962 795 747 1592 983 167 534 85 226 167 59 609 85 449 82 44 141 749 719 118 97 601 422 179
is_linear=0
shrinkage=0.05


Tree=67
num_leaves=31
num_cat=0
split_feature=3 3 1 0 0 0 4 6 6 6 6 6 3 5 0 6 0 4 4 4 6 0 5 6 5 0 5 5 3 0
split_gain=2.16214e+08 4.2194e+07 1.92511e+07 1.53985e+07 1.49667e+07 1.46371e+07 1.4036e+07 1.39641e+07 1.27148e+07 1.26538e+07 1.20486e+07 1.84115e+07 1.22188e+07 1.21726e+07 1.18005e+07 1.13246e+07 1.10393e+07 1.43154e+07 1.42092e+07 1.68636e+07 1.53872e+07 1.28102e+07 1.62728e+07 1.23207e+07 1.02187e+07 1.18582e+07 9.43661e+06 9.32086e+06 1.24393e+07 1.49724e+07
threshold=55499.30000000001 48013.850000000006 4.5000000000000009 20.500000000000004 13.500000000000002 10.500000000000002 49319.400000000001 55146.743750000001 55577.654166666674 54552.554166666669 54878.385416666679 54921.664583333339 48209.700000000004 58034.250000000007 4.5000000000000009 51840.12708333334 15.500000000000002 50176.750000000007 50994.100000000013 49633.650000000009 48858.889583333344 10.500000000000002 56574.55000000001 48390.962500000016 48197.150000000001 4.5000000000000009 49762.80000000001 64469.80000000001 63037.850000000013 9.5000000000000018
decision_type=2 2 2 2 2 2 2 2 2 2 2 2 2 2 2 2 2 2 2 2 2 2 2 2 2 2 2 2 2 2
left_child=1 2 6 10 5 27 -1 9 15 -5 12 -12 -3 24 -14 -6 18 -18 19 20 -16 -20 -23 26 -13 -26 -19 28 29 -2
right_child=4 3 -4 7 8 -7 -8 -9 -10 -11 11 13 14 -15 16 -17 17 23 21 -21 -22 22 -24 -25 25 -27 -28 -29 -30 -31
leaf_value=-10.703373453458045 12.382388812133783 34.67682135445731 -19.852105790631526 5.9129287719726564 -17.385416893731982 24.676085053002964 12.398864873250325 2.0387763400335568 44.088303421020512 -34.156228256225589 47.00268775394985 34.173726492342745 -32.352221472603937 42.461865701675414 -14.774168550645982 9.3324618264980455 1.3042397720336916 -22.621182278224403 -10.185088381145313 55.542129309972132 33.869011116027835 13.382654713414198 -27.87887238093785 -10.857263623730521 -26.446425641210453 3.6493861660866416 -66.380709388039335 -8.73020867779851 -15.423376858234406 37.939823046752387
leaf_weight=757 316 21 725 25 42 465 72 74 25 93 28 23 35 20 37 712 125 28 230 24 29 163 28 89 38 236 22 48 32 70
leaf_count=757 316 21 725 25 42 465 72 74 25 93 28 23 35 20 37 712 125 28 230 24 29 163 28 89 38 236 22 48 32 70
internal_value=-3.29674e-08 -8.26391 -13.9012 -1.86011 14.1211 18.4 -8.69691 -14.9887 9.00736 -25.667 0.283343 8.13797 -2.9776 4.70512 -3.95383 7.8442 -2.67132 -10.9736 1.61793 19.6508 6.59935 -2.23707 7.33384 -22.0149 2.16258 -0.524486 -41.8754 12.1374 14.5337 17.0172
internal_weight=4632 2922 1554 1368 1710 931 829 192 779 118 1176 345 831 317 810 754 775 264 511 90 66 421 191 139 297 274 50 466 418 386
internal_count=4632 2922 1554 1368 1710 931 829 192 779 118 1176 345 831 317 810 754 775 264 511 90 66 421 191 139 297 274 50 466 418 386
is_linear=0
shrinkage=0.05


Tree=68
num_leaves=31
num_cat=0
split_feature=3 3 1 0 0 4 6 6 3 0 6 6 6 4 3 0 0 4 4 4 6 0 5 6 5 0 3 6 1 5
split_gain=1.95133e+08 3.80801e+07 1.73741e+07 1.43475e+07 1.38972e+07 1.27193e+07 1.26026e+07 1.15175e+07 1.62928e+07 1.19672e+07 1.14201e+07 1.08739e+07 1.66164e+07 1.11537e+07 1.10274e+07 1.06499e+07 9.96296e+06 1.29197e+07 1.28238e+07 1.52194e+07 1.4204e+07 1.15612e+07 1.46862e+07 1.11194e+07 9.59077e+06 1.02633e+07 1.25902e+07 1.18444e+07 9.56329e+06 9.4065e+06
threshold=55499.30000000001 48013.850000000006 4.5000000000000009 16.500000000000004 20.500000000000004 49748.950000000004 55146.743750000001 50013.116666666676 56643.80000000001 7.5000000000000009 54552.554166666669 54878.385416666679 54921.664583333339 57791.900000000009 48209.700000000004 4.5000000000000009 15.500000000000002 50176.750000000007 50994.100000000013 49633.650000000009 48637.70416666667 10.500000000000002 56574.55000000001 48390.962500000016 48197.150000000001 5.5000000000000009 52378.350000000006 55215.347916666673 2.5000000000000004 58604.500000000007
decision_type=2 2 2 2 2 2 2 2 2 2 2 2 2 2 2 2 2 2 2 2 2 2 2 2 2 2 2 2 2 2
left_child=1 2 5 7 11 -1 10 8 -2 28 -6 14 -13 24 -3 -16 18 -18 19 20 -17 -20 -23 -19 -14 27 -27 -26 -9 -5
right_child=3 4 -4 29 6 -7 -8 9 -10 -11 -12 12 13 -15 15 16 17 23 21 -21 -22 22 -24 -25 25 26 -28 -29 -30 -31
leaf_value=-9.9449387181492366 22.422125820403405 32.942981592814128 -18.859500485699751 7.4596316853186471 5.617283706665039 14.530597536187424 1.9368377213542527 16.246044770876566 -16.477446036868624 18.003845192408747 -32.448416658627089 44.652554239545552 32.465040920091717 34.025985892065641 -30.734610477004733 -19.930808810530038 1.2390274475097658 -39.78160507965088 -9.6758338320773589 52.765023326873781 26.804667421289395 12.713521944672053 -26.484929003034321 -10.314400477355786 -30.326332222498383 25.829006011996952 -3.4797101632604064 3.5861283246208644 -27.132136408487959 -16.901145545296046
leaf_weight=772 47 21 725 286 25 57 74 24 63 1217 93 28 23 29 35 29 125 50 230 24 37 163 28 89 52 56 106 51 27 46
leaf_count=772 47 21 725 286 25 57 74 24 63 1217 93 28 23 29 35 29 125 50 230 24 37 163 28 89 52 56 106 51 27 46
internal_value=-2.90666e-08 -7.85071 -13.2062 13.4151 -1.7671 -8.26206 -14.2393 15.6631 0.14328 17.0095 -24.3836 0.269176 7.73107 4.46987 -2.82872 -3.75614 -2.53775 -10.4249 1.53703 18.6682 6.26938 -2.12522 6.96715 -20.9141 1.49373 -1.19435 6.6517 -13.5347 -6.71887 4.08434
internal_weight=4632 2922 1554 1710 1368 829 192 1378 110 1268 118 1176 345 317 831 810 775 264 511 90 66 421 191 139 288 265 162 103 51 332
internal_count=4632 2922 1554 1710 1368 829 192 1378 110 1268 118 1176 345 317 831 810 775 264 511 90 66 421 191 139 288 265 162 103 51 332
is_linear=0
shrinkage=0.05


Tree=69
num_leaves=31
num_cat=0
split_feature=3 4 1 6 6 4 4 0 4 0 0 0 4 5 5 3 6 6 6 0 6 5 6 3 6 6 6 5 6 5
split_gain=1.76108e+08 3.48086e+07 2.48867e+07 1.82525e+07 1.68555e+07 1.60189e+07 1.58408e+07 1.72284e+07 1.50846e+07 1.29888e+07 1.27747e+07 1.26662e+07 1.17324e+07 1.39045e+07 1.26133e+07 1.2792e+07 1.15538e+07 1.06211e+07 1.16827e+07 1.05617e+07 1.08707e+07 1.0462e+07 1.20825e+07 1.02359e+07 1.03334e+07 1.21879e+07 1.0124e+07 1.00991e+07 1.00268e+07 1.10193e+07
threshold=55499.30000000001 47846.500000000007 1.0000000180025095e-35 54927.568750000006 54869.893750000003 45032.80000000001 48064.850000000006 20.500000000000004 58302.30000000001 13.500000000000002 7.5000000000000009 3.5000000000000004 41718.400000000001 52141.450000000004 47441.150000000001 48274.000000000007 55605.431250000009 55402.781250000007 55022.529166666667 15.500000000000002 51094.72083333334 43294.250000000007 48390.962500000016 40272.100000000013 54701.325000000012 47836.529166666667 51840.12708333334 57182.500000000007 54477.693750000013 44676.80000000001
decision_type=2 2 2 2 2 2 2 2 2 2 2 2 2 2 2 2 2 2 2 2 2 2 2 2 2 2 2 2 2 2
left_child=1 2 12 -4 6 -5 -3 11 -6 10 27 -8 14 -14 15 23 26 18 -7 20 -13 -21 -23 -1 25 -25 -11 -2 29 -22
right_child=9 4 3 5 8 17 7 -9 -10 16 -12 19 13 -15 -16 -17 -18 -19 -20 21 28 22 -24 24 -26 -27 -28 -29 -30 -31
leaf_value=-21.009857444961867 21.400689836343133 30.800196779185331 -20.566169839711172 8.5793948532205757 3.9135790832323512 -0.90222401091102844 -31.361892484029138 -43.375355446723205 45.467421067279325 -16.915288053240097 18.348271598250882 5.5795400220375129 24.137154349797889 -12.043619068861009 -25.531489053768897 -35.608697052001951 43.699581683765757 4.2838355269588408 -27.428662112099786 19.705536894364791 10.967305401209238 -29.360741485248912 -5.673253407720793 9.0851644114444134 -11.937266397476197 54.597875706354777 8.3437840956741294 -19.257972154163181 4.835758757049387 -19.095672088137942
leaf_weight=24 24 29 787 113 433 59 45 31 23 42 865 326 79 40 67 20 22 61 140 22 37 99 118 38 24 24 715 42 110 173
leaf_count=24 24 29 787 113 433 59 45 31 23 42 865 326 79 40 67 20 22 61 140 22 37 99 118 38 24 24 715 42 110 173
internal_value=1.16745e-09 -7.45818 -12.8597 -16.2483 -1.94462 -7.13796 -5.60833 -6.70703 6.0095 12.7443 16.7304 -5.48475 -0.420377 11.9755 -7.90827 1.17446 7.98043 -13.969 -19.564 -4.16896 -0.84659 -13.1491 -16.48 7.86231 15.9197 26.703 6.94236 -4.473 -7.39321 -13.7989
internal_weight=4632 2922 1476 1160 1446 373 990 961 456 1710 931 930 316 119 197 130 779 260 199 885 646 239 217 110 86 62 757 66 320 210
internal_count=4632 2922 1476 1160 1446 373 990 961 456 1710 931 930 316 119 197 130 779 260 199 885 646 239 217 110 86 62 757 66 320 210
is_linear=0
shrinkage=0.05


Tree=70
num_leaves=31
num_cat=0
split_feature=3 4 1 6 6 0 6 5 4 0 4 4 5 4 5 3 4 6 6 3 4 3 6 3 0 4 5 6 4 0
split_gain=1.58937e+08 3.15669e+07 2.16936e+07 1.71153e+07 1.53677e+07 1.36144e+07 1.62028e+07 1.34741e+07 1.32083e+07 1.25118e+07 1.2061e+07 1.59571e+07 1.32861e+07 1.06171e+07 1.71442e+07 1.15668e+07 1.02698e+07 1.05686e+07 1.15933e+07 1.2951e+07 1.00538e+07 1.63303e+07 9.90623e+06 1.48127e+07 9.90988e+06 9.86766e+06 1.11109e+07 9.71549e+06 1.12992e+07 1.00969e+07
threshold=55499.30000000001 47911.500000000007 1.0000000180025095e-35 54869.893750000003 55513.368750000001 16.500000000000004 51094.72083333334 50554.450000000004 58302.30000000001 16.500000000000004 50893.000000000007 51574.80000000001 50328.900000000009 39315.400000000001 46021.650000000009 47302.350000000013 49748.950000000004 53170.302083333336 52793.006250000006 46306.250000000007 48758.650000000009 48274.000000000007 50013.116666666676 56643.80000000001 7.5000000000000009 41501.30000000001 52141.450000000004 54927.568750000006 45032.80000000001 22.500000000000004
decision_type=2 2 2 2 2 2 2 2 2 2 2 2 2 2 2 2 2 2 2 2 2 2 2 2 2 2 2 2 2 2
left_child=1 2 13 5 7 6 10 27 20 22 -3 -12 -13 15 -15 -1 -8 18 19 -18 21 -5 23 -2 -24 -16 -27 29 -29 -4
right_child=9 3 4 8 -6 -7 16 -9 -10 -11 11 12 -14 14 25 -17 17 -19 -20 -21 -22 -23 24 -25 -26 26 -28 28 -30 -31
leaf_value=-3.8198081918909583 21.055844530146175 22.368265813240146 -16.441369117383708 -3.729116836190224 15.97372142641168 -16.252276083431411 -27.921540139615537 -55.099413646351209 43.194050556939587 3.3937165262110263 -38.689945300420128 43.062220535278328 0.76552405127227086 44.795423448562623 -15.591796781170755 -41.728030621563953 23.954658667246502 3.1643723296511705 -45.750978059035084 -16.945619935989381 0.99745247331022235 45.690101710728243 -6.1375380539426621 -16.034783741784477 16.359916553746114 19.357686251042839 -12.456773828878637 5.6507558208704003 -14.494601749436825 -33.447837427616122
leaf_weight=79 47 79 686 32 38 226 64 22 23 332 24 20 259 25 62 27 24 157 26 100 361 35 51 63 1217 83 41 100 229 100
leaf_count=79 47 79 686 32 38 226 64 22 23 332 24 20 259 25 62 27 24 157 26 100 361 35 51 63 1217 83 41 100 229 100
internal_value=-5.47156e-08 -7.08527 -12.1731 -1.77689 -15.3046 -5.48959 -2.25936 -16.35 6.28241 12.1071 4.96872 0.4322 3.79755 -0.565512 5.92016 -13.4757 -9.70175 -5.90348 -15.3945 -9.02944 4.29884 22.0869 14.2064 -0.18697 15.4551 0.694994 8.83839 -15.5854 -8.37139 -18.605
internal_weight=4632 2922 1492 1430 1175 979 753 1137 451 1710 382 303 279 317 211 106 371 307 150 124 428 67 1378 110 1268 186 124 1115 329 786
internal_count=4632 2922 1492 1430 1175 979 753 1137 451 1710 382 303 279 317 211 106 371 307 150 124 428 67 1378 110 1268 186 124 1115 329 786
is_linear=0
shrinkage=0.05


Tree=71
num_leaves=31
num_cat=0
split_feature=3 4 1 6 6 4 0 4 5 3 0 4 3 5 4 4 5 3 4 5 4 6 6 3 0 0 4 4 4 6
split_gain=1.43441e+08 2.84891e+07 1.95785e+07 1.54465e+07 1.38693e+07 1.27892e+07 1.72175e+07 1.21903e+07 1.21603e+07 1.14455e+07 1.12976e+07 1.0265e+07 1.09674e+07 1.01575e+07 9.61629e+06 9.58194e+06 1.54726e+07 1.0439e+07 8.90556e+06 1.00276e+07 9.39947e+06 8.76823e+06 1.13017e+07 2.41904e+07 9.21404e+06 1.55796e+07 9.11961e+06 8.88671e+06 8.83842e+06 8.41057e+06
threshold=55499.30000000001 47911.500000000007 1.0000000180025095e-35 54869.893750000003 55513.368750000001 48181.600000000013 20.500000000000004 57044.950000000004 50554.450000000004 62117.05000000001 3.5000000000000004 48946.150000000001 48274.000000000007 65729.400000000009 65293.600000000006 39315.400000000001 46021.650000000009 47302.350000000013 41501.30000000001 52141.450000000004 44379.400000000009 54927.568750000006 55022.529166666667 47683.350000000006 21.500000000000004 1.5000000000000002 39315.400000000001 45585.250000000007 44726.55000000001 54590.160416666673
decision_type=2 2 2 2 2 2 2 2 2 2 2 2 2 2 2 2 2 2 2 2 2 2 2 2 2 2 2 2 2 2
left_child=1 2 15 5 8 -3 10 11 21 -2 -7 12 -5 -11 -12 17 -17 -1 -18 20 -20 24 23 27 25 26 -4 -23 -24 -28
right_child=9 3 4 7 -6 6 -8 -9 -10 13 14 -13 -14 -15 -16 16 18 -19 19 -21 -22 22 28 -25 -26 -27 29 -29 -30 -31
leaf_value=-3.6288179483217529 7.7022151687663367 29.38358686887301 -5.146098504066468 -1.63507366710239 15.175035277165865 -30.282703463236494 -43.436709036827089 30.659676690101623 -52.344441604614261 13.607733180474163 -4.5755979041697961 -0.7680840820442012 35.21159775775412 29.858050435355736 28.901959159157492 42.555652292251587 -14.812206935882569 -39.641629155476892 8.9093883124608837 -11.833935350325049 48.253104743957522 44.626680674297468 2.9261325684804764 -39.457320060729984 -27.099331779235452 -8.9771430607151217 -48.269138490236728 6.3292685971115574 -18.757252357134949 -23.391240597744378
leaf_weight=79 918 26 40 36 38 42 30 45 22 680 859 324 46 112 22 25 62 27 63 41 20 28 63 20 195 401 52 33 185 98
leaf_count=79 918 26 40 36 38 42 30 45 22 680 859 324 46 112 22 25 62 27 63 41 20 28 63 20 195 401 52 33 185 98
internal_value=-3.39478e-08 -6.731 -11.5644 -1.68804 -14.5394 -5.21511 -6.15905 5.96829 -15.5325 11.5018 -4.94742 3.23156 19.035 15.9058 -3.73961 -0.537236 5.62415 -12.8019 0.660244 8.39647 18.3898 -14.8062 -7.95282 8.26255 -17.6748 -14.5652 -26.3588 23.9084 -13.249 -32.0156
internal_weight=4632 2922 1492 1430 1175 979 953 451 1137 1710 923 406 82 792 881 317 211 106 186 124 83 1115 329 81 786 591 190 61 248 150
internal_count=4632 2922 1492 1430 1175 979 953 451 1137 1710 923 406 82 792 881 317 211 106 186 124 83 1115 329 81 786 591 190 61 248 150
is_linear=0
shrinkage=0.05


Tree=72
num_leaves=31
num_cat=0
split_feature=3 3 6 0 5 4 0 0 3 6 6 4 5 6 4 3 5 0 5 6 0 3 6 5 6 1 5 4 0 4
split_gain=1.29455e+08 2.59548e+07 1.40433e+07 1.10286e+07 1.13771e+07 1.13344e+07 1.03172e+07 1.31897e+07 1.01351e+07 1.00296e+07 1.53955e+07 1.26801e+07 1.73648e+07 1.17228e+07 1.88453e+07 1.01902e+07 1.00914e+07 1.24849e+07 8.97066e+06 9.61758e+06 8.94798e+06 1.66761e+07 8.16269e+06 1.37941e+07 1.18742e+07 1.92713e+07 1.26338e+07 1.38385e+07 8.55904e+06 1.33751e+07
threshold=55499.30000000001 46941.350000000013 46908.762500000012 17.500000000000004 55624.950000000004 55635.350000000006 3.5000000000000004 15.500000000000002 57731.700000000004 52687.495833333342 54422.481250000004 51477.200000000004 41341.700000000004 47926.833333333343 52312.30000000001 39536.700000000004 40272.100000000013 20.500000000000004 48377.80000000001 55307.793750000004 1.5000000000000002 42912.250000000007 51094.72083333334 56304.900000000009 46986.80000000001 5.5000000000000009 52979.350000000013 53214.850000000006 14.500000000000002 46482.30000000001
decision_type=2 2 2 2 2 2 2 2 2 2 2 2 2 2 2 2 2 2 2 2 2 2 2 2 2 2 2 2 2 2
left_child=1 2 -1 -2 5 -5 -3 18 -6 13 11 12 15 16 -15 -11 -4 -18 -8 22 -12 -22 23 24 26 28 -20 -28 29 -26
right_child=3 6 9 4 8 -7 7 -9 -10 10 20 -13 -14 14 -16 -17 17 -19 19 -21 21 -23 -24 -25 25 -27 27 -29 -30 -31
leaf_value=-21.151835938974433 12.363091718018213 -17.215672432162144 13.331986678563633 1.1746894645279853 4.380558959960938 40.31891080682928 28.44590933828643 -6.4121430864125273 -38.407968361146992 -2.6813594586140401 -15.829842172442255 -4.8836230318597025 -60.399616596379943 51.95358198547364 -6.8254604276021329 -46.289153326125373 -5.262074976458269 -39.97357153147459 14.79462233487989 18.458402312858194 37.329296334584555 -6.0225710170667739 -5.0739439495678607 -17.061903433964172 -5.328409410077473 63.522690827505926 -41.044173545837403 1.7525856616450293 -18.107240672111512 29.248964018821717
leaf_weight=304 1516 108 52 116 25 22 33 685 31 37 222 47 43 25 30 21 136 32 71 79 24 293 377 58 43 21 30 51 20 80
leaf_count=304 1516 108 52 116 25 22 33 685 31 37 222 47 43 25 30 21 136 32 71 79 24 293 377 58 43 21 30 51 20 80
internal_value=-1.76182e-08 -6.39445 -11.784 10.9267 -0.298211 7.41507 -2.27418 -1.23175 -19.3059 -8.82369 -12.0538 -26.3378 -36.3214 -0.754391 19.8923 -18.4704 -5.91606 -11.8738 2.88014 1.86367 -8.13161 -2.74041 0.118022 5.35164 9.46551 18.7965 -0.602139 -14.0981 12.2283 17.1609
internal_weight=4632 2922 1266 1710 194 138 1656 1548 56 962 687 148 101 275 55 58 220 168 863 830 539 317 751 374 316 164 152 81 143 123
internal_count=4632 2922 1266 1710 194 138 1656 1548 56 962 687 148 101 275 55 58 220 168 863 830 539 317 751 374 316 164 152 81 143 123
is_linear=0
shrinkage=0.05


Tree=73
num_leaves=31
num_cat=0
split_feature=3 3 0 6 0 1 5 6 4 4 5 6 4 5 0 5 0 5 4 6 4 0 0 3 5 0 3 4 5 0
split_gain=1.17393e+08 2.54474e+07 1.58834e+07 1.86251e+07 1.67267e+07 1.27605e+07 1.23388e+07 1.22562e+07 1.24463e+07 1.21405e+07 1.20065e+07 1.50771e+07 1.34509e+07 1.11997e+07 1.11942e+07 1.56275e+07 1.42606e+07 1.09136e+07 1.07478e+07 1.30888e+07 1.06955e+07 1.05476e+07 1.33311e+07 1.10066e+07 1.01402e+07 1.52833e+07 1.15407e+07 1.09861e+07 1.01978e+07 9.99909e+06
threshold=50944.650000000009 58694.350000000013 22.500000000000004 55605.431250000009 1.5000000000000002 4.5000000000000009 47131.450000000004 54552.554166666669 48064.850000000006 39066.30000000001 40807.700000000004 52793.006250000006 53214.850000000006 46529.650000000001 18.500000000000004 43294.250000000007 20.500000000000004 38402.400000000001 44663.000000000007 46776.491666666676 38115.700000000004 3.5000000000000004 20.500000000000004 47368.250000000007 49543.500000000007 4.5000000000000009 50387.05000000001 50263.55000000001 52866.600000000006 15.500000000000002
decision_type=2 2 2 2 2 2 2 2 2 2 2 2 2 2 2 2 2 2 2 2 2 2 2 2 2 2 2 2 2 2
left_child=2 -2 3 4 18 6 7 -6 13 -7 17 14 -13 -9 -12 16 -16 -11 19 20 -1 23 24 -8 -23 27 28 -26 -27 -3
right_child=1 29 -4 -5 5 9 21 8 -10 10 11 12 -14 -15 15 -17 -18 -19 -20 -21 -22 22 -24 -25 25 26 -28 -29 -30 -31
leaf_value=-10.406040000915528 2.2589457551465575 14.724263358131561 -22.430024284649392 40.620569809675217 31.041247850783328 -38.610560051600146 -8.7741186723374494 3.7443946855744041 27.400258748124287 -19.402813601493836 -3.723731995219417 -48.114940845489507 -4.8308171885354181 -27.195663934004934 10.311690307150082 -40.488569343501126 -33.4599719619751 12.099466087216529 -26.342331154959545 -3.2190408491944695 -60.926569709777837 23.564353233370287 -15.751009164033114 -39.846519613265997 -5.0594507001480968 30.120816930135092 -21.923414404495905 -45.834506327410537 -0.84541590317435888 4.1806748304554224
leaf_weight=22 1278 967 193 20 47 36 114 127 41 37 323 50 28 38 49 58 30 107 175 166 20 58 108 38 53 63 23 24 46 293
leaf_count=22 1278 967 193 20 47 36 114 127 41 37 323 50 28 38 49 58 30 107 175 166 20 58 108 38 53 63 23 24 46 293
internal_value=-4.23064e-08 7.23019 -8.76324 -7.37572 -7.88604 -5.50195 -1.07441 8.00179 2.74521 -10.3118 -8.81804 -12.2503 -32.5771 -3.38119 -8.80354 -20.78 -6.31046 4.00513 -17.2108 -9.52801 -34.4634 -5.43167 -0.928191 -16.5422 5.06756 -0.0655274 10.2612 -17.7686 17.0525 12.2725
internal_weight=4632 2538 2094 1901 1881 1498 780 253 206 718 682 538 78 165 460 137 79 144 383 208 42 527 375 152 267 209 132 77 109 1260
internal_count=4632 2538 2094 1901 1881 1498 780 253 206 718 682 538 78 165 460 137 79 144 383 208 42 527 375 152 267 209 132 77 109 1260
is_linear=0
shrinkage=0.05


Tree=74
num_leaves=31
num_cat=0
split_feature=3 4 1 5 6 6 4 0 4 0 0 6 4 1 4 5 6 4 5 3 0 5 0 4 4 6 6 4 5 3
split_gain=1.06238e+08 2.11463e+07 1.57383e+07 1.56527e+07 1.43113e+07 1.15405e+07 1.40572e+07 1.32247e+07 1.13778e+07 1.00163e+07 1.07068e+07 1.06817e+07 9.55177e+06 9.28873e+06 1.20138e+07 1.50105e+07 1.30366e+07 9.17272e+06 9.13978e+06 1.22582e+07 1.21934e+07 1.65807e+07 9.05031e+06 9.0116e+06 8.98118e+06 9.19758e+06 8.92895e+06 8.60951e+06 1.41363e+07 9.2589e+06
threshold=55499.30000000001 47846.500000000007 1.0000000180025095e-35 50554.450000000004 54927.568750000006 54869.893750000003 48064.850000000006 20.500000000000004 57044.950000000004 13.500000000000002 10.500000000000002 55577.654166666674 45032.80000000001 5.5000000000000009 43229.05000000001 43294.250000000007 46932.912499999999 55990.850000000006 64469.80000000001 63037.850000000013 9.5000000000000018 62539.700000000004 3.5000000000000004 46279.650000000001 54797.200000000004 54909.80000000001 51840.12708333334 39315.400000000001 46021.650000000009 47302.350000000013
decision_type=2 2 2 2 2 2 2 2 2 2 2 2 2 2 2 2 2 2 2 2 2 2 2 2 2 2 2 2 2 2
left_child=1 2 27 4 13 6 -3 22 17 10 18 26 -6 -4 16 -16 -15 24 19 20 -2 -22 -8 -17 25 -7 -11 29 -29 -1
right_child=9 5 3 -5 12 8 7 -9 -10 11 -12 -13 -14 14 15 23 -18 -19 -20 -21 21 -23 -24 -25 -26 -27 -28 28 -30 -31
leaf_value=-3.0880203802374346 8.6983038790618323 29.770849152269037 -20.853494471181996 -55.472301222029188 8.3586467405336098 34.357463702701388 -26.364856732686363 -37.688235732047787 28.955165042877198 -17.753755636726108 18.76660959474502 37.869235534667972 -9.1691500784402873 -22.473503911116765 40.32551690014926 -17.49616667032242 5.5867151044449717 -27.522051938374837 -12.62124701415499 -19.322563487291337 65.451845534642544 14.185105746725331 -3.3787554156072019 13.376956431070964 32.146229419001827 0.25792221319710612 5.9704286760912186 41.042237575531004 0.98406825864637215 -37.004224424008974
leaf_weight=79 316 29 414 21 113 21 45 31 45 42 465 25 249 189 22 60 53 24 48 32 24 46 885 39 27 339 712 25 185 27
leaf_count=79 316 29 414 21 113 21 45 31 45 42 465 25 249 189 22 60 53 24 48 32 24 46 885 39 27 339 712 25 185 27
internal_value=-6.82628e-10 -5.79274 -10.0028 -12.6976 -11.9089 -1.49533 -4.52687 -5.56187 5.08628 9.89846 13.3989 5.71504 -3.69777 -15.7344 -9.89615 2.96771 -16.3281 2.4729 8.04266 10.4156 12.8809 31.7623 -4.49099 -5.33403 4.33305 2.24706 4.64892 -0.11063 5.7529 -11.7271
internal_weight=4632 2922 1476 1160 1139 1446 990 961 456 1710 931 779 362 777 363 121 242 411 466 418 386 70 930 99 387 360 754 316 210 106
internal_count=4632 2922 1476 1160 1139 1446 990 961 456 1710 931 779 362 777 363 121 242 411 466 418 386 70 930 99 387 360 754 316 210 106
is_linear=0
shrinkage=0.05


Tree=75
num_leaves=31
num_cat=0
split_feature=3 4 4 1 0 6 6 4 5 0 6 6 5 6 5 0 6 0 5 4 3 4 4 5 5 3 3 0 0 5
split_gain=9.6111e+07 2.13894e+07 1.49508e+07 1.25678e+07 1.22349e+07 1.12997e+07 1.06595e+07 1.17483e+07 1.02074e+07 1.00664e+07 1.14534e+07 1.63293e+07 1.42755e+07 1.06175e+07 1.40354e+07 1.05536e+07 1.05855e+07 9.9438e+06 1.33149e+07 1.19574e+07 9.69548e+06 8.63837e+06 1.16257e+07 8.58111e+06 1.13717e+07 1.85129e+07 8.26134e+06 7.13116e+06 8.28824e+06 9.2677e+06
threshold=55929.250000000007 47911.500000000007 48438.600000000006 1.0000000180025095e-35 20.500000000000004 55513.368750000001 54786.791666666679 58302.30000000001 50554.450000000004 17.500000000000004 50013.116666666676 50392.897916666676 57329.200000000004 55328.183333333342 55624.950000000004 7.5000000000000009 55622.42291666667 15.500000000000002 59532.000000000007 59176.450000000004 56643.80000000001 60060.750000000007 61245.650000000009 50220.55000000001 48197.150000000001 48209.700000000004 58875.000000000007 3.5000000000000004 15.500000000000002 54775.55000000001
decision_type=2 2 2 2 2 2 2 2 2 2 2 2 2 2 2 2 2 2 2 2 2 2 2 2 2 2 2 2 2 2
left_child=1 3 23 -1 6 8 27 -8 -5 10 20 -12 -13 14 -11 -14 17 18 -17 -19 -2 -21 -23 24 25 -3 -22 -4 29 -29
right_child=9 2 4 5 -6 -7 7 -9 -10 13 11 12 15 -15 -16 16 -18 19 -20 21 26 22 -24 -25 -26 -27 -28 28 -30 -31
leaf_value=-0.77442614801228049 21.152020761241086 2.1093689260028659 -29.060957961246885 -12.182366518589413 -25.576384312022817 14.86941886701082 2.648450625198838 35.555589085277816 -46.574469722401012 2.8473210508903763 46.922501176776308 31.034006754187654 -22.182440246582033 21.508098767933092 -31.94147503875023 41.565240633165516 46.710804901123055 10.095307733881192 11.00195501374532 -36.230044447142504 -30.039919785755441 15.476533121381488 -29.70546678702037 46.67659447938204 -21.607981536501931 60.556607503891001 7.9407179572365507 2.7453502964870684 -12.207234823703766 -10.647589411116179
leaf_weight=320 23 42 29 1115 55 38 419 29 22 89 33 86 25 38 43 37 20 127 966 29 41 35 24 20 21 20 22 464 221 179
leaf_count=320 23 42 29 1115 55 38 419 29 22 89 33 86 25 38 43 37 20 127 966 29 41 35 24 20 21 20 22 464 221 179
internal_value=-1.00739e-08 -5.32725 -1.10677 -9.55903 -2.46313 -11.9514 -1.51516 4.7786 -12.8478 9.73736 11.0712 12.1729 11.3229 -1.78097 -8.48539 9.98071 10.6302 10.0378 12.1294 0.279908 -6.63307 -13.8855 -2.90259 17.2766 10.1923 20.9633 -16.7768 -4.67261 -3.85402 -0.983011
internal_weight=4632 2994 1499 1495 1396 1175 1341 448 1137 1638 1468 1382 1349 170 132 1263 1238 1218 1003 215 86 88 59 103 83 62 63 893 864 643
internal_count=4632 2994 1499 1495 1396 1175 1341 448 1137 1638 1468 1382 1349 170 132 1263 1238 1218 1003 215 86 88 59 103 83 62 63 893 864 643
is_linear=0
shrinkage=0.05


Tree=76
num_leaves=31
num_cat=0
split_feature=3 3 0 6 0 1 3 4 5 4 1 6 6 6 6 5 3 3 0 5 6 4 6 4 3 3 5 6 4 0
split_gain=8.75442e+07 1.93527e+07 1.38269e+07 1.5974e+07 1.43671e+07 1.22258e+07 1.21533e+07 1.19751e+07 9.51526e+06 1.09697e+07 9.70689e+06 8.76041e+06 8.27824e+06 9.63696e+06 1.68846e+07 9.58479e+06 8.4697e+06 9.88045e+06 8.17726e+06 1.55302e+07 8.03258e+06 9.49503e+06 1.42666e+07 8.85858e+06 8.41645e+06 8.12516e+06 7.86441e+06 1.12745e+07 1.107e+07 1.08886e+07
threshold=50944.650000000009 60740.05000000001 22.500000000000004 55605.431250000009 2.5000000000000004 4.5000000000000009 47260.450000000004 47667.450000000004 47131.450000000004 45585.250000000007 1.5000000000000002 54780.452083333344 50392.897916666676 54966.387500000004 54989.702083333344 66158.950000000012 66588.200000000026 65880.60000000002 21.500000000000004 47681.500000000007 46758.218750000007 42209.900000000009 54590.160416666673 38115.700000000004 45795.400000000001 43102.30000000001 40807.700000000004 52793.006250000006 53214.850000000006 18.500000000000004
decision_type=2 2 2 2 2 2 2 2 2 2 2 2 2 2 2 2 2 2 2 2 2 2 2 2 2 2 2 2 2 2
left_child=2 -2 3 4 7 6 8 20 9 -6 -10 -4 -3 -14 -15 16 17 -16 19 -8 23 -22 25 -1 -24 -23 -7 29 -29 -28
right_child=1 12 11 -5 5 26 18 -9 10 -11 -12 -13 13 14 15 -17 -18 -19 -20 -21 21 22 24 -25 -26 -27 27 28 -30 -31
leaf_value=-7.642335934109159 2.6998099601892087 42.686828831263952 -31.596966237288257 38.176382522583012 58.30459372758866 2.7943755017063481 19.199399521350863 -39.37853916563639 -12.444109517223431 13.137205896144961 15.433804552178636 -10.257177252862968 6.5307521909093955 54.777965485608142 11.220050785993584 38.247933622308686 -17.162472697099052 43.832679229736328 -18.234686509664957 -5.620827180689032 3.1207898083379715 -20.453751638200551 -2.7618404446670852 -46.530842244625092 -20.632053823182076 -58.011939938863122 -3.2502712894334884 -44.432616027282634 -4.5576067924499517 -19.822415972756342
leaf_weight=27 1530 21 91 20 20 123 80 41 53 41 76 102 547 27 327 37 24 25 77 297 118 36 197 32 99 24 323 46 28 143
leaf_count=27 1530 21 91 20 20 123 80 41 53 41 76 102 547 27 327 37 24 25 77 297 118 36 197 32 99 24 323 46 28 143
internal_value=-4.00002e-09 6.2437 -7.56758 -6.27299 -6.7456 -3.84974 1.0569 -13.3395 11.6745 27.9462 3.98009 -20.3189 11.6228 10.9619 16.4706 13.9662 11.5768 13.5363 -3.38657 -0.353936 -11.3365 -9.17094 -13.2452 -28.7344 -8.7387 -35.477 -8.61576 -11.2147 -29.3448 -8.33571
internal_weight=4632 2538 2094 1901 1881 1307 644 574 190 61 129 193 1008 987 440 413 376 352 454 377 533 474 356 59 296 60 663 540 74 466
internal_count=4632 2538 2094 1901 1881 1307 644 574 190 61 129 193 1008 987 440 413 376 352 454 377 533 474 356 59 296 60 663 540 74 466
is_linear=0
shrinkage=0.05


Tree=77
num_leaves=31
num_cat=0
split_feature=3 4 4 0 0 6 5 0 4 1 0 0 5 3 5 6 0 4 6 5 0 5 0 5 4 6 6 0 6 6
split_gain=7.92298e+07 1.78601e+07 1.39232e+07 1.24354e+07 1.257e+07 1.35056e+07 1.15849e+07 1.75068e+07 1.14716e+07 1.04209e+07 1.03411e+07 1.54582e+07 1.26907e+07 1.66545e+07 9.94093e+06 1.01676e+07 9.82165e+06 9.63782e+06 1.189e+07 9.52481e+06 1.19695e+07 9.43823e+06 1.15966e+07 1.08216e+07 1.34483e+07 1.00836e+07 1.09028e+07 8.74497e+06 1.08488e+07 1.36658e+07
threshold=55929.250000000007 47911.500000000007 48946.150000000001 20.500000000000004 4.5000000000000009 54422.481250000004 43294.250000000007 16.500000000000004 49319.400000000001 1.0000000180025095e-35 2.5000000000000004 14.500000000000002 48377.80000000001 49166.200000000004 50554.450000000004 54927.568750000006 3.5000000000000004 45321.900000000009 55009.060416666667 56574.55000000001 10.500000000000002 53167.950000000004 7.5000000000000009 47924.750000000007 53387.100000000006 46736.439583333333 51094.72083333334 16.500000000000004 50013.116666666676 50392.897916666676
decision_type=2 2 2 2 2 2 2 2 2 2 2 2 2 2 2 2 2 2 2 2 2 2 2 2 2 2 2 2 2 2
left_child=1 9 10 4 8 6 -6 19 -4 -1 -3 16 13 -13 15 -11 -12 18 -17 20 21 22 23 24 -8 -23 -27 28 -2 -30
right_child=27 2 3 -5 5 -7 7 -9 -10 14 11 12 -14 -15 -16 17 -18 -19 -20 -21 -22 25 -24 -25 -26 26 -28 -29 29 -31
leaf_value=-0.70456075444817545 -6.5759014689645099 -20.965492371150429 -43.813901809166225 -31.342935788953628 28.872465759277347 6.6421834075049064 -30.793044069835119 -24.634945278901323 -8.772250284353893 -13.455378522536229 9.8800756931304932 -12.627394104003907 -25.797831587955869 45.684716610113782 -44.1764217376709 38.905113649368289 45.354000667572024 -9.8125726314120829 0.29870974855907895 -22.887371893490062 7.8206318125128753 -52.981970596313481 10.591521585981052 -33.826541471481328 20.390873203494333 15.741240536082877 -29.700168771454784 1.2491844824382239 43.532588692867392 10.921284856419229
leaf_weight=320 86 21 29 37 25 445 21 104 120 786 32 25 29 24 22 24 50 225 118 51 242 20 96 40 33 22 33 308 33 1211
leaf_count=320 86 21 29 37 25 445 21 104 120 786 32 25 29 24 22 24 50 225 118 51 242 20 96 40 33 22 33 308 33 1211
internal_value=2.4209e-08 -4.83683 -0.980217 -2.76597 -1.94056 -0.143624 -4.53909 -5.80085 -15.5924 -8.70376 12.0232 16.353 0.418093 15.9336 -10.8823 -10.247 31.5105 -3.37564 6.82374 -2.29056 -0.218689 -7.56026 -1.63174 -14.1151 0.486016 -22.5792 -11.5236 8.84095 10.599 11.7864
internal_weight=4632 2994 1499 1318 1281 1132 687 662 149 1495 181 160 78 49 1175 1153 82 367 142 558 507 265 190 94 54 75 55 1638 1330 1244
internal_count=4632 2994 1499 1318 1281 1132 687 662 149 1495 181 160 78 49 1175 1153 82 367 142 558 507 265 190 94 54 75 55 1638 1330 1244
is_linear=0
shrinkage=0.05


Tree=78
num_leaves=31
num_cat=0
split_feature=3 0 0 1 4 1 6 4 5 0 4 4 5 4 4 4 4 6 6 4 4 3 5 4 6 0 0 6 5 6
split_gain=7.15049e+07 1.68522e+07 1.91588e+07 1.28336e+07 1.192e+07 1.33225e+07 1.55058e+07 1.61756e+07 1.13049e+07 1.66527e+07 1.04508e+07 1.02708e+07 1.0551e+07 2.49813e+07 9.58957e+06 1.05929e+07 8.83855e+06 1.11911e+07 1.08182e+07 9.15803e+06 8.64447e+06 8.48223e+06 8.3531e+06 1.23321e+07 9.70874e+06 8.2274e+06 1.06983e+07 9.00286e+06 9.04197e+06 7.95718e+06
threshold=55929.250000000007 22.500000000000004 1.5000000000000002 4.5000000000000009 39066.30000000001 5.5000000000000009 46986.80000000001 52496.450000000004 46166.250000000007 20.500000000000004 43846.900000000009 64195.200000000004 51937.400000000001 60846.700000000004 56574.55000000001 55990.850000000006 44557.05000000001 46776.491666666676 54655.043750000004 38115.700000000004 48255.850000000013 45841.400000000009 53167.950000000004 54088.05000000001 46627.741666666676 7.5000000000000009 13.500000000000002 55605.431250000009 65208.05000000001 55278.887500000004
decision_type=2 2 2 2 2 2 2 2 2 2 2 2 2 2 2 2 2 2 2 2 2 2 2 2 2 2 2 2 2 2
left_child=1 2 16 8 -5 11 22 -8 10 14 -4 12 13 -6 15 -10 17 19 -18 -1 -12 -20 -7 -24 -25 -2 -27 28 -28 -11
right_child=25 -3 3 4 5 6 7 -9 9 29 20 -13 -14 -15 -16 -17 18 -19 21 -21 -22 -23 23 24 -26 26 27 -29 -30 -31
leaf_value=-7.4939145521684125 -11.571405044555664 -18.885571598883121 38.944859009078058 -34.244518894619411 -12.314771806794173 0.70122454709209703 7.0422029863324092 57.515938030589716 1.7146826234442245 -18.187929047689845 0.40866844897367516 8.8020147716412787 -27.611091589410695 43.795950099400116 17.824591686699417 -31.309965805053714 -45.282285807682918 -0.77392651220286124 -7.2818034152595361 -54.242603492736819 32.3607620521828 -33.308212336249973 -35.889310528511224 21.246131275318291 -20.775407654898508 12.890605761616929 4.6519841743463823 36.177699175747961 -29.441352999210359 8.0877705982753216
leaf_weight=22 50 193 33 36 358 347 57 22 845 163 98 61 98 21 91 25 39 161 98 20 27 46 43 27 28 842 704 22 20 35
leaf_count=22 50 193 33 36 358 347 57 22 845 163 98 61 98 21 91 25 39 161 98 20 27 46 43 27 28 842 704 22 20 35
internal_value=-1.54423e-08 -4.59499 -3.61031 -1.95708 -5.94897 -4.9898 0.684685 21.0982 1.371 -0.3394 13.9175 -10.5166 -12.9871 -9.20573 2.38106 0.765698 -13.9537 -6.77005 -21.9224 -29.7552 7.31032 -15.5958 -2.93928 -15.8297 -0.146652 8.3989 9.02769 4.66767 3.71018 -13.5432
internal_weight=4632 2994 2801 2415 1098 1062 524 79 1317 1159 158 538 477 379 961 870 386 203 183 42 125 144 445 98 55 1638 1588 746 724 198
internal_count=4632 2994 2801 2415 1098 1062 524 79 1317 1159 158 538 477 379 961 870 386 203 183 42 125 144 445 98 55 1638 1588 746 724 198
is_linear=0
shrinkage=0.05


Tree=79
num_leaves=31
num_cat=0
split_feature=3 0 0 6 6 3 1 4 4 4 3 5 4 0 6 5 6 6 5 3 3 0 6 0 5 4 4 4 1 4
split_gain=6.45331e+07 1.52091e+07 1.77769e+07 1.26158e+07 1.27398e+07 1.17637e+07 1.07139e+07 1.05387e+07 9.97306e+06 9.35582e+06 9.00824e+06 8.95198e+06 1.47256e+07 7.88765e+06 9.30726e+06 1.26687e+07 9.13184e+06 1.26668e+07 1.38779e+07 9.12887e+06 1.02103e+07 8.72672e+06 9.16036e+06 8.12207e+06 1.21862e+07 1.11277e+07 7.74786e+06 1.04174e+07 7.61475e+06 1.02183e+07
threshold=55929.250000000007 22.500000000000004 2.5000000000000004 54882.92500000001 54909.80000000001 47430.100000000006 1.0000000180025095e-35 47667.450000000004 41016.450000000004 58500.450000000004 47038.250000000007 56090.500000000007 46202.900000000001 17.500000000000004 55328.183333333342 55624.950000000004 50013.116666666676 50392.897916666676 57329.200000000004 56886.000000000007 58875.000000000007 7.5000000000000009 55622.42291666667 15.500000000000002 59532.000000000007 59176.450000000004 60060.750000000007 61245.650000000009 5.5000000000000009 39066.30000000001
decision_type=2 2 2 2 2 2 2 2 2 2 2 2 2 2 2 2 2 2 2 2 2 2 2 2 2 2 2 2 2 2
left_child=1 2 7 6 -5 -6 8 -1 10 -7 -4 12 -10 16 15 -15 19 -18 -19 -2 -21 -20 23 24 -23 -25 -27 -28 -8 -30
right_child=13 -3 3 4 5 9 28 -9 11 -11 -12 -13 -14 14 -16 -17 17 18 21 20 -22 22 -24 25 -26 26 27 -29 29 -31
leaf_value=-9.3465052415538761 13.995947843609436 -17.941293379185733 16.961096529960635 34.992700715498493 19.194505836101289 -1.7178389401562446 -8.2755609030339201 -35.353550327391851 9.1914976334353096 31.672400181943722 -23.65620008512985 -12.258041432698569 48.246461265317862 2.2727535022778458 19.587832822297752 -30.778905992729722 40.748878126433404 28.829441869258883 -21.175802307128908 -37.990786174035847 6.5476791425184775 38.161810018243017 42.226080265045169 8.7607837218937927 8.9226308920121848 -35.534588323790452 13.426164005824498 -29.343493334452315 -32.539060592651367 0.84789480423833441
leaf_weight=537 33 193 20 33 94 452 856 42 109 22 43 30 31 89 38 43 33 86 25 31 22 37 20 127 966 29 35 24 24 508
leaf_count=537 33 193 20 33 94 452 856 42 109 22 43 30 31 89 38 43 33 86 25 31 22 37 20 127 966 29 35 24 24 508
internal_value=-5.75586e-08 -4.36524 -3.4298 -1.39646 4.79097 3.03629 -3.69051 -11.233 6.23081 -0.168081 -10.7618 12.5281 17.8394 7.97896 -2.21694 -8.49407 9.15968 10.1434 9.39473 -6.64883 -19.5031 8.07139 8.662 8.11087 10.0012 -0.707961 -14.3731 -3.97166 -5.35597 -0.658284
internal_weight=4632 2994 2801 2222 601 568 1621 579 233 474 63 170 140 1638 170 132 1468 1382 1349 86 53 1263 1238 1218 1003 215 88 59 1388 532
internal_count=4632 2994 2801 2222 601 568 1621 579 233 474 63 170 140 1638 170 132 1468 1382 1349 86 53 1263 1238 1218 1003 215 88 59 1388 532
is_linear=0
shrinkage=0.05


Tree=80
num_leaves=31
num_cat=0
split_feature=3 3 6 0 0 5 6 1 5 6 4 5 4 0 3 4 1 5 0 5 4 5 6 4 5 0 5 5 0 0
split_gain=5.86113e+07 1.38354e+07 1.11041e+07 8.58656e+06 1.13952e+07 8.37286e+06 8.25343e+06 8.04167e+06 1.11443e+07 9.86386e+06 1.03491e+07 9.83754e+06 8.83314e+06 8.81261e+06 9.72803e+06 9.56625e+06 1.20805e+07 1.05931e+07 9.40462e+06 1.29359e+07 8.66755e+06 1.19392e+07 1.185e+07 1.05092e+07 9.46565e+06 8.16113e+06 1.3541e+07 9.80037e+06 1.65242e+07 9.56865e+06
threshold=50944.650000000009 62117.05000000001 55605.431250000009 22.500000000000004 1.5000000000000002 65729.400000000009 54780.452083333344 4.5000000000000009 47131.450000000004 54552.554166666669 48064.850000000006 46529.650000000001 48946.150000000001 3.5000000000000004 50122.850000000006 48438.600000000006 2.5000000000000004 48778.80000000001 21.500000000000004 47681.500000000007 39066.30000000001 40807.700000000004 52793.006250000006 50994.100000000013 38402.400000000001 18.500000000000004 43779.700000000004 45937.950000000004 4.5000000000000009 20.500000000000004
decision_type=2 2 2 2 2 2 2 2 2 2 2 2 2 2 2 2 2 2 2 2 2 2 2 2 2 2 2 2 2 2
left_child=2 -2 3 4 -1 -3 -5 8 9 -6 11 -11 -12 15 18 16 17 -10 19 -15 -9 24 25 -24 -22 27 29 28 -23 -27
right_child=1 5 -4 6 7 -7 -8 20 13 10 12 -13 -14 14 -16 -17 -18 -19 -20 -21 21 22 23 -25 -26 26 -28 -29 -30 -31
leaf_value=-13.226908663483265 2.6224627470437607 8.5036335136609917 29.983409463791624 -27.552047018690423 29.246837485597492 23.257505737032211 -6.7906601950673782 -31.291883044772682 -5.2814146509710351 4.9539362340461555 50.125365079641341 -24.043632693039743 3.6957726069859103 42.20327932039897 -16.882335240500314 -37.712459250057449 16.059449015436947 -43.300939433915275 -18.813005652427673 3.7107054635202239 -15.131500831810204 -14.555458807945252 -47.904593460900443 -11.003990887486658 14.206714324639222 7.2349346165071458 -37.447036033630376 -7.1040744084803791 32.026747553526086 -27.651533279418949
leaf_weight=383 1746 680 21 91 47 112 101 36 53 127 20 38 21 24 70 34 37 28 40 241 37 32 35 43 107 57 50 244 47 30
leaf_count=383 1746 680 21 91 47 112 101 36 53 127 20 38 21 24 70 34 37 28 40 241 37 32 35 43 107 57 50 244 47 30
internal_value=1.60979e-09 5.1088 -6.19204 -6.55851 -5.5304 10.59 -16.6307 -3.56261 -0.047793 8.57791 3.86219 -1.72429 26.3444 -4.18879 -0.0723333 -14.3445 -7.61137 -18.424 3.7857 7.19683 -7.38093 -6.11876 -9.54136 -27.562 6.66842 -6.48569 -16.7117 -2.14833 13.158 -4.79488
internal_weight=4632 2538 2094 2073 1881 792 192 1498 780 253 206 165 41 527 375 152 118 81 305 265 718 682 538 78 144 460 137 323 79 87
internal_count=4632 2538 2094 2073 1881 792 192 1498 780 253 206 165 41 527 375 152 118 81 305 265 718 682 538 78 144 460 137 323 79 87
is_linear=0
shrinkage=0.05


Tree=81
num_leaves=31
num_cat=0
split_feature=3 4 4 0 6 4 6 3 0 6 3 0 5 3 5 0 5 6 5 3 3 0 5 4 6 0 5 3 5 6
split_gain=5.33724e+07 1.321e+07 1.21921e+07 1.03448e+07 9.19161e+06 8.36356e+06 1.42519e+07 8.66753e+06 8.2731e+06 9.53983e+06 1.42544e+07 8.04751e+06 1.26188e+07 1.72146e+07 7.96922e+06 7.8408e+06 9.36852e+06 7.53298e+06 9.15465e+06 1.4681e+07 7.53892e+06 7.47501e+06 1.51998e+07 7.93327e+06 1.16165e+07 7.86339e+06 7.70277e+06 1.69188e+07 1.106e+07 7.45093e+06
threshold=55929.250000000007 47911.500000000007 48438.600000000006 20.500000000000004 46610.600000000013 46838.700000000004 55402.781250000007 52045.650000000009 3.5000000000000004 54693.639583333344 47793.250000000007 5.5000000000000009 50962.900000000009 49358.100000000006 47131.450000000004 15.500000000000002 43294.250000000007 48390.962500000016 45454.250000000007 51114.200000000004 50830.250000000007 10.500000000000002 54674.850000000006 54608.05000000001 49892.777083333342 13.500000000000002 44676.80000000001 44215.950000000004 47681.500000000007 54980.795833333344
decision_type=2 2 2 2 2 2 2 2 2 2 2 2 2 2 2 2 2 2 2 2 2 2 2 2 2 2 2 2 2 2
left_child=1 4 -3 8 -1 7 -7 -6 14 15 -11 12 13 -12 -4 21 -17 18 -18 -20 -19 26 23 -23 -25 -24 -10 -28 -29 -2
right_child=29 2 3 -5 5 6 -8 -9 9 10 11 -13 -14 -15 -16 16 17 20 19 -21 -22 22 25 24 -26 -27 27 28 -30 -31
leaf_value=-18.70016103741489 4.45425282753658 15.947871086970697 -0.097210800647735601 -23.131041670712559 -4.9007438591523647 -18.384989228311067 16.761515757531832 18.270386296226867 17.048567431681867 42.387221298217781 -14.54923360188802 8.2057139099250413 -19.267812817096711 40.482587828459565 -34.620042909894671 19.798002878824871 -1.2160422904150827 20.425950379805133 -61.252401835123706 -14.184556267712569 -13.371402724583945 36.762288217544558 -0.73286867884846485 -3.0892114572357716 36.72411586266977 -35.921334819793707 -49.391370591250336 26.557702350616456 -6.8255014516169723 11.314777084688904
leaf_weight=158 969 103 32 55 1033 229 33 42 37 25 30 295 80 27 35 21 28 22 30 37 66 40 77 57 27 20 22 27 306 669
leaf_count=158 969 103 32 55 1033 229 33 42 37 25 30 295 80 27 35 21 28 22 30 37 66 40 77 57 27 20 22 27 306 669
internal_value=-3.77572e-08 -3.96986 -0.653093 -1.87795 -7.2955 -5.94775 -13.9581 -3.99545 -1.00627 -0.10565 5.67942 3.55512 -6.45892 11.5185 -18.1315 -3.34161 -11.8325 -15.4622 -25.2258 -35.2597 -4.92206 -0.515919 6.83756 18.4351 9.70793 -7.98822 -4.66163 -6.92438 -4.11876 7.25626
internal_weight=4632 2994 1499 1396 1495 1337 262 1075 1341 1274 457 432 137 57 67 817 204 183 95 67 88 613 221 124 84 97 392 355 333 1638
internal_count=4632 2994 1499 1396 1495 1337 262 1075 1341 1274 457 432 137 57 67 817 204 183 95 67 88 613 221 124 84 97 392 355 333 1638
is_linear=0
shrinkage=0.05


Tree=82
num_leaves=31
num_cat=0
split_feature=3 0 0 6 3 4 4 1 4 3 5 4 4 4 0 5 6 6 6 6 5 0 5 6 4 6 3 3 4 1
split_gain=4.81686e+07 1.21125e+07 1.4138e+07 1.02631e+07 1.22416e+07 1.00702e+07 9.96473e+06 8.90516e+06 8.61692e+06 8.28101e+06 7.80339e+06 1.34767e+07 7.453e+06 2.36787e+07 6.97826e+06 8.46129e+06 1.13093e+07 1.07727e+07 8.42758e+06 1.12073e+07 1.45549e+07 8.29059e+06 8.44887e+06 8.3298e+06 8.57368e+06 8.46366e+06 8.24167e+06 9.20898e+06 8.17e+06 7.20705e+06
threshold=55929.250000000007 22.500000000000004 2.5000000000000004 54882.92500000001 47430.100000000006 58302.30000000001 47667.450000000004 1.0000000180025095e-35 41016.450000000004 47038.250000000007 56090.500000000007 46202.900000000001 47998.500000000007 48758.650000000009 16.500000000000004 58604.500000000007 53383.212500000001 54558.752083333347 50013.116666666676 50392.897916666676 57329.200000000004 7.5000000000000009 59532.000000000007 55402.781250000007 66123.550000000003 54958.483333333344 56886.000000000007 58875.000000000007 48673.100000000006 2.5000000000000004
decision_type=2 2 2 2 2 2 2 2 2 2 2 2 2 2 2 2 2 2 2 2 2 2 2 2 2 2 2 2 2 2
left_child=1 2 6 7 -5 12 -1 8 9 -4 11 -10 -6 -14 18 16 -16 28 26 -20 -21 -22 29 24 -24 -26 -2 -28 -18 -23
right_child=14 -3 3 4 5 -7 -8 -9 10 -11 -12 -13 13 -15 15 -17 17 -19 19 20 21 22 23 -25 25 -27 27 -29 -30 -31
leaf_value=-8.0610255579486694 12.942314425381747 -15.886783733686016 16.638055148124696 20.526401396953702 -12.085418724563887 30.991641009295428 -33.349942761375793 -4.7107381778884605 8.392133500160428 -22.305245377296629 -11.435168711344403 45.75420329186224 41.478743076324463 -1.2075638010695176 37.070937778638758 -19.666330665090811 -0.31011687568996266 5.5441178489843184 38.25957838694255 41.477549003832273 -20.676663848876956 36.067866263447364 4.4029341300597062 19.948135225047238 4.9133056207136683 40.459245979084692 -36.445082762933552 5.8530924667011615 -42.453755683484289 6.1072844337014596
leaf_weight=537 33 193 20 99 106 27 42 1388 109 43 30 31 36 333 23 46 23 193 33 33 25 49 888 115 33 34 31 22 23 34
leaf_count=537 33 193 20 99 106 27 42 1388 109 43 30 31 36 333 23 46 23 193 33 33 25 49 888 115 33 34 31 22 23 34
internal_value=-1.10039e-08 -3.77137 -2.93657 -1.12325 4.45749 1.28852 -9.89545 -3.19235 5.8528 -9.94229 11.7063 16.6652 -0.39987 2.95695 6.89345 0.111773 3.58426 0.361697 8.46394 9.51043 8.72701 7.80955 8.42721 7.23514 5.70425 22.9515 -6.67364 -18.8873 -21.3819 23.7949
internal_weight=4632 2994 2801 2222 601 502 579 1621 233 63 170 140 475 369 1638 308 262 239 1330 1244 1211 1178 1153 1070 955 67 86 53 46 83
internal_count=4632 2994 2801 2222 601 502 579 1621 233 63 170 140 475 369 1638 308 262 239 1330 1244 1211 1178 1153 1070 955 67 86 53 46 83
is_linear=0
shrinkage=0.05


Tree=83
num_leaves=31
num_cat=0
split_feature=3 4 1 6 4 6 5 5 4 1 6 3 4 5 4 6 5 6 0 4 5 0 5 6 6 4 5 0 0 0
split_gain=4.34721e+07 1.11657e+07 9.78876e+06 8.15779e+06 1.05467e+07 7.65705e+06 8.38223e+06 8.18121e+06 9.21212e+06 7.52696e+06 2.21221e+07 1.08714e+07 1.23944e+07 8.70919e+06 1.64263e+07 8.65486e+06 8.13125e+06 1.11225e+07 6.90607e+06 1.21979e+07 8.88062e+06 1.76926e+07 8.58806e+06 7.61968e+06 6.8582e+06 6.82943e+06 1.00613e+07 7.18245e+06 6.63891e+06 8.24494e+06
threshold=55929.250000000007 47846.500000000007 1.0000000180025095e-35 46610.600000000013 47667.450000000004 54786.791666666679 55432.450000000004 52432.900000000009 54720.950000000004 5.5000000000000009 46958.750000000007 55291.80000000001 65293.600000000006 53167.950000000004 54088.05000000001 47098.847916666673 40532.650000000001 47836.529166666667 4.5000000000000009 51741.950000000004 46395.350000000013 19.500000000000004 48962.05000000001 54439.89166666667 48390.962500000016 41237.950000000004 38097.55000000001 16.500000000000004 7.5000000000000009 13.500000000000002
decision_type=2 2 2 2 2 2 2 2 2 2 2 2 2 2 2 2 2 2 2 2 2 2 2 2 2 2 2 2 2 2
left_child=1 3 -3 25 -5 9 7 -7 -9 11 13 12 16 -11 -15 -12 -4 -18 22 20 -20 -22 23 -19 -21 26 -1 -27 -2 -30
right_child=28 2 5 4 -6 6 -8 8 -10 10 15 -13 -14 14 -16 -17 17 18 19 24 21 -23 -24 -25 -26 27 -28 -29 29 -31
leaf_value=-0.1099395751953125 -11.39036297607422 25.569239589146207 18.756627782185873 -4.696347519485208 -34.208661637767669 4.7062007693858163 16.64070799446106 -21.009074966531053 8.6352747189998631 4.9148106597310353 60.053289508819581 -35.206902298331265 32.433606456574942 -38.553823308246898 3.5938826938845079 15.079933523095173 -32.722316575050357 -28.985493115016393 43.386454448699958 -29.396694862842562 38.900660904971033 -19.346744357794524 -47.992013254165649 6.9981091591619675 -5.2342617277588168 6.1453584822741423 -41.475498397982854 -22.423643389615147 10.50479810355395 3.2860235450414805
leaf_weight=21 50 35 30 1290 31 321 100 76 40 139 20 32 21 41 53 23 42 28 20 32 22 32 20 31 357 44 49 44 842 746
leaf_count=21 50 35 30 1290 31 321 100 76 40 139 20 32 21 41 53 23 42 28 20 32 22 32 20 31 357 44 49 44 842 746
internal_value=-7.31933e-08 -3.5828 -0.565866 -6.67316 -5.38892 -1.18393 3.5819 0.59362 -10.7869 -3.89787 3.04649 -6.7714 -5.33843 -3.03465 -14.7897 35.9978 -6.63031 -7.93443 -6.0136 -3.68224 14.925 4.38368 -19.6771 -10.0789 -7.22192 -17.4105 -29.0658 -8.13914 6.54878 7.11361
internal_weight=4632 2994 1515 1479 1321 1480 537 437 116 943 276 667 635 233 94 43 614 584 542 463 74 54 79 59 389 158 70 88 1638 1588
internal_count=4632 2994 1515 1479 1321 1480 537 437 116 943 276 667 635 233 94 43 614 584 542 463 74 54 79 59 389 158 70 88 1638 1588
is_linear=0
shrinkage=0.05


Tree=84
num_leaves=31
num_cat=0
split_feature=3 0 0 6 4 6 6 4 5 3 1 5 4 4 5 4 1 4 4 5 0 5 6 6 5 6 0 5 3 5
split_gain=3.92336e+07 1.06263e+07 1.2602e+07 9.57018e+06 7.9195e+06 9.6991e+06 9.2797e+06 8.46508e+06 7.92492e+06 7.5823e+06 7.15708e+06 1.32595e+07 1.13846e+07 9.59454e+06 7.4238e+06 1.19953e+07 6.48316e+06 8.57012e+06 1.95498e+07 7.96561e+06 6.41768e+06 1.05638e+07 7.4874e+06 8.51731e+06 7.16538e+06 6.83827e+06 7.2021e+06 1.25496e+07 9.19765e+06 1.02381e+07
threshold=55929.250000000007 22.500000000000004 1.5000000000000002 55491.141666666677 44557.05000000001 54655.043750000004 46776.491666666676 38115.700000000004 38402.400000000001 45841.400000000009 1.0000000180025095e-35 46021.650000000009 41718.400000000001 39066.30000000001 56090.500000000007 46202.900000000001 3.5000000000000004 43574.600000000013 45499.700000000004 38402.400000000001 18.500000000000004 52765.450000000004 50013.116666666676 50392.897916666676 51601.05000000001 55622.42291666667 17.500000000000004 57329.200000000004 57731.700000000004 55624.950000000004
decision_type=2 2 2 2 2 2 2 2 2 2 2 2 2 2 2 2 2 2 2 2 2 2 2 2 2 2 2 2 2 2
left_child=1 2 4 10 6 -6 7 -1 -8 -7 11 -4 -13 -12 15 -14 17 -3 -19 -18 21 -2 -23 -24 -22 26 27 -25 -28 -30
right_child=20 16 3 -5 5 9 8 -9 -10 -11 13 12 14 -15 -16 -17 19 18 -20 -21 24 22 23 25 -26 -27 28 -29 29 -31
leaf_value=-3.7384846774014564 42.885509147644044 -26.522994830157309 41.302977279822038 16.804168452679274 -40.672232292859981 -4.7024967891829359 27.753363037109377 -48.683726119399068 -3.393503761291504 -29.309567936607028 -28.413139322068957 -11.548657142597698 7.1027100988613672 -2.3736128861642096 -11.637445653279624 43.016678927021644 -3.1716085716530129 28.648456100595965 -22.750628427557047 -36.332265136025171 10.826647495088125 -8.684062296831156 32.628894567489624 25.903168990813107 -27.523407051481048 31.480218308060259 11.245295737510505 5.8218115065884204 0.19871487373655494 -40.522335184031526
leaf_weight=22 20 37 24 71 39 98 24 20 137 46 36 92 93 2038 30 31 27 37 37 55 21 79 32 83 29 27 43 1242 33 29
leaf_count=22 20 37 24 71 39 98 24 20 137 46 36 92 93 2038 30 31 27 37 37 55 21 79 32 83 29 27 43 1242 33 29
internal_value=2.58453e-08 -3.40366 -2.62175 -1.28094 -11.0105 -18.5536 -4.21059 -25.141 1.24951 -12.5631 -1.82874 5.82867 2.36776 -2.8256 10.6815 16.0812 -14.7515 -6.87506 2.94891 -25.4135 6.22134 6.77668 6.31611 7.11196 -11.4164 6.55153 6.08085 7.07974 -6.52421 -18.8482
internal_weight=4632 2994 2801 2415 386 183 203 42 161 144 2344 270 246 2074 154 124 193 111 74 82 1638 1588 1568 1489 50 1457 1430 1325 105 62
internal_count=4632 2994 2801 2415 386 183 203 42 161 144 2344 270 246 2074 154 124 193 111 74 82 1638 1588 1568 1489 50 1457 1430 1325 105 62
is_linear=0
shrinkage=0.05


Tree=85
num_leaves=31
num_cat=0
split_feature=3 0 0 6 4 6 1 1 4 1 5 3 6 4 5 4 6 4 4 3 5 5 3 5 6 0 5 6 6 5
split_gain=3.54459e+07 9.40704e+06 1.11341e+07 1.14671e+07 7.14791e+06 8.16216e+06 7.1631e+06 8.10191e+06 6.42478e+06 6.29273e+06 1.23542e+07 1.25655e+07 1.12657e+07 1.18493e+07 9.2826e+06 8.35898e+06 6.27136e+06 6.80226e+06 1.00506e+07 6.76819e+06 6.48067e+06 6.23093e+06 1.02113e+07 8.38787e+06 7.6982e+06 6.46296e+06 7.89477e+06 7.4535e+06 1.17699e+07 8.2671e+06
threshold=55499.30000000001 22.500000000000004 1.5000000000000002 55491.141666666677 44663.000000000007 46725.51666666667 4.5000000000000009 3.5000000000000004 65293.600000000006 1.0000000180025095e-35 47498.000000000007 46769.350000000006 48206.133333333339 43403.450000000004 51230.150000000009 39066.30000000001 54780.452083333344 45321.900000000009 43574.600000000013 46769.350000000006 38402.400000000001 40807.700000000004 41813.500000000007 38402.400000000001 46986.80000000001 20.500000000000004 48694.05000000001 54878.385416666679 54909.80000000001 43779.700000000004
decision_type=2 2 2 2 2 2 2 2 2 2 2 2 2 2 2 2 2 2 2 2 2 2 2 2 2 2 2 2 2 2
left_child=1 2 4 8 5 -1 7 -6 9 10 11 -4 -12 -14 -15 -11 20 18 -18 -19 -3 23 24 -17 -23 27 -27 29 -29 -24
right_child=-2 16 3 -5 6 -7 -8 -9 -10 15 12 -13 13 14 -16 21 17 19 -20 -21 -22 22 25 -25 -26 26 -28 28 -30 -31
leaf_value=-25.202842928233903 5.7175640420877096 -3.013027918780292 57.080995955467223 19.092048012320674 -19.049182173452881 0.40224663823149931 -38.890078481038415 10.550045417917186 24.993827958540486 -26.992482641008166 -24.035554116112849 9.2831737344915215 -10.801661926952761 46.077451224554153 8.1117167830467221 -13.189369291872593 -15.798775938579016 -0.71525263352827595 25.853591232299806 -39.935471568324353 -32.222836474608634 -1.4020006561279299 12.200374562621118 14.42813677030189 -31.294154546942032 -6.9999840212117945 -35.42927727018084 31.718806621006561 1.5588847373631856 -5.0335936444799927
leaf_weight=38 1710 27 20 67 114 172 33 29 22 36 42 44 67 21 69 37 28 22 30 22 64 35 75 107 56 191 28 35 427 964
leaf_count=38 1710 27 20 67 114 172 33 29 22 36 42 44 67 21 69 37 28 22 30 22 64 35 75 107 56 191 28 35 427 964
internal_value=-2.24869e-10 -3.34601 -2.59155 -1.29526 -10.46 -4.23106 -17.8922 -13.0465 -1.89542 -2.15787 5.11106 24.22 -1.03452 5.11862 16.9704 -3.11805 -14.0139 -5.50072 5.74555 -20.3254 -23.5562 -2.67842 -3.47439 7.33197 -19.7972 -2.6108 -10.6348 -1.44008 3.84373 -3.78956
internal_weight=4632 2922 2729 2343 386 210 176 143 2276 2254 263 64 199 157 90 1991 193 102 58 44 91 1955 1811 144 91 1720 219 1501 462 1039
internal_count=4632 2922 2729 2343 386 210 176 143 2276 2254 263 64 199 157 90 1991 193 102 58 44 91 1955 1811 144 91 1720 219 1501 462 1039
is_linear=0
shrinkage=0.05


Tree=86
num_leaves=31
num_cat=0
split_feature=3 3 5 1 6 0 5 0 4 0 3 6 3 0 3 5 5 3 6 0 5 5 0 5 6 4 4 4 5 6
split_gain=3.21353e+07 9.4466e+06 8.675e+06 7.8947e+06 1.49437e+07 1.14009e+07 1.3048e+07 1.04162e+07 9.3051e+06 8.92789e+06 1.0525e+07 1.03956e+07 9.3399e+06 9.91416e+06 8.74613e+06 7.38074e+06 7.54002e+06 8.12805e+06 7.33684e+06 1.24507e+07 1.36267e+07 9.08125e+06 1.36714e+07 1.13217e+07 9.11399e+06 7.75123e+06 1.00159e+07 8.42768e+06 1.58731e+07 1.24291e+07
threshold=50724.950000000004 62117.05000000001 64629.900000000001 1.5000000000000002 48858.889583333344 17.500000000000004 55624.950000000004 5.5000000000000009 52611.950000000004 8.5000000000000018 59281.900000000009 54989.702083333344 60101.30000000001 14.500000000000002 58019.700000000004 65729.400000000009 64899.100000000013 65051.30000000001 54792.64375000001 15.500000000000002 51937.400000000001 50652.80000000001 16.500000000000004 48377.80000000001 54422.481250000004 48181.600000000013 50091.500000000007 53387.100000000006 53475.80000000001 55003.608333333344
decision_type=2 2 2 2 2 2 2 2 2 2 2 2 2 2 2 2 2 2 2 2 2 2 2 2 2 2 2 2 2 2
left_child=-1 2 3 4 -2 6 8 -5 -6 14 -11 12 -12 -14 -8 16 -3 -18 19 20 -9 22 -21 -24 -23 -20 -27 29 -29 -28
right_child=1 15 -4 7 5 -7 9 18 -10 10 11 -13 13 -15 -16 -17 17 -19 25 21 -22 24 23 -25 -26 26 27 28 -30 -31
leaf_value=-4.6575609984779609 -30.980048632621767 8.5457355729304254 -20.220967132936824 -28.513336919969131 65.797841296195983 -0.82466933141554033 8.4599773512946239 33.452431184053424 18.675288495150479 45.395104624430338 -7.1886865532916531 -12.706954589966806 49.084520844852221 12.145309321085612 -23.956791492870877 20.160738728727615 -15.823939420836314 13.974360813814052 -25.387530403137209 36.419010620117191 -0.40148350576464642 -39.319467687606817 11.629978023256575 -32.232462464609455 -11.449044367671014 33.431877076625824 21.334281037070536 47.775816245701009 5.0252464832104362 -23.019548290967943
leaf_weight=2058 24 576 44 31 20 173 81 32 22 30 23 31 34 39 28 112 70 34 20 20 418 44 28 31 88 32 22 23 388 56
leaf_count=2058 24 576 44 31 20 173 81 32 22 30 23 31 34 39 28 112 70 34 20 20 418 44 28 31 88 32 22 23 388 56
internal_value=-8.1847e-09 3.72388 1.70452 2.2596 7.52521 9.44647 15.2156 0.102963 41.1146 11.1263 18.7588 12.4668 20.5958 29.3499 0.132734 8.26742 6.30852 -6.08219 0.840987 -2.69304 2.00591 -12.7145 0.693839 -11.4164 -20.7392 5.15891 6.33151 4.55808 7.41761 -10.5095
internal_weight=4632 2574 1782 1738 505 481 308 1233 42 266 157 127 96 73 109 792 680 104 1202 661 450 211 79 59 132 541 521 489 411 78
internal_count=4632 2574 1782 1738 505 481 308 1233 42 266 157 127 96 73 109 792 680 104 1202 661 450 211 79 59 132 541 521 489 411 78
is_linear=0
shrinkage=0.05


Tree=87
num_leaves=31
num_cat=0
split_feature=3 4 0 1 6 5 6 4 6 6 0 5 5 0 3 3 5 4 3 4 3 4 6 3 5 3 6 6 6 5
split_gain=2.90021e+07 9.00257e+06 1.02332e+07 9.58693e+06 1.33711e+07 1.29154e+07 1.09338e+07 1.04812e+07 9.92104e+06 1.00735e+07 9.66078e+06 1.38631e+07 9.01383e+06 8.96258e+06 8.69435e+06 8.69082e+06 8.47985e+06 1.1388e+07 1.1346e+07 8.43227e+06 8.86228e+06 8.39785e+06 8.31676e+06 7.79324e+06 7.55263e+06 8.28972e+06 7.17412e+06 7.03266e+06 1.65327e+07 9.42643e+06
threshold=50724.950000000004 66123.550000000003 12.500000000000002 1.5000000000000002 48858.889583333344 65895.550000000003 54984.63958333333 53715.900000000001 54916.745833333342 54792.64375000001 17.500000000000004 55624.950000000004 54164.450000000004 8.5000000000000018 60361.05000000001 57731.700000000004 63733.100000000013 64095.200000000004 63337.450000000004 48255.850000000013 64100.950000000004 52611.950000000004 54775.229166666672 54460.30000000001 50413.450000000004 53867.05000000001 55513.368750000001 49892.777083333342 50669.708333333343 59391.450000000004
decision_type=2 2 2 2 2 2 2 2 2 2 2 2 2 2 2 2 2 2 2 2 2 2 2 2 2 2 2 2 2 2
left_child=26 3 -3 4 -2 6 8 24 9 22 11 21 -12 -11 -15 -14 17 19 -18 -13 23 -6 -5 -21 -8 -26 -1 -25 -29 -30
right_child=1 2 -4 5 10 -7 7 -9 -10 13 12 16 15 14 -16 -17 18 -19 -20 20 -22 -23 -24 27 25 -27 -28 28 29 -31
leaf_value=-4.8857240847386549 -29.431047368546327 30.994115629196166 -4.7710140132904053 -3.2661295800786236 62.507948837280281 24.590880140174519 6.4192698176090532 8.1993561517527436 -20.38788532063931 -12.919522817673224 4.6217698442018955 -20.183529663085938 0.66139739643443718 33.944405879145087 4.8364104336705704 -43.781669084592302 -16.122468218658909 48.416316882046793 9.5391829721389279 -12.983214805239724 -5.7158444458583624 17.741523829373445 -35.183053316388815 -1.7742746043849635 -1.3343170969826836 -35.507368967268199 14.478004959651404 60.155671974182134 32.368249197409192 10.346830655382826
leaf_weight=2009 24 60 30 727 20 55 52 511 79 31 130 20 22 46 58 22 66 22 124 21 53 22 21 37 35 36 49 25 71 154
leaf_count=2009 24 60 30 727 20 55 52 511 79 31 130 20 22 46 58 22 66 22 124 21 53 22 21 37 35 36 49 25 71 154
internal_value=-5.4911e-08 3.53768 19.0724 2.97483 7.34789 0.768438 -0.0525109 5.04528 -3.41218 -1.8934 8.43898 11.2991 -1.99894 10.6774 17.7111 -21.5601 9.33302 13.4385 0.625136 11.4187 13.1696 39.0589 -4.16219 16.4193 -8.05825 -18.6615 -4.42468 18.5707 21.5818 17.2958
internal_weight=4632 2574 90 2484 833 1651 1596 634 962 883 809 635 174 135 104 44 593 403 190 381 361 42 748 308 123 71 2058 287 250 225
internal_count=4632 2574 90 2484 833 1651 1596 634 962 883 809 635 174 135 104 44 593 403 190 381 361 42 748 308 123 71 2058 287 250 225
is_linear=0
shrinkage=0.05


Tree=88
num_leaves=31
num_cat=0
split_feature=3 4 0 1 6 5 6 4 6 6 0 5 5 0 3 3 5 4 3 4 3 4 6 0 0 5 6 6 5 6
split_gain=2.61744e+07 8.12482e+06 9.23542e+06 8.6522e+06 1.20674e+07 1.16562e+07 9.86775e+06 9.45926e+06 8.95374e+06 9.0913e+06 8.71885e+06 1.25114e+07 8.13498e+06 8.08873e+06 7.84665e+06 7.84346e+06 7.65306e+06 1.02777e+07 1.02397e+07 7.61013e+06 7.9982e+06 7.57906e+06 7.50588e+06 7.40294e+06 7.32692e+06 1.10673e+07 7.48599e+06 7.90921e+06 7.11577e+06 6.65099e+06
threshold=50724.950000000004 66123.550000000003 12.500000000000002 1.5000000000000002 48858.889583333344 65895.550000000003 54984.63958333333 53715.900000000001 54916.745833333342 54792.64375000001 17.500000000000004 55624.950000000004 54164.450000000004 8.5000000000000018 60361.05000000001 57731.700000000004 63733.100000000013 64095.200000000004 63337.450000000004 48255.850000000013 64100.950000000004 52611.950000000004 54775.229166666672 8.5000000000000018 14.500000000000002 59280.000000000007 54909.80000000001 51196.885416666672 53949.400000000009 55502.541666666679
decision_type=2 2 2 2 2 2 2 2 2 2 2 2 2 2 2 2 2 2 2 2 2 2 2 2 2 2 2 2 2 2
left_child=-1 3 -3 4 -2 6 8 28 9 22 11 21 -12 -11 -15 -14 17 19 -18 -13 23 -6 -5 -21 26 -26 27 -25 29 -8
right_child=1 2 -4 5 10 -7 7 -9 -10 13 12 16 15 14 -16 -17 18 -19 -20 20 -22 -23 -24 24 25 -27 -28 -29 -30 -31
leaf_value=-4.2034487820126349 -27.959495123227438 29.444409585048756 -4.5324632390340174 -3.1028231479545245 59.382551269531248 23.361336447108876 4.7284162201458901 7.7893887120450316 -19.368490895138514 -12.273546669560094 4.3906815482676036 -19.174354400634765 0.62832788987593213 32.247185435502431 4.5945899075475234 -41.592585346915513 -15.316344423005075 45.995501119440256 9.062223959930483 4.1655771058859292 -5.4300520555028378 16.854448595913976 -33.423900454384942 38.454527769861997 32.886489912550502 2.5214389272482998 59.204088916778566 1.5996391932169596 -33.423151271993468 -26.356439525430854
leaf_weight=2058 24 60 30 727 20 55 79 511 79 31 130 20 22 46 58 22 66 22 124 97 53 22 21 37 47 83 20 24 22 22
leaf_count=2058 24 60 30 727 20 55 79 511 79 31 130 20 22 46 58 22 66 22 124 97 53 22 21 37 47 83 20 24 22 22
internal_value=6.92299e-09 3.3608 18.1188 2.82609 6.98049 0.730016 -0.0498852 4.79302 -3.24157 -1.79873 8.01703 10.7342 -1.89899 10.1435 16.8255 -20.4821 8.86636 12.7665 0.593879 10.8478 12.5111 37.1059 -3.95408 15.5984 20.8542 13.4996 32.6579 23.9542 -7.65533 -2.04254
internal_weight=4632 2574 90 2484 833 1651 1596 634 962 883 809 635 174 135 104 44 593 403 190 381 361 42 748 308 211 130 81 61 123 101
internal_count=4632 2574 90 2484 833 1651 1596 634 962 883 809 635 174 135 104 44 593 403 190 381 361 42 748 308 211 130 81 61 123 101
is_linear=0
shrinkage=0.05


Tree=89
num_leaves=31
num_cat=0
split_feature=3 0 5 1 4 3 3 6 3 6 5 0 0 3 5 0 6 0 4 6 4 4 6 0 0 4 3 4 5 5
split_gain=2.36224e+07 7.76457e+06 8.24681e+06 9.54358e+06 1.66217e+07 8.98707e+06 1.0778e+07 8.95296e+06 7.64869e+06 6.63954e+06 7.36011e+06 1.28905e+07 1.14675e+07 9.11426e+06 8.08644e+06 2.49603e+07 9.52942e+06 7.35264e+06 7.07413e+06 6.47464e+06 6.33094e+06 1.27114e+07 1.09631e+07 6.01555e+06 6.95622e+06 9.22751e+06 5.87124e+06 6.24815e+06 1.0489e+07 1.23001e+07
threshold=50724.950000000004 16.500000000000004 50328.900000000009 2.5000000000000004 52233.000000000007 64430.950000000004 64021.850000000013 55473.066666666673 61803.05000000001 48858.889583333344 59391.450000000004 8.5000000000000018 6.5000000000000009 53363.05000000001 61376.55000000001 14.500000000000002 50392.897916666676 9.5000000000000018 59475.250000000007 55513.368750000001 56930.100000000013 56435.250000000007 54980.795833333344 22.500000000000004 2.5000000000000004 47667.450000000004 59537.200000000004 52826.80000000001 55312.750000000007 52765.450000000004
decision_type=2 2 2 2 2 2 2 2 2 2 2 2 2 2 2 2 2 2 2 2 2 2 2 2 2 2 2 2 2 2
left_child=19 2 -2 7 -5 6 -6 9 20 -4 12 -12 13 -11 15 -13 -16 -18 -17 23 21 26 -22 24 25 -1 27 28 29 -3
right_child=1 8 3 4 5 -7 -8 -9 -10 10 11 14 -14 -15 16 18 17 -19 -20 -21 22 -23 -24 -25 -26 -27 -28 -29 -30 -31
leaf_value=-6.3844490642671836 30.315431471793882 3.6814050505849609 -20.788579023452034 -27.782511534293491 1.5088651894091356 14.534384792997637 -30.05669395583017 32.772076236179899 -32.122172966003419 12.401611735270574 -15.938557381263147 56.790346729755406 26.17842489645399 -25.989753991907293 31.110594240824383 17.31596265850645 -16.148965950445696 5.2641356283175185 -17.557014465332031 13.964277220745476 -27.853558551348176 37.016713889439899 7.2155044763516161 -13.022273401183051 -1.494070341419133 -31.016982321622898 17.358554458618165 -11.778189989298333 31.464364145033894 -23.151679779933051
leaf_weight=523 31 239 21 48 791 131 28 35 20 52 65 32 116 22 33 33 44 451 26 49 52 24 39 185 1260 41 43 119 27 52
leaf_count=523 31 239 21 48 791 131 28 35 20 52 65 32 116 22 33 33 44 451 26 49 52 24 39 185 1260 41 43 119 27 52
internal_value=-4.68943e-08 3.19276 4.73143 4.32007 0.924217 2.37466 0.429701 7.96421 -1.70846 6.99407 7.66162 5.24335 16.3674 0.987962 7.46762 21.2334 5.09511 3.36075 1.94821 -3.99328 -0.686151 1.5054 -12.824 -4.43127 -3.55992 -8.17511 -0.270168 -2.0048 1.65254 -1.11351
internal_weight=4632 2574 1959 1928 998 950 819 930 615 895 874 684 190 74 619 91 528 495 59 2058 595 504 91 2009 1824 564 480 437 318 291
internal_count=4632 2574 1959 1928 998 950 819 930 615 895 874 684 190 74 619 91 528 495 59 2058 595 504 91 2009 1824 564 480 437 318 291
is_linear=0
shrinkage=0.05


Tree=90
num_leaves=31
num_cat=0
split_feature=4 1 5 1 4 5 0 5 0 5 6 5 4 6 6 5 4 6 4 6 6 6 1 4 5 5 0 3 0 4
split_gain=2.14378e+07 1.03947e+07 9.01998e+06 9.97874e+06 1.59022e+07 1.01943e+07 7.28715e+06 9.97064e+06 1.27581e+07 1.60859e+07 1.12131e+07 8.40405e+06 9.93981e+06 7.87432e+06 2.23256e+07 9.8309e+06 1.63072e+07 6.99975e+06 8.4678e+06 1.09123e+07 6.35923e+06 9.92624e+06 1.05266e+07 7.36822e+06 8.71588e+06 7.96831e+06 7.98402e+06 1.48766e+07 7.01163e+06 8.46384e+06
threshold=47911.500000000007 4.5000000000000009 56090.500000000007 1.0000000180025095e-35 46134.250000000007 50554.450000000004 16.500000000000004 48377.80000000001 17.500000000000004 46021.650000000009 47836.529166666667 55983.750000000007 65550.550000000003 48637.70416666667 46958.750000000007 53167.950000000004 53715.900000000001 54927.568750000006 45321.900000000009 55009.060416666667 52355.67500000001 54487.62708333334 3.5000000000000004 59921.05000000001 61376.55000000001 47131.450000000004 3.5000000000000004 47122.000000000007 20.500000000000004 48946.150000000001
decision_type=2 2 2 2 2 2 2 2 2 2 2 2 2 2 2 2 2 2 2 2 2 2 2 2 2 2 2 2 2 2
left_child=2 20 3 4 -1 17 11 8 -8 10 -10 12 13 14 15 -3 -17 -5 19 -19 -2 22 -22 25 -25 -23 -27 -28 29 -29
right_child=1 6 -4 5 -6 -7 7 -9 9 -11 -12 -13 -14 -15 -16 16 -18 18 -20 -21 21 23 -24 24 -26 26 27 28 -30 -31
leaf_value=0.22008590466258202 11.835190725226362 8.9010363253151503 -32.948199844360353 -8.4911665210287079 41.684478515625003 -40.188142343000933 30.186363053321841 -38.91673157790612 -16.59865143299103 -51.229512197321121 24.696939498901369 -17.948714004579138 36.193101837038995 -4.9469174973926853 38.405872365702756 -40.676291321263172 4.4320519503425144 40.166467571258551 -6.1613700804213689 3.1814821388761878 -2.5941220955003668 18.549617186933755 -34.901586279869086 17.453095908880563 5.1024108431784505 -19.996593597660894 40.197122544050217 24.257769444114285 -21.963070701851564 0.12315583110397513
leaf_weight=308 238 123 28 786 25 22 20 29 48 22 25 61 20 315 46 33 51 24 225 118 158 64 30 182 664 46 24 38 34 825
leaf_count=308 238 123 28 786 25 22 20 29 48 22 25 61 20 315 46 33 51 24 225 118 158 64 30 182 664 46 24 38 34 825
internal_value=1.15632e-08 2.39591 -4.82926 -4.30716 3.33303 -6.47242 -2.54135 -12.7168 -6.10986 -13.7512 -2.45633 -0.283627 1.54898 0.329112 6.89808 -0.10365 -13.2891 -5.8291 -0.127788 9.43247 4.09598 3.204 -7.74957 4.30111 7.75941 1.46335 0.332515 1.34787 0.308422 1.18586
internal_weight=4632 3096 1536 1508 333 1175 793 144 115 95 73 649 588 568 253 207 84 1153 367 142 2303 2065 188 1877 846 1031 967 921 897 863
internal_count=4632 3096 1536 1508 333 1175 793 144 115 95 73 649 588 568 253 207 84 1153 367 142 2303 2065 188 1877 846 1031 967 921 897 863
is_linear=0
shrinkage=0.05


Tree=91
num_leaves=31
num_cat=0
split_feature=4 1 4 6 5 3 0 5 0 5 6 5 4 6 5 0 3 0 5 0 5 4 5 4 4 5 4 4 6 6
split_gain=1.93476e+07 9.38124e+06 8.75633e+06 8.57863e+06 8.3626e+06 7.39053e+06 7.78218e+06 8.9985e+06 1.15142e+07 1.45642e+07 8.7297e+06 7.61917e+06 1.03548e+07 7.1218e+06 9.68497e+06 8.71802e+06 8.36271e+06 7.79749e+06 1.34707e+07 1.023e+07 7.79518e+06 1.42161e+07 1.31183e+07 9.99536e+06 8.63606e+06 6.49489e+06 1.11894e+07 9.16438e+06 5.7392e+06 9.331e+06
threshold=47911.500000000007 4.5000000000000009 47667.450000000004 46610.600000000013 47924.750000000007 56886.000000000007 16.500000000000004 48377.80000000001 17.500000000000004 45454.250000000007 47836.529166666667 54775.55000000001 64095.200000000004 51094.72083333334 52765.450000000004 9.5000000000000018 52990.05000000001 14.500000000000002 50652.80000000001 9.5000000000000018 44676.80000000001 55317.650000000001 48377.80000000001 51292.600000000006 60700.000000000007 37902.500000000007 41237.950000000004 45499.700000000004 52355.67500000001 54693.639583333344
decision_type=2 2 2 2 2 2 2 2 2 2 2 2 2 2 2 2 2 2 2 2 2 2 2 2 2 2 2 2 2 2
left_child=2 28 3 25 -4 6 11 8 -8 10 -10 12 13 14 17 -16 -17 19 -19 -3 23 -22 -23 -15 -24 -1 -27 -28 -2 -30
right_child=1 5 4 -5 -6 -7 7 -9 9 -11 -12 -13 -14 20 15 16 -18 18 -20 -21 21 22 24 -25 -26 26 27 -29 29 -31
leaf_value=11.593512473106385 11.243431140194421 14.695881293249911 -41.963930176893875 -2.5670499914792488 -2.3661058525244396 -30.989338406649502 28.677045593261724 -36.970895742547924 -13.11678739216017 -44.132435805709278 25.177497447620738 -10.074221574515105 28.686983630531714 -6.1492577706512659 -33.603299134118217 30.695569911003112 -5.9077220755563662 35.190715657109799 -10.502244104058654 54.467249744588678 -44.322088493619646 30.092349494587292 -28.743012534740359 36.833444649832593 4.2056423290355793 -36.567393672024764 3.729008279766953 -33.102617025375366 -3.5585945397440129 4.7547880204458064
leaf_weight=20 238 61 30 1327 24 22 20 29 46 27 22 128 38 38 21 20 71 23 54 22 28 22 43 21 37 54 57 24 425 1640
leaf_count=20 238 61 30 1327 24 22 20 29 46 27 22 128 38 38 21 20 71 23 54 22 28 22 43 21 37 54 57 24 425 1640
internal_value=-4.14028e-09 2.27612 -4.5878 -3.86718 -24.3649 -2.41429 -1.59891 -12.081 -5.80437 -13.0636 -0.72746 0.808446 3.59999 1.53208 6.71245 -4.56434 2.13696 14.6062 3.1463 25.2377 -5.92326 -12.7641 -4.10107 9.14967 -13.5043 -14.9979 -18.9374 -7.18407 3.89118 3.0438
internal_weight=4632 3096 1536 1482 54 793 771 144 115 95 68 627 499 461 272 112 91 160 77 83 189 130 102 59 80 155 135 81 2303 2065
internal_count=4632 3096 1536 1482 54 793 771 144 115 95 68 627 499 461 272 112 91 160 77 83 189 130 102 59 80 155 135 81 2303 2065
is_linear=0
shrinkage=0.05


Tree=92
num_leaves=31
num_cat=0
split_feature=3 0 4 5 0 6 3 3 5 3 0 6 3 3 0 3 3 5 4 3 4 4 4 4 6 1 5 0 5 6
split_gain=1.77195e+07 7.40052e+06 8.95885e+06 9.45661e+06 8.72624e+06 7.93788e+06 7.31478e+06 9.63438e+06 1.09428e+07 8.3717e+06 7.80531e+06 6.58197e+06 6.01757e+06 7.5752e+06 5.9573e+06 5.98527e+06 8.55277e+06 5.80846e+06 5.77402e+06 5.53944e+06 6.55753e+06 5.42643e+06 5.39715e+06 8.51038e+06 5.42387e+06 5.97892e+06 9.36908e+06 8.70375e+06 9.94157e+06 6.97155e+06
threshold=55929.250000000007 1.0000000180025095e-35 44663.000000000007 43464.600000000006 21.500000000000004 55491.141666666677 41328.750000000007 48701.500000000007 46688.100000000006 40550.250000000007 22.500000000000004 46442.36250000001 47430.100000000006 46454.350000000013 7.5000000000000009 66588.200000000026 65880.60000000002 64707.450000000004 45989.350000000006 40272.100000000013 43229.05000000001 43574.600000000013 66397.400000000009 66923.85000000002 55605.431250000009 1.5000000000000002 65067.150000000009 17.500000000000004 53949.400000000009 50013.116666666676
decision_type=2 2 2 2 2 2 2 2 2 2 2 2 2 2 2 2 2 2 2 2 2 2 2 2 2 2 2 2 2 2
left_child=1 2 19 -4 5 11 9 8 10 -6 -8 -3 13 -10 -2 16 22 -18 21 -1 -21 -12 24 -24 25 26 27 29 -29 -16
right_child=14 4 3 -5 6 -7 7 -9 12 -11 18 -13 -14 -15 15 -17 17 -19 -20 20 -22 -23 23 -25 -26 -27 -28 28 -30 -31
leaf_value=-15.43624110619227 -12.812311172485352 -17.219975018110432 -49.27268365713266 -12.678483463634144 -11.294793159730974 16.195733588674795 19.085984450667652 -27.070846422513327 -23.119048152491452 -45.096277002187882 -11.573430848890737 -0.57803712139171048 -37.681596517562866 14.994348465312612 -9.4642754352453977 -11.644660846392314 10.712457127724925 43.875375689630928 -20.442935577034952 30.772612152099612 -3.7567739573392007 15.263893107573191 39.222384425571988 -0.50368797595684345 23.152410475413006 0.80547325417632532 -9.61548101425171 15.931853949172158 -23.118377494812012 14.472136340165813
leaf_weight=48 50 61 26 55 62 69 67 42 32 26 31 2285 24 22 33 54 31 23 32 20 44 48 28 26 36 831 70 28 39 389
leaf_count=48 50 61 26 55 62 69 67 42 32 26 31 2285 24 22 33 54 31 23 32 20 44 48 28 26 36 831 70 28 39 389
internal_value=-1.23513e-08 -2.2874 -11.7575 -24.4248 -1.63488 -0.519142 -8.61547 -4.87513 -1.23365 -21.2816 5.60942 -1.01076 -16.8499 -7.59137 4.18101 4.71606 5.29199 24.8374 -2.52508 -2.5963 7.03366 4.73279 4.57885 20.095 3.99128 3.49502 7.49326 9.94236 -6.79888 12.6003
internal_weight=4632 2994 193 81 2801 2415 386 298 256 88 178 2346 78 54 1638 1588 1534 54 111 112 64 79 1480 54 1426 1390 559 489 67 422
internal_count=4632 2994 193 81 2801 2415 386 298 256 88 178 2346 78 54 1638 1588 1534 54 111 112 64 79 1480 54 1426 1390 559 489 67 422
is_linear=0
shrinkage=0.05


Tree=93
num_leaves=31
num_cat=0
split_feature=3 0 0 6 4 6 6 4 5 3 4 0 0 3 3 6 4 3 3 5 6 4 6 5 5 6 6 6 5 3
split_gain=1.59919e+07 6.75301e+06 8.10026e+06 6.24108e+06 5.81429e+06 8.15393e+06 6.75305e+06 7.75317e+06 7.58965e+06 6.70341e+06 6.33023e+06 5.37647e+06 5.41301e+06 1.35793e+07 9.81006e+06 8.80216e+06 1.16344e+07 1.70944e+07 9.6789e+06 8.41832e+06 7.10695e+06 6.47133e+06 7.3234e+06 6.88184e+06 6.24547e+06 6.83204e+06 8.96374e+06 8.8349e+06 6.24711e+06 1.42388e+07
threshold=55929.250000000007 22.500000000000004 1.5000000000000002 55491.141666666677 44557.05000000001 54655.043750000004 46776.491666666676 38115.700000000004 38402.400000000001 45841.400000000009 45585.250000000007 7.5000000000000009 12.500000000000002 65051.30000000001 66588.200000000026 54832.847916666673 53543.200000000004 64304.000000000007 65051.30000000001 58891.950000000004 50820.885416666679 60700.000000000007 54422.481250000004 63453.700000000004 65450.900000000001 55577.654166666674 55502.541666666679 55431.122916666667 61376.55000000001 62261.950000000004
decision_type=2 2 2 2 2 2 2 2 2 2 2 2 2 2 2 2 2 2 2 2 2 2 2 2 2 2 2 2 2 2
left_child=1 2 4 -4 6 -6 7 -1 -8 10 -7 -2 13 19 15 16 -14 21 -19 20 -13 22 -18 -23 25 26 27 28 29 -17
right_child=11 -3 3 -5 5 9 8 -9 -10 -11 -12 12 14 -15 -16 24 17 18 -20 -21 -22 23 -24 -25 -26 -27 -28 -29 -30 -31
leaf_value=0.17891821427778765 -12.171695579528809 -11.219327603967697 -0.91711099950831909 14.129911240725452 -35.018875009585649 -17.156936531066897 28.146172459920248 -42.834896373748784 -2.3347442891475931 -24.991863391710368 8.6983119504205106 4.0487601713700725 9.0983840780193308 27.181792635917663 -21.968737351022117 3.9708009850147157 -39.751480665661042 35.139254309336344 -5.0247831344604492 3.5317665858886076 42.33268718013057 3.8426728990342882 -13.610921826233735 -26.32844708407367 34.56143626258487 30.051029665716769 -23.468195964739877 34.441840857046621 -3.7907528241475426 37.789709954512745
leaf_weight=22 50 193 2344 71 39 40 24 20 137 46 58 22 147 80 41 172 42 30 30 560 27 63 74 27 21 29 26 27 132 38
leaf_count=22 50 193 2344 71 39 40 24 20 137 46 58 22 147 80 41 172 42 30 30 560 27 63 74 27 21 29 26 27 132 38
internal_value=1.47596e-09 -2.17303 -1.54971 -0.474735 -8.27526 -14.7385 -2.44884 -20.3039 2.20899 -9.24584 -1.85485 3.97196 4.48026 7.81479 1.92465 3.06641 -2.19044 -8.42901 15.0572 5.27068 25.144 -15.2697 -23.0756 -5.20866 7.94524 6.62699 4.90725 6.9066 4.73277 10.0904
internal_weight=4632 2994 2801 2415 386 183 203 42 161 144 98 1638 1588 689 899 858 413 266 60 609 49 206 116 90 445 424 395 369 342 210
internal_count=4632 2994 2801 2415 386 183 203 42 161 144 98 1638 1588 689 899 858 413 266 60 609 49 206 116 90 445 424 395 369 342 210
is_linear=0
shrinkage=0.05


Tree=94
num_leaves=31
num_cat=0
split_feature=4 5 1 4 5 5 4 4 0 6 0 4 4 0 0 4 3 6 4 5 3 1 5 0 5 0 5 4 4 5
split_gain=1.46369e+07 8.49324e+06 8.47619e+06 1.41938e+07 9.59024e+06 1.02406e+07 1.42729e+07 8.3583e+06 8.06569e+06 9.86783e+06 9.22355e+06 1.30778e+07 2.04925e+07 1.29544e+07 9.80859e+06 1.07054e+07 1.01677e+07 9.657e+06 1.05652e+07 6.96183e+06 1.01387e+07 9.6078e+06 1.18821e+07 1.0568e+07 1.79402e+07 8.78928e+06 1.21052e+07 1.03897e+07 7.84642e+06 7.46623e+06
threshold=47911.500000000007 56090.500000000007 1.0000000180025095e-35 46134.250000000007 48962.05000000001 47924.750000000007 47667.450000000004 47477.05000000001 15.500000000000002 54832.847916666673 10.500000000000002 48946.150000000001 49319.400000000001 3.5000000000000004 12.500000000000002 66123.550000000003 66588.200000000026 55374.687500000007 52710.150000000009 64469.80000000001 63037.850000000013 4.5000000000000009 53167.950000000004 9.5000000000000018 62539.700000000004 7.5000000000000009 47924.750000000007 51477.200000000004 52312.30000000001 63575.850000000013
decision_type=2 2 2 2 2 2 2 2 2 2 2 2 2 2 2 2 2 2 2 2 2 2 2 2 2 2 2 2 2 2
left_child=1 2 3 -1 5 6 7 -4 10 -10 11 13 -13 -2 15 -12 17 18 -16 20 21 23 25 -14 -25 26 27 -23 -27 -26
right_child=8 -3 4 -5 -6 -7 -8 -9 9 -11 14 12 19 -15 16 -17 -18 -19 -20 -21 -22 22 -24 24 29 28 -28 -29 -30 -31
leaf_value=0.61678154700762278 0.27065163558384159 -31.275948578970777 -5.2739826959645271 39.79058465576172 -23.159561009539502 14.470571311782388 -39.5444190231959 24.003171035766602 -7.3926321888623185 3.327478327943707 10.062912653745657 -37.371947638408557 3.1713843848620145 35.397121491798991 27.910217764133066 34.067749108208552 -20.870300330185309 27.13311888376872 0.79131526778973149 -17.990558760506769 -26.445905846357348 -24.56793476985051 -23.992442968137127 59.736661450759222 -16.325670623779299 36.815059496008836 -33.228742704126567 13.679165795445442 3.2121605090692009 24.115161372840404
leaf_weight=308 53 28 980 25 72 68 30 25 438 421 332 37 700 52 39 54 41 45 454 49 32 26 68 23 21 23 36 56 71 25
leaf_count=308 53 28 980 25 72 68 30 25 438 421 332 37 700 52 39 54 41 45 454 49 32 26 68 23 21 23 36 56 71 25
internal_value=6.12035e-09 -3.99039 -3.48376 3.55776 -5.47936 -4.32526 -5.56015 -4.5457 1.97973 -2.13865 3.56117 0.764728 -0.756007 17.6666 7.24726 13.4211 3.13137 4.96049 2.93662 0.442922 1.27848 2.12422 -5.80587 5.01164 23.6809 0.0275566 -9.05905 1.55204 11.4341 5.65304
internal_weight=4632 1536 1508 333 1175 1103 1035 1005 3096 859 2237 1272 1167 105 965 386 579 538 493 1130 1081 1049 280 769 69 212 118 82 94 46
internal_count=4632 1536 1508 333 1175 1103 1035 1005 3096 859 2237 1272 1167 105 965 386 579 538 493 1130 1081 1049 280 769 69 212 118 82 94 46
is_linear=0
shrinkage=0.05


Tree=95
num_leaves=31
num_cat=0
split_feature=4 5 1 4 5 0 6 5 4 6 6 0 4 4 3 0 4 4 4 4 0 6 4 6 4 5 1 4 4 6
split_gain=1.32098e+07 7.66515e+06 7.64976e+06 1.28099e+07 8.88419e+06 7.42999e+06 8.99997e+06 9.32824e+06 8.63963e+06 7.82592e+06 7.15497e+06 8.78094e+06 1.04056e+07 9.4173e+06 9.40041e+06 7.97339e+06 7.58656e+06 6.80493e+06 6.7472e+06 9.77001e+06 6.31588e+06 6.00684e+06 7.46132e+06 9.79739e+06 5.99597e+06 6.49224e+06 5.96344e+06 8.02891e+06 1.389e+07 7.26368e+06
threshold=47911.500000000007 56090.500000000007 1.0000000180025095e-35 46134.250000000007 50554.450000000004 16.500000000000004 47836.529166666667 46237.650000000009 51292.600000000006 48496.070833333339 55402.781250000007 4.5000000000000009 50798.30000000001 48946.150000000001 47683.350000000006 3.5000000000000004 66123.550000000003 59176.450000000004 49513.900000000001 48577.250000000007 12.500000000000002 54927.568750000006 45321.900000000009 55009.060416666667 49417.650000000009 45352.850000000013 5.5000000000000009 45585.250000000007 46373.350000000006 46645.493750000016
decision_type=2 2 2 2 2 2 2 2 2 2 2 2 2 2 2 2 2 2 2 2 2 2 2 2 2 2 2 2 2 2
left_child=1 2 3 -1 21 10 24 8 -8 -9 11 13 18 15 -15 -2 -14 -11 19 -13 -18 26 23 -23 -7 -26 27 -4 -29 -28
right_child=5 -3 4 -5 -6 6 7 9 -10 17 -12 12 16 14 -16 -17 20 -19 -20 -21 -22 22 -24 -25 25 -27 29 28 -30 -31
leaf_value=0.58594233370446547 -4.2163864249768466 -29.712151036943709 -19.154649137385064 37.801054962158204 -36.680219788984822 0.29115081405639648 41.570911916097003 -32.562536875406906 -0.85457607905069988 -0.10952566464742025 12.399943730065242 27.051209719284721 1.7686516540726853 -5.3927217439673418 -32.955943155288701 32.381470259753137 26.802105290549147 -25.882520534374095 26.816418763478595 -17.295011901855471 -2.638719586972837 38.772464132308961 -4.9870054978794522 3.7277309366707074 -14.022342173258464 -51.607764425277708 -10.557681527504556 11.391996408945108 -13.842328901410852 3.7003405812254364
leaf_weight=308 46 28 179 25 22 25 24 21 24 498 193 23 1826 87 48 22 56 27 75 27 27 24 225 118 27 20 156 83 159 209
leaf_count=308 46 28 179 25 22 25 24 21 24 498 193 23 1826 87 48 22 56 27 75 27 27 24 225 118 27 20 156 83 159 209
internal_value=-1.88066e-08 -3.79087 -3.30957 3.37987 -5.20539 1.88074 -2.79801 -0.774399 20.3582 -2.63221 3.16307 2.36614 3.35579 -7.54982 -15.193 7.6241 2.44067 -1.43499 17.3316 3.10425 17.225 -4.60483 0.676663 9.65078 -19.4928 -30.0161 -7.07087 -11.1261 -5.18758 -2.3935
internal_weight=4632 1536 1508 333 1175 3096 666 594 48 546 2430 2237 2034 203 135 68 1909 525 125 50 83 1153 367 142 72 47 786 421 242 365
internal_count=4632 1536 1508 333 1175 3096 666 594 48 546 2430 2237 2034 203 135 68 1909 525 125 50 83 1153 367 142 72 47 786 421 242 365
is_linear=0
shrinkage=0.05


Tree=96
num_leaves=31
num_cat=0
split_feature=3 0 4 5 0 4 6 6 3 0 3 3 5 0 3 4 3 4 6 1 0 0 5 6 5 3 0 3 5 6
split_gain=1.21436e+07 5.9137e+06 7.35353e+06 8.46643e+06 6.95798e+06 8.20871e+06 7.01445e+06 5.96624e+06 5.91033e+06 6.70612e+06 8.17707e+06 6.896e+06 9.69342e+06 8.05158e+06 6.27504e+06 5.77268e+06 5.02994e+06 5.95365e+06 4.88828e+06 4.86467e+06 4.84745e+06 4.71391e+06 9.43704e+06 7.39777e+06 5.96837e+06 4.70709e+06 4.68868e+06 9.93465e+06 8.67858e+06 8.50454e+06
threshold=55929.250000000007 1.0000000180025095e-35 44663.000000000007 43464.600000000006 20.500000000000004 49032.150000000001 55278.887500000004 46442.36250000001 50040.950000000004 21.500000000000004 48483.150000000009 41328.750000000007 45842.250000000007 22.500000000000004 40550.250000000007 46751.80000000001 40272.100000000013 43229.05000000001 55069.652083333342 2.5000000000000004 7.5000000000000009 18.500000000000004 52765.450000000004 55622.42291666667 51601.05000000001 56513.400000000009 12.500000000000002 65550.550000000003 58891.950000000004 50820.885416666679
decision_type=2 2 2 2 2 2 2 2 2 2 2 2 2 2 2 2 2 2 2 2 2 2 2 2 2 2 2 2 2 2
left_child=1 2 16 -4 7 6 8 -3 9 -6 11 14 13 -13 -11 19 -1 -18 -5 -14 25 22 -22 26 -23 -2 27 28 29 -24
right_child=20 4 3 18 5 -7 -8 -9 -10 10 -12 12 15 -15 -16 -17 17 -19 -20 -21 21 24 23 -25 -26 -27 -28 -29 -30 -31
leaf_value=-14.294412199656168 4.1000342528025309 -16.005803198563424 -45.346554800180286 0.99368391597972205 5.6102707529967688 -30.027836216197297 8.5834038615226742 0.3821939317623958 -24.131315878163214 -9.7483827990870324 -36.378762390136721 26.604093832969667 -16.578491943532772 -1.8249055631232984 -39.42210733032227 -36.335845411391482 29.73672222137451 -3.1643749930641869 -29.688081250871932 10.700782346725465 38.556735057830814 9.135393047332764 2.8613130309365014 30.426749112055855 -25.865100097656253 -26.607064349834737 0.96317029784526342 27.814734152251603 3.1964730776525818 45.486167602539069
leaf_weight=48 24 57 26 34 106 34 84 2165 46 62 25 40 44 66 25 21 20 44 21 26 20 21 22 26 29 26 813 51 581 25
leaf_count=48 24 57 26 34 106 34 84 2165 46 62 25 40 44 66 25 21 20 44 21 26 20 21 22 26 29 26 813 51 581 25
internal_value=-3.87713e-09 -1.89361 -10.3591 -21.8355 -1.3103 -6.19219 -4.7052 -0.0382002 -7.12655 -5.24168 -8.96436 -6.55112 -1.37343 8.90302 -18.2753 -13.3438 -2.0592 7.11722 -10.7212 -6.44619 3.46121 3.94386 4.43504 3.98548 -11.1649 -11.8677 3.52471 6.59176 4.86824 25.5341
internal_weight=4632 2994 193 81 2801 579 545 2222 461 415 309 284 197 106 87 91 112 64 55 70 1638 1588 1538 1518 50 50 1492 679 628 47
internal_count=4632 2994 193 81 2801 579 545 2222 461 415 309 284 197 106 87 91 112 64 55 70 1638 1588 1538 1518 50 50 1492 679 628 47
is_linear=0
shrinkage=0.05


Tree=97
num_leaves=31
num_cat=0
split_feature=1 1 6 4 5 5 3 3 4 5 4 5 4 0 0 5 5 4 4 3 0 5 5 6 4 3 0 5 1 4
split_gain=1.10826e+07 7.60386e+06 1.18083e+07 7.96558e+06 1.06689e+07 9.92605e+06 1.08023e+07 8.4376e+06 7.60009e+06 1.62902e+07 8.79275e+06 7.28519e+06 7.65617e+06 6.96732e+06 9.57406e+06 1.53201e+07 1.07713e+07 9.23109e+06 8.02328e+06 7.79491e+06 6.89762e+06 1.52575e+07 9.80974e+06 7.25694e+06 1.07114e+07 7.75497e+06 1.13158e+07 1.34246e+07 9.42126e+06 7.8606e+06
threshold=4.5000000000000009 5.5000000000000009 46908.762500000012 43229.05000000001 45066.900000000009 42907.900000000009 40008.30000000001 40775.000000000007 54088.05000000001 53361.250000000007 46373.350000000006 40532.650000000001 39960.200000000004 18.500000000000004 2.5000000000000004 47204.80000000001 47924.750000000007 52826.80000000001 47667.450000000004 46605.55000000001 4.5000000000000009 51134.950000000004 51800.950000000004 48637.70416666667 46933.850000000006 49079.150000000009 5.5000000000000009 53475.80000000001 2.5000000000000004 47911.500000000007
decision_type=2 2 2 2 2 2 2 2 2 2 2 2 2 2 2 2 2 2 2 2 2 2 2 2 2 2 2 2 2 2
left_child=13 -2 3 5 -5 6 11 -8 9 10 -6 12 -3 14 16 19 18 -15 -1 -16 22 -22 -17 -23 -25 -26 28 -28 -27 -29
right_child=1 2 -4 4 8 -7 7 -9 -10 -11 -12 -13 -14 17 15 20 -18 -19 -20 -21 21 23 -24 24 25 26 27 29 -30 -31
leaf_value=0.17628761435096915 -7.7385841836347993 -2.377240716999975 12.008251118969609 24.360306046690262 -25.298300155516596 -45.443114614486696 34.888781414031989 -4.4209992514100191 11.170890466054281 -37.036039706280356 3.9364020732854379 -45.401278877258306 -38.252429218292235 -1.5109128094488575 56.529643645286562 -1.5236231608723487 -33.111312722365064 -26.554603395706568 -25.973331329226497 13.40020444393158 42.476623094998871 -24.636623718521815 -38.133514823913572 32.483024250377312 30.858146153963531 1.9228017055627071 36.732269908535862 -25.500118686841883 -35.858991819439517 3.9268327829758136
leaf_weight=352 648 58 154 42 31 20 20 43 75 38 151 20 20 651 20 215 30 39 32 22 26 22 20 33 26 33 31 23 33 1704
leaf_count=352 648 58 154 42 31 20 20 43 75 38 151 20 20 651 20 215 30 39 32 22 26 22 20 33 26 33 31 23 33 1704
internal_value=-2.52012e-09 -3.87405 -0.147535 -3.76142 0.78258 -12.2218 -8.09492 8.0583 -2.57425 -7.26009 -1.04314 -18.4791 -11.576 1.54401 2.72043 4.02872 -4.25708 -2.92643 -2.00285 33.938 3.44876 4.43307 -4.63936 3.91384 4.24741 3.74375 3.35725 4.12032 -16.9681 3.53493
internal_weight=4632 1320 672 518 337 181 161 63 295 220 182 98 78 3312 2622 2208 414 690 384 42 2166 1931 235 1905 1883 1850 1824 1758 66 1727
internal_count=4632 1320 672 518 337 181 161 63 295 220 182 98 78 3312 2622 2208 414 690 384 42 2166 1931 235 1905 1883 1850 1824 1758 66 1727
is_linear=0
shrinkage=0.05


Tree=98
num_leaves=31
num_cat=0
split_feature=4 4 5 0 4 4 6 6 6 6 6 1 4 0 6 4 3 3 6 5 4 3 5 5 6 6 1 4 4 4
split_gain=1.03966e+07 6.68591e+06 6.67292e+06 6.44489e+06 7.14199e+06 1.19057e+07 9.67396e+06 7.86618e+06 1.227e+07 6.31576e+06 6.02258e+06 5.77908e+06 1.04756e+07 1.26235e+07 8.92867e+06 9.41836e+06 1.05243e+07 8.40362e+06 7.47176e+06 8.38792e+06 1.18405e+07 8.08147e+06 7.35913e+06 1.02016e+07 7.00794e+06 1.02252e+07 7.27702e+06 6.95835e+06 8.43157e+06 1.07106e+07
threshold=47911.500000000007 47667.450000000004 47924.750000000007 20.500000000000004 48946.150000000001 49231.350000000006 54869.893750000003 54882.92500000001 52912.000000000007 55172.31458333334 46610.600000000013 1.5000000000000002 66123.550000000003 12.500000000000002 55284.964583333342 64095.200000000004 50205.150000000009 63778.500000000007 55360.531250000007 63733.100000000013 64095.200000000004 63337.450000000004 65729.400000000009 64821.950000000004 55243.025000000016 55206.879166666673 2.5000000000000004 50994.100000000013 52100.700000000004 52710.150000000009
decision_type=2 2 2 2 2 2 2 2 2 2 2 2 2 2 2 2 2 2 2 2 2 2 2 2 2 2 2 2 2 2
left_child=1 10 -3 4 7 6 -6 8 -2 -5 -1 18 14 17 22 16 -16 -14 19 20 27 -21 23 24 25 -13 -26 -7 -29 -30
right_child=3 2 -4 9 5 11 -8 -9 -10 -11 -12 12 13 -15 15 -17 -18 -19 -20 21 -22 -23 -24 -25 26 -27 -28 28 29 -31
leaf_value=-12.059626496222712 25.427625974794715 -36.365452880859372 -0.99353282153606415 -24.428096153425134 -47.741164987737484 22.28832324101375 -1.3641046606976053 28.131060894705218 -10.060634236335755 3.7565362984793524 -1.6440344469385264 -1.4529769798160002 12.355601070238198 -9.6485434417724605 33.066498374938966 27.732313020030659 0.87334800590487094 54.233978607177733 -15.547235718751566 -16.589011997646757 44.664360888799031 5.2584376778713491 19.553529567718506 -22.388612074851991 2.8424225044250488 24.482981970371345 -36.646334832055224 -13.694896696011226 36.709339141845703 5.8895838763169541
leaf_weight=155 41 30 24 46 22 78 23 53 60 35 1327 1485 23 25 28 48 272 25 39 63 24 129 40 60 20 39 28 48 31 311
leaf_count=155 41 30 24 46 22 78 23 53 60 35 1327 1485 23 25 28 48 272 25 39 63 24 129 40 60 20 39 28 48 31 311
internal_value=-5.28103e-08 -3.36308 -20.6446 1.6685 2.04242 1.47782 -24.0373 12.5314 4.34549 -12.2496 -2.73338 1.88556 0.554285 19.1618 -0.118166 7.16829 3.87804 34.1673 5.73944 6.95316 10.4121 -1.91026 -1.63472 -2.15404 -1.38173 -0.789261 -20.1927 8.65552 5.92896 8.68319
internal_weight=4632 1536 54 3096 3015 2861 45 154 101 81 1482 2816 2093 73 2020 348 300 48 723 684 492 192 1672 1632 1572 1524 48 468 390 342
internal_count=4632 1536 54 3096 3015 2861 45 154 101 81 1482 2816 2093 73 2020 348 300 48 723 684 492 192 1672 1632 1572 1524 48 468 390 342
is_linear=0
shrinkage=0.05


Tree=99
num_leaves=31
num_cat=0
split_feature=0 0 5 5 4 3 6 5 0 5 3 4 0 5 5 0 5 6 6 1 6 5 5 0 6 5 0 6 6 3
split_gain=9.46853e+06 1.3427e+07 1.98831e+07 8.53176e+06 8.07958e+06 1.02236e+07 8.40475e+06 1.88488e+07 8.23681e+06 1.37897e+07 1.3012e+07 1.14642e+07 9.84004e+06 9.98712e+06 8.50866e+06 7.77343e+06 1.27731e+07 6.91503e+06 6.87807e+06 9.5827e+06 9.25461e+06 9.2242e+06 9.07043e+06 1.30824e+07 1.29276e+07 1.44325e+07 1.04114e+07 8.30968e+06 8.15906e+06 7.513e+06
threshold=18.500000000000004 4.5000000000000009 44676.80000000001 51800.950000000004 52611.950000000004 54225.850000000006 47926.833333333343 43294.250000000007 19.500000000000004 52765.450000000004 52287.600000000006 51292.600000000006 20.500000000000004 48875.30000000001 48694.05000000001 20.500000000000004 41120.850000000006 54893.762500000004 54980.795833333344 1.5000000000000002 54916.745833333342 52576.450000000004 53949.400000000009 17.500000000000004 48858.889583333344 55624.950000000004 5.5000000000000009 54869.893750000003 54989.702083333344 64430.950000000004
decision_type=2 2 2 2 2 2 2 2 2 2 2 2 2 2 2 2 2 2 2 2 2 2 2 2 2 2 2 2 2 2
left_child=1 3 -3 -1 6 -6 7 15 9 11 12 -8 13 -10 -14 -2 -17 -15 19 22 29 -20 26 24 -24 -26 -4 -27 -23 -21
right_child=4 2 18 -5 5 -7 8 -9 10 -11 -12 -13 14 17 -16 16 -18 -19 21 20 -22 28 23 -25 25 27 -28 -29 -30 -31
leaf_value=-3.2190954053158523 13.279447866015966 44.146174207226984 9.4688834679754148 -36.219704895019532 -0.43484089715140206 -42.115864341489733 45.184011138810057 -42.993526702049451 44.555773635532546 -12.797554626464844 -22.060709640502932 4.0529577732086182 -0.19544006128833719 -14.553474489847819 -23.710715433608655 -3.4434170798251502 -39.083098600756742 23.020690185546876 29.775208225250243 -1.4456731549730379 -17.462081464501317 34.482103438999346 -32.506620061965215 -28.057772547403971 47.133818817138675 3.3796913353099458 54.037687568664552 24.755327523923388 4.2476285427450184 15.918646980054451
leaf_weight=945 45 29 38 20 28 31 36 39 23 35 75 32 365 24 43 133 31 25 40 1109 86 23 21 30 22 419 20 51 748 66
leaf_count=945 45 29 38 20 28 31 36 39 23 35 75 32 365 24 43 133 31 25 40 1109 86 23 21 30 22 419 20 51 748 66
internal_value=-5.03958e-08 1.15967 2.96779 -3.90305 -4.40675 -22.335 -3.23924 -11.0836 -0.282718 12.703 -2.69267 25.8282 0.333584 17.3752 -2.67377 -5.12907 -10.1802 4.61702 2.52103 0.847151 -1.62915 6.36415 6.04285 4.03533 5.91212 7.55194 24.8374 5.69918 5.14956 -0.470316
internal_weight=4632 3667 2702 965 965 59 906 248 658 103 555 68 480 72 408 209 164 49 2673 1862 1261 811 601 543 513 492 58 470 771 1175
internal_count=4632 3667 2702 965 965 59 906 248 658 103 555 68 480 72 408 209 164 49 2673 1862 1261 811 601 543 513 492 58 470 771 1175
is_linear=0
shrinkage=0.05


Tree=100
num_leaves=31
num_cat=0
split_feature=4 5 1 4 5 5 4 6 0 3 0 5 6 0 4 4 0 0 3 4 6 4 1 5 6 5 5 6 5 4
split_gain=8.59731e+06 6.56008e+06 5.96134e+06 1.04777e+07 8.09992e+06 5.68373e+06 9.82455e+06 6.31293e+06 5.86579e+06 8.11251e+06 5.53309e+06 9.15913e+06 9.98536e+06 7.4087e+06 1.10276e+07 1.57395e+07 1.0001e+07 7.72194e+06 9.42945e+06 7.91946e+06 9.33403e+06 7.45875e+06 6.75105e+06 7.20994e+06 1.26577e+07 6.70871e+06 6.48559e+06 8.05181e+06 9.41089e+06 7.62931e+06
threshold=47911.500000000007 56090.500000000007 1.0000000180025095e-35 46134.250000000007 50554.450000000004 47204.80000000001 38403.650000000001 48035.456250000003 19.500000000000004 48966.150000000009 15.500000000000002 61730.100000000013 54832.847916666673 10.500000000000002 48946.150000000001 49319.400000000001 3.5000000000000004 12.500000000000002 66588.200000000026 52710.150000000009 55374.687500000007 66123.550000000003 1.0000000180025095e-35 50881.250000000007 54422.481250000004 52045.650000000009 52342.900000000009 50288.73750000001 61305.350000000006 65712.550000000003
decision_type=2 2 2 2 2 2 2 2 2 2 2 2 2 2 2 2 2 2 2 2 2 2 2 2 2 2 2 2 2 2
left_child=1 2 3 5 -4 6 -1 -7 9 -9 13 12 22 14 16 -16 -2 21 19 -19 26 -15 -12 -24 25 -25 -21 -28 -29 -30
right_child=10 -3 4 -5 -6 7 -8 8 -10 -11 11 -13 -14 17 15 -17 -18 18 -20 20 -22 -23 23 24 -26 -27 27 28 29 -31
leaf_value=-7.9265896577101493 0.55652631926086715 -27.038321495056152 -3.7131206521785405 34.42278439331055 -34.340030815384601 -22.480212392807008 20.278192938628951 28.76980780632265 -12.307254834969839 -3.545196911004874 11.046025805570643 -34.508459345499681 4.4999923044007 8.8055295760732104 -33.165527106620168 -0.024884821826559121 31.420153251061073 25.939477734076675 -20.635131542857103 28.229917848110201 24.265113614400228 28.842446242438424 -2.3900745283578329 -20.641361816406253 -7.9246551811218273 -58.499318365617228 -12.370029110191144 22.400588744541384 1.864847817920088 -28.867876529693604
leaf_weight=52 53 28 1153 25 22 40 76 31 57 52 49 21 410 332 37 1130 52 39 41 20 45 54 207 25 125 22 113 53 246 22
leaf_count=52 53 28 1153 25 22 40 76 31 57 52 49 21 410 332 37 1130 52 39 41 20 45 54 207 25 125 22 113 53 246 22
internal_value=4.17593e-09 -3.05824 -2.61299 3.29226 -4.28656 0.765428 8.82 -4.96227 0.0428591 8.52426 1.51727 -1.8938 -1.07648 2.8271 0.320833 -1.07562 15.8414 6.13071 2.47876 4.24023 2.5443 11.6086 -6.41844 -8.67638 -16.2419 -38.3621 0.391356 -0.891527 3.14919 -0.657988
internal_weight=4632 1536 1508 333 1175 308 128 180 140 83 3096 859 838 2237 1272 1167 105 965 579 538 499 386 428 379 172 47 454 434 321 268
internal_count=4632 1536 1508 333 1175 308 128 180 140 83 3096 859 838 2237 1272 1167 105 965 579 538 499 386 428 379 172 47 454 434 321 268
is_linear=0
shrinkage=0.05


Tree=101
num_leaves=31
num_cat=0
split_feature=0 0 5 5 4 3 6 5 0 5 3 0 4 5 5 0 5 0 4 4 5 5 6 5 1 6 5 0 6 5
split_gain=8.17418e+06 1.13915e+07 1.80956e+07 7.75997e+06 7.3841e+06 9.30371e+06 7.43177e+06 1.70178e+07 7.34691e+06 1.24885e+07 1.17848e+07 1.21064e+07 1.04293e+07 8.6326e+06 7.41617e+06 7.00452e+06 1.15316e+07 6.31918e+06 8.47614e+06 7.37643e+06 1.05458e+07 7.16171e+06 5.9281e+06 8.4257e+06 8.23904e+06 8.58424e+06 8.01051e+06 1.16155e+07 1.16823e+07 1.25083e+07
threshold=18.500000000000004 4.5000000000000009 44676.80000000001 51800.950000000004 52611.950000000004 54225.850000000006 47926.833333333343 43294.250000000007 19.500000000000004 52765.450000000004 52045.650000000009 20.500000000000004 51292.600000000006 49264.55000000001 48694.05000000001 20.500000000000004 41120.850000000006 21.500000000000004 45321.900000000009 44147.900000000009 44900.05000000001 46459.400000000001 54980.795833333344 52576.450000000004 1.5000000000000002 54916.745833333342 53949.400000000009 17.500000000000004 48858.889583333344 55624.950000000004
decision_type=2 2 2 2 2 2 2 2 2 2 2 2 2 2 2 2 2 2 2 2 2 2 2 2 2 2 2 2 2 2
left_child=1 3 -3 -1 6 -6 7 15 9 12 11 -10 -8 -12 17 -2 -17 -13 19 20 -19 -22 24 -24 26 -26 -4 28 -28 -30
right_child=4 2 22 -5 5 -7 8 -9 10 -11 13 14 -14 -15 -16 16 -18 18 -20 -21 21 -23 23 -25 25 -27 27 -29 29 -31
leaf_value=-2.9334278457253067 12.777610432803632 42.026854399977061 23.242787837982178 -34.406044502258304 -0.34208752768380302 -40.103719582096225 43.018067746692239 -40.675155387780606 20.817661622166636 -12.201658853803362 -2.509188852554713 10.447763408422471 3.787428426742554 -34.64890410105388 -22.213327001970868 -3.0905638210755542 -36.953957932995216 -32.153294102350877 -13.068770330217149 20.385913004477821 23.587968620177239 -11.995506594731259 28.259412536621099 4.7237650599809013 -0.41732845889364789 -16.782108963367552 -31.059176454089936 -26.546567020416262 43.870032726634633 5.2962822735182788
leaf_weight=945 45 29 58 20 28 31 36 39 64 35 39 100 32 45 43 133 31 24 135 48 31 26 40 771 1175 86 21 30 22 470
leaf_count=945 45 29 58 20 28 31 36 39 64 35 39 100 32 45 43 133 31 24 135 48 31 26 40 771 1175 86 21 30 22 470
internal_value=5.39247e-08 1.0775 2.74293 -3.58571 -4.09449 -21.2338 -2.97835 -10.3547 -0.198223 12.0659 -2.47427 0.602629 24.5566 -19.7269 -2.57615 -4.69677 -9.49157 -0.256371 -4.31097 4.85418 -4.34982 7.35691 2.31673 5.88459 0.762735 -1.5334 5.58042 3.69384 5.46228 7.02112
internal_weight=4632 3667 2702 965 965 59 906 248 658 103 555 471 68 84 407 209 164 364 264 129 81 57 2673 811 1862 1261 601 543 513 492
internal_count=4632 3667 2702 965 965 59 906 248 658 103 555 471 68 84 407 209 164 364 264 129 81 57 2673 811 1862 1261 601 543 513 492
is_linear=0
shrinkage=0.05


Tree=102
num_leaves=31
num_cat=0
split_feature=6 1 0 0 5 4 3 5 3 6 6 3 6 5 4 4 4 0 5 4 4 3 4 4 0 6 5 6 1 3
split_gain=7.78319e+06 9.61179e+06 6.36862e+06 1.08828e+07 1.63966e+07 1.14814e+07 7.82383e+06 8.29028e+06 7.36877e+06 1.26381e+07 7.62757e+06 1.15438e+07 7.4679e+06 7.34822e+06 6.64634e+06 1.29299e+07 5.59729e+06 4.5595e+06 1.70785e+07 5.76478e+06 1.33904e+07 1.10665e+07 8.02598e+06 1.38001e+07 7.19692e+06 1.03334e+07 1.01071e+07 6.93662e+06 7.90582e+06 8.12762e+06
threshold=54865.877083333333 1.0000000180025095e-35 3.5000000000000004 14.500000000000002 42039.500000000007 62933.350000000013 42912.250000000007 45622.700000000004 44907.400000000009 54590.160416666673 54422.481250000004 41109.30000000001 54689.802083333336 40532.650000000001 50994.100000000013 44881.350000000013 61354.350000000013 10.500000000000002 52765.450000000004 51071.650000000009 49513.900000000001 46157.450000000004 56697.100000000013 57951.05000000001 8.5000000000000018 52468.264583333337 53674.250000000007 52232.993750000001 2.5000000000000004 60252.250000000007
decision_type=2 2 2 2 2 2 2 2 2 2 2 2 2 2 2 2 2 2 2 2 2 2 2 2 2 2 2 2 2 2
left_child=1 -1 8 4 -4 16 14 -8 10 -10 11 13 -12 -3 15 -6 -5 19 -19 20 21 -9 24 -24 25 -21 -26 -25 -29 -30
right_child=-2 2 3 5 6 -7 7 17 9 -11 12 -13 -14 -15 -16 -17 -18 18 -20 22 -22 -23 23 27 26 -27 -28 28 29 -31
leaf_value=3.7319991414009794 2.5919893596308801 0.084192147136719769 46.321516269445425 -6.1237851908708683 -3.9605498631795251 -42.707767450241818 31.48228645324707 20.017116064071658 -55.415572711399626 -11.594726587910401 22.450950359162832 -42.900621604919436 -8.3566119052268366 -26.533586692810061 8.3978783380417603 -55.114976428803949 14.595244553509881 50.248196258544922 2.7460474587573627 -48.575601724783581 31.712165734706783 -23.045544732583537 32.03394246697426 -16.32154083812938 22.108326930999755 -12.110959712079927 -21.424251699447634 -14.491935345183974 22.139986543650512 -8.973826145846397
leaf_weight=648 1782 121 20 790 30 21 23 25 21 76 42 24 37 33 21 21 34 20 351 24 39 37 32 68 30 102 24 43 61 32
leaf_count=648 1782 121 20 790 30 21 23 25 21 76 42 24 37 33 21 21 34 20 351 24 39 37 32 68 30 102 24 43 61 32
internal_value=-2.83817e-08 -1.62068 -3.19585 -2.01896 1.50286 -6.19931 0.590988 1.84502 -9.3396 -21.0817 -4.90775 -10.6463 8.02209 -5.61962 -15.276 -25.0241 -5.26887 1.07739 5.30681 -1.95764 8.7576 -5.68157 -4.55918 1.50612 -12.5115 -19.0566 2.76051 -3.28256 3.23694 11.4342
internal_weight=4632 2850 2202 1848 1003 845 983 911 354 97 257 178 79 154 72 51 824 888 371 517 101 62 416 236 180 126 54 204 136 93
internal_count=4632 2850 2202 1848 1003 845 983 911 354 97 257 178 79 154 72 51 824 888 371 517 101 62 416 236 180 126 54 204 136 93
is_linear=0
shrinkage=0.05


Tree=103
num_leaves=31
num_cat=0
split_feature=0 0 5 1 0 4 4 3 5 6 6 5 6 6 3 3 1 6 6 1 4 4 5 0 5 5 5 3 6 6
split_gain=7.09081e+06 9.89897e+06 8.38114e+06 7.22637e+06 1.11745e+07 1.10636e+07 6.64523e+06 8.46638e+06 6.58004e+06 6.54873e+06 8.73777e+06 1.00581e+07 6.29321e+06 1.79002e+07 8.36309e+06 9.93708e+06 8.11994e+06 8.44359e+06 8.71221e+06 8.05954e+06 7.60346e+06 7.24289e+06 7.17843e+06 1.24453e+07 1.33425e+07 7.08178e+06 9.88786e+06 9.568e+06 7.01646e+06 6.82754e+06
threshold=18.500000000000004 2.5000000000000004 47924.750000000007 2.5000000000000004 1.5000000000000002 47477.05000000001 52611.950000000004 54225.850000000006 45732.250000000007 55298.952083333344 55360.531250000007 45534.700000000004 54710.014583333344 54732.156250000007 47683.350000000006 49358.100000000006 1.0000000180025095e-35 47836.529166666667 46986.80000000001 1.5000000000000002 48946.150000000001 47762.700000000004 51134.950000000004 5.5000000000000009 53475.80000000001 53167.950000000004 53877.600000000013 54865.900000000009 55179.381250000006 46376.16041666668
decision_type=2 2 2 2 2 2 2 2 2 2 2 2 2 2 2 2 2 2 2 2 2 2 2 2 2 2 2 2 2 2
left_child=1 2 3 4 8 -5 9 -8 -1 -2 -11 -12 16 -14 19 20 -3 18 25 -15 -16 -19 -17 -24 -25 29 -27 -28 -21 -18
right_child=6 12 -4 5 -6 -7 7 -9 -10 10 11 -13 13 14 15 22 17 21 -20 28 -22 -23 23 24 -26 26 27 -29 -30 -31
leaf_value=-10.651637000865765 -4.4315870608630759 5.7947393077824803 -30.729894352753959 -5.5634389059694662 20.925941301137211 -38.465412943703789 -0.14330500194004603 -38.0734987566548 10.628187488626551 35.782998458198882 -28.243870005282492 10.090527775999789 40.964169334642818 -10.007105634326027 10.970834281444551 26.696567662556966 -21.978996805711226 -32.322140016655133 19.278396103117203 36.88739799410105 -25.210458676320201 -4.4121120446428392 -20.171515808105468 43.667606935046969 3.4369968025800555 -36.610757050690829 -14.267434129714966 20.835866966247561 6.6615543626248837 7.0892189969900645
leaf_weight=111 784 448 30 292 64 28 28 31 54 23 22 77 33 21 20 33 22 24 72 48 53 739 55 21 1108 27 55 30 32 247
leaf_count=111 784 448 30 292 64 28 28 31 54 23 22 77 33 21 20 33 22 24 72 48 53 739 55 21 1108 27 55 30 32 247
internal_value=-2.374e-08 1.00356 -4.99586 -3.58963 3.19149 -8.44236 -3.81351 -20.0727 -3.68733 -2.75469 8.02143 1.57177 2.12845 4.56844 3.70499 2.62018 0.0403735 -2.07966 3.32764 17.5606 -15.2978 -5.29002 3.69496 3.05387 4.18531 0.313322 -10.2511 -1.87803 24.7971 4.71189
internal_weight=4632 3667 579 549 229 320 965 59 165 906 122 99 3088 1424 1391 1290 1664 1216 453 101 73 763 1217 1184 1129 381 112 85 80 269
internal_count=4632 3667 579 549 229 320 965 59 165 906 122 99 3088 1424 1391 1290 1664 1216 453 101 73 763 1217 1184 1129 381 112 85 80 269
is_linear=0
shrinkage=0.05


Tree=104
num_leaves=31
num_cat=0
split_feature=4 4 5 0 4 4 5 4 1 6 5 5 5 3 1 0 5 0 6 0 5 1 4 0 3 4 4 1 4 0
split_gain=6.74687e+06 2.1327e+07 1.93718e+07 9.04883e+06 1.11904e+07 1.02749e+07 1.05356e+07 8.47425e+06 8.0074e+06 7.35301e+06 6.1818e+06 1.51732e+07 9.89366e+06 7.93406e+06 7.55295e+06 6.24624e+06 6.14873e+06 5.7809e+06 6.42105e+06 6.73045e+06 7.2593e+06 6.11838e+06 1.02265e+07 8.80478e+06 6.15175e+06 8.87418e+06 7.73712e+06 1.351e+07 1.05816e+07 5.75699e+06
threshold=61354.350000000013 61870.850000000006 62539.700000000004 14.500000000000002 63107.200000000004 62410.400000000009 62284.650000000001 60588.650000000001 3.5000000000000004 55122.872916666682 64899.100000000013 64707.450000000004 65729.400000000009 65131.30000000001 1.5000000000000002 11.500000000000002 60746.600000000013 22.500000000000004 55605.431250000009 2.5000000000000004 47924.750000000007 2.5000000000000004 47477.05000000001 1.5000000000000002 45795.400000000001 44663.000000000007 45585.250000000007 4.5000000000000009 44881.350000000013 16.500000000000004
decision_type=2 2 2 2 2 2 2 2 2 2 2 2 2 2 2 2 2 2 2 2 2 2 2 2 2 2 2 2 2 2
left_child=7 2 9 5 -5 6 -3 17 16 -2 11 -7 13 -12 -14 -16 -9 18 19 20 21 23 24 -1 26 -26 28 -28 -23 -21
right_child=1 3 -4 4 -6 10 -8 8 -10 -11 12 -13 14 -15 15 -17 -18 -19 -20 29 -22 22 -24 -25 25 -27 27 -29 -30 -31
leaf_value=-3.765841040524041 30.979927678108215 6.2699258746522846 -5.8516230614980067 -1.2534584795842407 -38.551586354573573 5.961580095337383 -31.895844316482545 16.133285110473633 -30.55536060333252 68.11062721252442 -23.670975938943716 45.949951126098632 -17.468816225869315 11.679945945739746 -5.8343324388776514 26.965774081615692 -15.96543039309012 -8.9540766315139031 18.099044379157327 2.5715516921121577 -29.193399861653649 -2.6725644021198671 -37.8479391945733 18.225415556771416 6.7182164573669443 -34.429093330784852 34.338153053732483 -11.696782061258952 -39.177617479407274 -2.0533369854145254
leaf_weight=164 40 33 30 61 30 464 40 25 46 20 65 25 21 21 21 47 37 193 48 1659 30 145 27 63 20 38 34 30 23 1132
leaf_count=164 40 33 30 61 30 464 40 25 46 20 65 25 21 21 21 47 37 193 48 1659 30 145 27 63 20 38 34 30 23 1132
internal_value=-1.31685e-08 3.83828 26.954 1.3257 -13.5495 3.1624 -14.6428 -0.948718 -14.7494 43.3568 5.1199 8.00598 -2.94462 -15.0388 8.74186 16.8363 -3.0224 -0.535386 -0.0593222 -0.318342 -5.24921 -3.92876 -8.41593 2.33746 -5.67571 -20.2404 -2.03454 12.7593 -7.67028 0.695746
internal_weight=4632 918 90 828 91 737 73 3714 108 60 664 489 175 86 89 68 62 3606 3413 3365 574 544 317 227 290 58 232 64 168 2791
internal_count=4632 918 90 828 91 737 73 3714 108 60 664 489 175 86 89 68 62 3606 3413 3365 574 544 317 227 290 58 232 64 168 2791
is_linear=0
shrinkage=0.05


Tree=105
num_leaves=31
num_cat=0
split_feature=6 1 0 5 0 5 4 3 6 4 5 3 3 4 4 5 0 5 0 5 6 3 1 4 0 6 4 4 5 6
split_gain=6.47682e+06 7.81449e+06 5.2723e+06 1.47931e+07 1.01144e+07 1.60927e+07 9.49895e+06 5.39582e+06 2.10354e+07 9.72018e+06 8.63281e+06 6.44129e+06 5.15946e+06 5.77987e+06 9.35048e+06 6.11607e+06 4.91909e+06 5.51614e+06 4.88853e+06 8.77332e+06 5.63954e+06 5.33455e+06 4.85027e+06 4.83935e+06 4.17359e+06 7.10007e+06 5.52648e+06 6.14348e+06 5.76838e+06 5.18719e+06
threshold=54865.877083333333 1.0000000180025095e-35 4.5000000000000009 49863.650000000009 14.500000000000002 44676.80000000001 62933.350000000013 40775.000000000007 54422.481250000004 45499.700000000004 45066.900000000009 44907.400000000009 44336.55000000001 51071.650000000009 47614.750000000007 50040.950000000004 3.5000000000000004 40532.650000000001 10.500000000000002 53253.900000000009 46736.439583333333 54865.900000000009 5.5000000000000009 61354.350000000013 12.500000000000002 46958.750000000007 64607.350000000006 65712.550000000003 63298.700000000004 50820.885416666679
decision_type=2 2 2 2 2 2 2 2 2 2 2 2 2 2 2 2 2 2 2 2 2 2 2 2 2 2 2 2 2 2
left_child=1 -1 3 7 5 -4 23 16 -9 10 -10 -11 22 14 -14 -16 17 -3 20 21 -15 -20 -7 -6 26 -26 29 28 -28 -21
right_child=-2 2 4 -5 6 12 -8 8 9 11 -12 -13 13 18 15 -17 -18 -19 19 24 -22 -23 -24 -25 25 -27 27 -29 -30 -31
leaf_value=3.3479334253955773 2.3644774501405315 1.2321179219146274 40.001536998042354 -49.793579030036931 -5.5627592086244988 -32.475187405672941 -38.82142740885417 -38.006577475287699 -0.11551510737492487 23.468169967333477 -41.265963714599614 -2.261611408074697 -13.996024551391603 -21.480803165680324 10.077758761814664 44.102514648437506 17.087009884970531 -20.576722223694262 44.929928817749023 6.8096671781232274 -1.4667030268428729 8.4109216308593755 0.72623229460282768 13.702476815616386 -26.829894365583147 0.92753594691936803 2.3780068488348101 12.381568861007691 -35.142129020690923 31.348001144871571
leaf_weight=648 1782 134 27 20 790 22 21 55 26 36 25 75 20 39 28 25 35 37 20 62 361 20 22 34 28 130 21 36 20 33
leaf_count=648 1782 134 27 20 790 22 21 55 26 36 25 75 20 39 28 25 35 37 20 62 361 20 22 34 28 130 21 36 20 33
internal_value=1.6003e-08 -1.47842 -2.89871 -7.77391 -1.6709 1.97465 -5.61414 -5.78716 -11.2893 -2.21864 -20.2873 6.08318 0.817121 1.68833 15.1345 26.1272 0.00878847 -3.48675 0.413564 4.55588 -3.41808 26.6704 -15.8745 -4.76783 1.87533 -3.9915 7.26462 -2.69049 -15.9245 15.3335
internal_weight=4632 2850 2202 443 1759 914 845 423 217 162 51 111 887 843 73 53 206 171 770 370 400 40 44 824 330 158 172 77 41 95
internal_count=4632 2850 2202 443 1759 914 845 423 217 162 51 111 887 843 73 53 206 171 770 370 400 40 44 824 330 158 172 77 41 95
is_linear=0
shrinkage=0.05


Tree=106
num_leaves=31
num_cat=0
split_feature=6 1 4 5 4 4 0 0 4 0 5 3 5 5 5 4 1 6 4 4 4 0 4 5 3 3 6 0 4 5
split_gain=5.93483e+06 7.25496e+06 5.59144e+06 1.45269e+07 5.48357e+06 5.92148e+06 8.3441e+06 8.28776e+06 1.03195e+07 1.67983e+07 7.5316e+06 7.36392e+06 5.9422e+06 9.20214e+06 6.27869e+06 1.30486e+07 5.31449e+06 1.0205e+07 7.8608e+06 5.95607e+06 8.46831e+06 5.57405e+06 5.31169e+06 5.22628e+06 4.9286e+06 7.25616e+06 6.63987e+06 6.38571e+06 4.73389e+06 1.22572e+07
threshold=54792.64375000001 1.0000000180025095e-35 61354.350000000013 60095.400000000001 61782.200000000004 63179.500000000007 11.500000000000002 12.500000000000002 64511.950000000004 13.500000000000002 64899.100000000013 61611.05000000001 64707.450000000004 63994.850000000006 62728.950000000004 62595.900000000001 5.5000000000000009 46986.80000000001 52400.750000000007 45585.250000000007 45989.350000000006 21.500000000000004 60588.650000000001 63453.700000000004 60877.200000000004 58589.200000000004 54989.702083333344 9.5000000000000018 54797.200000000004 56090.500000000007
decision_type=2 2 2 2 2 2 2 2 2 2 2 2 2 2 2 2 2 2 2 2 2 2 2 2 2 2 2 2 2 2
left_child=1 -1 22 -4 -5 12 11 10 9 -9 -8 23 13 14 15 -6 19 -18 -19 -3 -21 -22 24 -7 25 28 -26 -27 29 -2
right_child=2 16 3 4 5 6 7 8 -10 -11 -12 -13 -14 -15 -16 -17 17 18 -20 20 21 -23 -24 -25 26 27 -28 -29 -30 -31
leaf_value=3.0951970517168959 -1.0100756047065347 -15.141037555003729 47.147795795259022 22.782965958424104 24.090852254979751 -3.6215486145019535 45.42634291648865 51.05486704752996 -8.1015602573515881 -2.683565763993697 12.503605973093133 -9.7476094711800023 -24.756900049845381 27.852763748168947 -21.366011165437243 -23.493907295227054 -2.0720837515862907 6.5045439561208092 36.993942629057784 23.927945151152436 -3.7104243401855541 -21.65120872285631 -14.809407909566708 31.326389267133631 32.573531225749427 -36.549949368563567 3.1631263404596051 -5.9606558228793896 8.1002743741251404 35.927658097640332
leaf_weight=639 955 127 21 39 34 20 32 26 63 33 38 98 30 24 42 25 565 78 29 27 1142 45 55 23 28 22 61 76 212 23
leaf_count=639 955 127 21 39 34 20 32 26 63 33 38 98 30 24 42 25 565 78 29 27 1142 45 55 23 28 22 61 76 212 23
internal_value=1.71667e-09 -1.54645 2.0713 6.36648 4.74141 3.29957 7.05724 13.8398 5.97107 20.9978 27.554 -2.17865 -4.77337 0.0226812 -6.59041 3.92782 -3.01988 0.609303 14.768 -4.83853 -3.76075 -4.39057 0.427623 15.0715 1.03622 0.249894 12.4158 -12.8276 1.32687 -0.141397
internal_weight=4632 2652 1980 548 527 488 333 192 122 59 70 141 155 125 101 59 2013 672 107 1341 1214 1187 1432 43 1377 1288 89 98 1190 978
internal_count=4632 2652 1980 548 527 488 333 192 122 59 70 141 155 125 101 59 2013 672 107 1341 1214 1187 1432 43 1377 1288 89 98 1190 978
is_linear=0
shrinkage=0.05


Tree=107
num_leaves=31
num_cat=0
split_feature=0 6 0 5 1 4 0 5 3 4 4 1 4 4 4 4 4 1 4 4 0 4 5 4 4 0 5 5 3 3
split_gain=5.4379e+06 6.06448e+06 6.49526e+06 6.49665e+06 5.19969e+06 9.37052e+06 7.89617e+06 5.64093e+06 5.59079e+06 8.02358e+06 6.46474e+06 1.19372e+07 9.44702e+06 5.14107e+06 8.79896e+06 5.61505e+06 5.06462e+06 6.36091e+06 1.48311e+07 8.42988e+06 5.01535e+06 1.4072e+07 8.007e+06 1.12617e+07 1.78485e+07 6.87122e+06 1.3088e+07 7.8704e+06 1.15475e+07 8.49019e+06
threshold=22.500000000000004 55605.431250000009 2.5000000000000004 47924.750000000007 2.5000000000000004 47477.05000000001 1.5000000000000002 45732.250000000007 45795.400000000001 44663.000000000007 45585.250000000007 4.5000000000000009 44881.350000000013 39066.30000000001 40182.150000000009 40714.400000000009 43574.600000000013 3.5000000000000004 45499.700000000004 45687.750000000007 14.500000000000002 63107.200000000004 62985.750000000007 61354.350000000013 62077.350000000013 10.500000000000002 52765.450000000004 48263.650000000001 44336.55000000001 44907.400000000009
decision_type=2 2 2 2 2 2 2 2 2 2 2 2 2 2 2 2 2 2 2 2 2 2 2 2 2 2 2 2 2 2
left_child=1 2 3 4 6 8 7 -1 10 -10 12 -12 -6 -4 -15 -16 -2 18 -18 -19 25 22 23 -22 -25 27 -27 28 -17 -30
right_child=16 -3 13 -5 5 -7 -8 -9 9 -11 11 -13 -14 14 15 20 17 19 -20 -21 21 -23 -24 24 -26 26 -28 -29 29 -31
leaf_value=-9.9954633448038024 -18.833422225629782 14.957672122291157 -15.386619997024537 -27.485332393646242 -2.0563574886322025 -35.894638029292778 17.237876843649243 9.8320264744308759 6.6511208343505857 -32.474514844307777 32.179695903553686 -11.092657750447593 -36.548807426120923 21.707819007424746 -23.831174926783731 -1.0884873413821547 29.542060919065733 -34.692264556884766 -15.226250689738507 7.5463628133138023 -1.151942219303359 -35.237544326782228 -26.631272822412953 43.415128085742133 -6.0364326503541736 46.213167381286624 5.2213191496647475 -1.3764933206910008 47.953996295020694 13.259673503745686
leaf_weight=111 71 70 48 30 145 27 63 53 20 38 34 30 23 51 23 164 37 27 37 21 1306 30 29 37 36 20 738 1182 21 110
leaf_count=111 71 70 48 30 145 27 63 53 20 38 34 30 23 51 23 164 37 27 37 21 1306 30 29 37 36 20 738 1182 21 110
internal_value=3.06979e-08 0.357221 0.123293 -4.8338 -3.58464 -7.72123 2.19201 -3.5878 -5.09818 -18.9829 -1.627 11.8958 -6.77854 0.873062 1.08135 0.796734 -8.21609 -2.03715 7.15791 -16.2129 0.950952 -1.35245 -0.630465 -0.0836754 19.0281 2.43296 6.3029 0.4469 7.75283 18.8214
internal_weight=4632 4439 4369 574 544 317 227 164 290 58 232 64 168 3795 3747 3696 193 122 74 48 3673 1438 1408 1379 73 2235 758 1477 295 131
internal_count=4632 4439 4369 574 544 317 227 164 290 58 232 64 168 3795 3747 3696 193 122 74 48 3673 1438 1408 1379 73 2235 758 1477 295 131
is_linear=0
shrinkage=0.05


Tree=108
num_leaves=31
num_cat=0
split_feature=6 1 1 6 4 0 4 6 5 4 4 6 0 3 3 3 6 4 6 4 3 3 5 4 6 3 6 5 4 3
split_gain=5.40227e+06 8.29627e+06 6.62151e+06 9.20872e+06 6.99582e+06 5.77152e+06 5.24368e+06 1.45717e+07 8.5109e+06 7.47183e+06 5.11596e+06 4.36901e+06 7.94961e+06 7.75493e+06 1.10907e+07 2.10063e+07 1.10188e+07 6.93363e+06 8.91923e+06 7.05554e+06 7.46429e+06 6.78304e+06 6.29925e+06 5.92437e+06 4.74996e+06 4.6645e+06 4.2672e+06 8.02706e+06 7.11011e+06 6.08736e+06
threshold=54710.014583333344 1.0000000180025095e-35 5.5000000000000009 46986.80000000001 52400.750000000007 1.0000000180025095e-35 59921.05000000001 54736.472916666673 59773.350000000013 61426.900000000009 59475.250000000007 55402.781250000007 15.500000000000002 59402.80000000001 61611.05000000001 62117.05000000001 55185.527083333342 61689.80000000001 54775.229166666672 65712.550000000003 63778.500000000007 63037.850000000013 64707.450000000004 65293.600000000006 55526.104166666679 66588.200000000026 47175.958333333336 41341.700000000004 47762.700000000004 41328.750000000007
decision_type=2 2 2 2 2 2 2 2 2 2 2 2 2 2 2 2 2 2 2 2 2 2 2 2 2 2 2 2 2 2
left_child=1 -1 5 -4 -5 -3 10 -8 9 -9 -2 12 13 -10 16 -16 -15 -17 -19 23 -21 -13 24 25 -23 -20 29 -28 -29 -7
right_child=6 2 3 4 -6 26 7 8 11 -11 -12 21 -14 14 15 17 -18 18 19 20 -22 22 -24 -25 -26 -27 27 28 -30 -31
leaf_value=3.2842031449503248 0.55091060826508453 -27.757502141492122 -2.0059960253892748 6.1953932737692812 34.958449475518584 -30.170247991461505 47.338352813720704 8.9967113087816948 -18.053970663282609 45.116946601867681 -18.034928904081646 30.040777688867905 -28.901219610734422 33.847933927572001 -44.111370016098022 27.164173473630633 -5.8919859666090746 -27.468776563644411 4.4379594862461094 -6.2073431301116946 31.050895900261111 6.1553597959978834 24.658660589919791 -25.529398618425645 -25.068826620919367 -19.739474261890759 9.604511615794193 -17.738680762377651 -4.2028805725602778 3.3732971009753996
leaf_weight=633 1444 29 565 78 29 38 20 41 45 22 38 34 22 53 25 28 26 25 214 20 41 29 23 21 21 22 93 110 822 21
leaf_count=633 1444 29 565 78 29 38 20 41 45 22 38 34 22 53 25 28 26 25 214 20 41 29 23 21 21 22 93 110 822 21
internal_value=-4.32277e-09 -1.63393 -3.37801 0.541143 13.991 -5.7443 1.78449 5.24681 4.06446 21.6101 0.0743506 2.36126 0.538494 1.78402 3.66341 0.250936 20.769 3.24031 1.28734 3.54804 18.8351 11.5944 3.00287 -0.0803987 -6.9588 2.18413 -5.15538 -4.40273 -5.80045 -18.231
internal_weight=4632 2418 1785 672 107 1113 2214 732 712 63 1482 649 542 520 475 396 79 371 343 318 61 107 73 257 50 236 1084 1025 932 59
internal_count=4632 2418 1785 672 107 1113 2214 732 712 63 1482 649 542 520 475 396 79 371 343 318 61 107 73 257 50 236 1084 1025 932 59
is_linear=0
shrinkage=0.05


Tree=109
num_leaves=31
num_cat=0
split_feature=1 3 4 1 6 4 4 6 4 5 4 5 0 6 5 6 5 4 5 5 4 5 4 4 5 5 5 4 5 6
split_gain=5.01907e+06 7.06814e+06 6.36223e+06 6.15932e+06 8.87912e+06 6.52968e+06 1.01578e+07 6.01531e+06 5.92513e+06 1.74611e+07 7.87601e+06 1.18572e+07 5.55077e+06 5.1548e+06 6.3445e+06 5.0768e+06 5.83118e+06 6.45694e+06 6.78149e+06 4.66829e+06 6.55132e+06 1.12027e+07 8.99454e+06 5.52474e+06 1.12082e+07 1.08481e+07 1.06624e+07 1.03998e+07 5.22193e+06 5.21075e+06
threshold=4.5000000000000009 56886.000000000007 65293.600000000006 5.5000000000000009 46736.439583333333 52233.000000000007 54608.05000000001 46958.750000000007 54393.80000000001 53167.950000000004 41718.400000000001 37902.500000000007 12.500000000000002 46486.364583333336 39752.250000000007 46776.491666666676 43779.700000000004 46062.600000000006 47681.500000000007 55983.750000000007 61354.350000000013 52280.450000000004 62245.400000000001 57044.950000000004 49264.55000000001 45454.250000000007 46625.05000000001 53316.150000000001 47780.500000000007 49741.968750000007
decision_type=2 2 2 2 2 2 2 2 2 2 2 2 2 2 2 2 2 2 2 2 2 2 2 2 2 2 2 2 2 2
left_child=-1 2 3 19 8 15 7 -7 9 10 11 -5 -10 -13 -15 -6 -17 -18 -19 20 21 23 -22 25 -25 27 -27 -2 -28 -24
right_child=1 -3 -4 4 5 6 -8 -9 12 -11 -12 13 -14 14 -16 16 17 18 -20 -21 22 -23 29 24 -26 26 28 -29 -30 -31
leaf_value=1.0390569599057382 -7.1913269724418871 -30.710672707991165 21.886775214583785 16.6828337097168 24.650209244092309 16.748291151864191 -9.0066698710123703 51.257983531122626 24.112565961480144 -40.398996118818019 3.7430619225864525 -41.575768981933599 -8.5129359158602629 0.49050137996673587 -32.761752289992117 8.5405613839047643 -28.798734236615047 24.177589302062991 -10.584514226304725 -28.882396507263184 32.507487161954245 -42.064301331146908 -23.74664531889416 30.437375631003547 -8.2266918146385333 -52.424609924316407 6.5612727891831177 28.569167050448328 -25.730867586597324 4.6510003335135321
leaf_weight=3312 268 22 27 25 24 28 21 23 32 35 171 25 22 32 26 103 28 20 47 22 24 23 21 29 53 25 21 22 31 70
leaf_count=3312 268 22 27 25 24 28 21 23 32 35 171 25 22 32 26 103 28 20 47 22 24 23 21 29 53 25 21 22 31 70
internal_value=2.34191e-08 -2.60709 -2.13076 -2.64096 0.697473 7.176 20.2604 32.3115 -4.47831 -7.10934 -2.93322 -13.504 10.8207 -22.5964 -14.4157 2.93242 0.299964 -8.63458 -0.207767 -6.26994 -5.42245 -8.02976 5.27887 -6.28635 5.44719 -8.90801 -25.5907 -4.47846 -12.6898 -1.9023
internal_weight=4632 1320 1298 1271 662 294 72 51 368 314 279 108 54 83 58 222 198 95 67 609 587 472 115 449 82 367 77 290 52 91
internal_count=4632 1320 1298 1271 662 294 72 51 368 314 279 108 54 83 58 222 198 95 67 609 587 472 115 449 82 367 77 290 52 91
is_linear=0
shrinkage=0.05


Tree=110
num_leaves=31
num_cat=0
split_feature=6 0 4 5 4 4 0 5 1 5 5 5 1 6 6 1 4 0 5 3 4 4 1 4 6 4 4 3 3 6
split_gain=4.67123e+06 4.88305e+06 8.77742e+06 5.89822e+06 5.60177e+06 6.0115e+06 5.12275e+06 7.95676e+06 5.18043e+06 6.16061e+06 1.03078e+07 8.08608e+06 1.31643e+07 4.82254e+06 8.00708e+06 4.55764e+06 8.44084e+06 7.11392e+06 5.08981e+06 5.07049e+06 7.1572e+06 5.8769e+06 1.06933e+07 8.46029e+06 4.90169e+06 6.85263e+06 6.41595e+06 5.31026e+06 4.58295e+06 4.51447e+06
threshold=55605.431250000009 2.5000000000000004 39066.30000000001 47924.750000000007 40182.150000000009 40714.400000000009 15.500000000000002 61730.100000000013 1.5000000000000002 60346.100000000006 57889.350000000006 56090.500000000007 3.5000000000000004 55252.14166666667 54869.893750000003 2.5000000000000004 47477.05000000001 1.5000000000000002 45732.250000000007 45795.400000000001 44663.000000000007 45585.250000000007 4.5000000000000009 44881.350000000013 46932.912499999999 39315.400000000001 42537.850000000006 44523.80000000001 38423.55000000001 54714.554166666676
decision_type=2 2 2 2 2 2 2 2 2 2 2 2 2 2 2 2 2 2 2 2 2 2 2 2 2 2 2 2 2 2
left_child=1 3 -3 15 -4 -6 -7 8 -8 10 11 -10 -13 14 -12 17 19 18 -1 21 -21 23 -23 24 25 28 -26 -28 -17 -20
right_child=-2 2 4 -5 5 6 7 -9 9 -11 13 12 -14 -15 -16 16 -18 -19 29 20 -22 22 -24 -25 26 -27 27 -29 -30 -31
leaf_value=-9.4840112548690652 12.726304423893003 -15.472503471374512 15.6782563670989 -26.0929348564148 -22.554873401778085 2.0847175372165103 3.750910152149201 -32.267951029822939 -3.5855476022628419 21.358054992675783 -29.300631516979589 -1.3552190769009476 47.326125081380212 -40.648277228811516 10.686317934308734 -15.468002388694069 -33.931716399087954 16.369799156037587 -3.9252110316835598 6.2847902870178229 -30.668135058252439 30.694221078648287 -10.261624437967937 -34.481572491189709 29.619470301541419 -32.43914987373352 -14.073545673915319 18.223302068710328 17.187453560602098 25.390914248178404
leaf_weight=111 71 85 62 30 28 2424 375 21 830 25 31 41 21 23 21 22 27 63 29 20 38 34 30 23 22 25 35 20 21 24
leaf_count=111 71 85 62 30 28 2424 375 21 830 25 31 41 21 23 21 22 27 63 29 20 38 34 30 23 22 25 35 20 21 24
internal_value=-5.89773e-09 -0.198107 0.422645 -4.50985 0.7689 0.528176 0.697727 -1.72451 -1.2553 -3.14777 -3.78132 -2.28444 15.1336 -21.5842 -13.1521 -3.31961 -7.19239 2.08865 -3.39741 -4.70287 -17.9257 -1.39715 11.4962 -6.30889 -1.84012 -11.6226 6.79896 -2.32924 0.480011 9.35002
internal_weight=4632 4561 3987 574 3902 3840 3812 1388 1367 992 967 892 62 75 52 544 317 227 164 290 58 232 64 168 145 68 77 55 43 53
internal_count=4632 4561 3987 574 3902 3840 3812 1388 1367 992 967 892 62 75 52 544 317 227 164 290 58 232 64 168 145 68 77 55 43 53
is_linear=0
shrinkage=0.05


Tree=111
num_leaves=31
num_cat=0
split_feature=6 1 1 6 6 6 4 5 5 5 5 4 4 5 6 4 5 4 5 6 5 5 4 0 6 6 3 6 4 6
split_gain=4.46489e+06 6.98114e+06 5.69639e+06 7.45684e+06 5.69709e+06 7.40949e+06 5.26822e+06 1.01242e+07 9.74942e+06 5.17805e+06 6.47198e+06 9.65748e+06 5.18481e+06 1.03635e+07 8.42412e+06 7.90006e+06 7.25174e+06 6.70751e+06 6.23064e+06 9.41055e+06 9.5208e+06 5.21892e+06 1.66171e+07 6.77702e+06 7.20435e+06 5.12141e+06 6.93225e+06 6.91349e+06 4.52437e+06 1.32477e+07
threshold=54710.014583333344 1.0000000180025095e-35 5.5000000000000009 46645.493750000016 46675.404166666682 46725.51666666667 54393.80000000001 50652.80000000001 47003.200000000004 37663.700000000004 39349.850000000013 46589.400000000001 50509.950000000004 48962.05000000001 54102.57916666667 50994.100000000013 41825.500000000007 44881.350000000013 43779.700000000004 48390.962500000016 46021.650000000009 51937.400000000001 60846.700000000004 14.500000000000002 54422.481250000004 48986.137500000004 47187.400000000001 52687.495833333342 59921.05000000001 54736.472916666673
decision_type=2 2 2 2 2 2 2 2 2 2 2 2 2 2 2 2 2 2 2 2 2 2 2 2 2 2 2 2 2 2
left_child=1 -1 9 6 -5 -6 7 8 -4 -3 11 -11 13 14 16 -14 -12 -16 -17 20 -20 22 25 -23 -25 -21 27 -27 -2 -30
right_child=28 2 3 4 5 -7 -8 -9 -10 10 12 -13 15 -15 17 18 -18 -19 19 21 -22 23 -24 24 -26 26 -28 -29 29 -31
leaf_value=3.0260867594354339 0.033780527985359417 -26.509662628173828 -9.5914643645286564 23.779230542977654 -14.17563188340929 5.8564083498931909 10.967237354241886 -30.450181904706092 19.18361678252349 -4.8206030076549906 -9.2730916300127593 39.744110260009769 25.444377882584284 -39.657947612630913 -24.738994216918947 19.714439861591046 -37.486605147520706 3.4892120232259423 -4.8373226331627892 14.284942755017964 -50.84579666311091 -2.9487276001838643 41.384690521240238 -35.40275668766764 -8.7157803872052355 22.785348295282436 -20.964269821598847 -9.9595946693420423 44.972172698974617 3.7110387587229194
leaf_weight=633 1482 28 144 36 54 318 39 44 37 31 62 20 23 29 25 26 36 133 23 35 22 354 25 36 85 27 53 40 20 712
leaf_count=633 1482 28 144 36 54 318 39 44 37 31 62 20 23 29 25 26 36 133 23 35 22 354 25 36 85 27 53 40 20 712
internal_value=-1.78335e-08 -1.48543 -3.08531 0.549767 4.78653 2.94853 -5.99797 -8.9386 -3.70927 -5.28007 -4.73221 12.6558 -5.58984 -11.3296 -8.12054 -3.40581 -19.6372 -0.977276 -4.3198 -5.2125 -27.3304 -3.69296 3.55725 -6.4404 -16.6557 -2.54395 -7.45238 3.23613 1.6223 4.83839
internal_weight=4632 2418 1785 672 408 372 264 225 181 1113 1085 51 1034 285 256 749 98 158 726 700 45 655 180 475 121 155 120 67 2214 732
internal_count=4632 2418 1785 672 408 372 264 225 181 1113 1085 51 1034 285 256 749 98 158 726 700 45 655 180 475 121 155 120 67 2214 732
is_linear=0
shrinkage=0.05


Tree=112
num_leaves=31
num_cat=0
split_feature=0 6 0 3 3 5 6 3 3 4 4 4 4 6 3 1 5 0 5 6 4 4 3 5 3 3 4 6 4 3
split_gain=4.22601e+06 4.95018e+06 5.00262e+06 5.74977e+06 5.87185e+06 5.75465e+06 6.56902e+06 5.5109e+06 4.73078e+06 6.25579e+06 4.23231e+06 7.29239e+06 4.62848e+06 3.714e+06 9.01152e+06 6.51262e+06 5.66688e+06 1.00553e+07 1.5112e+07 1.39047e+07 7.08126e+06 6.89238e+06 6.1913e+06 5.70738e+06 1.01404e+07 1.08752e+07 7.46879e+06 9.33081e+06 5.97146e+06 6.15484e+06
threshold=22.500000000000004 55605.431250000009 2.5000000000000004 46454.350000000013 46157.450000000004 44520.700000000004 55015.710416666669 45795.400000000001 47368.250000000007 44147.900000000009 39066.30000000001 40182.150000000009 40714.400000000009 54693.639583333344 45841.400000000009 1.0000000180025095e-35 41825.500000000007 4.5000000000000009 48962.05000000001 54196.150000000009 43846.900000000009 44881.350000000013 40272.100000000013 55983.750000000007 56886.000000000007 55929.250000000007 65880.60000000002 54422.481250000004 64095.200000000004 59813.450000000004
decision_type=2 2 2 2 2 2 2 2 2 2 2 2 2 2 2 2 2 2 2 2 2 2 2 2 2 2 2 2 2 2
left_child=1 2 3 4 7 -5 -7 -1 9 -2 -4 -12 -13 15 -15 -14 -17 18 19 22 -19 -22 -18 24 25 -23 27 -25 29 -29
right_child=8 -3 10 5 -6 6 -8 -9 -10 -11 11 12 13 14 -16 16 17 20 -20 -21 21 23 -24 26 -26 -27 -28 28 -30 -31
leaf_value=-1.7718647590840533 -15.976835085740731 13.505983945982798 -13.99122338294983 2.1745515721184865 23.069886843724685 -9.06337839323899 -43.334894122017758 -21.879670014252536 -27.082370288555438 3.7670231409072876 19.72832400004069 -21.668455820498259 4.281844188035751 25.657723733855462 1.9382840962661541 7.4279221326784981 -4.7068208312988284 -25.107231684458075 -55.803191410411493 26.682128353118898 23.834372212336618 -0.3175056304093451 -44.049243435859687 -18.911103932575514 -29.748426355634418 28.971763229370119 -37.737852630615237 10.139616166844087 19.477608966827393 -11.474288677912888
leaf_weight=431 67 70 48 28 22 29 27 37 26 100 51 23 490 41 1716 133 20 33 22 20 26 800 20 93 28 33 20 51 34 93
leaf_count=431 67 70 48 28 22 29 27 37 26 100 51 23 490 41 1716 133 20 33 22 20 26 800 20 93 28 33 20 51 34 93
internal_value=3.38876e-08 0.31491 0.103563 -4.24682 -2.17487 -16.3332 -25.5871 -3.36158 -7.24294 -4.15417 0.761567 0.950553 0.691445 0.83146 2.49178 -0.691079 -2.39987 -3.41077 -20.3555 -7.35798 -2.2634 -1.62346 -24.378 -2.19803 -0.152024 0.842814 -8.25168 -6.07558 0.63062 -3.81936
internal_weight=4632 4439 4369 574 490 84 56 468 193 167 3795 3747 3696 3673 1757 1916 1426 1293 82 60 1211 1178 40 1152 861 833 291 271 178 144
internal_count=4632 4439 4369 574 490 84 56 468 193 167 3795 3747 3696 3673 1757 1916 1426 1293 82 60 1211 1178 40 1152 861 833 291 271 178 144
is_linear=0
shrinkage=0.05


Tree=113
num_leaves=31
num_cat=0
split_feature=0 3 6 4 6 6 5 3 4 6 6 0 3 3 5 4 0 5 3 3 4 3 6 5 4 3 4 4 4 5
split_gain=4.0667e+06 8.99285e+06 7.05415e+06 1.03593e+07 5.64606e+06 5.21733e+06 5.90355e+06 8.04382e+06 5.89866e+06 1.01207e+07 6.37699e+06 6.29337e+06 7.04978e+06 9.23248e+06 5.58404e+06 5.28375e+06 5.15413e+06 1.77899e+07 9.27769e+06 6.96185e+06 1.28343e+07 5.95577e+06 7.36543e+06 5.59682e+06 5.49255e+06 5.22306e+06 4.80389e+06 4.04091e+06 4.02923e+06 8.31844e+06
threshold=19.500000000000004 52287.600000000006 55202.758333333339 48181.600000000013 46376.16041666668 55146.743750000001 50328.900000000009 50639.80000000001 45989.350000000006 54980.795833333344 54962.758333333346 22.500000000000004 42912.250000000007 46509.200000000004 46395.350000000013 44950.80000000001 3.5000000000000004 43102.30000000001 42912.250000000007 45359.500000000007 51574.80000000001 46454.350000000013 55416.437500000007 48778.80000000001 46653.450000000004 46157.450000000004 49995.950000000004 46589.400000000001 48758.650000000009 46869.450000000004
decision_type=2 2 2 2 2 2 2 2 2 2 2 2 2 2 2 2 2 2 2 2 2 2 2 2 2 2 2 2 2 2
left_child=4 5 3 -3 -1 6 7 8 10 -10 11 12 -2 -14 -15 -13 21 24 26 20 27 22 23 25 -18 28 -19 -20 29 -6
right_child=1 2 -4 -5 16 -7 -8 -9 9 -11 -12 15 13 14 -16 -17 17 18 19 -21 -22 -23 -24 -25 -26 -27 -28 -29 -30 -31
leaf_value=-18.265463393773789 16.519001157166528 -32.48028569428817 -40.209527531376594 14.016437582015991 -3.5710609107925779 6.7891222033146263 -29.787100631850109 17.4640187242296 -7.2914171658064193 -42.879841779625934 20.295512973900998 -18.956621493568903 -23.49760216329156 27.939113601048788 -2.7849464950561522 8.2743971783181891 51.318815540132078 -30.676927387013155 19.839086804389954 1.298991196094166 -7.9558128324048276 -11.563489010872381 22.384801135460535 -24.572122007149918 16.938510205195502 21.496594377517702 0.20532529830932617 51.623174896240236 -19.381074357801868 14.306123208380365
leaf_weight=39 61 23 27 25 420 148 21 45 152 23 33 79 41 21 50 23 21 34 20 2884 29 155 33 26 26 25 20 20 31 77
leaf_count=39 61 23 27 25 420 148 21 45 152 23 33 79 41 21 50 23 21 34 20 2884 29 155 33 26 26 25 20 20 31 77
internal_value=1.54397e-08 -3.31277 -19.7639 -8.26324 0.662555 -1.54257 -3.78863 -2.7546 -4.63832 -11.9688 -0.473307 -2.96557 2.84238 -4.6065 6.30245 -12.8163 0.855748 1.77603 1.29894 1.67451 17.37 -2.80859 -0.591257 -1.90077 32.2999 -0.834851 -19.2391 35.7311 -1.89221 -0.801356
internal_weight=4632 772 75 48 3860 697 549 528 483 175 308 275 173 112 71 102 3821 3054 3007 2953 69 767 612 579 47 553 54 40 528 497
internal_count=4632 772 75 48 3860 697 549 528 483 175 308 275 173 112 71 102 3821 3054 3007 2953 69 767 612 579 47 553 54 40 528 497
is_linear=0
shrinkage=0.05


Tree=114
num_leaves=31
num_cat=0
split_feature=6 6 0 5 6 6 0 0 1 1 5 5 4 4 6 0 5 6 4 3 0 6 6 5 6 3 5 4 6 3
split_gain=3.80827e+06 4.79045e+06 5.08729e+06 6.2143e+06 4.85941e+06 5.60375e+06 8.87437e+06 7.53902e+06 5.2074e+06 5.18171e+06 6.69067e+06 8.05122e+06 7.28257e+06 1.68815e+07 6.57065e+06 6.34745e+06 1.48463e+07 1.12405e+07 1.26252e+07 7.09817e+06 5.74571e+06 5.05794e+06 4.7138e+06 7.39099e+06 1.70912e+07 4.8157e+06 6.87854e+06 1.27656e+07 6.37918e+06 5.3319e+06
threshold=54792.64375000001 54780.452083333344 22.500000000000004 38402.400000000001 54710.014583333344 54741.866666666676 13.500000000000002 16.500000000000004 1.0000000180025095e-35 5.5000000000000009 37663.700000000004 40532.650000000001 46933.850000000006 45782.750000000007 47027.693750000006 4.5000000000000009 48962.05000000001 54422.481250000004 46134.250000000007 40775.000000000007 15.500000000000002 54732.156250000007 47281.389583333337 45454.250000000007 48390.962500000016 45534.700000000004 51937.400000000001 60846.700000000004 49521.720833333347 47187.400000000001
decision_type=2 2 2 2 2 2 2 2 2 2 2 2 2 2 2 2 2 2 2 2 2 2 2 2 2 2 2 2 2 2
left_child=1 2 4 -4 8 7 -7 21 -1 10 -10 12 13 -12 -11 16 17 19 -19 -13 -16 -6 -17 -24 -25 -26 27 29 -28 -27
right_child=-2 -3 3 -5 5 6 -8 -9 9 14 11 15 -14 -15 20 22 -18 18 -20 -21 -22 -23 23 24 25 26 28 -29 -30 -31
leaf_value=2.7067670960653398 1.6592181057339968 -19.353806222809688 7.512441762288411 -21.090768343210222 40.339388918876651 -14.044022294824774 15.376834473013879 -6.6055815323539413 -32.686183747791112 -1.0615832799266443 25.239367576599122 -7.4445383938876066 27.275204096613706 -35.57065461476644 23.035418555611059 -26.58812030445446 -52.925038389726119 -23.676477428844997 18.258031459331516 -46.763774172465013 -3.9981593767801922 9.5997229949287739 10.809602436738857 -45.398594917297366 -23.622196432522365 19.821290328995936 -29.631863447336048 39.090646789550789 -4.1705264651801448 -4.0118502141983532
leaf_weight=630 1980 36 27 64 32 55 48 23 21 557 25 22 37 21 57 22 22 28 50 24 30 23 85 25 28 29 26 25 457 123
leaf_count=630 1980 36 27 64 32 55 48 23 21 557 25 22 37 21 57 22 22 28 50 24 30 23 85 25 28 29 26 25 457 123
internal_value=-4.45806e-08 -1.23878 -0.989494 -12.6041 -0.570908 7.32261 -0.333332 17.4324 -1.18043 -2.60922 -4.74203 -4.18261 10.7612 -2.52173 0.934429 -5.46661 -15.0719 -8.35605 3.20462 -27.9589 13.7135 27.4846 -3.75639 -3.12695 -4.78839 -3.31272 -2.45111 5.98094 -5.54112 0.535262
internal_weight=4632 2652 2616 91 2525 181 103 78 2344 1714 1070 1049 83 46 644 966 146 124 78 46 87 55 820 798 713 688 660 177 483 152
internal_count=4632 2652 2616 91 2525 181 103 78 2344 1714 1070 1049 83 46 644 966 146 124 78 46 87 55 820 798 713 688 660 177 483 152
is_linear=0
shrinkage=0.05


Tree=115
num_leaves=31
num_cat=0
split_feature=0 4 5 3 4 0 4 3 6 6 6 5 5 6 6 0 4 4 6 5 5 6 0 4 5 6 6 5 4 1
split_gain=3.67174e+06 4.76515e+06 5.88138e+06 5.16485e+06 4.80697e+06 4.46855e+06 6.52595e+06 7.9906e+06 4.88671e+06 4.67396e+06 7.98208e+06 8.95742e+06 5.26899e+06 4.36584e+06 4.35544e+06 4.15879e+06 8.80446e+06 8.51028e+06 6.11333e+06 2.00337e+07 1.55955e+07 5.13948e+06 5.83697e+06 7.69729e+06 8.62705e+06 9.48241e+06 6.84181e+06 5.75934e+06 4.85743e+06 6.13645e+06
threshold=1.0000000180025095e-35 44663.000000000007 43464.600000000006 40272.100000000013 43229.05000000001 18.500000000000004 52611.950000000004 54225.850000000006 46376.16041666668 55298.952083333344 55360.531250000007 45534.700000000004 52765.450000000004 55069.652083333342 55622.42291666667 20.500000000000004 43403.450000000004 45989.350000000006 47926.833333333343 49071.600000000013 43294.250000000007 54966.387500000004 22.500000000000004 38593.400000000009 41120.850000000006 54275.32916666667 54558.752083333347 45937.950000000004 50091.500000000007 2.5000000000000004
decision_type=2 2 2 2 2 2 2 2 2 2 2 2 2 2 2 2 2 2 2 2 2 2 2 2 2 2 2 2 2 2
left_child=1 3 -3 -1 -5 8 9 -8 -2 12 -11 -12 15 -4 -10 16 -7 21 20 -20 -18 22 23 -17 -25 -26 -27 -23 -21 -30
right_child=5 2 13 4 -6 6 7 -9 14 10 11 -13 -14 -15 -16 17 18 -19 19 28 -22 27 -24 24 25 26 -28 -29 29 -31
leaf_value=-12.468148316939672 -17.73303879008574 -35.585404058603139 4.3449368589064656 29.553556003570556 -0.0098335742950439453 -15.567541475857006 0.53227774756295343 -36.316721836213148 1.1230964351462969 33.970659793978157 -26.864745120568713 9.3114125610365495 -22.637978906342479 -24.650948115757533 17.718803166151048 -22.717592803291652 19.903836993513437 -12.922175006673795 44.917361336785397 12.402460833958218 -31.950500014732626 32.715579382578532 -11.718516048730589 28.246125196799255 -27.576292328212574 34.08391971588135 -1.4474275816054574 -0.94752149935121899 -30.520133743286138 5.0035459272323122
leaf_weight=48 34 26 34 20 44 51 28 31 3400 23 22 77 33 21 40 23 29 198 37 56 29 24 102 39 23 20 42 27 20 31
leaf_count=48 34 26 34 20 44 51 28 31 3400 23 22 77 33 21 40 23 29 198 37 56 29 24 102 39 23 20 42 27 20 31
internal_value=3.73774e-08 -6.75127 -15.9897 -0.0699346 9.22873 0.293534 -2.71644 -18.8291 1.12964 -1.66716 7.43672 1.27227 -3.08383 -6.72622 1.31607 -2.2246 2.99561 -4.87663 7.68235 13.2027 -6.02333 0.433427 -2.52836 3.84848 8.77605 -0.157274 10.0143 14.8939 2.23594 -8.92731
internal_weight=4632 193 81 112 64 4439 965 59 3474 906 122 99 784 55 3440 751 253 498 202 144 58 300 249 147 124 85 62 51 107 51
internal_count=4632 193 81 112 64 4439 965 59 3474 906 122 99 784 55 3440 751 253 498 202 144 58 300 249 147 124 85 62 51 107 51
is_linear=0
shrinkage=0.05


Tree=116
num_leaves=31
num_cat=0
split_feature=4 4 5 4 0 5 6 1 0 5 5 5 3 1 0 5 3 6 6 5 0 3 5 5 4 6 5 0 5 3
split_gain=3.43698e+06 1.71381e+07 1.36455e+07 7.36044e+06 6.98165e+06 6.95682e+06 9.19826e+06 6.64751e+06 5.94079e+06 5.79591e+06 1.15645e+07 7.44099e+06 6.74107e+06 5.94028e+06 5.53533e+06 5.51399e+06 5.43315e+06 5.21812e+06 6.98192e+06 4.75115e+06 4.42614e+06 3.50756e+06 6.45374e+06 1.50886e+07 8.93293e+06 8.0077e+06 6.98096e+06 9.35336e+06 1.02195e+07 5.12347e+06
threshold=61354.350000000013 61782.200000000004 62539.700000000004 60588.650000000001 15.500000000000002 52342.900000000009 50288.73750000001 3.5000000000000004 9.5000000000000018 64899.100000000013 65729.400000000009 64707.450000000004 65131.30000000001 1.5000000000000002 11.500000000000002 60746.600000000013 54772.750000000007 55051.416666666672 54860.179166666676 53877.600000000013 12.500000000000002 65550.550000000003 64629.900000000001 61035.450000000004 52100.700000000004 50392.897916666676 61890.80000000001 14.500000000000002 63298.700000000004 62956.500000000007
decision_type=2 2 2 2 2 2 2 2 2 2 2 2 2 2 2 2 2 2 2 2 2 2 2 2 2 2 2 2 2 2
left_child=3 2 8 21 5 -3 16 15 -2 11 12 -8 17 -12 -15 -5 -7 18 -11 -9 -16 22 23 29 -25 -26 -27 28 -28 -1
right_child=1 4 -4 7 -6 6 9 19 -10 10 13 -13 -14 14 20 -17 -18 -19 -20 -21 -22 -23 -24 24 25 26 27 -29 -30 -31
leaf_value=-0.83245420925681268 21.378388710021973 30.617628383636475 -3.6879048843383795 15.286001537322997 -27.051663303375246 -1.3860408510480609 3.3716586800756065 -11.156742126291448 57.332137567025647 -32.651761232573413 -15.50079744587774 30.270685556199819 5.6093278221462093 -6.7716483074685803 35.098874654173855 -15.110814465703193 -35.295827074404116 -46.452629271007723 5.2041547230311807 -43.325289456049603 5.1695341382707873 -16.772110867500306 -17.803511829002229 -16.540421331496468 44.773615233103442 29.602674391004776 -6.3770794296264652 -20.528409355163575 32.892868949271538 20.645889830589297
leaf_weight=3313 20 20 25 25 22 21 538 22 27 29 23 27 23 23 30 37 27 21 21 24 21 32 51 21 24 45 30 25 37 28
leaf_count=3313 20 20 25 25 22 21 538 22 27 29 23 27 23 23 30 37 27 21 21 24 21 32 51 21 24 45 30 25 37 28
internal_value=2.87755e-08 2.73952 26.1575 -0.677134 0.746499 1.48868 0.764083 -13.5389 42.0327 2.11166 -5.41803 4.6571 -17.916 6.6934 13.5916 -2.85403 -20.4603 -25.5369 -16.7523 -27.9403 22.775 -0.291922 -0.144366 0.111273 14.1311 18.1317 13.4645 5.5708 15.3093 -0.65245
internal_weight=4632 918 72 3714 846 824 804 108 47 756 191 565 94 97 74 62 48 71 50 46 51 3606 3574 3523 182 161 137 92 67 3341
internal_count=4632 918 72 3714 846 824 804 108 47 756 191 565 94 97 74 62 48 71 50 46 51 3606 3574 3523 182 161 137 92 67 3341
is_linear=0
shrinkage=0.05


Tree=117
num_leaves=31
num_cat=0
split_feature=0 4 4 6 3 4 4 0 3 3 5 4 4 5 5 5 1 6 5 3 5 3 4 5 0 5 3 6 3 1
split_gain=3.33708e+06 4.73235e+06 7.88897e+06 9.86408e+06 7.84179e+06 5.17249e+06 9.4193e+06 3.52614e+06 6.35149e+06 6.29358e+06 1.02006e+07 6.06412e+06 5.64173e+06 5.15901e+06 8.77135e+06 4.75931e+06 4.05648e+06 9.88748e+06 9.46635e+06 6.5192e+06 5.89369e+06 7.63838e+06 5.66953e+06 8.67009e+06 4.53005e+06 1.23342e+07 6.26518e+06 4.43966e+06 4.38408e+06 7.14488e+06
threshold=1.5000000000000002 39066.30000000001 37666.500000000007 48035.456250000003 40550.250000000007 40182.150000000009 40714.400000000009 21.500000000000004 48875.30000000001 41328.750000000007 43464.600000000006 45321.900000000009 44147.900000000009 40532.650000000001 39752.250000000007 45255.950000000004 4.5000000000000009 52687.495833333342 44676.80000000001 56886.000000000007 55983.750000000007 55929.250000000007 53214.850000000006 43294.250000000007 2.5000000000000004 47204.80000000001 46858.200000000004 47098.847916666673 46672.350000000006 2.5000000000000004
decision_type=2 2 2 2 2 2 2 2 2 2 2 2 2 2 2 2 2 2 2 2 2 2 2 2 2 2 2 2 2 2
left_child=-1 2 -2 4 -4 -3 -7 13 9 -9 -11 12 -12 14 -8 -13 18 19 -15 20 21 -18 23 -19 28 26 -26 -22 29 -20
right_child=1 5 3 -5 -6 6 7 8 -10 10 11 15 -14 16 -16 -17 17 22 24 -21 27 -23 -24 -25 25 -27 -28 -29 -30 -31
leaf_value=-4.4510790157503415 8.6813428511986359 13.694145362854005 -9.4006973457336436 3.9509027875702958 -50.708265629521122 -26.161530404379874 3.2083610066500579 -18.388157700519173 -27.285176944732669 32.191287144025168 -7.2681262612342836 6.3278509819146365 20.45852375474087 34.462222320383248 40.563982460715557 -16.198710951393036 0.53719334527165719 -11.86593977212906 10.889961013793945 -27.227199277010829 0.029017526132089123 27.127769007001604 -2.7433371041272139 -53.212098839169464 45.128377189636232 1.2877578943776473 13.126558130704439 -27.501462531089786 -29.964106016159061 -19.813893757926095
leaf_weight=386 39 75 20 29 27 33 55 49 28 24 32 33 43 22 22 81 762 32 40 22 27 28 37 21 20 2492 65 32 20 36
leaf_count=386 39 75 20 29 27 33 55 49 28 24 32 33 43 22 22 81 762 32 40 22 27 28 37 21 20 2492 65 32 20 36
internal_value=1.0109e-08 0.404644 -9.5999 -18.9811 -33.1306 0.683153 0.442565 0.660794 -4.65019 -2.23118 1.48568 -2.41344 8.62849 1.07338 13.8814 -9.67786 0.803627 -1.98544 1.79817 -0.355158 0.341173 1.47964 -17.763 -28.2484 1.52933 1.92661 20.6564 -14.9028 -9.13525 -3.65397
internal_weight=4632 4246 115 76 47 4131 4056 4023 290 262 213 189 75 3733 77 114 3656 961 2695 871 849 790 90 53 2673 2577 85 59 96 76
internal_count=4632 4246 115 76 47 4131 4056 4023 290 262 213 189 75 3733 77 114 3656 961 2695 871 849 790 90 53 2673 2577 85 59 96 76
is_linear=0
shrinkage=0.05


Tree=118
num_leaves=31
num_cat=0
split_feature=0 3 5 3 6 6 5 6 0 0 3 5 3 4 4 6 6 4 6 4 5 5 5 3 4 3 5 6 0 5
split_gain=3.26453e+06 8.91988e+06 7.267e+06 6.71282e+06 5.21992e+06 4.57817e+06 4.56354e+06 4.54984e+06 4.58105e+06 8.10785e+06 7.97719e+06 6.34423e+06 8.1256e+06 6.18791e+06 5.73696e+06 9.73016e+06 8.82024e+06 1.35633e+07 8.30833e+06 7.40675e+06 1.06727e+07 9.22018e+06 6.69576e+06 7.58586e+06 6.56373e+06 6.89816e+06 6.46382e+06 1.67726e+07 1.1082e+07 6.46018e+06
threshold=19.500000000000004 52045.650000000009 49264.55000000001 51597.000000000007 54994.568750000013 55146.743750000001 47780.500000000007 46376.16041666668 10.500000000000002 12.500000000000002 66588.200000000026 44336.55000000001 47187.400000000001 66123.550000000003 52710.150000000009 55122.872916666682 54927.568750000006 52400.750000000007 54832.847916666673 55014.350000000013 54246.250000000007 55234.600000000013 64245.150000000001 64304.000000000007 53543.200000000004 56170.850000000006 53584.950000000004 54028.947916666679 17.500000000000004 55757.450000000004
decision_type=2 2 2 2 2 2 2 2 2 2 2 2 2 2 2 2 2 2 2 2 2 2 2 2 2 2 2 2 2 2
left_child=7 3 -3 5 -4 -2 -7 -1 -9 13 11 -11 -13 -10 15 16 17 26 22 21 -21 -20 23 24 -16 29 27 -14 -28 -26
right_child=1 2 4 -5 -6 6 -8 8 9 10 -12 12 14 -15 18 -17 -18 -19 19 20 -22 -23 -24 -25 25 -27 28 -29 -30 -31
leaf_value=-16.397831256573017 -4.1793998226438251 -2.5522344980484402 -51.079756298065185 24.343860618591307 -16.809044647216798 0.85598023006549251 21.95704174041748 -0.79278021989811531 6.5269575061867151 28.155257173018022 -20.867670566279713 -27.149899475097659 2.5335391471970756 24.792800686094495 16.822170872842111 39.592378338900481 -26.106732631865004 44.250949992304271 -28.564073046515972 40.080244744342309 4.9693815022625785 14.220011701583864 -22.544909763336182 15.253937182706947 2.3803139773407422 -14.631176252250212 7.5842825202380908 46.676485612657338 -25.081730908439273 -27.634307069778444
leaf_weight=39 525 39 20 25 25 104 34 2109 328 22 41 25 106 54 31 22 21 23 34 23 367 20 48 51 173 166 68 27 42 20
leaf_count=39 525 39 20 25 25 104 34 2109 328 22 41 25 106 54 31 22 21 23 34 23 367 20 48 51 173 166 68 27 42 20
internal_value=-9.725e-09 -2.96812 -18.3495 -1.09016 -32.0405 -2.04921 6.05479 0.593623 0.767051 2.68859 0.844527 1.53514 1.07291 9.10904 1.641 7.5459 5.08937 7.55222 -0.314635 4.63701 7.04002 -12.7181 -4.8106 -2.88034 -5.25174 -7.15785 4.07868 11.4949 -4.8882 -0.730009
internal_weight=4632 772 84 688 45 663 138 3860 3821 1712 1330 1289 1267 382 1242 309 287 266 933 444 390 54 489 441 390 359 243 133 110 193
internal_count=4632 772 84 688 45 663 138 3860 3821 1712 1330 1289 1267 382 1242 309 287 266 933 444 390 54 489 441 390 359 243 133 110 193
is_linear=0
shrinkage=0.05


Tree=119
num_leaves=31
num_cat=0
split_feature=6 1 0 4 4 6 5 4 4 0 4 5 4 4 0 5 5 1 4 6 6 5 3 5 5 4 4 6 0 3
split_gain=3.11731e+06 3.87947e+06 3.22891e+06 4.0218e+06 7.13944e+06 8.90926e+06 7.20911e+06 4.88346e+06 8.26034e+06 3.2587e+06 1.17106e+07 7.1511e+06 8.94683e+06 1.46812e+07 6.23096e+06 1.17153e+07 6.7283e+06 6.25055e+06 6.75917e+06 6.72743e+06 1.17444e+07 7.02795e+06 5.70611e+06 9.56913e+06 7.54136e+06 5.6766e+06 7.19196e+06 6.41386e+06 5.60193e+06 5.82544e+06
threshold=55605.431250000009 2.5000000000000004 1.5000000000000002 39066.30000000001 37666.500000000007 48035.456250000003 40807.700000000004 40182.150000000009 40714.400000000009 14.500000000000002 63107.200000000004 62985.750000000007 61354.350000000013 62077.350000000013 10.500000000000002 52765.450000000004 48263.650000000001 2.5000000000000004 55448.850000000013 46758.218750000007 46486.364583333336 40807.700000000004 64021.850000000013 61035.450000000004 61730.100000000013 59176.450000000004 59625.900000000009 54723.14166666667 12.500000000000002 66588.200000000026
decision_type=2 2 2 2 2 2 2 2 2 2 2 2 2 2 2 2 2 2 2 2 2 2 2 2 2 2 2 2 2 2
left_child=2 -2 -1 4 -4 6 -6 -5 -9 14 11 12 22 -14 16 -16 17 -10 19 20 -19 -21 23 25 -25 -11 -27 -28 -17 -30
right_child=1 -3 3 7 5 -7 -8 8 9 10 -12 -13 13 -15 15 28 -18 18 -20 21 -22 -23 -24 24 -26 26 27 -29 29 -31
leaf_value=-4.5557630108790983 26.250141761779787 1.7800028749134231 8.411238978459286 13.142250272115072 -12.981794105052948 3.889570479557432 -52.22626143368808 -24.647724876981794 16.292063808441164 -0.45443600306201487 -32.230831934611004 -25.285396063738858 38.975412493783075 -5.8743595613373651 43.141981048583986 8.6220150649666163 -2.0345893876886048 -11.694046186364217 29.392906552269348 13.539404306606372 34.849434869939635 -7.5788674562131595 -21.961865234375001 45.165408039093023 2.2649272737048922 -38.994608688354496 -21.516127107423898 8.3765333495642018 1.9555874007922065 -19.790168375127458
leaf_weight=383 25 46 39 75 25 29 22 33 99 1279 30 29 37 36 20 377 1194 23 21 49 33 201 32 20 21 21 34 38 327 34
leaf_count=383 25 46 39 75 25 29 22 33 99 1279 30 29 37 36 20 377 1194 23 21 49 33 201 32 20 21 21 34 38 327 34
internal_value=-1.9386e-08 10.3962 -0.161836 0.240958 -8.97988 -17.9043 -31.3515 0.501947 0.264228 0.47209 -1.29033 -0.690318 -0.220451 16.8577 1.64086 5.38252 -0.109869 5.28477 1.95229 0.069107 15.7334 -3.43969 -1.08322 -0.610388 23.192 -1.32168 -13.2487 -5.73945 4.35923 -0.0924893
internal_weight=4632 71 4561 4178 115 76 47 4063 3988 3955 1577 1547 1518 73 2378 758 1620 426 327 306 56 250 1445 1413 41 1372 93 72 738 361
internal_count=4632 71 4561 4178 115 76 47 4063 3988 3955 1577 1547 1518 73 2378 758 1620 426 327 306 56 250 1445 1413 41 1372 93 72 738 361
is_linear=0
shrinkage=0.05


Tree=120
num_leaves=31
num_cat=0
split_feature=6 5 4 4 4 5 0 0 1 1 5 4 6 6 5 4 4 5 3 6 0 3 6 6 3 0 3 6 6 0
split_gain=3.01039e+06 5.6474e+06 8.01175e+06 8.96645e+06 5.9058e+06 1.42683e+07 7.24227e+06 4.73854e+06 4.20662e+06 5.84942e+06 4.96345e+06 6.60293e+06 4.82555e+06 5.24366e+06 6.75247e+06 4.76207e+06 3.62978e+06 6.04221e+06 3.21302e+06 3.09364e+06 8.70248e+06 2.96005e+06 2.82536e+06 3.97399e+06 4.41281e+06 3.37514e+06 8.91447e+06 8.8474e+06 1.20162e+07 6.30908e+06
threshold=46736.439583333333 37663.700000000004 42662.450000000004 44881.350000000013 54393.80000000001 53167.950000000004 16.500000000000004 12.500000000000002 5.5000000000000009 4.5000000000000009 56090.500000000007 65434.350000000013 46776.491666666676 46908.762500000012 39087.900000000009 44289.000000000007 50509.950000000004 42907.900000000009 47302.350000000013 47098.847916666673 11.500000000000002 66923.85000000002 55605.431250000009 55543.250000000007 54460.30000000001 19.500000000000004 52045.650000000009 55202.758333333339 54878.385416666679 20.500000000000004
decision_type=2 2 2 2 2 2 2 2 2 2 2 2 2 2 2 2 2 2 2 2 2 2 2 2 2 2 2 2 2 2
left_child=1 -1 -3 -4 5 6 -5 -6 9 21 11 -11 -10 16 -15 -16 17 -14 -8 20 -17 22 23 25 -25 -2 29 28 -28 -27
right_child=8 2 3 4 7 -7 18 -9 12 10 -12 -13 13 14 15 19 -18 -19 -20 -21 -22 -23 -24 24 -26 26 27 -29 -30 -31
leaf_value=20.472704401883213 1.6924130566489184 -16.590580875562587 21.697806523975572 7.1920825980958485 21.644916035912257 -37.628034330095566 -31.737079184395924 -8.3125546542080979 24.116672657475331 -4.6503309276237577 -27.27450803673786 22.665796379421067 5.0848585014683865 37.010016899108891 -7.3911530643039285 -1.800916389797045 8.5051774388865429 -22.895085607573044 -6.056622524919181 2.0118303776073918 40.052490601716222 -13.465663231743708 10.887426053796496 1.8577864500192498 -27.002268794289343 15.289825004642294 -24.384559883942476 -44.244699660591465 23.718794555664061 -2.2747932238927397
leaf_weight=22 2623 115 38 84 33 35 21 22 33 580 23 23 35 20 45 23 38 43 29 39 27 36 70 26 27 59 37 23 20 383
leaf_count=22 2623 115 38 84 33 35 21 22 33 580 23 23 35 20 45 23 38 43 29 39 27 36 70 26 27 59 37 23 20 383
internal_value=-1.39879e-08 -4.15178 -5.58876 -0.759711 -4.56947 -9.20099 -1.77601 9.66193 0.391345 -0.0463162 -4.47794 -3.60842 6.06794 3.86198 9.90945 5.86459 -4.16657 -10.34 -16.8424 12.5669 20.7999 0.793332 0.950408 0.7329 -12.8445 0.961708 -2.71001 -18.0685 -7.50619 0.0698051
internal_weight=4632 399 377 262 224 169 134 55 4233 3930 626 603 303 270 154 134 116 78 50 89 50 3304 3268 3198 53 3145 522 80 57 442
internal_count=4632 399 377 262 224 169 134 55 4233 3930 626 603 303 270 154 134 116 78 50 89 50 3304 3268 3198 53 3145 522 80 57 442
is_linear=0
shrinkage=0.05


Tree=121
num_leaves=31
num_cat=0
split_feature=0 4 5 3 3 6 0 4 3 6 6 6 5 5 4 0 4 4 6 5 5 4 4 1 6 0 4 5 6 6
split_gain=2.80508e+06 4.29594e+06 5.22327e+06 4.66456e+06 4.58634e+06 3.94017e+06 3.26315e+06 5.88361e+06 6.88494e+06 3.93033e+06 3.79506e+06 7.17398e+06 7.78209e+06 4.6555e+06 3.70924e+06 3.48239e+06 7.71038e+06 7.48584e+06 5.35584e+06 1.81529e+07 1.35771e+07 4.44069e+06 5.72703e+06 5.5849e+06 4.43176e+06 5.34491e+06 6.72873e+06 7.80208e+06 8.04975e+06 6.22413e+06
threshold=1.0000000180025095e-35 44663.000000000007 43464.600000000006 40272.100000000013 45070.700000000004 55069.652083333342 18.500000000000004 52611.950000000004 54225.850000000006 46442.36250000001 55298.952083333344 55360.531250000007 45534.700000000004 52765.450000000004 48758.650000000009 20.500000000000004 45989.350000000006 43403.450000000004 47926.833333333343 49071.600000000013 43294.250000000007 50091.500000000007 48673.100000000006 2.5000000000000004 54966.387500000004 22.500000000000004 38593.400000000009 41120.850000000006 54275.32916666667 54558.752083333347
decision_type=2 2 2 2 2 2 2 2 2 2 2 2 2 2 2 2 2 2 2 2 2 2 2 2 2 2 2 2 2 2
left_child=1 3 -3 -1 -5 -4 9 10 -9 -2 13 -12 -13 15 -14 17 24 -8 20 -20 -19 22 -21 -23 25 26 -17 -28 -29 -30
right_child=6 2 5 4 -6 -7 7 8 -10 -11 11 12 14 -15 -16 16 -18 18 19 21 -22 23 -24 -25 -26 -27 27 28 29 -31
leaf_value=-11.339545491337777 -12.946132022857666 -33.139594342158397 4.5746731982511637 19.99619614038712 -7.4379057617187501 -22.971417708623978 -14.128027109188194 0.35726139886038649 -33.847462758710314 1.1742804876633128 32.039074702884839 -25.186137382550672 18.81636129937521 -20.976381267200818 -3.1781606038411461 -20.647274431974992 -11.873075338385322 18.673071210137731 42.666556093499473 -2.600572563371351 -29.70956612948714 -29.235234565734864 29.564015594482427 4.6543979244847451 14.267404634812301 -10.705197875639973 27.314085906591171 -24.96006426603898 32.63201933860779 -1.257519250824338
leaf_weight=48 50 26 34 39 25 21 51 28 31 3424 23 22 41 33 36 23 198 29 37 31 29 20 25 31 51 102 39 23 20 42
leaf_count=48 50 26 34 39 25 21 51 28 31 3424 23 22 41 33 36 23 198 29 37 31 29 20 25 31 51 102 39 23 20 42
internal_value=4.16917e-08 -5.90096 -14.6727 0.442909 9.27975 -5.94293 0.256563 -2.31559 -17.6147 0.971051 -1.31929 6.8841 1.04002 -2.59584 8.53321 -1.78817 -4.21497 2.98869 7.31024 12.4773 -5.51825 2.03798 11.7586 -8.63565 0.839375 -1.91094 4.19119 8.79833 0.30286 9.67459
internal_weight=4632 193 81 112 64 55 4439 965 59 3474 906 122 99 784 77 751 498 253 202 144 58 107 56 51 300 249 147 124 85 62
internal_count=4632 193 81 112 64 55 4439 965 59 3474 906 122 99 784 77 751 498 253 202 144 58 107 56 51 300 249 147 124 85 62
is_linear=0
shrinkage=0.05


Tree=122
num_leaves=31
num_cat=0
split_feature=0 3 6 4 4 5 5 5 3 4 4 6 0 4 3 6 5 0 5 1 5 0 3 4 4 6 3 0 3 5
split_gain=2.67532e+06 5.05435e+06 7.02545e+06 4.82469e+06 4.94059e+06 4.69665e+06 5.1652e+06 1.03851e+07 5.29735e+06 3.99964e+06 3.72026e+06 4.97988e+06 4.65483e+06 3.63401e+06 6.50475e+06 9.15137e+06 6.105e+06 4.75945e+06 3.96255e+06 3.8071e+06 3.51693e+06 1.1477e+07 7.9911e+06 5.62118e+06 4.5712e+06 4.23495e+06 4.76328e+06 3.68002e+06 4.38482e+06 3.50096e+06
threshold=3.5000000000000004 46454.350000000013 55416.437500000007 39066.30000000001 40182.150000000009 48778.80000000001 44097.80000000001 44585.850000000013 46090.600000000013 40714.400000000009 38115.700000000004 46792.441666666673 1.0000000180025095e-35 44487.80000000001 44604.600000000006 54196.150000000009 38402.400000000001 1.5000000000000002 39752.250000000007 5.5000000000000009 43294.250000000007 19.500000000000004 44336.55000000001 46653.450000000004 42209.900000000009 47281.389583333337 41328.750000000007 5.5000000000000009 42321.250000000007 44336.55000000001
decision_type=2 2 2 2 2 2 2 2 2 2 2 2 2 2 2 2 2 2 2 2 2 2 2 2 2 2 2 2 2 2
left_child=1 2 5 -2 -5 6 10 -8 -9 -6 12 -12 -1 16 15 18 -13 -17 -15 -18 21 23 27 -11 -23 26 -26 28 -22 -3
right_child=3 29 -4 4 9 -7 7 8 -10 20 11 13 -14 14 -16 17 19 -19 -20 -21 22 24 -24 -25 25 -27 -28 -29 -30 -31
leaf_value=-9.388222863674164 -12.106647154769384 6.7973440806070968 21.785525073427145 17.837978344871885 -20.193149767751279 -22.699926656943102 30.52053165435791 -2.0090368961676575 22.205236930847168 46.830997588417745 -23.380863939921063 26.092648055336692 24.316384015764513 -35.36202883947464 -30.144930936495463 -2.0805683288574222 8.2446812022816047 30.643667793273927 -4.2645896911621097 -21.518579937162855 -10.512379576030531 20.938762963336448 0.76046657827018738 13.057305363246375 -21.80990058353969 9.0296876223190985 1.7308922854336826 -1.4764461101629796 -37.811229006449388 -13.975132693589188
leaf_weight=20 74 24 33 42 23 26 32 234 25 22 45 22 21 21 30 25 22 20 20 21 38 23 3415 28 42 46 44 39 24 131
leaf_count=20 74 24 33 42 23 26 32 234 25 22 45 22 21 21 30 25 22 20 20 21 38 23 3415 28 42 46 44 39 24 131
internal_value=-1.26197e-08 -2.68694 -0.65918 0.537389 0.784525 -1.92746 -0.959566 3.64836 0.328248 0.59322 -5.98169 -8.49554 7.87511 -4.79476 -10.0981 -3.10506 4.66971 12.4635 -20.1925 -6.29086 0.721704 7.08774 0.350532 27.9177 0.368391 -3.21584 -9.76577 -13.5101 -21.0797 -10.7587
internal_weight=4632 772 617 3860 3786 584 558 291 259 3744 267 226 41 181 116 86 65 45 41 43 3721 205 3516 50 155 132 86 101 62 155
internal_count=4632 772 617 3860 3786 584 558 291 259 3744 267 226 41 181 116 86 65 45 41 43 3721 205 3516 50 155 132 86 101 62 155
is_linear=0
shrinkage=0.05


Tree=123
num_leaves=31
num_cat=0
split_feature=0 3 5 3 6 0 0 3 5 3 3 3 4 4 4 4 6 4 6 5 0 4 4 4 6 3 6 5 5 6
split_gain=2.58972e+06 7.75118e+06 6.22407e+06 5.6344e+06 4.69602e+06 3.67182e+06 7.0732e+06 6.25113e+06 5.57842e+06 9.85436e+06 5.42882e+06 8.4793e+06 6.2207e+06 9.58887e+06 6.16298e+06 5.75661e+06 5.36831e+06 9.31822e+06 6.62187e+06 7.35348e+06 9.27335e+06 1.01699e+07 6.44008e+06 9.51117e+06 6.01284e+06 5.89594e+06 5.7198e+06 5.35472e+06 7.42743e+06 1.44653e+07
threshold=19.500000000000004 52045.650000000009 49264.55000000001 51597.000000000007 54994.568750000013 10.500000000000002 12.500000000000002 66588.200000000026 64469.80000000001 63037.850000000013 65051.30000000001 64616.80000000001 64195.200000000004 65712.550000000003 66397.400000000009 65051.30000000001 46645.493750000016 51292.600000000006 54832.847916666673 64245.150000000001 14.500000000000002 54608.05000000001 52400.750000000007 54256.100000000013 54916.745833333342 61716.900000000009 54943.897916666676 56844.450000000004 53584.950000000004 54028.947916666679
decision_type=2 2 2 2 2 2 2 2 2 2 2 2 2 2 2 2 2 2 2 2 2 2 2 2 2 2 2 2 2 2
left_child=5 3 -3 -2 -4 8 10 16 9 -1 11 14 -12 -14 15 -7 -8 25 19 20 21 -19 -22 -24 -20 27 -26 28 29 -18
right_child=1 2 4 -5 -6 6 7 -9 -10 -11 12 -13 13 -15 -16 -17 17 18 24 -21 22 -23 23 -25 26 -27 -28 -29 -30 -31
leaf_value=-0.040775888296342239 -1.7716362552270633 -2.362180483646882 -47.71105684757233 22.408649732589723 -15.205617919921876 9.6478537711230192 -12.549336568047019 -18.696823855144224 -17.540836591136699 -28.003905493021012 36.952409477904439 -18.293733777719385 -13.328407986958823 33.548541826605799 31.337432028697091 -9.0455795948322013 7.7446226723732501 31.833569575718474 17.999529413615956 -22.297409228889311 -25.994196014655262 1.2587351924083272 12.490126401274953 -8.7971977375755639 -23.471806299118768 -14.376856632232666 3.3178987691212436 35.246738229118861 -6.7585016597401015 48.737199940000266
leaf_weight=2042 663 39 20 25 25 198 68 41 49 32 32 34 24 20 26 52 93 35 68 49 38 122 67 242 21 20 389 26 44 28
leaf_count=2042 663 39 20 25 25 198 68 41 49 32 32 34 24 20 26 52 93 35 68 49 38 122 67 242 21 20 389 26 44 28
internal_value=1.15629e-08 -2.64361 -16.982 -0.892992 -29.6525 0.528722 2.2336 0.528126 -0.866175 -0.472222 8.20274 5.26675 20.1785 7.9793 8.16912 5.75962 1.12982 1.87876 -0.0804778 -3.80596 -2.00818 8.07478 -6.57021 -4.1815 4.22955 11.4521 1.94574 14.1567 10.8334 17.2305
internal_weight=4632 772 84 688 45 3860 1737 1351 2123 2074 386 310 76 44 276 250 1310 1242 1031 553 504 157 347 309 478 211 410 191 165 121
internal_count=4632 772 84 688 45 3860 1737 1351 2123 2074 386 310 76 44 276 250 1310 1242 1031 553 504 157 347 309 478 211 410 191 165 121
is_linear=0
shrinkage=0.05


Tree=124
num_leaves=31
num_cat=0
split_feature=0 0 4 3 5 4 0 1 3 5 4 6 3 3 3 0 4 0 3 1 0 4 4 3 6 1 3 6 5 0
split_gain=2.54196e+06 3.21055e+06 5.51209e+06 6.20486e+06 4.1713e+06 6.46514e+06 6.24575e+06 1.3773e+07 7.90779e+06 7.69784e+06 8.23002e+06 2.08959e+07 1.17045e+07 6.02377e+06 1.21155e+07 1.06741e+07 6.68148e+06 1.299e+07 1.03823e+07 7.52863e+06 1.02441e+07 7.43071e+06 7.24346e+06 6.57281e+06 6.38176e+06 5.83827e+06 5.78112e+06 5.27898e+06 5.77918e+06 4.47229e+06
threshold=1.5000000000000002 18.500000000000004 52611.950000000004 54225.850000000006 48263.650000000001 57044.950000000004 7.5000000000000009 4.5000000000000009 46605.55000000001 58467.000000000007 56844.450000000004 55141.308333333342 54666.850000000006 47302.350000000013 46672.350000000006 3.5000000000000004 48946.150000000001 4.5000000000000009 50122.850000000006 2.5000000000000004 5.5000000000000009 52922.900000000001 47911.500000000007 48966.150000000009 54714.554166666676 2.5000000000000004 52990.05000000001 47926.833333333343 45622.700000000004 5.5000000000000009
decision_type=2 2 2 2 2 2 2 2 2 2 2 2 2 2 2 2 2 2 2 2 2 2 2 2 2 2 2 2 2 2
left_child=-1 4 -3 -4 5 25 7 9 -9 10 13 12 -12 14 24 -15 22 -18 21 26 -21 -19 23 -17 -6 27 -20 -2 -29 -27
right_child=1 2 3 -5 6 -7 -8 8 -10 -11 11 -13 -14 15 -16 16 17 18 19 20 -22 -23 -24 -25 -26 29 -28 28 -30 -31
leaf_value=-3.8847826828412866 -7.3000279023097114 -1.217688257837664 0.071060889107840405 -32.400419136785693 -17.788858873703902 32.885814304351804 1.6254121146218339 -9.8138127045197923 -52.207502885298304 -22.175810829634695 61.752577408500343 -16.483778864337552 10.122924223400299 -39.36782443306663 37.591955434359043 20.708106214349922 -30.279288798687503 28.383571986663039 11.119877164452165 -49.35419242165306 -8.5343401899524771 -7.9582366249778049 27.694092287555819 -12.763764586231925 13.320976209267975 -2.1195923245615429 -14.747298676437802 39.445872322718309 11.697054295207181 9.4096728505759408
leaf_weight=386 26 906 28 31 34 20 2054 22 22 44 23 31 21 22 26 22 51 39 54 22 51 22 31 44 32 306 36 24 86 116
leaf_count=386 26 906 28 31 34 20 2054 22 22 44 23 31 21 22 26 22 51 39 54 22 51 22 31 44 32 306 36 24 86 116
internal_value=2.35294e-08 0.353162 -2.18202 -16.9902 1.0988 4.95413 0.274393 -4.0014 -31.0107 -2.03709 -0.457588 14.9586 37.1112 -2.83663 8.68305 -5.5265 -3.52513 -7.50487 -2.31962 -8.90474 -20.8362 15.2767 7.75762 -1.60647 -2.7053 3.953 0.773007 12.9621 17.7513 1.04959
internal_weight=4632 4246 965 59 3281 578 2703 649 44 605 561 75 44 486 92 394 372 275 224 163 73 61 97 66 66 558 90 136 110 422
internal_count=4632 4246 965 59 3281 578 2703 649 44 605 561 75 44 486 92 394 372 275 224 163 73 61 97 66 66 558 90 136 110 422
is_linear=0
shrinkage=0.05


Tree=125
num_leaves=31
num_cat=0
split_feature=6 6 1 5 6 6 0 5 4 6 3 3 0 6 3 4 1 5 4 6 0 6 5 3 4 3 6 0 5 6
split_gain=2.55905e+06 5.35356e+06 3.61027e+06 4.43584e+06 9.00504e+06 7.44648e+06 5.54969e+06 8.34776e+06 1.29318e+07 9.58692e+06 9.58786e+06 9.07702e+06 6.70478e+06 7.94269e+06 3.95412e+06 4.08689e+06 3.56825e+06 3.71125e+06 3.42432e+06 4.22595e+06 1.1614e+07 4.41945e+06 3.32454e+06 9.34632e+06 5.43442e+06 7.41371e+06 5.68241e+06 4.72164e+06 1.67784e+07 8.606e+06
threshold=54710.014583333344 54681.683333333342 1.0000000180025095e-35 47498.000000000007 47926.833333333343 48035.456250000003 18.500000000000004 53949.400000000009 44557.05000000001 48858.889583333344 57587.500000000007 55074.350000000006 9.5000000000000018 50516.979166666672 59673.30000000001 49633.650000000009 1.5000000000000002 53167.950000000004 39670.600000000006 54741.866666666676 16.500000000000004 54732.156250000007 40532.650000000001 38700.000000000007 48343.80000000001 42730.000000000007 54196.150000000009 4.5000000000000009 48962.05000000001 54422.481250000004
decision_type=2 2 2 2 2 2 2 2 2 2 2 2 2 2 2 2 2 2 2 2 2 2 2 2 2 2 2 2 2 2
left_child=1 2 3 4 -1 -5 7 8 -7 -9 11 -11 -12 -14 -15 -16 -3 -18 -2 20 21 -20 24 -24 25 26 -4 28 29 -25
right_child=18 16 22 5 -6 6 -8 9 -10 10 12 -13 13 14 15 -17 17 -19 19 -21 -22 -23 23 27 -26 -27 -28 -29 -30 -31
leaf_value=1.1874897003173828 -17.964045599232549 -1.3838091723124188 1.0392659630797325 -22.014030877281641 31.345672833292113 5.3628184248761439 -11.053105219672709 -31.348385184151784 54.403607547283173 3.134101886133994 -19.090736631067788 42.408342899594992 31.423837410319937 21.030107841491699 -23.724636001586916 0.14837903314932233 -9.7901672970164917 -39.549870338439945 38.179088267683987 0.98313043044717152 -11.721697139739991 9.445053614740786 -32.012806966569691 -15.951422998179561 26.92655230435458 -28.201670131683354 27.701864537325772 -1.3305147659614969 -53.371743698120127 10.302487771552906
leaf_weight=71 23 30 218 34 38 41 68 21 20 31 41 28 22 20 20 173 22 20 32 2104 32 23 27 69 22 20 22 1263 20 57
leaf_count=71 23 30 218 34 38 41 68 21 20 31 41 28 22 20 20 173 22 20 32 2104 32 23 27 69 22 20 22 1263 20 57
internal_value=1.1998e-08 -1.12457 -0.712409 2.53179 11.7014 0.606007 2.19174 4.35157 21.4418 1.4232 3.47753 21.7727 -0.433394 2.82172 -0.132493 -2.32551 -14.5541 -23.9615 1.22819 1.42966 12.2284 26.163 -1.8983 -2.873 3.06508 1.04603 3.48334 -2.31461 -10.8277 -4.07465
internal_weight=4632 2418 2346 628 109 519 485 417 61 356 335 59 276 235 213 193 72 42 2214 2191 87 55 1718 1436 282 260 240 1409 146 126
internal_count=4632 2418 2346 628 109 519 485 417 61 356 335 59 276 235 213 193 72 42 2214 2191 87 55 1718 1436 282 260 240 1409 146 126
is_linear=0
shrinkage=0.05


Tree=126
num_leaves=31
num_cat=0
split_feature=6 1 0 4 6 4 4 3 5 0 4 5 4 4 3 5 5 5 0 5 5 3 5 6 5 3 4 5 4 4
split_gain=2.48796e+06 3.43927e+06 2.77379e+06 5.80932e+06 5.12354e+06 4.52633e+06 3.75121e+06 3.64339e+06 3.394e+06 3.23272e+06 1.05252e+07 6.44881e+06 8.16078e+06 1.31815e+07 5.13958e+06 8.50851e+06 6.82748e+06 5.22261e+06 4.38956e+06 1.04758e+07 5.83341e+06 1.00651e+07 4.51343e+06 8.0393e+06 2.23783e+07 1.19262e+07 7.17957e+06 9.34548e+06 8.71974e+06 7.92934e+06
threshold=55605.431250000009 2.5000000000000004 2.5000000000000004 47667.450000000004 54741.866666666676 39066.30000000001 40182.150000000009 47302.350000000013 47924.750000000007 14.500000000000002 63107.200000000004 62985.750000000007 61354.350000000013 62077.350000000013 64021.850000000013 61035.450000000004 61730.100000000013 60095.400000000001 10.500000000000002 52765.450000000004 64469.80000000001 63037.850000000013 64899.100000000013 50820.885416666679 61376.55000000001 62261.950000000004 62341.100000000013 64707.450000000004 63319.30000000001 55317.650000000001
decision_type=2 2 2 2 2 2 2 2 2 2 2 2 2 2 2 2 2 2 2 2 2 2 2 2 2 2 2 2 2 2
left_child=2 -2 3 8 -5 7 -7 -4 -1 18 11 12 14 -14 15 17 -17 -11 20 -20 21 -8 23 -21 -25 -26 29 28 -28 -27
right_child=1 -3 5 4 -6 6 9 -9 -10 10 -12 -13 13 -15 -16 16 -18 -19 19 22 -22 -23 -24 24 25 26 27 -29 -30 -31
leaf_value=-1.0775325135986795 24.215058540344241 1.175018220362456 -5.3490383622279536 -3.4189313793182374 -38.779745437985383 12.772539806365968 1.2188342995846255 -29.75302036762238 -19.271708255343967 -0.89735238227296488 -30.681425984700521 -24.142165025349321 36.930829383231497 -5.5665314283635885 -20.974111014604571 42.643283572196964 1.8237890061878024 -21.028584572763155 40.400805015563968 -2.0754256827308533 -16.945934583702865 -27.583961265317857 -2.3714868882645006 51.333422545463804 37.8429238319397 6.8667127867002753 26.868147532145187 40.080085318429127 -0.62507701791565995 -25.651483104103491
leaf_weight=506 25 46 65 20 21 62 1406 20 27 1358 30 29 37 36 32 20 21 33 20 187 49 31 215 31 28 37 36 21 145 38
leaf_count=506 25 46 65 20 21 62 1406 20 27 1358 30 29 37 36 32 20 21 33 20 187 49 31 215 31 28 37 36 21 145 38
internal_value=6.34715e-09 9.28771 -0.14458 -3.39429 -21.5306 0.323274 0.571922 -11.0912 -1.99919 0.374933 -1.34528 -0.78329 -0.342556 15.9732 -1.15612 -0.713256 21.7357 -1.37494 1.5984 4.69471 0.0189956 0.59748 3.72707 6.23412 10.8588 6.74496 3.60148 8.50643 4.84319 -9.60917
internal_weight=4632 71 4561 574 41 3987 3902 85 533 3840 1596 1566 1537 73 1464 1432 41 1391 2244 758 1486 1437 738 523 336 305 277 202 181 75
internal_count=4632 71 4561 574 41 3987 3902 85 533 3840 1596 1566 1537 73 1464 1432 41 1391 2244 758 1486 1437 738 523 336 305 277 202 181 75
is_linear=0
shrinkage=0.05


Tree=127
num_leaves=31
num_cat=0
split_feature=5 3 4 3 6 5 4 3 4 4 6 6 0 3 6 4 4 4 4 5 1 4 6 6 0 5 4 4 4 4
split_gain=2.40995e+06 6.10232e+06 5.65843e+06 8.22931e+06 7.00499e+06 5.39905e+06 7.3574e+06 6.06071e+06 5.24674e+06 6.55291e+06 4.81224e+06 5.91446e+06 3.92213e+06 3.49786e+06 2.08888e+07 4.17248e+06 8.47424e+06 6.6894e+06 5.25235e+06 7.77672e+06 5.40729e+06 8.99269e+06 1.28813e+07 4.96677e+06 4.40697e+06 4.18862e+06 2.07389e+07 1.04397e+07 2.2056e+07 9.15742e+06
threshold=65729.400000000009 62956.500000000007 62077.350000000013 65434.350000000013 55030.683333333342 64899.100000000013 62077.350000000013 65131.30000000001 64929.350000000013 64769.650000000001 55051.416666666672 54860.179166666676 10.500000000000002 65550.550000000003 54647.14375000001 64095.200000000004 64511.950000000004 63696.000000000007 63179.500000000007 64629.900000000001 1.0000000180025095e-35 53316.150000000001 51196.885416666672 54962.758333333346 13.500000000000002 62877.250000000007 62410.400000000009 62595.900000000001 61354.350000000013 61870.850000000006
decision_type=2 2 2 2 2 2 2 2 2 2 2 2 2 2 2 2 2 2 2 2 2 2 2 2 2 2 2 2 2 2
left_child=5 -2 -3 4 -4 8 -7 10 9 13 11 -8 -10 15 -15 17 -17 18 19 20 21 -1 -23 -20 -19 27 -27 28 -22 -30
right_child=1 2 3 -5 -6 6 7 -9 12 -11 -12 -13 -14 14 -16 16 -18 24 23 -21 25 22 -24 -25 -26 26 -28 -29 29 -31
leaf_value=2.1636492530353197 -16.36704745085343 35.268623551868259 0.24038852876232519 -19.139107679284137 35.432373927189751 10.314338302612306 -30.866745823827287 4.8635306399801506 -9.1209772220024696 -25.764834617614749 -44.754964338030135 3.9753225144885835 11.990550139567235 -53.935056896209723 8.1494672616322834 26.451452521390696 -6.4298106140560582 -6.6891310942800422 4.9949427032470703 -31.22002021789551 -1.0152236825941647 43.979054468328307 1.2788047163110032 34.941192169189456 -35.229836981637135 -30.593946190178396 16.895670006214043 -23.113712980747223 32.782816622440627 7.787804251625424
leaf_weight=524 23 21 31 23 26 32 29 23 26 25 21 21 143 20 42 43 36 38 45 20 3014 33 38 20 21 56 39 50 65 84
leaf_count=524 23 21 31 23 26 32 29 23 26 25 21 21 143 20 42 43 36 38 45 20 3014 33 38 20 21 56 39 50 65 84
internal_value=4.68454e-08 6.87656 12.1697 6.10618 16.2929 -0.189151 -10.3936 -17.4431 0.104266 -0.242252 -24.6691 -16.2331 8.74262 -0.0898967 -11.8778 0.0872361 11.4676 -0.134916 0.11234 -0.12123 0.0381282 4.42631 21.1254 14.2092 -16.8477 -0.751161 -11.0982 -0.445226 -0.0868876 18.6917
internal_weight=4632 124 101 80 57 4508 126 94 4382 4213 71 50 169 4188 62 4126 79 4047 3988 3923 3903 595 71 65 59 3308 95 3213 3163 149
internal_count=4632 124 101 80 57 4508 126 94 4382 4213 71 50 169 4188 62 4126 79 4047 3988 3923 3903 595 71 65 59 3308 95 3213 3163 149
is_linear=0
shrinkage=0.05


Tree=128
num_leaves=31
num_cat=0
split_feature=6 6 1 6 1 5 6 6 0 5 4 0 6 6 3 3 6 6 1 6 5 4 5 0 3 3 3 3 4 5
split_gain=2.41843e+06 4.75082e+06 3.24522e+06 3.53593e+06 3.14058e+06 4.08935e+06 8.19992e+06 6.66858e+06 5.28454e+06 5.6539e+06 7.6471e+06 6.78258e+06 5.33338e+06 3.74918e+06 1.05547e+07 9.90315e+06 7.27561e+06 7.19335e+06 3.23262e+06 5.82054e+06 6.23872e+06 4.12015e+06 1.24181e+07 5.22483e+06 4.85919e+06 8.949e+06 5.72006e+06 6.04326e+06 5.17753e+06 4.42898e+06
threshold=54710.014583333344 54681.683333333342 1.5000000000000002 54693.639583333344 1.0000000180025095e-35 47498.000000000007 47926.833333333343 48206.133333333339 19.500000000000004 52765.450000000004 44557.05000000001 17.500000000000004 52912.000000000007 48986.137500000004 57461.400000000009 54865.900000000009 50142.883333333339 50516.979166666672 5.5000000000000009 46908.762500000012 39087.900000000009 54088.05000000001 53361.250000000007 12.500000000000002 39349.850000000013 40550.250000000007 46858.200000000004 44993.750000000007 38115.700000000004 39087.900000000009
decision_type=2 2 2 2 2 2 2 2 2 2 2 2 2 2 2 2 2 2 2 2 2 2 2 2 2 2 2 2 2 2
left_child=1 4 -3 -4 5 6 -1 -7 9 10 -9 12 13 -11 15 -15 -16 -18 -6 21 -21 22 24 -23 28 -26 27 29 -20 -27
right_child=-2 2 3 -5 18 7 -8 8 -10 11 -12 -13 -14 14 16 -17 17 -19 19 20 -22 23 -24 -25 25 26 -28 -29 -30 -31
leaf_value=1.0921601352557331 1.1939663670906611 -1.184202308654785 -37.223293304443359 -8.2079680851527623 -3.5494500827471627 -17.922601479424369 29.870592502543804 5.1800521994891922 -15.171881911754609 -15.045168228149414 43.376732177734375 -19.381758251190188 23.504898760395665 3.3697439359581995 -20.369274828984189 50.860541861397877 28.328785064697264 -0.37468799435815148 8.378587820132573 35.478484306335453 5.5413277512166044 19.673663141416469 -30.8066684889166 -7.4256805156839309 24.720061392533154 -24.173107692173549 5.2794721640309987 -31.649283093214038 -18.912139209868418 1.6273943722248079
leaf_weight=71 2214 30 21 21 1046 45 38 38 40 30 20 35 31 23 39 21 25 172 24 20 134 46 38 29 38 21 155 24 63 80
leaf_count=71 2214 30 21 21 1046 45 38 38 40 30 20 35 31 23 39 21 25 172 24 20 134 46 38 29 38 21 155 24 63 80
internal_value=4.51506e-09 -1.09323 -13.7442 -22.7156 -0.70497 2.32085 11.125 0.471805 2.21811 3.82087 18.3513 1.57947 3.73092 1.75352 3.55338 26.0358 -0.638256 3.26788 -1.81103 0.894901 9.42927 -1.64234 -3.47715 9.19525 -0.9129 1.95174 -1.13824 -9.09621 -11.3837 -3.73707
internal_weight=4632 2418 72 42 2346 628 109 519 474 434 58 376 341 310 280 44 236 197 1718 672 154 518 443 75 405 318 280 125 87 101
internal_count=4632 2418 72 42 2346 628 109 519 474 434 58 376 341 310 280 44 236 197 1718 672 154 518 443 75 405 318 280 125 87 101
is_linear=0
shrinkage=0.05


Tree=129
num_leaves=31
num_cat=0
split_feature=3 3 5 4 4 6 6 6 3 5 3 4 3 5 4 4 5 1 6 1 5 5 3 4 4 5 4 3 0 0
split_gain=2.2714e+06 2.87547e+06 6.13177e+06 2.62909e+06 8.98787e+06 2.76526e+06 8.57491e+06 8.37553e+06 8.13433e+06 8.50225e+06 6.39403e+06 1.01443e+07 5.88927e+06 7.04772e+06 5.66286e+06 4.52999e+06 5.33078e+06 4.51612e+06 4.23959e+06 4.13851e+06 5.6012e+06 7.09533e+06 5.86438e+06 5.09132e+06 1.78277e+07 9.08217e+06 8.07667e+06 7.09078e+06 6.91474e+06 8.3069e+06
threshold=66923.85000000002 65880.60000000002 64629.900000000001 66397.400000000009 66923.85000000002 55402.781250000007 55367.991666666676 55328.183333333342 46388.950000000004 52342.900000000009 63954.200000000004 63481.55000000001 51539.950000000004 57889.350000000006 45908.700000000004 55763.000000000007 48482.150000000009 2.5000000000000004 55502.541666666679 1.5000000000000002 65729.400000000009 64821.950000000004 63129.150000000009 49513.900000000001 49139.250000000007 64360.05000000001 50686.700000000004 63337.450000000004 6.5000000000000009 14.500000000000002
decision_type=2 2 2 2 2 2 2 2 2 2 2 2 2 2 2 2 2 2 2 2 2 2 2 2 2 2 2 2 2 2
left_child=1 3 -3 5 -5 6 7 19 14 -10 18 -12 -8 -14 -7 16 -9 -17 -11 23 21 -21 -23 24 -1 26 -25 -27 -28 -30
right_child=-2 2 -4 4 -6 8 12 15 9 10 11 -13 13 -15 -16 17 -18 -19 -20 20 -22 22 -24 25 -26 27 28 -29 29 -31
leaf_value=0.16012640795158467 -12.510405339135065 -3.4105823223407459 25.874068005879721 29.760091737111413 -8.6302308851672773 7.8547078976264375 -36.2967815970933 9.3741648292541502 -9.4494343564428132 23.230596473568777 -31.352946770709497 16.712511811937606 15.018634834289552 -26.454010459354947 42.763948585873564 20.171225193568642 45.880264244079598 -13.027400441169739 5.0751364231109619 -1.5522375644872413 16.922046065330505 -39.609058241410693 -6.6653063855852395 25.068364439010622 -47.863267745971683 -24.473330497741699 -11.797318026131276 1.7807488317074984 13.804840940084214 -0.87094092601683082
leaf_weight=573 36 39 33 30 31 26 27 20 116 61 23 21 20 21 21 21 20 20 68 2669 40 22 35 60 20 41 51 69 234 164
leaf_count=573 36 39 33 30 31 26 27 20 116 61 23 21 20 21 21 21 20 20 68 2669 40 22 35 60 20 41 51 69 234 164
internal_value=-2.69604e-08 0.0979927 10.0115 -0.0597827 10.2503 -0.2007 -0.555821 -0.260828 4.16117 1.02383 8.04636 -8.41261 -18.1643 -6.22345 23.4525 15.656 27.6272 3.97677 13.6603 -0.584926 -1.65247 -1.92502 -19.3804 1.85139 -1.45955 5.02327 7.83878 -8.00486 5.53638 7.75753
internal_weight=4632 4596 72 4524 61 4463 4127 4059 336 289 173 44 68 41 47 81 40 41 129 3978 2766 2726 57 1212 593 619 509 110 449 398
internal_count=4632 4596 72 4524 61 4463 4127 4059 336 289 173 44 68 41 47 81 40 41 129 3978 2766 2726 57 1212 593 619 509 110 449 398
is_linear=0
shrinkage=0.05


Tree=130
num_leaves=31
num_cat=0
split_feature=0 4 5 3 4 3 0 3 6 4 3 3 5 4 6 0 6 5 3 6 5 3 3 0 3 3 5 3 3 3
split_gain=2.25935e+06 3.65196e+06 4.18589e+06 4.18087e+06 4.36249e+06 3.91566e+06 2.40238e+06 6.94115e+06 6.26156e+06 8.32427e+06 3.47323e+06 1.13532e+07 8.68234e+06 7.017e+06 6.46036e+06 4.03191e+06 9.19852e+06 1.07221e+07 8.94837e+06 6.30978e+06 4.56304e+06 8.6671e+06 7.46967e+06 7.22838e+06 5.3889e+06 6.41439e+06 4.68344e+06 4.41363e+06 4.4091e+06 4.08305e+06
threshold=1.0000000180025095e-35 44663.000000000007 43464.600000000006 40272.100000000013 43229.05000000001 45359.500000000007 19.500000000000004 52287.600000000006 55202.758333333339 48181.600000000013 50639.80000000001 50122.850000000006 48875.30000000001 48064.850000000006 54916.745833333342 21.500000000000004 47926.833333333343 42718.150000000001 48701.500000000007 47061.072916666679 46688.100000000006 45261.450000000004 46306.250000000007 22.500000000000004 47430.100000000006 46605.55000000001 41120.850000000006 47260.450000000004 41109.30000000001 40272.100000000013
decision_type=2 2 2 2 2 2 2 2 2 2 2 2 2 2 2 2 2 2 2 2 2 2 2 2 2 2 2 2 2 2
left_child=1 3 -3 -1 -5 -4 -2 10 9 -9 11 15 13 -12 -14 16 17 19 20 -8 21 26 -23 -24 25 -22 28 -25 29 -17
right_child=6 2 5 4 -6 -7 7 8 -10 -11 12 -13 14 -15 -16 18 -18 -19 -20 -21 24 22 23 27 -26 -27 -28 -29 -30 -31
leaf_value=-10.601685980831583 0.76396226470440198 -29.91517767539391 -23.217178401947024 28.281693630218509 0.11822799444198609 4.5163337489536834 16.293295328007186 -27.631122978873876 -36.020791286892361 14.049087509155274 5.793171201063239 -31.577072346595028 -23.796907775878907 46.288151817321783 13.821243867420016 0.065189095201163463 16.279445897426804 -37.032191975911459 -29.313039502789902 -11.121844506845243 -16.354925587598014 31.265746026880603 18.804871166836133 -21.665770796660723 -31.613195419311523 19.330445022583007 -21.826578800301803 8.033296342329546 19.158597128731866 -26.133576822280887
leaf_weight=48 3667 26 20 20 44 35 43 23 27 25 23 31 25 20 21 58 97 21 31 41 34 34 44 29 24 20 38 22 21 20
leaf_count=48 3667 26 20 20 44 35 43 23 27 25 23 31 25 20 21 58 97 21 31 41 34 34 44 29 24 20 38 22 21 20
internal_value=-2.20567e-08 -5.29591 -13.3835 0.553169 8.91931 -5.56858 0.230257 -2.30484 -16.758 -5.92268 -0.749624 -2.10003 8.47561 24.628 -6.6234 -0.51634 5.17845 -5.07676 -3.58393 2.9121 -1.26532 1.85303 11.1541 3.95621 -11.8997 -3.13812 -6.90489 -8.85441 -1.17737 -6.65244
internal_weight=4632 193 81 112 64 55 4439 772 75 48 697 608 89 43 46 577 202 105 375 84 344 266 129 95 78 54 137 51 99 78
internal_count=4632 193 81 112 64 55 4439 772 75 48 697 608 89 43 46 577 202 105 375 84 344 266 129 95 78 54 137 51 99 78
is_linear=0
shrinkage=0.05


Tree=131
num_leaves=31
num_cat=0
split_feature=3 3 4 4 4 4 6 6 6 3 3 6 3 5 4 4 5 1 1 5 5 3 5 4 4 4 0 5 6 6
split_gain=2.1571e+06 4.59517e+06 5.14686e+06 3.21077e+06 2.35385e+06 8.11155e+06 2.52338e+06 7.79894e+06 7.522e+06 7.28322e+06 7.98189e+06 6.04694e+06 5.33042e+06 6.35352e+06 5.00476e+06 4.08971e+06 4.95697e+06 4.0758e+06 3.75947e+06 5.03431e+06 6.43201e+06 5.2926e+06 4.63353e+06 7.29059e+06 1.6191e+07 5.63871e+06 5.90538e+06 7.72037e+06 7.08035e+06 8.6305e+06
threshold=66588.200000000026 65880.60000000002 64511.950000000004 63179.500000000007 66397.400000000009 66923.85000000002 55402.781250000007 55367.991666666676 55328.183333333342 46388.950000000004 47302.350000000013 55416.437500000007 51539.950000000004 57889.350000000006 45908.700000000004 55763.000000000007 48482.150000000009 2.5000000000000004 1.5000000000000002 65729.400000000009 64821.950000000004 63129.150000000009 65067.150000000009 49513.900000000001 49139.250000000007 50686.700000000004 6.5000000000000009 54164.450000000004 54869.893750000003 54767.977083333339
decision_type=2 2 2 2 2 2 2 2 2 2 2 2 2 2 2 2 2 2 2 2 2 2 2 2 2 2 2 2 2 2
left_child=1 4 -3 -2 6 -6 7 8 18 14 -11 -12 -9 -14 -8 16 -10 -17 22 20 -20 -22 23 24 -1 -25 27 -27 29 -28
right_child=3 2 -4 -5 5 -7 9 12 15 10 11 -13 13 -15 -16 17 -18 -19 19 -21 21 -23 -24 25 -26 26 28 -29 -30 -31
leaf_value=0.22516974849694688 -22.126928357724793 29.491326236724856 -1.4025441023019645 2.2572146662959347 28.233888740539552 -8.236917335756365 7.5682401877183185 -34.572036653536337 8.6100490188598631 -29.465551418066028 27.226444784800215 0.92829082564735899 14.207656173706056 -25.16950811658587 40.386405781337196 19.124466160365515 43.812919960021979 -12.414228591918945 -1.4752064894718728 16.037745401859283 -37.666803845492275 -6.3702394104003908 -10.814881205904312 20.749611781892323 -45.540752944946291 4.3800011819408793 5.0178514280239073 -35.465412652492525 14.862118516629003 -22.639237862825397
leaf_weight=573 27 28 26 27 30 31 26 27 20 20 24 245 20 21 21 21 20 20 2669 40 22 35 69 63 20 31 238 20 166 32
leaf_count=573 27 28 26 27 30 31 26 27 20 20 24 245 20 21 21 21 20 20 2669 40 22 35 69 63 20 31 238 20 166 32
internal_value=-5.7858e-08 0.117187 14.6165 -9.93486 -0.0558817 9.69954 -0.189218 -0.528453 -0.247123 3.97751 1.00884 3.27459 -17.3213 -5.96114 22.2317 14.8369 26.2115 3.73974 -0.554264 -1.57174 -1.83014 -18.4496 1.76781 2.52739 -1.31837 6.67382 4.85293 -11.2457 6.73602 1.73997
internal_weight=4632 4578 54 54 4524 61 4463 4127 4059 336 289 269 68 41 47 81 40 41 3978 2766 2726 57 1212 1143 593 550 487 51 436 270
internal_count=4632 4578 54 54 4524 61 4463 4127 4059 336 289 269 68 41 47 81 40 41 3978 2766 2726 57 1212 1143 593 550 487 51 436 270
is_linear=0
shrinkage=0.05


Tree=132
num_leaves=31
num_cat=0
split_feature=6 1 6 3 6 6 1 6 3 4 0 4 4 4 5 3 4 5 4 4 0 5 5 4 4 1 5 4 3 6
split_gain=2.09483e+06 3.10455e+06 2.31968e+06 3.42482e+06 2.51471e+06 5.66581e+06 1.20677e+07 6.39289e+06 6.05516e+06 5.07762e+06 4.86263e+06 5.84437e+06 8.61318e+06 5.42957e+06 4.56552e+06 6.55169e+06 3.98181e+06 4.98259e+06 4.18826e+06 5.7785e+06 6.54179e+06 4.56034e+06 9.69165e+06 5.64676e+06 4.30438e+06 6.52483e+06 3.758e+06 4.22894e+06 6.48043e+06 6.2339e+06
threshold=55605.431250000009 2.5000000000000004 55543.250000000007 54460.30000000001 55402.781250000007 55360.531250000007 1.5000000000000002 55328.183333333342 58694.350000000013 52922.900000000001 19.500000000000004 47341.950000000004 53316.150000000001 48064.850000000006 58604.500000000007 62010.000000000007 66123.550000000003 65208.05000000001 64511.950000000004 64095.200000000004 12.500000000000002 65584.400000000009 66588.200000000026 63854.650000000009 64929.350000000013 1.5000000000000002 65067.150000000009 63179.500000000007 65712.550000000003 54798.787499999999
decision_type=2 2 2 2 2 2 2 2 2 2 2 2 2 2 2 2 2 2 2 2 2 2 2 2 2 2 2 2 2 2
left_child=2 -2 4 -4 5 7 -7 16 -9 -8 11 -6 -13 -12 -14 -16 18 -18 19 21 -21 23 -23 26 -20 -26 27 28 -1 -29
right_child=1 -3 3 -5 10 6 9 8 -10 -11 13 12 14 -15 15 -17 17 -19 24 20 -22 22 -24 -25 25 -27 -28 29 -30 -31
leaf_value=-0.30965222867778619 22.70475235617161 0.81455841064453127 2.6330872462346004 -22.568060180119105 -11.038394010066988 -45.885676077433999 -18.527156423700269 26.318457941575488 -3.4251588685171948 8.9515110397338873 7.2056089834733443 32.794570189255936 -11.145107895533243 -28.338347861880347 31.452166672263829 2.3119210558552896 18.832834712096624 -9.2499042510986325 -17.459278844779647 3.2717853736877447 37.73402146540937 30.943379357281856 -9.1813725224247698 -18.613523234877476 18.738125248613027 -8.357831615648772 -16.030941039637515 -1.8311060150464376 -24.899177353470417 24.545921035039996
leaf_weight=3518 25 46 26 28 32 21 29 44 28 40 22 39 30 21 28 62 56 22 71 40 21 34 27 43 29 95 38 48 27 42
leaf_count=3518 25 46 26 28 32 21 29 44 28 40 22 39 30 21 28 62 56 22 71 40 21 34 27 43 29 95 38 48 27 42
internal_value=2.99929e-08 8.52237 -0.132666 -10.4342 -0.00923961 -0.285623 -12.6981 -0.0185611 14.7515 -2.59749 5.03771 8.45762 12.3814 -10.1531 5.74705 11.3778 -0.277244 10.9121 -0.49365 -0.130457 15.1358 -0.377013 13.1832 -0.599611 -7.64204 -2.02087 -0.388722 -0.225199 -0.496935 10.4782
internal_weight=4632 71 4561 54 4507 4273 90 4183 72 69 234 191 159 43 120 90 4111 78 4033 3838 61 3777 61 3716 195 124 3673 3635 3545 90
internal_count=4632 71 4561 54 4507 4273 90 4183 72 69 234 191 159 43 120 90 4111 78 4033 3838 61 3777 61 3716 195 124 3673 3635 3545 90
is_linear=0
shrinkage=0.05


Tree=133
num_leaves=31
num_cat=0
split_feature=0 3 6 6 6 5 4 4 3 5 3 6 3 6 3 3 3 3 3 5 0 1 5 5 5 4 4 5 4 6
split_gain=2.02107e+06 2.90314e+06 3.2224e+06 1.33086e+07 6.85829e+06 4.13139e+06 5.29024e+06 9.2785e+06 4.28223e+06 2.78949e+06 8.66494e+06 7.45866e+06 7.25832e+06 6.561e+06 6.96216e+06 8.36016e+06 4.50595e+06 4.90756e+06 3.71511e+06 3.21495e+06 7.56261e+06 8.71703e+06 6.31897e+06 6.09216e+06 4.77028e+06 9.51529e+06 4.49452e+06 7.13876e+06 3.43359e+06 3.26969e+06
threshold=1.5000000000000002 45795.400000000001 54934.100000000006 55063.693749999999 55237.575000000012 38402.400000000001 45687.750000000007 44147.900000000009 38423.55000000001 40807.700000000004 41564.05000000001 46908.762500000012 40550.250000000007 46808.356250000004 40550.250000000007 39104.55000000001 38700.000000000007 40775.000000000007 37693.450000000004 45622.700000000004 19.500000000000004 3.5000000000000004 44844.000000000007 43294.250000000007 44676.80000000001 48181.600000000013 44487.80000000001 44215.950000000004 46134.250000000007 55431.122916666667
decision_type=2 2 2 2 2 2 2 2 2 2 2 2 2 2 2 2 2 2 2 2 2 2 2 2 2 2 2 2 2 2
left_child=1 2 5 -4 -5 -1 7 8 -7 11 12 13 -11 14 15 18 -13 -18 -2 20 24 22 -22 -23 26 -26 -12 -28 -24 -21
right_child=9 -3 3 4 -6 6 -8 -9 -10 10 19 16 -14 -15 -16 -17 17 -19 -20 29 21 23 28 -25 25 -27 27 -29 -30 -31
leaf_value=8.185702679204006 15.319246406555175 -11.271258068608715 40.623975298621446 -26.258376842996348 8.88908279963902 -22.028478029480688 7.1968782879057391 -37.002271886025703 1.715512315183878 -6.2755996789783239 40.231660946932706 34.589040420532228 -37.6035902610192 -26.983093660528013 -16.399552464485168 34.320786463297331 -3.3788718639101298 23.099030472891673 -13.112800541630499 -0.50233509438423285 -2.0233198299742585 -3.0250783597919302 35.393931022644047 -28.513653433663507 -12.802126302474585 26.247670335036062 2.9060057837030162 37.022389237777048 7.5990043640136724 5.4828659949010738
leaf_weight=51 20 91 22 23 35 27 42 31 64 64 22 25 26 22 32 26 35 35 27 3325 57 71 25 35 39 26 46 23 20 245
leaf_count=51 20 91 22 23 35 27 42 31 64 64 22 25 26 22 32 26 35 35 27 3325 57 71 25 35 39 26 46 23 20 245
internal_value=3.87118e-08 -3.46396 -1.05561 7.51128 -5.0487 -4.24329 -8.1084 -13.3774 -5.32941 0.314906 0.0138895 5.77116 -15.3259 -2.15539 3.04661 11.571 16.3677 9.86008 -1.01406 0.364825 4.84117 -1.40029 9.03431 -11.4411 13.1631 2.81779 20.5526 14.2781 23.0406 -0.091586
internal_weight=4632 386 295 80 58 215 164 122 91 4246 4024 222 90 127 105 73 95 70 47 3934 364 208 102 106 156 65 91 69 45 3570
internal_count=4632 386 295 80 58 215 164 122 91 4246 4024 222 90 127 105 73 95 70 47 3934 364 208 102 106 156 65 91 69 45 3570
is_linear=0
shrinkage=0.05


Tree=134
num_leaves=31
num_cat=0
split_feature=0 3 4 4 3 3 6 0 5 5 4 5 0 6 1 3 6 4 6 3 5 4 4 0 3 5 6 6 4 5
split_gain=1.89581e+06 4.53385e+06 5.18905e+06 3.34976e+06 3.02152e+06 2.40777e+06 2.33273e+06 2.51678e+06 5.27754e+06 8.6041e+06 4.95668e+06 4.31307e+06 4.43499e+06 8.31642e+06 5.07022e+06 4.90071e+06 4.0734e+06 4.01404e+06 3.53006e+06 3.31158e+06 8.17746e+06 7.57196e+06 1.14838e+07 6.46614e+06 6.50729e+06 6.23594e+06 1.152e+07 8.92922e+06 5.04848e+06 4.61776e+06
threshold=22.500000000000004 47368.250000000007 44147.900000000009 46433.150000000009 45534.700000000004 41109.30000000001 55605.431250000009 3.5000000000000004 40807.700000000004 39087.900000000009 48758.650000000009 48778.80000000001 2.5000000000000004 53919.522916666669 3.5000000000000004 40272.100000000013 54934.100000000006 47667.450000000004 55441.72083333334 43779.700000000004 46166.250000000007 51071.650000000009 48064.850000000006 20.500000000000004 50122.850000000006 49173.100000000006 48390.962500000016 47228.891666666677 41967.750000000007 47441.150000000001
decision_type=2 2 2 2 2 2 2 2 2 2 2 2 2 2 2 2 2 2 2 2 2 2 2 2 2 2 2 2 2 2
left_child=6 2 5 4 -4 -2 7 10 9 -9 11 12 17 15 -15 -14 -13 18 -1 -10 21 22 28 25 29 26 27 -22 -21 -25
right_child=1 -3 3 -5 -6 -7 -8 8 19 -11 -12 16 13 14 -16 -17 -18 -19 -20 20 23 -23 -24 24 -26 -27 -28 -29 -30 -31
leaf_value=-0.46434509613829295 -23.781423418862481 -24.273285234891453 1.0282666988861866 -10.463395420074463 21.115937174691098 -4.5636420421111277 9.2661956896100719 -5.2209864766974201 -6.9529662119944895 26.342674112319948 -16.999366733621468 -31.117549630869991 -20.393129125663215 10.376267398595811 40.260200777920815 9.189403746809278 -0.26408367156982421 -21.118149059790156 -20.499022840416952 30.162551056254998 4.6105552226305013 -7.5234850010973346 40.641396299089706 -11.875502722609689 -24.215443698565167 -0.076702571404412681 17.953109352772398 -30.627491292953493 3.8633997059314051 6.3895343934572661
leaf_weight=499 28 26 39 25 36 39 70 38 150 50 55 23 28 40 22 28 20 27 23 22 64 47 35 74 51 2743 133 25 107 65
leaf_count=499 28 26 39 25 36 39 70 38 150 50 55 23 28 40 22 28 20 27 23 22 64 47 35 74 51 2743 133 25 107 65
internal_value=1.71161e-09 -4.85117 -1.82737 5.38691 10.6703 -12.595 0.21092 0.0658371 0.618729 12.7129 -2.5389 -1.41872 -0.429243 8.36501 20.9802 -5.60186 -16.7671 -2.31945 -1.3471 0.31603 0.63996 10.1697 15.2403 0.00263124 -8.93924 0.575635 8.63582 -5.28777 8.34853 -3.3343
internal_weight=4632 193 167 100 75 67 4439 4369 3604 88 765 710 667 118 62 56 43 549 522 3516 3366 211 164 3155 190 2965 222 89 129 139
internal_count=4632 193 167 100 75 67 4439 4369 3604 88 765 710 667 118 62 56 43 549 522 3516 3366 211 164 3155 190 2965 222 89 129 139
is_linear=0
shrinkage=0.05


Tree=135
num_leaves=31
num_cat=0
split_feature=6 6 1 5 4 6 0 6 4 6 3 0 4 5 0 0 3 0 4 6 3 0 5 5 4 4 6 6 6 4
split_gain=1.86746e+06 4.36423e+06 2.86966e+06 3.34496e+06 2.82399e+06 4.03821e+06 1.04581e+07 3.85735e+06 3.18389e+06 4.88025e+06 4.5642e+06 5.40891e+06 3.93989e+06 5.52919e+06 5.423e+06 3.8428e+06 3.1381e+06 3.10373e+06 1.49993e+07 1.36362e+07 5.84092e+06 4.83174e+06 6.52825e+06 4.74238e+06 5.55317e+06 3.49513e+06 3.48228e+06 8.39798e+06 4.80535e+06 7.66582e+06
threshold=54710.014583333344 54681.683333333342 1.5000000000000002 53167.950000000004 39670.600000000006 54741.866666666676 16.500000000000004 54732.156250000007 45032.80000000001 54984.63958333333 46454.350000000013 3.5000000000000004 45585.250000000007 43635.500000000007 22.500000000000004 1.5000000000000002 44907.400000000009 2.5000000000000004 46838.700000000004 55076.45625000001 47430.100000000006 5.5000000000000009 48694.05000000001 50040.950000000004 48673.100000000006 47023.650000000009 55215.347916666673 55360.531250000007 54975.852083333339 51386.900000000009
decision_type=2 2 2 2 2 2 2 2 2 2 2 2 2 2 2 2 2 2 2 2 2 2 2 2 2 2 2 2 2 2
left_child=1 -1 -3 -4 -2 6 7 -6 9 -7 16 -12 15 -14 17 -10 -11 18 19 -15 23 22 -22 24 25 -19 28 -28 -24 -30
right_child=4 2 3 -5 5 8 -8 -9 12 10 11 -13 13 14 -16 -17 -18 20 -20 -21 21 -23 26 -25 -26 -27 27 -29 29 -31
leaf_value=-0.5885314979326085 -16.379735133958899 -1.2751013437906902 -8.068557461825284 -36.321506214141849 36.237271076440813 -2.5204045109934623 -10.938791286945344 9.3926753500233531 -24.241067385673524 14.050108316966467 -13.525257030487062 19.706054512659708 21.227809113264087 31.233029341697694 -18.951186550988094 -0.26805760724203925 37.825058447796366 3.469723973735686 -27.805884744683091 -19.902952900799839 15.977300262451173 1.3419921699610888 -5.3739690445718313 34.263923761844637 -11.17187727519444 26.850227032285751 21.227265498949137 -18.648546271170343 -49.364553484709369 -9.3667642517089842
leaf_weight=2346 23 30 22 20 32 77 32 23 32 35 25 24 32 32 36 35 23 31 49 22 25 1401 42 20 28 33 23 31 23 25
leaf_count=2346 23 30 22 20 32 77 32 23 32 35 25 24 32 32 36 35 23 31 49 22 25 1401 42 20 28 33 23 31 23 25
internal_value=3.69068e-08 -0.960664 -13.086 -21.5223 1.04918 1.23214 11.7883 25.0113 0.795645 7.07866 13.9864 2.7513 0.193523 0.62421 0.262148 -11.7179 23.4781 0.649643 -7.77569 10.3999 1.16558 0.378615 -7.60773 12.1972 7.40007 15.5253 -11.7023 -1.6644 -17.7251 -28.5324
internal_weight=4632 2418 72 42 2214 2191 87 55 2104 184 107 49 1920 1853 1821 67 58 1785 103 54 1682 1570 169 112 92 64 144 54 90 48
internal_count=4632 2418 72 42 2214 2191 87 55 2104 184 107 49 1920 1853 1821 67 58 1785 103 54 1682 1570 169 112 92 64 144 54 90 48
is_linear=0
shrinkage=0.05


Tree=136
num_leaves=31
num_cat=0
split_feature=3 3 6 4 5 5 0 3 5 3 3 4 4 5 5 4 3 4 0 1 3 3 5 5 5 6 6 5 5 3
split_gain=1.82293e+06 4.06781e+06 4.77528e+06 2.78574e+06 2.1525e+06 7.32152e+06 7.88927e+06 7.20635e+06 7.16966e+06 1.09402e+07 3.55593e+06 3.48086e+06 1.0224e+07 6.79763e+06 8.85194e+06 1.16271e+07 5.75735e+06 4.16388e+06 4.68752e+06 3.04166e+06 9.58856e+06 5.74572e+06 8.26608e+06 1.3394e+07 2.66289e+06 2.58802e+06 4.5855e+06 2.42278e+06 3.70527e+06 8.37508e+06
threshold=66588.200000000026 65880.60000000002 55172.31458333334 63179.500000000007 64360.05000000001 65729.400000000009 11.500000000000002 63954.200000000004 63994.850000000006 63417.450000000004 64773.150000000001 64095.200000000004 64511.950000000004 63060.700000000004 61623.400000000009 65550.550000000003 55074.350000000006 63696.000000000007 12.500000000000002 3.5000000000000004 61611.05000000001 63337.450000000004 65067.150000000009 64629.900000000001 64821.950000000004 54569.14166666667 55003.608333333344 63656.700000000004 61035.450000000004 57875.200000000004
decision_type=2 2 2 2 2 2 2 2 2 2 2 2 2 2 2 2 2 2 2 2 2 2 2 2 2 2 2 2 2 2
left_child=1 4 -3 -2 8 19 -7 -8 10 -10 11 17 -13 14 15 16 -14 27 -19 20 -6 -22 23 -23 -21 -12 -27 28 -1 -30
right_child=3 2 -4 -5 5 6 7 -9 9 -11 25 12 13 -15 -16 -17 -18 18 -20 24 21 22 -24 -25 -26 26 -28 -29 29 -31
leaf_value=-0.30596799878038372 -20.489426944873955 1.8885982975815283 32.388571403140112 2.2235028867368345 26.133053207397463 -9.5925969190375753 -5.1462549300420859 31.183407049912674 -2.8546776580810551 37.594650691747667 2.4152520221212637 30.391722019298658 2.8742967464305735 20.053171953473775 -29.498238641875133 26.512037557363513 -32.032547042483372 0.87892639853737586 -31.760714478926225 -7.5509083487770781 -26.85281280517578 -20.534607265076858 -20.725254040672667 30.828872839609787 -30.985198465983075 -35.350844186828247 -3.6579151420593266 -14.626493855885096 30.609009348551435 2.679958440182256
leaf_weight=3545 27 33 21 27 20 43 21 39 35 32 23 37 27 35 28 32 21 22 22 22 40 22 42 30 27 21 25 28 30 255
leaf_count=3545 27 33 21 27 20 43 21 39 35 32 23 37 27 35 28 32 21 22 22 22 40 22 42 30 27 21 25 28 30 255
internal_value=9.8421e-09 0.107728 13.7497 -9.13296 -0.0551069 -4.10434 6.7534 18.468 0.23865 16.4644 -0.0232453 0.16702 6.96507 0.903623 -5.30225 3.16635 -12.3974 -0.146576 -15.4409 -9.61344 -6.16109 -10.9811 -4.22719 9.09817 -20.4637 -11.2792 -18.1264 0.0278541 0.134988 5.61986
internal_weight=4632 4578 54 54 4524 306 103 60 4218 67 4151 4082 180 143 108 80 48 3902 44 203 154 134 94 52 49 69 46 3858 3830 285
internal_count=4632 4578 54 54 4524 306 103 60 4218 67 4151 4082 180 143 108 80 48 3902 44 203 154 134 94 52 49 69 46 3858 3830 285
is_linear=0
shrinkage=0.05


Tree=137
num_leaves=31
num_cat=0
split_feature=4 4 6 5 5 6 1 5 6 1 6 6 0 5 5 4 6 0 5 5 6 3 0 3 5 4 6 0 4 5
split_gain=1.80043e+06 3.71898e+06 3.83964e+06 3.1686e+06 2.66732e+06 4.81808e+06 2.09796e+06 6.06259e+06 3.00594e+06 4.83743e+06 8.23565e+06 3.71638e+06 9.61e+06 3.48398e+06 5.75005e+06 7.31778e+06 4.15392e+06 3.59785e+06 1.31696e+07 1.27704e+07 5.3321e+06 1.1199e+07 7.86372e+06 4.77746e+06 4.21984e+06 1.24022e+07 7.58774e+06 3.98889e+06 6.98369e+06 6.86836e+06
threshold=36800.05000000001 38901.450000000004 46591.983333333344 46395.350000000013 44900.05000000001 47098.847916666673 1.0000000180025095e-35 46021.650000000009 54710.014583333344 5.5000000000000009 47027.693750000006 54741.866666666676 16.500000000000004 37663.700000000004 39349.850000000013 46589.400000000001 47926.833333333343 4.5000000000000009 48962.05000000001 44520.700000000004 54422.481250000004 40775.000000000007 1.5000000000000002 44215.950000000004 51937.400000000001 60846.700000000004 49521.720833333347 21.500000000000004 52100.700000000004 48377.80000000001
decision_type=2 2 2 2 2 2 2 2 2 2 2 2 2 2 2 2 2 2 2 2 2 2 2 2 2 2 2 2 2 2
left_child=-1 2 -2 4 5 -4 7 -3 9 13 -11 12 -10 -8 15 -15 -16 18 20 -19 21 -18 -22 -21 25 27 -26 28 -25 -30
right_child=1 6 3 -5 -6 -7 8 -9 11 10 -12 -13 -14 14 16 -17 17 19 -20 23 22 -23 -24 24 26 -27 -28 -29 29 -31
leaf_value=10.838711306923315 -28.522286376953129 23.768141786979911 5.867856568556566 -19.004296061910434 15.597162115006221 -22.605540813008943 -21.19172194344657 1.7035952706662092 23.701965030323379 -0.46617674023552019 17.070246152753953 0.54799243397065589 -11.109222793579102 -2.1517010227326425 -14.934988210259414 36.640890159606933 0.61839117136868571 28.70092968796239 -45.832049330798064 -24.573526367187501 -11.288616433254509 -40.771721297044024 18.950205962602482 19.551403970945451 -30.744562172889712 36.480610007286074 -3.4684417062451227 -20.437498192165208 8.4282062634825703 -13.736944583329288
leaf_weight=38 20 33 39 29 21 24 28 550 55 513 77 2089 31 31 82 20 44 33 22 25 43 26 43 42 27 25 458 23 64 77
leaf_count=38 20 33 39 29 21 24 28 550 55 513 77 2089 31 31 82 20 44 33 22 25 43 26 43 42 27 25 458 23 64 77
internal_value=1.91946e-08 -0.0896541 -8.3287 -4.75461 0.164927 -4.97915 0.155984 2.95253 -0.264435 -1.83762 1.82248 0.967346 11.1537 -3.77782 -3.32843 13.0611 -4.13681 -3.20672 -9.61636 -1.73267 -4.50902 -14.7551 3.83079 -3.08801 -2.33782 3.22412 -4.98691 -0.811859 1.65475 -3.67617
internal_weight=4632 4594 133 113 84 63 4461 583 3878 1703 590 2175 86 1113 1085 51 1034 952 178 774 156 70 86 741 716 231 485 206 183 141
internal_count=4632 4594 133 113 84 63 4461 583 3878 1703 590 2175 86 1113 1085 51 1034 952 178 774 156 70 86 741 716 231 485 206 183 141
is_linear=0
shrinkage=0.05


Tree=138
num_leaves=31
num_cat=0
split_feature=0 4 5 3 4 3 0 4 3 6 4 6 6 5 5 4 0 3 4 6 5 5 6 3 5 4 4 6 5 0
split_gain=1.70484e+06 2.95244e+06 3.83619e+06 3.81442e+06 3.78634e+06 3.62541e+06 2.0491e+06 5.04173e+06 5.65729e+06 3.22226e+06 3.19064e+06 2.93164e+06 5.20875e+06 6.37665e+06 4.14288e+06 3.52618e+06 2.87489e+06 6.68444e+06 6.03922e+06 4.33138e+06 1.4609e+07 1.16124e+07 4.27458e+06 5.81462e+06 5.0336e+06 3.82444e+06 4.50021e+06 4.59323e+06 5.34231e+06 6.04544e+06
threshold=1.0000000180025095e-35 44663.000000000007 43464.600000000006 40272.100000000013 43229.05000000001 45359.500000000007 18.500000000000004 52611.950000000004 54225.850000000006 46376.16041666668 37666.500000000007 55298.952083333344 55360.531250000007 45534.700000000004 52765.450000000004 48758.650000000009 20.500000000000004 51224.600000000013 43403.450000000004 47926.833333333343 49071.600000000013 43294.250000000007 54732.156250000007 52045.650000000009 50652.80000000001 45989.350000000006 45687.750000000007 54962.758333333346 47204.80000000001 22.500000000000004
decision_type=2 2 2 2 2 2 2 2 2 2 2 2 2 2 2 2 2 2 2 2 2 2 2 2 2 2 2 2 2 2
left_child=1 3 -3 -1 -5 -4 9 11 -9 -2 -11 14 -13 -14 16 -15 18 25 -8 21 -21 -20 -22 -24 -25 26 27 28 29 -18
right_child=6 2 5 4 -6 -7 7 8 -10 10 -12 12 13 15 -16 -17 17 -19 19 20 22 -23 23 24 -26 -27 -28 -29 -30 -31
leaf_value=-9.9959977746009834 -14.550845073251162 -27.698295930715712 -21.37276291847229 26.688394165039064 0.45054173903031791 5.3130693708147323 -12.309927904372122 0.29052283423287528 -30.715088850452055 19.478016961139183 0.79265808895369849 27.72845121673916 -22.425706937096336 18.123475903999516 -19.377029887835185 -3.3214373482598201 8.8435252029068625 -31.089189370473225 17.781898301223229 38.675014572046905 14.90702806398636 -26.963332143323175 15.338859072598545 -33.05486698150635 0.76821129538796162 -8.0422434966657423 22.450453451405401 14.036328394148086 -18.881720839606391 -9.2655874745599149
leaf_weight=48 34 26 20 20 44 35 51 28 31 23 3417 23 22 41 33 36 98 21 29 37 41 29 22 22 22 179 23 45 45 87
leaf_count=48 34 26 20 20 44 35 51 28 31 23 3417 23 22 41 33 36 98 21 29 37 41 29 22 22 22 179 23 45 45 87
internal_value=-7.07918e-09 -4.60036 -11.8723 0.658784 8.64987 -4.39087 0.200016 -1.83825 -16.0006 0.7662 0.917589 -0.915977 6.2941 1.3144 -2.03795 8.09728 -1.27605 -3.48104 3.06421 6.94579 11.5924 -4.59072 2.22745 -5.64927 -16.1433 -2.26559 1.20429 -0.572667 -3.43095 0.327348
internal_weight=4632 193 81 112 64 55 4439 965 59 3474 3440 906 122 99 784 77 751 498 253 202 144 58 107 66 44 477 298 275 230 185
internal_count=4632 193 81 112 64 55 4439 965 59 3474 3440 906 122 99 784 77 751 498 253 202 144 58 107 66 44 477 298 275 230 185
is_linear=0
shrinkage=0.05


Tree=139
num_leaves=31
num_cat=0
split_feature=3 3 5 5 5 0 3 5 3 3 4 4 5 5 4 3 4 0 1 3 3 5 5 0 4 6 5 6 4 4
split_gain=1.70179e+06 2.12515e+06 5.58005e+06 2.02747e+06 6.55559e+06 7.09481e+06 6.50122e+06 6.40876e+06 9.8674e+06 3.25428e+06 3.16835e+06 9.1768e+06 6.05103e+06 8.09481e+06 1.05202e+07 5.23636e+06 3.77842e+06 4.19118e+06 2.71787e+06 8.69258e+06 8.15505e+06 7.41982e+06 1.21026e+07 2.69893e+06 2.40217e+06 4.20537e+06 2.23059e+06 1.17546e+07 9.19159e+06 6.998e+06
threshold=66923.85000000002 65880.60000000002 64629.900000000001 64360.05000000001 65729.400000000009 11.500000000000002 63954.200000000004 63994.850000000006 63417.450000000004 64773.150000000001 64095.200000000004 64511.950000000004 63060.700000000004 61623.400000000009 65550.550000000003 55074.350000000006 63696.000000000007 12.500000000000002 3.5000000000000004 62010.000000000007 63337.450000000004 65067.150000000009 64629.900000000001 11.500000000000002 59921.05000000001 55003.608333333344 62877.250000000007 52355.67500000001 62410.400000000009 61354.350000000013
decision_type=2 2 2 2 2 2 2 2 2 2 2 2 2 2 2 2 2 2 2 2 2 2 2 2 2 2 2 2 2 2
left_child=1 3 -3 7 18 -6 -7 9 -9 10 16 -12 13 14 15 -13 26 -18 19 -5 -21 22 -22 -20 -11 -26 29 -28 -29 -1
right_child=-2 2 -4 4 5 6 -8 8 -10 24 11 12 -14 -15 -16 -17 17 -19 23 20 21 -23 -24 -25 25 -27 27 28 -30 -31
leaf_value=-0.32513012363673016 -10.828738461600409 -4.1966736915784004 23.739433762521458 19.269164950507029 -9.2076929012010265 -5.0266715095156718 29.47985792404566 -2.7725335747855056 35.642381151765584 3.8213331604003908 28.848958172669281 2.9148816285309973 18.979092990330287 -28.08150023051671 25.361532709002496 -30.375118773324147 0.73192433443936444 -30.131348939375442 -31.926579848579742 -33.331633815169333 -19.651521214571869 -19.739062597638085 29.173092778523763 -8.4133095887991107 -31.093421546936039 -1.7916181921958925 25.573790413992747 -31.848430802101316 3.5420654058456424 8.6395568840462591
leaf_weight=3530 36 39 33 28 43 21 39 35 32 20 37 27 35 28 32 21 22 22 23 32 22 42 30 26 25 24 21 43 32 232
leaf_count=3530 36 39 33 28 43 21 39 35 32 20 37 27 35 28 32 21 22 22 23 32 22 42 30 26 25 24 21 43 32 232
internal_value=4.52538e-08 0.0848205 8.60738 -0.050817 -3.98069 6.29343 17.4026 0.23428 15.5749 -0.0133276 0.168688 6.65439 0.911745 -4.94341 3.15492 -11.6495 -0.130499 -14.6997 -9.19367 -5.93024 -11.5301 -4.10831 8.51653 -19.4502 -10.7813 -16.7415 0.0356612 -7.49049 -16.7485 0.227716
internal_weight=4632 4596 72 4524 306 103 60 4218 67 4151 4082 180 143 108 80 48 3902 44 203 154 126 94 52 49 69 49 3858 96 75 3762
internal_count=4632 4596 72 4524 306 103 60 4218 67 4151 4082 180 143 108 80 48 3902 44 203 154 126 94 52 49 69 49 3858 96 75 3762
is_linear=0
shrinkage=0.05


Tree=140
num_leaves=31
num_cat=0
split_feature=0 4 5 6 5 5 3 3 5 3 5 0 5 5 3 3 4 4 5 0 3 4 6 6 3 0 5 3 4 6
split_gain=1.63131e+06 4.54192e+06 3.90154e+06 4.24591e+06 3.50599e+06 9.56234e+06 1.4196e+07 6.46924e+06 4.90971e+06 1.36459e+07 6.80954e+06 4.02863e+06 6.22768e+06 5.4684e+06 5.28477e+06 3.55756e+06 3.41514e+06 5.48165e+06 4.52805e+06 1.08736e+07 6.86869e+06 6.21399e+06 4.52522e+06 6.60003e+06 4.41455e+06 9.90636e+06 4.96322e+06 4.31663e+06 6.43802e+06 7.63238e+06
threshold=3.5000000000000004 48758.650000000009 48778.80000000001 54975.852083333339 45732.250000000007 45066.900000000009 44844.000000000007 44215.950000000004 44097.80000000001 45070.700000000004 44585.850000000013 2.5000000000000004 46395.350000000013 46869.450000000004 46454.350000000013 46605.55000000001 39315.400000000001 40182.150000000009 41825.500000000007 20.500000000000004 44336.55000000001 53126.55000000001 52793.006250000006 53722.86041666667 45359.500000000007 19.500000000000004 47308.850000000013 38911.450000000004 47095.450000000004 46736.439583333333
decision_type=2 2 2 2 2 2 2 2 2 2 2 2 2 2 2 2 2 2 2 2 2 2 2 2 2 2 2 2 2 2
left_child=1 2 4 -4 5 8 -7 -6 -1 10 -10 12 -9 -14 -15 -13 -2 -18 19 -19 21 22 -20 -24 25 26 -22 -21 29 -29
right_child=16 -3 3 -5 7 6 -8 11 9 -11 -12 15 13 14 -16 -17 17 18 20 27 24 -23 23 -25 -26 -27 -28 28 -30 -31
leaf_value=-2.9586371726923058 -9.6753268233159702 -15.945285667939622 -29.639532061417896 1.5537516164779666 20.577820713715809 -49.098747158050543 -0.32368789672851567 11.403751028456341 49.890479812622075 -12.721429801631619 12.699246409535409 25.062531419900751 -30.416441978727068 8.6371851893833718 -22.636218383095482 0.49307249153361604 20.624614827773151 33.896873299514546 -7.6735605452118847 -19.565740718841553 43.817104331306794 15.386106815338136 -46.915121355923745 -8.1851960095492284 0.30807119744453459 -10.239197223527093 9.7600394916534441 -5.7384703000386565 -14.307680262052097 31.318914378773083
leaf_weight=286 82 55 24 20 51 26 35 41 20 37 32 26 28 35 22 34 34 34 82 20 23 20 22 22 3390 28 20 24 26 33
leaf_count=286 82 55 24 20 51 26 35 41 20 37 32 26 28 35 22 34 34 34 82 20 23 20 22 22 3390 28 20 24 26 33
internal_value=5.81554e-09 -2.09816 -1.03597 -15.4608 -0.0928929 -2.75361 -21.1131 4.80193 0.23286 10.4887 27.0036 0.476282 -4.6016 -12.3218 -3.43325 11.1398 0.419632 0.63874 0.457244 9.37942 0.118365 -10.5049 -14.6146 -27.5502 0.5665 12.9056 27.9766 1.28628 6.31086 15.7158
internal_weight=4632 772 717 44 673 436 61 237 375 89 52 186 126 85 57 60 3860 3778 3744 137 3607 146 126 44 3461 71 43 103 83 57
internal_count=4632 772 717 44 673 436 61 237 375 89 52 186 126 85 57 60 3860 3778 3744 137 3607 146 126 44 3461 71 43 103 83 57
is_linear=0
shrinkage=0.05


Tree=141
num_leaves=31
num_cat=0
split_feature=4 4 6 5 5 6 0 5 0 4 3 3 3 6 3 3 1 5 0 6 4 3 6 6 4 6 6 5 6 3
split_gain=1.67886e+06 3.17107e+06 3.44558e+06 2.83606e+06 2.35722e+06 4.21368e+06 1.87281e+06 4.23009e+06 7.99228e+06 3.95444e+06 3.28242e+06 1.06205e+07 4.622e+06 5.06424e+06 5.78824e+06 5.04595e+06 4.11083e+06 6.84484e+06 6.66864e+06 3.86703e+06 4.1436e+06 7.89495e+06 3.74453e+06 1.17633e+07 1.11722e+07 5.12545e+06 3.53893e+06 3.20123e+06 2.91533e+06 2.78258e+06
threshold=36800.05000000001 38901.450000000004 46591.983333333344 46395.350000000013 44900.05000000001 47098.847916666673 3.5000000000000004 40532.650000000001 21.500000000000004 48758.650000000009 46454.350000000013 46222.200000000004 45841.400000000009 54710.014583333344 45070.700000000004 45623.950000000004 3.5000000000000004 44336.55000000001 2.5000000000000004 54422.481250000004 39960.200000000004 41328.750000000007 55063.693749999999 54934.100000000006 45321.900000000009 55202.758333333339 53919.522916666669 39349.850000000013 54844.45416666667 43779.700000000004
decision_type=2 2 2 2 2 2 2 2 2 2 2 2 2 2 2 2 2 2 2 2 2 2 2 2 2 2 2 2 2 2
left_child=-1 2 -2 4 5 -4 9 8 -8 10 11 12 13 14 19 22 17 -12 -19 20 -3 26 23 24 -15 -24 27 -22 -20 -9
right_child=1 6 3 -5 -6 -7 7 29 -10 -11 16 -13 -14 15 -16 -17 -18 18 28 -21 21 -23 25 -25 -26 -27 -28 -29 -30 -31
leaf_value=10.466382419435602 -26.823836393356324 8.3111578916892039 5.6534775587228632 -17.7900231854669 14.852871863047282 -20.974197069803875 30.854815350156844 -6.0134688745447979 0.86632878499872545 -15.148021056435326 13.123985481262208 36.420031757354735 -17.266402518443574 -22.51000289618969 -26.280172376279481 30.197308044433598 8.3424723378543195 -34.755990898295458 -18.408140286532316 11.078860237287438 3.5387237375432798 -37.396047644181685 -20.14187914940619 37.178640444525364 17.352129877530611 5.2809090048616589 10.761049209322248 -21.237735503911974 7.9680349826812744 0.59161407357744888
leaf_weight=38 20 39 39 29 21 24 33 167 68 55 20 20 39 32 27 20 29 38 22 46 22 22 31 29 39 55 28 32 20 3528
leaf_count=38 20 39 39 29 21 24 33 167 68 55 20 20 39 32 27 20 29 38 22 46 22 22 31 29 39 55 28 32 20 3528
internal_value=2.87442e-08 -0.0865743 -7.69453 -4.30881 0.345419 -4.4904 0.140249 0.569042 10.6645 -2.30742 -1.14966 0.749774 -0.797743 0.724242 -4.62482 6.33297 -8.23205 -13.0387 -19.5793 -1.5312 -5.58758 -10.7996 3.76691 10.3459 -0.613902 -3.88312 -3.66398 -11.1436 -5.84806 0.293089
internal_weight=4632 4594 133 113 84 63 4461 3796 101 665 610 481 461 422 216 206 129 100 80 189 143 104 186 100 71 86 82 54 42 3695
internal_count=4632 4594 133 113 84 63 4461 3796 101 665 610 481 461 422 216 206 129 100 80 189 143 104 186 100 71 86 82 54 42 3695
is_linear=0
shrinkage=0.05


Tree=142
num_leaves=31
num_cat=0
split_feature=0 3 6 6 3 6 5 0 5 4 6 6 6 4 3 3 5 6 6 5 6 3 3 4 5 6 0 6 0 5
split_gain=1.61363e+06 6.57717e+06 5.72746e+06 1.00457e+07 4.76162e+06 3.0297e+06 4.22554e+06 6.217e+06 3.68483e+06 3.30203e+06 5.6115e+06 4.38342e+06 3.84414e+06 3.41753e+06 4.54383e+06 4.32809e+06 4.12818e+06 4.4933e+06 6.08479e+06 3.16988e+06 2.98024e+06 2.82905e+06 3.02685e+06 3.21388e+06 2.49767e+06 2.49144e+06 6.2382e+06 2.54972e+06 2.29075e+06 4.69382e+06
threshold=19.500000000000004 52045.650000000009 55202.758333333339 54878.385416666679 51597.000000000007 55146.743750000001 48694.05000000001 20.500000000000004 47780.500000000007 45989.350000000006 54980.795833333344 54832.847916666673 54962.758333333346 39315.400000000001 39104.55000000001 42912.250000000007 41120.850000000006 54275.32916666667 54631.195833333339 42718.150000000001 46376.16041666668 46306.250000000007 47683.350000000006 47477.05000000001 39349.850000000013 47926.833333333343 21.500000000000004 47460.389583333344 10.500000000000002 45066.900000000009
decision_type=2 2 2 2 2 2 2 2 2 2 2 2 2 2 2 2 2 2 2 2 2 2 2 2 2 2 2 2 2 2
left_child=20 4 3 -3 5 6 9 -8 21 12 11 24 13 15 -15 -2 -16 19 -19 -18 -1 -7 -23 -24 -11 27 -27 -26 -22 -30
right_child=1 2 -4 -5 -6 8 7 -9 -10 10 -12 -13 -14 14 16 -17 17 18 -20 -21 28 22 23 -25 25 26 -28 -29 29 -31
leaf_value=-13.334409346947304 0.88665129636463369 -21.741473816536569 -34.264700119583694 22.241289749145508 20.946853691101076 16.560053131797098 1.6261126151451699 -32.04490374203386 19.600128353343294 9.230115833282472 -30.548278652537956 17.109843756935813 18.09923725873232 -18.956430162702286 17.984118636773555 -25.020466102872575 1.7640140793540262 27.312847391764326 -1.5843617916107178 -24.783392568256545 -0.54530788712334211 -16.619040956168341 -6.8988428238899475 18.089121090282095 -9.0923484063917588 11.448789223757657 -21.298990981395431 -31.990759048461918 18.843112037330865 1.5115726234168527
leaf_weight=39 38 37 27 20 25 22 26 29 34 20 22 22 32 21 49 28 22 27 56 23 2109 29 31 22 31 33 26 20 40 1672
leaf_count=39 38 37 27 20 25 22 26 29 34 20 22 22 32 21 49 28 22 27 56 23 2109 29 31 22 31 33 26 20 40 1672
internal_value=-1.51276e-08 -2.08676 -15.2947 -6.30893 -0.47416 -1.28189 -3.01479 -16.1277 5.31065 -1.4803 -6.94647 -3.53041 1.73292 -0.250874 3.03358 -10.1042 5.64257 0.91807 7.81594 -11.8047 0.417352 0.639092 -3.63239 3.47352 -7.02338 -9.97856 -2.98244 -18.0721 0.557713 1.91652
internal_weight=4632 772 84 57 688 663 525 55 138 470 174 152 296 264 198 66 177 128 83 45 3860 104 82 53 130 110 59 51 3821 1712
internal_count=4632 772 84 57 688 663 525 55 138 470 174 152 296 264 198 66 177 128 83 45 3860 104 82 53 130 110 59 51 3821 1712
is_linear=0
shrinkage=0.05


Tree=143
num_leaves=31
num_cat=0
split_feature=3 3 4 4 5 5 0 3 5 4 4 3 3 1 3 4 3 4 5 5 6 5 6 3 5 3 6 6 6 4
split_gain=1.63903e+06 3.34092e+06 4.74647e+06 2.56748e+06 1.96699e+06 6.28256e+06 6.38854e+06 5.86736e+06 4.33002e+06 5.00574e+06 1.09086e+07 3.01109e+06 3.08101e+06 3.2599e+06 1.17851e+07 9.91312e+06 6.67609e+06 6.46037e+06 6.30913e+06 4.78481e+06 7.57641e+06 5.01512e+06 3.79115e+06 4.78926e+06 6.04435e+06 5.882e+06 5.86593e+06 7.54137e+06 6.16279e+06 4.77977e+06
threshold=66588.200000000026 65880.60000000002 64511.950000000004 63179.500000000007 64469.80000000001 65729.400000000009 11.500000000000002 63954.200000000004 63994.850000000006 63854.650000000009 62341.100000000013 64773.150000000001 64430.950000000004 1.5000000000000002 64021.850000000013 60060.750000000007 62117.05000000001 61870.850000000006 62462.400000000009 61730.100000000013 51840.12708333334 60095.400000000001 55328.183333333342 46388.950000000004 49666.450000000004 50040.950000000004 55502.541666666679 55402.781250000007 55577.654166666674 48577.250000000007
decision_type=2 2 2 2 2 2 2 2 2 2 2 2 2 2 2 2 2 2 2 2 2 2 2 2 2 2 2 2 2 2
left_child=1 4 -3 -2 8 -6 -7 -8 11 10 -10 12 13 15 22 19 17 -17 -18 21 -21 -1 -15 -24 29 -26 27 -27 -28 -25
right_child=3 2 -4 -5 5 6 7 -9 9 -11 -12 -13 -14 14 -16 16 18 -19 -20 20 -22 -23 23 24 25 26 28 -29 -30 -31
leaf_value=0.7935180344715782 -19.562573334022805 26.749848338535855 -2.9180452786959137 2.2424664815266926 -9.5224245345720675 -8.8391707442527601 -4.8959005991617843 27.885302255092526 2.1474974892356182 -5.3433348853012612 47.600991509177476 -10.358299274721007 13.812006006008241 -1.2371011077359644 -39.084594163894657 24.721046217282616 46.464166838151442 -9.3726099187677558 11.230956339836121 29.495972715105331 -6.543081146240235 -15.331681165508195 18.003655823071799 -2.1801814457465865 31.33385044279553 -1.6786033615469933 -24.664100610056234 23.214048984132965 4.8787265451943007 -29.116493200219196
leaf_weight=884 27 28 26 27 186 43 21 39 33 29 22 69 41 2568 20 24 27 33 24 35 25 51 54 58 21 64 31 58 41 23
leaf_count=884 27 28 26 27 186 43 21 39 33 29 22 69 41 2568 20 24 27 33 24 35 25 51 54 58 21 64 31 58 41 23
internal_value=-4.14675e-08 0.10215 12.4653 -8.66005 -0.0454208 -4.03648 5.87018 16.4119 0.226932 11.4659 20.3289 -0.000499632 0.174583 0.0362179 -0.833922 2.35396 16.7415 4.98261 29.8838 0.792298 14.4797 -0.0860383 -0.571752 4.31001 1.81184 6.19738 3.47642 10.1556 -7.8411 -9.82876
internal_weight=4632 4578 54 54 4524 289 103 60 4235 84 55 4151 4082 4041 2938 1103 108 57 51 995 60 935 2918 350 296 215 194 122 72 81
internal_count=4632 4578 54 54 4524 289 103 60 4235 84 55 4151 4082 4041 2938 1103 108 57 51 995 60 935 2918 350 296 215 194 122 72 81
is_linear=0
shrinkage=0.05


Tree=144
num_leaves=31
num_cat=0
split_feature=4 4 6 5 5 6 5 1 5 6 3 4 6 5 3 5 6 4 5 6 3 5 6 5 4 3 4 4 3 6
split_gain=1.53515e+06 2.69604e+06 3.14996e+06 2.51795e+06 2.09068e+06 3.899e+06 2.45464e+06 1.87105e+06 5.29894e+06 2.59716e+06 3.49777e+06 4.69795e+06 4.42327e+06 4.88407e+06 3.20491e+06 7.02299e+06 1.52857e+07 7.10896e+06 4.81181e+06 3.47221e+06 1.17628e+07 8.47001e+06 7.33192e+06 6.10023e+06 6.59947e+06 3.96755e+06 3.36113e+06 3.90962e+06 2.97734e+06 2.53242e+06
threshold=36800.05000000001 38901.450000000004 46591.983333333344 46395.350000000013 44900.05000000001 46867.40833333334 42561.450000000004 1.0000000180025095e-35 46021.650000000009 47836.529166666667 48781.350000000013 41967.750000000007 48858.889583333344 53674.250000000007 51793.000000000007 56304.900000000009 53313.86250000001 49513.900000000001 52639.55000000001 50142.883333333339 62610.80000000001 62539.700000000004 52687.495833333342 62621.200000000004 55990.850000000006 58875.000000000007 53214.850000000006 54917.55000000001 50122.850000000006 54710.014583333344
decision_type=2 2 2 2 2 2 2 2 2 2 2 2 2 2 2 2 2 2 2 2 2 2 2 2 2 2 2 2 2 2
left_child=-1 2 -2 4 5 -4 -7 8 -3 -10 11 -11 13 -12 28 16 -16 -17 -18 25 21 22 -21 -22 26 -19 -25 -28 -14 -9
right_child=1 7 3 -5 -6 6 -8 29 9 10 12 -13 14 -15 15 17 18 19 -20 20 23 -23 -24 24 -26 -27 27 -29 -30 -31
leaf_value=10.008416687814814 -25.388107106685638 22.227878767071349 13.561712637401763 -16.563233012166517 14.187521505355836 -1.2998099066994406 -25.502402646541597 -1.7146393377786691 -13.235513094493323 0.22427835032343865 2.1091299874441964 28.701552779333937 2.996753456479027 -32.415426330566412 53.659304114750455 -19.856460490979646 15.75241056358492 -22.064555109464209 -12.643070655822754 58.12546808151972 -19.048776709727754 2.183306569066541 15.824913835525514 -3.8673616065979006 -19.853009813482114 5.8325661468505858 30.182468719482422 2.4322077924555003 -23.32396072474393 0.85993301421129853
leaf_weight=38 20 33 21 29 21 22 20 1703 28 30 21 28 21 20 21 38 37 26 25 21 39 29 20 25 22 25 30 22 22 2175
leaf_count=38 20 33 21 29 21 22 20 1703 28 30 21 28 21 20 21 38 37 26 25 21 39 29 20 25 22 25 30 22 22 2175
internal_value=-8.53938e-09 -0.0827862 -7.09779 -3.86056 0.524882 -4.02933 -12.8249 0.126359 2.76735 1.59971 2.39547 13.9719 0.948416 -14.7321 2.46828 3.93231 16.7905 0.338954 4.30262 3.30199 6.16865 22.8636 37.4911 -2.29978 4.29831 -8.3895 11.1987 18.442 -10.4697 -0.270675
internal_weight=4632 4594 133 113 84 63 42 4461 583 550 522 58 464 41 423 380 83 297 62 259 208 70 41 138 99 51 77 52 43 3878
internal_count=4632 4594 133 113 84 63 42 4461 583 550 522 58 464 41 423 380 83 297 62 259 208 70 41 138 99 51 77 52 43 3878
is_linear=0
shrinkage=0.05


Tree=145
num_leaves=31
num_cat=0
split_feature=0 5 3 3 5 0 6 6 6 5 0 1 5 5 5 4 4 5 3 0 4 0 4 6 6 5 3 5 5 6
split_gain=1.53985e+06 2.46864e+06 6.38682e+06 6.31057e+06 6.13457e+06 6.8936e+06 4.33595e+06 7.02227e+06 3.6607e+06 3.20083e+06 6.40854e+06 7.59252e+06 5.4583e+06 5.22266e+06 4.07358e+06 8.4114e+06 3.80662e+06 6.14474e+06 2.98303e+06 2.75719e+06 2.66858e+06 2.59314e+06 5.29978e+06 3.68318e+06 4.68663e+06 2.29514e+06 2.2871e+06 2.63777e+06 7.14811e+06 2.95349e+06
threshold=1.5000000000000002 40807.700000000004 41564.05000000001 40550.250000000007 40008.30000000001 20.500000000000004 46908.762500000012 46699.48958333335 53826.354166666679 45622.700000000004 19.500000000000004 3.5000000000000004 44844.000000000007 43294.250000000007 44676.80000000001 48181.600000000013 44487.80000000001 44215.950000000004 39349.850000000013 3.5000000000000004 46134.250000000007 21.500000000000004 45321.900000000009 55162.522916666676 54916.745833333342 47131.450000000004 45795.400000000001 38402.400000000001 39536.700000000004 54934.100000000006
decision_type=2 2 2 2 2 2 2 2 2 2 2 2 2 2 2 2 2 2 2 2 2 2 2 2 2 2 2 2 2 2
left_child=26 4 3 19 6 -6 7 -2 -8 10 14 12 -12 -13 16 -16 -4 -18 -9 -3 -14 -11 25 24 -24 -23 27 -1 -29 -30
right_child=1 2 9 -5 5 -7 8 18 -10 21 11 13 20 -15 15 -17 17 -19 -20 -21 -22 22 23 -25 -26 -27 -28 28 29 -31
leaf_value=8.8815062250409813 5.8833533948467629 -18.595444712431537 37.359366468949752 -33.950489167066728 42.752890232631138 4.2364961807544423 19.264537896050349 -33.792886897495819 -5.6224294835870916 0.12272833922574281 -1.5247345673410517 -2.5645277607608854 32.66038777923584 -26.164183785574778 -11.825794953566332 24.88906518496 2.9236739842788033 34.575853579977284 -8.2306812896728516 3.033609992701833 8.1566839516162872 10.504767422343411 -10.056185201362327 -1.5326315641403199 -41.145071255077021 -7.1798807024955753 -9.9531951317420386 -29.673596904588784 -4.5736110620935202 7.7462118767403272
leaf_weight=56 62 23 22 26 21 26 45 21 22 3417 57 71 25 35 39 26 46 23 25 41 20 43 27 29 22 32 91 23 142 74
leaf_count=56 62 23 22 26 21 26 45 21 22 3417 57 71 25 35 39 26 46 23 25 41 20 43 27 29 22 32 91 23 142 74
internal_value=2.09684e-08 0.274871 -0.00830474 -13.1781 5.40775 21.4459 1.10035 -5.09861 11.0927 0.292987 4.75949 -0.986031 8.75229 -10.3569 12.4202 2.86015 19.2488 13.4744 -19.9004 -4.73933 21.7699 -0.162421 -6.53076 -15.6558 -24.0145 2.95932 -3.02358 -0.885971 -3.17459 -0.352931
internal_weight=4632 4246 4024 90 222 47 175 108 67 3934 364 208 102 106 156 65 91 69 46 64 45 3570 153 78 49 75 386 295 239 216
internal_count=4632 4246 4024 90 222 47 175 108 67 3934 364 208 102 106 156 65 91 69 46 64 45 3570 153 78 49 75 386 295 239 216
is_linear=0
shrinkage=0.05


Tree=146
num_leaves=31
num_cat=0
split_feature=3 3 6 5 5 5 3 5 0 1 3 4 4 5 5 4 3 4 4 5 4 4 0 5 6 5 4 1 5 5
split_gain=1.4787e+06 2.97255e+06 4.33253e+06 2.52145e+06 1.87857e+06 7.23386e+06 7.81617e+06 5.22278e+06 5.79251e+06 5.63751e+06 2.69573e+06 2.82208e+06 8.26267e+06 5.44104e+06 7.35356e+06 9.38076e+06 4.69285e+06 3.88851e+06 1.39037e+07 9.53598e+06 9.39769e+06 7.13611e+06 5.89125e+06 6.50427e+06 8.16309e+06 6.30541e+06 5.94167e+06 5.83083e+06 5.49572e+06 5.27086e+06
threshold=66588.200000000026 65880.60000000002 55172.31458333334 64245.150000000001 64245.150000000001 63994.850000000006 63417.450000000004 65729.400000000009 11.500000000000002 1.5000000000000002 64773.150000000001 64095.200000000004 64511.950000000004 63060.700000000004 61623.400000000009 65550.550000000003 55074.350000000006 62077.350000000013 61354.350000000013 62539.700000000004 61573.900000000001 60588.650000000001 14.500000000000002 62621.200000000004 51840.12708333334 63453.700000000004 63179.500000000007 3.5000000000000004 53877.600000000013 61035.450000000004
decision_type=2 2 2 2 2 2 2 2 2 2 2 2 2 2 2 2 2 2 2 2 2 2 2 2 2 2 2 2 2 2
left_child=1 4 -3 -2 5 10 -7 -6 -9 -10 11 17 -13 14 15 16 -14 18 21 20 -20 29 23 24 26 -25 -19 -23 -29 -1
right_child=3 2 -4 -5 7 6 -8 8 9 -11 -12 12 13 -15 -16 -17 -18 22 19 -21 -22 27 -24 25 -26 -27 -28 28 -30 -31
leaf_value=-0.26582112470214725 -20.305191874504089 0.46084579120982777 29.512501943679084 1.4381102244059245 -8.1360029251070056 1.1265572449256636 39.701067852973942 -8.4698977947235115 -4.5683502674102785 27.235984340466953 -9.7958254883254785 27.351411592638172 2.8166888131035699 17.97465863091605 -26.763313627243043 23.978168737888339 -28.698312941051668 -26.242086683000839 53.254032591114878 -10.928785168040882 15.575186110351048 -2.6817313900700324 -21.618239994049073 -30.80976639389992 15.779150579957401 3.5119687785273017 6.9515908021193287 -9.8944933371110402 -45.654322528839117 9.7407910862108213
leaf_weight=3337 24 33 21 30 217 29 24 43 22 38 69 37 27 35 28 32 21 28 23 22 59 54 50 32 68 23 26 22 21 137
leaf_count=3337 24 33 21 30 217 29 24 43 22 38 69 37 27 35 28 32 21 28 23 22 59 54 50 32 68 23 26 22 21 137
internal_value=-1.74426e-08 0.0970252 11.7587 -8.22558 -0.0421727 0.238931 18.5943 -3.73517 5.53649 15.5744 0.00456987 0.170231 6.29128 0.842152 -4.71005 3.00859 -10.9711 -0.112134 0.280151 18.3014 26.1436 -0.244691 -6.46301 -2.18188 4.25365 -16.457 -10.2599 -13.621 -27.3586 0.128798
internal_weight=4632 4578 54 54 4524 4204 53 320 103 60 4151 4082 180 143 108 80 48 3902 3675 104 82 3571 227 177 122 55 54 97 43 3474
internal_count=4632 4578 54 54 4524 4204 53 320 103 60 4151 4082 180 143 108 80 48 3902 3675 104 82 3571 227 177 122 55 54 97 43 3474
is_linear=0
shrinkage=0.05


Tree=147
num_leaves=31
num_cat=0
split_feature=5 5 6 4 5 6 0 5 6 6 4 6 6 6 5 0 4 4 3 1 1 5 4 5 4 4 5 4 5 5
split_gain=1.42588e+06 2.76517e+06 2.76323e+06 6.19829e+06 8.47804e+06 1.53948e+07 6.46855e+06 6.18453e+06 6.17948e+06 5.75837e+06 4.4735e+06 4.26056e+06 3.55983e+06 3.48456e+06 5.6225e+06 4.98916e+06 2.50183e+06 4.42699e+06 4.10065e+06 2.0749e+06 4.79259e+06 4.54487e+06 5.08155e+06 9.92497e+06 7.6547e+06 4.9987e+06 1.08517e+07 8.82712e+06 6.01688e+06 5.07469e+06
threshold=36800.05000000001 37663.700000000004 46736.439583333333 42662.450000000004 53167.950000000004 46627.741666666676 15.500000000000002 39349.850000000013 46776.491666666676 46511.433333333342 45321.900000000009 46610.600000000013 46808.356250000004 46627.741666666676 50652.80000000001 5.5000000000000009 37666.500000000007 39066.30000000001 39349.850000000013 5.5000000000000009 4.5000000000000009 56090.500000000007 61354.350000000013 52280.450000000004 62183.000000000007 56697.100000000013 45454.250000000007 53316.150000000001 49264.55000000001 46625.05000000001
decision_type=2 2 2 2 2 2 2 2 2 2 2 2 2 2 2 2 2 2 2 2 2 2 2 2 2 2 2 2 2 2
left_child=-1 -2 3 16 6 9 13 -4 -9 -6 -8 -12 -10 14 15 -5 -3 -18 -19 20 -14 22 23 25 -24 26 27 -22 -27 -28
right_child=1 2 7 4 5 -7 10 8 12 -11 11 -13 19 -15 -16 -17 17 18 -20 -21 21 -23 24 -25 -26 28 29 -29 -30 -31
leaf_value=9.6456423106946456 -13.511620034669576 1.8585037776402065 15.033068788555306 2.2337815111333672 -13.096026552807201 -41.010236398635378 13.182210127512613 21.698740612376824 -16.380719968044399 23.080218211087313 -24.562660837173464 3.3060259024302163 0.56266423859399406 26.07568900459691 -10.580355057892977 36.738767700195318 -36.859888075698507 -24.573036086559298 -0.55940951585769649 5.0603932515305665 -5.921367898977028 -26.269282266368037 32.972873771190642 -37.15035647583008 -0.2373643598483719 20.999901575655553 -43.939929790298152 28.569769414265949 -4.8930440283658214 -15.118438007718041
leaf_weight=38 38 21 71 22 22 31 24 33 33 22 32 24 3302 38 27 20 22 32 40 201 159 23 20 25 131 37 24 21 57 42
leaf_count=38 38 21 71 22 22 31 24 33 33 22 32 24 3302 38 27 20 22 32 40 201 159 23 20 25 131 37 24 21 57 42
internal_value=-7.39983e-09 -0.0797855 0.0322448 -4.06745 0.180048 -14.0222 5.87614 0.402091 0.149218 4.9921 -4.87859 -12.6189 -0.0252931 13.9171 7.221 18.6647 -13.7444 -17.2301 -11.2321 0.108237 -0.15091 -4.52238 -3.55304 -6.74447 4.16134 -4.50874 -8.25636 -1.8974 5.29886 -25.599
internal_weight=4632 4594 4556 377 262 75 187 4179 4108 44 80 56 4075 107 69 42 115 94 72 4042 3841 539 516 365 151 340 246 180 94 66
internal_count=4632 4594 4556 377 262 75 187 4179 4108 44 80 56 4075 107 69 42 115 94 72 4042 3841 539 516 365 151 340 246 180 94 66
is_linear=0
shrinkage=0.05


Tree=148
num_leaves=31
num_cat=0
split_feature=0 5 5 3 5 4 3 5 3 3 4 6 5 5 6 0 6 5 5 6 0 6 4 4 3 5 0 1 0 3
split_gain=1.40158e+06 2.68715e+06 5.69506e+06 4.92016e+06 4.66422e+06 2.45613e+06 3.72699e+06 1.84541e+06 7.56435e+06 6.25571e+06 9.23911e+06 7.11757e+06 4.07186e+06 3.78109e+06 6.73609e+06 6.97101e+06 3.43734e+06 8.82858e+06 7.92596e+06 4.27615e+06 2.88433e+06 1.00818e+07 5.71031e+06 4.50662e+06 4.26832e+06 4.03685e+06 1.47135e+07 7.82143e+06 8.0556e+06 7.81425e+06
threshold=1.0000000180025095e-35 44215.950000000004 38901.450000000004 44423.650000000001 44756.750000000007 43846.900000000009 45623.950000000004 40807.700000000004 41564.05000000001 40775.000000000007 42209.900000000009 52912.000000000007 39087.900000000009 43464.600000000006 54916.745833333342 20.500000000000004 46932.912499999999 38097.55000000001 37902.500000000007 46736.439583333333 18.500000000000004 47836.529166666667 52611.950000000004 51871.200000000004 54225.850000000006 46166.250000000007 21.500000000000004 2.5000000000000004 19.500000000000004 52045.650000000009
decision_type=2 2 2 2 2 2 2 2 2 2 2 2 2 2 2 2 2 2 2 2 2 2 2 2 2 2 2 2 2 2
left_child=1 2 -1 -4 -3 -6 -7 12 9 10 -9 -12 16 14 15 -10 17 19 -18 -2 -15 -22 23 25 -24 26 -23 -27 -29 -30
right_child=7 4 3 -5 5 6 -8 8 13 -11 11 -13 -14 20 -16 -17 18 -19 -20 -21 21 22 24 -25 -26 27 -28 28 29 -31
leaf_value=4.5707089913857954 17.743513751029969 19.194883770412869 -37.737852032979326 -7.1328078960550245 6.4448720767580232 -25.842133045196533 2.3240730617357337 -33.01418288687001 11.41734886562123 -36.690676154261055 28.381388568878176 -10.126109110514323 10.955016748240737 0.60189624862804147 33.684295250069013 -14.833892353044616 -12.036314245370718 -24.620513418244155 25.397655696253622 -11.728390984535217 -27.619176091903299 45.838578233718877 -0.40657097209583637 20.219855499267581 -29.203376560826456 -8.7623205910126369 0.090639995377639254 29.421025657653811 6.952068063645136 -20.042560217115614
leaf_weight=37 32 27 24 29 29 24 23 23 85 23 20 30 122 3203 22 36 26 41 31 20 39 20 22 26 31 273 145 28 105 36
leaf_count=37 32 27 24 29 29 24 23 23 85 23 20 30 122 3203 22 36 26 41 31 20 39 20 22 26 31 273 145 28 105 36
internal_value=-2.30235e-08 -4.17118 -10.4827 -20.9917 1.34374 -4.99811 -12.0587 0.181356 -0.0791075 -13.9517 -6.78742 5.27689 4.17161 0.248029 8.23433 3.60706 -1.34556 -7.27114 8.32251 6.40817 -0.0427145 -2.89056 -1.48471 -0.164707 -17.25 -1.03785 5.63584 -3.52916 4.9244 0.0598225
internal_weight=4632 193 90 53 103 76 47 4439 4167 96 73 50 272 4071 143 121 150 93 57 52 3928 725 686 633 53 607 165 442 169 141
internal_count=4632 193 90 53 103 76 47 4439 4167 96 73 50 272 4071 143 121 150 93 57 52 3928 725 686 633 53 607 165 442 169 141
is_linear=0
shrinkage=0.05


Tree=149
num_leaves=31
num_cat=0
split_feature=0 3 4 3 4 6 4 6 5 3 4 5 5 0 3 3 4 4 3 3 5 5 6 5 0 1 6 5 5 1
split_gain=1.35525e+06 2.18497e+06 2.43159e+06 2.16103e+06 3.01969e+06 8.69703e+06 6.04302e+06 3.78008e+06 7.34448e+06 2.22873e+06 4.01125e+06 2.13128e+06 5.31596e+06 6.18648e+06 4.98344e+06 5.23611e+06 8.03186e+06 7.44011e+06 3.55649e+06 5.20675e+06 3.78666e+06 5.61801e+06 1.07601e+07 2.76935e+06 5.61764e+06 6.58108e+06 5.21723e+06 6.92566e+06 4.54513e+06 4.0793e+06
threshold=1.5000000000000002 45795.400000000001 46279.650000000001 36828.05000000001 44663.000000000007 54655.043750000004 45585.250000000007 46776.491666666676 38402.400000000001 43300.900000000009 42851.600000000006 40807.700000000004 40008.30000000001 20.500000000000004 41564.05000000001 40775.000000000007 42209.900000000009 46482.30000000001 41109.30000000001 40272.100000000013 39349.850000000013 38578.600000000006 46808.356250000004 45622.700000000004 19.500000000000004 3.5000000000000004 54823.060416666667 44844.000000000007 43294.250000000007 2.5000000000000004
decision_type=2 2 2 2 2 2 2 2 2 2 2 2 2 2 2 2 2 2 2 2 2 2 2 2 2 2 2 2 2 2
left_child=1 3 -3 -1 7 -6 -7 -5 -9 -10 -11 12 18 -14 15 16 -13 -18 19 20 21 22 -2 24 29 26 -26 -28 -27 -16
right_child=11 2 -4 4 5 6 -8 8 9 10 -12 14 13 -15 23 -17 17 -19 -20 -21 -22 -23 -24 -25 25 28 27 -29 -30 -31
leaf_value=-15.822307413274594 16.851301789283752 -4.8563060255611648 -23.663213464488155 -9.8618234073414541 -31.799949050903322 -14.231718816028701 12.314506899635747 35.165295462174853 -5.704720255223716 22.887451842735555 -2.601377695257014 -31.400028343200685 40.141549355643143 3.6540287696398224 28.507990475358636 -32.841470677202402 29.605270938873293 -10.323528262547086 14.112226155996323 -25.741098122369678 -12.33871896471296 27.013783767700193 -28.573032587224787 -0.16270987827236916 -7.5429987771170479 -2.4188830335375293 2.2324072260605661 34.677353174933074 -24.434610317775181 7.7242295227651532
leaf_weight=22 32 68 23 34 25 36 53 22 41 29 33 20 21 26 29 22 20 28 40 21 35 25 22 3570 35 71 38 29 35 127
leaf_count=22 32 68 23 34 25 36 53 22 41 29 33 20 21 26 29 22 20 28 40 21 35 25 22 3570 35 71 38 29 35 127
internal_value=1.08271e-08 -2.83656 -9.6097 -0.747223 0.467619 -5.74273 1.57671 4.92032 8.94107 3.33978 9.32082 0.257869 5.02715 19.957 -0.00524701 -11.6385 -4.77873 6.31347 1.01743 -2.86251 1.35197 7.41746 -1.65491 0.260893 4.41546 -0.963857 8.10264 16.2757 -9.68823 11.5879
internal_weight=4632 386 91 295 273 114 89 159 125 103 62 4246 222 47 4024 90 68 48 175 135 114 79 54 3934 364 208 102 67 106 156
internal_count=4632 386 91 295 273 114 89 159 125 103 62 4246 222 47 4024 90 68 48 175 135 114 79 54 3934 364 208 102 67 106 156
is_linear=0
shrinkage=0.05


Tree=150
num_leaves=31
num_cat=0
split_feature=5 5 6 6 5 6 5 4 4 5 0 5 4 0 3 6 4 0 5 5 1 1 5 4 5 4 3 3 4 4
split_gain=1.36747e+06 2.55955e+06 2.29594e+06 5.19082e+06 5.49552e+06 5.01868e+06 5.3849e+06 4.83824e+06 5.70397e+06 4.07467e+06 6.99983e+06 4.14503e+06 7.84077e+06 5.6776e+06 3.91574e+06 3.26004e+06 3.01036e+06 2.62297e+06 3.47721e+06 2.28842e+06 1.93984e+06 4.31854e+06 4.10898e+06 4.56234e+06 8.97396e+06 6.90837e+06 4.81182e+06 6.13627e+06 5.45172e+06 4.46726e+06
threshold=36800.05000000001 37663.700000000004 46736.439583333333 46699.48958333335 44982.250000000007 46776.491666666676 39349.850000000013 39522.750000000007 38115.700000000004 42276.650000000009 16.500000000000004 50328.900000000009 54175.05000000001 5.5000000000000009 53769.950000000004 46808.356250000004 43229.05000000001 3.5000000000000004 38402.400000000001 53361.250000000007 5.5000000000000009 4.5000000000000009 56090.500000000007 61354.350000000013 52280.450000000004 62183.000000000007 55802.55000000001 51793.000000000007 64929.350000000013 56697.100000000013
decision_type=2 2 2 2 2 2 2 2 2 2 2 2 2 2 2 2 2 2 2 2 2 2 2 2 2 2 2 2 2 2
left_child=-1 -2 3 7 -5 -4 17 8 -3 16 11 13 19 -11 -14 -8 -9 18 -7 -13 21 -17 23 24 29 -25 27 -27 -29 -23
right_child=1 2 5 4 -6 6 15 9 -10 10 -12 12 14 -15 -16 20 -18 -19 -20 -21 -22 22 -24 25 -26 26 -28 28 -30 -31
leaf_value=9.4459924095555348 -13.000920461353502 -0.7549942864312067 18.954862888654073 -38.853427562713627 -5.822785725313075 21.726695216785778 -15.679212856292725 4.3053848266601564 -35.499620128813248 -4.3692462040827831 -19.52568938361274 -8.2374128006600049 27.715606067294164 26.669325660256778 -0.43526668548583985 0.52697692680799335 27.43669384176081 28.359357547760013 -5.7932350158691408 -28.902674239022389 4.8884547944092631 -7.8192282534227138 -24.977776867410412 31.302270331382751 -35.314797866821287 20.616950988769531 21.68441877819243 -16.579239903858731 13.020914821624757 4.9951768804103773
leaf_weight=38 38 27 36 20 34 22 33 39 21 26 45 37 21 34 30 3302 22 22 24 21 201 246 23 20 25 20 21 70 20 94
leaf_count=38 38 27 36 20 34 22 33 39 21 26 45 37 21 34 30 3302 22 22 24 21 201 246 23 20 25 20 21 70 20 94
internal_value=-2.72159e-09 -0.078134 0.0296504 -3.70736 -18.0564 0.366777 0.205258 -1.30845 -15.9558 1.24817 -2.00126 2.66501 -3.14469 13.2193 11.1563 -0.0276001 12.6478 14.1596 7.36847 -15.7197 0.100184 -0.150387 -4.30003 -3.37834 -6.40234 3.93132 -0.247456 -4.43445 -10.0014 -4.27642
internal_weight=4632 4594 4556 377 54 4179 4143 323 48 275 214 169 109 60 51 4075 61 68 46 58 4042 3841 539 516 365 151 131 110 90 340
internal_count=4632 4594 4556 377 54 4179 4143 323 48 275 214 169 109 60 51 4075 61 68 46 58 4042 3841 539 516 365 151 131 110 90 340
is_linear=0
shrinkage=0.05


Tree=151
num_leaves=31
num_cat=0
split_feature=0 4 5 0 6 3 3 5 5 6 3 0 3 4 6 5 4 4 4 3 5 0 0 3 6 3 5 3 3 3
split_gain=1.36734e+06 7.32367e+06 2.91033e+06 4.85963e+06 5.74948e+06 3.97996e+06 1.22702e+07 4.8071e+06 4.28607e+06 3.40152e+06 4.8793e+06 4.17782e+06 3.99928e+06 4.38791e+06 3.69163e+06 3.13156e+06 3.05115e+06 4.43993e+06 2.37787e+06 5.7402e+06 5.72705e+06 2.02899e+06 5.34326e+06 4.7742e+06 5.7294e+06 4.62835e+06 5.15453e+06 4.35528e+06 5.15084e+06 6.70812e+06
threshold=20.500000000000004 49032.150000000001 46166.250000000007 22.500000000000004 47175.958333333336 46306.250000000007 45534.700000000004 38402.400000000001 44520.700000000004 55278.887500000004 50122.850000000006 21.500000000000004 47122.000000000007 45321.900000000009 54761.802083333343 47780.500000000007 44816.55000000001 39522.750000000007 47246.400000000001 48483.150000000009 44844.000000000007 10.500000000000002 12.500000000000002 65550.550000000003 54647.14375000001 63513.350000000006 64469.80000000001 53289.700000000004 65051.30000000001 64689.80000000001
decision_type=2 2 2 2 2 2 2 2 2 2 2 2 2 2 2 2 2 2 2 2 2 2 2 2 2 2 2 2 2 2
left_child=21 2 3 4 16 6 7 -5 -7 10 11 15 14 -14 -13 -4 17 -2 19 20 -6 25 27 -24 -25 26 -1 -23 29 -29
right_child=1 -3 9 5 18 8 -8 -9 -10 -11 -12 12 13 -15 -16 -17 -18 -19 -20 -21 -22 22 23 24 -26 -27 -28 28 -30 -31
leaf_value=-0.096968526296815738 -13.311762735118037 -24.78692695393282 17.090640180341662 9.9668286818045164 5.8033638283058453 2.8238311576843262 35.523291951134091 -15.793728653300892 -26.509785103075433 8.6525683826870399 -25.242554156920491 15.122311048507692 -6.150532903671265 -39.271187458038334 -12.800750505513159 -6.4392623607928945 -19.198830475807192 15.305714069713247 28.867653448765097 -9.3444716246231749 40.618224189394994 26.126122902057791 0.88245160341591211 -32.47474003667417 -3.658980105925298 -18.77377478463309 -18.446559365590414 4.6479843764917401 16.860249861918 -22.002819038354435
leaf_weight=2049 23 34 31 27 27 20 21 55 33 36 34 20 20 20 29 26 20 33 26 23 21 27 1452 23 69 35 39 257 76 26
leaf_count=2049 23 34 31 27 27 20 21 55 33 36 34 20 20 20 29 26 20 33 26 23 21 27 1452 23 69 35 39 257 76 26
internal_value=8.96901e-09 -2.27286 -0.868316 2.09223 7.86272 -4.3071 1.42173 -7.31159 -15.4405 -5.37766 -8.18371 -4.2111 -10.9799 -22.7109 -1.40358 6.3577 -2.43498 3.55211 15.931 11.1937 21.0349 0.324695 1.49802 0.182598 -10.8629 -0.741963 -0.439705 6.7597 5.30317 2.1995
internal_weight=4632 579 545 329 173 156 103 82 53 216 180 146 89 40 49 57 76 56 97 71 48 4053 1930 1544 92 2123 2088 386 359 283
internal_count=4632 579 545 329 173 156 103 82 53 216 180 146 89 40 49 57 76 56 97 71 48 4053 1930 1544 92 2123 2088 386 359 283
is_linear=0
shrinkage=0.05


Tree=152
num_leaves=31
num_cat=0
split_feature=4 4 6 3 5 6 3 3 5 3 5 3 0 0 5 1 6 5 6 5 5 5 6 1 6 4 3 6 5 3
split_gain=1.39246e+06 4.46184e+06 1.73879e+06 6.04063e+06 6.40707e+06 5.92776e+06 5.61381e+06 4.60051e+06 4.49276e+06 4.27423e+06 4.83876e+06 1.0421e+07 4.78277e+06 4.72392e+06 3.81922e+06 8.60163e+06 4.1253e+06 4.06222e+06 3.11597e+06 9.04024e+06 3.07231e+06 8.04517e+06 2.63166e+06 8.13492e+06 5.27665e+06 7.10489e+06 6.22441e+06 4.9501e+06 4.64646e+06 6.67756e+06
threshold=66923.85000000002 66397.400000000009 55402.781250000007 46388.950000000004 52342.900000000009 55367.991666666676 51539.950000000004 45261.450000000004 57889.350000000006 55388.500000000007 63575.850000000013 64021.850000000013 9.5000000000000018 16.500000000000004 50756.30000000001 2.5000000000000004 55526.104166666679 48197.150000000001 55328.183333333342 61376.55000000001 66588.200000000026 65895.550000000003 55243.025000000016 3.5000000000000004 55206.879166666673 51208.200000000004 62368.30000000001 55284.964583333342 64360.05000000001 63337.450000000004
decision_type=2 2 2 2 2 2 2 2 2 2 2 2 2 2 2 2 2 2 2 2 2 2 2 2 2 2 2 2 2 2
left_child=1 2 5 7 14 18 -7 -4 -8 -6 11 12 -11 -14 15 16 -5 -17 20 -20 21 22 24 27 28 -26 -27 -24 -1 -30
right_child=-2 -3 3 4 9 6 8 -9 -10 10 -12 -13 13 -15 -16 17 -18 -19 19 -21 -22 -23 23 -25 25 26 -28 -29 29 -31
leaf_value=-0.0028780234419968956 -9.79525769551595 17.610212548573813 1.8224330735206604 -2.3774974485238394 27.673036171141128 -32.642153727566757 13.778748321533204 33.461600204750347 -18.624006885030994 -10.698237409591677 16.271702276535756 -31.305208810170491 28.343403355828645 0.68284686117461235 -25.823209667205813 -31.994664647028998 27.96761044093541 -2.0217625856399537 19.021354728937151 -16.962339401245117 -14.268561388896064 22.431830626267654 -10.322043018341065 -28.347759337986218 -6.2218127510764383 37.848049046916344 3.5182571079420009 8.6909646532428795 -20.170738940759446 -0.42994909639711737
leaf_weight=3534 36 36 20 24 21 27 20 27 23 30 53 24 29 33 25 26 21 20 64 24 39 39 70 34 33 31 23 67 71 108
leaf_count=3534 36 36 20 24 21 27 20 27 23 30 53 24 29 33 25 26 21 20 64 24 39 39 70 34 33 31 23 67 71 108
internal_value=1.44752e-08 0.0767253 -0.061697 3.30892 0.745548 -0.344518 -14.7731 19.9981 -3.55296 6.39871 3.75515 -1.96362 5.69071 13.6208 -8.51394 -3.75864 11.7836 -18.963 -0.10038 9.20762 -0.302678 -0.16685 -0.388796 -6.45656 -0.115747 12.0562 23.2261 -1.02371 -0.40095 -8.26009
internal_weight=4632 4596 4560 353 306 4207 70 47 43 190 169 116 92 62 116 91 45 46 4137 88 4049 4010 3971 171 3800 87 54 137 3713 179
internal_count=4632 4596 4560 353 306 4207 70 47 43 190 169 116 92 62 116 91 45 46 4137 88 4049 4010 3971 171 3800 87 54 137 3713 179
is_linear=0
shrinkage=0.05


Tree=153
num_leaves=31
num_cat=0
split_feature=4 4 4 1 3 3 1 5 4 6 5 4 4 0 4 5 4 5 4 5 4 3 3 6 4 3 6 1 6 6
split_gain=1.32138e+06 2.08723e+06 2.69247e+06 6.0744e+06 4.88594e+06 2.39244e+06 1.67591e+06 4.31279e+06 2.38353e+06 1.67647e+07 8.66351e+06 7.6388e+06 6.26907e+06 3.93035e+06 3.9166e+06 5.75391e+06 4.30377e+06 4.44136e+06 7.4567e+06 4.9087e+06 3.95655e+06 3.22402e+06 1.14562e+07 4.38619e+06 4.34574e+06 4.09543e+06 2.05732e+06 3.90443e+06 6.73269e+06 3.34832e+06
threshold=36800.05000000001 38901.450000000004 38115.700000000004 5.5000000000000009 38911.450000000004 44604.600000000006 1.0000000180025095e-35 46021.650000000009 53596.350000000013 50392.897916666676 63143.900000000009 52710.150000000009 54720.950000000004 11.500000000000002 52100.700000000004 60095.400000000001 49831.750000000007 56090.500000000007 46134.250000000007 57487.700000000004 47998.500000000007 50040.950000000004 52045.650000000009 47836.529166666667 41967.750000000007 54460.30000000001 54710.014583333344 5.5000000000000009 47027.693750000006 54741.866666666676
decision_type=2 2 2 2 2 2 2 2 2 2 2 2 2 2 2 2 2 2 2 2 2 2 2 2 2 2 2 2 2 2
left_child=-1 2 4 -4 -2 -6 7 -3 11 -10 -11 14 -12 -13 15 16 17 18 21 -19 -20 23 -23 -9 -25 -24 27 -8 -29 -28
right_child=1 6 3 -5 5 -7 26 8 9 10 12 13 -14 -15 -16 -17 -18 19 20 -21 -22 22 25 24 -26 -27 29 28 -30 -31
leaf_value=9.2854695169549242 21.125529594421387 20.163248536081028 -1.9973468197716606 -35.834836907613848 -17.99914559977395 2.6701764515468054 -3.3131203226537611 -12.5562150818961 47.215534348921345 -26.488453002929688 27.876085073471071 -35.278090486072358 -3.3519328816731773 -6.1951452887975256 20.168829454694475 -17.643592292384096 18.500187771136947 -30.475856191461737 33.29476330620902 1.9074115371704103 4.1772119522094728 -34.278301952566423 19.399865605280951 0.18149637968643853 23.375647756788467 -9.9119187485088016 10.419338047781658 -0.35109945422085637 15.504633395702809 0.35245787280385665
leaf_weight=38 20 33 36 21 28 28 1113 28 22 25 25 21 45 26 28 38 39 22 28 25 20 28 26 46 36 22 86 513 77 2089
leaf_count=38 20 33 36 21 28 28 1113 28 22 25 25 21 45 26 28 38 39 22 28 25 20 28 26 46 36 22 86 513 77 2089
internal_value=-4.04077e-08 -0.0768063 -6.24915 -14.4638 -0.0881651 -7.66448 0.107216 2.60669 1.5533 7.88543 -1.22259 -0.157694 7.80093 -19.1897 2.15967 0.751131 2.9355 0.775281 3.59247 -13.2507 21.1625 -0.941721 -8.86129 4.52998 10.3643 5.9653 -0.268544 -1.57003 1.71821 0.750505
internal_weight=4632 4594 133 57 76 56 4461 583 550 117 95 433 70 47 386 358 320 281 234 47 48 186 76 110 82 48 3878 1703 590 2175
internal_count=4632 4594 133 57 76 56 4461 583 550 117 95 433 70 47 386 358 320 281 234 47 48 186 76 110 82 48 3878 1703 590 2175
is_linear=0
shrinkage=0.05


Tree=154
num_leaves=31
num_cat=0
split_feature=3 6 6 3 1 3 3 0 5 4 4 3 3 6 1 3 5 6 3 6 5 0 5 5 5 0 6 3 5 0
split_gain=1.27363e+06 1.56695e+06 2.79448e+06 4.02057e+06 2.09378e+06 1.75018e+06 1.1968e+07 5.15182e+06 5.69697e+06 9.48981e+06 8.93995e+06 8.11984e+06 8.44998e+06 5.78487e+06 5.95449e+06 6.39926e+06 4.86602e+06 5.84385e+06 4.82154e+06 3.35988e+06 6.78132e+06 2.82707e+06 2.75262e+06 2.75105e+06 2.38634e+06 1.0872e+07 7.30543e+06 6.61048e+06 3.56812e+06 1.02738e+07
threshold=66923.85000000002 55605.431250000009 55543.250000000007 54460.30000000001 2.5000000000000004 63860.200000000004 64021.850000000013 14.500000000000002 63143.900000000009 64511.950000000004 64299.950000000004 64877.100000000013 64616.80000000001 54775.229166666672 1.5000000000000002 65293.600000000006 64629.900000000001 54934.100000000006 62956.500000000007 55237.575000000012 65584.400000000009 13.500000000000002 65208.05000000001 61890.80000000001 63298.700000000004 13.500000000000002 54882.92500000001 61457.400000000009 62621.200000000004 10.500000000000002
decision_type=2 2 2 2 2 2 2 2 2 2 2 2 2 2 2 2 2 2 2 2 2 2 2 2 2 2 2 2 2 2
left_child=1 2 5 -4 -3 16 -7 8 10 11 21 12 -10 -11 -15 -16 24 22 -19 20 -13 -8 -18 -9 28 26 27 -26 -1 -30
right_child=-2 4 3 -5 -6 6 7 23 9 13 -12 19 -14 14 15 -17 17 18 -20 -21 -22 -23 -24 -25 25 -27 -28 -29 29 -31
leaf_value=0.043869940317741121 -9.3679924708273674 19.098726203918456 2.5785770966456489 -24.96898938417435 1.0515933639473385 31.185241263253346 -9.0341302291206684 -23.433472522612544 8.9661492038417503 -36.476071548461917 42.108623860099101 0.47890544559644621 -27.821748069480613 -28.461646238962814 21.525686800479889 -15.807645043459807 -31.273278617858889 -9.0776253640651703 22.217352653816345 34.278833618618194 34.230275132439353 16.669445266723635 -11.389393673772398 -0.31469539078799164 5.0103663237198539 -20.137331784156061 1.1460230719658637 39.516992173876083 -33.638169360982964 7.7648645093364097
leaf_weight=3742 36 25 26 27 45 35 23 31 37 21 22 46 27 21 24 22 28 32 20 21 22 20 46 22 23 31 62 35 29 31
leaf_count=3742 36 25 26 27 45 35 23 31 37 21 22 46 27 21 24 22 28 32 20 21 22 20 46 22 23 31 62 35 29 31
internal_value=-1.41056e-08 0.0733785 -0.0414366 -11.4551 7.497 0.0938023 3.2761 0.555154 3.04791 -0.495155 16.1845 7.02949 -6.55374 -13.5778 -6.40069 3.67062 -0.213583 -9.88651 2.9589 16.7972 11.3985 2.92102 -18.913 -13.837 0.0947368 6.25913 13.0782 25.8333 -0.150088 -12.2466
internal_weight=4632 4596 4526 53 70 4473 394 359 306 241 65 153 64 88 67 46 4079 126 52 89 68 43 74 53 3953 151 120 58 3802 60
internal_count=4632 4596 4526 53 70 4473 394 359 306 241 65 153 64 88 67 46 4079 126 52 89 68 43 74 53 3953 151 120 58 3802 60
is_linear=0
shrinkage=0.05


Tree=155
num_leaves=31
num_cat=0
split_feature=0 4 3 6 6 4 4 4 5 4 4 4 6 5 1 0 4 5 3 4 4 4 5 0 4 4 5 6 3 6
split_gain=1.25414e+06 2.12511e+06 2.25392e+06 2.7687e+06 1.0655e+07 6.42043e+06 3.17429e+06 7.19687e+06 4.72344e+06 3.64528e+06 2.39644e+06 2.64796e+06 2.05354e+06 2.04424e+06 3.98322e+06 6.09473e+06 4.07008e+06 3.47731e+06 5.61021e+06 5.66873e+06 1.04819e+07 5.78733e+06 4.9121e+06 5.42875e+06 4.74962e+06 3.59699e+06 6.48255e+06 3.78193e+06 3.466e+06 3.26772e+06
threshold=1.5000000000000002 47341.950000000004 36828.05000000001 55063.693749999999 54927.568750000006 45119.150000000001 44663.000000000007 45499.700000000004 38402.400000000001 46279.650000000001 41016.450000000004 38593.400000000009 55237.575000000012 45622.700000000004 2.5000000000000004 22.500000000000004 53316.150000000001 40807.700000000004 43779.700000000004 40469.500000000007 47023.650000000009 44557.05000000001 40008.30000000001 20.500000000000004 48438.600000000006 45826.900000000009 44676.80000000001 47061.072916666679 47486.000000000007 46908.762500000012
decision_type=2 2 2 2 2 2 2 2 2 2 2 2 2 2 2 2 2 2 2 2 2 2 2 2 2 2 2 2 2 2
left_child=1 2 -1 4 6 12 8 -8 -4 -9 11 -10 -5 14 15 28 17 22 19 -19 21 -21 29 -24 -22 26 27 -20 -2 -16
right_child=13 -3 3 5 -6 -7 7 9 10 -11 -12 -13 -14 -15 16 -17 -18 18 25 20 24 -23 23 -25 -26 -27 -28 -29 -30 -31
leaf_value=-17.741191609700522 31.760643166988288 -18.195623851957777 18.984902322292328 -9.7225942339215976 26.602517782675257 -24.75971941418118 -29.706206979751585 14.215917807358963 -3.9084990540329296 -13.110502099731693 -13.416905376646254 17.312562969752722 10.278389930725098 -0.22555473014799765 -4.3213672833310239 -1.3114950942993167 20.397953150822566 -32.795368795809537 18.909283271789551 -3.2071996161278258 -39.498774788596421 26.568126266479496 38.174077206566224 3.994049798525297 -10.820463416689918 10.604037466393898 -27.229960944435813 -9.8730371724991581 6.69966255534779 9.7346503755939544
leaf_weight=21 37 21 32 21 37 36 30 26 49 23 36 21 33 3579 108 50 26 23 25 47 22 25 21 26 42 83 22 21 22 67
leaf_count=21 37 21 32 21 37 36 30 26 49 23 36 21 33 3579 108 50 26 23 25 47 22 25 21 26 42 83 22 21 22 67
internal_value=3.83538e-08 -2.72869 -1.83882 -0.868031 1.80211 -8.40375 -2.42654 -10.4192 2.14895 1.38923 -2.9336 2.45782 2.50023 0.248063 2.78941 11.5318 1.08168 0.137646 -3.28318 -9.83812 -5.95565 7.13146 4.91448 19.266 -20.6786 3.61903 -4.90678 5.76953 22.4159 1.06008
internal_weight=4632 386 365 344 254 90 217 79 138 49 106 70 54 4246 667 109 558 532 310 159 136 72 222 47 64 151 68 46 59 175
internal_count=4632 386 365 344 254 90 217 79 138 49 106 70 54 4246 667 109 558 532 310 159 136 72 222 47 64 151 68 46 59 175
is_linear=0
shrinkage=0.05


Tree=156
num_leaves=31
num_cat=0
split_feature=5 5 6 6 5 6 5 4 4 5 0 5 4 0 4 3 6 4 0 5 5 5 0 4 6 6 3 4 5 4
split_gain=1.2278e+06 2.29537e+06 2.00522e+06 4.63345e+06 4.77967e+06 4.54134e+06 4.76108e+06 3.98316e+06 4.60826e+06 3.70434e+06 6.34426e+06 4.29127e+06 8.80647e+06 3.69248e+06 4.87624e+06 3.43062e+06 2.94248e+06 2.8662e+06 2.32879e+06 3.03351e+06 1.6884e+06 3.05997e+06 1.6381e+06 5.87645e+06 3.01996e+06 2.39585e+06 4.26531e+06 5.77459e+06 4.4664e+06 6.64155e+06
threshold=36800.05000000001 37663.700000000004 46736.439583333333 46699.48958333335 44982.250000000007 46776.491666666676 39349.850000000013 39522.750000000007 38115.700000000004 42276.650000000009 17.500000000000004 50652.80000000001 54175.05000000001 5.5000000000000009 49032.150000000001 53769.950000000004 46808.356250000004 43229.05000000001 3.5000000000000004 38402.400000000001 39752.250000000007 40272.100000000013 20.500000000000004 48438.600000000006 55030.683333333342 55278.887500000004 49079.150000000009 47341.950000000004 46625.05000000001 46373.350000000006
decision_type=2 2 2 2 2 2 2 2 2 2 2 2 2 2 2 2 2 2 2 2 2 2 2 2 2 2 2 2 2 2
left_child=-1 -2 3 7 -5 -4 18 8 -3 17 11 13 -13 -11 -15 -14 -8 -9 19 -7 -18 -22 -23 25 -25 26 27 -24 -28 -30
right_child=1 2 5 4 -6 6 16 9 -10 10 -12 12 15 14 -16 -17 20 -19 -20 -21 21 22 23 24 -26 -27 28 -29 29 -31
leaf_value=8.9506196373387379 -12.311778241709661 -0.82502514565432516 18.025113301475844 -36.416428375244145 -5.6121391184189742 20.322585331309927 -14.89927959731131 3.8508440653483071 -32.054719216482987 -4.2184995504525995 -22.138547812808646 -18.391900232860021 25.827714738391695 36.502047660134053 4.5178628774789669 -0.52171638488769534 -12.369617158395274 26.421514285694471 26.690434369173914 -5.3816505750020349 18.360859738225525 0.4319378196351748 2.8223679831597659 -31.219717443466187 -6.64347982788086 7.1117559096752077 -29.817328559435335 -25.208002357482911 18.050784053802492 -19.146746139526368
leaf_weight=38 38 27 36 20 34 22 33 39 21 26 33 56 21 22 26 30 27 22 22 24 23 3542 226 25 25 78 26 20 20 30
leaf_count=38 38 27 36 20 34 22 33 39 21 26 33 56 21 22 26 30 27 22 22 24 23 3542 226 25 25 78 26 20 20 30
internal_value=1.90292e-08 -0.0740365 0.0280343 -3.46437 -17.0211 0.343095 0.18945 -1.19792 -14.488 1.12181 -1.97645 1.69952 -4.70295 10.9571 19.1773 10.328 -0.0295061 11.9911 13.3107 6.91168 0.0918948 0.175696 0.0709215 -2.77068 -18.9316 -0.750563 -2.6551 0.543476 -13.0084 -4.26773
internal_weight=4632 4594 4556 377 54 4179 4143 323 48 275 214 181 107 74 48 51 4075 61 68 46 4042 4015 3992 450 50 400 322 246 76 50
internal_count=4632 4594 4556 377 54 4179 4143 323 48 275 214 181 107 74 48 51 4075 61 68 46 4042 4015 3992 450 50 400 322 246 76 50
is_linear=0
shrinkage=0.05


Tree=157
num_leaves=31
num_cat=0
split_feature=0 3 5 3 3 3 3 0 5 3 3 3 6 5 5 5 0 0 3 4 3 6 3 5 4 5 5 5 5 3
split_gain=1.23758e+06 4.9823e+06 3.08228e+06 5.64709e+06 4.76742e+06 6.09465e+06 4.44596e+06 4.87558e+06 4.31309e+06 4.34957e+06 3.70961e+06 3.13798e+06 2.44692e+06 8.67102e+06 2.39402e+06 1.78304e+06 1.58321e+06 5.00944e+06 4.96318e+06 6.99019e+06 4.26294e+06 5.2412e+06 4.25641e+06 4.34043e+06 9.03555e+06 7.29212e+06 1.23259e+07 1.15945e+07 4.12479e+06 8.0635e+06
threshold=21.500000000000004 48701.500000000007 46688.100000000006 44907.400000000009 47430.100000000006 46605.55000000001 46306.250000000007 22.500000000000004 42039.500000000007 41328.750000000007 47122.000000000007 40550.250000000007 46808.356250000004 38578.600000000006 45732.250000000007 45352.850000000013 10.500000000000002 12.500000000000002 42028.30000000001 40469.500000000007 65550.550000000003 54647.14375000001 63513.350000000006 63898.450000000004 63606.250000000007 63298.700000000004 62539.700000000004 62284.650000000001 63143.900000000009 62849.600000000006
decision_type=2 2 2 2 2 2 2 2 2 2 2 2 2 2 2 2 2 2 2 2 2 2 2 2 2 2 2 2 2 2
left_child=16 2 3 8 5 -4 -5 14 9 11 -9 12 13 -2 -8 -3 22 28 -19 -20 -21 -22 23 25 -25 26 27 -1 29 -18
right_child=1 15 4 6 -6 -7 7 10 -10 -11 -12 -13 -14 -15 -16 -17 17 18 19 20 21 -23 -24 24 -26 -27 -28 -29 -30 -31
leaf_value=-0.31986970345014365 30.397440719604493 -29.269926725115099 -14.108204002590742 23.576674456345408 -28.007866072654725 20.676370820999146 26.679932971622634 -22.059143613732381 -24.162611186981202 18.723027348518372 5.0413047381809788 -21.541998435556891 -13.642469094016334 -16.161729259490965 3.3299224104200094 -8.6657047998337529 7.5107196589647716 23.664739175276324 -28.905850778307236 0.72075015049748659 -31.017458907417634 -3.4567351431086446 -18.011187942368647 -0.12013669790223587 -40.132418064844046 20.848013631308952 -29.864313278198246 37.94694055557251 2.3771080702296961 38.270658125327188
leaf_weight=1928 20 21 34 38 24 20 23 23 25 22 28 24 22 20 21 21 118 22 21 1602 23 69 35 43 21 41 35 20 242 26
leaf_count=1928 20 21 34 38 24 20 23 23 25 22 28 24 22 20 21 21 118 22 21 1602 23 69 35 43 21 41 35 20 242 26
internal_value=-4.06681e-08 -2.71062 -0.725728 1.83718 -9.4659 -1.22503 9.12238 3.34066 -5.44802 -1.11594 -7.18047 -6.19102 -0.248711 7.11786 15.5356 -18.9678 0.24642 1.21191 0.06697 -0.235742 0.119673 -10.3469 -0.719072 -0.429214 -13.2492 -0.0238401 -0.455381 0.0730134 6.36415 13.0646
internal_weight=4632 386 344 266 78 54 133 95 133 108 51 86 62 40 44 42 4246 2123 1737 1715 1694 92 2123 2088 64 2024 1983 1948 386 144
internal_count=4632 386 344 266 78 54 133 95 133 108 51 86 62 40 44 42 4246 2123 1737 1715 1694 92 2123 2088 64 2024 1983 1948 386 144
is_linear=0
shrinkage=0.05


Tree=158
num_leaves=31
num_cat=0
split_feature=4 4 6 6 1 3 4 4 5 6 6 6 6 4 4 4 3 4 5 5 5 4 0 3 0 1 3 5 0 4
split_gain=1.21303e+06 4.03028e+06 1.50413e+06 5.5744e+06 1.00517e+07 5.54399e+06 5.90706e+06 5.44868e+06 8.47899e+06 6.1638e+06 1.3065e+07 6.94884e+06 4.86115e+06 4.12362e+06 4.05022e+06 3.18916e+06 3.15392e+06 5.0665e+06 2.81699e+06 6.82319e+06 2.80243e+06 5.71851e+06 4.17344e+06 3.13754e+06 2.7069e+06 2.17796e+06 8.95526e+06 5.03899e+06 5.84139e+06 6.31348e+06
threshold=66923.85000000002 66397.400000000009 55402.781250000007 55360.531250000007 1.5000000000000002 46388.950000000004 47477.05000000001 49032.150000000001 49955.150000000001 55502.541666666679 55473.066666666673 55577.654166666674 55345.20416666667 52922.900000000001 45908.700000000004 60959.100000000006 63417.450000000004 57951.05000000001 66588.200000000026 65895.550000000003 64976.250000000007 64511.950000000004 12.500000000000002 62849.600000000006 13.500000000000002 1.5000000000000002 65880.60000000002 57889.350000000006 16.500000000000004 65051.30000000001
decision_type=2 2 2 2 2 2 2 2 2 2 2 2 2 2 2 2 2 2 2 2 2 2 2 2 2 2 2 2 2 2
left_child=1 2 3 12 -5 14 -7 -8 -9 10 16 15 18 -6 -4 -11 17 -10 19 20 25 22 23 -22 -13 -1 27 -27 29 -29
right_child=-2 -3 5 4 13 6 7 8 9 11 -12 24 -14 -15 -16 -17 -18 -19 -20 -21 21 -23 -24 -25 -26 26 -28 28 -30 -31
leaf_value=1.7241423314748774 -9.1423973772260876 16.735586060418026 5.8722433703450063 -42.958897817702521 -17.513512864606135 -17.557586600230291 25.497040664672852 -28.61753110235388 -5.8238176306088771 -28.869332399039436 48.978703432083137 -2.4299132183619907 18.235909281836616 7.52195237812243 35.395347722371419 -3.2843739872887023 -8.318995791673661 24.776013645049066 -13.591793383084813 20.458988838195804 -7.9636235645839157 -28.194633082990293 -17.755304160484901 17.235145924886066 18.427656058754241 -0.10976438218679906 30.214509748375935 -2.2076271108007313 -25.723550633823169 -21.57226303638296
leaf_weight=1172 36 36 26 21 29 39 25 22 24 29 20 35 36 38 21 21 32 31 39 40 21 27 26 30 28 2221 23 403 34 47
leaf_count=1172 36 36 26 21 29 39 25 22 24 29 20 35 36 38 21 21 32 31 39 40 21 27 26 30 28 2221 23 403 34 47
internal_value=-1.75944e-08 0.0716114 -0.0599462 -0.322992 -12.7749 3.07499 0.61925 3.27429 0.978555 3.93816 12.5388 -4.2058 -0.0569632 -3.31429 19.0634 -18.1236 4.1618 11.4234 -0.218252 -0.089279 -0.294556 -8.39495 -1.4522 6.85918 6.84012 -0.0785459 -0.853015 -1.11717 -5.74002 -4.23016
internal_weight=4632 4596 4560 4207 88 353 306 267 242 220 107 113 4119 67 47 50 87 55 4083 4044 4004 104 77 51 63 3900 2728 2705 484 450
internal_count=4632 4596 4560 4207 88 353 306 267 242 220 107 113 4119 67 47 50 87 55 4083 4044 4004 104 77 51 63 3900 2728 2705 484 450
is_linear=0
shrinkage=0.05


Tree=159
num_leaves=31
num_cat=0
split_feature=3 3 4 4 5 5 0 5 0 3 3 6 3 5 5 3 3 3 3 6 6 4 5 0 6 5 0 5 5 1
split_gain=1.28041e+06 2.38168e+06 4.02966e+06 2.17649e+06 1.35936e+06 6.04862e+06 6.96304e+06 3.9742e+06 4.96804e+06 5.13696e+06 2.76243e+06 6.12674e+06 3.87148e+06 5.96512e+06 6.67883e+06 2.25439e+06 2.85945e+06 2.67337e+06 5.22972e+06 2.44302e+06 3.79282e+06 2.04877e+06 1.86813e+06 1.215e+07 4.82141e+06 3.74198e+06 9.60989e+06 3.80678e+06 2.15379e+06 3.74287e+06
threshold=66588.200000000026 65880.60000000002 64511.950000000004 63179.500000000007 64245.150000000001 63994.850000000006 11.500000000000002 65729.400000000009 11.500000000000002 63954.200000000004 62010.000000000007 54798.787499999999 63337.450000000004 65067.150000000009 64629.900000000001 64773.150000000001 64430.950000000004 64021.850000000013 63860.200000000004 54569.14166666667 55003.608333333344 63606.250000000007 63298.700000000004 13.500000000000002 54749.014583333344 62621.200000000004 10.500000000000002 62378.400000000001 61831.05000000001 1.5000000000000002
decision_type=2 2 2 2 2 2 2 2 2 2 2 2 2 2 2 2 2 2 2 2 2 2 2 2 2 2 2 2 2 2
left_child=1 4 -3 -2 5 15 -7 10 -9 -10 11 -6 21 14 -14 16 17 18 22 -17 -21 -12 25 24 -24 27 -27 28 -1 -30
right_child=3 2 -4 -5 7 6 -8 8 9 -11 12 -13 13 -15 -16 19 -18 -19 -20 20 -22 -23 23 -25 -26 26 -28 -29 29 -31
leaf_value=0.035690054102598151 -17.692309277145952 23.690592397962298 -3.6454413469021136 2.383879205915663 -14.716041574478149 -6.2903127288818368 31.097965772224196 -8.0593179480974069 -5.7293148222423742 24.943731038998337 -11.911040142059328 24.420708923339845 -11.893253777478193 -18.482559318168491 17.407231544866796 4.3334742670473849 13.279946229516007 -14.385861191153527 22.920764415740969 -31.289515885852634 -2.4657611236572268 -32.588784856381629 38.497367801666257 -25.687592538197833 8.8896035302769061 -32.63956251144409 7.0569852459815241 16.924911539482348 5.716578657286508 -17.566922703848945
leaf_weight=3732 27 28 26 27 20 20 33 43 21 39 25 20 37 51 41 23 41 32 25 21 25 23 20 21 44 30 31 33 28 45
leaf_count=3732 27 28 26 27 20 20 33 43 21 39 25 20 37 51 41 23 41 32 25 21 25 23 20 21 44 30 31 33 28 45
internal_value=-4.60726e-08 0.0902856 10.5288 -7.65422 -0.034312 0.20481 16.9892 -3.17578 4.91203 14.2082 -7.0147 4.85233 -9.69651 -5.18577 3.50828 -0.00949276 0.142001 0.00870372 0.123602 -8.9718 -15.6244 -21.8191 -0.0194528 7.31353 18.142 -0.179315 -12.4659 0.0159641 -0.130684 -8.63626
internal_weight=4632 4578 54 54 4524 4204 53 320 103 60 217 40 177 129 78 4151 4082 4041 4009 69 46 48 3984 85 64 3899 61 3838 3805 73
internal_count=4632 4578 54 54 4524 4204 53 320 103 60 217 40 177 129 78 4151 4082 4041 4009 69 46 48 3984 85 64 3899 61 3838 3805 73
is_linear=0
shrinkage=0.05


Tree=160
num_leaves=31
num_cat=0
split_feature=0 4 3 6 6 4 4 4 5 1 1 3 4 5 1 0 4 5 3 4 4 5 5 0 4 0 3 4 3 3
split_gain=1.16619e+06 1.98541e+06 2.00164e+06 2.47904e+06 9.6593e+06 5.92321e+06 2.90605e+06 6.51474e+06 4.12343e+06 3.32511e+06 2.20745e+06 4.4915e+06 2.60866e+06 1.90838e+06 3.62873e+06 5.52104e+06 3.64488e+06 2.99846e+06 5.02474e+06 4.87162e+06 9.53104e+06 5.2892e+06 4.40109e+06 4.76042e+06 4.34159e+06 3.59592e+06 2.98067e+06 2.97736e+06 2.90513e+06 4.67163e+06
threshold=1.5000000000000002 47341.950000000004 36828.05000000001 55063.693749999999 54927.568750000006 45119.150000000001 44663.000000000007 45499.700000000004 38402.400000000001 3.5000000000000004 1.5000000000000002 40550.250000000007 38403.650000000001 45622.700000000004 2.5000000000000004 22.500000000000004 53316.150000000001 40807.700000000004 43779.700000000004 40469.500000000007 47023.650000000009 42276.650000000009 40008.30000000001 20.500000000000004 48438.600000000006 19.500000000000004 46769.350000000006 46134.250000000007 41109.30000000001 39739.350000000013
decision_type=2 2 2 2 2 2 2 2 2 2 2 2 2 2 2 2 2 2 2 2 2 2 2 2 2 2 2 2 2 2
left_child=1 2 -1 4 6 -5 8 -8 -4 -9 12 -12 -10 14 15 26 17 22 19 -19 21 -21 28 -24 -22 27 -2 -20 29 -16
right_child=13 -3 3 5 -6 -7 7 9 10 -11 11 -13 -14 -15 16 -17 -18 18 25 20 24 -23 23 -25 -26 -27 -28 -29 -30 -31
leaf_value=-16.757166653587706 33.632838877925167 -17.581171871366958 17.752317780256273 2.4863218272173846 25.283510857659419 -23.696825710932416 -28.353644587198893 -10.048434947218214 -7.7325866946467645 16.271369461786179 5.6658492012457415 -25.310708477020267 13.370606116950512 -0.2184017817279286 3.3803404609362282 -1.1849350962638856 19.344137030381425 -30.490808404528579 1.1951509660290134 24.365215668854891 -37.642517384615807 -3.6273690541585291 35.897577921549484 3.8905744029925424 -10.223710200900124 -3.1811214333356812 11.075069415569306 22.620225449169382 12.793728902637959 -17.140878523313084
leaf_weight=21 27 21 32 54 37 36 30 28 27 21 22 25 32 3579 96 50 26 23 31 27 22 45 21 26 42 86 32 34 40 39
leaf_count=21 27 21 32 54 37 36 30 28 27 21 22 25 32 3579 96 50 26 23 31 27 22 45 21 26 42 86 32 34 40 39
internal_value=1.01735e-08 -2.63127 -1.77114 -0.856298 1.67031 -7.98694 -2.35591 -10.0034 2.02199 1.23148 -2.72679 -10.811 3.71321 0.239207 2.69465 11.0389 1.06468 0.171319 -3.00526 -9.20875 -5.60957 6.86985 4.60708 18.1916 -19.6489 3.52689 21.3981 12.4021 0.958672 -2.54801
internal_weight=4632 386 365 344 254 90 217 79 138 49 106 47 59 4246 667 109 558 532 310 159 136 72 222 47 64 151 59 65 175 135
internal_count=4632 386 365 344 254 90 217 79 138 49 106 47 59 4246 667 109 558 532 310 159 136 72 222 47 64 151 59 65 175 135
is_linear=0
shrinkage=0.05


Tree=161
num_leaves=31
num_cat=0
split_feature=1 3 5 3 1 5 4 5 5 4 5 5 4 5 6 0 5 4 5 5 4 6 3 5 5 3 6 6 5 4
split_gain=1.19456e+06 6.08271e+06 3.98463e+06 6.81654e+06 3.75347e+06 4.74252e+06 6.35907e+06 8.07556e+06 6.62391e+06 7.8731e+06 6.89092e+06 8.12926e+06 5.86343e+06 5.42011e+06 4.38567e+06 6.30718e+06 6.27919e+06 4.24514e+06 3.86698e+06 3.42048e+06 3.87424e+06 3.3141e+06 3.05383e+06 6.79487e+06 5.18744e+06 4.46465e+06 4.27225e+06 3.27205e+06 3.20321e+06 2.82613e+06
threshold=4.5000000000000009 56886.000000000007 55983.750000000007 55929.250000000007 5.5000000000000009 54869.700000000004 60846.700000000004 51937.400000000001 49863.650000000009 57044.950000000004 45454.250000000007 46625.05000000001 53316.150000000001 52866.600000000006 47027.693750000006 15.500000000000002 50040.950000000004 64195.200000000004 47780.500000000007 43779.700000000004 50994.100000000013 47098.847916666673 40008.30000000001 37902.500000000007 39536.700000000004 41328.750000000007 47520.716666666674 53919.522916666669 38901.450000000004 38115.700000000004
decision_type=2 2 2 2 2 2 2 2 2 2 2 2 2 2 2 2 2 2 2 2 2 2 2 2 2 2 2 2 2 2
left_child=-1 2 3 4 5 6 8 -8 9 10 12 -12 19 -9 29 16 -16 -15 -13 20 22 -4 23 -2 -25 -24 -27 -26 -28 -6
right_child=1 -3 21 -5 14 -7 7 13 -10 -11 11 18 -14 17 15 -17 -18 -19 -20 -21 -22 -23 25 24 27 26 28 -29 -30 -31
leaf_value=0.50691180010528669 -20.570883242289227 -27.34288215637207 -0.62421735834192349 24.164390598024642 11.866267047325771 -24.103754010023895 35.231109020926738 -20.130514248934659 -20.448881596903647 18.766581327036807 -42.230167083740241 8.9300319614864545 22.956786563179712 -3.0492936982048882 8.9434884883739336 -3.3630444765090943 45.907054469585425 22.41760279973348 -21.790125989913943 -20.77070365327376 17.997757062045011 -24.41023511886597 -25.691621177427233 26.077697372436525 -13.33270606994629 9.9660064683641707 2.9734115055629187 14.050582714080811 -21.863359625199266 -0.84877687731727236
leaf_weight=3312 24 22 27 28 48 27 22 22 62 38 25 21 22 36 27 35 20 30 20 27 22 32 31 30 24 35 21 20 34 488
leaf_count=3312 24 22 27 28 48 27 22 22 62 38 25 21 22 36 27 35 20 30 20 27 22 32 31 30 24 35 21 20 34 488
internal_value=-2.94832e-08 -1.27189 -0.830007 -0.225478 -0.789406 -3.63112 -2.65451 8.13606 -5.2575 -2.86698 -5.17618 -19.758 -1.85757 1.3623 1.93736 12.7062 24.6727 8.52657 -6.05541 -3.89457 -2.00388 -13.5251 -4.01318 2.54751 10.0454 -9.3268 -3.69003 -0.885757 -12.3802 0.289884
internal_weight=4632 1320 1298 1239 1211 593 566 110 456 394 356 66 290 88 618 82 47 66 41 268 241 59 219 98 74 121 90 44 55 536
internal_count=4632 1320 1298 1239 1211 593 566 110 456 394 356 66 290 88 618 82 47 66 41 268 241 59 219 98 74 121 90 44 55 536
is_linear=0
shrinkage=0.05


Tree=162
num_leaves=31
num_cat=0
split_feature=0 4 6 5 5 5 5 5 3 6 4 5 3 1 5 6 4 5 6 1 6 4 4 3 4 5 5 0 0 4
split_gain=1.16076e+06 4.73067e+06 4.41866e+06 2.74033e+06 2.95115e+06 8.07997e+06 7.42643e+06 8.18154e+06 8.84472e+06 6.10961e+06 6.05554e+06 3.67944e+06 1.35117e+07 7.54545e+06 2.77573e+06 2.6486e+06 5.78438e+06 2.93764e+06 2.24868e+06 6.17932e+06 2.20036e+06 2.05662e+06 4.43938e+06 4.19153e+06 2.57926e+06 2.31994e+06 2.29084e+06 4.72044e+06 4.15887e+06 6.54823e+06
threshold=2.5000000000000004 47667.450000000004 54741.866666666676 47924.750000000007 46869.450000000004 46395.350000000013 45732.250000000007 45066.900000000009 44844.000000000007 54775.229166666672 45687.750000000007 44097.80000000001 45070.700000000004 1.5000000000000002 36800.05000000001 46932.912499999999 42851.600000000006 39752.250000000007 54934.100000000006 3.5000000000000004 46555.875000000007 39315.400000000001 40182.150000000009 47302.350000000013 40714.400000000009 42039.500000000007 48694.05000000001 20.500000000000004 17.500000000000004 54393.80000000001
decision_type=2 2 2 2 2 2 2 2 2 2 2 2 2 2 2 2 2 2 2 2 2 2 2 2 2 2 2 2 2 2
left_child=1 3 -3 4 5 6 7 11 -9 -8 -6 14 13 -13 -1 20 -17 -18 19 -19 -16 23 25 -2 -24 -23 28 -28 -26 -30
right_child=21 2 -4 -5 10 -7 9 8 -10 -11 -12 12 -14 -15 15 16 17 18 -20 -21 -22 22 24 -25 26 -27 27 -29 29 -31
leaf_value=13.65313037109375 -0.64209918692294099 -1.2453142547607423 -33.717642654072158 -16.353608428107368 23.472723083496096 -25.555773288011551 -4.1080445003509523 -41.705518732070928 -2.2780416199655242 30.719200336231907 -11.016131935119629 8.9924978523254406 -13.248561132975988 49.142000787908387 -0.07810405817898837 20.566058441444682 -16.529097386410363 -27.561026916503909 9.8343261446271626 10.440038054922354 -19.854091717646675 2.8702331179664249 -14.832033784048898 -24.063686405695403 6.8522463554500526 24.854774037429266 -0.063358190778721721 -17.575794254205167 1.0447682200479755 -26.156188458981724
leaf_weight=25 72 20 22 27 35 32 20 25 33 34 20 25 35 22 22 27 38 20 35 23 39 21 28 26 351 28 2883 39 582 23
leaf_count=25 72 20 22 27 35 32 20 25 33 34 20 25 35 22 22 27 38 20 35 23 39 21 28 26 351 28 2883 39 582 23
internal_value=-5.74779e-08 -2.09414 -18.2546 -0.830194 -0.00836598 -1.33075 0.50188 -2.03251 -19.2726 17.8202 10.9313 1.18269 10.2712 27.7859 -2.0717 -3.99877 -0.277765 -5.12934 0.424381 -7.23488 -12.7218 0.299163 0.476459 -6.85599 0.288834 15.4328 0.39801 -0.297097 2.5226 0.0106823
internal_weight=4632 579 42 537 510 455 423 369 58 54 55 311 82 47 229 204 143 116 78 43 61 4053 3955 98 3906 49 3878 2922 956 605
internal_count=4632 579 42 537 510 455 423 369 58 54 55 311 82 47 229 204 143 116 78 43 61 4053 3955 98 3906 49 3878 2922 956 605
is_linear=0
shrinkage=0.05


Tree=163
num_leaves=31
num_cat=0
split_feature=4 4 3 3 0 0 4 5 0 3 5 4 5 5 6 3 5 0 6 3 1 3 1 1 4 3 5 4 6 6
split_gain=1.19637e+06 1.71058e+06 2.30913e+06 2.91667e+06 3.34941e+06 1.48094e+06 3.7597e+06 3.06117e+06 7.46625e+06 3.54078e+06 5.26571e+06 5.1306e+06 6.76521e+06 5.90627e+06 3.15188e+06 4.78744e+06 2.99302e+06 3.5339e+06 5.75467e+06 6.44976e+06 4.8787e+06 3.5331e+06 4.05763e+06 8.62582e+06 5.67364e+06 5.64591e+06 5.97406e+06 3.49484e+06 3.32149e+06 3.29154e+06
threshold=36800.05000000001 38901.450000000004 38700.000000000007 40008.30000000001 2.5000000000000004 3.5000000000000004 48758.650000000009 41825.500000000007 20.500000000000004 43779.700000000004 43779.700000000004 50994.100000000013 44423.650000000001 42907.900000000009 47175.958333333336 38911.450000000004 48778.80000000001 2.5000000000000004 53722.86041666667 40272.100000000013 3.5000000000000004 45070.700000000004 3.5000000000000004 2.5000000000000004 43846.900000000009 46306.250000000007 45155.750000000007 47095.450000000004 54975.852083333339 46711.437500000007
decision_type=2 2 2 2 2 2 2 2 2 2 2 2 2 2 2 2 2 2 2 2 2 2 2 2 2 2 2 2 2 2
left_child=-1 2 -2 -4 -5 6 16 8 -7 11 -11 12 13 -9 15 -10 17 21 19 -19 -20 27 23 24 -23 26 -26 29 -18 -3
right_child=1 5 3 4 -6 7 -8 9 14 10 -12 -13 -14 -15 -16 -17 28 18 20 -21 -22 22 -24 -25 25 -27 -28 -29 -30 -31
leaf_value=8.8353147268295285 7.3930426350346323 -15.025323776971726 -25.672177142188662 6.7161768290731647 -13.370774356625517 28.040516943090104 -14.60349999861284 -6.9118164672851563 -24.649544963836671 14.798537575252475 0.21173632758001856 9.2351617991924293 2.3394114042583265 -39.575845410746915 15.440451818896879 2.9216018444782978 -27.24051111394709 -23.40577293634415 7.0807813301319031 14.537333027521768 35.465279204646748 -26.466370355515256 3.7134041404724125 -31.365728998184206 -25.703124295110285 20.622289739336289 11.182547873542424 -14.257509994506837 0.91316020965576183 5.7184266910374726
leaf_weight=38 27 21 21 36 49 34 55 25 20 63 3448 32 38 31 31 74 22 24 41 21 24 21 60 40 23 28 21 30 20 214
leaf_count=38 27 21 21 36 49 34 55 25 20 63 3448 32 38 31 31 74 22 24 41 21 24 21 60 40 23 28 21 30 20 214
internal_value=-2.79764e-08 -0.0730827 -5.66082 -8.98586 -4.86336 0.0935098 -2.08307 0.474813 7.26566 0.177935 0.473476 -8.05733 -13.9441 -24.9937 1.61489 -2.9446 -0.954181 -0.00180024 8.04567 -5.69899 17.5612 -1.9346 -7.08048 -11.9499 -3.59901 3.07064 -8.0986 1.81316 -13.834 3.86473
internal_weight=4632 4594 133 106 85 4461 665 3796 159 3637 3511 126 94 56 125 94 610 568 110 45 65 458 193 133 93 72 44 265 42 235
internal_count=4632 4594 133 106 85 4461 665 3796 159 3637 3511 126 94 56 125 94 610 568 110 45 65 458 193 133 93 72 44 265 42 235
is_linear=0
shrinkage=0.05


Tree=164
num_leaves=31
num_cat=0
split_feature=1 3 5 3 1 5 4 5 5 5 4 4 5 5 0 6 5 4 4 4 4 5 5 5 4 5 6 5 4 6
split_gain=1.17859e+06 5.46855e+06 3.56729e+06 6.17891e+06 3.56028e+06 4.22751e+06 5.87704e+06 7.28107e+06 5.98825e+06 4.89165e+06 4.06328e+06 1.03577e+07 3.91194e+06 8.14556e+06 6.36289e+06 5.38247e+06 4.13129e+06 3.92454e+06 5.21235e+06 3.83124e+06 3.71093e+06 7.76181e+06 7.01627e+06 5.97741e+06 5.40385e+06 4.89633e+06 3.5701e+06 3.01742e+06 3.24905e+06 2.99097e+06
threshold=4.5000000000000009 56886.000000000007 55983.750000000007 55929.250000000007 5.5000000000000009 54869.700000000004 60846.700000000004 51937.400000000001 51366.750000000007 52866.600000000006 54088.05000000001 54608.05000000001 50554.450000000004 49863.650000000009 8.5000000000000018 46884.227083333339 48600.55000000001 46279.650000000001 48577.250000000007 64195.200000000004 57044.950000000004 45454.250000000007 49264.55000000001 46625.05000000001 53316.150000000001 47780.500000000007 46442.36250000001 43779.700000000004 50994.100000000013 47098.847916666673
decision_type=2 2 2 2 2 2 2 2 2 2 2 2 2 2 2 2 2 2 2 2 2 2 2 2 2 2 2 2 2 2
left_child=-1 2 3 4 5 6 8 -8 20 -9 12 -12 13 16 -14 -16 17 26 -19 -11 21 24 -22 -23 27 -25 -6 28 -2 -4
right_child=1 -3 29 -5 10 -7 7 9 -10 19 11 -13 14 -15 15 -17 -18 18 -20 -21 22 23 -24 25 -26 -27 -28 -29 -30 -31
leaf_value=0.5035111832122009 -4.0247401707792934 -25.983157001842155 -0.60042539525915073 22.948752324495999 -15.30231478142016 -22.905985284845034 33.446417882225731 -19.131406853415751 -28.947889497756957 -2.9042475620905561 42.569309198288693 0.59899973577382615 -30.720287702480956 32.939917428152903 -8.4909852953924663 20.41898768288749 -15.951758494521634 24.319566396387614 -6.8151298809051513 21.289303309122722 25.534805001883672 -39.983726837158201 -7.5120063748624588 8.3787577629089363 21.817065342989835 -23.100200993220014 2.066322981144165 -19.81114596967344 16.132152938842776 -23.197143244743348
leaf_weight=3312 219 22 27 28 33 27 22 22 25 36 21 49 24 21 69 21 33 41 20 30 29 25 36 21 22 30 286 27 22 32
leaf_count=3312 219 22 27 28 33 27 22 22 25 36 21 49 24 21 69 21 33 41 20 30 29 25 36 21 22 30 286 27 22 32
internal_value=-1.34297e-08 -1.26336 -0.844376 -0.272381 -0.809285 -3.57691 -2.65485 7.71869 -5.15724 1.28676 1.84638 13.1901 0.397364 2.56249 -7.84532 -1.74532 1.01788 2.49156 14.1115 8.09282 -3.77727 -5.73246 7.23196 -19.9559 -2.00495 -10.1383 0.269567 -3.96049 -2.18469 -12.8563
internal_weight=4632 1320 1298 1239 1211 593 566 110 456 88 618 70 548 434 114 90 413 380 61 66 431 366 65 76 290 51 319 268 241 59
internal_count=4632 1320 1298 1239 1211 593 566 110 456 88 618 70 548 434 114 90 413 380 61 66 431 366 65 76 290 51 319 268 241 59
is_linear=0
shrinkage=0.05


Tree=165
num_leaves=31
num_cat=0
split_feature=3 5 3 1 5 5 3 5 0 1 3 6 3 5 5 3 3 3 3 4 6 4 3 5 0 6 5 0 5 4
split_gain=1.17056e+06 2.18435e+06 2.1289e+06 4.05771e+06 1.26672e+06 5.42346e+06 6.60925e+06 3.58671e+06 4.48365e+06 4.79586e+06 2.49309e+06 5.52938e+06 3.49401e+06 5.38352e+06 6.02765e+06 2.05974e+06 2.55864e+06 2.43178e+06 4.69617e+06 2.27819e+06 3.46262e+06 1.84901e+06 1.71057e+06 1.65963e+06 1.09654e+07 4.35132e+06 3.40953e+06 8.67293e+06 3.41138e+06 2.00143e+06
threshold=66588.200000000026 64245.150000000001 65880.60000000002 1.5000000000000002 64245.150000000001 63994.850000000006 63417.450000000004 65729.400000000009 11.500000000000002 1.5000000000000002 62010.000000000007 54798.787499999999 63337.450000000004 65067.150000000009 64629.900000000001 64773.150000000001 64430.950000000004 64021.850000000013 63860.200000000004 59921.05000000001 55003.608333333344 63606.250000000007 63513.350000000006 63298.700000000004 13.500000000000002 54749.014583333344 62621.200000000004 10.500000000000002 62378.400000000001 63854.650000000009
decision_type=2 2 2 2 2 2 2 2 2 2 2 2 2 2 2 2 2 2 2 2 2 2 2 2 2 2 2 2 2 2
left_child=2 -2 4 -4 5 15 -7 10 22 -10 11 -6 21 14 -14 16 17 18 23 -17 -21 -12 -9 26 25 -25 28 -28 -1 -27
right_child=1 -3 3 -5 7 6 -8 8 9 -11 12 -13 13 -15 -16 19 -18 -19 -20 20 -22 -23 -24 24 -26 29 27 -29 -30 -31
leaf_value=-0.11392999025979587 -18.561711585521699 1.6760256195068359 -7.9152241539955144 20.467432905645936 -14.0272594165802 0.030139081231478987 35.501634120941162 1.5960784538932469 -5.1276448856700547 24.206642191033616 -11.36250764465332 23.152653388977054 -11.345610884073619 -17.605451314589555 16.489849797690788 5.6505445289611815 12.568929309379763 -13.713589568436147 21.727705419540406 -27.397594970703125 -0.80902806719144194 -31.006365319956906 -18.397740786075595 36.525479965209961 -24.450232914515908 -3.2835536479949954 -31.054604477882386 6.657115850140972 16.031646569569908 18.132818778355919
leaf_weight=3805 24 30 20 34 20 29 24 23 22 38 25 20 37 51 41 20 41 32 25 25 24 23 20 20 21 20 30 31 33 24
leaf_count=3805 24 30 20 34 20 29 24 23 22 38 25 20 37 51 41 20 41 32 25 25 24 23 20 20 21 20 30 31 33 24
internal_value=1.53921e-08 -7.31852 0.086326 9.95534 -0.0314739 0.199357 16.0927 -3.06401 4.61941 13.4507 -6.71098 4.5627 -9.25871 -4.9735 3.28585 -0.00356958 0.141237 0.0151453 0.124729 -8.57023 -14.3746 -20.7752 -7.70337 -0.0108322 6.90084 17.1879 -0.16151 -11.8896 0.0248934 8.3981
internal_weight=4632 54 4578 54 4524 4204 53 320 103 60 217 40 177 129 78 4151 4082 4041 4009 69 49 48 43 3984 85 64 3899 61 3838 44
internal_count=4632 54 4578 54 4524 4204 53 320 103 60 217 40 177 129 78 4151 4082 4041 4009 69 49 48 43 3984 85 64 3899 61 3838 44
is_linear=0
shrinkage=0.05


Tree=166
num_leaves=31
num_cat=0
split_feature=4 4 6 3 3 6 1 6 5 3 6 3 4 4 5 5 4 5 4 3 3 4 1 4 4 6 5 3 3 5
split_gain=1.10332e+06 3.42347e+06 1.33476e+06 5.34119e+06 5.39337e+06 5.09397e+06 9.09645e+06 4.33759e+06 4.03974e+06 4.26243e+06 5.00292e+06 3.94352e+06 3.71007e+06 3.63878e+06 2.7302e+06 5.92872e+06 2.20915e+06 9.30626e+06 5.52703e+06 4.86767e+06 6.62623e+06 4.74314e+06 3.71329e+06 3.31256e+06 4.34687e+06 3.82447e+06 5.06151e+06 3.34868e+06 3.15739e+06 3.7373e+06
threshold=66923.85000000002 66397.400000000009 55402.781250000007 46388.950000000004 47302.350000000013 55360.531250000007 1.5000000000000002 55345.20416666667 64707.450000000004 65434.350000000013 55416.437500000007 45261.450000000004 52922.900000000001 62183.000000000007 66588.200000000026 65895.550000000003 64511.950000000004 64899.100000000013 64929.350000000013 64616.80000000001 62261.950000000004 64095.200000000004 3.5000000000000004 63854.650000000009 63179.500000000007 54807.839583333334 55983.750000000007 63703.500000000007 66123.550000000003 64707.450000000004
decision_type=2 2 2 2 2 2 2 2 2 2 2 2 2 2 2 2 2 2 2 2 2 2 2 2 2 2 2 2 2 2
left_child=1 2 5 11 -5 7 -7 14 9 10 -6 -4 -8 -12 15 16 21 18 -18 20 -20 23 -23 24 28 26 -26 -27 29 -1
right_child=-2 -3 3 4 8 6 12 -9 -10 -11 13 -13 -14 -15 -16 -17 17 -19 19 -21 -22 22 -24 -25 25 27 -28 -29 -30 -31
leaf_value=-0.0063681981954191716 -8.7191633542378746 15.426647790273032 1.7655860185623169 -24.612130775451661 25.608635748000371 -40.917932510375977 -16.672558948911469 17.233287432458667 21.445761384963991 -21.194964045570011 -2.3561959020172556 31.05860070122613 7.0743872793097244 17.247489625436287 -13.364701324854142 19.082289314270021 -14.090654068308718 -30.113780742883684 13.893415223984491 25.225223659515382 -14.541736290454864 1.8651415365713615 28.339101585975062 -13.848978773707694 20.042755804061891 7.9210835970365086 -12.430011730194092 34.112219229988433 -18.406970310211182 -12.912108518366228
leaf_weight=3537 36 36 20 20 21 21 29 36 25 21 192 27 38 27 39 40 51 32 42 25 40 27 26 44 20 26 30 23 24 57
leaf_count=3537 36 36 20 20 21 21 29 36 25 21 192 27 38 27 39 40 51 32 42 25 40 27 26 44 20 26 30 23 24 57
internal_value=-3.71126e-08 0.0682963 -0.0529539 2.90021 0.489808 -0.300747 -12.204 -0.046441 2.24519 0.406053 2.29614 18.5935 -3.20414 0.0606968 -0.198797 -0.0718263 -0.263176 -5.52516 -0.545182 5.91107 0.0226096 -0.00104285 14.8524 -0.210357 -0.0489098 10.2877 0.559095 20.2149 -0.331753 -0.21105
internal_weight=4632 4596 4560 353 306 4207 88 4119 286 261 240 47 67 219 4083 4044 4004 190 158 107 82 3814 53 3761 3717 99 50 49 3618 3594
internal_count=4632 4596 4560 353 306 4207 88 4119 286 261 240 47 67 219 4083 4044 4004 190 158 107 82 3814 53 3761 3717 99 50 49 3618 3594
is_linear=0
shrinkage=0.05


Tree=167
num_leaves=31
num_cat=0
split_feature=1 3 5 3 6 5 6 5 4 3 5 4 3 0 5 0 6 5 0 4 3 5 4 3 5 0 3 4 4 0
split_gain=1.09703e+06 4.94002e+06 3.22196e+06 5.5859e+06 3.34664e+06 6.20895e+06 4.91995e+06 7.17166e+06 7.7983e+06 5.6345e+06 4.8846e+06 4.52663e+06 3.72698e+06 3.39859e+06 8.46616e+06 5.02667e+06 5.01647e+06 4.7589e+06 5.89669e+06 5.23299e+06 5.80452e+06 9.05424e+06 4.74493e+06 1.22317e+07 3.81224e+06 7.75148e+06 5.84438e+06 5.66655e+06 6.00525e+06 5.21472e+06
threshold=4.5000000000000009 56886.000000000007 55983.750000000007 55929.250000000007 51094.72083333334 52432.900000000009 52687.495833333342 44676.80000000001 50994.100000000013 39536.700000000004 38402.400000000001 55866.500000000007 49863.650000000009 15.500000000000002 50881.250000000007 16.500000000000004 46986.80000000001 48600.55000000001 17.500000000000004 54393.80000000001 47187.400000000001 44336.55000000001 62245.400000000001 53769.950000000004 52979.350000000013 7.5000000000000009 46157.450000000004 53126.55000000001 54797.200000000004 5.5000000000000009
decision_type=2 2 2 2 2 2 2 2 2 2 2 2 2 2 2 2 2 2 2 2 2 2 2 2 2 2 2 2 2 2
left_child=-1 2 3 4 13 6 12 8 9 -8 -11 -9 -6 16 15 -15 24 18 -17 20 21 -20 23 -18 25 26 29 -26 -29 -2
right_child=1 -3 -4 -5 5 -7 7 11 -10 10 -12 -13 -14 14 -16 17 22 -19 19 -21 -22 -23 -24 -25 27 -27 -28 28 -30 -31
leaf_value=0.48577693182714105 -1.9543994333360581 -24.713751706210051 -12.236331619650631 21.801692905809201 16.97297563349947 -22.496111145019533 4.642636212994975 -42.012142677307132 26.871045548575268 1.1584879875183105 -27.510791145226893 -8.7749041966029591 -8.7974865341186526 22.791407034613869 -26.42933850568884 23.819950680931413 7.7898547381685495 -20.242860043048861 0.11673421245475002 -24.852895272296408 16.238986409228783 -31.019191431999207 0.92407078907407569 52.428772393862403 -28.246621628908009 18.339395361680253 -24.721898523966473 17.693281511160045 -14.657730090618134 23.232225505510968
leaf_weight=3312 143 22 59 28 47 45 62 20 21 24 39 21 20 22 34 24 57 32 229 23 46 26 58 21 26 65 24 26 32 24
leaf_count=3312 143 22 59 28 47 45 62 20 21 24 39 21 20 22 34 24 57 32 229 23 46 26 58 21 26 65 24 26 32 24
internal_value=-3.26043e-09 -1.21886 -0.82064 -0.277036 -0.787526 -5.37807 -2.34534 -6.51068 -1.32179 -6.05819 -16.5892 -24.9882 9.2803 0.717487 -2.47172 -0.445452 3.63869 -1.79074 -0.0939978 -1.8654 -0.108882 -3.05791 11.7546 19.808 0.392339 3.42511 -1.65043 -8.85041 -0.155552 1.66524
internal_weight=4632 1320 1298 1239 1211 299 254 187 146 125 63 41 67 912 436 402 476 380 348 324 301 255 136 78 340 256 191 84 58 167
internal_count=4632 1320 1298 1239 1211 299 254 187 146 125 63 41 67 912 436 402 476 380 348 324 301 255 136 78 340 256 191 84 58 167
is_linear=0
shrinkage=0.05


Tree=168
num_leaves=31
num_cat=0
split_feature=4 4 4 1 5 3 4 3 3 5 4 0 6 4 6 6 4 4 6 5 1 4 4 5 0 0 3 6 6 4
split_gain=1.09042e+06 1.5801e+06 2.23754e+06 4.99009e+06 4.0259e+06 1.97459e+06 1.53987e+06 2.03182e+06 1.96778e+06 3.80327e+06 1.58239e+06 1.85177e+06 2.59059e+06 3.04314e+06 3.96557e+06 7.32305e+06 5.92518e+06 5.62621e+06 4.86851e+06 2.14075e+06 4.21066e+06 5.09807e+06 8.98607e+06 3.70477e+06 3.06202e+06 4.05062e+06 9.28603e+06 9.93921e+06 6.02668e+06 6.80578e+06
threshold=36800.05000000001 38901.450000000004 38115.700000000004 5.5000000000000009 39752.250000000007 44766.850000000006 40182.150000000009 39104.55000000001 46454.350000000013 43464.600000000006 40714.400000000009 1.5000000000000002 54590.160416666673 46838.700000000004 55063.693749999999 54927.568750000006 45119.150000000001 45687.750000000007 54767.977083333339 45622.700000000004 2.5000000000000004 45585.250000000007 47023.650000000009 45797.450000000004 19.500000000000004 4.5000000000000009 40775.000000000007 54422.481250000004 46645.493750000016 51741.950000000004
decision_type=2 2 2 2 2 2 2 2 2 2 2 2 2 2 2 2 2 2 2 2 2 2 2 2 2 2 2 2 2 2
left_child=-1 2 4 -4 -2 -6 7 -3 9 -9 -8 12 -12 14 15 17 -16 18 -14 20 21 -13 -23 -21 25 26 -22 -28 -27 -30
right_child=1 6 3 -5 5 -7 10 8 -10 -11 11 19 13 -15 16 -17 -18 -19 -20 23 24 22 -24 -25 -26 28 27 -29 29 -31
leaf_value=8.4350132992393085 14.82649131006208 -4.858702385425568 -1.6296252701017595 -32.298706840333487 -20.26672258831206 0.34723544854384203 -10.218576361003676 4.8756898999214178 -0.47440388120453936 32.260001518612818 -14.072913071688484 28.507816555920773 5.5444272918701181 -15.718312795234448 2.2532943566640218 26.147719618853401 -25.460932731628418 16.465388817622745 -24.331307961146038 -20.144442781158119 8.5813537467153456 -18.311843236287437 25.42368519824484 -0.010852754624716144 -3.1307601256486848 -11.203275162833078 -41.039513944089414 5.487786795876243 33.942063840230304 5.0984673300454784
leaf_weight=38 29 32 36 21 21 26 38 32 29 21 51 34 25 33 54 34 30 29 30 23 95 24 23 3470 205 21 24 22 39 43
leaf_count=38 29 32 36 21 21 26 38 32 29 21 51 34 25 33 54 34 30 29 30 23 95 24 23 3470 205 21 24 22 39 43
internal_value=3.88291e-08 -0.0697715 -5.44018 -12.9288 0.176253 -8.86326 0.0903416 5.82672 9.99664 15.7261 -0.0600948 0.0294903 -3.85798 -1.64112 0.658614 6.56941 -7.64464 -1.35515 -10.7514 0.305855 3.26686 13.7596 3.09065 -0.143424 1.37397 5.15868 -0.347436 -18.7873 12.6962 18.8168
internal_weight=4632 4594 133 57 76 47 4461 114 82 53 4347 4309 286 235 202 118 84 84 55 4023 530 81 47 3493 449 244 141 46 103 82
internal_count=4632 4594 133 57 76 47 4461 114 82 53 4347 4309 286 235 202 118 84 84 55 4023 530 81 47 3493 449 244 141 46 103 82
is_linear=0
shrinkage=0.05


Tree=169
num_leaves=31
num_cat=0
split_feature=5 5 6 6 5 6 5 4 3 0 6 4 5 0 0 6 0 5 6 6 5 5 6 0 4 6 6 3 4 5
split_gain=1.08151e+06 2.04481e+06 1.71408e+06 4.16929e+06 4.30789e+06 4.12317e+06 4.17339e+06 3.6693e+06 5.52135e+06 3.84674e+06 4.66643e+06 3.19869e+06 3.82302e+06 4.05515e+06 2.61717e+06 2.56164e+06 2.04953e+06 2.69341e+06 1.82909e+06 1.53853e+06 1.52714e+06 2.5832e+06 1.46676e+06 1.4225e+06 5.59e+06 2.8301e+06 2.25792e+06 3.58615e+06 5.0659e+06 3.99845e+06
threshold=36800.05000000001 37663.700000000004 46736.439583333333 46776.491666666676 39349.850000000013 46699.48958333335 44982.250000000007 55635.350000000006 53948.80000000001 1.5000000000000002 46645.493750000016 39522.750000000007 42276.650000000009 15.500000000000002 9.5000000000000018 46808.356250000004 3.5000000000000004 38402.400000000001 46469.852083333339 46511.433333333342 39752.250000000007 40272.100000000013 46555.875000000007 20.500000000000004 48438.600000000006 55030.683333333342 55278.887500000004 49079.150000000009 47341.950000000004 46625.05000000001
decision_type=2 2 2 2 2 2 2 2 2 2 2 2 2 2 2 2 2 2 2 2 2 2 2 2 2 2 2 2 2 2
left_child=-1 -2 5 -4 16 7 -7 8 9 -3 11 -11 18 14 19 -6 17 -5 -13 -14 -17 -22 -15 -23 26 -26 27 28 -25 -29
right_child=1 2 3 4 15 6 -8 -9 -10 10 -12 12 13 22 -16 20 -18 -19 -20 -21 21 23 -24 24 25 -27 -28 29 -30 -31
leaf_value=8.4004987013967405 -11.620004423041093 -18.114459609985353 17.260397688547769 19.285751483657144 -13.911485344713384 -34.11407024383545 -5.3296886780682735 18.648001237349078 -22.490109080653038 -18.00357314682007 17.625957484123035 24.064496830531532 -10.537670253885203 -6.5223514556884767 17.55848503112793 -11.775524287753635 25.204000035199254 -4.9347596327463785 4.6885112104744753 5.6129678916931161 16.864117799634521 0.39577874339326069 -24.192066607267961 2.6000827454887663 -30.246361030578612 -6.4551689147949221 7.0142578858595632 -27.864616228066957 -23.653991193771361 -3.6904923515319825
leaf_weight=38 38 27 36 22 33 20 34 22 31 25 39 21 29 24 23 27 22 24 29 30 23 3542 23 226 25 25 78 26 20 50
leaf_count=38 38 27 36 22 33 20 34 22 31 25 39 21 29 24 23 27 22 24 29 30 23 3542 23 226 25 25 78 26 20 50
internal_value=-3.7181e-08 -0.0694861 0.0268527 0.318145 0.170928 -3.20209 -15.9906 -1.06407 -2.50482 -0.210216 1.77914 -1.25039 1.08944 -3.45978 3.25173 -0.0373465 12.6521 6.64896 12.8264 -2.32548 0.0759258 0.155624 -15.1692 0.0593578 -2.58865 -18.3508 -0.618384 -2.46728 0.465605 -11.9606
internal_weight=4632 4594 4556 4179 4143 377 54 323 301 270 243 204 179 129 82 4075 68 46 50 59 4042 4015 47 3992 450 50 400 322 246 76
internal_count=4632 4594 4556 4179 4143 377 54 323 301 270 243 204 179 129 82 4075 68 46 50 59 4042 4015 47 3992 450 50 400 322 246 76
is_linear=0
shrinkage=0.05


Tree=170
num_leaves=31
num_cat=0
split_feature=0 3 4 5 3 3 4 6 4 4 0 5 5 1 5 6 5 1 4 4 3 6 5 3 3 4 0 5 4 0
split_gain=1.10743e+06 4.00952e+06 3.96534e+06 2.48318e+06 3.75673e+06 2.83092e+06 2.30609e+06 1.62444e+06 2.66758e+06 2.16276e+06 1.97237e+06 3.59853e+06 7.16048e+06 5.72805e+06 2.92504e+06 3.79623e+06 2.53109e+06 4.91747e+06 6.29724e+06 1.41385e+07 8.21139e+06 5.63284e+06 4.13366e+06 3.57433e+06 5.47012e+06 3.40836e+06 3.28582e+06 6.5591e+06 9.85822e+06 4.1223e+06
threshold=22.500000000000004 47368.250000000007 44147.900000000009 45255.950000000004 44604.600000000006 45931.500000000007 39522.750000000007 46442.36250000001 46653.450000000004 37332.80000000001 1.0000000180025095e-35 43464.600000000006 38901.450000000004 3.5000000000000004 45534.700000000004 55069.652083333342 47131.450000000004 2.5000000000000004 45211.400000000009 46202.900000000001 46769.350000000006 47926.833333333343 47264.750000000007 44077.450000000004 44993.750000000007 47525.150000000001 2.5000000000000004 44585.850000000013 45782.750000000007 18.500000000000004
decision_type=2 2 2 2 2 2 2 2 2 2 2 2 2 2 2 2 2 2 2 2 2 2 2 2 2 2 2 2 2 2
left_child=7 2 6 4 -4 -5 -2 8 -1 -9 11 12 -11 14 15 -13 17 18 20 -20 21 -12 -18 -24 -25 -21 27 -19 -29 -28
right_child=1 -3 3 5 -6 -7 -8 9 -10 10 16 13 -14 -15 -16 -17 22 26 19 25 -22 -23 23 24 -26 -27 29 28 -30 -31
leaf_value=-18.011271393299104 -1.4070996883937292 -21.972291424641242 -0.22530819062263735 9.0941198158264154 24.811023439004504 -17.509058906435968 -19.978148758411407 11.853558275699616 1.829416624704997 1.7708066808766334 10.748446529561825 9.5416276192665102 -34.010336656923648 21.154415435791016 -18.652294823328656 -16.316719488664106 -18.433376706031062 1.2640397013598728 -33.755452852663787 0.94031361723845874 1.6513412293933687 42.861767284846351 18.02824855203982 -19.354011014989908 -0.016408448483557294 19.332979432741801 7.4368034378556178 -41.063672270598232 -0.039629507064819339 -1.6649851875845343
leaf_weight=32 35 26 31 20 29 20 32 40 36 29 22 40 27 25 30 22 31 131 23 53 42 36 27 37 3151 48 242 27 32 256
leaf_count=32 35 26 31 20 29 20 32 40 36 29 22 40 27 25 30 22 31 131 23 53 42 36 27 37 3151 48 242 27 32 256
internal_value=2.96885e-09 -3.70773 -0.864149 5.44236 11.8756 -4.20747 -10.2769 0.161206 -7.50738 0.280507 0.173621 -5.05744 -15.4808 -0.0684716 -5.83556 0.366085 0.391267 2.7186 9.15308 1.62455 18.4885 30.6809 -0.262623 -0.0874148 -0.240841 9.68138 0.623651 -4.97052 -18.8133 2.75797
internal_weight=4632 193 167 100 60 40 67 4439 68 4371 4331 173 56 117 92 62 4158 912 224 124 100 58 3246 3215 3188 101 688 190 59 498
internal_count=4632 193 167 100 60 40 67 4439 68 4371 4331 173 56 117 92 62 4158 912 224 124 100 58 3246 3215 3188 101 688 190 59 498
is_linear=0
shrinkage=0.05


Tree=171
num_leaves=31
num_cat=0
split_feature=3 4 4 0 0 4 5 6 1 5 6 3 5 6 4 5 6 0 5 5 6 4 3 0 5 5 3 3 4 0
split_gain=1.02849e+06 1.37561e+06 1.18749e+07 1.07789e+07 6.35972e+06 5.69557e+06 4.98087e+06 6.28299e+06 4.2657e+06 4.40525e+06 4.2008e+06 3.77556e+06 3.39116e+06 2.9981e+06 3.79451e+06 1.56457e+07 9.77114e+06 4.5519e+06 5.58292e+06 1.16167e+07 5.5654e+06 5.54878e+06 5.8219e+06 5.01362e+06 8.86653e+06 5.91107e+06 5.74262e+06 5.2514e+06 8.31346e+06 5.11923e+06
threshold=66923.85000000002 61354.350000000013 61782.200000000004 13.500000000000002 15.500000000000002 60588.650000000001 52342.900000000009 50288.73750000001 3.5000000000000004 60746.600000000013 49892.777083333342 60101.30000000001 53877.600000000013 55459.779166666682 62410.400000000009 62877.250000000007 54869.893750000003 14.500000000000002 64899.100000000013 64707.450000000004 55284.964583333342 62830.30000000001 61803.05000000001 10.500000000000002 62985.750000000007 63143.900000000009 61611.05000000001 65131.30000000001 65712.550000000003 12.500000000000002
decision_type=2 2 2 2 2 2 2 2 2 2 2 2 2 2 2 2 2 2 2 2 2 2 2 2 2 2 2 2 2 2
left_child=1 5 3 11 6 -1 -4 10 9 -7 -8 -3 -10 14 15 16 -9 18 19 21 -20 22 -16 24 -23 -25 -26 28 29 -27
right_child=-2 2 4 -5 -6 8 7 13 12 -11 -12 -13 -14 -15 17 -17 -18 -19 20 -21 -22 23 -24 25 26 27 -28 -29 -30 -31
leaf_value=-0.017962308876216412 -8.4183187060885967 19.542476604295814 25.499192581176757 45.589832210540777 -26.389509703896262 13.102088722229006 -4.7922588280269078 -12.76999973654747 -9.0281140327453624 -14.06731582074552 -34.795126838684084 -10.161592440605164 -36.205388260384403 14.034505264190111 1.8188808345794678 -34.255466206868491 32.836010007754616 -15.282601057158576 -1.3357275969690559 42.383198202224008 -29.545148243904112 -16.844489416882798 39.092438472401014 14.539838270170499 29.563279758800164 -17.590798375185798 -6.1686122728430703 -20.897014448377821 32.573497695922853 11.005121347821992
leaf_weight=3600 36 23 20 28 22 25 28 24 22 37 20 20 24 44 20 36 23 36 139 21 20 74 22 113 22 34 23 27 20 29
leaf_count=3600 36 23 20 28 22 25 28 24 22 37 20 20 24 44 20 36 23 36 139 21 20 74 22 113 22 34 23 27 20 29
internal_value=1.70212e-08 0.0659399 1.83357 21.4473 0.129069 -0.357376 0.862917 0.227142 -11.6712 -3.11191 -17.2935 5.72663 -23.2076 1.38394 0.568964 -9.45119 9.54783 1.95509 3.05536 6.17233 -4.88408 4.19205 21.3431 2.08578 -6.2015 6.50813 11.3003 -1.74262 4.48833 -4.4276
internal_weight=4632 4596 888 71 817 3708 795 775 108 62 48 43 46 727 683 83 47 600 564 405 159 384 42 342 119 223 45 110 83 63
internal_count=4632 4596 888 71 817 3708 795 775 108 62 48 43 46 727 683 83 47 600 564 405 159 384 42 342 119 223 45 110 83 63
is_linear=0
shrinkage=0.05


Tree=172
num_leaves=31
num_cat=0
split_feature=4 4 5 4 4 6 0 6 4 1 3 4 5 4 4 4 5 4 4 5 5 4 1 1 5 5 5 6 5 3
split_gain=1.07353e+06 3.06034e+06 1.83672e+06 1.70472e+06 7.47884e+06 6.44913e+06 5.58892e+06 5.23192e+06 4.48185e+06 6.16683e+06 4.02022e+06 3.20721e+06 4.20878e+06 3.65363e+06 3.70091e+06 1.03078e+07 9.29707e+06 7.96425e+06 6.82231e+06 5.62788e+06 1.35743e+07 5.13739e+06 4.04417e+06 3.84979e+06 3.97574e+06 3.18805e+06 5.30652e+06 3.68644e+06 3.06052e+06 3.00949e+06
threshold=66923.85000000002 66123.550000000003 64899.100000000013 64511.950000000004 64095.200000000004 55185.527083333342 12.500000000000002 55030.683333333342 64929.350000000013 1.5000000000000002 64931.400000000009 63854.650000000009 63814.450000000004 63179.500000000007 62077.350000000013 61354.350000000013 62539.700000000004 61573.900000000001 62245.400000000001 64707.450000000004 63994.850000000006 60588.650000000001 2.5000000000000004 3.5000000000000004 60746.600000000013 62221.700000000004 60236.55000000001 55202.758333333339 53877.600000000013 54772.750000000007
decision_type=2 2 2 2 2 2 2 2 2 2 2 2 2 2 2 2 2 2 2 2 2 2 2 2 2 2 2 2 2 2
left_child=1 3 -3 4 11 7 -6 8 -5 -10 -7 13 -13 14 15 21 17 -17 -16 20 25 -1 -19 24 -23 26 29 -27 -25 -20
right_child=-2 2 -4 5 6 10 -8 -9 9 -11 -12 12 -14 -15 18 16 -18 22 19 -21 -22 23 -24 28 -26 27 -28 -29 -30 -31
leaf_value=-0.020417410013778836 -8.6006757736206065 20.148109987576802 1.5904955228169761 -16.158157536079145 5.3413181855943472 20.963791165351868 34.116101533395273 -29.112886517136186 25.39365946451823 -5.3527112917438764 -7.1375790882110595 -24.250149142357614 3.9791566377100738 8.4221987722411988 -26.461292309231226 48.644612602565601 -5.7155022144317629 31.562418044697154 -14.78791028658549 -22.791677261220997 35.742499192555748 12.446984901428223 4.9887376203769591 -8.5767084511843592 -13.363949600425926 -5.60456860646969 -32.926057347384365 20.579181785583497 -34.395119436581929 11.473732576370239
leaf_weight=3606 36 30 24 58 45 35 27 27 21 73 20 31 23 126 36 23 40 22 24 29 24 25 41 22 37 41 22 20 24 20
leaf_count=3606 36 30 24 58 45 35 27 27 21 73 20 31 23 126 36 23 40 22 24 29 24 25 41 22 37 41 22 20 24 20
internal_value=-2.44098e-08 0.0673682 11.9003 -0.0733137 0.152444 -4.22958 16.1319 -8.83074 -5.22799 1.51616 10.7451 -0.119161 -12.2266 0.037176 -0.223305 0.134904 14.1993 23.4621 -6.59147 -2.6175 1.25701 -0.342242 14.2684 -11.0876 -2.95631 -5.25994 -12.8759 2.98027 -22.0472 -2.8508
internal_weight=4632 4596 54 4542 4308 234 72 179 152 94 55 4236 54 4182 4056 3840 126 86 216 180 151 3714 63 108 62 127 66 61 46 44
internal_count=4632 4596 54 4542 4308 234 72 179 152 94 55 4236 54 4182 4056 3840 126 86 216 180 151 3714 63 108 62 127 66 61 46 44
is_linear=0
shrinkage=0.05


Tree=173
num_leaves=31
num_cat=0
split_feature=0 3 4 4 4 1 4 6 4 4 0 5 5 1 5 6 5 1 4 4 3 6 5 3 0 3 3 4 4 6
split_gain=998370 3.61859e+06 3.57872e+06 2.31432e+06 2.33267e+06 7.20032e+06 2.08125e+06 1.46525e+06 2.40749e+06 1.95261e+06 1.7786e+06 3.24767e+06 6.46233e+06 5.16957e+06 2.63985e+06 3.4261e+06 2.28873e+06 4.43801e+06 5.68326e+06 1.276e+07 7.41078e+06 5.08364e+06 3.72945e+06 3.22687e+06 5.11912e+06 4.50335e+06 5.26495e+06 7.37797e+06 3.38898e+06 3.10011e+06
threshold=22.500000000000004 47368.250000000007 44147.900000000009 46433.150000000009 45687.750000000007 3.5000000000000004 39522.750000000007 46442.36250000001 46653.450000000004 37332.80000000001 1.0000000180025095e-35 43464.600000000006 38901.450000000004 3.5000000000000004 45534.700000000004 55069.652083333342 47131.450000000004 2.5000000000000004 45211.400000000009 46202.900000000001 46769.350000000006 47926.833333333343 47264.750000000007 44077.450000000004 3.5000000000000004 47368.250000000007 45359.500000000007 47667.450000000004 46933.850000000006 55194.312500000007
decision_type=2 2 2 2 2 2 2 2 2 2 2 2 2 2 2 2 2 2 2 2 2 2 2 2 2 2 2 2 2 2
left_child=7 2 6 4 5 -4 -2 8 -1 -9 11 12 -11 14 15 -13 17 18 20 -20 21 -12 -18 -24 25 26 -25 -28 -27 -21
right_child=1 -3 3 -5 -6 -7 -8 9 -10 10 16 13 -14 -15 -16 -17 22 -19 19 29 -22 -23 23 24 -26 28 27 -29 -30 -31
leaf_value=-17.108788931369784 -1.3348254558018278 -20.871758882816025 20.395108938217163 -8.0025708274841314 23.703857966831752 -16.348066647847496 -18.977320770919324 11.262799408435823 1.7398648473951555 1.6841855279330549 10.212943111766469 9.0664649915695197 -32.307900753727665 20.098613357543947 -17.717761028210322 -15.498963893543589 -17.509788931569744 0.59438776468294996 -32.065761995315555 3.77403516704089 1.5706928525652204 40.720597706900705 17.128754799454303 -18.399269046538915 0.20769439728742675 -9.4134501139322921 17.726817866069517 -17.178984892368316 -38.172311325073245 23.343495341709684
leaf_weight=32 35 26 30 25 21 24 32 40 36 29 22 40 27 25 30 22 31 688 23 73 42 36 27 39 3043 21 41 24 20 28
leaf_count=32 35 26 30 25 21 24 32 40 36 29 22 40 27 25 30 22 31 688 23 73 42 36 27 39 3043 21 41 24 20 28
internal_value=2.29829e-08 -3.52043 -0.819022 5.17216 9.56374 4.06481 -9.76109 0.153062 -7.13009 0.266367 0.164806 -4.80265 -14.7049 -0.0631291 -5.54186 0.3497 0.371485 2.58459 8.69734 1.54524 17.566 29.1487 -0.250311 -0.0838898 -0.229668 -9.40825 -3.87565 4.83852 -23.4422 9.19923
internal_weight=4632 193 167 100 75 54 67 4439 68 4371 4331 173 56 117 92 62 4158 912 224 124 100 58 3246 3215 3188 145 104 65 41 101
internal_count=4632 193 167 100 75 54 67 4439 68 4371 4331 173 56 117 92 62 4158 912 224 124 100 58 3246 3215 3188 145 104 65 41 101
is_linear=0
shrinkage=0.05


Tree=174
num_leaves=31
num_cat=0
split_feature=6 6 3 4 4 3 3 3 6 6 6 3 5 4 3 3 0 6 0 4 3 3 4 5 0 0 4 3 0 1
split_gain=973564 5.08917e+06 4.28688e+06 4.17376e+06 6.97014e+06 5.21386e+06 6.13757e+06 3.7901e+06 3.37192e+06 4.43361e+06 6.48869e+06 3.12592e+06 1.05801e+07 8.0605e+06 6.36708e+06 4.20513e+06 2.41052e+06 2.32098e+06 1.99426e+06 4.40701e+06 3.37232e+06 7.72324e+06 5.04599e+06 7.39586e+06 7.11031e+06 6.41581e+06 9.99379e+06 6.16659e+06 7.42739e+06 1.20087e+07
threshold=54422.481250000004 52687.495833333342 43633.650000000001 53890.400000000009 57044.950000000004 56643.80000000001 59813.450000000004 54336.850000000013 55069.652083333342 54807.839583333334 54624.531250000007 46998.450000000004 44676.80000000001 50994.100000000013 40775.000000000007 50040.950000000004 10.500000000000002 54028.947916666679 2.5000000000000004 47667.450000000004 47260.450000000004 46998.450000000004 47396.350000000013 48197.150000000001 20.500000000000004 4.5000000000000009 48946.150000000001 50122.850000000006 5.5000000000000009 2.5000000000000004
decision_type=2 2 2 2 2 2 2 2 2 2 2 2 2 2 2 2 2 2 2 2 2 2 2 2 2 2 2 2 2 2
left_child=1 -1 8 5 -5 7 -7 11 9 10 -2 12 13 14 -3 -13 -6 -17 19 -4 21 -20 -22 24 -24 26 -25 -27 29 -29
right_child=2 3 18 4 16 6 -8 -9 -10 -11 -12 15 -14 -15 -16 17 -18 -19 20 -21 22 -23 23 25 -26 27 -28 28 -30 -31
leaf_value=0.36530739663157075 26.809865080791969 -0.83572267435364811 -1.6325562247144643 -34.382482507824896 8.5706603458949502 24.512943696975711 -5.2071776415172373 -28.056833238601683 -6.1850698089599616 36.854824829101567 -11.631725256783623 19.259198188781738 -37.612407656069159 26.049022903442381 -32.352764745192097 5.4270685581933886 -15.386263820103236 -18.080698022388276 2.5325859292789743 -22.479460293906076 -7.9628727987910928 26.976345406080551 34.34305450685563 13.980211431047193 4.2998695620784053 14.632729809315174 -25.166087361318727 3.7811030424558201 0.74075605051378757 -46.411651593988594
leaf_weight=1590 23 59 268 32 21 32 38 20 20 20 21 26 27 20 22 21 21 21 216 28 178 38 31 23 54 77 56 26 1581 22
leaf_count=1590 23 59 268 32 21 32 38 20 20 20 21 26 27 20 22 21 21 21 216 28 178 38 31 23 54 77 56 26 1581 22
internal_value=-7.71373e-09 -0.85012 0.618096 -6.21826 -16.8023 -3.47974 8.37916 -7.3229 11.7352 17.3353 8.46274 -5.20719 -9.80955 -2.37711 -9.39591 3.45607 -3.4078 -6.32681 0.258652 -3.60456 0.755399 6.18953 0.0814395 0.847155 15.2568 0.160981 -13.7691 0.806042 0.152479 -19.2239
internal_weight=4632 1950 2682 360 74 286 70 216 84 64 44 196 128 101 81 68 42 42 2598 296 2302 254 2048 1870 85 1785 79 1706 1629 48
internal_count=4632 1950 2682 360 74 286 70 216 84 64 44 196 128 101 81 68 42 42 2598 296 2302 254 2048 1870 85 1785 79 1706 1629 48
is_linear=0
shrinkage=0.05


Tree=175
num_leaves=31
num_cat=0
split_feature=0 3 5 4 5 3 3 3 5 3 4 5 5 0 5 5 4 3 6 5 0 0 1 3 3 0 5 3 6 6
split_gain=1.0009e+06 3.85423e+06 2.84775e+06 4.55884e+06 4.94066e+06 3.98578e+06 5.69759e+06 3.9564e+06 5.68663e+06 2.4986e+06 3.97454e+06 5.5269e+06 4.14883e+06 2.24859e+06 1.55207e+06 1.44225e+06 4.94468e+06 4.22001e+06 8.08857e+06 1.04788e+07 6.05097e+06 3.55081e+06 1.1163e+07 7.38717e+06 7.00468e+06 4.41671e+06 1.60136e+07 8.40001e+06 4.58548e+06 9.38423e+06
threshold=21.500000000000004 48701.500000000007 46688.100000000006 47341.950000000004 44844.000000000007 47430.100000000006 46605.55000000001 45795.400000000001 45534.700000000004 38911.450000000004 43680.650000000001 40807.700000000004 42907.900000000009 22.500000000000004 45352.850000000013 48263.650000000001 57044.950000000004 48701.500000000007 54313.881250000006 46395.350000000013 17.500000000000004 7.5000000000000009 4.5000000000000009 56513.400000000009 46605.55000000001 6.5000000000000009 56304.900000000009 53677.350000000006 54852.164583333346 55172.31458333334
decision_type=2 2 2 2 2 2 2 2 2 2 2 2 2 2 2 2 2 2 2 2 2 2 2 2 2 2 2 2 2 2
left_child=15 2 3 4 9 6 -4 -6 -9 -2 11 13 -12 -11 -3 16 17 -1 20 -20 -19 22 23 25 -24 27 -27 -17 -28 -30
right_child=1 14 5 -5 7 -7 -8 8 -10 10 12 -13 -14 -15 -16 21 -18 18 19 -21 -22 -23 24 -25 -26 26 28 -29 29 -31
leaf_value=0.14078249693252987 -14.946810940333776 -26.348226483662923 -14.014351530636057 -20.027585389397363 -3.9853062422379204 -26.046916218598682 19.618060864806179 40.635435139049186 8.692869427329617 14.650968556177048 23.339671104185044 -27.841672427004035 -1.1661139830564842 -8.7747290277481085 -7.1247686862945558 -1.0626385195725629 26.319016695022583 16.048969355873439 50.697830057144166 9.5263100950156936 -15.992803503827353 0.53589705884304839 -8.0011864228682086 -27.951349757267877 -47.900723405317827 46.453143770044505 -15.281902345929829 -27.98919216778971 26.041440766857519 -15.603693946202597
leaf_weight=1064 28 21 34 22 23 24 20 22 38 21 31 22 39 20 21 441 20 23 20 68 41 2356 22 26 22 22 35 31 31 24
leaf_count=1064 28 21 34 22 23 24 20 22 38 21 31 22 39 20 21 441 20 23 20 68 41 2356 22 26 22 22 35 31 31 24
internal_value=8.84033e-09 -2.43768 -0.691899 1.77158 3.73707 -9.09298 -1.5579 13.6463 20.4051 -1.37143 1.48654 -7.62446 9.68645 3.2238 -16.7365 0.221608 1.65966 1.25408 9.04715 18.8835 -4.47779 -0.368902 -3.62839 -1.87398 -27.951 -0.712996 8.21338 -2.83112 -1.13412 7.86902
internal_weight=4632 386 344 266 244 78 54 83 60 161 133 63 70 41 42 4246 1236 1216 152 88 64 3010 654 610 44 584 112 472 90 55
internal_count=4632 386 344 266 244 78 54 83 60 161 133 63 70 41 42 4246 1236 1216 152 88 64 3010 654 610 44 584 112 472 90 55
is_linear=0
shrinkage=0.05


Tree=176
num_leaves=31
num_cat=0
split_feature=4 4 4 4 4 3 6 0 5 6 5 5 4 5 4 4 4 5 4 4 5 5 4 1 1 5 4 5 3 3
split_gain=985299 2.75835e+06 1.15941e+06 6.69391e+06 6.56722e+06 6.59655e+06 6.25728e+06 5.03754e+06 3.89385e+06 5.00511e+06 4.26798e+06 3.15275e+06 2.9177e+06 3.81676e+06 3.24027e+06 3.42491e+06 9.19882e+06 8.40052e+06 7.18035e+06 6.15794e+06 5.08216e+06 1.24346e+07 4.70638e+06 3.66146e+06 3.48178e+06 3.5864e+06 3.02932e+06 3.24102e+06 2.99059e+06 4.74429e+06
threshold=66923.85000000002 66397.400000000009 64511.950000000004 64095.200000000004 64929.350000000013 64877.100000000013 54994.568750000013 12.500000000000002 63898.450000000004 54775.229166666672 62621.200000000004 56844.450000000004 63854.650000000009 63814.450000000004 63179.500000000007 62077.350000000013 61354.350000000013 62539.700000000004 61573.900000000001 62245.400000000001 64707.450000000004 63453.700000000004 60588.650000000001 2.5000000000000004 3.5000000000000004 60746.600000000013 62675.80000000001 62462.400000000009 63954.200000000004 62849.600000000006
decision_type=2 2 2 2 2 2 2 2 2 2 2 2 2 2 2 2 2 2 2 2 2 2 2 2 2 2 2 2 2 2
left_child=1 2 3 12 5 6 -4 -5 10 -10 11 -6 14 -14 15 16 22 18 -18 -17 21 26 -1 -20 25 -24 -21 -28 29 -16
right_child=-2 -3 4 7 8 -7 -8 -9 9 -11 -12 -13 13 -15 28 19 17 -19 23 20 -22 -23 24 -25 -26 -27 27 -29 -30 -31
leaf_value=-0.00274256905184411 -8.2396447075737864 13.850464199648963 -16.720814058732014 5.0217085689968535 14.611719678795858 -39.494451103210451 15.900697503771102 32.340250820583769 -27.093084182739258 2.1155344702980736 23.371483988080708 -10.176980899942333 -23.106409183625253 3.7760992837988812 9.3658683502312865 -25.208273039923775 46.142245450227165 -5.503944425582886 29.95702802484686 0.51483392034258157 -21.726311154201113 24.628548226705412 11.76703727722168 4.6719509496921452 -21.018111340895942 -12.747545072194693 -26.239521989040078 -1.3095584284175528 19.442242822891629 -17.919740032014392
leaf_weight=3606 36 36 49 45 23 20 21 27 20 55 35 29 31 23 66 36 23 40 22 56 29 41 25 41 46 37 32 22 39 21
leaf_count=3606 36 36 49 45 23 20 21 27 20 55 35 29 31 23 66 36 23 40 22 56 29 41 25 41 46 37 32 22 39 21
internal_value=5.2037e-08 0.0645404 -0.0442959 0.148531 -3.34072 -14.1699 -6.93436 15.2662 2.6755 -5.67343 9.87286 0.787252 -0.108425 -11.6565 0.0406882 -0.204616 0.139977 13.4263 22.2311 -6.33072 -2.5552 1.12666 -0.310772 13.5017 -10.5955 -2.86263 -7.63313 -16.0829 7.93714 2.77969
internal_weight=4632 4596 4560 4308 252 90 70 72 162 75 87 52 4236 54 4182 4056 3840 126 86 216 180 151 3714 63 108 62 110 54 126 87
internal_count=4632 4596 4560 4308 252 90 70 72 162 75 87 52 4236 54 4182 4056 3840 126 86 216 180 151 3714 63 108 62 110 54 126 87
is_linear=0
shrinkage=0.05


Tree=177
num_leaves=31
num_cat=0
split_feature=5 5 6 5 6 4 6 0 4 6 6 5 6 5 0 6 3 3 3 0 5 5 5 0 4 6 6 3 3 0
split_gain=953716 1.76919e+06 1.42354e+06 4.07715e+06 1.34043e+07 6.25392e+06 4.79289e+06 4.79145e+06 3.86617e+06 4.03967e+06 3.82902e+06 3.84074e+06 3.15987e+06 4.22089e+06 3.90183e+06 2.28725e+06 2.28064e+06 1.035e+07 2.46511e+06 1.86722e+06 2.37721e+06 1.34642e+06 2.38035e+06 1.28532e+06 5.40054e+06 2.57863e+06 2.00025e+06 3.50935e+06 3.12567e+06 3.12394e+06
threshold=36800.05000000001 37663.700000000004 46736.439583333333 53167.950000000004 46627.741666666676 42662.450000000004 46511.433333333342 15.500000000000002 45321.900000000009 46610.600000000013 46776.491666666676 39349.850000000013 46627.741666666676 50652.80000000001 5.5000000000000009 46808.356250000004 40550.250000000007 39349.850000000013 37921.450000000004 3.5000000000000004 38402.400000000001 39752.250000000007 40272.100000000013 20.500000000000004 48438.600000000006 55030.683333333342 55278.887500000004 49442.150000000009 50040.950000000004 21.500000000000004
decision_type=2 2 2 2 2 2 2 2 2 2 2 2 2 2 2 2 2 2 2 2 2 2 2 2 2 2 2 2 2 2
left_child=-1 -2 3 5 6 16 -5 12 -9 -10 -4 19 13 14 -7 -13 17 18 -3 20 -12 -17 -23 -24 26 -26 28 -28 29 -25
right_child=1 2 10 4 -6 7 -8 8 9 -11 11 15 -14 -15 -16 21 -18 -19 -20 -21 -22 22 23 24 25 -27 27 -29 -30 -31
leaf_value=7.8885838960346426 -10.809140320828087 -4.0237211545308433 16.52599037322733 -12.111867635900325 -38.535228483138553 1.244185985218395 20.892571033130992 12.849480533599854 -22.766404628753662 4.3702391306559241 18.075722616369074 -13.157965829878144 23.814279084456597 -9.5642565974482778 31.75841949462891 -11.069048224555122 -20.147527476719446 26.304930295944214 -24.395298876906889 23.914381660114636 -4.6786950906117761 16.173005637656086 0.36132566516241876 8.95389356472913 -29.323067230224609 -6.6134521179199233 0.41715155161660294 24.705698071718217 -14.998601933888025 -3.3623332867926026
leaf_weight=38 38 27 36 22 31 22 22 24 32 24 22 33 38 27 20 27 35 20 33 22 24 23 3542 68 25 25 58 20 42 212
leaf_count=38 38 27 36 22 31 22 22 24 32 24 22 33 38 27 20 27 35 20 33 22 24 23 3542 68 25 25 58 20 42 212
internal_value=-3.04663e-08 -0.0652517 0.0243593 -2.91822 -13.3522 -0.326999 4.39035 5.31549 -3.94065 -11.1364 0.289818 0.148737 12.236 5.8595 15.7748 -0.047921 -9.50218 -4.84483 -15.2281 11.9337 6.20385 0.059113 0.133948 0.0415381 -2.47555 -17.9683 -0.538956 6.64498 -2.27917 -0.37125
internal_weight=4632 4594 4556 377 75 302 44 187 80 56 4179 4143 107 69 42 4075 115 80 60 68 46 4042 4015 3992 450 50 400 78 322 280
internal_count=4632 4594 4556 377 75 302 44 187 80 56 4179 4143 107 69 42 4075 115 80 60 68 46 4042 4015 3992 450 50 400 78 322 280
is_linear=0
shrinkage=0.05


Tree=178
num_leaves=31
num_cat=0
split_feature=6 1 5 6 3 3 4 3 4 5 5 3 5 5 5 3 4 1 3 3 5 5 4 3 3 1 4 5 4 5
split_gain=938531 1.98905e+06 2.31552e+06 1.74241e+06 2.83435e+06 1.142e+06 2.69587e+06 1.36462e+06 3.5989e+06 1.56576e+06 3.20069e+06 3.96617e+06 6.60493e+06 2.65608e+06 2.48165e+06 4.49229e+06 2.81055e+06 2.3298e+06 4.80917e+06 8.41099e+06 6.32329e+06 5.29952e+06 1.86602e+06 1.8228e+06 3.43867e+06 2.39023e+06 7.48944e+06 7.02474e+06 5.38241e+06 4.69864e+06
threshold=55605.431250000009 2.5000000000000004 54246.250000000007 55543.250000000007 54460.30000000001 66588.200000000026 63319.30000000001 65880.60000000002 63940.500000000007 64469.80000000001 65729.400000000009 62956.500000000007 66411.800000000017 66951.800000000003 63994.850000000006 64616.80000000001 60700.000000000007 3.5000000000000004 62010.000000000007 63337.450000000004 65067.150000000009 64707.450000000004 63773.900000000001 64773.150000000001 64430.950000000004 1.5000000000000002 60439.100000000013 60871.150000000009 63179.500000000007 57889.350000000006
decision_type=2 2 2 2 2 2 2 2 2 2 2 2 2 2 2 2 2 2 2 2 2 2 2 2 2 2 2 2 2 2
left_child=3 -2 -3 5 -5 7 -7 9 -9 14 17 -12 -13 -14 23 16 -16 18 -11 -20 21 -21 -19 24 25 26 -1 -28 -29 -27
right_child=1 2 -4 4 -6 6 -8 8 -10 10 11 12 13 -15 15 -17 -18 22 19 20 -22 -23 -24 -25 -26 29 27 28 -30 -31
leaf_value=0.77322141747140605 17.056419128417968 11.774677240280878 -10.74661622619629 2.8706024096562315 -20.055393409729007 -18.693830958696513 4.3019375572204588 21.825606155395509 -4.5016090699919955 15.408780750274659 -14.643338307090429 27.858358041171371 -12.304553198814393 11.552533645629884 17.093689582461405 29.470964126586917 -5.3999455225176938 -28.942806022167208 -33.185695930763529 -7.4018025016784668 -15.193446086701892 27.129229324340823 -7.8406568527221685 -8.2914789788424965 15.183196961252314 0.17385778590771256 41.764770965576176 -2.8869220245968212 24.063388246297837 -5.4552442420018865
leaf_weight=992 25 21 25 26 28 26 25 25 27 25 23 29 28 20 21 20 41 20 27 20 42 25 22 64 38 2413 20 44 32 438
leaf_count=992 25 21 25 26 28 26 25 25 27 25 23 29 28 20 21 20 41 20 27 20 42 25 22 64 38 2413 20 44 32 438
internal_value=-3.89129e-09 5.70441 -0.465156 -0.0887992 -9.01695 0.0181722 -7.4214 0.10332 8.15571 0.00824171 -3.60305 3.57619 9.01838 -2.3641 0.254366 8.86572 2.21887 -7.56947 -4.45125 -8.80652 -1.24058 11.7821 -17.8893 0.0796247 0.214337 0.0699306 2.06373 15.399 8.46058 -0.690943
internal_weight=4632 71 46 4561 54 4507 51 4456 52 4404 281 100 77 48 4123 82 62 181 139 114 87 45 42 4041 3977 3939 1088 96 76 2851
internal_count=4632 71 46 4561 54 4507 51 4456 52 4404 281 100 77 48 4123 82 62 181 139 114 87 45 42 4041 3977 3939 1088 96 76 2851
is_linear=0
shrinkage=0.05


Tree=179
num_leaves=31
num_cat=0
split_feature=0 4 3 5 3 5 5 3 3 3 3 5 3 5 5 3 3 3 0 3 5 5 3 5 0 3 3 6 3 3
split_gain=912571 3.4088e+06 2.95706e+06 7.69339e+06 4.62007e+06 4.31205e+06 6.85907e+06 1.20839e+07 6.36046e+06 8.70124e+06 4.91671e+06 4.6426e+06 7.37951e+06 5.32251e+06 5.22577e+06 2.85218e+06 3.2319e+06 3.19349e+06 3.16855e+06 3.14679e+06 3.07826e+06 2.70837e+06 1.0008e+07 6.71089e+06 2.61297e+06 2.32571e+06 2.00271e+06 4.52582e+06 2.76364e+06 7.52316e+06
threshold=3.5000000000000004 48758.650000000009 47260.450000000004 48006.100000000006 47625.500000000007 45732.250000000007 45066.900000000009 44844.000000000007 46306.250000000007 44215.950000000004 46769.350000000006 44097.80000000001 45070.700000000004 44585.850000000013 43635.500000000007 39739.350000000013 41328.750000000007 40550.250000000007 21.500000000000004 38911.450000000004 40272.100000000013 46869.450000000004 45261.450000000004 46395.350000000013 1.5000000000000002 45261.450000000004 45359.500000000007 54852.164583333346 41328.750000000007 40272.100000000013
decision_type=2 2 2 2 2 2 2 2 2 2 2 2 2 2 2 2 2 2 2 2 2 2 2 2 2 2 2 2 2 2
left_child=1 2 5 4 -4 6 11 -8 9 24 -10 14 13 -13 26 18 17 -17 -2 -20 -18 23 -23 -11 -7 -3 27 28 29 -1
right_child=15 25 3 -5 -6 8 7 -9 10 21 -12 12 -14 -15 -16 16 20 -19 19 -21 -22 22 -24 -25 -26 -27 -28 -29 -30 -31
leaf_value=-3.8062441323932852 22.514081337451938 -3.0949968761867948 -16.01908843994141 -35.719439551943822 13.084410018920899 8.9395106151186194 -43.809971879078795 2.4114242553710938 37.563290512084961 1.8627852702962941 5.153598486293447 42.146732673645026 -8.6048490207642327 9.2661034345626838 -27.114639209565663 1.9470233408610025 15.077710351943971 -19.520368094560578 -8.6411444828428081 17.139144897460938 0.1790711557046086 -18.653758098057338 18.175459672243168 -34.303078178737472 31.506634603894277 -23.661848718779428 -15.232137199070145 19.083520010539466 -16.369656931559245 28.121031658990042
leaf_weight=152 30 27 25 21 30 29 26 31 25 29 22 20 32 32 21 30 35 41 29 20 3675 35 39 23 23 28 23 28 30 21
leaf_count=152 30 27 25 21 30 29 26 31 25 29 22 20 32 32 21 30 35 41 29 20 3675 35 39 23 23 28 23 28 30 21
internal_value=1.02494e-09 -1.56929 -0.64909 -9.97438 -0.144453 0.456561 -2.55941 -18.672 6.03276 1.71298 22.3928 -0.00114311 10.2868 21.9125 -3.14366 0.313859 0.117398 -10.4496 9.71661 1.88142 0.319624 -5.3888 0.756235 -14.1337 18.9211 -13.5654 -1.1618 0.23914 -2.36008 0.0693211
internal_weight=4632 772 717 76 55 641 416 57 225 178 47 359 84 52 275 3860 3781 71 79 49 3710 126 74 52 52 55 254 231 203 173
internal_count=4632 772 717 76 55 641 416 57 225 178 47 359 84 52 275 3860 3781 71 79 49 3710 126 74 52 52 55 254 231 203 173
is_linear=0
shrinkage=0.05


Tree=180
num_leaves=31
num_cat=0
split_feature=0 5 6 6 6 6 4 0 6 4 5 3 6 6 3 6 0 4 0 3 3 3 4 3 4 4 4 5 4 5
split_gain=924282 4.80728e+06 4.90947e+06 2.39688e+06 2.65317e+06 2.37607e+06 2.24906e+06 4.36833e+06 6.93861e+06 8.87359e+06 7.00146e+06 6.28442e+06 5.5579e+06 9.3583e+06 5.38833e+06 2.6805e+06 1.953e+06 6.72507e+06 4.46718e+06 4.94093e+06 4.21916e+06 3.67533e+06 5.33046e+06 4.99119e+06 4.58925e+06 5.94968e+06 5.24951e+06 4.06403e+06 3.78434e+06 3.66072e+06
threshold=18.500000000000004 52866.600000000006 54860.179166666676 55622.42291666667 55556.572916666672 46376.16041666668 52233.000000000007 19.500000000000004 54028.947916666679 51292.600000000006 45454.250000000007 52045.650000000009 55202.758333333339 54878.385416666679 51597.000000000007 54552.554166666669 10.500000000000002 47095.450000000004 12.500000000000002 53289.700000000004 63513.350000000006 65051.30000000001 64195.200000000004 64689.80000000001 66397.400000000009 65051.30000000001 54608.05000000001 64469.80000000001 65550.550000000003 63898.450000000004
decision_type=2 2 2 2 2 2 2 2 2 2 2 2 2 2 2 2 2 2 2 2 2 2 2 2 2 2 2 2 2 2
left_child=3 6 -3 4 5 -1 7 8 10 -10 -2 14 13 -13 -9 -8 20 -18 19 -19 29 23 -23 24 25 26 -21 -27 -24 -7
right_child=1 2 -4 -5 -6 16 15 11 9 -11 -12 12 -14 -15 -16 -17 17 18 -20 21 -22 22 28 -25 -26 27 -28 -29 -30 -31
leaf_value=-12.600239846365794 16.376251098632814 -33.462321364361308 -1.7495089017427885 12.383853235477355 -13.094236440916319 0.173107927946304 -22.850112636884056 -0.43144656431094336 48.306405784970245 2.8669683629816234 -21.044216712951663 -20.79729836252001 -33.915769749164582 21.860284652709964 23.688831218083703 -1.3947272584245012 22.100355167388916 27.504431182861328 -0.32458489961713277 -14.187000813307586 -17.968186675800997 30.191853344825006 -12.849324111938479 -19.927561410268151 24.732052453358971 -28.267103528976442 9.7743220911730049 0.01071783878185131 17.540790203639443 -11.977322134561838
leaf_weight=35 25 23 26 41 37 1974 24 657 21 22 25 36 25 20 24 37 40 25 1070 27 34 31 20 24 24 24 149 27 21 64
leaf_count=35 25 23 26 41 37 1974 24 657 21 22 25 36 25 20 24 37 40 25 1070 27 34 31 20 24 24 24 149 27 21 64
internal_value=4.54563e-10 -1.37683 -16.6351 0.362323 0.226393 0.363719 -0.56061 0.101157 10.3313 25.0583 -2.33398 -1.1474 -14.3135 -5.56245 0.418607 -9.83619 0.491389 1.87729 1.31632 6.03613 -0.49988 4.48942 14.5461 1.85641 3.93934 1.74099 6.09844 -13.2965 2.71634 -0.208456
internal_weight=4632 965 49 3667 3626 3589 916 855 93 43 50 762 81 56 681 61 3554 1482 1442 372 2072 347 72 275 251 227 176 51 41 2038
internal_count=4632 965 49 3667 3626 3589 916 855 93 43 50 762 81 56 681 61 3554 1482 1442 372 2072 347 72 275 251 227 176 51 41 2038
is_linear=0
shrinkage=0.05


Tree=181
num_leaves=31
num_cat=0
split_feature=4 4 5 3 5 5 3 4 5 4 6 4 1 3 5 3 4 4 6 5 5 4 3 3 4 5 5 1 3 3
split_gain=999081 2.23673e+06 1.59197e+06 1.41586e+06 1.43763e+06 3.33754e+06 4.5025e+06 1.42561e+06 7.29694e+06 6.05907e+06 3.85407e+06 2.98208e+06 4.20624e+06 2.54123e+06 1.2618e+06 1.11019e+06 970450 3.03293e+06 1.88173e+06 1.71874e+06 3.20141e+06 2.30883e+06 3.51622e+06 3.55309e+06 4.32209e+06 3.4843e+06 3.36154e+06 7.47733e+06 2.06331e+06 5.39217e+06
threshold=66923.85000000002 66123.550000000003 64899.100000000013 66923.85000000002 65895.550000000003 66411.800000000017 64877.100000000013 64511.950000000004 64899.100000000013 64299.950000000004 55185.527083333342 64929.350000000013 1.5000000000000002 58113.750000000007 57329.200000000004 63954.200000000004 64095.200000000004 63854.650000000009 54878.385416666679 65450.900000000001 65208.05000000001 63179.500000000007 65712.550000000003 65131.30000000001 62830.30000000001 64629.900000000001 63656.700000000004 3.5000000000000004 61886.200000000004 64100.950000000004
decision_type=2 2 2 2 2 2 2 2 2 2 2 2 2 2 2 2 2 2 2 2 2 2 2 2 2 2 2 2 2 2
left_child=1 3 -3 4 7 -6 -7 9 10 16 11 14 -13 -14 -9 -12 17 19 -19 20 21 22 23 24 25 28 27 -23 -1 -30
right_child=-2 2 -4 -5 5 6 -8 8 -10 -11 15 12 13 -15 -16 -17 -18 18 -20 -21 -22 26 -24 -25 -26 -27 -28 -29 29 -31
leaf_value=-0.18816993763951784 -8.2970712078942199 17.859758284886677 0.5827663818995158 -10.374346631945986 21.386161833543046 -11.156247714824147 17.16468587750974 -23.780997141924772 -27.420599825628877 22.481843452453617 21.383882083892825 20.190401731218614 6.5591658959021943 -13.621239516673946 -6.4284639549255376 5.1071529778567228 9.2084947994777142 -22.497676277160647 -2.8969818859100345 12.830795449476975 -19.537600599016464 -17.291208830187397 -20.56324570065453 16.044427591211655 -15.26013734087031 -16.701277297542941 19.485561705924368 16.209073119693333 8.4403959035576879 -8.0312621188886251
leaf_weight=3567 36 30 24 33 26 36 23 22 29 30 20 21 26 39 20 22 28 24 25 26 21 31 21 34 47 31 37 36 201 66
leaf_count=3567 36 30 24 33 26 36 23 22 29 30 20 21 26 39 20 22 28 24 25 26 21 31 21 34 47 31 37 36 201 66
internal_value=-3.53346e-08 0.0649901 10.1811 -0.0552807 0.0202414 6.46121 -0.115884 -0.103511 -4.23922 0.091283 -0.284752 -4.59721 0.736144 -5.54908 -15.5179 12.858 -0.0688402 -0.131179 -12.4973 0.0159656 -0.065458 0.0349878 -0.157809 -0.0492148 -0.189088 -0.00581772 7.38909 0.708943 0.129174 4.36875
internal_weight=4632 4596 54 4542 4509 85 59 4424 199 4225 170 128 86 65 42 42 4195 4167 49 4118 4092 4071 3967 3946 3912 3865 104 67 3834 267
internal_count=4632 4596 54 4542 4509 85 59 4424 199 4225 170 128 86 65 42 42 4195 4167 49 4118 4092 4071 3967 3946 3912 3865 104 67 3834 267
is_linear=0
shrinkage=0.05


Tree=182
num_leaves=31
num_cat=0
split_feature=4 4 6 3 5 1 6 6 6 6 3 3 4 5 3 6 5 0 5 5 6 6 0 5 1 6 3 0 4 3
split_gain=901671 2.04447e+06 1.09568e+06 5.14563e+06 4.96624e+06 7.85284e+06 5.54171e+06 7.93757e+06 5.32849e+06 4.8371e+06 4.64609e+06 3.9061e+06 3.59779e+06 3.48071e+06 2.93273e+06 2.45735e+06 8.34488e+06 2.37765e+06 2.31379e+06 5.59886e+06 2.59896e+06 8.86297e+06 6.30438e+06 5.74873e+06 6.20916e+06 4.50184e+06 3.25008e+06 3.78547e+06 2.99221e+06 3.6126e+06
threshold=66923.85000000002 66397.400000000009 55402.781250000007 46388.950000000004 49762.80000000001 2.5000000000000004 55502.541666666679 55473.066666666673 55577.654166666674 55367.991666666676 49863.650000000009 63417.450000000004 45908.700000000004 57889.350000000006 56998.600000000006 55328.183333333342 61376.55000000001 16.500000000000004 66588.200000000026 65895.550000000003 55230.910416666673 55206.879166666673 11.500000000000002 63143.900000000009 3.5000000000000004 55278.887500000004 54772.750000000007 5.5000000000000009 50091.500000000007 59537.200000000004
decision_type=2 2 2 2 2 2 2 2 2 2 2 2 2 2 2 2 2 2 2 2 2 2 2 2 2 2 2 2 2 2
left_child=1 2 9 12 5 -5 7 11 -8 15 -11 14 -4 -12 -6 18 17 -17 19 20 21 -1 -23 24 25 28 27 -27 -22 -30
right_child=-2 -3 3 4 6 -7 8 -9 -10 10 13 -13 -14 -15 -16 16 -18 -19 -20 -21 23 22 -24 -25 -26 26 -28 -29 29 -31
leaf_value=-0.27074086362666078 -7.8822179688347722 11.930406353208754 5.6143830886253951 5.0544318174704532 0.15582030105590822 -26.883336729752394 -15.364161257473928 39.629938402630039 6.0715167045593263 -31.12379840215047 9.7681108806444268 -8.5390962600708011 33.439734854016983 -17.739650809246562 22.714954118167654 25.374768022390512 -16.9133163134257 5.6218450875282286 -12.33545657793681 18.754631766294821 -24.68753628730774 36.019982173525058 0.96659434774647601 15.754997649016204 -28.58285518920783 -1.177808487933615 -9.2004863597728583 28.183987426757813 9.0192434497501548 -20.036720218658449
leaf_weight=3713 36 36 26 39 25 38 53 21 64 24 23 32 21 23 34 39 24 25 39 39 32 29 23 27 33 23 27 21 23 20
leaf_count=3713 36 36 26 39 25 38 53 21 64 24 23 32 21 23 34 39 24 25 39 39 32 29 23 27 33 23 27 21 23 20
internal_value=3.0374e-08 0.0617406 -0.0319594 2.64369 0.277824 -10.7071 3.97143 11.9213 -3.63866 -0.256467 -13.2902 5.52695 18.047 -3.98577 13.156 -0.0359296 8.23003 17.6588 -0.21558 -0.0977058 -0.282858 0.016348 20.5156 -5.75137 -8.99534 -4.56803 4.45579 12.8358 -13.1106 -4.49516
internal_weight=4632 4596 4560 353 306 77 229 112 117 4207 70 91 47 46 59 4137 88 64 4049 4010 3971 3765 52 206 179 146 71 44 75 43
internal_count=4632 4596 4560 353 306 77 229 112 117 4207 70 91 47 46 59 4137 88 64 4049 4010 3971 3765 52 206 179 146 71 44 75 43
is_linear=0
shrinkage=0.05


Tree=183
num_leaves=31
num_cat=0
split_feature=5 5 6 0 4 4 3 3 6 6 5 5 3 0 6 6 5 5 3 5 5 0 0 6 4 0 3 6 4 5
split_gain=882675 1.59738e+06 4.53439e+06 1.33584e+06 2.66861e+06 5.70702e+06 8.21778e+06 4.03039e+06 2.55053e+06 1.58178e+06 1.5324e+06 6.89919e+06 4.27867e+06 4.90697e+06 4.43321e+06 5.94593e+06 5.14503e+06 3.96072e+06 2.3892e+06 3.63248e+06 4.62872e+06 7.56362e+06 2.64126e+06 5.51033e+06 6.17923e+06 3.82717e+06 8.4081e+06 3.11157e+06 3.56627e+06 2.97317e+06
threshold=36800.05000000001 37902.500000000007 46758.218750000007 22.500000000000004 43574.600000000013 45321.900000000009 46769.350000000006 45534.700000000004 54767.977083333339 54860.179166666676 45066.900000000009 44900.05000000001 47302.350000000013 19.500000000000004 55114.022916666676 54934.100000000006 44585.850000000013 45255.950000000004 45261.450000000004 44097.80000000001 42907.900000000009 4.5000000000000009 3.5000000000000004 54028.947916666679 37666.500000000007 20.500000000000004 42730.000000000007 47175.958333333336 42209.900000000009 41569.600000000013
decision_type=2 2 2 2 2 2 2 2 2 2 2 2 2 2 2 2 2 2 2 2 2 2 2 2 2 2 2 2 2 2
left_child=-1 2 -2 10 8 7 9 -6 -5 -7 11 12 14 -14 15 16 18 -12 19 20 22 -22 23 24 -3 29 27 28 -27 -24
right_child=1 3 -4 4 5 6 -8 -9 -10 -11 17 -13 13 -15 -16 -17 -18 -19 -20 -21 21 -23 25 -25 -26 26 -28 -29 -30 -31
leaf_value=7.5890924554122128 10.083443596249536 18.587742080688479 -19.151758118470511 -22.415484672784807 -2.064280012379522 14.824968070983886 -31.225861593393176 26.669386313511776 -1.9427414877661342 -5.0608227884769441 -18.270799674987796 24.732018071954901 29.663686621630632 -3.0123171234130859 -15.775568722515573 26.154948259436566 -17.531293607699244 -0.029450072541357786 -7.9820109919497844 17.667610502243043 -30.777134305459484 7.0065403168018054 33.064962473782629 13.209959586620332 -11.990272668537342 14.304091524308729 -26.504863662719728 26.330854776927403 -12.382213447207498 9.7340748038556839
leaf_weight=38 21 20 36 32 23 20 26 26 29 20 30 33 27 20 41 23 38 3685 57 38 27 26 22 50 95 31 20 21 21 36
leaf_count=38 21 20 36 32 23 20 26 26 29 20 30 33 27 20 41 23 38 3685 57 38 27 26 22 50 95 31 20 21 21 36
internal_value=1.37318e-08 -0.0627744 -8.38089 0.0417292 -4.22897 0.255097 -9.34227 13.1822 -12.6825 4.88207 0.214085 2.46172 1.26283 15.759 0.0590851 1.2957 0.156726 -0.176756 1.60531 2.94801 1.43217 -12.2417 3.72558 -0.647413 -6.67236 8.50402 2.21775 10.087 3.52693 18.5837
internal_weight=4632 4594 57 4537 176 115 66 49 61 40 4361 646 613 47 566 525 502 3715 464 407 369 53 316 165 115 151 93 73 52 58
internal_count=4632 4594 57 4537 176 115 66 49 61 40 4361 646 613 47 566 525 502 3715 464 407 369 53 316 165 115 151 93 73 52 58
is_linear=0
shrinkage=0.05


Tree=184
num_leaves=31
num_cat=0
split_feature=6 6 6 6 5 4 0 3 4 4 6 6 6 6 5 6 4 3 3 3 6 6 6 3 5 3 5 5 6 4
split_gain=868005 4.5729e+06 3.9371e+06 9.1998e+06 6.68072e+06 1.27493e+07 4.84612e+06 3.6938e+06 3.41107e+06 5.41063e+06 2.92228e+06 3.7839e+06 5.79551e+06 1.94421e+06 6.87918e+06 2.97755e+06 6.79986e+06 6.15623e+06 4.85422e+06 4.41061e+06 4.1444e+06 3.1652e+06 5.44184e+06 9.65759e+06 7.8685e+06 8.21568e+06 4.77764e+06 4.75229e+06 4.19096e+06 7.66079e+06
threshold=54422.481250000004 52687.495833333342 53170.302083333336 53383.212500000001 56304.900000000009 60959.100000000006 6.5000000000000009 43633.650000000001 48438.600000000006 46751.80000000001 55069.652083333342 54807.839583333334 54624.531250000007 52232.993750000001 62017.600000000006 51701.131250000013 58144.100000000006 64100.950000000004 65131.30000000001 64021.850000000013 51444.15833333334 51094.72083333334 50288.73750000001 57122.950000000004 63994.850000000006 57273.05000000001 61730.100000000013 54869.700000000004 49392.162500000006 62183.000000000007
decision_type=2 2 2 2 2 2 2 2 2 2 2 2 2 2 2 2 2 2 2 2 2 2 2 2 2 2 2 2 2 2
left_child=1 13 6 -4 8 -6 -3 10 9 -5 11 12 -2 15 -15 18 17 -17 19 20 21 22 23 28 25 27 -25 -24 -1 -30
right_child=7 2 3 4 5 -7 -8 -9 -10 -11 -12 -13 -14 14 -16 16 -18 -19 -20 -21 -22 -23 24 26 -26 -27 -28 -29 29 -31
leaf_value=-0.228649748146426 25.259198532933777 -32.610039084298272 20.366664091746014 -2.1513457062429397 -46.969315591225261 6.1302614212036133 -6.0010783195495607 0.24997117333544319 7.112292306931292 -26.297603396711679 -5.7795955276489259 34.149145355224611 -11.071064758300782 17.962381311563345 -16.543096084594726 21.717494955516997 -29.792329569216129 -15.352156702677409 22.303781295776368 -22.665989289964951 19.462671933855333 -14.394514552966967 26.763029859824616 -30.338439315404646 -15.354509806632997 47.290433845520027 -1.1978720751675693 -4.2908779416765483 27.889361783077842 -3.0944922194594433
leaf_weight=1104 23 28 36 116 26 20 44 2598 61 29 20 20 21 52 20 21 27 24 25 21 28 37 22 39 20 20 22 28 38 42
leaf_count=1104 23 28 36 116 26 20 44 2598 61 29 20 20 21 52 20 21 27 24 25 21 28 37 22 39 20 20 22 28 38 42
internal_value=2.04518e-08 -0.80271 -5.89128 -3.27685 -6.6545 -23.8825 -16.349 0.583626 -2.80746 -6.9806 10.9031 16.1164 7.91975 0.34942 8.37753 -0.0313602 -9.95524 1.94701 0.462775 0.0785208 0.419688 0.0310561 0.430866 -0.427433 12.304 20.2064 -19.8287 9.37284 0.572126 11.6228
internal_weight=4632 1950 360 288 252 46 72 2682 206 145 84 64 44 1590 72 1518 72 45 1446 1421 1400 1372 1335 1245 90 70 61 50 1184 80
internal_count=4632 1950 360 288 252 46 72 2682 206 145 84 64 44 1590 72 1518 72 45 1446 1421 1400 1372 1335 1245 90 70 61 50 1184 80
is_linear=0
shrinkage=0.05


Tree=185
num_leaves=31
num_cat=0
split_feature=4 4 5 4 4 4 3 6 0 6 3 3 6 4 5 4 4 4 5 4 4 5 5 4 1 1 5 5 6 6
split_gain=885514 1.8343e+06 1.42859e+06 1.26276e+06 5.35507e+06 5.25005e+06 5.64781e+06 5.32374e+06 4.39952e+06 4.32139e+06 3.87011e+06 4.99749e+06 3.12584e+06 2.48502e+06 3.22718e+06 2.5249e+06 2.69218e+06 8.31781e+06 7.49422e+06 6.45483e+06 5.63194e+06 4.46846e+06 1.13884e+07 4.21106e+06 3.29363e+06 3.14638e+06 3.10335e+06 2.69075e+06 2.68198e+06 7.44434e+06
threshold=66923.85000000002 66123.550000000003 64899.100000000013 64511.950000000004 64095.200000000004 64929.350000000013 64877.100000000013 54994.568750000013 12.500000000000002 55185.527083333342 62261.950000000004 64430.950000000004 51444.15833333334 63854.650000000009 63814.450000000004 63179.500000000007 62077.350000000013 61354.350000000013 62539.700000000004 61573.900000000001 62245.400000000001 64707.450000000004 63994.850000000006 60588.650000000001 2.5000000000000004 3.5000000000000004 60746.600000000013 53877.600000000013 55179.381250000006 54807.839583333334
decision_type=2 2 2 2 2 2 2 2 2 2 2 2 2 2 2 2 2 2 2 2 2 2 2 2 2 2 2 2 2 2
left_child=1 3 -3 4 13 6 7 -5 -6 10 12 -12 -7 15 -15 16 17 23 19 -19 -18 22 -22 -1 -21 26 -25 -27 29 -17
right_child=-2 2 -4 5 8 9 -8 -9 -10 -11 11 -13 -14 14 -16 28 20 18 -20 24 21 -23 -24 25 -26 27 -28 -29 -30 -31
leaf_value=0.0060833999919134322 -7.8112814479404022 16.496152019500734 0.12968951066335041 -15.430121966284148 4.0943733978271482 -2.6931599775950117 -36.530951271057134 14.659716914948962 29.624369487056029 19.180627365112304 -21.021134991645813 5.9751672877868023 24.071328558921817 -21.269209338772683 3.4499410007310951 -0.9187227951396596 -23.646908617019655 43.764656788369884 -5.1025417089462284 28.423970198631288 -4.4997016345422098 -19.95928996842483 33.056492201487224 10.946031158447267 4.4425620614028558 -7.2911196307702504 -11.857917089720031 -31.499644017219545 -6.0244591522216799 27.229136066901976
leaf_weight=3606 36 30 24 49 45 24 20 21 27 30 40 30 20 31 23 55 36 23 40 22 127 29 24 25 41 22 37 24 30 41
leaf_count=3606 36 30 24 49 45 24 20 21 27 30 40 30 20 31 23 55 36 23 40 22 127 29 24 25 41 22 37 24 30 41
internal_value=2.07566e-08 0.061185 9.22217 -0.0477303 0.146572 -3.62488 -13.0982 -6.40317 13.6681 2.29597 -2.14737 -9.45129 9.47252 -0.0832563 -10.7407 0.0543575 -0.162181 0.143335 12.7774 21.0937 -5.59359 -1.98292 1.46949 -0.285286 12.817 -10.0138 -2.66278 -19.9217 7.02485 11.1028
internal_weight=4632 4596 54 4542 4308 234 90 70 72 144 114 70 44 4236 54 4182 4056 3840 126 86 216 180 151 3714 63 108 62 46 126 96
internal_count=4632 4596 54 4542 4308 234 90 70 72 144 114 70 44 4236 54 4182 4056 3840 126 86 216 180 151 3714 63 108 62 46 126 96
is_linear=0
shrinkage=0.05


Tree=186
num_leaves=31
num_cat=0
split_feature=4 4 3 3 1 5 6 3 4 3 4 3 5 4 5 3 3 5 3 4 5 6 4 4 6 6 5 5 3 4
split_gain=811424 1.40654e+06 3.28894e+06 2.05518e+06 1.46564e+06 5.13972e+06 3.27377e+06 3.44208e+06 2.80241e+06 2.63131e+06 5.81327e+06 4.04938e+06 3.72406e+06 7.97673e+06 5.50356e+06 5.07631e+06 4.13581e+06 2.81648e+06 2.79973e+06 4.69262e+06 4.85204e+06 5.63785e+06 4.44144e+06 2.48592e+06 1.86366e+06 1.64734e+06 7.65179e+06 8.17305e+06 3.55524e+06 3.561e+06
threshold=36800.05000000001 38403.650000000001 38911.450000000004 44604.600000000006 1.0000000180025095e-35 46021.650000000009 48206.133333333339 46672.350000000006 39315.400000000001 50040.950000000004 42537.850000000006 52045.650000000009 56304.900000000009 49513.900000000001 54775.55000000001 58413.05000000001 53584.950000000004 52639.55000000001 57587.500000000007 50686.700000000004 61623.400000000009 50392.897916666676 52710.150000000009 39670.600000000006 50820.885416666679 54487.62708333334 57487.700000000004 60500.600000000013 56886.000000000007 65293.600000000006
decision_type=2 2 2 2 2 2 2 2 2 2 2 2 2 2 2 2 2 2 2 2 2 2 2 2 2 2 2 2 2 2
left_child=-1 2 -2 -4 5 8 7 -7 -3 10 23 -11 14 15 16 -14 -13 -18 -15 -20 22 -22 -21 -8 -23 26 28 -28 29 -6
right_child=1 4 3 -5 25 6 9 -9 -10 11 -12 12 13 18 -16 -17 17 -19 19 20 21 24 -24 -25 -26 -27 27 -29 -30 -31
leaf_value=7.2763442692003757 10.379441758860713 4.6590829277038575 -19.786534825960796 -2.8915318502320186 -0.7892690159582465 1.3053591498013202 13.639801981335594 -23.748599589788 29.769671904563907 -14.812678475128976 28.993703269958498 22.304238038442353 -2.6961445399693083 19.228722643852237 34.42565084457398 -37.064373432506216 9.22405127116612 -15.849413331349693 21.812549072265625 -2.2270127432686944 22.58740441640218 -14.333116108438245 -33.077257995605471 -8.9488389015197765 1.2810629165278073 0.45787502875174663 -42.151511676415154 -6.0216471808297296 -17.817076085408527 17.911514414273778
leaf_weight=38 23 20 36 36 1217 29 21 26 25 38 28 22 21 24 20 22 21 24 25 28 30 23 20 29 113 2545 23 49 30 26
leaf_count=38 23 20 36 36 1217 29 21 26 25 38 28 22 21 24 20 22 21 24 25 28 30 23 20 29 113 2545 23 49 30 26
internal_value=-5.29197e-11 -0.0601874 -6.08088 -11.339 0.0669442 2.34777 1.05029 -10.5383 18.6094 2.3025 10.7531 0.773157 2.28018 -0.315076 11.4083 -20.2799 4.5375 -4.14846 2.94913 1.31436 -1.08028 2.9682 -15.0813 0.53839 -1.35957 -0.29013 -1.7055 -17.5631 -0.808604 -0.398102
internal_weight=4632 4594 95 72 4499 609 564 55 45 509 78 431 393 306 87 43 67 45 263 239 214 166 48 50 136 3890 1345 72 1273 1243
internal_count=4632 4594 95 72 4499 609 564 55 45 509 78 431 393 306 87 43 67 45 263 239 214 166 48 50 136 3890 1345 72 1273 1243
is_linear=0
shrinkage=0.05


Tree=187
num_leaves=31
num_cat=0
split_feature=0 5 5 3 3 3 4 4 3 3 3 3 5 1 3 5 0 6 3 3 5 3 1 3 0 5 5 4 4 4
split_gain=838258 1.83334e+06 3.33234e+06 3.59319e+06 3.06894e+06 4.03317e+06 5.26925e+06 5.12586e+06 2.14832e+06 4.37323e+06 3.7395e+06 4.78098e+06 1.93437e+06 3.10757e+06 6.35594e+06 9.37349e+06 2.97237e+06 4.30209e+06 5.41165e+06 4.87456e+06 3.25839e+06 2.45213e+06 5.92864e+06 5.38093e+06 2.39607e+06 3.72891e+06 4.70759e+06 3.77043e+06 2.32611e+06 2.2433e+06
threshold=1.5000000000000002 40807.700000000004 40008.30000000001 41109.30000000001 41564.05000000001 40775.000000000007 42209.900000000009 46482.30000000001 41109.30000000001 39739.350000000013 38911.450000000004 37921.450000000004 45842.250000000007 2.5000000000000004 44993.750000000007 44900.05000000001 19.500000000000004 52793.006250000006 43633.650000000001 45359.500000000007 45066.900000000009 44077.450000000004 4.5000000000000009 44604.600000000006 21.500000000000004 47498.000000000007 47131.450000000004 44557.05000000001 46482.30000000001 45410.900000000009
decision_type=2 2 2 2 2 2 2 2 2 2 2 2 2 2 2 2 2 2 2 2 2 2 2 2 2 2 2 2 2 2
left_child=-1 2 8 -4 5 6 -3 -8 9 10 11 -2 13 14 -6 -16 17 19 -19 -15 -21 22 -14 -23 -25 26 27 -26 -29 -17
right_child=1 4 3 -5 12 -7 7 -9 -10 -11 -12 -13 21 16 15 29 -18 18 -20 20 -22 23 -24 24 25 -27 -28 28 -30 -31
leaf_value=-2.2308530068150456 10.030839964922738 -24.712270030975343 28.871391223027157 1.0638557434082032 -14.280177363482389 -27.779074651544747 25.167244033813478 -7.9748599188668399 11.628931951522828 -15.683139776572203 18.127731043100358 -17.354518610636394 24.844402008056644 26.678229409626553 1.9948765892731517 44.004436076771128 -4.6170867346652917 8.3171326390019171 -25.525499271211171 11.647662481508759 -13.285582141876223 -21.813210224283154 -10.300062680244446 0.073389883067211115 12.449559402465821 7.5816976792884594 -30.552427856445316 -25.452266021001908 -3.4384730747767858 21.424795369668441
leaf_weight=386 34 20 26 21 22 22 20 28 40 39 32 30 30 35 57 22 140 27 21 38 20 29 20 3323 21 33 25 21 28 22
leaf_count=386 34 20 26 21 22 22 20 28 40 39 32 30 30 35 57 22 140 27 21 38 20 29 20 3323 21 33 25 21 28 22
internal_value=1.42095e-08 0.202805 4.62618 16.4467 -0.0412284 -9.1704 -3.14995 5.83435 1.45152 -1.56402 4.17188 -2.80605 0.167624 3.44495 10.0731 15.3777 0.543674 5.66783 -6.48902 11.9423 3.04999 -0.207458 10.7866 -0.365419 -0.185185 -6.89804 -11.9278 -5.2762 -12.873 32.7146
internal_weight=4632 4246 222 47 4024 90 68 48 175 135 96 64 3934 404 123 101 281 141 48 93 58 3530 50 3480 3451 128 95 70 49 44
internal_count=4632 4246 222 47 4024 90 68 48 175 135 96 64 3934 404 123 101 281 141 48 93 58 3530 50 3480 3451 128 95 70 49 44
is_linear=0
shrinkage=0.05


Tree=188
num_leaves=31
num_cat=0
split_feature=0 4 3 6 6 5 4 6 3 1 0 5 3 5 3 4 1 5 5 5 5 0 6 6 5 6 4 6 6 6
split_gain=858336 4.49477e+06 4.18676e+06 2.13794e+06 2.11353e+06 9.14824e+06 6.36413e+06 5.50319e+06 4.71234e+06 6.73218e+06 3.95032e+06 4.7139e+06 3.65382e+06 5.17058e+06 3.48752e+06 3.45502e+06 3.02295e+06 4.69391e+06 5.0079e+06 3.86537e+06 3.65314e+06 2.87697e+06 2.85141e+06 6.38406e+06 7.66686e+06 5.00534e+06 3.52415e+06 2.60814e+06 1.98525e+06 2.46191e+06
threshold=18.500000000000004 52611.950000000004 54225.850000000006 46376.16041666668 54736.472916666673 52576.450000000004 51871.200000000004 54767.977083333339 52045.650000000009 3.5000000000000004 20.500000000000004 48962.05000000001 51040.500000000007 47308.850000000013 45261.450000000004 49417.650000000009 3.5000000000000004 45622.700000000004 44844.000000000007 47264.750000000007 46166.250000000007 19.500000000000004 54638.208333333336 47926.833333333343 42907.900000000009 54509.129166666673 48255.850000000013 55162.522916666676 55622.42291666667 55556.572916666672
decision_type=2 2 2 2 2 2 2 2 2 2 2 2 2 2 2 2 2 2 2 2 2 2 2 2 2 2 2 2 2 2
left_child=3 4 -3 -1 5 12 7 -6 10 15 -9 14 13 22 -12 -10 17 18 -16 20 -19 -14 23 24 26 -25 -2 -18 29 -5
right_child=1 2 -4 28 6 -7 -8 8 9 -11 11 -13 21 -15 16 -17 27 19 -20 -21 -22 -23 -24 25 -26 -27 -28 -29 -30 -31
leaf_value=-11.949318847656251 3.5615839991266327 -0.68412705830165321 -27.357330002323273 0.47634569353638367 23.964029773076376 -35.892306919097898 29.577726640701293 18.862990808486938 -37.355980834960938 8.9527243844394029 -17.244298689705985 -21.367274761199951 22.900613278388978 -19.32992649945346 5.6094770263223097 -11.903735418319703 -20.200488210150176 7.3507345999440847 34.452536844324179 12.723723619917166 -15.165939075447794 1.380329618221376 -16.996407702335944 27.924787141337539 -21.502561530661076 -0.81711946896144338 -15.861008555800826 2.6211398563077375 11.407745063595655 -12.488098636833397
leaf_weight=35 173 28 31 3554 24 20 20 32 20 29 21 23 25 44 34 40 21 31 27 46 43 41 26 33 47 28 27 31 41 37
leaf_count=35 173 28 31 3554 24 20 20 32 20 29 21 23 25 44 34 40 21 31 27 46 43 41 26 33 47 28 27 31 41 37
internal_value=-5.6718e-08 -1.3268 -14.6989 0.349159 -0.455995 -2.81301 2.01833 0.712202 -0.689918 -10.8274 2.22994 0.308436 -1.32295 -3.21825 2.2712 -20.3878 4.03011 7.0827 18.3761 1.34191 -5.73328 9.53195 -1.09575 0.24651 -3.33082 14.7318 0.939534 -6.59529 0.467674 0.342766
internal_weight=4632 965 59 3667 906 464 442 422 398 89 309 277 444 378 254 60 233 181 61 120 74 66 334 308 247 61 200 52 3632 3591
internal_count=4632 965 59 3667 906 464 442 422 398 89 309 277 444 378 254 60 233 181 61 120 74 66 334 308 247 61 200 52 3632 3591
is_linear=0
shrinkage=0.05


Tree=189
num_leaves=31
num_cat=0
split_feature=0 3 4 5 3 3 3 3 3 5 5 3 5 5 0 3 3 0 3 6 6 5 5 3 4 6 5 0 4 4
split_gain=851665 3.46404e+06 2.27019e+06 3.36061e+06 5.77653e+06 4.60282e+06 4.18511e+06 3.58285e+06 4.66002e+06 2.88793e+06 3.63695e+06 3.01862e+06 4.20498e+06 1.41527e+06 1.40562e+06 6.19737e+06 1.12355e+07 7.68507e+06 5.66681e+06 4.47962e+06 6.57618e+06 4.41561e+06 6.73201e+06 4.18345e+06 6.61309e+06 3.84772e+06 3.52942e+06 2.4694e+06 3.7644e+06 4.76217e+06
threshold=21.500000000000004 48701.500000000007 47396.350000000013 46688.100000000006 47260.450000000004 46018.900000000009 41328.750000000007 40550.250000000007 38911.450000000004 42561.450000000004 44844.000000000007 45795.400000000001 45534.700000000004 45352.850000000013 9.5000000000000018 58019.700000000004 57273.05000000001 8.5000000000000018 58694.350000000013 55307.793750000004 55092.350000000006 62221.700000000004 63575.850000000013 42028.30000000001 40469.500000000007 54670.716666666674 60095.400000000001 12.500000000000002 65880.60000000002 65293.600000000006
decision_type=2 2 2 2 2 2 2 2 2 2 2 2 2 2 2 2 2 2 2 2 2 2 2 2 2 2 2 2 2 2
left_child=14 2 3 6 5 -5 7 8 -2 -8 -11 -12 -13 -3 15 16 26 18 -17 20 21 25 -23 -16 -25 -19 -1 -26 29 -29
right_child=1 13 -4 4 -6 -7 9 -9 -10 10 11 12 -14 -15 23 17 -18 19 -20 -21 -22 22 -24 24 27 -27 -28 28 -30 -31
leaf_value=-0.083548279885786128 -13.781428991045273 -24.982690166291736 -13.980404400003369 -15.09809669971466 -27.725876486759923 18.044041911038487 24.440679906762167 -21.581211959838868 14.358961642173028 -4.6952286969531665 -3.6643931347390883 34.500834265999174 7.5450816130026794 -6.6259927931286047 22.734579088471154 -36.973395282200407 27.404934084093249 -31.252383995056153 -7.3591098467508962 -22.088604313394299 28.054482975006103 26.596216236461295 -13.484987773895265 -27.1028781073434 3.9037455577718578 -0.6088311967395601 -14.760050602186295 0.14605257392731158 -16.106113515581406 23.056832902327827
leaf_weight=1660 28 21 29 20 26 22 23 25 31 55 23 23 39 21 22 35 37 20 30 23 20 22 20 21 579 21 42 1636 35 23
leaf_count=1660 28 21 29 20 26 22 23 25 31 55 23 23 39 21 22 35 37 20 30 23 20 22 20 21 579 21 42 1636 35 23
internal_value=-4.64921e-09 -2.24862 -0.593563 0.638876 -9.20391 2.26207 3.34863 -5.71765 1.0042 8.02082 5.32328 11.8058 17.5448 -15.8043 0.20442 -0.792143 0.146849 -9.3414 -23.3053 -2.13781 2.31722 -3.88453 7.50993 1.03489 0.826784 -15.5569 -0.445718 1.08482 0.121331 0.463682
internal_weight=4632 386 344 315 68 42 247 84 59 163 140 85 62 42 4246 1930 1739 191 65 126 103 83 42 2316 2294 41 1702 2273 1694 1659
internal_count=4632 386 344 315 68 42 247 84 59 163 140 85 62 42 4246 1930 1739 191 65 126 103 83 42 2316 2294 41 1702 2273 1694 1659
is_linear=0
shrinkage=0.05


Tree=190
num_leaves=31
num_cat=0
split_feature=5 0 3 4 4 5 3 4 0 5 5 0 6 3 5 4 5 5 4 5 0 5 5 3 4 6 1 4 5 4
split_gain=798154 1.47098e+06 2.35e+06 2.96613e+06 2.7601e+06 2.24865e+06 5.83997e+06 2.22522e+06 1.35783e+06 3.06229e+06 2.93938e+06 4.37108e+06 4.01601e+06 7.28312e+06 4.22429e+06 7.96911e+06 4.85465e+06 4.01362e+06 8.37798e+06 7.09257e+06 4.79781e+06 3.74877e+06 3.54057e+06 3.51198e+06 3.37482e+06 6.27236e+06 6.11527e+06 4.67377e+06 4.33648e+06 5.38182e+06
threshold=36800.05000000001 22.500000000000004 47368.250000000007 44147.900000000009 46433.150000000009 45255.950000000004 44604.600000000006 39522.750000000007 2.5000000000000004 47924.750000000007 48694.05000000001 20.500000000000004 54196.150000000009 45070.700000000004 47498.000000000007 45410.900000000009 48006.100000000006 47441.150000000001 48438.600000000006 46166.250000000007 21.500000000000004 47047.950000000004 47003.200000000004 47625.500000000007 44816.55000000001 46645.493750000016 5.5000000000000009 44289.000000000007 45454.250000000007 47246.400000000001
decision_type=2 2 2 2 2 2 2 2 2 2 2 2 2 2 2 2 2 2 2 2 2 2 2 2 2 2 2 2 2 2
left_child=-1 8 3 7 5 6 -5 -3 9 -2 12 -12 14 -14 21 -16 -17 19 -19 -15 23 24 -22 -21 27 -26 28 -10 29 -27
right_child=1 2 -4 4 -6 -7 -8 -9 10 -11 11 -13 13 17 15 16 -18 18 -20 20 22 -23 -24 -25 25 26 -28 -29 -30 -31
leaf_value=7.2166028273733041 -1.3024876485382462 -1.5462024688720704 -18.35709279867319 -2.8190475463867188 -11.177149598797163 -3.633560375213623 32.811806438280193 -20.068424538643129 3.5814873336309412 -17.72982354482015 -0.081437196293855429 -16.141001279270927 33.143580986022947 11.798690238865939 -32.298222845572013 -14.031088000535966 13.102455798317406 23.100273405181039 -4.5931098764592955 19.162568595409393 -7.7643145035053127 20.695287187282858 -35.110122635364533 -5.4919036828554599 -27.405715793112051 -19.355423003229603 20.654069266780731 29.166816625595096 -18.181975315778683 4.2673925090294622
leaf_weight=38 522 34 26 23 24 25 23 31 166 30 2893 43 25 88 27 32 34 72 44 20 29 26 20 52 23 29 31 20 39 143
leaf_count=38 522 34 26 23 24 25 23 31 166 30 2893 43 25 88 27 32 34 72 44 20 29 26 20 52 23 29 31 20 39 143
internal_value=-5.42548e-09 -0.0596933 -4.41523 -2.14968 3.4815 8.43654 14.9964 -10.3799 0.124093 -2.19528 0.456119 -0.316642 2.92224 7.13801 0.333605 -9.41466 -0.0532018 5.13758 12.5959 0.998036 -6.85699 2.23421 -18.9259 1.35656 1.16994 -2.45367 -0.0821943 6.3326 -3.12875 0.284476
internal_weight=4632 4594 186 160 95 71 46 65 4408 552 3856 2936 920 350 570 93 66 325 116 209 121 477 49 72 451 265 242 186 211 172
internal_count=4632 4594 186 160 95 71 46 65 4408 552 3856 2936 920 350 570 93 66 325 116 209 121 477 49 72 451 265 242 186 211 172
is_linear=0
shrinkage=0.05


Tree=191
num_leaves=31
num_cat=0
split_feature=1 3 5 3 1 5 4 5 5 5 4 4 5 5 0 3 6 5 4 5 5 4 4 4 4 5 4 6 5 3
split_gain=806820 3.854e+06 2.8088e+06 4.9892e+06 2.85418e+06 3.45628e+06 4.86101e+06 6.4688e+06 5.13398e+06 4.73704e+06 3.20447e+06 8.77071e+06 3.37315e+06 7.25004e+06 5.64055e+06 4.71736e+06 5.00316e+06 3.47286e+06 3.08642e+06 5.83836e+06 5.5629e+06 4.87373e+06 4.52963e+06 2.97507e+06 4.47486e+06 3.45438e+06 3.04573e+06 2.84994e+06 5.07155e+06 7.72538e+06
threshold=4.5000000000000009 56886.000000000007 55983.750000000007 55929.250000000007 5.5000000000000009 54869.700000000004 60846.700000000004 51937.400000000001 51366.750000000007 52866.600000000006 54088.05000000001 54608.05000000001 50554.450000000004 49863.650000000009 8.5000000000000018 51419.000000000007 46828.164583333346 48600.55000000001 57044.950000000004 49264.55000000001 45454.250000000007 53316.150000000001 55317.650000000001 46279.650000000001 48577.250000000007 44982.250000000007 43229.05000000001 46932.912499999999 42276.650000000009 40008.30000000001
decision_type=2 2 2 2 2 2 2 2 2 2 2 2 2 2 2 2 2 2 2 2 2 2 2 2 2 2 2 2 2 2
left_child=-1 2 3 4 5 6 8 -8 18 -9 12 -12 13 17 -14 -16 -17 23 20 -20 21 -2 -22 25 -25 26 27 28 29 -6
right_child=1 -3 -4 -5 10 -7 7 9 -10 -11 11 -13 14 -15 15 16 -18 -19 19 -21 22 -23 -24 24 -26 -27 -28 -29 -30 -31
leaf_value=0.41659668323039506 -3.7954211437880105 -21.797504910555755 -11.352202198060894 20.680187996370453 -8.1101757636823155 -20.623730617099341 31.37179671200839 -19.033872188221324 -26.616997374534606 7.7566642392765388 38.818198213123139 0.19674466580760724 -28.768931758403781 31.092019181024462 19.26157687959217 -17.323674790050998 11.23734450340271 -14.58290879798658 23.425325854071257 -6.7201273732715183 -30.002070058716669 20.685121241482822 -5.5549961614608767 21.902488103727016 -6.9456596040725715 -14.195883682039051 14.177086410522461 10.469534352246454 -21.336228582935949 14.691439936590976
leaf_weight=3312 268 22 59 28 95 27 22 22 25 66 21 49 24 21 21 46 23 33 29 36 36 22 40 41 20 36 45 51 31 61
leaf_count=3312 268 22 59 28 95 27 22 22 25 66 21 49 24 21 21 46 23 33 29 36 36 22 40 41 20 36 45 51 31 61
internal_value=3.35722e-08 -1.04528 -0.693546 -0.185991 -0.668446 -3.14647 -2.31275 7.12158 -4.58857 1.05903 1.70933 11.7832 0.422528 2.43303 -7.2315 -1.48819 -7.80334 0.975797 -3.31082 6.72938 -5.09392 -1.93828 -17.1352 2.32695 12.4441 0.392324 2.24807 -0.00741889 -2.86477 0.805841
internal_weight=4632 1320 1298 1239 1211 593 566 110 456 88 618 70 548 434 114 90 69 413 431 65 366 290 76 380 61 319 283 238 187 156
internal_count=4632 1320 1298 1239 1211 593 566 110 456 88 618 70 548 434 114 90 69 413 431 65 366 290 76 380 61 319 283 238 187 156
is_linear=0
shrinkage=0.05


Tree=192
num_leaves=31
num_cat=0
split_feature=0 5 3 1 5 4 5 6 0 3 3 5 5 4 4 3 5 0 6 5 6 4 5 3 4 6 3 4 5 3
split_gain=762430 7.24818e+06 7.36226e+06 7.96918e+06 6.55686e+06 5.43187e+06 4.79192e+06 3.31586e+06 2.27074e+06 5.31346e+06 9.86799e+06 1.03164e+07 3.4594e+06 4.90797e+06 3.42334e+06 2.88408e+06 7.6099e+06 3.32407e+06 3.59965e+06 2.80044e+06 3.51901e+06 2.46419e+06 2.44202e+06 2.09061e+06 2.08982e+06 5.74599e+06 4.71684e+06 4.75566e+06 4.63479e+06 3.87003e+06
threshold=5.5000000000000009 51366.750000000007 50122.850000000006 2.5000000000000004 52432.900000000009 51386.900000000009 50554.450000000004 46486.364583333336 3.5000000000000004 40008.30000000001 44077.450000000004 47625.900000000001 44676.80000000001 48438.600000000006 48758.650000000009 47368.250000000007 47924.750000000007 2.5000000000000004 47926.833333333343 46166.250000000007 55104.681250000009 49032.150000000001 49543.500000000007 45261.450000000004 44557.05000000001 54275.32916666667 44604.600000000006 45410.900000000009 45066.900000000009 42912.250000000007
decision_type=2 2 2 2 2 2 2 2 2 2 2 2 2 2 2 2 2 2 2 2 2 2 2 2 2 2 2 2 2 2
left_child=1 6 4 -4 -3 -6 7 -1 14 -10 12 -12 13 -11 15 17 -17 24 -19 -20 -21 -13 -23 -16 -9 -26 28 -28 29 -27
right_child=-2 2 3 -5 5 -7 -8 8 9 10 11 21 -14 -15 23 16 -18 18 19 20 -22 22 -24 -25 25 26 27 -29 -30 -31
leaf_value=-17.28607200895037 0.37036089336796607 11.022442359016056 -9.9805632455008375 -50.726673553103495 -31.371626615524292 3.2878519439697267 18.002745973741686 2.4909997234663628 25.066904050963267 -23.41438614845276 41.139208602905278 12.856675923498054 -30.265344376997515 11.194553030104865 -3.1876926845974394 1.4984374406602647 -34.953073101951965 -5.7771454048156743 0.88747476196289066 31.534128522872926 4.7984227561950688 7.4268415597768938 -13.675961336596259 -22.687344952992031 -28.320268457586117 3.9457345929639089 -20.111985007921856 -1.0854343130038335 -6.0297456496801134 30.511517275296725
leaf_weight=28 3474 42 28 21 26 20 37 254 28 20 22 38 22 21 27 45 21 30 25 32 20 26 29 28 22 29 48 104 39 26
leaf_count=28 3474 42 28 21 26 20 37 254 28 20 22 38 22 21 27 45 21 30 25 32 20 26 29 28 22 29 48 104 39 26
internal_value=-5.33662e-08 -1.11108 -11.9101 -27.4432 -3.26094 -16.3023 0.337948 -0.326277 0.170453 4.82012 1.63523 10.3488 -14.2705 -5.68786 -1.10666 -0.156372 -10.0998 0.886973 8.91526 14.6396 21.2512 3.06504 -3.70009 -13.1148 -0.758672 -3.83858 -1.64917 -7.09382 7.15495 16.5041
internal_weight=4632 1158 137 49 88 46 1021 984 956 206 178 115 63 41 750 695 66 629 107 77 52 93 55 55 522 268 246 152 94 55
internal_count=4632 1158 137 49 88 46 1021 984 956 206 178 115 63 41 750 695 66 629 107 77 52 93 55 55 522 268 246 152 94 55
is_linear=0
shrinkage=0.05


Tree=193
num_leaves=31
num_cat=0
split_feature=4 4 3 3 1 5 6 6 3 3 4 3 4 4 0 5 6 6 3 3 3 4 0 3 4 4 3 6 5 5
split_gain=757348 1.34397e+06 3.14806e+06 1.9639e+06 1.34551e+06 4.20813e+06 2.80144e+06 2.58018e+06 2.67748e+06 2.47554e+06 4.95424e+06 3.51843e+06 3.50427e+06 9.62611e+06 6.23744e+06 5.00316e+06 5.38615e+06 9.0377e+06 4.7939e+06 4.11747e+06 2.7799e+06 2.49809e+06 3.2487e+06 2.89421e+06 2.37762e+06 2.0315e+06 2.06831e+06 1.48521e+06 7.25372e+06 4.8587e+06
threshold=36800.05000000001 38403.650000000001 38911.450000000004 44604.600000000006 1.0000000180025095e-35 45842.250000000007 47926.833333333343 48206.133333333339 47038.250000000007 50040.950000000004 42537.850000000006 52045.650000000009 47023.650000000009 48255.850000000013 18.500000000000004 59280.000000000007 50142.883333333339 50516.979166666672 59118.100000000006 57587.500000000007 54069.05000000001 51071.650000000009 13.500000000000002 63233.250000000007 39670.600000000006 54393.80000000001 64100.950000000004 54422.481250000004 56574.55000000001 60619.850000000013
decision_type=2 2 2 2 2 2 2 2 2 2 2 2 2 2 2 2 2 2 2 2 2 2 2 2 2 2 2 2 2 2
left_child=-1 2 -2 -4 5 6 -3 8 -7 10 24 -11 14 -14 -13 19 18 -18 -17 -15 -16 -19 25 -24 -9 -23 -27 28 -6 -30
right_child=1 4 3 -5 27 7 -8 9 -10 11 -12 12 13 15 20 16 17 21 -20 -21 -22 22 23 -25 -26 26 -28 -29 29 -31
leaf_value=7.0297078559273176 10.160527719622074 5.42989677125993 -19.345494212044613 -2.8299365639686584 -0.75942677958053251 1.0962005678812663 31.016690177917482 13.986989468619937 -20.825787801008957 -13.795005805241434 27.259786278860915 30.559649876185826 -27.035437520345052 33.966951206752235 12.956960923331124 -34.219116268157961 30.094326711584024 15.155382524217879 -0.74801278943600868 4.895830292537295 -12.770074235825312 11.223339291810991 -24.761123877305252 -2.8687631818983292 -7.9489512872695931 8.5605124473571781 -12.197560544013978 0.40579252519021064 -26.25998610655467 1.6895418001257856
leaf_weight=38 23 23 36 36 1203 30 20 21 26 38 28 28 30 21 21 20 27 21 23 29 21 40 26 36 30 20 30 2616 48 23
leaf_count=38 23 23 36 36 1203 30 20 21 26 38 28 28 30 21 21 20 27 21 23 29 21 40 26 36 30 20 30 2616 48 23
internal_value=-4.87354e-08 -0.0581474 -5.9434 -11.0877 0.0661245 2.25148 17.3307 1.10588 -9.08187 2.22454 10.3612 0.733137 2.13789 -0.0600697 12.2799 2.70191 -0.261829 3.18981 -16.316 17.1057 0.0934433 -1.00916 -3.24242 -12.0494 1.08349 2.82463 -3.89433 -0.276004 -1.67599 -17.2059
internal_weight=4632 4594 95 72 4499 609 43 566 56 510 79 431 393 323 70 293 243 200 43 50 42 173 152 62 51 90 50 3890 1274 71
internal_count=4632 4594 95 72 4499 609 43 566 56 510 79 431 393 323 70 293 243 200 43 50 42 173 152 62 51 90 50 3890 1274 71
is_linear=0
shrinkage=0.05


Tree=194
num_leaves=31
num_cat=0
split_feature=0 4 1 0 3 3 5 4 5 5 5 0 5 6 5 5 3 6 6 3 6 6 6 6 6 6 6 5 4 3
split_gain=748531 4.19194e+06 2.71503e+06 1.88823e+06 4.09587e+06 4.03676e+06 3.4539e+06 8.02243e+06 4.8191e+06 9.82599e+06 9.36992e+06 3.4283e+06 3.69509e+06 6.33498e+06 6.06591e+06 4.37552e+06 3.68825e+06 4.69392e+06 5.57691e+06 3.48556e+06 4.42412e+06 3.19795e+06 7.1173e+06 6.42896e+06 3.54291e+06 4.89671e+06 7.22715e+06 3.14223e+06 3.14024e+06 3.08517e+06
threshold=18.500000000000004 52233.000000000007 2.5000000000000004 10.500000000000002 48603.200000000004 63513.350000000006 63898.450000000004 63606.250000000007 63298.700000000004 62539.700000000004 62284.650000000001 12.500000000000002 63143.900000000009 54714.554166666676 63994.850000000006 64360.05000000001 65550.550000000003 54975.852083333339 55292.802083333336 65550.550000000003 54647.14375000001 55402.781250000007 55441.72083333334 55367.991666666676 55328.183333333342 55230.910416666673 55206.879166666673 56304.900000000009 65051.30000000001 66397.400000000009
decision_type=2 2 2 2 2 2 2 2 2 2 2 2 2 2 2 2 2 2 2 2 2 2 2 2 2 2 2 2 2 2
left_child=3 -2 -3 5 -5 6 8 -8 9 10 21 12 13 27 -14 -16 17 28 -19 -13 -21 23 -23 24 25 26 -1 -6 -17 -22
right_child=1 2 -4 4 11 -7 7 -9 -10 -11 -12 19 14 -15 15 16 -18 18 -20 20 29 22 -24 -25 -26 -27 -28 -29 -30 -31
leaf_value=-0.47916151862798717 -0.28238960764381321 -1.5634614288806916 -20.797869361833087 21.730229310989383 12.917177387125353 -17.481551280702863 0.57583474558453229 -37.12658333551316 16.969835918705638 -26.606186866760254 34.170567016601566 0.76409504321993371 -16.719382396497224 37.850585060119634 25.092570392290753 -1.2225594220338045 17.196096611022949 22.52751043047224 -8.3924252691268926 -28.380178036897082 8.6469353091332231 27.401149147178867 0.51946335428768831 -22.642998258995291 14.940463019706108 -12.256056071835005 27.747187257849653 -4.2246824166713619 -20.988999934494498 -12.608067245232434
leaf_weight=1618 890 32 43 25 85 35 43 21 41 35 20 1041 38 20 24 54 34 35 25 23 31 33 97 33 37 87 23 39 32 38
leaf_count=1618 890 32 43 25 85 35 43 21 41 35 20 1041 38 20 24 54 34 35 25 23 31 33 97 33 37 87 23 39 32 38
internal_value=6.96286e-08 -1.23903 -12.5912 0.326061 1.6565 -0.641528 -0.359248 -11.7953 0.00236523 -0.34845 0.123327 1.32612 5.39572 11.7376 1.62206 5.0386 2.36474 -1.08914 9.6442 -0.0603466 -9.38908 -0.22986 7.34328 -0.777418 -0.368599 -0.696398 -0.0835454 7.52579 -8.57751 -3.05872
internal_weight=4632 965 75 3667 1544 2123 2088 64 2024 1983 1948 1519 386 144 242 204 180 146 60 1133 92 1928 130 1798 1765 1728 1641 124 86 69
internal_count=4632 965 75 3667 1544 2123 2088 64 2024 1983 1948 1519 386 144 242 204 180 146 60 1133 92 1928 130 1798 1765 1728 1641 124 86 69
is_linear=0
shrinkage=0.05


Tree=195
num_leaves=31
num_cat=0
split_feature=4 4 4 4 3 4 6 0 5 6 5 5 4 5 4 4 4 5 4 4 5 5 4 1 1 5 4 3 4 4
split_gain=783895 1.6748e+06 1.01497e+06 5.17848e+06 5.16908e+06 4.73552e+06 4.58469e+06 3.97054e+06 3.33787e+06 3.68722e+06 3.56154e+06 2.57165e+06 2.23827e+06 2.9416e+06 2.27079e+06 2.63431e+06 7.44096e+06 6.73797e+06 5.89797e+06 5.05402e+06 4.04802e+06 1.04126e+07 3.84309e+06 2.86816e+06 2.85776e+06 2.83865e+06 2.62512e+06 5.95044e+06 4.38318e+06 3.3549e+06
threshold=66923.85000000002 66397.400000000009 64511.950000000004 64929.350000000013 64877.100000000013 64095.200000000004 54994.568750000013 12.500000000000002 63898.450000000004 54775.229166666672 62539.700000000004 56844.450000000004 63854.650000000009 63814.450000000004 63179.500000000007 62077.350000000013 61354.350000000013 62539.700000000004 61573.900000000001 62245.400000000001 64707.450000000004 63453.700000000004 60588.650000000001 2.5000000000000004 3.5000000000000004 60746.600000000013 60060.750000000007 61370.250000000007 60340.750000000007 59475.250000000007
decision_type=2 2 2 2 2 2 2 2 2 2 2 2 2 2 2 2 2 2 2 2 2 2 2 2 2 2 2 2 2 2
left_child=1 2 5 4 6 12 -4 -7 10 -10 11 -5 14 -14 15 16 22 18 -18 -17 21 -21 26 -20 25 -24 29 28 -28 -1
right_child=-2 -3 3 8 -6 7 -8 -9 9 -11 -12 -13 13 -15 -16 19 17 -19 23 20 -22 -23 24 -25 -26 -27 27 -29 -30 -31
leaf_value=0.0670725906703563 -7.3494271909611086 10.799761290020413 -14.699734606791516 12.783211658311927 -35.145397186279297 3.773474818335639 13.223528289794922 28.026885378802262 -23.883730630874638 1.1862553232366391 20.935631423526342 -9.7808806070259635 -20.229318508025141 3.3707757151645161 6.6780965933724064 -22.61239614950286 41.670631657476008 -4.8397087669372567 26.652097779512406 -6.8200132623585787 -19.199782364943932 22.70229354021026 10.486610122680665 4.2731850600824126 -18.977135473748913 -11.323134860476934 13.101826178509256 27.507721928187777 -18.493111830665953 -10.837621190812854
leaf_weight=3462 36 36 49 23 20 45 21 27 20 55 36 28 31 23 126 36 23 40 22 110 29 41 25 41 46 37 23 28 21 72
leaf_count=3462 36 36 49 23 20 45 21 27 20 55 36 28 31 23 126 36 23 40 22 110 29 41 25 41 46 37 23 28 21 72
internal_value=-2.18177e-09 0.0575673 -0.0272395 -3.11151 -12.7278 0.153177 -6.32276 12.8685 2.23087 -5.49907 8.89462 0.395083 -0.0629473 -10.1774 0.0676557 -0.137698 0.164517 12.1142 19.9997 -5.5104 -2.09001 1.19598 -0.240883 12.088 -9.53462 -2.52888 0.0374652 9.48893 -1.97758 -0.155094
internal_weight=4632 4596 4560 252 90 4308 70 72 162 75 87 51 4236 54 4182 4056 3840 126 86 216 180 151 3714 63 108 62 3606 72 44 3534
internal_count=4632 4596 4560 252 90 4308 70 72 162 75 87 51 4236 54 4182 4056 3840 126 86 216 180 151 3714 63 108 62 3606 72 44 3534
is_linear=0
shrinkage=0.05


Tree=196
num_leaves=31
num_cat=0
split_feature=5 0 3 0 4 4 6 6 4 3 3 4 0 3 5 5 5 3 4 0 3 3 1 4 4 3 6 3 4 3
split_gain=771999 4.4353e+06 6.98534e+06 3.21978e+06 7.44331e+06 8.39525e+06 4.11436e+06 3.32851e+06 9.26872e+06 5.03802e+06 3.36517e+06 8.41777e+06 5.42821e+06 7.82479e+06 4.75075e+06 6.09709e+06 8.53567e+06 7.93667e+06 1.00232e+07 5.33287e+06 4.99986e+06 6.86314e+06 1.21641e+07 1.11383e+07 4.77838e+06 5.61403e+06 3.87723e+06 5.09717e+06 3.08688e+06 2.83017e+06
threshold=52765.450000000004 5.5000000000000009 49079.150000000009 18.500000000000004 47023.650000000009 47911.500000000007 54761.802083333343 46736.439583333333 54088.05000000001 53948.80000000001 51224.600000000013 55110.950000000004 6.5000000000000009 53677.350000000006 53361.250000000007 57487.700000000004 56844.450000000004 59118.100000000006 57641.850000000006 16.500000000000004 60252.250000000007 56170.850000000006 4.5000000000000009 55014.350000000013 57338.450000000004 58113.750000000007 54755.381250000013 59537.200000000004 64929.350000000013 54772.750000000007
decision_type=2 2 2 2 2 2 2 2 2 2 2 2 2 2 2 2 2 2 2 2 2 2 2 2 2 2 2 2 2 2
left_child=-1 2 -2 4 -3 -6 -5 8 -7 -10 11 -9 13 -12 -14 16 20 18 -18 29 21 22 -16 -23 25 -25 -21 -28 -24 -17
right_child=1 3 -4 6 5 7 -8 10 9 -11 12 -13 14 -15 15 19 17 -19 -20 26 -22 23 28 24 -26 -27 27 -29 -30 -31
leaf_value=0.61234409634247 8.8721750831603998 24.714856300354004 -28.16996130807059 -29.026992086930711 -31.092819491299721 -28.209822697388503 -0.7543157146823023 37.157146553766161 21.752692753335708 -9.5829675411355915 -2.6660413848029245 -5.4047573383037859 -17.32345143556595 -35.726381875991819 31.601548401902363 13.913367377745139 52.922577326638361 -4.1891687011718757 7.8235769271850586 -28.350369241502552 27.237043991088868 -29.676473001333388 -3.2738678097724918 28.048638195461695 -11.431434322805966 -6.9023379898071289 -24.757655452546619 6.401444293430874 18.175247411727906 -0.113884640172567
leaf_weight=2438 20 30 35 22 22 38 31 21 23 29 63 26 36 25 41 37 28 20 22 27 20 39 104 27 34 20 21 35 20 1278
leaf_count=2438 20 30 35 22 22 38 31 21 23 29 63 26 36 25 41 37 28 20 22 27 20 39 104 27 34 20 21 35 20 1278
internal_value=9.37306e-09 -0.680444 -14.7001 -0.319958 -0.0107441 -0.371526 -12.4901 -0.0392408 -9.43964 4.27704 0.395963 13.6123 0.0685162 -12.0582 0.658428 1.02354 6.68483 22.431 33.079 -0.495043 3.07096 1.37509 7.99204 -7.72321 2.84689 13.1759 -12.787 -5.28322 0.185667 0.280798
internal_weight=4632 2194 55 2139 2086 2056 53 2034 90 52 1944 47 1897 88 1809 1773 375 70 50 1398 305 285 165 120 81 47 83 56 124 1315
internal_count=4632 2194 55 2139 2086 2056 53 2034 90 52 1944 47 1897 88 1809 1773 375 70 50 1398 305 285 165 120 81 47 83 56 124 1315
is_linear=0
shrinkage=0.05


Tree=197
num_leaves=31
num_cat=0
split_feature=0 3 3 3 4 3 6 3 4 6 6 3 3 5 5 0 3 0 5 5 3 3 4 4 4 6 6 6 3 6
split_gain=760023 3.18044e+06 2.2427e+06 4.12596e+06 3.7187e+06 3.91759e+06 1.92759e+06 7.1977e+06 5.25152e+06 5.23966e+06 3.41353e+06 3.3633e+06 4.19731e+06 1.33138e+06 1.27989e+06 4.00286e+06 6.30427e+06 3.73775e+06 5.5332e+06 4.89362e+06 7.79871e+06 4.84246e+06 3.23494e+06 3.79099e+06 3.21056e+06 3.1864e+06 4.17359e+06 4.5976e+06 9.75844e+06 4.35136e+06
threshold=21.500000000000004 48701.500000000007 47953.500000000007 47368.250000000007 47396.350000000013 46998.450000000004 54701.325000000012 41328.750000000007 43029.150000000001 55172.31458333334 54970.822916666679 40550.250000000007 38911.450000000004 45352.850000000013 52765.450000000004 5.5000000000000009 49079.150000000009 4.5000000000000009 51366.750000000007 52514.250000000007 52657.450000000004 41328.750000000007 51386.900000000009 50590.150000000009 40469.500000000007 55502.541666666679 48722.245833333342 51595.854166666672 51936.05000000001 52232.993750000001
decision_type=2 2 2 2 2 2 2 2 2 2 2 2 2 2 2 2 2 2 2 2 2 2 2 2 2 2 2 2 2 2
left_child=14 2 3 4 5 6 7 11 -8 10 -10 12 -2 -3 17 16 -16 18 22 21 -21 -19 23 -1 -23 26 -26 28 -28 -29
right_child=1 13 -4 -5 -6 -7 8 -9 9 -11 -12 -13 -14 -15 15 -17 -18 19 -20 20 -22 24 -24 -25 25 -27 27 29 -30 -31
leaf_value=-0.59013959248148717 -12.710559245518276 -24.015332639785044 12.067710062116385 -19.793057369363723 -20.235458955310641 18.321929644769238 -27.378716132857587 19.590010695987278 1.3544852430170233 18.646333467043362 -24.432585725330171 -20.560659759521485 13.99623118677447 -6.2109886169433599 8.4285663032531755 -0.30395991571383424 -26.761463165283203 26.724110651016236 -24.399658218383792 42.556327672004699 2.2483614683151245 -15.815978908538819 -19.510674222491005 21.420914001464844 -0.87051883360362181 -12.71808715988608 40.507241753169467 -15.828029141059289 1.3837951998452884 5.2094077915615511
leaf_weight=893 28 21 32 29 21 31 22 45 33 26 21 25 31 21 20 2139 35 20 25 20 30 25 22 20 422 34 28 26 37 450
leaf_count=893 28 21 32 29 21 31 22 45 33 26 21 25 31 21 20 2139 35 20 25 20 30 25 22 20 422 34 28 26 37 450
internal_value=-5.65179e-09 -2.1242 -0.538339 -1.83127 0.0093403 1.63202 -0.607757 3.45366 -5.74425 0.20523 -8.67382 -5.19082 1.32182 -15.1132 0.193109 -0.646422 -13.9651 1.09074 -1.18521 3.09157 18.3715 2.35837 -0.564504 -0.10797 1.88154 2.32531 2.85644 5.7636 18.237 4.0603
internal_weight=4632 386 344 312 283 262 231 129 102 80 54 84 59 42 4246 2194 55 2052 960 1092 50 1042 935 913 1022 997 963 541 65 476
internal_count=4632 386 344 312 283 262 231 129 102 80 54 84 59 42 4246 2194 55 2052 960 1092 50 1042 935 913 1022 997 963 541 65 476
is_linear=0
shrinkage=0.05


Tree=198
num_leaves=31
num_cat=0
split_feature=5 5 4 5 5 4 3 0 4 6 3 4 5 3 3 4 3 5 0 6 6 4 4 5 3 4 5 6 6 6
split_gain=749371 1.3544e+06 1.24652e+06 3.78576e+06 5.42563e+06 3.85632e+06 5.33915e+06 4.16379e+06 2.90083e+06 4.27513e+06 2.95539e+06 1.77876e+06 2.68842e+06 2.2067e+06 3.94345e+06 2.27724e+06 3.48848e+06 4.86338e+06 4.55304e+06 2.15262e+06 2.14797e+06 1.82254e+06 8.39287e+06 3.85478e+06 2.3483e+06 1.79868e+06 4.87423e+06 6.08426e+06 2.68189e+06 3.70695e+06
threshold=36800.05000000001 37663.700000000004 39066.30000000001 47441.150000000001 45352.850000000013 37666.500000000007 40272.100000000013 1.5000000000000002 40182.150000000009 46591.983333333344 46306.250000000007 41237.950000000004 43102.30000000001 39104.55000000001 37921.450000000004 42209.900000000009 41564.05000000001 42907.900000000009 21.500000000000004 53722.86041666667 47175.958333333336 43403.450000000004 42851.600000000006 46688.100000000006 46998.450000000004 44663.000000000007 43294.250000000007 55076.45625000001 54839.162500000013 48496.070833333339
decision_type=2 2 2 2 2 2 2 2 2 2 2 2 2 2 2 2 2 2 2 2 2 2 2 2 2 2 2 2 2 2
left_child=-1 -2 3 4 5 6 -3 -7 9 -4 -11 12 -10 14 -13 20 17 18 19 -17 -15 22 24 -24 -18 26 -23 28 29 -28
right_child=1 2 8 -5 -6 7 -8 -9 11 10 -12 13 -14 15 -16 16 21 -19 -20 -21 -22 25 23 -25 -26 -27 27 -29 -30 -31
leaf_value=6.9925866377981087 -9.4582683462845658 -10.383733095063105 -11.063640060424806 -24.050607013702393 15.234478772653118 1.4630156250000002 23.700861949920654 -24.426529991335986 6.2421745993874289 23.123876598269444 1.2223355611165365 -2.7161486754546296 -15.085260375340781 -1.9968927530141976 20.5281998289956 16.574336731952169 -4.0529708663622541 -28.0555382508498 -22.893505210876466 -4.241449098233824 16.46344025015831 26.708924227175505 -8.8982483603737581 -39.227942185401922 17.843250595092776 -0.0035062226750583294 -16.954351147738372 17.957594038800497 -18.764385956984299 7.8310353438059499
leaf_weight=38 38 27 20 21 37 25 20 41 22 43 24 37 45 26 36 23 24 26 20 27 40 23 22 20 25 3745 22 41 26 48
leaf_count=38 38 27 20 21 37 25 20 41 22 43 24 37 45 26 36 23 24 26 20 27 40 23 22 20 25 3745 22 41 26 48
internal_value=5.45142e-08 -0.0578402 0.0205654 -4.1675 -1.38387 -6.82527 4.12035 -14.6199 0.183886 9.22287 15.2785 0.000918831 -8.08222 0.128919 8.74682 -0.0223809 -0.170987 -9.58983 -2.73114 5.33381 9.19119 0.0552916 -6.93967 -23.341 7.11857 0.218299 5.40992 1.83417 -5.05188 0.0413424
internal_weight=4632 4594 4556 171 150 113 47 66 4385 87 67 4298 67 4231 73 4158 4092 96 70 50 66 3996 91 42 49 3905 160 137 96 70
internal_count=4632 4594 4556 171 150 113 47 66 4385 87 67 4298 67 4231 73 4158 4092 96 70 50 66 3996 91 42 49 3905 160 137 96 70
is_linear=0
shrinkage=0.05


Tree=199
num_leaves=31
num_cat=0
split_feature=0 3 4 5 5 4 5 4 6 6 3 3 3 4 0 4 4 5 5 3 5 6 4 4 0 5 3 3 6 0
split_gain=796187 1.893e+06 1.78586e+06 3.55535e+06 8.81948e+06 5.18112e+06 2.40703e+06 4.04288e+06 4.20007e+06 6.32369e+06 5.23396e+06 4.61112e+06 2.76721e+06 2.78276e+06 2.43262e+06 2.25554e+06 4.78467e+06 2.05334e+06 1.91702e+06 3.45273e+06 1.98669e+06 1.7229e+06 1.53384e+06 6.33935e+06 2.63487e+06 2.2813e+06 5.15027e+06 5.48426e+06 6.19779e+06 6.0413e+06
threshold=1.5000000000000002 37693.450000000004 39066.30000000001 45352.850000000013 47441.150000000001 38115.700000000004 41825.500000000007 48946.150000000001 47140.368750000009 46699.48958333335 41564.05000000001 41564.05000000001 41564.05000000001 46653.450000000004 2.5000000000000004 40182.150000000009 41016.450000000004 39087.900000000009 43464.600000000006 45795.400000000001 44215.950000000004 47281.389583333337 42851.600000000006 43403.450000000004 4.5000000000000009 45622.700000000004 48701.500000000007 44215.950000000004 55114.022916666676 18.500000000000004
decision_type=2 2 2 2 2 2 2 2 2 2 2 2 2 2 2 2 2 2 2 2 2 2 2 2 2 2 2 2 2 2
left_child=-1 -2 3 5 -5 -3 7 8 9 17 -11 14 13 -8 -10 -14 -17 -4 19 21 -20 -18 24 -24 -22 26 27 -25 29 -29
right_child=1 2 6 4 -6 -7 12 -9 11 10 -12 -13 15 -15 -16 16 18 -19 20 -21 22 -23 23 25 -26 -27 -28 28 -30 -31
leaf_value=-2.1741506185556321 11.777802331107004 -0.84490010287310635 4.926037640041776 27.036107267032971 -18.840351142883303 -28.806226590474452 -0.71404609022469367 -11.529725557963054 14.808540449142455 -19.544056388659357 11.417233485267277 -0.3482252987948331 12.430799455256077 -23.477358848571779 38.41947496732076 -21.349852517934949 -8.9209719009399411 24.251077025277276 -10.102811594059069 23.214754974365235 21.807052751020954 8.3699040849528767 -25.095196287155151 -9.0455717786153169 0.76859660252280859 -0.096758597429040125 -17.480511131286622 42.973057437896728 -4.2807226509883485 12.661646103858949
leaf_weight=386 35 37 27 22 20 30 29 30 20 39 21 22 37 25 24 26 25 28 48 25 22 34 25 30 46 3397 20 25 29 48
leaf_count=386 35 37 27 22 20 30 29 30 20 39 21 22 37 25 24 26 25 28 48 25 22 34 25 30 46 3397 20 25 29 48
internal_value=-2.94365e-08 0.19765 0.101401 -6.21524 5.19017 -13.3649 0.269249 5.47044 8.28814 2.51806 -8.7076 18.3421 -0.0127995 -11.2526 27.6872 0.145384 0.0257629 14.7642 0.173025 7.64192 0.00300106 1.04326 0.136191 -0.00534464 7.57516 0.171394 6.16426 9.7468 15.274 23.0423
internal_weight=4632 4246 4211 109 42 67 4102 211 181 115 60 66 3891 54 44 3837 3800 55 3774 84 3690 59 3642 3574 68 3549 152 132 102 73
internal_count=4632 4246 4211 109 42 67 4102 211 181 115 60 66 3891 54 44 3837 3800 55 3774 84 3690 59 3642 3574 68 3549 152 132 102 73
is_linear=0
shrinkage=0.05


Tree=200
num_leaves=31
num_cat=0
split_feature=0 4 3 5 3 5 5 3 3 3 3 3 5 1 5 6 5 4 4 6 3 3 5 3 5 0 3 3 1 5
split_gain=777326 2.88665e+06 2.46233e+06 6.1412e+06 4.09698e+06 3.6128e+06 6.01763e+06 1.03192e+07 5.94296e+06 7.33332e+06 4.4421e+06 3.80585e+06 6.18076e+06 8.24281e+06 2.5134e+06 3.03428e+06 4.03321e+06 2.69444e+06 2.60078e+06 2.556e+06 3.47536e+06 2.38391e+06 2.31231e+06 8.66574e+06 6.04012e+06 2.27565e+06 2.34078e+06 2.12405e+06 2.56397e+06 2.3029e+06
threshold=3.5000000000000004 48758.650000000009 47260.450000000004 48006.100000000006 47625.500000000007 45732.250000000007 45066.900000000009 44844.000000000007 46306.250000000007 44215.950000000004 46769.350000000006 45841.400000000009 44215.950000000004 2.5000000000000004 43294.250000000007 54852.164583333346 41825.500000000007 46933.850000000006 38115.700000000004 46792.441666666673 40008.30000000001 39739.350000000013 46869.450000000004 45261.450000000004 46395.350000000013 21.500000000000004 38911.450000000004 41328.750000000007 5.5000000000000009 40272.100000000013
decision_type=2 2 2 2 2 2 2 2 2 2 2 2 2 2 2 2 2 2 2 2 2 2 2 2 2 2 2 2 2 2
left_child=1 2 5 4 -4 6 11 -8 9 -7 -10 12 14 -14 15 16 17 18 -1 -20 -21 25 24 -24 -11 -2 -27 28 -23 -29
right_child=21 -3 3 -5 -6 8 7 -9 10 22 -12 -13 13 -15 -16 -17 -18 -19 19 20 -22 27 23 -25 -26 26 -28 29 -30 -31
leaf_value=9.4990876584439672 19.731380780537926 -12.487523914683949 -15.277554275512697 -32.112874494280135 12.128903325398763 17.133581520960885 -40.675283947357769 2.0380862082204514 35.745179428100585 1.9119441015967007 4.9394173708829019 -15.873638960894418 2.7627145168393157 40.39136926477606 -15.890268530164446 15.097069598888531 -22.940794735863097 16.196764141580335 -15.806760944244338 6.4345102625233794 -15.986145614624025 -18.652552257884633 -17.567400177546912 16.703257334537994 -32.398910281969158 -6.8295581423003107 15.405318412780762 13.03882687704904 0.39795713926616472 0.15243133223077068
leaf_weight=37 30 55 25 21 30 52 26 31 25 29 22 34 43 22 28 29 21 23 41 56 25 33 35 39 23 29 20 35 38 3675
leaf_count=37 30 55 25 21 30 52 26 31 25 29 22 34 43 22 28 29 21 23 41 56 25 33 35 39 23 29 20 35 38 3675
internal_value=1.27196e-08 -1.44835 -0.601547 -9.11108 -0.328577 0.407384 -2.35324 -17.4452 5.51148 1.33587 21.3255 0.0429735 1.7081 15.4986 -1.73952 -0.0316729 -2.19292 0.201063 -2.11278 -5.63441 -0.485445 0.289669 -5.18381 0.494163 -13.264 8.88596 2.2459 0.110059 -8.4565 0.274001
internal_weight=4632 772 717 76 55 641 416 57 225 178 47 359 325 65 260 232 203 182 159 122 81 3860 126 74 52 79 49 3781 71 3710
internal_count=4632 772 717 76 55 641 416 57 225 178 47 359 325 65 260 232 203 182 159 122 81 3860 126 74 52 79 49 3781 71 3710
is_linear=0
shrinkage=0.05


Tree=201
num_leaves=31
num_cat=0
split_feature=0 5 0 5 3 4 3 5 4 5 5 5 0 3 4 6 3 6 3 5 3 5 3 5 3 5 4 3 3 4
split_gain=763242 6.56977e+06 3.05117e+06 5.10248e+06 4.1613e+06 3.91998e+06 3.73339e+06 3.11568e+06 7.26151e+06 4.22606e+06 8.74181e+06 8.5439e+06 3.04067e+06 5.505e+06 3.70256e+06 4.08854e+06 3.54002e+06 5.04946e+06 5.98258e+06 3.71466e+06 9.95658e+06 5.02664e+06 4.83054e+06 3.50804e+06 4.82294e+06 3.67101e+06 4.72339e+06 3.13405e+06 5.52568e+06 3.98042e+06
threshold=15.500000000000002 61730.100000000013 10.500000000000002 52342.900000000009 52990.05000000001 52710.150000000009 63513.350000000006 63898.450000000004 63606.250000000007 63298.700000000004 62539.700000000004 62284.650000000001 12.500000000000002 53867.05000000001 65880.60000000002 46725.51666666667 55499.30000000001 51840.12708333334 56886.000000000007 61376.55000000001 63703.500000000007 61890.80000000001 66923.85000000002 62877.250000000007 63778.500000000007 65584.400000000009 64095.200000000004 65051.30000000001 64689.80000000001 64195.200000000004
decision_type=2 2 2 2 2 2 2 2 2 2 2 2 2 2 2 2 2 2 2 2 2 2 2 2 2 2 2 2 2 2
left_child=2 -2 6 -4 -5 -6 7 9 -9 10 11 -1 27 -14 15 -15 -17 18 -18 20 -19 -21 23 24 -23 26 -25 28 -7 -29
right_child=1 -3 3 4 5 12 -8 8 -10 -11 -12 -13 13 14 -16 16 17 19 -20 21 -22 22 -24 25 -26 -27 -28 29 -30 -31
leaf_value=-0.21166286898846451 -0.52469378020112956 -28.683171328476501 24.214739139433263 19.083985617501394 18.984643468549177 4.1516731685062629 -16.800673533851015 0.5738028606703115 -35.296047928219757 15.898319396521988 -25.086178676060271 32.637476282119756 -26.086118438027121 -19.840750321098 -16.420046952191523 20.455967156092328 6.4039540608723957 -8.3104172865549728 -26.007658626692638 -18.570349187850951 35.577213777814592 -1.7049401890147817 -19.379362082481386 -6.501463526382782 28.706453362107279 17.841288795471193 13.287292554901867 26.813841572403909 -20.002913614419793 3.6377514232288712
leaf_weight=1928 1523 21 27 35 31 265 35 43 21 41 35 20 22 23 34 24 24 24 35 30 28 22 22 114 32 30 41 32 26 44
leaf_count=1928 1523 21 27 35 31 265 35 43 21 41 35 20 22 23 34 24 24 24 35 30 28 22 22 114 32 30 41 32 26 44
internal_value=-2.79793e-08 -0.907678 0.453839 2.78502 2.16817 1.51252 -0.605788 -0.334322 -11.196 0.00912962 -0.319391 0.125597 0.891379 -1.62562 -0.51148 0.693178 1.80182 0.688137 -12.8233 3.01226 15.3214 0.812688 3.04062 5.10439 16.3166 1.83163 -1.26702 4.35483 1.99353 13.3961
internal_weight=4632 1544 3088 965 938 903 2123 2088 64 2024 1983 1948 872 505 483 449 426 402 59 343 52 291 261 239 54 185 155 367 291 76
internal_count=4632 1544 3088 965 938 903 2123 2088 64 2024 1983 1948 872 505 483 449 426 402 59 343 52 291 261 239 54 185 155 367 291 76
is_linear=0
shrinkage=0.05


Tree=202
num_leaves=31
num_cat=0
split_feature=1 3 6 6 6 6 6 6 4 3 5 3 6 5 5 0 5 0 5 0 4 3 5 6 3 0 4 5 0 5
split_gain=721586 3.13649e+06 2.90932e+06 3.40234e+06 3.74134e+06 3.65041e+06 4.46564e+06 3.33773e+06 7.1437e+06 3.284e+06 2.90306e+06 3.98039e+06 2.76306e+06 2.61339e+06 2.33934e+06 2.19748e+06 7.30644e+06 4.55948e+06 4.44364e+06 4.76294e+06 4.98356e+06 4.35899e+06 7.776e+06 3.13607e+06 2.47205e+06 2.42861e+06 8.55669e+06 6.74858e+06 7.25192e+06 8.2642e+06
threshold=4.5000000000000009 56886.000000000007 54624.531250000007 54196.150000000009 52687.495833333342 52232.993750000001 51595.854166666672 53170.302083333336 48438.600000000006 50205.150000000009 55983.750000000007 55929.250000000007 47098.847916666673 42718.150000000001 42718.150000000001 15.500000000000002 50881.250000000007 16.500000000000004 48600.55000000001 17.500000000000004 54393.80000000001 47187.400000000001 44336.55000000001 46376.16041666668 48701.500000000007 10.500000000000002 54608.05000000001 52639.55000000001 7.5000000000000009 47681.500000000007
decision_type=2 2 2 2 2 2 2 2 2 2 2 2 2 2 2 2 2 2 2 2 2 2 2 2 2 2 2 2 2 2
left_child=13 2 3 4 5 6 10 -6 -9 -8 11 15 -12 -1 -10 23 17 -17 19 -19 21 22 -21 -2 -23 27 -27 28 29 -25
right_child=1 -3 -4 -5 7 -7 9 8 14 -11 12 -13 -14 -15 -16 16 -18 18 -20 20 -22 24 -24 25 -26 26 -28 -29 -30 -31
leaf_value=16.83341386318207 -16.213460876828147 -19.709598679976033 -15.804598091494652 16.059651104096442 -21.275034753899828 16.102614571707591 -1.9127213824879039 -19.782372830416026 21.719574755714053 -28.933810266204503 1.3781178191856103 19.599482991014209 -20.340590345859528 0.27398178701429488 -0.35671931675502233 21.879215856031941 -24.390169098797969 21.599247932434082 -19.363185119628909 0.61541554251091979 -23.918146050494652 25.493252770105997 -28.239096216055067 4.8002747599998221 2.2893578702753241 26.494842235078206 1.2673062756910163 -13.979572364150503 21.828526884195757 -22.10199895185583
leaf_weight=24 21 22 31 31 38 35 22 38 21 23 27 28 32 3288 28 22 34 24 32 229 23 24 26 178 22 47 118 61 49 34
leaf_count=24 21 22 31 31 38 35 22 38 21 23 27 28 32 3288 28 22 34 24 32 229 23 24 26 178 22 47 118 61 49 34
internal_value=-1.37687e-08 -0.988526 -0.67122 -0.300947 -0.711286 0.211439 -0.305467 -8.91247 -3.51273 -15.7235 0.367483 1.02116 -10.4015 0.393978 9.10455 0.470105 -2.13386 -0.251485 -1.53274 0.106845 -1.48518 0.228962 -2.32661 2.705 14.3957 3.52079 8.45333 0.993245 4.49264 0.485759
internal_weight=4632 1320 1298 1267 1236 1111 1076 125 87 45 1031 972 59 3312 49 944 436 402 380 348 324 301 255 508 46 487 165 322 261 212
internal_count=4632 1320 1298 1267 1236 1111 1076 125 87 45 1031 972 59 3312 49 944 436 402 380 348 324 301 255 508 46 487 165 322 261 212
is_linear=0
shrinkage=0.05


Tree=203
num_leaves=31
num_cat=0
split_feature=5 0 1 6 4 4 6 0 3 3 0 5 3 5 5 1 5 0 4 4 4 4 4 5 4 4 4 4 3 3
split_gain=725769 1.24016e+06 2.0886e+06 4.23626e+06 3.1333e+06 7.0674e+06 3.329e+06 1.2093e+06 5.72518e+06 1.02342e+07 6.78898e+06 5.39157e+06 4.4531e+06 7.61497e+06 6.19184e+06 9.98717e+06 3.16646e+06 2.31175e+06 3.0101e+06 4.08881e+06 2.95716e+06 7.29787e+06 3.18241e+06 4.99927e+06 4.12794e+06 4.08598e+06 8.80002e+06 7.85021e+06 3.44846e+06 3.44069e+06
threshold=36800.05000000001 22.500000000000004 3.5000000000000004 46736.439583333333 45826.900000000009 43029.150000000001 54966.387500000004 9.5000000000000018 58019.700000000004 57273.05000000001 8.5000000000000018 60619.850000000013 59281.900000000009 61376.55000000001 62221.700000000004 2.5000000000000004 60095.400000000001 12.500000000000002 65880.60000000002 65293.600000000006 64511.950000000004 64095.200000000004 63481.55000000001 63814.450000000004 63179.500000000007 62077.350000000013 61354.350000000013 61782.200000000004 65293.600000000006 64877.100000000013
decision_type=2 2 2 2 2 2 2 2 2 2 2 2 2 2 2 2 2 2 2 2 2 2 2 2 2 2 2 2 2 2
left_child=-1 7 4 -4 5 -3 -7 8 9 16 11 -10 -12 -14 -15 -16 -2 -9 19 20 21 22 24 -24 25 26 28 -28 -19 -27
right_child=1 2 3 -5 -6 6 -8 17 10 -11 12 -13 13 14 15 -17 -18 18 -20 -21 -22 -23 23 -25 -26 29 27 -29 -30 -31
leaf_value=6.8815868980006174 -0.14822709056693065 -11.559366726875306 5.3422802960431142 -19.414233129223192 -12.900154662132264 4.1064683528173545 31.36595407327016 3.6039454309614012 -12.22515794580633 26.088322912680141 18.158752965927125 -43.017898341587617 15.688566984449114 -35.821129751205447 -27.030624429996198 16.794139818044808 -14.052441468125298 0.24616768614018689 -14.528439189365933 21.222809998885445 -11.518529106069494 26.15561598318595 -23.399100734165739 7.0178287156603565 19.745397256921841 -15.57016590088606 36.934713754346298 0.74323368730216188 -17.46237192175218 4.8278606480565571
leaf_weight=38 1633 34 27 48 32 21 24 579 44 37 22 21 28 24 26 26 42 1514 35 23 54 27 35 22 27 72 31 29 28 29
leaf_count=38 1633 34 27 48 32 21 24 579 44 37 22 21 28 24 26 26 42 1514 35 23 54 27 35 22 27 72 31 29 28 29
internal_value=2.03138e-09 -0.0569221 -4.05616 -10.5019 0.299057 5.64557 18.6449 0.11183 -0.838337 0.0776931 -9.04904 -22.1736 -2.27844 -6.60169 -14.8139 -5.11824 -0.49687 0.833653 0.000839632 0.269758 0.0117708 0.35501 -0.0348143 -11.6592 0.348187 0.0406561 0.655606 19.4422 -0.0753882 -9.71331
internal_weight=4632 4594 186 75 111 79 45 4408 1903 1712 191 65 126 104 76 52 1675 2505 1926 1891 1868 1814 1787 57 1730 1703 1602 60 1542 101
internal_count=4632 4594 186 75 111 79 45 4408 1903 1712 191 65 126 104 76 52 1675 2505 1926 1891 1868 1814 1787 57 1730 1703 1602 60 1542 101
is_linear=0
shrinkage=0.05


Tree=204
num_leaves=31
num_cat=0
split_feature=1 4 6 4 5 4 6 4 5 4 5 4 5 5 3 3 6 4 3 5 6 3 3 3 5 4 4 3 3 6
split_gain=728590 1.61985e+06 1.40126e+07 6.78734e+06 6.64822e+06 5.44894e+06 3.5364e+06 3.11567e+06 4.89586e+06 3.14823e+06 3.64223e+06 5.7336e+06 4.44236e+06 3.55419e+06 3.17376e+06 9.46422e+06 3.53428e+06 4.08156e+06 3.04432e+06 3.22233e+06 3.37902e+06 2.90564e+06 2.12945e+06 1.53569e+06 1.63765e+06 1.28314e+06 5.76559e+06 3.1803e+06 1.93134e+06 1.17418e+06
threshold=1.0000000180025095e-35 53596.350000000013 50392.897916666676 52710.150000000009 63143.900000000009 54720.950000000004 51094.72083333334 52100.700000000004 60095.400000000001 49831.750000000007 56090.500000000007 46134.250000000007 57487.700000000004 54246.250000000007 50040.950000000004 51539.950000000004 47926.833333333343 41718.400000000001 46306.250000000007 47851.100000000006 54552.554166666669 46769.350000000006 54460.30000000001 40008.30000000001 47047.950000000004 38115.700000000004 38901.450000000004 38138.650000000001 40008.30000000001 54422.481250000004
decision_type=2 2 2 2 2 2 2 2 2 2 2 2 2 2 2 2 2 2 2 2 2 2 2 2 2 2 2 2 2 2
left_child=1 3 -3 7 -4 -6 -5 8 9 10 11 14 -12 -13 16 -16 21 18 -18 20 -20 23 -17 -1 -25 27 -27 -2 -29 -28
right_child=25 2 4 6 5 -7 -8 -9 -10 -11 12 13 -14 -15 15 22 17 -19 19 -21 -22 -23 -24 24 -26 26 29 28 -30 -31
leaf_value=-10.233978368925012 23.28353017807007 42.826091627641162 -23.59107455444336 -30.109341702094447 25.162544036865235 -3.9512425306108265 -2.5224262827918644 18.289722142900739 -16.090709028745952 16.176649083846655 -28.169427108764651 35.198355579376219 2.6372207641601566 7.6010256358555388 -37.853810729980466 9.5225714160336405 20.206916956674487 23.229207038879395 21.003630592709499 -16.884462041440219 -5.3318887957211203 -20.635755653381349 -10.222321978482334 12.042722453790553 -5.2321272725644326 -26.499095044817246 -1.4820424873004012 -11.626786449977331 10.083532705307007 0.37487669388880379
leaf_weight=23 20 22 25 26 25 45 21 28 38 39 22 20 25 28 20 36 21 36 21 23 29 20 22 34 23 21 1262 21 20 2616
leaf_count=23 20 22 25 26 25 45 21 28 38 39 22 20 25 28 20 36 21 36 21 23 29 20 22 34 23 21 1262 21 20 2616
internal_value=-1.12344e-08 1.52227 6.86884 0.395149 -1.4581 6.44654 -17.7833 2.07701 1.13127 2.61189 1.29917 3.0263 -11.7829 19.0999 0.521324 -8.19429 3.47705 8.91312 3.43036 -1.39577 5.72903 -3.58983 2.03313 0.671652 5.07217 -0.258324 -0.370901 6.93736 -1.03639 -0.229412
internal_weight=4632 672 117 555 95 70 47 508 480 442 403 356 47 48 308 78 230 130 94 73 50 100 58 80 57 3960 3899 61 41 3878
internal_count=4632 672 117 555 95 70 47 508 480 442 403 356 47 48 308 78 230 130 94 73 50 100 58 80 57 3960 3899 61 41 3878
is_linear=0
shrinkage=0.05


Tree=205
num_leaves=31
num_cat=0
split_feature=0 4 3 3 1 5 0 3 3 6 6 3 6 4 5 5 5 5 5 3 3 5 3 4 3 5 4 0 3 4
split_gain=708832 2.67496e+06 2.23756e+06 6.27856e+06 2.72638e+06 5.61941e+06 3.39515e+06 2.17216e+06 2.15429e+06 2.49221e+06 6.52142e+06 4.57775e+06 4.54082e+06 2.10055e+06 2.30744e+06 4.57319e+06 4.497e+06 6.22741e+06 5.04383e+06 4.0376e+06 3.2952e+06 7.32753e+06 3.30934e+06 3.02759e+06 2.03679e+06 3.71243e+06 2.4824e+06 2.01167e+06 2.13121e+06 1.90015e+06
threshold=3.5000000000000004 48758.650000000009 46454.350000000013 46222.200000000004 3.5000000000000004 44336.55000000001 2.5000000000000004 39739.350000000013 46018.900000000009 54934.100000000006 55063.693749999999 45261.450000000004 55202.758333333339 47846.500000000007 45066.900000000009 45732.250000000007 44097.80000000001 42561.450000000004 44585.850000000013 44215.950000000004 40272.100000000013 40532.650000000001 41328.750000000007 45321.900000000009 38138.650000000001 38578.600000000006 41016.450000000004 21.500000000000004 38911.450000000004 40469.500000000007
decision_type=2 2 2 2 2 2 2 2 2 2 2 2 2 2 2 2 2 2 2 2 2 2 2 2 2 2 2 2 2 2
left_child=1 2 3 8 5 -4 -7 27 9 13 -11 12 -12 14 16 -16 17 20 -18 -17 21 24 -22 -21 26 -26 -1 -2 -29 -9
right_child=7 -3 4 -5 -6 6 -8 29 -10 10 11 -13 -14 -15 15 19 18 -19 -20 23 22 -23 -24 -25 25 -27 -28 28 -30 -31
leaf_value=16.379006364004955 18.67925319671631 -12.009755290638317 14.192283496856689 27.004692407087845 7.4124985793541214 -24.843492618136935 -5.5266992278721023 -6.5269832876750407 -15.56350586143407 23.806630245007966 -23.555262403134947 15.636114378898377 2.3814601347181532 13.361967919089578 -27.395432441711428 12.914830697024312 33.098997325897216 -29.575588097572325 -0.29955216371096099 -18.540076424525335 26.537871923446655 -27.066273001262118 0.28055538177490236 5.3874304008483893 -19.227653538263763 7.4917819756727955 -3.5949078696114678 -6.4204849506246635 14.795713081359864 0.294603073130077
leaf_weight=35 30 55 20 22 29 45 46 105 22 38 27 31 45 22 25 27 20 20 26 39 20 28 30 20 26 26 28 29 20 3676
leaf_count=35 30 55 20 22 29 45 46 105 22 38 27 31 45 22 25 27 20 20 26 39 20 28 30 20 26 26 28 29 20 3676
internal_value=-2.4462e-08 -1.38306 -0.567907 0.807952 -6.23841 -9.80486 -15.079 0.276613 -0.230478 0.402405 6.10316 -0.428222 -7.34481 -1.64812 -2.54061 -8.57207 0.0442989 -3.01746 14.2216 -3.10016 -0.265318 -4.12853 10.7835 -10.4291 1.45631 -5.86794 7.50171 8.48225 2.23919 0.105165
internal_weight=4632 772 717 577 140 111 91 3860 555 533 141 103 72 392 370 111 259 213 46 86 193 143 50 59 115 52 63 79 49 3781
internal_count=4632 772 717 577 140 111 91 3860 555 533 141 103 72 392 370 111 259 213 46 86 193 143 50 59 115 52 63 79 49 3781
is_linear=0
shrinkage=0.05


Tree=206
num_leaves=31
num_cat=0
split_feature=1 3 5 4 6 5 4 4 4 5 3 3 3 5 5 5 4 3 3 3 6 3 5 3 4 6 5 5 6 3
split_gain=730756 1.55029e+06 4.97616e+06 5.28705e+06 9.22134e+06 4.08496e+06 3.23754e+06 2.36158e+06 3.36381e+06 2.04355e+06 2.18565e+06 5.48725e+06 3.22605e+06 2.19934e+06 5.84062e+06 6.60581e+06 4.85571e+06 5.17398e+06 4.54895e+06 3.60909e+06 3.32438e+06 2.30486e+06 2.6515e+06 2.48125e+06 1.95373e+06 1.15017e+06 6.43081e+06 4.48302e+06 4.77617e+06 3.08474e+06
threshold=1.0000000180025095e-35 65550.550000000003 64360.05000000001 53316.150000000001 50669.708333333343 63298.700000000004 54608.05000000001 52826.80000000001 52312.30000000001 60095.400000000001 56786.750000000007 60500.600000000013 55802.55000000001 56090.500000000007 54351.500000000007 52141.450000000004 41718.400000000001 50040.950000000004 48110.250000000007 47260.450000000004 54196.150000000009 40008.30000000001 47498.000000000007 45623.950000000004 48064.850000000006 54422.481250000004 56574.55000000001 60619.850000000013 49892.777083333342 56267.600000000013
decision_type=2 2 2 2 2 2 2 2 2 2 2 2 2 2 2 2 2 2 2 2 2 2 2 2 2 2 2 2 2 2
left_child=1 2 3 7 -5 -6 -4 8 9 10 12 24 13 14 15 16 19 18 -18 21 -21 -1 23 -23 -12 26 29 28 -28 -2
right_child=25 -3 6 4 5 -7 -8 -9 -10 -11 11 -13 -14 -15 -16 -17 17 -19 -20 20 -22 22 -24 -25 -26 -27 27 -29 -30 -31
leaf_value=-9.8703080177307143 -0.18742387119290893 -10.213351237332381 -23.827317546976026 44.028060041155136 -9.072732367882363 20.576709111531578 0.23239223515545882 -15.189657554626464 22.423286743164063 -9.6317644872163477 8.1851233323415116 -10.344758369611657 -18.6854398727417 -12.633583482106527 27.923209329084916 -24.515503294571587 9.6131676006317139 1.0434079170227051 43.336133766174321 -21.714156298339368 -0.32263127437659672 21.847414135288549 -5.0554250750048411 3.136536253199858 27.324720255533858 0.35207127031018609 -6.1277147483825694 2.0577585966690726 -38.119361196245471 -14.295967760086061
leaf_weight=23 1233 27 29 21 26 21 27 20 20 38 24 23 20 24 22 23 20 40 20 32 42 37 29 34 30 2616 20 23 28 40
leaf_count=23 1233 27 29 21 26 21 27 20 20 38 24 23 20 24 22 23 20 40 20 32 42 37 29 34 30 2616 20 23 28 40
internal_value=1.58534e-09 1.52453 2.01588 3.37005 16.4825 4.17489 -12.2271 1.65864 2.33123 1.4958 2.45031 10.1072 0.839427 1.96803 3.05635 1.23278 3.37073 13.759 26.4747 -0.847875 -9.57302 4.4014 7.68389 12.8873 18.8182 -0.258708 -1.44754 -16.0925 -24.7895 -0.63074
internal_weight=4632 672 645 589 68 47 56 521 501 481 443 77 366 346 322 300 277 80 40 197 74 123 100 71 54 3960 1344 71 48 1273
internal_count=4632 672 645 589 68 47 56 521 501 481 443 77 366 346 322 300 277 80 40 197 74 123 100 71 54 3960 1344 71 48 1273
is_linear=0
shrinkage=0.05


Tree=207
num_leaves=31
num_cat=0
split_feature=0 3 4 3 6 6 6 4 4 4 5 4 4 4 4 5 5 4 4 4 5 6 6 6 1 3 4 3 4 4
split_gain=711876 1.74595e+06 1.42419e+06 1.69944e+06 1.67475e+06 6.42714e+06 5.10278e+06 2.62286e+06 1.92145e+06 5.23444e+06 3.49292e+06 2.75324e+06 1.62025e+06 1.79133e+06 1.41985e+06 3.18819e+06 7.59268e+06 4.28548e+06 2.40919e+06 3.4445e+06 1.70689e+06 4.37969e+06 1.60513e+06 2.92948e+06 2.3578e+06 1.58734e+06 1.29506e+06 3.23374e+06 1.26722e+06 2.00841e+06
threshold=1.5000000000000002 37693.450000000004 47341.950000000004 36828.05000000001 55063.693749999999 54927.568750000006 55202.758333333339 45119.150000000001 44663.000000000007 45499.700000000004 38402.400000000001 46279.650000000001 41016.450000000004 38593.400000000009 39066.30000000001 45352.850000000013 47441.150000000001 38115.700000000004 40182.150000000009 40714.400000000009 43464.600000000006 54422.481250000004 46699.48958333335 46884.227083333339 5.5000000000000009 40775.000000000007 50994.100000000013 39104.55000000001 46933.850000000006 49032.150000000001
decision_type=2 2 2 2 2 2 2 2 2 2 2 2 2 2 2 2 2 2 2 2 2 2 2 2 2 2 2 2 2 2
left_child=2 -2 3 -1 5 8 -6 -8 10 -10 -5 -11 13 -12 15 17 -17 -3 -16 -20 21 22 25 -24 26 -21 27 -25 -29 -30
right_child=1 14 -4 4 6 -7 7 -9 9 11 12 -13 -14 -15 18 16 -18 -19 19 20 -22 -23 23 24 -26 -27 -28 28 29 -31
leaf_value=-15.135828755015419 11.308151648385184 -0.92170318526190675 -14.717672239031112 16.345728653669358 -23.182310167948405 20.853849586280617 9.7444487693982254 -12.173043423607236 -24.35893534978231 13.307563715714677 -3.305862905541245 -10.441112551481829 -11.122701573371888 14.148284258161272 9.5080875908119094 25.5322980707342 -17.033991333246231 -26.351651528676356 -16.253469276428223 18.653933624267577 -0.06426033407241763 22.049863249460856 -13.415267421177456 15.054336582530631 18.176239738010224 1.4616645089511213 10.698270622889202 -16.765605170076544 5.0982553429073763 -12.263820240574498
leaf_weight=21 35 37 21 32 30 37 39 21 30 26 49 23 36 21 69 22 20 30 32 25 3726 30 35 22 21 29 24 22 36 31
leaf_count=21 35 37 21 32 30 37 39 21 30 26 49 23 36 21 69 22 20 30 32 25 3726 30 35 22 21 29 24 22 36 31
internal_value=-3.19513e-09 0.186892 -2.05582 -1.32733 -0.484365 1.59232 -6.34522 2.07333 -1.69191 -7.91034 1.86792 2.16023 -2.50274 1.93038 0.0944573 -5.53781 5.26264 -12.3082 0.24412 0.0856245 0.216305 4.0177 1.80968 -0.34222 2.59084 9.42105 0.16644 -2.11071 -6.35376 -2.93494
internal_weight=4632 4246 386 365 344 254 90 60 217 79 138 49 106 70 4211 109 42 67 4102 4033 4001 275 245 191 156 54 135 111 89 67
internal_count=4632 4246 386 365 344 254 90 60 217 79 138 49 106 70 4211 109 42 67 4102 4033 4001 275 245 191 156 54 135 111 89 67
is_linear=0
shrinkage=0.05


Tree=208
num_leaves=31
num_cat=0
split_feature=0 3 3 0 3 3 5 5 1 5 0 5 4 5 5 3 0 5 5 6 4 5 6 4 5 5 4 4 3 6
split_gain=692452 5.43463e+06 9.0749e+06 6.1773e+06 4.96109e+06 3.92336e+06 6.87761e+06 5.52106e+06 9.07212e+06 2.96972e+06 2.6558e+06 7.95728e+06 7.9097e+06 2.80596e+06 5.66365e+06 3.9661e+06 3.49274e+06 7.44316e+06 5.14778e+06 6.0273e+06 6.80826e+06 7.74156e+06 5.96482e+06 4.68311e+06 4.11166e+06 3.43209e+06 2.1788e+06 4.63044e+06 4.86368e+06 5.27309e+06
threshold=9.5000000000000018 58019.700000000004 57273.05000000001 8.5000000000000018 58694.350000000013 59281.900000000009 61376.55000000001 62221.700000000004 2.5000000000000004 60095.400000000001 14.500000000000002 52639.55000000001 63107.200000000004 62985.750000000007 62221.700000000004 64021.850000000013 16.500000000000004 58604.500000000007 50652.80000000001 47027.693750000006 59176.450000000004 59391.450000000004 54578.441666666673 57044.950000000004 60346.100000000006 60871.150000000009 64511.950000000004 64929.350000000013 64877.100000000013 54994.568750000013
decision_type=2 2 2 2 2 2 2 2 2 2 2 2 2 2 2 2 2 2 2 2 2 2 2 2 2 2 2 2 2 2
left_child=1 2 9 4 -3 -5 -7 -8 -9 -1 11 -2 13 14 15 16 18 -18 -12 -20 24 22 -22 -19 -21 -23 -13 28 29 -28
right_child=10 3 -4 5 -6 6 7 8 -10 -11 12 26 -14 -15 -16 -17 17 23 19 20 21 25 -24 -25 -26 -27 27 -29 -30 -31
leaf_value=-0.044369343858077587 28.414312296900256 -34.037320944155965 24.653367800325963 16.912280234423552 -6.3283383019765225 14.854789434160507 -33.970048236846928 -25.862307629218471 15.906567984360917 -13.506962419691542 26.952271728515626 3.4977601984129087 -26.102797292073571 -15.360970689455669 21.97110449692299 -15.870751476287843 -0.26300307356415348 -6.5188289337158212 -16.722234207933599 10.445312207810423 0.15314756561728085 -21.261456526242771 33.121914399188505 -38.979561824798587 36.245013170656954 0.30601224626813617 -15.344454345703125 2.0243207231495117 -33.334516029357914 16.099219989776611
leaf_weight=1660 29 35 37 22 30 28 24 26 26 42 25 631 30 30 29 40 1304 25 33 47 34 39 23 20 23 35 40 225 20 20
leaf_count=1660 29 35 37 22 30 28 24 26 26 42 25 631 30 30 29 40 1304 25 33 47 34 39 23 20 23 35 40 225 20 20
internal_value=1.35006e-08 -0.723344 0.155968 -8.72923 -21.2486 -2.27084 -6.32881 -14.1333 -4.97787 -0.376584 0.516674 2.61978 -0.651719 -0.204424 0.0667124 -0.318741 0.0681248 -0.952941 5.38634 3.08229 6.33378 -0.392941 13.4563 -20.9458 18.9224 -11.0606 1.82059 -1.64922 -11.9811 -4.86323
internal_weight=4632 1930 1739 191 65 126 104 76 52 1702 2702 965 1737 1707 1677 1648 1608 1349 259 234 201 131 57 45 70 74 936 305 80 60
internal_count=4632 1930 1739 191 65 126 104 76 52 1702 2702 965 1737 1707 1677 1648 1608 1349 259 234 201 131 57 45 70 74 936 305 80 60
is_linear=0
shrinkage=0.05


Tree=209
num_leaves=31
num_cat=0
split_feature=0 5 3 5 1 4 5 6 6 0 6 0 5 4 4 3 3 0 5 5 3 3 4 6 3 3 3 5 5 3
split_gain=668145 5.94328e+06 6.1025e+06 6.71892e+06 6.64099e+06 5.10798e+06 4.14062e+06 2.98973e+06 2.22342e+06 2.59242e+06 2.25066e+06 1.97475e+06 5.73253e+06 1.73337e+06 4.24579e+06 3.87659e+06 3.91182e+06 6.14409e+06 2.46788e+06 5.07069e+06 9.58603e+06 5.02784e+06 4.24355e+06 5.87951e+06 3.71211e+06 5.13596e+06 3.42383e+06 3.26389e+06 5.93864e+06 4.50315e+06
threshold=5.5000000000000009 51366.750000000007 49959.100000000006 52432.900000000009 2.5000000000000004 51386.900000000009 50554.450000000004 46486.364583333336 46675.404166666682 2.5000000000000004 46792.441666666673 4.5000000000000009 44676.80000000001 48946.150000000001 48343.80000000001 47683.350000000006 41813.500000000007 3.5000000000000004 45732.250000000007 45066.900000000009 44844.000000000007 47260.450000000004 46751.80000000001 54422.481250000004 46306.250000000007 44215.950000000004 46769.350000000006 46869.450000000004 46395.350000000013 45261.450000000004
decision_type=2 2 2 2 2 2 2 2 2 2 2 2 2 2 2 2 2 2 2 2 2 2 2 2 2 2 2 2 2 2
left_child=1 6 3 -3 -4 -5 7 -1 9 -9 -10 13 -13 14 18 16 -15 -18 19 22 -21 24 -12 -24 25 -20 -26 28 -27 -29
right_child=-2 2 4 5 -6 -7 -8 8 10 -11 11 12 -14 15 -16 -17 17 -19 21 20 -22 -23 23 -25 26 27 -28 29 -30 -31
leaf_value=-16.449607047012872 0.34670532195044446 13.121940018001357 -8.0028491184629242 -29.902367716569167 -43.55940817197164 3.7078947257995609 16.692514847420359 0.053542766055545289 -16.329019373113461 19.832274551391603 1.8709373845782384 29.573433040437244 -3.6523773137260891 -15.115497457570044 16.018111023902893 -19.763466711302062 -5.8027539050940318 28.793500491550994 16.763519300733293 -41.261305197079977 -0.23374121529715405 -8.7657282766368656 -35.100994491577147 -1.117129009791783 32.732003386124319 3.9884445846080783 5.4499537965525757 -9.0010750027263864 -30.890315644637401 15.894255479176842
leaf_weight=28 3474 38 29 26 24 20 37 37 22 30 249 21 34 29 40 37 33 21 49 24 35 72 20 35 23 26 23 34 23 39
leaf_count=28 3474 38 29 26 24 20 37 37 22 30 249 21 34 29 40 37 33 21 49 24 35 72 20 35 23 26 23 34 23 39
internal_value=-3.3481e-09 -1.04012 -10.8188 -2.43655 -24.1039 -15.2892 0.272012 -0.345426 0.126245 8.90969 -0.535725 -0.134972 9.03384 -0.756012 0.205987 -6.30354 -0.303335 7.65135 -0.764082 -3.50884 -16.9229 2.68348 -0.905447 -13.4749 6.4823 3.09049 19.091 -2.40113 -12.3832 4.29917
internal_weight=4632 1158 137 84 53 46 1021 984 956 67 889 867 55 812 692 120 83 54 652 363 59 289 304 55 217 171 46 122 49 73
internal_count=4632 1158 137 84 53 46 1021 984 956 67 889 867 55 812 692 120 83 54 652 363 59 289 304 55 217 171 46 122 49 73
is_linear=0
shrinkage=0.05


Tree=210
num_leaves=31
num_cat=0
split_feature=4 4 3 3 1 5 6 3 5 4 4 4 3 3 3 3 3 3 4 5 6 3 3 4 6 3 5 5 4 6
split_gain=708811 1.08942e+06 2.48328e+06 1.75906e+06 1.13742e+06 3.82595e+06 2.44523e+06 2.41023e+06 2.17754e+06 7.8163e+06 6.92207e+06 3.86548e+06 3.36389e+06 2.96422e+06 7.41385e+06 5.45733e+06 3.5933e+06 2.94725e+06 4.14888e+06 4.14799e+06 4.6426e+06 3.9042e+06 2.09599e+06 2.03163e+06 1.70706e+06 1.53695e+06 9.70968e+06 3.37489e+06 3.15167e+06 1.26526e+06
threshold=36800.05000000001 38403.650000000001 38911.450000000004 44604.600000000006 1.0000000180025095e-35 46021.650000000009 48206.133333333339 47038.250000000007 56090.500000000007 49513.900000000001 46062.600000000006 47667.450000000004 58413.05000000001 50040.950000000004 52045.650000000009 47683.350000000006 54460.30000000001 57587.500000000007 50686.700000000004 61623.400000000009 50392.897916666676 60877.200000000004 48781.350000000013 39315.400000000001 50820.885416666679 64877.100000000013 64360.05000000001 64976.250000000007 53890.400000000009 54422.481250000004
decision_type=2 2 2 2 2 2 2 2 2 2 2 2 2 2 2 2 2 2 2 2 2 2 2 2 2 2 2 2 2 2
left_child=-1 2 -2 -4 5 23 7 -7 10 12 13 -12 -10 15 -15 -8 -16 -11 -19 21 -21 -20 -17 -3 -22 26 28 -27 -26 -6
right_child=1 4 3 -5 29 6 8 -9 9 17 11 -13 -14 14 16 22 -18 18 19 20 24 -23 -24 -25 25 27 -28 -29 -30 -31
leaf_value=6.8007168992569582 8.9479524778283164 4.2171776580810549 -17.739191505644055 -2.1086275221572985 -1.5510976042440587 0.48501399993896488 -10.252911611703727 -20.535831808090212 -6.4295442504882816 18.789556826077977 37.27972222203794 9.3857037297001593 -32.925396065090013 -27.230617633572333 18.104094446622408 30.056817656897366 -9.3520335760983553 20.337434906005861 -31.006187286376953 20.35847255706787 -13.788830052251402 -2.081895923614502 8.426862740516663 25.597488025665285 22.024980773925783 -5.4909088206291203 -29.2172242641449 23.555979840755466 -3.3416590372721355 0.37035973056444521
leaf_weight=38 23 20 36 36 1274 30 26 25 25 26 23 27 23 27 26 21 22 25 20 30 23 28 24 25 25 20 24 20 24 2616
leaf_count=38 23 20 36 36 1274 30 26 25 25 26 23 27 23 27 26 21 22 25 20 30 23 28 24 25 25 20 24 20 24 2616
internal_value=4.45208e-08 -0.0562532 -5.35493 -9.92391 0.0556327 2.06491 0.945475 -9.06992 2.02769 -0.560228 6.16043 22.217 -19.1255 0.661625 -6.2702 7.98397 5.52004 2.80253 1.06336 -1.18829 2.55496 -14.1337 18.5208 16.0951 -1.37228 1.15498 -3.16149 9.03254 9.6005 -0.25893
internal_weight=4632 4594 95 72 4499 609 564 55 509 313 196 50 48 146 75 71 48 265 239 214 166 48 45 45 136 113 73 40 49 3890
internal_count=4632 4594 95 72 4499 609 564 55 509 313 196 50 48 146 75 71 48 265 239 214 166 48 45 45 136 113 73 40 49 3890
is_linear=0
shrinkage=0.05


Tree=211
num_leaves=31
num_cat=0
split_feature=5 5 6 0 3 3 4 1 5 3 5 5 6 4 3 3 0 5 3 1 5 3 3 3 5 0 6 5 6 0
split_gain=652445 1.19234e+06 3.87398e+06 1.10043e+06 2.0695e+06 2.2422e+06 4.3916e+06 3.14751e+06 2.25971e+06 6.45313e+06 1.26665e+06 4.19318e+06 2.34716e+06 5.48807e+06 2.13633e+06 3.01253e+06 2.03468e+06 5.15075e+06 4.30409e+06 1.09598e+07 6.1946e+06 4.49999e+06 4.09374e+06 6.20634e+06 4.69878e+06 4.03035e+06 5.60697e+06 4.39728e+06 4.76362e+06 3.85305e+06
threshold=36800.05000000001 37902.500000000007 46758.218750000007 22.500000000000004 47368.250000000007 46941.350000000013 43029.150000000001 2.5000000000000004 45255.950000000004 44604.600000000006 46459.400000000001 46625.05000000001 46486.364583333336 41718.400000000001 44077.450000000004 44523.80000000001 4.5000000000000009 46166.250000000007 40550.250000000007 4.5000000000000009 44585.850000000013 44215.950000000004 43464.600000000006 46018.900000000009 45797.450000000004 6.5000000000000009 52687.495833333342 46166.250000000007 47926.833333333343 3.5000000000000004
decision_type=2 2 2 2 2 2 2 2 2 2 2 2 2 2 2 2 2 2 2 2 2 2 2 2 2 2 2 2 2 2
left_child=-1 2 -2 10 5 6 7 -5 9 -8 12 -12 13 -3 -13 -16 17 18 29 20 21 -20 -22 -24 -25 26 -18 28 -27 -14
right_child=1 3 -4 4 -6 -7 8 -9 -10 -11 11 14 16 -15 15 -17 25 -19 19 -21 22 -23 23 24 -26 27 -28 -29 -30 -31
leaf_value=6.5247116691187816 9.8262948899042044 -28.520987050533297 -17.196200042631894 -31.760349380970002 -16.862686832134539 13.568608965192523 -8.0250162858229412 -4.0449491864158995 -6.9426944638553429 27.929047481218976 -17.984511543042732 9.8847991547494569 1.9984790847982681 8.519771232604981 -19.110901582808722 -0.11374708590551806 32.856467477206529 19.749699836969377 29.34704807826451 -26.720955536213324 -28.152813587188724 3.6154009089041299 4.2307783230429612 -33.916766325632736 -1.9260242115367543 -0.17291180181769686 1.7643618452137915 -16.328791494722719 13.24165819168091 22.022566288915176
leaf_weight=38 21 20 36 20 26 21 26 21 38 24 33 53 140 20 21 3337 29 32 21 47 20 89 84 24 22 179 29 27 105 29
leaf_count=38 21 20 36 20 26 21 26 21 38 24 33 53 140 20 21 3337 29 32 21 47 20 89 84 24 22 179 29 27 105 29
internal_value=1.54416e-11 -0.0539702 -7.24054 0.0363174 -3.83986 -1.58257 -4.04904 -17.5647 2.248 9.23293 0.192751 -0.24695 1.84415 -10.0006 -0.075347 -0.23255 2.38439 0.331811 -0.973594 -4.50121 -0.484566 8.52781 -7.09364 -3.85377 -18.6168 5.21016 17.3104 2.95352 4.7867 5.43457
internal_weight=4632 4594 57 4537 176 150 129 41 88 50 4361 3444 917 40 3411 3358 877 508 476 307 260 110 150 130 46 369 58 311 284 169
internal_count=4632 4594 57 4537 176 150 129 41 88 50 4361 3444 917 40 3411 3358 877 508 476 307 260 110 150 130 46 369 58 311 284 169
is_linear=0
shrinkage=0.05


Tree=212
num_leaves=31
num_cat=0
split_feature=4 4 3 3 4 6 3 3 3 6 0 5 3 4 1 5 3 5 5 5 3 0 6 6 3 4 3 4 1 5
split_gain=670304 915633 2.17198e+06 1.63617e+06 1.06361e+06 2.73185e+06 3.23943e+06 3.73898e+06 2.40817e+06 3.45993e+06 1.06157e+06 4.80001e+06 5.49689e+06 6.15192e+06 6.04479e+06 4.65591e+06 4.22769e+06 3.68419e+06 2.67635e+06 5.16928e+06 4.85922e+06 5.1511e+06 1.92455e+06 9.79131e+06 5.09354e+06 4.31839e+06 8.12983e+06 6.06364e+06 2.63114e+06 4.2692e+06
threshold=36800.05000000001 38403.650000000001 38911.450000000004 44604.600000000006 40182.150000000009 46699.48958333335 46306.250000000007 47793.250000000007 43300.900000000009 46908.762500000012 5.5000000000000009 51366.750000000007 49959.100000000006 51741.950000000004 2.5000000000000004 52342.900000000009 49079.150000000009 49543.500000000007 49071.600000000013 48694.05000000001 47793.250000000007 3.5000000000000004 54422.481250000004 54569.14166666667 40550.250000000007 50994.100000000013 42574.55000000001 44557.05000000001 2.5000000000000004 46166.250000000007
decision_type=2 2 2 2 2 2 2 2 2 2 2 2 2 2 2 2 2 2 2 2 2 2 2 2 2 2 2 2 2 2
left_child=-1 2 -2 -4 5 -3 8 -8 9 -7 11 16 13 15 -14 -13 18 -18 19 22 21 -20 24 -24 -6 26 -26 -28 29 -25
right_child=1 4 3 -5 10 6 7 -9 -10 -11 -12 12 14 -15 -16 -17 17 -19 20 -21 -22 -23 23 28 25 -27 27 -29 -30 -31
leaf_value=6.6134076021219563 8.4639748075734023 -7.2508092317825721 -16.722759207089744 -1.6480898585584427 2.0046765422433372 22.708037067594987 -17.717255347115653 11.172084204355876 27.724197399616244 -5.3628527351047683 0.32621083345712565 4.2146026399400496 -7.4713050579202589 18.518521099090577 -41.39426906903585 -23.978401003777982 29.185330512306905 2.4314405410520497 1.1308941698074342 -23.572507900661893 -7.6533221986558706 30.682871052314496 31.072643569946294 -3.4545551280362896 -38.559113248702019 5.8288440545399993 9.0614599359446562 -24.914379878838858 -4.8924476855451413 11.494755654054529
leaf_weight=38 23 39 36 36 123 21 21 24 24 23 3365 27 29 25 24 32 22 31 30 27 36 29 25 109 31 24 29 24 220 85
leaf_count=38 23 39 36 36 123 21 21 24 24 23 3365 27 29 25 24 32 22 31 30 27 36 29 25 109 31 24 29 24 220 85
internal_value=3.56756e-08 -0.0547038 -4.91241 -9.18542 0.0478706 4.15914 8.09709 -2.30961 14.9839 8.03462 -0.0958869 -1.54228 -10.224 -2.26847 -22.8326 -11.0765 -0.134719 13.5368 -1.04961 -2.12267 6.82327 15.6564 -1.25827 0.685616 -4.9525 -12.876 -18.2202 -6.32383 -1.14935 3.0954
internal_weight=4632 4594 95 72 4499 152 113 45 68 44 4347 982 137 84 53 59 845 53 792 697 95 59 670 439 231 108 84 53 414 194
internal_count=4632 4594 95 72 4499 152 113 45 68 44 4347 982 137 84 53 59 845 53 792 697 95 59 670 439 231 108 84 53 414 194
is_linear=0
shrinkage=0.05


Tree=213
num_leaves=31
num_cat=0
split_feature=5 3 3 6 4 6 3 5 5 3 4 6 6 0 6 5 3 4 3 3 0 6 3 5 6 5 3 3 0 0
split_gain=667303 2.48426e+06 6.6426e+06 2.45601e+06 2.08663e+06 2.38603e+06 2.73228e+06 5.66722e+06 4.07601e+06 4.85908e+06 3.22225e+06 2.962e+06 6.81124e+06 3.31661e+06 2.55548e+06 2.07495e+06 4.41353e+06 3.69347e+06 1.4403e+06 1.38838e+06 1.38259e+06 4.9545e+06 5.83151e+06 4.20648e+06 4.80024e+06 4.12918e+06 6.18308e+06 8.13554e+06 5.07352e+06 3.93628e+06
threshold=42039.500000000007 41564.05000000001 40550.250000000007 46867.40833333334 48946.150000000001 54761.802083333343 38911.450000000004 40532.650000000001 40532.650000000001 43102.30000000001 40469.500000000007 46932.912499999999 46675.404166666682 1.5000000000000002 47027.693750000006 38578.600000000006 40550.250000000007 41237.950000000004 37693.450000000004 42321.250000000007 19.500000000000004 47281.389583333337 52045.650000000009 49264.55000000001 54994.568750000013 44585.850000000013 47302.350000000013 45070.700000000004 1.5000000000000002 20.500000000000004
decision_type=2 2 2 2 2 2 2 2 2 2 2 2 2 2 2 2 2 2 2 2 2 2 2 2 2 2 2 2 2 2
left_child=4 2 3 -2 5 6 7 11 9 15 -10 12 18 -13 -12 17 -17 -8 -1 -3 25 -22 29 -24 -25 26 27 28 -21 -23
right_child=1 19 -4 -5 -6 -7 8 -9 10 -11 14 13 -14 -15 -16 16 -18 -19 -20 20 21 22 23 24 -26 -27 -28 -29 -30 -31
leaf_value=16.666534191629164 11.794931443097692 10.522582503288023 -33.866969432830807 -8.7423733949661262 -9.9666886161355421 -12.657977941761848 -11.085172259145313 -26.294596223831178 0.3458425521850586 -20.215128612518313 35.857577339808152 -1.3127364022391184 -24.65967101287842 26.467162635109641 13.232050719627967 24.763589482988632 -0.34625481469290598 12.072959772745769 -1.4447240420750209 2.219358550310135 -22.865678618635453 11.337198663393657 -1.4464647439809948 -42.139560041427615 -9.2753883590698241 -0.083354761427334306 33.568921443394252 -8.112977896470289 30.629763019446173 -1.1378977211474188
leaf_weight=23 24 31 20 37 34 23 36 20 20 20 24 21 25 22 26 35 35 33 21 30 28 75 39 20 25 3363 21 65 33 403
leaf_count=23 24 31 20 37 34 23 36 20 20 20 24 21 25 22 26 35 35 33 21 30 28 75 39 20 25 3363 21 65 33 403
internal_value=3.84995e-08 -0.189011 -8.86085 -0.662122 1.90549 2.95667 3.95151 -1.7779 7.25405 2.82796 17.3076 2.60008 -3.81885 12.9002 24.0923 6.14351 12.2087 -0.0095439 8.02252 -0.0190576 -0.0987239 -2.33832 -1.31561 -13.4653 -23.8817 0.277518 8.4226 4.29703 17.101 0.819492
internal_weight=4632 4214 81 61 418 384 361 132 229 159 70 112 69 43 50 139 70 69 44 4133 4102 590 562 84 45 3512 149 128 63 478
internal_count=4632 4214 81 61 418 384 361 132 229 159 70 112 69 43 50 139 70 69 44 4133 4102 590 562 84 45 3512 149 128 63 478
is_linear=0
shrinkage=0.05


Tree=214
num_leaves=31
num_cat=0
split_feature=0 5 5 5 0 5 3 3 4 5 4 5 5 3 4 0 0 3 6 3 4 6 6 5 5 5 1 6 1 6
split_gain=632564 5.9502e+06 2.77616e+06 5.91887e+06 2.59725e+06 4.35053e+06 3.72809e+06 3.47225e+06 3.09828e+06 3.02599e+06 6.43301e+06 3.4668e+06 8.10053e+06 4.87586e+06 2.67716e+06 2.49055e+06 2.48625e+06 4.94896e+06 3.40275e+06 5.05394e+06 5.19479e+06 3.21651e+06 4.66347e+06 4.49306e+06 4.83156e+06 6.68336e+06 6.87385e+06 5.67186e+06 5.2583e+06 4.31378e+06
threshold=15.500000000000002 61730.100000000013 60619.850000000013 59532.000000000007 10.500000000000002 52342.900000000009 52990.05000000001 63513.350000000006 52710.150000000009 63898.450000000004 63606.250000000007 63298.700000000004 62621.200000000004 61886.200000000004 61245.650000000009 9.5000000000000018 12.500000000000002 53867.05000000001 46725.51666666667 55215.450000000004 65880.60000000002 54374.293750000004 54732.156250000007 61376.55000000001 62017.600000000006 63375.55000000001 1.5000000000000002 54975.852083333339 2.5000000000000004 54638.208333333336
decision_type=2 2 2 2 2 2 2 2 2 2 2 2 2 2 2 2 2 2 2 2 2 2 2 2 2 2 2 2 2 2
left_child=4 2 3 -2 7 -6 -7 9 -8 11 14 12 13 -1 -11 -13 -10 -18 -19 -20 21 -21 29 -24 -25 28 -27 -28 -26 -23
right_child=1 -3 -4 -5 5 6 8 -9 16 10 -12 15 -14 -15 -16 -17 17 18 19 20 -22 22 23 24 25 26 27 -29 -30 -31
leaf_value=-0.13896047650348572 -0.14399837815281086 -27.259683068380468 14.860247825754101 -16.856944987557153 22.351730636314112 18.00550299508231 16.907098099493211 -16.182704276357381 3.9533986224140722 -13.307785782814026 -33.690453844978698 2.4007792109534858 -26.493588322606584 23.533486808430066 11.705038817032523 27.054654878377917 -24.646698609265414 -19.166395975195844 24.502698861984982 -6.4137286498329864 -20.337873282740194 5.9463997946845168 18.317632170646423 -22.249921248509335 25.576647717074344 -27.600920555509369 -18.02416286468506 9.3025577706805738 -2.4257108243306482 34.461551502772743
leaf_weight=1932 1439 21 29 55 27 35 31 35 367 20 21 21 29 22 23 20 22 23 21 110 31 36 31 26 38 29 28 59 30 21
leaf_count=1932 1439 21 29 55 27 35 31 35 367 20 21 21 29 22 23 20 22 23 21 110 31 36 31 26 38 29 28 59 30 21
internal_value=-2.78975e-08 -0.826329 -0.461851 -0.759267 0.413164 2.56396 1.99438 -0.564472 1.37379 -0.302672 -11.0069 0.0358006 -0.261749 0.127567 0.0711669 14.4271 0.821578 -1.45442 -0.398042 0.540376 -0.605885 0.893359 3.59061 0.548704 -2.07433 0.77657 -6.51942 0.507751 13.2227 16.452
internal_weight=4632 1544 1523 1494 3088 965 938 2123 903 2088 64 2024 1983 1954 43 41 872 505 483 460 439 408 298 241 210 184 116 87 68 57
internal_count=4632 1544 1523 1494 3088 965 938 2123 903 2088 64 2024 1983 1954 43 41 872 505 483 460 439 408 298 241 210 184 116 87 68 57
is_linear=0
shrinkage=0.05


Tree=215
num_leaves=31
num_cat=0
split_feature=5 0 1 3 4 4 3 0 5 4 6 6 4 4 3 4 4 5 0 5 3 3 5 3 0 6 5 4 5 5
split_gain=629794 1.06279e+06 1.85887e+06 4.00456e+06 2.89606e+06 6.00385e+06 1.70879e+06 1.0258e+06 7.01953e+06 3.80259e+06 1.24344e+07 8.17643e+06 8.1273e+06 4.23768e+06 3.98328e+06 8.27429e+06 3.43966e+06 3.10781e+06 2.81728e+06 6.82074e+06 1.06146e+07 6.51209e+06 4.2087e+06 4.37024e+06 6.1714e+06 9.98397e+06 1.13001e+07 6.14598e+06 4.4852e+06 3.89497e+06
threshold=36800.05000000001 22.500000000000004 3.5000000000000004 39739.350000000013 45826.900000000009 43574.600000000013 46018.900000000009 7.5000000000000009 58467.000000000007 56844.450000000004 55141.308333333342 54457.07916666667 55990.850000000006 55317.650000000001 52990.05000000001 49995.950000000004 56094.200000000004 55432.450000000004 5.5000000000000009 50881.250000000007 44907.400000000009 51224.600000000013 53949.400000000009 50387.05000000001 4.5000000000000009 53826.354166666679 44676.80000000001 45211.400000000009 51800.950000000004 51366.750000000007
decision_type=2 2 2 2 2 2 2 2 2 2 2 2 2 2 2 2 2 2 2 2 2 2 2 2 2 2 2 2 2 2
left_child=-1 7 4 -4 5 -3 -7 8 9 12 11 -11 13 14 18 -16 -10 -14 22 20 -20 -21 23 24 29 26 -26 -28 -25 -2
right_child=1 2 3 -5 -6 6 -8 -9 16 10 -12 -13 17 -15 15 -17 -18 -19 19 21 -22 -23 -24 28 25 -27 27 -29 -30 -31
leaf_value=6.4104525716681229 -0.71763106595133574 -9.192109530680888 5.5686182657877605 -18.50134314702203 -12.336200284957886 8.3457101095290422 28.516342669441588 0.6557152226397176 -5.3147931385040286 -0.41842492294311529 -16.677901015743132 36.211790466308592 -34.959291109831433 18.239869736035665 8.1047757148742683 -31.000034535315731 -33.390677642822268 -8.0096665573120127 21.906352066040043 41.575711531866169 -19.064147674205692 7.0403644635127138 -23.162599327450707 -1.6025001635918252 23.931540826650767 26.467849249406296 0.64434574300592606 -37.171924713679722 -32.670512826102126 -19.334311965416219
leaf_weight=38 901 37 27 48 32 21 21 2891 20 25 31 39 23 30 24 31 24 20 25 21 43 39 21 26 26 55 22 21 21 29
leaf_count=38 901 37 27 48 32 21 21 2891 20 25 31 39 23 30 24 31 24 20 25 21 43 39 21 26 26 55 22 21 21 29
internal_value=2.22527e-08 -0.0530251 -3.75524 -9.83616 0.353483 5.49361 18.431 0.103194 -0.949766 -0.36193 9.31352 21.9031 -1.02896 -0.339813 -0.766932 -13.9361 -20.6289 -22.4246 -0.187488 6.84035 -4.00146 19.1277 -0.989237 -0.566312 0.0988959 10.5767 -2.09007 -17.8241 -15.484 -1.29815
internal_weight=4632 4594 186 75 111 79 42 4408 1517 1473 95 64 1378 1335 1305 55 44 43 1250 128 68 60 1122 1101 1054 124 69 43 47 930
internal_count=4632 4594 186 75 111 79 42 4408 1517 1473 95 64 1378 1335 1305 55 44 43 1250 128 68 60 1122 1101 1054 124 69 43 47 930
is_linear=0
shrinkage=0.05


Tree=216
num_leaves=31
num_cat=0
split_feature=4 0 5 5 6 5 4 3 3 0 3 6 3 4 3 5 3 0 5 3 5 4 1 6 5 6 6 6 6 3
split_gain=616885 780725 1.80753e+06 4.36252e+06 3.74615e+06 3.48453e+06 2.55027e+06 2.24661e+06 1.4555e+06 1.01138e+06 2.51616e+06 2.53466e+06 5.82126e+06 3.45043e+06 3.18513e+06 3.88904e+06 3.22242e+06 3.3767e+06 3.13068e+06 3.09728e+06 1.64907e+06 3.8908e+06 3.83298e+06 6.83282e+06 6.02633e+06 3.23787e+06 7.03791e+06 3.92636e+06 4.49796e+06 3.88873e+06
threshold=36800.05000000001 1.0000000180025095e-35 44215.950000000004 38901.450000000004 54882.92500000001 45534.700000000004 44663.000000000007 45261.450000000004 36828.05000000001 21.500000000000004 48701.500000000007 47175.958333333336 43464.600000000006 44663.000000000007 44907.400000000009 46688.100000000006 46306.250000000007 22.500000000000004 47498.000000000007 47122.000000000007 48263.650000000001 57044.950000000004 2.5000000000000004 55402.781250000007 48006.100000000006 55040.272916666676 54934.100000000006 54798.787499999999 54196.150000000009 47038.250000000007
decision_type=2 2 2 2 2 2 2 2 2 2 2 2 2 2 2 2 2 2 2 2 2 2 2 2 2 2 2 2 2 2
left_child=-1 2 3 -2 -5 6 -4 -7 -3 20 11 13 -13 -11 -14 16 -16 -18 -17 -19 21 22 23 -10 25 26 27 28 -24 -27
right_child=1 8 5 4 -6 7 -8 -9 9 10 -12 12 14 -15 15 18 17 19 -20 -21 -22 -23 24 -25 -26 29 -28 -29 -30 -31
leaf_value=6.3444143452142416 5.5589299601893281 10.874069669169765 19.039893313377135 -32.423234232266744 -4.1847096318783974 -21.135276503789996 -2.670015374819438 1.4844066122303838 4.0437883252976468 -1.3108128686384721 -14.018938176972526 26.695918382917132 -17.287968272429246 -22.872639029366631 18.606473965393871 -17.375102901458742 11.454459773952312 -21.020662191639776 4.4237980357238227 3.9482402236373342 -0.35324945944470376 23.818300590515136 -1.8921677623732458 31.430074208259583 26.628307399749758 -17.935303178267045 27.763304458964956 -18.979447252997037 11.195574022594251 7.3570620258649191
leaf_weight=38 31 31 31 24 23 21 24 23 256 55 42 21 26 28 38 40 44 23 28 27 3008 20 482 25 20 55 22 29 76 21
leaf_count=38 31 31 31 24 23 21 24 23 256 55 42 21 26 28 38 40 44 23 28 27 3008 20 482 25 20 55 22 29 76 21
internal_value=1.38193e-08 -0.0524788 -3.3086 -9.00101 -18.6044 1.17633 9.56648 -9.31135 0.0780019 0.00169594 -2.49238 -1.02536 1.51481 -8.58468 -0.825024 1.31516 6.31947 1.35238 -8.39908 -7.53745 0.232836 1.98527 1.54241 6.48029 -0.425744 -1.21564 -0.00126849 -1.04185 -0.109608 -10.9466
internal_weight=4632 4594 177 78 47 99 55 44 4417 4386 372 330 247 83 226 200 132 94 68 50 4014 1006 986 281 705 685 609 587 558 76
internal_count=4632 4594 177 78 47 99 55 44 4417 4386 372 330 247 83 226 200 132 94 68 50 4014 1006 986 281 705 685 609 587 558 76
is_linear=0
shrinkage=0.05


Tree=217
num_leaves=31
num_cat=0
split_feature=0 4 3 3 5 6 5 5 5 5 5 3 5 6 0 6 5 5 3 3 3 5 3 3 4 1 4 1 4 5
split_gain=617438 2.60602e+06 2.41484e+06 6.58615e+06 4.75103e+06 3.08333e+06 2.75298e+06 6.15502e+06 5.40141e+06 7.71672e+06 6.62382e+06 8.37298e+06 5.47371e+06 3.52215e+06 3.24208e+06 4.62596e+06 4.07608e+06 2.53968e+06 2.40275e+06 4.73238e+06 2.33998e+06 3.89952e+06 2.09587e+06 4.54976e+06 2.08705e+06 4.13209e+06 3.37632e+06 2.3388e+06 2.01906e+06 1.92788e+06
threshold=3.5000000000000004 47667.450000000004 40272.100000000013 41328.750000000007 40532.650000000001 47228.891666666677 44585.850000000013 44215.950000000004 45732.250000000007 46395.350000000013 46869.450000000004 47302.350000000013 45454.250000000007 54878.385416666679 1.0000000180025095e-35 55015.710416666669 43464.600000000006 44215.950000000004 45261.450000000004 44336.55000000001 38138.650000000001 38578.600000000006 45795.400000000001 44604.600000000006 47911.500000000007 1.5000000000000002 48758.650000000009 3.5000000000000004 41016.450000000004 42039.500000000007
decision_type=2 2 2 2 2 2 2 2 2 2 2 2 2 2 2 2 2 2 2 2 2 2 2 2 2 2 2 2 2 2
left_child=1 2 4 -4 20 -5 7 14 12 13 -11 18 22 -10 15 -7 -16 -6 19 -12 28 -22 23 -8 -3 -26 -27 -28 -1 -2
right_child=29 24 3 5 17 6 8 -9 9 10 11 -13 -14 -15 16 -17 -18 -19 -20 -21 21 -23 -24 -25 25 26 27 -29 -30 -31
leaf_value=15.024260482788087 5.0765477280931428 -21.134795864423118 26.776153305053711 -18.778667349815368 -26.466404799744488 -18.209042150324041 -12.773074231828963 28.677673926176848 3.6851523208618162 -23.458633639017744 18.838222376505534 -19.420076936664003 -34.584369134902957 30.598233377548958 24.582745097233698 11.810287257603237 -5.4412665116786956 -3.753579572439194 16.516456091403963 -13.074406583492573 -20.48727301138419 6.6424143882898186 -18.226580256507511 17.61188473267989 -24.511772555396671 11.236019807112845 2.1734227613969281 -21.154712422688803 -3.3702558370736933 -0.00097257215366959408
leaf_weight=35 197 24 25 20 32 33 28 27 20 30 21 33 20 31 26 21 20 20 56 26 27 26 21 22 21 38 22 21 26 3663
leaf_count=35 197 24 25 20 32 33 28 27 20 30 21 33 20 31 26 21 20 20 56 26 27 26 21 22 21 38 22 21 26 3663
internal_value=3.77166e-09 -1.29083 -0.00784848 1.78991 -5.20619 0.417041 1.2996 7.49402 -1.25459 3.03326 -2.19296 2.49799 -11.4795 20.0441 1.77444 -6.53486 11.5288 -17.7307 9.52029 1.18443 0.506744 -7.17837 -4.97103 0.596308 -7.86863 -4.74718 0.376976 -9.21939 7.18397 0.258165
internal_weight=4632 772 646 480 166 455 435 127 308 217 166 136 91 51 100 54 46 52 103 47 114 53 71 50 126 102 81 43 61 3860
internal_count=4632 772 646 480 166 455 435 127 308 217 166 136 91 51 100 54 46 52 103 47 114 53 71 50 126 102 81 43 61 3860
is_linear=0
shrinkage=0.05


Tree=218
num_leaves=31
num_cat=0
split_feature=0 4 1 6 6 0 6 3 1 6 4 6 6 3 3 5 5 5 1 4 4 5 4 4 4 5 3 3 0 6
split_gain=619009 3.89229e+06 2.43764e+06 1.67311e+06 2.133e+06 1.6618e+06 6.60508e+06 5.89981e+06 5.35407e+06 7.99547e+06 7.0335e+06 5.11676e+06 8.87528e+06 3.83492e+06 9.23404e+06 3.50367e+06 2.70942e+06 5.00797e+06 6.98104e+06 2.51265e+06 2.62689e+06 3.81943e+06 4.54972e+06 2.5012e+06 2.38241e+06 2.19248e+06 2.47864e+06 5.11588e+06 3.90238e+06 2.18617e+06
threshold=18.500000000000004 52233.000000000007 2.5000000000000004 55622.42291666667 55556.572916666672 19.500000000000004 55122.872916666682 52045.650000000009 2.5000000000000004 47926.833333333343 45499.700000000004 55202.758333333339 54878.385416666679 50639.80000000001 50122.850000000006 47498.000000000007 47441.150000000001 47780.500000000007 1.5000000000000002 42209.900000000009 43574.600000000013 47003.200000000004 44663.000000000007 38403.650000000001 48858.350000000013 46395.350000000013 46769.350000000006 45841.400000000009 22.500000000000004 47140.368750000009
decision_type=2 2 2 2 2 2 2 2 2 2 2 2 2 2 2 2 2 2 2 2 2 2 2 2 2 2 2 2 2 2
left_child=3 5 -3 4 -1 6 8 13 10 -10 -2 12 -9 14 16 -15 19 -18 -19 23 -21 22 -22 29 -17 26 27 -24 -28 -7
right_child=1 2 -4 -5 -6 7 -8 11 9 -11 -12 -13 -14 15 -16 24 17 18 -20 20 21 -23 25 -25 -26 -27 28 -29 -30 -31
leaf_value=0.30607490806600851 8.7285588693618781 -1.6164259552955629 -19.841793673537499 10.340320339435486 -11.760710763931275 6.1901162828717915 31.475006675720216 -19.7861200500179 -8.688351109822591 27.520561919673799 -31.419214657942458 -32.04639368790847 21.555033760070803 26.782524263858797 -27.936074803670252 15.133516971588135 29.881437785284863 -16.630902839529103 15.76225658930265 -16.505837820207372 16.598952542410956 -18.482836452030366 -5.2261628109927578 8.767886298374064 -5.9288057919206292 9.4785873875473481 -3.1587140864904293 19.456796638782208 -27.896630111694339 -16.123240769427756
leaf_weight=3589 20 32 43 41 37 21 20 37 30 31 24 26 20 24 30 25 21 29 39 34 36 31 109 103 29 33 44 26 25 23
leaf_count=3589 20 32 43 41 37 21 20 37 30 31 24 26 20 24 30 25 21 29 39 34 36 31 109 103 29 33 44 26 25 23
internal_value=2.66922e-08 -1.12675 -12.0656 0.296512 0.182944 -0.204929 5.13998 -1.07828 0.12378 9.7129 -13.1702 -13.665 -5.28045 0.453531 -0.893833 10.887 0.519525 8.53867 1.94753 -0.95203 -3.3254 -1.85127 0.0372948 4.5051 3.82227 -2.4784 -4.41262 -0.472408 -12.1217 -5.47368
internal_weight=4632 965 75 3667 3626 890 125 765 105 61 44 83 57 682 604 78 574 89 68 485 338 304 273 147 54 237 204 135 69 44
internal_count=4632 965 75 3667 3626 890 125 765 105 61 44 83 57 682 604 78 574 89 68 485 338 304 273 147 54 237 204 135 69 44
is_linear=0
shrinkage=0.05


Tree=219
num_leaves=31
num_cat=0
split_feature=0 4 5 0 5 3 3 5 5 6 3 0 4 3 5 5 5 0 5 6 6 4 6 5 4 4 6 3 0 0
split_gain=633401 5.39182e+06 1.47031e+06 2.45038e+06 3.11798e+06 2.52447e+06 5.78873e+06 3.6835e+06 3.43132e+06 2.3107e+06 3.31201e+06 2.55395e+06 2.37356e+06 3.25603e+06 2.16279e+06 1.80737e+06 1.28339e+06 4.12332e+06 4.6704e+06 4.65522e+06 8.71849e+06 6.70228e+06 4.23866e+06 4.19789e+06 5.88053e+06 6.46486e+06 8.0154e+06 1.23607e+07 9.10277e+06 5.79515e+06
threshold=20.500000000000004 49032.150000000001 46166.250000000007 22.500000000000004 39087.900000000009 46306.250000000007 45534.700000000004 38402.400000000001 44520.700000000004 55278.887500000004 50122.850000000006 21.500000000000004 45321.900000000009 47122.000000000007 47780.500000000007 47204.80000000001 52765.450000000004 4.5000000000000009 51366.750000000007 55502.541666666679 55046.441666666673 52100.700000000004 55202.758333333339 43779.700000000004 43229.05000000001 50176.750000000007 48206.133333333339 52045.650000000009 19.500000000000004 16.500000000000004
decision_type=2 2 2 2 2 2 2 2 2 2 2 2 2 2 2 2 2 2 2 2 2 2 2 2 2 2 2 2 2 2
left_child=16 2 3 4 -2 6 7 -5 -7 10 11 14 15 -14 -4 -13 17 18 -1 20 23 22 -22 -19 -25 26 -26 -28 -29 -27
right_child=1 -3 9 5 -6 8 -8 -9 -10 -11 -12 12 13 -15 -16 -17 -18 19 -20 -21 21 -23 -24 24 25 29 27 28 -30 -31
leaf_value=-0.5209190104989444 -7.7121565145604754 -20.864722790437586 14.59625880833595 10.907337702645197 9.1799040460758086 4.6934350872039792 25.203846582912263 -11.642522649331527 -21.552786902225378 8.0168363544676051 -19.914229017496112 11.061706619262695 -2.6509753680229191 -31.181788034439087 -4.9582783185518711 -8.4761851442271272 -0.59800458868308404 13.815952573998556 -22.419030433654786 -18.104003357887269 26.973438317435132 36.755150662046496 -0.76674761176109318 -17.833925399027375 2.1462213934284367 2.9880366871926203 41.611679019927976 27.665939159393311 -18.456482248720913 -9.0982026862782366
leaf_weight=935 34 34 31 27 139 20 21 55 33 36 34 20 20 20 26 29 2194 74 25 24 21 33 40 38 146 289 40 20 23 151
leaf_count=935 34 34 31 27 139 20 21 55 33 36 34 20 20 20 26 29 2194 74 25 24 21 33 40 38 146 289 40 20 23 151
internal_value=-3.43666e-08 -1.54694 -0.341797 1.76249 5.86008 -2.78162 1.78097 -4.21757 -11.6486 -3.54694 -5.8597 -2.58672 -7.87899 -16.9164 5.67665 -0.501535 0.220992 1.18757 -1.09118 3.62095 4.21684 18.6031 8.78315 2.48533 1.29938 2.38617 9.19928 21.6059 2.99581 -1.15974
internal_weight=4632 579 545 329 173 156 103 82 53 216 180 146 89 40 57 49 4053 1859 960 899 875 94 61 781 707 669 229 83 43 440
internal_count=4632 579 545 329 173 156 103 82 53 216 180 146 89 40 57 49 4053 1859 960 899 875 94 61 781 707 669 229 83 43 440
is_linear=0
shrinkage=0.05


Tree=220
num_leaves=31
num_cat=0
split_feature=6 6 6 6 5 5 0 4 6 3 0 3 5 3 3 6 1 0 6 6 6 6 0 6 0 0 3 3 3 4
split_gain=641108 3.19703e+06 3.22025e+06 7.60217e+06 4.86382e+06 1.05073e+07 3.81485e+06 3.1594e+06 5.22345e+06 4.47811e+06 3.07048e+06 4.35643e+06 3.72583e+06 5.73136e+06 2.83796e+06 2.14876e+06 1.92677e+06 5.32686e+06 5.4365e+06 4.46668e+06 4.79316e+06 6.74346e+06 6.18869e+06 4.65707e+06 5.43436e+06 2.66593e+06 8.68903e+06 3.30171e+06 8.86222e+06 8.86224e+06
threshold=54422.481250000004 52687.495833333342 53170.302083333336 53383.212500000001 56304.900000000009 59985.000000000007 6.5000000000000009 49032.150000000001 53722.86041666667 41813.500000000007 2.5000000000000004 39349.850000000013 47498.000000000007 51597.000000000007 43633.650000000001 54689.802083333336 3.5000000000000004 22.500000000000004 54487.62708333334 54569.14166666667 54710.014583333344 54660.970833333347 11.500000000000002 54798.787499999999 8.5000000000000018 6.5000000000000009 53677.350000000006 64616.80000000001 63703.500000000007 62245.400000000001
decision_type=2 2 2 2 2 2 2 2 2 2 2 2 2 2 2 2 2 2 2 2 2 2 2 2 2 2 2 2 2 2
left_child=1 -1 6 -4 7 -6 -3 8 -5 -9 11 -10 -12 -14 15 -2 25 18 -18 -20 21 22 -21 24 -22 26 -16 28 -27 -30
right_child=14 2 3 4 5 -7 -8 9 10 -11 12 -13 13 -15 16 -17 17 -19 19 20 23 -23 -24 -25 -26 27 -28 -29 29 -31
leaf_value=0.27347474062358434 19.741036897897722 -28.829950264522008 18.912582256727749 -25.872213738052935 -47.596696729660039 0.60831576127272391 -5.2213685295798564 -9.7570338249206543 2.9163975942702525 20.787026529312136 16.859530232169412 -29.689989337921148 -25.743629531860353 7.8093579128810333 -2.3383348962853829 3.2735716232886682 -20.891464099017057 -20.030745653152465 22.016005457148836 -16.817402682097065 38.132893961126157 -32.672589165823801 19.861838282709538 3.4398378043153168 4.6556955019632973 0.20164937167841457 -35.942344004511838 -5.7469014435024057 43.65270090536638 7.8672388422636352
leaf_weight=1590 32 28 36 27 20 26 44 20 21 30 33 20 20 35 504 52 22 25 34 23 22 21 23 442 27 1150 20 182 22 81
leaf_count=1590 32 28 36 27 20 26 44 20 21 30 33 20 20 35 504 52 22 25 34 23 22 21 23 442 27 1150 20 182 22 81
internal_value=1.08437e-08 -0.689864 -4.94461 -2.58014 -5.65053 -20.3504 -14.4025 -2.36804 -5.87363 8.5694 -1.68788 -12.9892 3.57749 -4.39173 0.501579 9.54689 0.209121 2.59327 3.51444 4.42141 3.34934 -9.19556 1.52222 5.06117 19.6863 -0.568556 -3.62093 0.546039 1.4601 15.5107
internal_weight=4632 1950 360 288 252 46 72 206 156 50 129 41 88 55 2682 84 2598 639 614 592 558 67 46 491 49 1959 524 1435 1253 103
internal_count=4632 1950 360 288 252 46 72 206 156 50 129 41 88 55 2682 84 2598 639 614 592 558 67 46 491 49 1959 524 1435 1253 103
is_linear=0
shrinkage=0.05


Tree=221
num_leaves=31
num_cat=0
split_feature=1 3 3 5 6 4 0 4 4 5 3 3 3 5 5 5 4 3 3 3 6 3 5 3 6 4 4 3 3 5
split_gain=638401 1.55016e+06 4.59662e+06 5.12546e+06 3.51314e+06 2.75298e+06 8.53217e+06 4.66843e+06 3.48644e+06 3.29256e+06 2.49804e+06 4.32539e+06 2.93341e+06 2.02469e+06 4.84289e+06 5.67236e+06 4.24209e+06 4.43955e+06 3.62843e+06 3.00363e+06 2.73439e+06 2.0725e+06 2.36294e+06 2.23988e+06 1.86371e+06 1.07728e+06 4.36184e+06 2.23513e+06 1.6824e+06 1.05523e+06
threshold=1.0000000180025095e-35 65550.550000000003 64877.100000000013 64360.05000000001 50820.885416666679 53316.150000000001 11.500000000000002 52710.150000000009 52100.700000000004 60095.400000000001 56786.750000000007 60500.600000000013 55802.55000000001 56090.500000000007 54351.500000000007 52141.450000000004 41718.400000000001 50040.950000000004 48110.250000000007 47260.450000000004 54196.150000000009 40008.30000000001 47498.000000000007 45623.950000000004 53170.302083333336 38115.700000000004 38901.450000000004 38138.650000000001 40008.30000000001 47003.200000000004
decision_type=2 2 2 2 2 2 2 2 2 2 2 2 2 2 2 2 2 2 2 2 2 2 2 2 2 2 2 2 2 2
left_child=1 2 3 5 -5 7 -7 8 9 10 12 24 13 14 15 16 19 18 -18 21 -21 -1 23 -23 -12 27 -27 -2 -29 -22
right_child=25 -3 -4 4 -6 6 -8 -9 -10 -11 11 -13 -14 -15 -16 -17 17 -19 -20 20 29 22 -24 -25 -26 26 -28 28 -30 -31
leaf_value=-9.5085546384687003 20.054965324401856 -10.312461468687765 23.387149135271709 0.45438205718994146 -27.660687202453616 31.213345362345379 -7.1639353479657863 -20.821133074553117 21.67972852533514 -14.168745854496956 7.8571709632873539 -8.5003647668021056 -17.880346660614016 -12.19574728012085 25.501821448586206 -22.662040577764099 9.6081838226318368 1.1100614070892334 39.726402301788333 -19.735015428066255 -8.6465491104125984 20.562544114444709 -4.8888675887009194 2.7850247775807104 26.550628751118978 -23.070929681687129 -0.2218937420622516 -10.217603919619606 10.045336151123047 7.2221747571771804
leaf_weight=23 20 27 24 20 25 30 28 23 22 32 24 21 20 24 22 23 20 40 20 32 20 37 29 34 30 21 3878 21 20 22
leaf_count=23 20 27 24 20 25 30 28 23 22 32 24 21 20 24 22 23 20 40 20 32 20 37 29 34 30 21 3878 21 20 22
internal_value=-1.61702e-08 1.42494 1.91627 1.08648 -15.1651 2.35613 12.6864 1.19946 2.22264 1.31766 2.44139 10.7544 0.737896 1.81409 2.85831 1.19778 3.17892 12.8887 24.6673 -0.764125 -8.72383 4.02464 7.13728 12.0494 18.2424 -0.241807 -0.344959 6.35142 -0.333243 -0.33436
internal_weight=4632 672 645 621 45 576 58 518 495 473 441 75 366 346 322 300 277 80 40 197 74 123 100 71 54 3960 3899 61 41 42
internal_count=4632 672 645 621 45 576 58 518 495 473 441 75 366 346 322 300 277 80 40 197 74 123 100 71 54 3960 3899 61 41 42
is_linear=0
shrinkage=0.05


Tree=222
num_leaves=31
num_cat=0
split_feature=6 6 6 6 5 4 5 0 3 4 3 3 5 3 0 3 5 1 0 6 6 6 6 0 6 0 4 3 4 4
split_gain=595264 2.9097e+06 2.84918e+06 6.67664e+06 4.60178e+06 5.44962e+06 4.69256e+06 3.46867e+06 3.44511e+06 3.50439e+06 3.97462e+06 7.35144e+06 4.5381e+06 2.55809e+06 2.0288e+06 2.42863e+06 1.80936e+06 1.74523e+06 4.8075e+06 4.90644e+06 4.03118e+06 4.32583e+06 6.08597e+06 5.58529e+06 4.20301e+06 4.90451e+06 2.6471e+06 7.13371e+06 6.97242e+06 4.44992e+06
threshold=54422.481250000004 52687.495833333342 53170.302083333336 53383.212500000001 52639.55000000001 60959.100000000006 56453.55000000001 6.5000000000000009 51793.000000000007 48438.600000000006 39349.850000000013 43779.700000000004 47498.000000000007 43633.650000000001 1.5000000000000002 42912.250000000007 58891.950000000004 3.5000000000000004 22.500000000000004 54487.62708333334 54569.14166666667 54710.014583333344 54660.970833333347 11.500000000000002 54798.787499999999 8.5000000000000018 63179.500000000007 63703.500000000007 64299.950000000004 61245.650000000009
decision_type=2 2 2 2 2 2 2 2 2 2 2 2 2 2 2 2 2 2 2 2 2 2 2 2 2 2 2 2 2 2
left_child=1 -1 7 -4 8 6 -6 -3 9 10 -5 -12 -13 14 15 -2 -9 -15 19 -19 -21 22 23 -22 25 -23 27 29 -28 -26
right_child=13 2 3 4 5 -7 -8 16 -10 -11 11 12 -14 17 -16 -17 -18 18 -20 20 21 24 -24 -25 26 -27 28 -29 -30 -31
leaf_value=0.25428889035053975 -8.5211038513183599 -27.377358668191093 17.642234400908151 5.6913586254777577 -10.428807245451829 6.4392763900756833 -39.988697387695311 4.8229565164317263 13.560414320049865 6.7107905810077986 -41.011349505469916 9.1471324615478533 -21.989727852561259 -0.53448392556844293 17.620473711114183 14.543696230933779 -15.476521809895836 -19.835795523903588 -19.018114521980287 20.926299665955938 -15.965437515922217 36.23734331997958 -31.027865200950988 18.879840805219569 1.5874501890606352 4.4340065143726495 31.589949056080414 -23.207572294164589 0.07153638905667245 20.654581081165986
leaf_weight=1590 25 28 36 29 29 20 25 23 33 48 21 25 22 1959 38 21 21 22 25 34 23 22 21 23 306 27 28 27 47 34
leaf_count=1590 25 28 36 29 29 20 25 23 33 48 21 25 22 1959 38 21 21 22 25 34 23 22 21 23 306 27 28 27 47 34
internal_value=-9.20706e-09 -0.664741 -4.72379 -2.49972 -5.37714 -15.8563 -24.1139 -13.6201 -1.02063 -4.33908 -9.80706 -16.4167 -5.42757 0.483313 9.07105 2.00848 -4.86543 0.20565 2.4747 3.34981 4.21144 3.19297 -8.72468 1.4572 4.81921 18.7131 3.27894 1.52973 11.8384 3.49416
internal_weight=4632 1950 360 288 252 74 54 72 178 145 97 68 47 2682 84 46 44 2598 639 614 592 558 67 46 491 49 442 367 75 340
internal_count=4632 1950 360 288 252 74 54 72 178 145 97 68 47 2682 84 46 44 2598 639 614 592 558 67 46 491 49 442 367 75 340
is_linear=0
shrinkage=0.05


Tree=223
num_leaves=31
num_cat=0
split_feature=5 4 0 6 5 3 0 4 3 5 4 6 5 6 3 6 6 3 3 3 6 5 5 4 4 6 5 5 0 0
split_gain=620076 5.23176e+06 5.06528e+06 3.07373e+06 1.93545e+06 4.21429e+06 4.6237e+06 8.89303e+06 7.83888e+06 3.11599e+06 3.99693e+06 3.98575e+06 3.07632e+06 3.17307e+06 1.95721e+06 1.95415e+06 4.03363e+06 1.95535e+06 4.62808e+06 2.65715e+06 2.57926e+06 2.04258e+06 1.74708e+06 8.19262e+06 1.01226e+07 8.21939e+06 7.9369e+06 5.62725e+06 4.6124e+06 4.69762e+06
threshold=61831.05000000001 65550.550000000003 15.500000000000002 50392.897916666676 61035.450000000004 64210.05000000001 9.5000000000000018 60439.100000000013 58242.55000000001 60095.400000000001 60959.100000000006 54937.983333333344 60346.100000000006 54994.568750000013 62849.600000000006 55650.777083333342 55605.431250000009 61803.05000000001 60877.200000000004 60361.05000000001 54980.795833333344 58704.900000000009 56844.450000000004 55553.450000000004 56574.55000000001 53170.302083333336 57889.350000000006 58034.250000000007 7.5000000000000009 11.500000000000002
decision_type=2 2 2 2 2 2 2 2 2 2 2 2 2 2 2 2 2 2 2 2 2 2 2 2 2 2 2 2 2 2
left_child=1 4 3 -2 9 6 8 -8 -6 14 12 -12 -11 -14 15 16 17 18 19 22 -19 -20 -1 25 -25 27 -26 -24 -28 -30
right_child=2 -3 -4 -5 5 -7 7 -9 -10 10 11 -13 13 -15 -16 -17 -18 20 21 -21 -22 -23 23 24 26 -27 28 -29 29 -31
leaf_value=-0.27309009467764656 14.328895863619719 20.404594635963441 -26.088320145383477 -1.2458629991223402 22.490362662360781 -14.127139790852866 45.987960670107888 4.1135971784591678 -17.921269403185164 -31.681729911622547 16.949584091186523 -11.284269012451173 1.8412918945838666 -23.679044632684619 13.331039319719588 -14.159438689549766 21.026517826577894 -22.518636842207478 5.7585928630828862 -15.673430783660322 2.290757350921631 28.356041603088382 23.227855162187055 -32.55058635075887 17.481108434072564 33.420791425460429 -20.962977252287025 -9.2256294474882239 11.63011308149858 -14.290494498713265
leaf_weight=3046 33 32 20 791 21 21 21 32 28 21 25 25 29 21 28 24 23 22 20 27 20 20 22 24 56 39 34 34 44 29
leaf_count=3046 33 32 20 791 21 21 21 32 28 21 25 25 29 21 28 24 23 22 20 27 20 20 22 24 56 39 34 34 44 29
internal_value=-2.38006e-09 0.27307 -1.22558 -0.622117 0.101556 6.27004 10.4695 20.7053 -0.601999 -0.107286 -7.99625 2.83266 -15.6222 -8.87725 0.164515 0.0586986 0.157321 0.0176673 0.150314 -0.0512594 -10.7046 17.0573 0.075483 3.84057 -2.23376 15.7974 2.23007 3.52395 -5.75178 1.33289
internal_weight=4632 3788 844 824 3756 123 102 53 49 3633 121 50 71 50 3512 3484 3460 3437 3395 3355 42 40 3328 282 187 95 163 56 107 73
internal_count=4632 3788 844 824 3756 123 102 53 49 3633 121 50 71 50 3512 3484 3460 3437 3395 3355 42 40 3328 282 187 95 163 56 107 73
is_linear=0
shrinkage=0.05


Tree=224
num_leaves=31
num_cat=0
split_feature=1 3 6 6 6 6 4 5 4 6 6 3 5 3 5 5 3 6 5 5 5 0 5 0 4 0 5 0 0 5
split_gain=592943 2.65576e+06 2.49052e+06 2.93952e+06 2.53611e+06 3.8068e+06 5.15736e+06 2.93835e+06 4.72339e+06 3.33275e+06 3.06657e+06 5.43593e+06 2.99605e+06 2.82828e+06 2.47092e+06 2.27289e+06 5.00995e+06 2.92826e+06 1.99473e+06 1.80637e+06 8.30783e+06 2.50529e+06 7.95563e+06 4.22857e+06 4.41634e+06 4.13142e+06 5.85508e+06 5.48323e+06 3.81396e+06 1.1193e+07
threshold=4.5000000000000009 56886.000000000007 54624.531250000007 54196.150000000009 52793.006250000006 53170.302083333336 48438.600000000006 54775.55000000001 63179.500000000007 52468.264583333337 51595.854166666672 49767.55000000001 55234.600000000013 54460.30000000001 42718.150000000001 55983.750000000007 54069.05000000001 50288.73750000001 42718.150000000001 53949.400000000009 53475.80000000001 16.500000000000004 48600.55000000001 17.500000000000004 54393.80000000001 18.500000000000004 44336.55000000001 19.500000000000004 7.5000000000000009 50328.900000000009
decision_type=2 2 2 2 2 2 2 2 2 2 2 2 2 2 2 2 2 2 2 2 2 2 2 2 2 2 2 2 2 2
left_child=18 2 3 4 7 -6 -7 8 9 10 19 -12 -9 -10 -8 16 -14 -17 -1 20 21 28 23 -23 25 -25 27 -27 -2 -30
right_child=1 -3 -4 -5 5 6 14 12 13 -11 11 -13 15 -15 -16 17 -18 -19 -20 -21 -22 22 -24 24 -26 26 -28 -29 29 -31
leaf_value=14.719548090298971 -0.76773664419140131 -18.122856851057573 -14.605949131135018 14.945646618258568 -24.149514819957592 -16.482198343778911 21.02720939999535 -22.578401056289675 6.7831274844504694 17.458829987490621 0.2443102331722484 -32.606751365661623 -13.163955545425416 30.120551118850713 -1.6614504541669572 -17.673713229252741 20.719868119557702 5.8579875183105479 0.25230119142617913 10.349770474988361 -26.928117483641422 20.504180773099264 -24.133063398825158 17.654601620089622 -22.364545987999961 25.562785738990421 -21.016634343652164 -1.2051757903275795 36.338299535935924 3.237827156987684
leaf_weight=24 224 22 31 31 27 38 21 25 37 27 34 20 20 20 28 39 24 20 3288 43 28 24 37 31 23 21 34 215 31 145
leaf_count=24 224 22 31 31 27 38 21 25 37 27 34 20 20 20 28 39 24 20 3288 43 28 24 37 31 23 21 34 215 31 145
internal_value=3.69525e-08 -0.896087 -0.604108 -0.261522 -0.642931 -7.74833 -2.65831 0.0790076 0.997207 0.147105 -0.36654 -11.9227 -7.05139 14.9717 8.06226 -3.28269 5.31813 -9.69687 0.357136 0.362473 -0.16576 0.788821 -2.09032 0.2533 -1.24676 0.366886 -1.618 1.17672 3.56 9.06802
internal_weight=4632 1320 1298 1267 1236 114 87 1122 994 937 910 54 128 57 49 103 44 59 3312 856 813 785 385 348 324 301 270 236 400 176
internal_count=4632 1320 1298 1267 1236 114 87 1122 994 937 910 54 128 57 49 103 44 59 3312 856 813 785 385 348 324 301 270 236 400 176
is_linear=0
shrinkage=0.05


Tree=225
num_leaves=31
num_cat=0
split_feature=4 4 4 4 3 4 5 0 6 5 5 5 4 5 5 4 6 6 5 0 4 4 5 6 4 5 5 4 4 3
split_gain=608634 1.59839e+06 1.07575e+06 3.98125e+06 4.12322e+06 3.71973e+06 3.7403e+06 4.02498e+06 3.67208e+06 2.89973e+06 3.51261e+06 3.04804e+06 2.10345e+06 2.58584e+06 2.0357e+06 1.89888e+06 2.87712e+06 6.21994e+06 4.21023e+06 2.51096e+06 2.37498e+06 5.88393e+06 5.92785e+06 4.48687e+06 4.42277e+06 3.79649e+06 9.73048e+06 2.21711e+06 2.26364e+06 4.9902e+06
threshold=66923.85000000002 66397.400000000009 64511.950000000004 64929.350000000013 64877.100000000013 64095.200000000004 65319.100000000013 12.500000000000002 54994.568750000013 63898.450000000004 64707.450000000004 62621.200000000004 63854.650000000009 63814.450000000004 56844.450000000004 63179.500000000007 55179.381250000006 54807.839583333334 55983.750000000007 11.500000000000002 62077.350000000013 61426.900000000009 62877.250000000007 55122.872916666682 62245.400000000001 64707.450000000004 63994.850000000006 60588.650000000001 60060.750000000007 61370.250000000007
decision_type=2 2 2 2 2 2 2 2 2 2 2 2 2 2 2 2 2 2 2 2 2 2 2 2 2 2 2 2 2 2
left_child=1 2 5 4 8 12 7 -7 -4 11 -11 14 15 -14 -5 20 17 18 -17 -19 21 27 23 -23 -22 26 -26 28 -1 -30
right_child=-2 -3 3 9 -6 6 -8 -9 -10 10 -12 -13 13 -15 -16 16 -18 19 -20 -21 24 22 -24 -25 25 -27 -28 -29 29 -31
leaf_value=-0.09610998586039457 -6.4759368578592946 10.544998813337751 -13.41564463498641 11.118447287186333 -31.660823326110844 6.9836357053120937 -6.3365662483941945 35.524485342843192 11.574432273138138 -20.582639386103708 2.1542406899588449 19.095344815935409 -19.267541134742 2.85948688050975 -8.8004848611765905 17.669174944758417 -7.382120005289714 13.022473135448639 -11.088608371189663 37.777133438587192 -21.198874587482877 10.682634886988888 -7.6408570026529254 36.303183975219724 -4.336208860892949 -18.570530716304123 30.378865687052411 -6.6646908790346178 -1.6413042371923272 25.360321991784232
leaf_weight=3534 36 36 49 23 20 30 21 21 21 26 49 35 31 23 29 20 30 21 35 20 36 54 29 25 127 29 24 126 44 28
leaf_count=3534 36 36 49 23 20 30 21 21 21 26 49 35 31 23 29 20 30 21 35 20 36 54 29 25 127 29 24 126 44 28
internal_value=4.10458e-09 0.0507254 -0.0321242 -3.20739 -11.6391 0.153616 11.423 18.7358 -5.91862 1.47689 -5.72788 7.6879 -0.0379316 -9.84307 0.00981205 0.0886771 6.1336 10.3573 -0.631233 25.0979 -0.0991089 0.187845 11.6931 18.7904 -5.20051 -2.00084 1.18142 -0.145105 0.0827008 8.85933
internal_weight=4632 4596 4560 252 90 4308 72 51 70 162 75 87 4236 54 52 4182 126 96 55 41 4056 3840 108 79 216 180 151 3732 3606 72
internal_count=4632 4596 4560 252 90 4308 72 51 70 162 75 87 4236 54 52 4182 126 96 55 41 4056 3840 108 79 216 180 151 3732 3606 72
is_linear=0
shrinkage=0.05


Tree=226
num_leaves=31
num_cat=0
split_feature=5 5 6 6 5 5 6 4 3 0 6 0 6 6 5 5 0 4 4 5 5 0 4 6 6 1 1 1 1 6
split_gain=609352 1.11147e+06 1.05474e+06 3.64377e+06 3.54258e+06 3.45784e+06 3.82083e+06 2.95864e+06 4.45755e+06 2.9334e+06 3.11062e+06 2.33212e+06 2.57347e+06 1.89745e+06 1.80841e+06 1.79691e+06 1.79249e+06 1.27316e+06 3.19202e+06 1.14692e+06 1.7897e+06 970519 4.20866e+06 2.19571e+06 1.60435e+06 2.8928e+06 2.65425e+06 2.43898e+06 5.50973e+06 8.7291e+06
threshold=36800.05000000001 37663.700000000004 46736.439583333333 46699.48958333335 44982.250000000007 39349.850000000013 46776.491666666676 55635.350000000006 53948.80000000001 1.5000000000000002 46645.493750000016 15.500000000000002 46567.816666666673 46808.356250000004 38578.600000000006 42907.900000000009 9.5000000000000018 45782.750000000007 41237.950000000004 39752.250000000007 40272.100000000013 20.500000000000004 48438.600000000006 55030.683333333342 55278.887500000004 1.5000000000000002 3.5000000000000004 1.5000000000000002 2.5000000000000004 54970.822916666679
decision_type=2 2 2 2 2 2 2 2 2 2 2 2 2 2 2 2 2 2 2 2 2 2 2 2 2 2 2 2 2 2
left_child=-1 -2 3 7 -5 14 -7 8 9 -3 11 16 15 -8 -4 -13 17 18 -11 -15 -21 -22 24 -24 27 -26 -27 -23 29 -29
right_child=1 2 5 4 -6 6 13 -9 -10 10 -12 12 -14 19 -16 -17 -18 -19 -20 20 21 22 23 -25 25 26 -28 28 -30 -31
leaf_value=6.3055572007831779 -8.5679044685865708 -15.371015410953099 4.5567167781648186 -31.233822383880614 -4.7139052783741668 17.003252042423593 -12.019713234991739 17.196401804143733 -19.754963524110856 -7.6628439198369565 14.939261671213004 7.8554362684488304 -17.339966722095713 -10.252126351109258 20.790672433787378 -10.24323663711548 16.748703102443528 -5.7034077473175842 17.279748482539738 13.995099527939509 0.28537272386305745 3.0928698483219854 -26.334267059326177 -5.3785558471679691 -9.9002177420116624 20.048935272296273 -2.3185749008542014 -1.1730609820439266 -0.7532440207153559 -44.514902335121519
leaf_weight=38 38 27 42 20 34 33 33 22 31 23 39 32 34 27 29 24 23 39 29 23 3542 135 25 25 21 36 21 26 140 21
leaf_count=38 38 27 42 20 34 33 33 22 31 23 39 32 34 27 29 24 23 39 29 23 3542 135 25 25 21 36 21 26 140 21
internal_value=-1.09695e-08 -0.0521574 0.0188694 -2.51402 -14.5361 0.247369 0.0582873 -0.50414 -1.79787 0.263873 2.00108 -0.472392 -6.48914 -0.0789358 11.1875 0.0988622 4.27767 1.12565 6.24745 0.018552 0.0876201 0.00749183 -2.17974 -15.8564 -0.470156 5.96368 11.8083 -2.02866 -5.72603 -20.5386
internal_weight=4632 4594 4556 377 54 4179 4108 323 301 270 243 204 90 4075 71 56 114 91 52 4042 4015 3992 450 50 400 78 57 322 187 47
internal_count=4632 4594 4556 377 54 4179 4108 323 301 270 243 204 90 4075 71 56 114 91 52 4042 4015 3992 450 50 400 78 57 322 187 47
is_linear=0
shrinkage=0.05


Tree=227
num_leaves=31
num_cat=0
split_feature=5 6 0 6 0 4 4 4 6 5 5 3 0 4 5 0 4 6 0 3 3 4 6 6 4 3 4 4 3 4
split_gain=617390 3.10166e+06 8.98628e+06 5.47607e+06 3.01184e+06 7.1058e+06 6.93559e+06 5.36329e+06 3.47535e+06 2.69909e+06 6.7952e+06 4.95118e+06 7.17891e+06 2.56689e+06 2.30774e+06 2.38038e+06 2.14422e+06 8.45481e+06 2.09622e+06 5.61676e+06 3.94684e+06 1.2338e+07 5.17109e+06 3.92293e+06 4.86435e+06 6.10125e+06 4.06829e+06 4.07917e+06 4.74048e+06 3.40288e+06
threshold=52765.450000000004 48986.137500000004 8.5000000000000018 48637.70416666667 18.500000000000004 47095.450000000004 47911.500000000007 48946.150000000001 54761.802083333343 53877.600000000013 53361.250000000007 54865.900000000009 12.500000000000002 54797.200000000004 52514.250000000007 14.500000000000002 60846.700000000004 49741.968750000007 6.5000000000000009 53677.350000000006 54666.850000000006 58977.55000000001 51094.72083333334 49892.777083333342 52710.150000000009 59813.450000000004 53126.55000000001 53890.400000000009 63129.150000000009 51477.200000000004
decision_type=2 2 2 2 2 2 2 2 2 2 2 2 2 2 2 2 2 2 2 2 2 2 2 2 2 2 2 2 2 2
left_child=14 2 3 -2 5 -3 -7 -8 -6 10 -4 12 13 -11 16 -16 -1 -18 19 -9 21 -20 -23 -22 25 -25 -26 28 -28 -27
right_child=1 4 9 -5 8 6 7 18 -10 11 -12 -13 -14 -15 15 -17 17 -19 20 -21 23 22 -24 24 26 29 27 -29 -30 -31
leaf_value=0.1152747141308669 -45.157951320920674 27.343941450119019 3.6888083920334327 -9.0494033450172058 -26.973091090809216 -29.322206497192383 22.82948014185979 -1.5487378715499629 -0.98854664218041199 16.799449733587412 -33.246112747192385 18.60841612286038 -29.491348056793214 -6.4063385876742274 19.473100131750108 -1.8919375679709696 -10.919945094698953 33.947085898263111 33.725106848610771 -28.468594716942832 -14.325989596048991 10.513175056989377 -12.245074952145417 30.349583224592539 -19.737654493693952 -9.1249519409671915 32.818015403747559 -0.60649225352644232 -1.1952597845168342 14.497067225575448
leaf_weight=2342 21 24 33 21 22 20 26 123 31 26 20 36 20 22 32 22 21 21 36 23 48 52 48 29 27 31 20 1384 21 30
leaf_count=2342 21 24 33 21 22 20 26 123 31 26 20 36 20 22 32 22 21 21 36 23 48 52 48 29 27 31 20 1384 21 30
internal_value=-2.41403e-08 -0.608505 -6.56092 -27.1037 -0.014755 0.306188 -0.0321366 0.276505 -11.7746 -1.06541 -10.2489 3.61464 -4.32325 6.16346 0.547605 10.7688 0.316084 11.5136 -0.0367309 -5.78954 0.449891 8.62519 -0.410785 -0.249379 0.188803 11.4686 -0.51036 -0.146053 15.3966 2.49243
internal_weight=4632 2194 199 42 1995 1942 1918 1898 53 157 53 104 68 48 2438 54 2384 42 1872 146 1726 136 100 1590 1542 90 1452 1425 41 61
internal_count=4632 2194 199 42 1995 1942 1918 1898 53 157 53 104 68 48 2438 54 2384 42 1872 146 1726 136 100 1590 1542 90 1452 1425 41 61
is_linear=0
shrinkage=0.05


Tree=228
num_leaves=31
num_cat=0
split_feature=0 5 3 1 5 4 5 6 6 3 4 3 0 4 4 6 6 6 4 6 5 3 0 5 5 6 5 5 3 6
split_gain=571285 4.5202e+06 4.83757e+06 5.59551e+06 5.5677e+06 3.80272e+06 3.31554e+06 2.55608e+06 1.89952e+06 1.75243e+06 2.61733e+06 7.72406e+06 3.91225e+06 4.6693e+06 3.67651e+06 3.55087e+06 4.83339e+06 2.81431e+06 2.79398e+06 2.63591e+06 2.69036e+06 2.44826e+06 4.21173e+06 3.76675e+06 2.56496e+06 1.78132e+06 1.62643e+06 4.87481e+06 3.68507e+06 5.9351e+06
threshold=5.5000000000000009 51366.750000000007 49959.100000000006 2.5000000000000004 52432.900000000009 51386.900000000009 50554.450000000004 46486.364583333336 46555.875000000007 49358.100000000006 48946.150000000001 47683.350000000006 2.5000000000000004 48438.600000000006 47667.450000000004 46699.48958333335 54844.45416666667 46711.437500000007 47023.650000000009 47573.039583333346 43102.30000000001 44423.650000000001 3.5000000000000004 44676.80000000001 42276.650000000009 55133.202083333337 44585.850000000013 44215.950000000004 46454.350000000013 55015.710416666669
decision_type=2 2 2 2 2 2 2 2 2 2 2 2 2 2 2 2 2 2 2 2 2 2 2 2 2 2 2 2 2 2
left_child=1 6 4 -4 -3 -6 7 -1 -9 10 12 21 14 15 17 -14 18 -10 19 20 -17 23 -23 24 -12 -18 27 -19 -28 -30
right_child=-2 2 3 -5 5 -7 -8 8 9 -11 11 -13 13 -15 -16 16 25 26 -20 -21 -22 22 -24 -25 -26 -27 28 -29 29 -31
leaf_value=-15.260485172271729 0.32059109227267507 12.136381477744957 -6.5386852724798805 -39.176663382848105 -26.335099983215333 2.6646807479858401 14.876220130920411 14.588090645183218 -15.886256066684068 10.387903788283065 -11.273000946044924 -29.978173176995639 23.142063831147695 28.584223179590136 -17.974330092921402 4.111558952331543 23.284590770580152 0.30523763516897801 -16.365565454598631 8.4426439538293945 -21.822786679267885 -5.786438296391414 24.319551346326868 -24.104206119884147 13.746431936536517 3.8681255510875157 0.28664261576247546 21.721392403879477 1.8535330200195312 -33.340650458957839
leaf_weight=28 3474 38 29 24 26 20 37 22 29 37 20 29 21 21 33 20 27 186 33 49 20 26 21 22 21 21 219 31 25 23
leaf_count=28 3474 38 29 24 26 20 37 22 29 37 20 29 21 21 33 20 27 186 33 49 20 26 21 22 21 21 219 31 25 23
internal_value=-1.26947e-08 -0.961773 -9.48977 -21.3181 -2.02662 -13.7265 0.182532 -0.369975 0.0661488 -0.27591 -0.715777 -7.02289 0.440804 6.20551 -1.79751 3.74502 1.34892 -0.756893 -3.93933 0.668146 -8.85561 -0.971039 7.66517 -7.41393 1.54183 14.7899 0.149619 3.36469 -2.46338 -15.0103
internal_weight=4632 1158 137 53 84 46 1021 984 956 934 897 139 758 212 546 191 170 513 122 89 40 110 47 63 41 48 484 217 267 48
internal_count=4632 1158 137 53 84 46 1021 984 956 934 897 139 758 212 546 191 170 513 122 89 40 110 47 63 41 48 484 217 267 48
is_linear=0
shrinkage=0.05


Tree=229
num_leaves=31
num_cat=0
split_feature=5 3 3 6 4 3 4 3 6 5 5 6 4 5 0 6 4 6 3 6 6 3 4 5 4 6 5 6 6 0
split_gain=591495 1.92169e+06 6.21998e+06 2.09943e+06 1.80573e+06 2.13682e+06 4.11478e+06 1.98138e+06 3.94716e+06 5.7922e+06 3.67398e+06 3.39862e+06 3.21008e+06 5.13364e+06 2.90542e+06 1.54293e+06 1.42706e+06 1.99859e+06 1.23413e+06 1.18687e+06 9.04971e+06 1.57359e+07 4.57264e+06 3.38092e+06 6.02899e+06 3.94282e+06 3.24244e+06 2.56639e+06 5.77463e+06 4.70742e+06
threshold=42039.500000000007 41564.05000000001 40550.250000000007 46867.40833333334 48946.150000000001 44077.450000000004 47246.400000000001 38911.450000000004 46958.750000000007 39087.900000000009 40532.650000000001 46675.404166666682 43403.450000000004 38097.55000000001 21.500000000000004 54670.716666666674 41237.950000000004 53826.354166666679 42321.250000000007 46958.750000000007 47098.847916666673 50205.150000000009 43846.900000000009 53361.250000000007 54088.05000000001 46627.741666666676 54674.850000000006 46776.491666666676 46645.493750000016 8.5000000000000018
decision_type=2 2 2 2 2 2 2 2 2 2 2 2 2 2 2 2 2 2 2 2 2 2 2 2 2 2 2 2 2 2
left_child=4 2 3 -2 5 6 7 10 9 14 12 -11 13 -1 -9 -7 -10 -18 -3 22 21 -21 -20 27 26 -26 -25 28 -24 -30
right_child=1 18 -4 -5 -6 15 -8 8 16 11 -12 -13 -14 -15 -16 -17 17 -19 19 20 -22 -23 23 24 25 -27 -28 -29 29 -31
leaf_value=23.436969086219527 11.645962333679201 9.9103521716210157 -32.002536182403567 -7.3420185140661296 -9.2502209270701687 -17.986151156425475 20.831265085393735 -11.287743427135327 -13.169169013977053 11.380413528724954 -22.194293065071108 36.964582183837891 -11.313448660714286 -3.6598852504383439 10.983454823493958 1.6539147186279299 13.088956269763765 -7.6499023969356834 -22.637432554033069 -9.4706856679916385 -0.10522804675735629 51.170960977803105 -2.2000646314620975 -38.206480274200445 15.230453929194699 -10.904670986052484 -9.7352702379226699 -6.1565857129938468 -2.6921209426153276 25.977223844528197
leaf_weight=29 24 31 20 37 34 20 33 27 25 27 20 25 35 44 32 20 21 26 27 20 3700 23 100 20 27 31 20 68 21 45
leaf_count=29 24 31 20 37 34 20 33 27 25 27 20 25 35 44 32 20 21 26 27 20 3700 23 100 20 27 31 20 68 21 45
internal_value=-1.72781e-08 -0.177952 -7.80497 0.128662 1.79399 2.77187 4.04372 2.26241 5.60016 11.5143 -2.50953 23.6805 1.1358 7.10462 0.791551 -8.16612 -3.51748 1.6164 -0.0284748 -0.103585 0.159812 22.9655 -2.84981 -1.24058 -9.03732 1.26168 -23.9709 2.02473 5.37611 16.8552
internal_weight=4632 4214 81 61 418 384 344 311 183 111 128 52 108 73 59 40 72 47 4133 4102 3743 43 359 332 98 58 40 234 166 66
internal_count=4632 4214 81 61 418 384 344 311 183 111 128 52 108 73 59 40 72 47 4133 4102 3743 43 359 332 98 58 40 234 166 66
is_linear=0
shrinkage=0.05


Tree=230
num_leaves=31
num_cat=0
split_feature=0 5 4 4 5 4 6 4 0 5 3 3 5 4 5 5 5 6 6 6 6 6 6 6 3 3 3 6 6 6
split_gain=578582 4.8017e+06 2.43059e+06 9.90848e+06 6.38662e+06 4.24058e+06 3.59533e+06 2.53477e+06 2.07569e+06 3.58048e+06 3.39917e+06 3.25497e+06 2.91741e+06 5.57674e+06 2.97434e+06 7.47937e+06 7.13357e+06 2.88094e+06 6.31534e+06 5.79035e+06 3.46919e+06 3.97348e+06 5.98018e+06 2.92986e+06 3.66785e+06 5.72869e+06 5.67042e+06 3.15796e+06 8.08608e+06 4.33719e+06
threshold=15.500000000000002 61730.100000000013 59176.450000000004 59625.900000000009 58467.000000000007 58752.05000000001 54755.381250000013 60588.650000000001 10.500000000000002 52342.900000000009 63513.350000000006 52990.05000000001 63898.450000000004 63606.250000000007 63298.700000000004 62539.700000000004 62284.650000000001 55402.781250000007 55441.72083333334 55367.991666666676 55328.183333333342 55230.910416666673 55202.758333333339 55154.089583333342 58019.700000000004 58694.350000000013 57273.05000000001 54989.702083333344 54970.822916666679 55015.710416666669
decision_type=2 2 2 2 2 2 2 2 2 2 2 2 2 2 2 2 2 2 2 2 2 2 2 2 2 2 2 2 2 2
left_child=8 2 5 -4 6 -2 -5 -6 10 -10 12 -11 14 -14 15 16 17 19 -19 20 21 22 23 24 26 -26 27 28 -1 -29
right_child=1 -3 3 4 7 -7 -8 -9 9 11 -12 -13 13 -15 -16 -17 -18 18 -20 -21 -22 -23 -24 -25 25 -27 -28 29 -30 -31
leaf_value=-0.088005083853769858 -0.22139711473834961 -24.535938605808077 -38.50331442696708 -1.8258622312545776 -1.5517993450164795 22.967185964584353 27.160561702562418 -23.849908172607424 20.269213429203742 16.761873910086496 -15.931836155482703 1.2213036780440532 -0.41575929065083356 -31.850235157921205 13.442513130932321 -23.071837594168528 29.95612606048584 26.022421518961593 0.70045763082111012 -21.330531449751422 14.95759128364357 -10.92879470408648 23.373203701443146 -13.230497364665187 -27.588042532602948 -1.2368167465383357 25.246810481859292 25.804530349731451 -29.387042951583865 3.309970804214478
leaf_weight=1253 1388 21 21 20 26 20 23 25 27 35 35 903 43 21 41 35 20 33 97 33 37 87 27 43 30 66 23 25 24 150
leaf_count=1253 1388 21 21 20 26 20 23 25 27 35 35 903 43 21 41 35 20 33 97 33 37 87 27 43 30 66 23 25 24 150
internal_value=-1.91906e-08 -0.790284 -0.462865 -7.45207 -0.515094 0.107986 13.6785 -12.4822 0.395142 2.3179 -0.478838 1.80118 -0.219808 -10.7302 0.112536 -0.163071 0.248534 -0.0596356 7.12834 -0.579345 -0.191362 -0.515732 0.0363315 -0.354062 -0.00162003 -9.47157 0.61473 0.224552 -0.638653 6.52348
internal_weight=4632 1544 1523 115 94 1408 43 51 3088 965 2123 938 2088 64 2024 1983 1948 1928 130 1798 1765 1728 1641 1614 1571 96 1475 1452 1277 175
internal_count=4632 1544 1523 115 94 1408 43 51 3088 965 2123 938 2088 64 2024 1983 1948 1928 130 1798 1765 1728 1641 1614 1571 96 1475 1452 1277 175
is_linear=0
shrinkage=0.05


Tree=231
num_leaves=31
num_cat=0
split_feature=1 3 5 4 5 5 5 1 5 5 3 4 3 4 5 5 0 0 3 6 6 5 4 0 3 4 6 5 3 6
split_gain=611225 2.4531e+06 2.38515e+06 4.76749e+06 4.22655e+06 3.63029e+06 2.76424e+06 2.50169e+06 4.53598e+06 2.46245e+06 2.30391e+06 2.23618e+06 4.43664e+06 2.21837e+06 1.42882e+07 5.77401e+06 9.51944e+06 3.89332e+06 3.0503e+06 2.18712e+06 2.79872e+06 2.33799e+06 5.30646e+06 5.52183e+06 3.35008e+06 3.26662e+06 2.67571e+06 2.04375e+06 4.41844e+06 2.70719e+06
threshold=4.5000000000000009 56886.000000000007 54775.55000000001 60846.700000000004 51707.600000000006 53475.80000000001 55234.600000000013 5.5000000000000009 51366.750000000007 54074.500000000007 53475.80000000001 54088.05000000001 53948.80000000001 53316.150000000001 44336.55000000001 48377.80000000001 17.500000000000004 6.5000000000000009 49863.650000000009 54624.531250000007 54196.150000000009 39752.250000000007 47023.650000000009 20.500000000000004 42730.000000000007 45908.700000000004 47460.389583333344 55983.750000000007 54069.05000000001 50288.73750000001
decision_type=2 2 2 2 2 2 2 2 2 2 2 2 2 2 2 2 2 2 2 2 2 2 2 2 2 2 2 2 2 2
left_child=-1 2 3 7 -5 10 -4 8 13 -7 -6 12 -9 14 19 16 17 -15 -17 20 21 25 -23 24 -24 -2 -27 28 -8 -29
right_child=1 -3 6 4 5 9 27 11 -10 -11 -12 -13 -14 15 -16 18 -18 -19 -20 -21 -22 22 23 -25 -26 26 -28 29 -30 -31
leaf_value=0.36260021321682467 -21.244902456960371 -17.466232074390756 -22.023472887277606 30.63799908876419 7.1078056869506838 28.250640097118563 -12.69025541305542 1.3043393204976055 -24.470378463745121 4.5692711793858072 -14.150631068303035 10.955828072889796 -18.172065731786912 13.018259846369427 -38.413657773774247 2.0494929307891474 -9.2849111665998176 41.088403311229889 -19.957251346111299 -13.801179147535755 14.311688035534274 23.988885033648948 -6.8503224140888932 -24.74298307245428 14.426753259349514 13.352296562194823 -12.2015802582105 -17.241381916633021 19.13047169049581 5.384628982543946
leaf_weight=3312 31 22 25 20 25 21 20 515 25 23 26 53 31 30 29 31 35 21 32 31 31 23 37 22 37 20 21 39 24 20
leaf_count=3312 31 22 25 20 25 21 20 515 25 23 26 53 31 30 29 31 35 21 32 31 31 23 37 22 37 20 21 39 24 20
internal_value=3.46764e-08 -0.909797 -0.629179 0.0797498 9.74692 5.34879 -7.10923 -0.974017 -3.76458 15.8717 -3.72983 1.15035 0.198536 -2.56355 -5.171 2.37137 10.7957 24.5766 -9.12854 -1.36058 0.376621 -1.88509 2.41787 -2.75018 3.78822 -8.99693 0.263726 -3.48927 4.6665 -9.57155
internal_weight=4632 1320 1298 1170 115 95 128 1055 456 44 51 599 546 431 282 149 86 51 63 253 222 191 119 96 74 72 41 103 44 59
internal_count=4632 1320 1298 1170 115 95 128 1055 456 44 51 599 546 431 282 149 86 51 63 253 222 191 119 96 74 72 41 103 44 59
is_linear=0
shrinkage=0.05


Tree=232
num_leaves=31
num_cat=0
split_feature=5 5 0 5 6 5 6 1 4 4 4 3 4 4 6 6 6 6 3 4 4 1 4 3 5 1 4 3 3 4
split_gain=594611 4.49217e+06 5.50654e+06 2.40181e+06 3.27902e+06 1.92982e+06 4.65208e+06 3.90103e+06 2.99549e+06 6.58431e+06 4.18267e+06 3.32377e+06 1.9073e+06 1.61654e+06 4.5627e+06 8.63879e+06 4.21343e+06 5.70501e+06 6.02471e+06 3.2906e+06 3.13903e+06 4.47945e+06 3.90517e+06 4.31476e+06 5.59438e+06 4.96754e+06 5.86626e+06 3.95316e+06 6.46734e+06 4.75265e+06
threshold=47131.450000000004 46869.450000000004 16.500000000000004 47308.850000000013 54893.762500000004 46459.400000000001 52092.193749999999 2.5000000000000004 53316.150000000001 55110.950000000004 52100.700000000004 50387.05000000001 39066.30000000001 44663.000000000007 54989.702083333344 55292.802083333336 54844.45416666667 54732.156250000007 46769.350000000006 44289.000000000007 45585.250000000007 2.5000000000000004 46653.450000000004 39739.350000000013 43938.30000000001 3.5000000000000004 46202.900000000001 48483.150000000009 47038.250000000007 47846.500000000007
decision_type=2 2 2 2 2 2 2 2 2 2 2 2 2 2 2 2 2 2 2 2 2 2 2 2 2 2 2 2 2 2
left_child=1 5 -3 4 -2 8 -7 -8 10 -10 11 13 -5 14 16 -16 17 18 19 -1 21 -15 23 -22 -25 26 -26 28 29 -24
right_child=3 2 -4 12 -6 6 7 -9 9 -11 -12 -13 -14 20 15 -17 -18 -19 -20 -21 22 -23 27 24 25 -27 -28 -29 -30 -31
leaf_value=0.87278534294423948 -0.6002095639705658 27.659324361997495 -0.03841087943629215 -14.856545355103234 -25.67588433352384 10.979171547522911 -0.95983926574389145 -25.696976852416995 34.475203685760498 -6.0966757774353031 -19.957753402709962 19.964329529892314 -0.084541894738390883 3.1114144825583532 29.690266159253241 -7.1018002651355889 -18.226343257086619 24.967437286376953 -20.81908667779738 20.040493869781496 27.573560909791428 -15.390066631730782 -9.2926645867964801 -9.4335992212295547 -14.212756809234619 30.361408592224123 19.399715169270834 18.503999879360201 -24.226313506232369 5.4155686979534252
leaf_weight=334 32 34 38 22 22 26 30 34 20 20 25 22 3236 54 39 27 28 25 31 24 22 83 102 50 25 25 27 20 36 119
leaf_count=334 32 34 38 22 22 26 30 34 20 20 25 22 3236 54 39 27 28 25 31 24 22 83 102 50 25 25 27 20 36 119
internal_value=-5.95713e-08 0.897347 13.0411 -0.357638 -10.8162 0.196747 -6.85593 -14.1014 0.744883 14.1893 0.263867 0.726393 -0.184291 0.331216 2.3762 14.639 0.54511 1.81468 0.326711 2.15777 -1.51399 -8.09751 0.603241 7.13052 3.5892 12.0456 3.23987 -2.90782 -4.57411 -1.37285
internal_weight=4632 1320 72 3312 54 1248 90 64 1158 40 1118 1093 3258 1071 508 66 442 414 389 358 563 137 426 149 127 77 52 277 257 221
internal_count=4632 1320 72 3312 54 1248 90 64 1158 40 1118 1093 3258 1071 508 66 442 414 389 358 563 137 426 149 127 77 52 277 257 221
is_linear=0
shrinkage=0.05


Tree=233
num_leaves=31
num_cat=0
split_feature=5 5 6 6 5 5 6 4 3 0 6 0 6 5 0 6 6 5 5 6 5 5 3 5 5 4 4 6 4 4
split_gain=591496 1.1096e+06 1.01449e+06 3.42541e+06 3.25529e+06 3.12704e+06 3.31841e+06 2.42599e+06 3.81051e+06 2.49829e+06 2.58224e+06 2.04732e+06 2.27027e+06 1.6676e+06 5.02186e+06 1.68737e+06 1.66407e+06 1.59598e+06 1.58463e+06 1.12972e+06 2.17935e+06 1.68324e+06 1.2613e+06 5.99074e+06 1.47035e+06 1.37288e+06 5.96828e+06 2.62945e+06 1.03708e+07 5.58377e+06
threshold=36800.05000000001 37663.700000000004 46736.439583333333 46699.48958333335 44982.250000000007 39349.850000000013 46776.491666666676 55635.350000000006 53948.80000000001 1.5000000000000002 46645.493750000016 15.500000000000002 46567.816666666673 50652.80000000001 5.5000000000000009 46486.364583333336 46808.356250000004 42907.900000000009 38578.600000000006 46842.872916666667 39752.250000000007 40272.100000000013 40272.100000000013 41569.600000000013 41120.850000000006 42851.600000000006 43229.05000000001 48390.962500000016 44950.80000000001 55448.850000000013
decision_type=2 2 2 2 2 2 2 2 2 2 2 2 2 2 2 2 2 2 2 2 2 2 2 2 2 2 2 2 2 2
left_child=-1 -2 3 7 -5 18 -7 8 9 -3 11 13 17 14 15 -11 -8 -13 -4 -18 -21 -22 23 -23 -24 -26 -27 28 -28 -30
right_child=1 2 5 4 -6 6 16 -9 -10 10 -12 12 -14 -15 -16 -17 19 -19 -20 20 21 22 24 -25 25 26 27 -29 29 -31
leaf_value=6.212482773630243 -8.559993694330517 -14.209852910924841 4.4403767540341335 -30.127159795761113 -4.7053021991954136 15.855484297781281 -11.2463773727417 15.512441947243431 -18.290010275187033 -11.201995402290708 13.610369462233322 7.4289286732673645 -16.260459187451531 -4.7047450349137589 27.776540474269702 6.9283280343720408 9.5355784508489787 -9.6278680960337333 19.636734548108333 -14.762744441986085 13.533308642843494 12.449199716250103 -12.809360261396931 -19.459468038458574 3.7144435872673522 -23.515240429065848 -36.956639532097007 0.431263824424586 2.3539301541037188 -19.113972705119366
leaf_weight=38 38 27 42 20 34 33 33 22 31 21 39 32 34 37 23 33 31 24 29 25 23 24 22 38 253 27 23 3372 167 37
leaf_count=38 38 27 42 20 34 33 33 22 31 21 39 32 34 37 23 33 31 24 29 25 23 24 22 38 253 27 23 3372 167 37
internal_value=2.16704e-08 -0.0513875 0.0195798 -2.46452 -14.1208 0.243677 0.0638673 -0.515787 -1.68729 0.218953 1.82215 -0.431475 -6.06887 4.0191 8.21108 -0.122353 -0.0640157 0.118873 10.6473 0.0272802 -0.046207 0.0460944 -0.0321812 -7.10773 0.080273 0.153377 -0.0950919 0.080608 -5.12825 -1.53976
internal_weight=4632 4594 4556 377 54 4179 4108 323 301 270 243 204 90 114 77 54 4075 56 71 4042 4011 3986 3963 62 3901 3879 3626 3599 227 204
internal_count=4632 4594 4556 377 54 4179 4108 323 301 270 243 204 90 114 77 54 4075 56 71 4042 4011 3986 3963 62 3901 3879 3626 3599 227 204
is_linear=0
shrinkage=0.05


Tree=234
num_leaves=31
num_cat=0
split_feature=5 5 0 5 6 5 3 6 4 4 4 3 3 4 4 6 6 6 6 3 1 4 1 4 1 4 4 3 3 4
split_gain=583568 4.02265e+06 4.95672e+06 2.16906e+06 2.96716e+06 1.78752e+06 4.52974e+06 5.10164e+06 2.77917e+06 5.79606e+06 3.83077e+06 2.9887e+06 2.57433e+06 1.75372e+06 1.55765e+06 4.09621e+06 7.85033e+06 3.84413e+06 5.06129e+06 5.54735e+06 3.08116e+06 3.53366e+06 6.79243e+06 3.50938e+06 8.10251e+06 9.04826e+06 5.80478e+06 4.07757e+06 5.97975e+06 3.01094e+06
threshold=47131.450000000004 46869.450000000004 16.500000000000004 47308.850000000013 54893.762500000004 46459.400000000001 46388.950000000004 54558.752083333347 53316.150000000001 55110.950000000004 52100.700000000004 50387.05000000001 44993.750000000007 39066.30000000001 44663.000000000007 54989.702083333344 55292.802083333336 54844.45416666667 54732.156250000007 46769.350000000006 5.5000000000000009 45585.250000000007 2.5000000000000004 46373.350000000006 3.5000000000000004 46062.600000000006 46062.600000000006 48386.950000000004 47038.250000000007 44289.000000000007
decision_type=2 2 2 2 2 2 2 2 2 2 2 2 2 2 2 2 2 2 2 2 2 2 2 2 2 2 2 2 2 2
left_child=1 5 -3 4 -2 8 12 -8 10 -10 11 14 -7 -5 15 17 -17 18 19 29 21 22 -16 24 25 -23 -26 28 -25 -1
right_child=3 2 -4 13 -6 6 7 -9 9 -11 -12 -13 -14 -15 20 16 -18 -19 -20 -21 -22 23 -24 27 26 -27 -28 -29 -30 -31
leaf_value=0.96956198279729144 -0.57515506148338325 26.249827788857854 -0.028780836808054072 -14.25870323668827 -24.428576641732999 -7.0824271049499519 22.653151830037437 -11.092367051541807 32.736347436904907 -5.3295817184448246 -19.062067001342776 18.975349684195088 -31.149525756835938 -0.093919220722046753 2.9465405457549627 28.332521658677322 -6.7403830210367843 -17.299395261492048 23.650680938720704 -19.84905913568312 11.574529702322824 -27.967947439193729 -21.132364922761919 -1.9563531667607312 34.172037448305069 15.012910079956056 0.034768075942993165 16.77938346862793 -24.34402646457448 19.304691123962403
leaf_weight=334 32 34 38 22 22 25 21 24 20 20 25 22 20 3236 54 39 27 28 25 31 42 25 64 243 33 24 20 24 34 24
leaf_count=334 32 34 38 22 22 25 21 24 20 20 25 22 20 3236 54 39 27 28 25 31 42 25 64 243 33 24 20 24 34 24
internal_value=1.87318e-09 0.888976 12.3806 -0.354302 -10.2932 0.225999 -6.56169 4.65554 0.75354 13.7034 0.290218 0.732859 -17.7789 -0.189568 0.35813 2.36553 13.9845 0.630564 1.84322 0.441711 -1.45316 -2.50338 -10.1132 -0.27519 7.74004 -6.9161 21.29 -2.99131 -4.7043 2.19873
internal_weight=4632 1320 72 3312 54 1248 90 45 1158 40 1118 1093 45 3258 1071 508 66 442 414 389 563 521 118 403 102 49 53 301 277 358
internal_count=4632 1320 72 3312 54 1248 90 45 1158 40 1118 1093 45 3258 1071 508 66 442 414 389 563 521 118 403 102 49 53 301 277 358
is_linear=0
shrinkage=0.05


Tree=235
num_leaves=31
num_cat=0
split_feature=1 3 3 5 6 4 0 4 4 5 4 5 4 0 4 3 3 6 4 3 6 3 3 4 3 5 6 5 5 6
split_gain=606005 1.39931e+06 4.1718e+06 4.77734e+06 2.98745e+06 2.28037e+06 7.66663e+06 4.05096e+06 2.81848e+06 2.71983e+06 2.43022e+06 2.71757e+06 5.51727e+06 3.19892e+06 2.98057e+06 2.70643e+06 7.11518e+06 2.66881e+06 2.75571e+06 2.66968e+06 3.83067e+06 1.92086e+06 1.79148e+06 1.06011e+06 1.05796e+06 1.18324e+06 1.02534e+06 5.1276e+06 3.54196e+06 3.98624e+06
threshold=1.0000000180025095e-35 65550.550000000003 64877.100000000013 64360.05000000001 50820.885416666679 53316.150000000001 11.500000000000002 52710.150000000009 52100.700000000004 60095.400000000001 49831.750000000007 55624.950000000004 46134.250000000007 7.5000000000000009 47667.450000000004 50040.950000000004 51539.950000000004 47926.833333333343 41718.400000000001 47260.450000000004 54638.208333333336 46769.350000000006 54460.30000000001 39315.400000000001 40008.30000000001 47047.950000000004 54422.481250000004 56574.55000000001 60619.850000000013 49892.777083333342
decision_type=2 2 2 2 2 2 2 2 2 2 2 2 2 2 2 2 2 2 2 2 2 2 2 2 2 2 2 2 2 2
left_child=1 2 3 5 -5 7 -7 8 9 10 11 12 15 -13 -14 17 -17 21 19 20 -19 24 -18 -21 -1 -26 27 -2 29 -29
right_child=26 -3 -4 4 -6 6 -8 -9 -10 -11 -12 13 14 -15 -16 16 22 18 -20 23 -22 -23 -24 -25 25 -27 -28 28 -30 -31
leaf_value=-8.4630525485329002 -0.62870406384366939 -9.7633756513948811 22.309786407152814 -0.22183348178863527 -26.14820156002045 29.254322306315107 -7.1243282181876042 -19.275025492129117 19.684983686967328 -12.698087704181672 14.485860483269944 -23.307835620382559 33.19014972505115 1.3028684185397241 6.5506942022414441 -33.224236297607426 8.4656969697134841 27.935005333310087 19.75186611943775 -12.869822147914343 -1.9202198722145774 -16.735692729949953 -9.7425474687056113 1.7776010068257653 10.166229713664336 -4.5176183576169224 0.34109088825845141 -5.1168085300922392 1.6979652653569763 -34.343423625401094
leaf_weight=23 1273 27 24 20 25 30 28 23 22 32 38 23 21 31 21 20 35 21 36 21 22 20 22 30 34 23 2616 20 23 28
leaf_count=23 1273 27 24 20 25 30 28 23 22 32 38 23 21 31 21 20 35 21 36 21 22 20 22 30 34 23 2616 20 23 28
internal_value=-2.14718e-08 1.38831 1.85513 1.06461 -14.6254 2.29039 11.6922 1.23767 2.19079 1.37711 2.39843 1.25868 2.87375 -9.17947 19.8704 0.54847 -7.56521 3.26479 7.98861 3.48353 12.6602 -2.87617 1.43795 -4.25369 0.588705 4.24117 -0.235592 -1.35806 -14.4352 -22.1657
internal_weight=4632 672 645 621 45 576 58 518 495 473 441 403 349 54 42 307 77 230 130 94 43 100 57 51 80 57 3960 1344 71 48
internal_count=4632 672 645 621 45 576 58 518 495 473 441 403 349 54 42 307 77 230 130 94 43 100 57 51 80 57 3960 1344 71 48
is_linear=0
shrinkage=0.05


Tree=236
num_leaves=31
num_cat=0
split_feature=4 4 4 4 3 6 4 6 1 3 3 6 5 4 5 3 6 4 3 4 3 6 5 3 3 4 4 5 3 5
split_gain=569008 1.4321e+06 991693 3.58941e+06 3.75126e+06 3.3365e+06 3.29436e+06 3.31996e+06 6.18737e+06 2.78849e+06 5.00406e+06 2.24597e+06 2.19568e+06 3.06725e+06 3.22932e+06 2.48685e+06 2.84598e+06 2.0905e+06 3.70804e+06 3.22646e+06 3.67703e+06 1.94372e+06 1.92967e+06 1.82804e+06 1.79902e+06 3.55943e+06 3.23647e+06 1.75309e+06 3.76642e+06 6.18882e+06
threshold=66923.85000000002 66397.400000000009 64511.950000000004 64929.350000000013 64877.100000000013 54994.568750000013 64095.200000000004 55154.089583333342 3.5000000000000004 65051.30000000001 62610.80000000001 54860.179166666676 65450.900000000001 63854.650000000009 65208.05000000001 64877.100000000013 54888.218750000007 63179.500000000007 66123.550000000003 63606.250000000007 62610.80000000001 54457.07916666667 64707.450000000004 61457.400000000009 65131.30000000001 62830.30000000001 60846.700000000004 63375.55000000001 61457.400000000009 63994.850000000006
decision_type=2 2 2 2 2 2 2 2 2 2 2 2 2 2 2 2 2 2 2 2 2 2 2 2 2 2 2 2 2 2
left_child=1 2 6 4 5 -4 12 8 -8 10 21 -12 13 14 17 16 -14 18 22 20 -19 -5 24 -21 25 27 -26 -1 -29 -30
right_child=-2 -3 3 9 -6 -7 7 -9 -10 -11 11 -13 15 -15 -16 -17 -18 19 -20 23 -22 -23 -24 -25 26 -27 -28 28 29 -31
leaf_value=0.30970982633112748 -6.2615736305713661 9.9824598484569123 -12.773988275138699 -0.043904544461158018 -30.181383419036866 11.046859598159791 -11.264016310099898 28.066800403594971 23.462557701442552 13.865555218287879 -23.236287063598635 -4.3901497242062595 -8.5998633988698341 -12.757339724401634 -19.149369985407048 19.2393216302318 15.399559924716042 24.669615275992289 -20.595610167763454 -14.557596035003662 -0.0064781042245718153 18.130207559040613 -13.332575967576771 6.1113635021707289 -2.5403604341589889 -13.708699223843027 24.961427345275879 -21.581662641722581 -17.454246705770494 12.430567432031399
leaf_weight=3740 36 36 49 31 20 21 29 20 23 35 25 43 30 48 22 31 21 36 22 20 26 28 27 23 23 47 20 29 30 41
leaf_count=3740 36 36 49 31 20 21 29 20 23 35 25 43 30 48 22 31 21 36 22 20 26 28 27 23 23 47 20 29 30 41
internal_value=3.62796e-08 0.0490463 -0.0293754 -3.07807 -11.0841 -5.62773 0.14896 10.7544 4.09581 1.36973 -2.07401 -11.3189 -0.0313023 -0.19124 -0.0443395 8.0709 1.28225 0.0585769 -0.125187 7.02235 14.3216 8.5811 -0.0113762 -3.50211 0.0801435 -0.0323737 10.2512 0.135019 -6.39842 -0.196819
internal_weight=4632 4596 4560 252 90 70 4308 72 52 162 127 68 4236 4154 4106 82 51 4084 3979 105 62 59 3957 43 3930 3887 43 3840 100 71
internal_count=4632 4596 4560 252 90 70 4308 72 52 162 127 68 4236 4154 4106 82 51 4084 3979 105 62 59 3957 43 3930 3887 43 3840 100 71
is_linear=0
shrinkage=0.05


Tree=237
num_leaves=31
num_cat=0
split_feature=1 3 3 5 6 4 6 4 4 5 6 4 3 5 4 3 3 6 6 4 4 5 6 4 5 5 4 4 6 6
split_gain=583190 1.21065e+06 3.8e+06 4.07539e+06 2.70154e+06 2.04839e+06 6.95889e+06 3.62503e+06 2.6745e+06 6.8888e+06 3.96235e+06 3.95328e+06 2.86991e+06 2.69793e+06 2.37236e+06 2.89901e+06 7.01175e+06 2.3081e+06 2.18967e+06 4.03433e+06 3.31297e+06 2.25362e+06 4.34076e+06 2.07309e+06 1.77484e+06 1.31019e+06 972436 3.99058e+06 2.04804e+06 895578
threshold=1.0000000180025095e-35 65550.550000000003 64877.100000000013 64360.05000000001 50820.885416666679 53316.150000000001 51196.885416666672 52710.150000000009 49513.900000000001 56090.500000000007 49892.777083333342 46134.250000000007 58413.05000000001 54246.250000000007 44881.350000000013 52045.650000000009 50040.950000000004 52092.193749999999 47836.529166666667 40714.400000000009 41718.400000000001 47851.100000000006 54525.000000000007 51071.650000000009 46529.650000000001 45066.900000000009 38115.700000000004 38901.450000000004 46867.40833333334 54422.481250000004
decision_type=2 2 2 2 2 2 2 2 2 2 2 2 2 2 2 2 2 2 2 2 2 2 2 2 2 2 2 2 2 2
left_child=1 2 3 5 -5 7 -7 8 9 11 -10 14 -11 -13 15 16 18 -12 19 24 21 22 -20 -19 25 -1 28 -28 -2 -29
right_child=26 -3 -4 4 -6 6 -8 -9 10 12 17 13 -14 -15 -16 -17 -18 23 20 -21 -22 -23 -24 -25 -26 -27 27 29 -30 -31
leaf_value=6.4643485546112061 12.67132956981659 -9.010787063174778 21.318033119042717 0.24712948083877562 -24.407426393508914 27.816472263336181 -6.8424038750784737 -18.228285092892857 -5.4337900622137667 -5.8593688084529001 30.937275085449222 30.185002182424071 -30.106024866518766 5.9559164824309176 -15.123862374912608 15.395789026532853 -24.035471789042155 20.891465603221548 20.828966784477235 -22.973790616989135 20.409141523697798 -9.9996154643871176 -3.3734265801581476 -1.3507080173492432 14.254539060592652 -10.705200477600098 -22.066429955618723 -1.3053808816922636 -6.6112339564732139 0.31634332875148696
leaf_weight=20 40 27 24 20 25 30 28 23 29 26 20 20 23 27 22 35 27 22 32 20 34 27 44 20 22 25 21 1262 21 2616
leaf_count=20 40 27 24 20 25 30 28 23 29 26 20 20 23 27 22 35 27 22 32 20 34 27 44 20 22 25 21 1262 21 2616
internal_value=1.42632e-08 1.36193 1.79613 1.04166 -13.4498 2.17381 11.0846 1.17608 2.0777 0.333406 9.82158 2.75909 -17.2405 16.2662 0.697949 1.91501 0.0352216 16.9572 2.9366 -3.26688 6.87604 2.4088 6.81705 10.3 2.61577 -3.07429 -0.231115 -0.329118 6.03307 -0.211407
internal_weight=4632 672 645 621 45 576 58 518 495 404 91 355 49 47 308 286 251 62 224 87 137 103 76 42 67 45 3960 3899 61 3878
internal_count=4632 672 645 621 45 576 58 518 495 404 91 355 49 47 308 286 251 62 224 87 137 103 76 42 67 45 3960 3899 61 3878
is_linear=0
shrinkage=0.05


Tree=238
num_leaves=31
num_cat=0
split_feature=0 5 3 5 3 6 0 5 4 0 4 5 5 5 3 4 4 5 5 4 4 4 3 3 3 4 6 6 4 6
split_gain=580490 4.97783e+06 3.19239e+06 8.5318e+06 7.18236e+06 4.9724e+06 4.11691e+06 6.42432e+06 3.28204e+06 2.19284e+06 7.26954e+06 5.89565e+06 2.29511e+06 5.00597e+06 3.61951e+06 3.10426e+06 7.76505e+06 6.38428e+06 4.11345e+06 2.10224e+06 5.89819e+06 4.54034e+06 3.3346e+06 2.02111e+06 4.29495e+06 2.01332e+06 4.84135e+06 7.90806e+06 4.10501e+06 2.98342e+06
threshold=9.5000000000000018 63656.700000000004 58019.700000000004 62378.400000000001 57273.05000000001 54638.208333333336 8.5000000000000018 61376.55000000001 52551.450000000004 14.500000000000002 63107.200000000004 52639.55000000001 62985.750000000007 62221.700000000004 64021.850000000013 62183.000000000007 61354.350000000013 61035.450000000004 60095.400000000001 59176.450000000004 59759.150000000009 58643.05000000001 60877.200000000004 61803.05000000001 60877.200000000004 55014.350000000013 46958.750000000007 50392.897916666676 54393.80000000001 46627.741666666676
decision_type=2 2 2 2 2 2 2 2 2 2 2 2 2 2 2 2 2 2 2 2 2 2 2 2 2 2 2 2 2 2
left_child=1 2 4 5 -1 8 -7 -8 -4 11 12 -2 13 14 15 16 17 18 19 21 -21 23 -22 24 -11 26 28 -28 -13 -27
right_child=9 -3 3 -5 -6 6 7 -9 -10 10 -12 25 -14 -15 -16 -17 -18 -19 -20 20 22 -23 -24 -25 -26 29 27 -29 -30 -31
leaf_value=-0.19157310635675889 24.587069859997982 -21.221350426509463 -12.388380546569826 17.12394339521726 22.076409726529509 -16.705989427151888 23.297280817446502 -13.318672271728516 -40.689880725315646 -0.16368841033223491 -24.98805674870809 -13.295335888281102 -13.867387488285701 20.67876393630587 -15.133917870521547 -19.483043975830078 26.924125417073569 21.98242621421814 -17.780192201277789 -26.606212234497072 -8.0910387656267968 22.7992357080633 17.249981253487725 -13.39169090815953 23.178747520446777 19.236697533017114 37.341759234208325 5.1707101305325835 14.334921722412112 0.13080288163883977
leaf_weight=1699 29 29 20 30 37 46 23 25 21 1342 30 41 30 29 40 20 27 32 34 28 34 22 21 28 20 21 26 72 20 756
leaf_count=1699 29 29 20 30 37 46 23 25 21 1342 30 41 30 29 40 20 27 32 34 28 34 22 21 28 20 21 26 72 20 756
internal_value=-3.85082e-08 -0.662288 -0.348657 -6.9948 0.283033 -12.3545 -6.01707 4.22647 -26.8843 0.473063 -0.58862 2.38409 -0.159807 0.0854087 -0.276974 0.0926013 0.339146 -0.120684 -0.583274 -0.192173 -7.92554 0.262409 1.58462 -0.0942894 0.179079 1.69618 6.82243 13.7059 -4.23624 0.647178
internal_weight=4632 1930 1901 165 1736 135 94 48 41 2702 1737 965 1707 1677 1648 1608 1588 1561 1529 1495 83 1412 55 1390 1362 936 159 98 61 777
internal_count=4632 1930 1901 165 1736 135 94 48 41 2702 1737 965 1707 1677 1648 1608 1588 1561 1529 1495 83 1412 55 1390 1362 936 159 98 61 777
is_linear=0
shrinkage=0.05


Tree=239
num_leaves=31
num_cat=0
split_feature=5 6 6 3 4 4 0 5 6 6 4 5 3 6 6 3 3 5 3 6 6 3 4 4 0 0 3 5 5 3
split_gain=582222 1.66123e+06 2.16793e+06 1.54332e+06 2.41545e+06 3.53323e+06 2.00088e+06 4.3959e+06 4.41246e+06 3.37163e+06 4.58555e+06 2.42316e+06 1.93852e+06 3.42378e+06 3.28908e+06 1.41718e+06 5.85457e+06 1.84237e+06 1.12758e+06 1.15904e+06 7.91711e+06 1.41743e+07 4.00452e+06 2.83241e+06 3.67982e+06 4.59049e+06 6.55337e+06 4.88545e+06 5.95947e+06 7.82065e+06
threshold=42039.500000000007 54761.802083333343 54422.481250000004 44077.450000000004 48946.150000000001 47246.400000000001 3.5000000000000004 40272.100000000013 46486.364583333336 46725.51666666667 43846.900000000009 41120.850000000006 38138.650000000001 46932.912499999999 46808.356250000004 41564.05000000001 40550.250000000007 44097.80000000001 42321.250000000007 46958.750000000007 47098.847916666673 50205.150000000009 43846.900000000009 50176.750000000007 8.5000000000000018 15.500000000000002 51419.000000000007 53253.900000000009 54074.500000000007 54865.900000000009
decision_type=2 2 2 2 2 2 2 2 2 2 2 2 2 2 2 2 2 2 2 2 2 2 2 2 2 2 2 2 2 2
left_child=1 2 3 4 5 6 12 8 -8 -10 -11 -9 13 -1 -14 16 17 -2 -17 22 21 -21 -20 -24 -25 26 -26 -28 -29 -30
right_child=15 -3 -4 -5 -6 -7 7 11 9 10 -12 -13 14 -15 -16 18 -18 -19 19 20 -22 -23 23 24 25 -27 27 28 29 -31
leaf_value=-5.1738804302717512 -9.8184363722801216 -11.282761026465375 15.951077570234027 -10.475104469299318 -12.901531871159873 19.584586112729966 19.859567850286311 30.37598243381666 -22.611384237380257 14.118755176067353 -14.875784088134765 6.8843189057849701 3.9369222362836207 18.651020812988282 -16.241361692677373 9.4518891365297382 -30.202352485656743 7.969135294733821 -21.351450662259705 -9.3134401369094846 -0.10759095209836961 48.240547130418861 4.731237685094114 -23.720473380710771 27.633832168579104 -20.447920831044517 9.8515724102656055 -31.856690821440324 -16.177935132980348 19.046720783527082
leaf_weight=38 24 23 28 25 24 31 22 23 21 30 25 21 36 25 46 31 20 37 27 20 3700 23 122 23 20 30 48 23 40 26
leaf_count=38 24 23 28 25 24 31 22 23 21 30 25 21 36 25 46 31 20 37 27 20 3700 23 122 23 20 30 48 23 40 26
internal_value=9.68318e-09 1.77987 2.54048 1.51733 2.39397 3.54835 1.81621 6.03491 0.140199 -5.56804 0.939419 19.1641 -2.31521 4.28045 -7.3826 -0.176551 -6.72632 0.970746 -0.0481866 -0.119981 0.140309 21.4713 -2.83382 -1.32787 -4.84792 -2.5267 0.897742 -3.00534 -9.9394 -2.30156
internal_weight=4632 418 395 367 342 318 287 142 98 76 55 44 145 63 82 4214 81 61 4133 4102 3743 43 359 332 210 187 157 137 89 66
internal_count=4632 418 395 367 342 318 287 142 98 76 55 44 145 63 82 4214 81 61 4133 4102 3743 43 359 332 210 187 157 137 89 66
is_linear=0
shrinkage=0.05


Tree=240
num_leaves=31
num_cat=0
split_feature=5 5 0 5 6 4 5 1 0 4 4 3 4 0 3 1 5 3 5 0 6 3 3 0 3 5 3 1 6 3
split_gain=558723 3.60442e+06 4.498e+06 1.97177e+06 2.68047e+06 1.79424e+06 2.4113e+06 5.22554e+06 8.57113e+06 1.9057e+06 3.37674e+06 2.69421e+06 1.66097e+06 1.51481e+06 6.11763e+06 4.63648e+06 6.08394e+06 6.51252e+06 3.01994e+06 7.22624e+06 1.11185e+07 6.5527e+06 6.00296e+06 3.03505e+06 9.0111e+06 6.08197e+06 5.5709e+06 8.003e+06 6.66134e+06 6.52327e+06
threshold=47131.450000000004 46869.450000000004 16.500000000000004 47308.850000000013 54893.762500000004 55635.350000000006 46459.400000000001 2.5000000000000004 5.5000000000000009 53316.150000000001 52100.700000000004 50387.05000000001 39066.30000000001 7.5000000000000009 56513.400000000009 4.5000000000000009 48263.650000000001 46605.55000000001 58467.000000000007 6.5000000000000009 55141.308333333342 54580.650000000009 53677.350000000006 5.5000000000000009 50830.250000000007 54074.500000000007 47953.500000000007 1.5000000000000002 55185.527083333342 46858.200000000004
decision_type=2 2 2 2 2 2 2 2 2 2 2 2 2 2 2 2 2 2 2 2 2 2 2 2 2 2 2 2 2 2
left_child=1 5 -3 4 -2 6 9 -8 -9 10 11 -1 -5 14 15 18 -17 -18 19 22 21 -21 23 26 -25 -26 27 -14 29 -29
right_child=3 2 -4 12 -6 -7 7 8 -10 -11 -12 -13 13 -15 -16 16 17 -19 -20 20 -22 -23 -24 24 25 -27 -28 28 -30 -31
leaf_value=0.35950475215605771 -0.58616178929805762 24.959573611091166 -0.07352065036171361 -13.881645919247106 -23.257975799387154 14.733861105782646 4.7125747401539879 -42.165420896356757 1.9705522103743123 14.539517019192377 -17.86958994293213 18.03574477976019 -7.8647381233881761 0.50745261197310976 -25.874128341674805 3.687515950202942 -5.7291953374039046 -44.201486899636009 -13.749392545545426 46.53144388198853 -15.906782845088415 12.195026270548503 -22.440005148610762 38.000294227600101 24.047260638645717 -6.9627530481666327 -7.4403793500434787 10.067859416537814 -1.8316885786056518 40.806084278651646
leaf_weight=1071 32 34 38 22 22 21 41 22 22 24 25 22 83 2467 26 32 22 22 37 24 21 33 31 20 21 64 210 45 50 28
leaf_count=1071 32 34 38 22 22 21 41 22 22 24 25 22 83 2467 26 32 22 22 37 24 21 33 31 20 21 64 210 45 50 28
internal_value=6.13611e-09 0.869845 11.7477 -0.346677 -9.82283 0.242279 -0.0057432 -8.13025 -20.0974 0.598971 0.29971 0.715294 -0.189614 -0.0965287 -2.03414 -1.1999 -12.901 -24.9653 0.133357 0.948693 15.1942 26.6525 -1.06426 0.207618 7.80364 0.698544 -1.70965 4.13236 12.228 21.8579
internal_weight=4632 1320 72 3312 54 1248 1227 85 44 1142 1118 1093 3258 3236 769 743 76 44 667 630 78 57 552 521 105 85 416 206 123 73
internal_count=4632 1320 72 3312 54 1248 1227 85 44 1142 1118 1093 3258 3236 769 743 76 44 667 630 78 57 552 521 105 85 416 206 123 73
is_linear=0
shrinkage=0.05


Tree=241
num_leaves=31
num_cat=0
split_feature=6 3 0 6 5 5 4 4 4 3 4 5 6 4 0 0 0 5 3 4 4 3 5 4 4 4 4 4 3 5
split_gain=565334 2.21507e+06 4.30798e+06 1.95817e+06 745014 2.74897e+06 3.90363e+06 4.65364e+06 2.11729e+06 7.008e+06 6.45316e+06 5.88164e+06 4.9731e+06 4.91782e+06 4.5174e+06 4.05932e+06 3.36363e+06 3.80791e+06 2.87594e+06 3.46876e+06 2.31776e+06 1.91222e+06 2.50222e+06 1.73405e+06 1.32926e+06 1.0494e+07 6.01528e+06 6.78063e+06 7.82541e+06 7.61116e+06
threshold=55577.654166666674 54069.05000000001 13.500000000000002 55543.250000000007 63453.700000000004 63060.700000000004 64195.200000000004 61962.250000000007 64511.950000000004 65434.350000000013 62516.950000000004 64899.100000000013 54934.100000000006 59475.250000000007 11.500000000000002 12.500000000000002 13.500000000000002 64469.80000000001 64100.950000000004 53596.350000000013 63606.250000000007 64210.05000000001 64821.950000000004 61782.200000000004 56697.100000000013 56930.100000000013 55448.850000000013 55635.350000000006 54580.650000000009 50881.250000000007
decision_type=2 2 2 2 2 2 2 2 2 2 2 2 2 2 2 2 2 2 2 2 2 2 2 2 2 2 2 2 2 2
left_child=3 -2 -3 4 5 24 7 -7 10 12 11 13 21 18 -14 -13 17 20 19 -6 -12 22 -10 -15 26 -26 -1 -28 29 -29
right_child=1 2 -4 -5 8 6 -8 -9 9 -11 16 15 14 23 -16 -17 -18 -19 -20 -21 -22 -23 -24 -25 25 -27 27 28 -30 -31
leaf_value=0.087343232913448809 13.517488714887037 -16.024272881235397 12.531622066497803 -11.692226497332257 -11.032030534744264 18.83902192342849 26.971249601115353 -13.390763157606125 8.1268439928690608 -26.270300456455779 34.57832040786743 13.199002685352248 -7.318903161929204 -35.884870875965468 19.587279574076334 -11.24332539851849 -6.9109395727515226 5.0948471502824262 -19.529476404190063 18.41608047962189 11.87781393631645 -23.391578426361086 -14.226584194552514 -16.637623161315918 30.2904797269452 0.73290527958318019 -33.220731471135068 3.3558887334970331 6.2933149555751262 -31.393772916793825
leaf_weight=2768 36 28 25 36 20 21 23 24 21 35 22 49 26 22 39 26 32 88 20 20 23 20 31 25 31 959 26 26 70 40
leaf_count=2768 36 28 25 36 20 21 23 24 21 35 22 49 26 22 39 26 32 88 20 20 23 20 31 25 31 959 26 26 70 40
internal_value=3.56833e-08 3.94652 -2.55451 -0.0773146 0.0154604 0.247368 10.2144 1.6498 -1.76652 -6.30256 0.481895 -6.01039 -1.20131 -13.5357 8.82481 4.72566 7.64309 11.1448 -4.04848 3.69202 22.9758 -10.2527 -5.19924 -25.647 0.07447 1.65845 -0.46073 -9.82534 -5.35269 -17.7045
internal_weight=4632 89 53 4543 4507 3988 68 45 519 172 347 182 137 107 65 75 165 133 60 40 45 72 52 47 3920 990 2930 162 136 66
internal_count=4632 89 53 4543 4507 3988 68 45 519 172 347 182 137 107 65 75 165 133 60 40 45 72 52 47 3920 990 2930 162 136 66
is_linear=0
shrinkage=0.05


Tree=242
num_leaves=31
num_cat=0
split_feature=4 4 6 5 4 5 6 6 3 5 3 3 3 3 3 3 3 6 3 5 6 3 3 6 6 1 6 6 5 6
split_gain=548856 6.26601e+06 2.33361e+06 3.7214e+06 2.46933e+06 4.84785e+06 3.7896e+06 3.30395e+06 3.17751e+06 2.30005e+06 3.65367e+06 3.48844e+06 2.29588e+06 3.2689e+06 2.97613e+06 4.68693e+06 2.59401e+06 1.88409e+06 1.87932e+06 2.87954e+06 1.5469e+06 3.70804e+06 1.37886e+06 2.44495e+06 1.20389e+06 6.84905e+06 2.78502e+06 7.06518e+06 7.03752e+06 3.70525e+06
threshold=42851.600000000006 43229.05000000001 46758.218750000007 37663.700000000004 40469.500000000007 43102.30000000001 47520.716666666674 53383.212500000001 47260.450000000004 37663.700000000004 39104.55000000001 37693.450000000004 40272.100000000013 38700.000000000007 41564.05000000001 43905.450000000004 45623.950000000004 46675.404166666682 41328.750000000007 40272.100000000013 46576.5 40008.30000000001 40550.250000000007 53383.212500000001 48390.962500000016 4.5000000000000009 47098.847916666673 46986.80000000001 47441.150000000001 47926.833333333343
decision_type=2 2 2 2 2 2 2 2 2 2 2 2 2 2 2 2 2 2 2 2 2 2 2 2 2 2 2 2 2 2
left_child=2 -2 3 -1 8 -6 -7 -8 12 -3 11 -11 13 -4 -14 -16 -17 20 22 -20 21 -5 23 -12 25 -21 27 -27 29 -28
right_child=1 9 4 17 5 6 7 -9 -10 10 18 -13 14 -15 15 16 -18 -19 19 24 -22 -23 -24 -25 -26 26 28 -29 -30 -31
leaf_value=16.231775321960452 -20.398252607646743 -12.085307116386218 7.8097766378651503 -16.160456257678092 26.726159885724389 -15.052863025665284 25.378061069006272 3.0864091831095077 -11.115884924949484 -2.3540723966515582 7.094616981915066 22.858654022216797 24.986446990966797 -18.568731896082561 -16.464948534965515 20.832960221075243 1.7646627289908274 -19.591171143452328 16.363397329824945 -30.935023170709613 6.5001920700073246 7.0897654003567174 -17.677214316527049 -13.800302593410017 0.32811271082366267 -0.71991286032047119 -6.9371088627846014 27.300736516714096 -25.535145272706686 14.46794542948405
leaf_weight=20 38 39 23 47 30 21 22 68 47 23 28 34 20 24 22 31 42 24 27 20 26 27 24 28 3364 359 62 24 38 30
leaf_count=20 38 39 23 47 30 21 22 68 47 23 28 34 20 24 22 31 42 24 27 20 26 27 24 28 3364 359 62 24 38 30
internal_value=-7.49305e-09 -0.188054 1.57524 -3.7824 3.77953 8.89268 4.07282 8.53548 0.329983 -0.00074031 0.115314 12.6851 3.6507 -5.6601 7.45598 3.76536 9.86216 -7.01049 -0.0636261 0.0910432 -3.99113 -7.67727 -7.65015 -3.35284 -0.0216983 -2.22951 -1.11039 1.03595 -7.43383 0.0428001
internal_weight=4632 4138 494 144 350 141 111 90 209 4100 4061 57 162 47 115 95 73 124 4004 3924 100 74 80 56 3897 533 513 383 130 92
internal_count=4632 4138 494 144 350 141 111 90 209 4100 4061 57 162 47 115 95 73 124 4004 3924 100 74 80 56 3897 533 513 383 130 92
is_linear=0
shrinkage=0.05


Tree=243
num_leaves=31
num_cat=0
split_feature=1 6 4 0 5 6 3 6 4 6 4 6 3 4 6 0 4 4 6 5 4 5 6 3 4 3 4 6 1 6
split_gain=549914 1.20602e+06 3.86153e+06 2.44291e+06 5.84848e+06 5.17758e+06 2.56652e+06 2.20915e+06 2.58512e+06 7.41809e+06 4.32997e+06 4.00694e+06 5.68239e+06 3.88086e+06 3.33379e+06 3.31942e+06 3.09731e+06 5.66991e+06 3.56624e+06 2.06606e+06 1.15004e+06 945636 848941 4.97503e+06 3.6602e+06 2.11636e+06 2.64785e+06 3.37845e+06 2.05235e+06 4.15944e+06
threshold=1.0000000180025095e-35 54395.185416666674 39960.200000000004 17.500000000000004 54246.250000000007 52912.000000000007 51224.600000000013 52355.67500000001 53596.350000000013 50392.897916666676 52710.150000000009 49892.777083333342 56643.80000000001 54720.950000000004 48986.137500000004 11.500000000000002 42851.600000000006 44950.80000000001 47926.833333333343 64057.200000000004 51972.650000000001 52045.650000000009 54422.481250000004 56786.750000000007 62245.400000000001 43633.650000000001 43574.600000000013 54989.702083333344 3.5000000000000004 54487.62708333334
decision_type=2 2 2 2 2 2 2 2 2 2 2 2 2 2 2 2 2 2 2 2 2 2 2 2 2 2 2 2 2 2
left_child=1 3 -3 5 6 7 -5 8 10 -10 11 12 14 -11 16 -12 18 -18 -1 -15 -9 -8 23 -2 -25 -24 27 -27 -28 -30
right_child=22 2 -4 4 -6 -7 21 20 9 13 15 -13 -14 19 -16 -17 17 -19 -20 -21 -22 -23 25 24 -26 26 28 -29 29 -31
leaf_value=-1.080175734057869 -0.61740715029260007 -2.4872445201873781 21.475982462126634 -13.705048007965088 -30.727726860046388 21.812025734686085 0.39382476517648413 -2.0976336565884677 34.402225269512698 15.663686166703702 -29.472632422901338 17.62511175973075 -24.118008422851563 -18.570460042499359 15.917586268319026 -1.3596853437877838 -28.251476524353031 3.3163698138612689 18.400931192213488 1.491433149395567 -18.456001699751333 13.966400037493026 8.2060431131502494 -29.107995393541128 -3.3066191192184178 -24.288047866821291 -0.56460019546814399 2.5775379210710527 -18.605642474781384 3.528890209706915
leaf_weight=97 1289 40 29 25 20 31 33 22 22 32 21 35 23 21 36 21 25 33 31 33 21 21 82 27 28 25 1863 22 22 602
leaf_count=97 1289 40 29 25 20 31 33 22 22 32 21 35 23 21 36 21 25 33 31 33 21 21 82 27 28 25 1863 22 22 602
internal_value=-5.63072e-09 1.3225 7.58426 0.605983 -6.57465 2.01646 -0.459944 0.71908 1.79965 8.49375 -0.445577 1.80001 -0.460718 1.866 1.99026 -15.4162 -0.705349 -10.2905 3.6379 -6.31041 -10.0866 5.67205 -0.224425 -1.24579 -15.9727 0.300313 0.0444839 -11.7127 0.266674 2.74851
internal_weight=4632 672 69 603 99 504 79 473 430 108 322 280 245 86 222 42 186 58 128 54 43 54 3960 1344 55 2616 2534 47 2487 624
internal_count=4632 672 69 603 99 504 79 473 430 108 322 280 245 86 222 42 186 58 128 54 43 54 3960 1344 55 2616 2534 47 2487 624
is_linear=0
shrinkage=0.05


Tree=244
num_leaves=31
num_cat=0
split_feature=0 4 3 0 3 4 1 4 5 3 3 5 6 5 5 5 5 5 3 5 5 6 0 6 5 3 3 5 3 5
split_gain=566594 2.21756e+06 1.81909e+06 1.94661e+06 1.94923e+06 1.72098e+06 3.43886e+06 3.04035e+06 2.76347e+06 1.58737e+06 6.50742e+06 3.74189e+06 2.65732e+06 2.32278e+06 2.30221e+06 5.10185e+06 6.85895e+06 4.98971e+06 6.94103e+06 4.81449e+06 4.66419e+06 3.13561e+06 2.64986e+06 4.07599e+06 3.66989e+06 2.16471e+06 3.89209e+06 2.07025e+06 2.74449e+06 1.8362e+06
threshold=3.5000000000000004 47667.450000000004 39739.350000000013 21.500000000000004 38911.450000000004 47911.500000000007 1.5000000000000002 48438.600000000006 47131.450000000004 40272.100000000013 41328.750000000007 40532.650000000001 47228.891666666677 44215.950000000004 44585.850000000013 45732.250000000007 46395.350000000013 46869.450000000004 47302.350000000013 45454.250000000007 44215.950000000004 54878.385416666679 1.0000000180025095e-35 55015.710416666669 43464.600000000006 45261.450000000004 44336.55000000001 38402.400000000001 38138.650000000001 44900.05000000001
decision_type=2 2 2 2 2 2 2 2 2 2 2 2 2 2 2 2 2 2 2 2 2 2 2 2 2 2 2 2 2 2
left_child=1 9 3 -2 -5 -3 -7 -8 -9 11 -11 27 -12 -13 20 19 21 -18 25 29 22 -17 23 -14 -24 26 -19 28 -1 -16
right_child=2 5 -4 4 -6 6 7 8 -10 10 12 13 14 -15 15 16 17 18 -20 -21 -22 -23 24 -25 -26 -27 -28 -29 -30 -31
leaf_value=3.8853455912682322 17.787242902119953 -19.351002595822017 0.090410784186430324 -6.6664908836627834 13.623687973022463 -22.500396010989235 13.176361360221074 4.0620026765046298 -19.007986511230467 26.240968239784241 -17.78045772075653 -23.737091502547266 -16.925534404407848 -2.015791897773743 -15.888278515522297 3.2930783271789554 -20.693539047241213 16.326358322870163 -18.121103726011334 -33.082799048423766 24.964407320375798 28.686454296112061 22.749908968118522 11.252885110037667 -5.7388659596443183 14.869193050691061 -12.6146700492272 7.4231289551175879 -18.380729110717777 0.80209293365478518
leaf_weight=31 30 24 3781 29 20 21 29 27 25 25 20 32 33 20 26 20 30 21 33 20 27 31 26 21 20 56 26 58 25 45
leaf_count=31 30 24 3781 29 20 21 29 27 25 25 20 32 33 20 26 20 30 21 33 20 27 31 26 21 20 56 26 58 25 45
internal_value=-1.30115e-08 -1.23654 0.247307 7.75649 1.61521 -7.30431 -4.4698 0.204801 -7.02934 -0.053038 1.40452 -4.26767 0.0398836 -15.3827 0.85921 -1.47653 2.69072 -2.23648 1.83493 -11.4138 6.52384 18.7283 1.54488 -5.96726 10.3635 8.22861 0.316428 0.802359 -6.05487 -5.30987
internal_weight=4632 772 3860 79 49 126 102 81 52 646 480 166 455 52 435 308 217 166 136 91 127 51 100 54 46 103 47 114 56 71
internal_count=4632 772 3860 79 49 126 102 81 52 646 480 166 455 52 435 308 217 166 136 91 127 51 100 54 46 103 47 114 56 71
is_linear=0
shrinkage=0.05


Tree=245
num_leaves=31
num_cat=0
split_feature=5 4 0 3 6 5 3 0 6 6 6 0 6 4 4 3 4 6 4 4 4 5 5 5 4 4 5 4 1 5
split_gain=568036 4.57567e+06 4.11038e+06 2.34186e+06 3.67728e+06 1.88131e+06 2.0783e+06 2.14716e+06 6.04469e+06 2.99413e+06 4.6051e+06 4.04302e+06 7.74271e+06 5.8708e+06 4.92115e+06 4.39962e+06 4.06272e+06 3.88305e+06 3.57203e+06 5.02562e+06 3.20849e+06 2.72843e+06 2.33274e+06 7.3397e+06 2.89416e+06 3.71613e+06 3.44075e+06 7.46899e+06 2.55182e+06 2.83227e+06
threshold=61831.05000000001 65550.550000000003 15.500000000000002 58113.750000000007 50392.897916666676 62284.650000000001 59813.450000000004 11.500000000000002 55416.437500000007 55367.991666666676 55292.802083333336 12.500000000000002 54966.387500000004 65712.550000000003 63179.500000000007 64931.400000000009 64195.200000000004 54860.179166666676 61689.80000000001 56697.100000000013 62595.900000000001 64707.450000000004 62621.200000000004 63060.700000000004 65712.550000000003 63606.250000000007 64976.250000000007 62341.100000000013 1.5000000000000002 64245.150000000001
decision_type=2 2 2 2 2 2 2 2 2 2 2 2 2 2 2 2 2 2 2 2 2 2 2 2 2 2 2 2 2 2
left_child=1 -1 3 -2 -5 -6 -7 8 22 10 11 12 16 14 18 17 -9 -16 19 -13 -20 -11 -8 -24 25 26 27 -25 -27 -30
right_child=2 -3 -4 4 5 6 7 9 -10 21 -12 13 -14 -15 15 -17 -18 -19 20 -21 -22 -23 23 24 -26 28 -28 -29 29 -31
leaf_value=0.10096027408513271 -16.359804816867996 19.088324897270649 -23.569962463378907 17.622586240087237 -8.7015253896298628 14.410358377297721 14.443147096633911 11.929225575923921 -29.891877823784242 3.50584187227137 -20.743745763778691 -6.4708744746667364 30.611827487330284 -26.755834956602616 6.5011172294616699 -6.6685915629069017 -11.223611950874329 33.106526016692321 -27.095979983466016 22.355440107981366 -3.5620417996247613 26.103834169561214 -32.249178276062018 -18.453854936541934 14.434513759613038 -24.441415309906006 19.384423981263087 16.656073202405658 10.083500080108642 -13.629111971574671
leaf_weight=3756 23 32 20 28 69 24 20 40 21 34 25 54 31 22 32 27 36 24 28 21 30 22 20 33 28 24 26 28 20 34
leaf_count=3756 23 32 20 28 69 24 20 40 21 34 25 54 31 22 32 27 36 24 28 21 30 22 20 33 28 24 26 28 20 34
internal_value=-1.23887e-08 0.26136 -1.17303 -0.62941 -0.177726 -0.822498 -0.0502637 -0.560639 -4.19925 1.60886 -0.0219125 1.47967 9.5522 -2.14958 0.356614 9.91013 0.962092 17.9034 -5.60535 1.60049 -14.9233 12.3836 -1.88361 -3.41663 -0.428806 -2.95107 4.15388 -2.33782 -10.8758 -4.84666
internal_weight=4632 3788 844 824 801 773 704 680 254 426 370 345 107 238 216 83 76 56 133 75 58 56 233 213 193 165 87 61 78 54
internal_count=4632 3788 844 824 801 773 704 680 254 426 370 345 107 238 216 83 76 56 133 75 58 56 233 213 193 165 87 61 78 54
is_linear=0
shrinkage=0.05


Tree=246
num_leaves=31
num_cat=0
split_feature=4 4 3 3 4 6 6 4 6 5 0 3 4 5 5 4 4 1 5 5 3 3 3 5 5 5 0 5 5 5
split_gain=566940 726040 1.63635e+06 1.53229e+06 1.13371e+06 2.11735e+06 2.1368e+06 3.73349e+06 3.59911e+06 1.49536e+06 893124 2.27703e+06 1.92422e+06 1.80468e+06 4.20027e+06 4.49586e+06 3.6401e+06 3.05711e+06 4.15543e+06 5.2222e+06 5.04917e+06 6.61435e+06 3.67444e+06 2.85606e+06 2.80777e+06 3.80944e+06 4.12709e+06 6.61636e+06 3.64481e+06 3.38517e+06
threshold=36800.05000000001 38403.650000000001 38911.450000000004 44604.600000000006 40182.150000000009 46699.48958333335 46908.762500000012 39315.400000000001 48035.456250000003 45842.250000000007 3.5000000000000004 47953.500000000007 40714.400000000009 50328.900000000009 50040.950000000004 58643.05000000001 49995.950000000004 1.0000000180025095e-35 48694.05000000001 48006.100000000006 52582.600000000013 50040.950000000004 50944.650000000009 48263.650000000001 47681.500000000007 47441.150000000001 18.500000000000004 47003.200000000004 47003.200000000004 42039.500000000007
decision_type=2 2 2 2 2 2 2 2 2 2 2 2 2 2 2 2 2 2 2 2 2 2 2 2 2 2 2 2 2 2
left_child=-1 2 -2 -4 5 -3 -7 8 -8 -9 11 -6 -12 14 15 17 -16 -14 19 24 21 -20 -23 -21 25 26 28 -28 29 -19
right_child=1 4 3 -5 10 6 7 9 -10 -11 12 -13 13 -15 16 -17 -18 18 20 23 -22 22 -24 -25 -26 -27 27 -29 -30 -31
leaf_value=6.0821628495266573 7.2344911824101992 -5.7594013898800585 -15.378978587521448 -0.79071484009424853 -1.1901814376600544 22.143687407175701 -18.308352935791017 25.085209121704104 9.0981857465661093 6.5733927249908453 -14.237454936815347 -15.321256497701009 11.474087586478582 -0.43848100087085112 32.086091450282503 22.269501678466796 4.0976277571458084 22.972473526000979 -2.6314543064729667 26.251826070149743 11.281732967694602 -41.686891374133886 -14.224278963023218 5.9502273233925429 -13.497614045824324 16.407210052640817 -0.46274114837105151 -20.650103422270881 24.54297898610433 1.0291134569562714
leaf_weight=38 23 39 36 36 573 21 25 20 23 24 23 30 63 2633 21 25 26 20 81 30 30 21 29 41 35 38 414 45 24 145
leaf_count=38 23 39 36 36 573 21 25 20 23 24 23 30 63 2633 21 25 26 20 81 30 30 21 29 41 35 38 414 45 24 145
internal_value=-7.18051e-09 -0.0503096 -4.37595 -8.08485 0.0410299 4.28563 7.7525 4.46755 -5.17605 14.9879 -0.10739 -1.89322 0.180232 0.26935 1.98233 1.32221 16.6031 0.806779 0.101595 1.59021 -7.22127 -11.4586 -25.7586 14.5284 0.316131 1.02091 0.118631 -2.44189 6.33705 3.68891
internal_weight=4632 4594 95 72 4499 152 113 92 48 44 4347 603 3744 3721 1088 1041 47 1016 953 792 161 131 50 71 721 686 648 459 189 165
internal_count=4632 4594 95 72 4499 152 113 92 48 44 4347 603 3744 3721 1088 1041 47 1016 953 792 161 131 50 71 721 686 648 459 189 165
is_linear=0
shrinkage=0.05


Tree=247
num_leaves=31
num_cat=0
split_feature=1 3 6 6 6 6 6 3 5 4 4 5 5 3 6 5 1 0 3 3 4 6 4 5 4 5 5 4 5 4
split_gain=565003 2.01849e+06 2.08472e+06 2.34609e+06 2.10576e+06 2.68823e+06 3.86732e+06 2.59109e+06 2.54749e+06 5.49316e+06 2.4795e+06 2.45091e+06 2.07352e+06 3.40832e+06 2.65353e+06 1.72243e+06 1.44116e+06 5.45969e+06 6.05777e+06 8.96797e+06 6.24114e+06 6.50839e+06 4.98522e+06 3.93246e+06 8.21508e+06 5.68165e+06 6.70118e+06 3.86789e+06 3.32252e+06 4.30665e+06
threshold=4.5000000000000009 56886.000000000007 54624.531250000007 54196.150000000009 52687.495833333342 52232.993750000001 51595.854166666672 50205.150000000009 44676.80000000001 50994.100000000013 55866.500000000007 41341.700000000004 55983.750000000007 55929.250000000007 50288.73750000001 42718.150000000001 3.5000000000000004 22.500000000000004 47953.500000000007 46941.350000000013 47667.450000000004 54477.693750000013 45585.250000000007 57889.350000000006 59625.900000000009 61623.400000000009 60746.600000000013 46838.700000000004 62284.650000000001 62410.400000000009
decision_type=2 2 2 2 2 2 2 2 2 2 2 2 2 2 2 2 2 2 2 2 2 2 2 2 2 2 2 2 2 2
left_child=15 2 3 4 5 6 12 -8 9 11 -10 -6 13 -2 -14 -1 -17 18 19 22 -20 -22 -18 -23 -25 26 -26 -24 -27 -30
right_child=1 -3 -4 -5 8 -7 7 -9 10 -11 -12 -13 14 -15 -16 16 17 -19 20 -21 21 23 27 24 25 28 -28 -29 29 -31
leaf_value=13.694771162668864 0.2699613478224156 -15.893067411942916 -13.430600455499466 13.278977800184681 -2.2220359893072223 13.681746213095529 -2.4792825872247874 -26.480997073132059 -29.616640052795415 20.332961222671329 -5.0175182796659925 -23.142404737926668 -16.467262759575476 17.971395146421024 5.9333849716186524 -0.26491998650739235 -9.6794892883300783 -20.069917489932138 -21.71181264416925 35.926657462120055 -24.333471142161979 9.0253906660538945 29.62608479658763 -19.64851870329484 2.0255169687599972 -20.121264457702637 38.165204131084941 3.853061078045819 -15.301841584567368 6.4877838551998144
leaf_weight=24 944 22 31 31 42 35 22 23 20 21 21 21 39 28 20 2645 35 26 29 32 22 187 24 46 29 20 23 37 29 104
leaf_count=24 944 22 31 31 42 35 22 23 20 21 21 21 39 28 20 2645 35 26 29 32 22 187 24 46 29 20 23 37 29 104
internal_value=-5.75908e-09 -0.874721 -0.620172 -0.306737 -0.647479 0.0447714 -0.398811 -14.7468 -6.8002 -1.81338 -17.0171 -9.19549 0.227436 0.779879 -8.87382 0.348621 0.251203 2.37429 3.32008 13.0036 0.785333 2.20363 5.36257 3.53654 -0.552754 3.73215 18.0104 13.9933 -1.12058 1.73666
internal_weight=4632 1320 1298 1267 1236 1111 1076 45 125 84 41 63 1031 972 59 3312 3288 643 617 128 489 460 96 438 251 205 52 61 153 133
internal_count=4632 1320 1298 1267 1236 1111 1076 45 125 84 41 63 1031 972 59 3312 3288 643 617 128 489 460 96 438 251 205 52 61 153 133
is_linear=0
shrinkage=0.05


Tree=248
num_leaves=31
num_cat=0
split_feature=5 5 5 6 3 5 0 6 4 6 0 5 0 4 4 3 6 4 6 5 6 0 6 5 1 5 4 5 4 5
split_gain=587968 1.07171e+06 941694 946263 3.21664e+06 3.12849e+06 4.53642e+06 1.44863e+06 2.51983e+06 1.46949e+06 5.8368e+06 1.52907e+06 3.99252e+06 2.55182e+06 4.1728e+06 1.90317e+06 3.38277e+06 3.29378e+06 1.78749e+06 1.68147e+06 5.27942e+06 3.20147e+06 4.89013e+06 1.33888e+06 1.76926e+06 1.53801e+06 4.4423e+06 3.22136e+06 4.94239e+06 3.745e+06
threshold=36800.05000000001 37663.700000000004 38097.55000000001 46511.433333333342 40008.30000000001 51134.950000000004 16.500000000000004 46567.816666666673 43680.650000000001 46610.600000000013 12.500000000000002 40807.700000000004 1.5000000000000002 44379.400000000009 46933.850000000006 41813.500000000007 46986.80000000001 48438.600000000006 46645.493750000016 43464.600000000006 54916.745833333342 19.500000000000004 52912.000000000007 43938.30000000001 2.5000000000000004 44585.850000000013 47396.350000000013 44844.000000000007 44950.80000000001 45066.900000000009
decision_type=2 2 2 2 2 2 2 2 2 2 2 2 2 2 2 2 2 2 2 2 2 2 2 2 2 2 2 2 2 2
left_child=-1 -2 -3 4 -4 6 -6 8 -5 10 -9 12 -11 -14 -15 16 -13 -18 -17 20 21 22 -20 24 -21 26 -25 28 -27 -29
right_child=1 2 3 7 5 -7 -8 9 -10 11 -12 15 13 14 -16 18 17 -19 19 23 -22 -23 -24 25 -26 27 -28 29 -30 -31
leaf_value=6.1939309772692228 -8.4132866608469126 7.8566734263771467 -18.92796714388091 -4.8348686763218476 22.995224996713493 -10.368137276478304 -7.1500515460968019 7.4831072454099301 17.747562929789225 -9.6714903089735245 -26.405596919854482 7.8884713008485994 17.108376979827881 -13.452880836486816 12.71517555041191 -12.757425092767788 -20.682233184316885 0.20644239932298661 29.162725896835326 1.6704586397694507 25.416978101377136 -6.9573450072606411 -3.7230121685908397 12.523799272543854 -17.54510368347168 -31.952844095230105 -12.315409135818483 14.573602644963698 0.35607970007534684 -0.10147087563191751
leaf_weight=38 38 38 29 21 26 39 24 27 30 36 24 29 56 25 39 27 46 32 20 23 27 60 26 72 25 20 24 44 29 3638
leaf_count=38 38 38 29 21 26 39 24 27 30 36 24 29 56 25 39 27 46 32 20 23 27 60 26 72 25 20 24 44 29 3638
internal_value=-2.11109e-08 -0.0512341 0.0185108 -0.0474144 -4.46605 0.246261 8.52549 0.0710854 8.44891 -0.02716 -8.46452 0.0729575 4.93247 9.31366 2.49328 -0.110066 -6.69169 -12.1125 0.0644652 0.15084 5.67875 0.65109 10.5751 -0.038892 -8.33765 0.0651948 6.314 -0.0955891 -12.8312 0.0738967
internal_weight=4632 4594 4556 4518 118 89 50 4400 51 4349 51 4298 156 120 64 4142 107 78 4035 4008 133 106 46 3875 48 3827 96 3731 49 3682
internal_count=4632 4594 4556 4518 118 89 50 4400 51 4349 51 4298 156 120 64 4142 107 78 4035 4008 133 106 46 3875 48 3827 96 3731 49 3682
is_linear=0
shrinkage=0.05


Tree=249
num_leaves=31
num_cat=0
split_feature=5 5 5 6 6 0 5 6 5 6 5 5 5 4 4 4 4 4 5 4 6 6 5 5 3 5 5 3 5 6
split_gain=530641 967217 849878 891524 3.32899e+06 3.14669e+06 3.44191e+06 9.99038e+06 3.4428e+06 2.7894e+06 2.66365e+06 4.90556e+06 2.50441e+06 2.54858e+06 4.89117e+06 2.57994e+06 3.07328e+06 2.08295e+06 1.82226e+06 2.01902e+06 1.54099e+06 1.0779e+06 2.24094e+06 1.34258e+06 974400 4.73461e+06 1.54278e+06 1.20023e+06 1.19118e+06 5.12107e+06
threshold=36800.05000000001 37663.700000000004 38097.55000000001 46736.439583333333 46776.491666666676 21.500000000000004 53167.950000000004 46627.741666666676 39087.900000000009 46511.433333333342 51937.400000000001 50554.450000000004 40532.650000000001 46279.650000000001 50176.750000000007 44379.400000000009 41501.30000000001 47998.500000000007 39349.850000000013 44379.400000000009 46808.356250000004 46842.872916666667 39752.250000000007 40272.100000000013 40272.100000000013 41569.600000000013 41120.850000000006 41328.750000000007 43464.600000000006 54916.745833333342
decision_type=2 2 2 2 2 2 2 2 2 2 2 2 2 2 2 2 2 2 2 2 2 2 2 2 2 2 2 2 2 2
left_child=-1 -2 -3 5 -5 6 8 9 -4 -8 11 12 -10 15 17 16 -14 -15 19 -6 -20 -22 -23 -24 25 -25 -26 -28 29 -29
right_child=1 2 3 4 18 -7 7 -9 10 -11 -12 -13 13 14 -16 -17 -18 -19 20 -21 21 22 23 24 26 -27 27 28 -30 -31
leaf_value=5.8842339867039737 -7.9926218484577376 7.463839776892411 -16.60351668648098 15.517156164986748 -1.710529218401228 -17.14558894995487 -7.6268543156710535 -32.095837459256579 20.738277416229252 17.551597729596224 16.386087820870536 -22.052769412994387 -10.464105218251547 9.0432717595781593 -11.584173922538758 -18.530028013749554 11.344769468307497 30.170177459716797 -10.842229315728853 19.13403811821571 9.2941837433845773 -14.988319541931155 12.073685322637145 11.125548664728802 -13.146058550747959 -17.241263700158974 12.349136214256287 -0.53055187576695495 -0.089903184860258903 24.146129304391366
leaf_weight=38 38 38 23 35 21 33 22 31 20 22 35 20 30 28 20 22 35 20 33 26 31 25 23 24 22 38 20 95 3737 27
leaf_count=38 38 38 23 35 21 33 22 31 20 22 35 20 30 28 20 22 35 20 33 26 31 25 23 24 22 38 20 95 3737 27
internal_value=2.22987e-09 -0.0486724 0.0175853 -0.0450436 0.161936 -2.42846 -0.947773 -10.355 1.84094 4.96237 3.68538 1.40577 4.08675 1.93816 9.19017 -3.73008 1.27913 17.8461 0.0315542 9.82051 -0.0813491 0.00650567 -0.0652764 0.0283202 -0.0415873 -6.26056 0.0572531 0.132137 0.0688196 4.93068
internal_weight=4632 4594 4556 4518 4157 361 328 75 253 44 230 195 175 155 68 87 65 48 4122 47 4075 4042 4011 3986 3963 62 3901 3879 3859 122
internal_count=4632 4594 4556 4518 4157 361 328 75 253 44 230 195 175 155 68 87 65 48 4122 47 4075 4042 4011 3986 3963 62 3901 3879 3859 122
is_linear=0
shrinkage=0.05


Tree=250
num_leaves=31
num_cat=0
split_feature=0 3 5 4 6 1 4 3 4 5 4 6 6 6 6 4 6 6 4 1 3 5 3 5 0 3 6 6 1 3
split_gain=543138 5.86778e+06 2.45309e+06 3.31755e+06 1.16155e+07 8.03215e+06 6.47403e+06 6.19227e+06 4.21893e+06 2.96003e+06 1.61506e+06 1.55774e+06 5.02309e+06 1.54488e+06 4.36945e+06 3.98398e+06 3.65881e+06 4.99142e+06 3.61228e+06 3.68228e+06 3.05451e+06 2.88573e+06 1.01074e+07 4.84346e+06 4.18163e+06 2.38438e+06 2.28624e+06 3.93381e+06 3.81648e+06 2.33443e+06
threshold=7.5000000000000009 56513.400000000009 58467.000000000007 56844.450000000004 55162.522916666676 4.5000000000000009 55990.850000000006 54336.850000000013 55317.650000000001 55432.450000000004 54917.55000000001 46486.364583333336 46555.875000000007 55315.818750000013 55230.910416666673 47614.750000000007 55194.312500000007 55154.089583333342 47341.950000000004 2.5000000000000004 48966.150000000009 52639.55000000001 50387.05000000001 53361.250000000007 5.5000000000000009 53363.05000000001 54989.702083333344 55022.529166666667 2.5000000000000004 45623.950000000004
decision_type=2 2 2 2 2 2 2 2 2 2 2 2 2 2 2 2 2 2 2 2 2 2 2 2 2 2 2 2 2 2
left_child=1 2 3 6 5 7 8 -5 10 -8 11 -1 -13 14 16 -16 17 21 19 -15 -20 22 26 -23 -25 -26 29 -28 -29 -14
right_child=-2 -3 -4 4 -6 -7 9 -9 -10 -11 -12 12 13 18 15 -17 -18 -19 20 -21 -22 23 -24 24 25 -27 27 28 -30 -31
leaf_value=-10.480140686035156 0.38284742287082668 -24.317943367591273 -13.078800201416016 51.054384266246451 -22.597865445273264 -5.8371181869506836 -32.61411714553833 13.095951981771561 18.516045816739403 -6.0364833450317388 -14.201217156364805 21.402626970079211 0.84550158066478209 11.094084679562114 0.11658157680345618 -27.968197270802094 20.343606337479184 -23.769837736046835 21.676055729694856 -14.517665322621665 1.3295321593965803 28.983817709059942 -31.289591331835148 -15.571673123041789 15.843330979277923 -3.5748372879028327 25.408132353695958 11.365442281961442 -9.4068274782925112 -4.940428274384252
leaf_weight=36 3088 26 37 22 21 20 22 21 30 20 21 27 492 23 23 28 21 23 39 36 35 21 27 24 43 25 22 48 41 270
leaf_count=36 3088 26 37 22 21 20 22 21 30 20 21 27 492 23 23 28 21 23 39 36 35 21 27 24 43 25 22 48 41 270
internal_value=-2.80865e-08 -0.765695 -0.362297 -0.0445988 9.60612 20.3408 -0.624885 32.5165 -0.0256269 -19.9581 -0.445438 -0.223911 0.067275 -0.396911 -1.00812 -15.3025 -0.318416 -0.737241 4.69495 -4.53342 12.0527 -0.21429 -1.1599 7.3171 2.37144 8.7043 -0.228051 6.47604 1.79619 -1.20463
internal_weight=4632 1544 1518 1481 84 63 1397 43 1355 42 1325 1304 1268 1241 1108 51 1057 1036 133 59 74 1013 900 113 92 68 873 111 89 762
internal_count=4632 1544 1518 1481 84 63 1397 43 1355 42 1325 1304 1268 1241 1108 51 1057 1036 133 59 74 1013 900 113 92 68 873 111 89 762
is_linear=0
shrinkage=0.05


Tree=251
num_leaves=31
num_cat=0
split_feature=0 4 3 4 3 4 6 5 5 3 3 5 4 6 1 6 5 4 4 3 5 6 4 6 5 5 5 5 3 0
split_gain=539258 2.00432e+06 1.72866e+06 1.62896e+06 6.94899e+06 1.4871e+06 3.15918e+06 3.79807e+06 1.35902e+06 1.68323e+06 5.51654e+06 2.99045e+06 2.69231e+06 3.87167e+06 4.81303e+06 5.72456e+06 4.75884e+06 4.50241e+06 3.70535e+06 3.39103e+06 2.87868e+06 3.7182e+06 6.78086e+06 4.29324e+06 3.2852e+06 2.07589e+06 2.04112e+06 1.92903e+06 2.52829e+06 1.52953e+06
threshold=3.5000000000000004 47667.450000000004 39739.350000000013 46134.250000000007 38700.000000000007 47911.500000000007 55063.693749999999 45732.250000000007 48778.80000000001 40272.100000000013 41328.750000000007 40532.650000000001 45499.700000000004 55114.022916666676 3.5000000000000004 54714.554166666676 45937.950000000004 46202.900000000001 45119.150000000001 43300.900000000009 43102.30000000001 55146.743750000001 42851.600000000006 47926.833333333343 44676.80000000001 46237.650000000009 44215.950000000004 38402.400000000001 38138.650000000001 1.5000000000000002
decision_type=2 2 2 2 2 2 2 2 2 2 2 2 2 2 2 2 2 2 2 2 2 2 2 2 2 2 2 2 2 2
left_child=1 8 3 4 -2 -3 7 -7 9 11 -11 27 18 14 15 -14 -17 -16 19 -12 -21 22 23 -22 -24 -15 -13 28 -1 -29
right_child=2 5 -4 -5 -6 6 -8 -9 -10 10 12 26 13 25 17 16 -18 -19 -20 20 21 -23 24 -25 -26 -27 -28 29 -30 -31
leaf_value=3.6247729455271078 -4.838291753133138 -18.173255046208702 0.088320493099078468 -4.370639256068638 29.795911598205567 2.7092262662690261 7.5744212309519456 -21.457829588812753 -9.6631008420671733 25.386812202135722 -17.217704565708456 -21.597096711397171 -15.9422692995805 2.4839569552191372 41.320222368240358 -0.39616228739420573 31.782852287292481 8.8827033333156429 -18.674672145228232 19.040357329628687 -2.7514598158689645 12.655584672439931 -33.031694402013507 22.462226234436038 -8.1472873051961265 -18.455078279972078 -1.2353167438507082 -2.9219240603239642 -17.746320266723632 13.676419899804252
leaf_weight=31 30 24 3781 21 28 29 36 37 35 24 26 32 26 29 20 27 20 23 31 22 52 43 21 25 36 20 20 23 25 35
leaf_count=31 30 24 3781 21 28 29 36 37 35 24 26 32 26 29 20 27 20 23 31 22 52 43 21 25 36 20 20 23 25 35
internal_value=2.44183e-08 -1.20634 0.241268 7.56143 11.8817 -6.97501 -4.34013 -10.839 -0.0811795 0.467703 2.07056 -3.82911 0.741369 5.72183 10.6997 2.88304 13.297 23.9699 -2.46869 -0.235869 1.98286 -0.137277 -4.24245 5.4348 -17.3152 -6.06259 -13.7656 0.703337 -5.91589 7.09432
internal_weight=4632 772 3860 79 58 126 102 66 646 611 445 166 421 165 116 73 47 43 256 225 199 177 134 77 57 49 52 114 56 58
internal_count=4632 772 3860 79 58 126 102 66 646 611 445 166 421 165 116 73 47 43 256 225 199 177 134 77 57 49 52 114 56 58
is_linear=0
shrinkage=0.05


Tree=252
num_leaves=31
num_cat=0
split_feature=0 3 3 5 6 5 3 5 5 4 6 0 4 4 4 6 3 0 6 6 6 5 3 6 5 0 5 3 4 6
split_gain=555073 4.21876e+06 6.20495e+06 5.09901e+06 6.66943e+06 5.52764e+06 2.23946e+06 3.01957e+06 4.02746e+06 2.47082e+06 2.22108e+06 2.17132e+06 4.10904e+06 2.14463e+06 3.31029e+06 4.28789e+06 6.81898e+06 6.40864e+06 5.47056e+06 5.45666e+06 4.11188e+06 3.17306e+06 2.4144e+06 4.19939e+06 1.44287e+06 1.387e+06 3.57775e+06 3.12231e+06 2.85755e+06 2.58583e+06
threshold=17.500000000000004 56786.750000000007 56356.600000000013 54246.250000000007 55015.710416666669 55856.350000000006 56048.600000000006 54584.850000000006 53167.950000000004 54393.80000000001 55084.83125000001 20.500000000000004 49032.150000000001 43574.600000000013 50994.100000000013 46699.48958333335 52045.650000000009 19.500000000000004 47926.833333333343 54878.385416666679 47027.693750000006 49543.500000000007 47302.350000000013 54909.80000000001 44097.80000000001 10.500000000000002 49173.100000000006 63513.350000000006 64511.950000000004 46442.36250000001
decision_type=2 2 2 2 2 2 2 2 2 2 2 2 2 2 2 2 2 2 2 2 2 2 2 2 2 2 2 2 2 2
left_child=25 2 6 10 5 -5 7 8 9 11 -3 13 -13 24 15 -15 18 -18 20 -19 -17 -20 -16 -24 -2 27 -27 28 -1 -28
right_child=1 3 -4 4 -6 -7 -8 -9 -10 -11 -12 12 -14 14 22 16 17 19 21 -21 -22 -23 23 -25 -26 26 29 -29 -30 -31
leaf_value=0.0088025800103509484 4.8939652842283259 13.060284394484299 27.002862076532274 -48.58831346148537 0.32840823511923517 -13.791538440704347 -16.614103408086869 19.116892261505125 -20.737805509567263 -13.438531251387165 -8.5258404409343544 -0.31387585835719328 -18.2299103344188 -10.144919494628908 -17.75370101928711 25.962816446477717 22.210286041100822 -29.483756703138354 48.922286071777343 4.0145311720909609 -3.1574350674947103 21.404876440221614 14.649686145782471 -9.5382165607653171 -12.225720521807672 17.582429058411545 -16.686552691459656 -15.291278253282821 -14.399195534672058 1.4301005858086402
leaf_weight=2053 20 26 21 21 31 25 21 20 24 33 22 545 34 25 20 22 24 20 20 31 27 22 34 38 32 34 20 35 35 1297
leaf_count=2053 20 26 21 21 31 25 21 20 24 33 22 545 34 25 20 22 24 20 20 31 27 22 34 38 32 34 20 35 35 1297
internal_value=2.12322e-11 -0.948029 0.101787 -9.62371 -17.5969 -29.677 -0.456436 -0.114044 -0.51015 0.00248356 3.16664 0.487772 -1.36594 3.69165 5.40652 9.1596 12.0669 0.904296 21.2669 -9.12205 9.91696 34.5084 -2.38518 1.88385 -5.64123 0.31601 1.5684 -0.480968 -0.232711 1.15498
internal_weight=4632 1158 1033 125 77 46 1012 991 971 947 48 914 579 335 283 191 166 75 91 51 49 42 92 72 52 3474 1351 2123 2088 1317
internal_count=4632 1158 1033 125 77 46 1012 991 971 947 48 914 579 335 283 191 166 75 91 51 49 42 92 72 52 3474 1351 2123 2088 1317
is_linear=0
shrinkage=0.05


Tree=253
num_leaves=31
num_cat=0
split_feature=1 3 6 6 6 6 4 5 4 6 6 3 5 3 5 5 3 6 5 5 0 3 0 3 5 0 5 3 0 4
split_gain=545243 1.85025e+06 1.90377e+06 2.19489e+06 1.85582e+06 3.10674e+06 4.36286e+06 2.27259e+06 3.76687e+06 2.80864e+06 2.70659e+06 4.34224e+06 2.65107e+06 2.62154e+06 1.87102e+06 1.65439e+06 3.48849e+06 2.57934e+06 1.55472e+06 2.85816e+06 6.37959e+06 7.49632e+06 2.6173e+06 6.63434e+06 7.07555e+06 6.48265e+06 7.58631e+06 4.65768e+06 3.57281e+06 5.19831e+06
threshold=4.5000000000000009 56886.000000000007 54624.531250000007 54196.150000000009 52793.006250000006 53170.302083333336 48438.600000000006 54775.55000000001 63179.500000000007 52468.264583333337 51595.854166666672 49767.55000000001 55234.600000000013 54460.30000000001 42718.150000000001 55983.750000000007 54069.05000000001 47098.847916666673 54351.500000000007 52639.55000000001 9.5000000000000018 53289.700000000004 16.500000000000004 50318.05000000001 48377.80000000001 7.5000000000000009 50328.900000000009 46157.450000000004 14.500000000000002 52496.450000000004
decision_type=2 2 2 2 2 2 2 2 2 2 2 2 2 2 2 2 2 2 2 2 2 2 2 2 2 2 2 2 2 2
left_child=-1 2 3 4 7 -6 -7 8 9 10 18 -12 -9 -10 -8 16 -14 -17 19 22 -21 -22 25 -24 -25 27 -27 -2 -28 -30
right_child=1 -3 -4 -5 5 6 14 12 13 -11 11 -13 15 -15 -16 17 -18 -19 -20 20 21 -23 23 24 -26 26 28 -29 29 -31
leaf_value=0.3424700946758551 1.667108696668576 -15.238131921941585 -12.857431965489543 12.824578197540777 -21.540370685082895 -14.840152795691239 19.016603070213684 -20.904637969970704 5.375398714477952 15.91258207073918 -0.43360210867489085 -29.794502525329591 -10.838339881896973 27.843683872222904 -0.72666331018720365 3.1552013750429508 17.43611585299174 -17.829028087854386 14.010424185991287 -33.338809452056886 22.236782331052037 -11.945346450805665 0.6664473911602341 -0.43313625042255111 -37.687628517150884 34.499722246969903 16.02656327088674 -19.809336050625504 -22.887215847969056 9.6075006678700454
leaf_weight=3312 195 22 31 31 27 38 21 25 37 27 34 20 20 20 28 27 24 32 20 20 23 53 334 26 25 31 48 29 20 32
leaf_count=3312 195 22 31 31 27 38 21 25 37 27 34 20 20 20 28 27 24 32 20 20 23 53 334 26 25 31 48 29 20 32
internal_value=-5.65453e-08 -0.859289 -0.61558 -0.316055 -0.645634 -6.7238 -2.12556 -0.0280661 0.779441 0.0202784 -0.451251 -11.308 -6.29886 13.259 7.73474 -2.75377 4.58409 -8.22608 0.233637 -0.0959507 -8.21285 -1.60075 0.957052 -1.89833 -18.6951 4.05374 12.889 -1.11332 6.18971 -2.89047
internal_weight=4632 1320 1298 1267 1236 114 87 1122 994 937 910 54 128 57 49 103 44 59 856 836 96 76 740 385 51 355 131 224 100 52
internal_count=4632 1320 1298 1267 1236 114 87 1122 994 937 910 54 128 57 49 103 44 59 856 836 96 76 740 385 51 355 131 224 100 52
is_linear=0
shrinkage=0.05


Tree=254
num_leaves=31
num_cat=0
split_feature=4 0 4 6 5 5 4 5 5 3 3 5 5 1 4 5 5 1 4 6 5 4 4 5 4 5 6 0 4 0
split_gain=525292 673596 2.77527e+06 3.6098e+06 1.84759e+06 1.38669e+06 5.57866e+06 5.02e+06 4.63121e+06 1.71481e+06 4.40331e+06 2.35461e+06 1.43524e+06 5.24494e+06 3.87703e+06 3.79793e+06 2.62585e+06 2.97685e+06 2.74102e+06 2.18354e+06 4.1514e+06 3.06514e+06 1.19618e+06 1.19223e+06 3.11136e+06 3.31166e+06 5.51938e+06 2.85009e+06 4.50394e+06 3.98146e+06
threshold=36800.05000000001 2.5000000000000004 47667.450000000004 54741.866666666676 47924.750000000007 46869.450000000004 45687.750000000007 46395.350000000013 46166.250000000007 46941.350000000013 46018.900000000009 44585.850000000013 44215.950000000004 1.5000000000000002 40714.400000000009 45066.900000000009 42907.900000000009 4.5000000000000009 46062.600000000006 46932.912499999999 38402.400000000001 39315.400000000001 37914.450000000004 50328.900000000009 58643.05000000001 50040.950000000004 54984.63958333333 19.500000000000004 43574.600000000013 4.5000000000000009
decision_type=2 2 2 2 2 2 2 2 2 2 2 2 2 2 2 2 2 2 2 2 2 2 2 2 2 2 2 2 2 2
left_child=-1 2 4 -4 5 7 -7 8 9 10 12 -12 16 14 -14 -15 17 -2 19 21 -21 -19 -3 24 25 -24 -27 28 -25 -30
right_child=1 22 3 -5 -6 6 -8 -9 -10 -11 11 -13 13 15 -16 -17 -18 18 -20 20 -22 -23 23 27 -26 26 -28 -29 29 -31
leaf_value=5.8544998294428776 17.769447694505967 -10.954005487759908 1.3329262924194336 -28.017176940224388 -13.397911520357486 19.553179844447545 -13.549817848205567 -21.38507001059396 23.965620031356814 10.965517333458211 -5.1697027873992925 -29.431842250823976 10.488259494872322 27.410011405944825 -16.686768966402326 2.8292088393009074 -15.676497640917379 4.2065472920735685 -18.197716207089634 19.644356989860537 -6.2453725274403888 -19.498775344848635 0.60628830945169609 20.570401573181154 17.933722768511092 -1.004978724888393 32.461485958099367 -11.43813605726811 -13.778155918474551 -0.056068220534517869
leaf_weight=38 21 24 20 22 27 35 20 28 20 29 20 20 21 30 35 33 31 30 23 32 30 25 1295 26 28 28 22 57 54 2508
leaf_count=38 21 24 20 22 27 35 20 28 20 29 20 20 21 30 35 33 31 30 23 32 30 25 1295 26 28 28 22 57 54 2508
internal_value=-6.01813e-09 -0.0484264 -1.68676 -14.0409 -0.66936 0.042174 7.51573 -0.918212 0.514468 -0.719804 -1.68526 -17.3008 0.323169 4.63765 -6.49613 14.5344 -2.35091 0.214883 -2.4183 0.683635 7.11707 -6.5686 0.175315 0.241791 1.43722 1.0938 13.7203 -0.378746 -0.135166 -0.345293
internal_weight=4632 4594 552 42 510 483 55 428 400 380 351 40 311 119 56 63 192 161 140 117 62 55 4042 4018 1373 1345 50 2645 2588 2562
internal_count=4632 4594 552 42 510 483 55 428 400 380 351 40 311 119 56 63 192 161 140 117 62 55 4042 4018 1373 1345 50 2645 2588 2562
is_linear=0
shrinkage=0.05


Tree=255
num_leaves=31
num_cat=0
split_feature=0 4 5 5 5 6 6 6 4 5 3 4 6 5 6 3 5 4 3 3 6 6 0 1 4 5 5 3 6 4
split_gain=536196 4.18021e+06 1.93921e+06 3.47309e+06 2.87996e+06 1.92002e+06 7.02678e+06 4.65787e+06 2.70185e+06 6.62907e+06 3.8082e+06 4.65319e+06 3.86163e+06 4.1618e+06 3.69958e+06 3.66744e+06 3.92221e+06 3.05269e+06 3.95672e+06 5.20667e+06 3.12652e+06 3.02735e+06 2.47347e+06 3.85345e+06 5.01323e+06 3.98004e+06 3.48374e+06 3.43812e+06 3.35477e+06 2.32354e+06
threshold=15.500000000000002 61782.200000000004 61476.700000000004 60619.850000000013 59532.000000000007 54736.472916666673 54714.554166666676 54767.977083333339 55635.350000000006 54982.750000000007 56643.80000000001 53387.100000000006 55328.183333333342 55234.600000000013 55202.758333333339 59813.450000000004 57746.350000000013 45321.900000000009 46941.350000000013 48274.000000000007 54832.847916666673 54909.80000000001 22.500000000000004 1.5000000000000002 50263.55000000001 51134.950000000004 45352.850000000013 50639.80000000001 55146.743750000001 48064.850000000006
decision_type=2 2 2 2 2 2 2 2 2 2 2 2 2 2 2 2 2 2 2 2 2 2 2 2 2 2 2 2 2 2
left_child=-1 2 3 4 5 6 -2 -7 10 -10 11 17 13 -12 15 -11 -17 18 -9 -20 -19 -22 23 29 27 -26 -24 28 -25 -23
right_child=1 -3 -4 -5 -6 7 -8 8 9 14 12 -13 -14 -15 -16 16 -18 20 19 -21 21 22 26 24 25 -27 -28 -29 -30 -31
leaf_value=0.38039292486220444 -1.0463312107631093 -22.40000124844638 -15.184993769905786 19.959085637047181 -12.565519756078722 20.760954324660762 -31.081618041992186 -2.3563073422046421 33.039962891169957 -7.8611939048767088 -35.404436384547843 24.546552381515504 6.3654712415876844 -6.1079475402832033 -8.4579088376915976 1.8553464844113305 31.166621582031254 -17.529389647514588 34.377009900410968 0.70166153257543395 12.748351271947225 -2.5109307413515838 0.59710773468017586 -22.415957046690444 -30.31649491446359 -2.2456236134404723 -28.914493818283081 12.110502194274556 2.1591690714766343 17.624173720573125
leaf_weight=3088 739 22 22 21 48 31 20 47 21 20 22 20 21 27 46 21 25 31 24 22 36 23 20 21 28 23 20 44 41 38
leaf_count=3088 739 22 22 21 48 31 20 47 21 20 22 20 21 27 46 21 25 31 24 22 36 23 20 21 28 23 20 44 41 38
internal_value=-6.49191e-10 -0.760786 -0.447998 -0.231856 -0.518542 -0.114451 -1.83777 1.83198 0.91654 7.26075 -0.744443 0.98621 -11.5734 -19.2615 2.42714 10.0137 17.7854 -0.141079 7.84665 18.2714 -2.4268 -0.834347 -2.72961 -0.632528 -4.77617 -17.6571 -14.1587 1.42125 -6.16466 10.0322
internal_weight=4632 1544 1522 1500 1479 1431 759 672 641 133 508 438 70 49 112 66 46 418 93 46 325 294 258 218 157 51 40 106 62 61
internal_count=4632 1544 1522 1500 1479 1431 759 672 641 133 508 438 70 49 112 66 46 418 93 46 325 294 258 218 157 51 40 106 62 61
is_linear=0
shrinkage=0.05


Tree=256
num_leaves=31
num_cat=0
split_feature=0 3 5 5 4 3 6 6 3 4 3 4 0 5 1 3 6 5 3 5 5 5 6 6 4 0 5 1 5 3
split_gain=507936 3.71057e+06 1.04328e+07 6.22304e+06 5.34934e+06 5.28099e+06 5.15064e+06 1.84044e+06 5.26452e+06 5.18933e+06 3.93047e+06 9.14718e+06 4.71459e+06 4.65669e+06 3.86212e+06 4.75147e+06 3.15181e+06 2.6477e+06 2.81287e+06 4.12352e+06 2.52088e+06 3.6306e+06 2.58517e+06 2.66832e+06 2.53919e+06 2.49728e+06 2.42624e+06 4.06088e+06 2.91553e+06 2.67898e+06
threshold=17.500000000000004 57731.700000000004 54351.500000000007 55312.750000000007 54256.100000000013 56786.750000000007 55009.060416666667 54736.472916666673 55600.80000000001 54393.80000000001 52045.650000000009 48946.150000000001 20.500000000000004 48694.05000000001 3.5000000000000004 53677.350000000006 54710.014583333344 52639.55000000001 51040.500000000007 48482.150000000009 47264.750000000007 46688.100000000006 55114.022916666676 55215.347916666673 44557.05000000001 18.500000000000004 45066.900000000009 1.5000000000000002 46459.400000000001 46672.350000000006
decision_type=2 2 2 2 2 2 2 2 2 2 2 2 2 2 2 2 2 2 2 2 2 2 2 2 2 2 2 2 2 2
left_child=-1 3 -3 5 -5 7 -4 9 10 16 12 -12 -9 20 15 -13 17 18 19 25 21 22 24 -24 -14 -2 29 -28 -29 -27
right_child=1 2 6 4 -6 -7 -8 8 -10 -11 11 14 13 -15 -16 -17 -18 -19 -20 -21 -22 -23 23 -25 -26 26 27 28 -30 -31
leaf_value=0.30229412889602414 14.295489521684317 10.817692163563335 -41.10555878419143 37.446862392425537 1.7180618806318806 -24.081769148508709 -8.2337830456820402 19.597393196507507 20.044371285309666 -23.295511926923481 -36.754637388749558 11.837975444793702 22.636290910508901 -16.814641136472876 16.435470088322958 -18.712380632672993 -20.164361817496165 -16.585295724868775 10.552150464057924 -21.607559469471809 12.312155800852283 -14.156238495622361 -18.305901012420655 2.4024700048991612 3.6081519603729251 -0.33748428247776269 3.8696341832478844 -31.263551980798894 -6.7427980564258725 15.747800748101596
leaf_weight=3474 29 32 26 20 22 24 22 38 37 28 22 20 27 33 24 35 21 24 60 23 58 35 20 70 50 241 39 22 27 29
leaf_count=3474 29 32 26 20 22 24 22 38 37 28 22 20 27 33 24 35 21 24 60 23 58 35 20 70 50 241 39 22 27 29
internal_value=4.64685e-08 -0.906882 -11.2965 -0.135852 18.7318 -0.900755 -26.0393 -0.351008 1.94331 -2.33266 0.392991 -8.24084 3.02748 0.878484 -0.300285 -7.60316 -1.19293 -0.386454 0.440721 -1.039 3.12415 0.48601 3.55474 -2.19939 10.2804 0.183421 -0.959736 -8.16975 -17.7521 1.39019
internal_weight=4632 1158 80 1078 42 1036 48 1012 469 543 432 101 331 293 79 55 515 494 470 410 260 202 167 90 77 387 358 88 49 270
internal_count=4632 1158 80 1078 42 1036 48 1012 469 543 432 101 331 293 79 55 515 494 470 410 260 202 167 90 77 387 358 88 49 270
is_linear=0
shrinkage=0.05


Tree=257
num_leaves=31
num_cat=0
split_feature=5 4 0 3 6 5 3 0 6 6 4 5 1 5 1 5 3 6 3 5 5 4 3 6 5 5 4 4 3 3
split_gain=509711 4.08751e+06 3.4012e+06 2.07122e+06 3.3324e+06 1.58849e+06 1.89098e+06 1.84094e+06 5.46319e+06 2.75439e+06 5.05566e+06 4.76728e+06 3.33137e+06 4.25531e+06 3.43003e+06 3.49349e+06 2.84198e+06 2.74644e+06 2.64092e+06 2.43378e+06 4.14008e+06 3.93399e+06 3.70572e+06 2.52294e+06 2.10659e+06 6.71285e+06 2.34636e+06 4.75669e+06 3.04129e+06 1.77806e+06
threshold=61831.05000000001 65550.550000000003 15.500000000000002 58113.750000000007 50392.897916666676 62284.650000000001 59813.450000000004 11.500000000000002 55416.437500000007 54839.162500000013 65051.30000000001 63143.900000000009 1.5000000000000002 66158.950000000012 3.5000000000000004 64245.150000000001 64773.150000000001 55122.872916666682 65131.30000000001 63898.450000000004 64245.150000000001 63696.000000000007 64773.150000000001 54487.62708333334 62621.200000000004 63298.700000000004 65712.550000000003 64299.950000000004 61370.250000000007 62261.950000000004
decision_type=2 2 2 2 2 2 2 2 2 2 2 2 2 2 2 2 2 2 2 2 2 2 2 2 2 2 2 2 2 2
left_child=1 -1 3 -2 -5 29 -7 8 24 10 19 17 16 14 15 -14 -13 -11 -17 23 -21 22 -22 -9 -8 -26 27 28 -27 -6
right_child=2 -3 -4 4 5 6 7 9 -10 11 -12 12 13 -15 -16 18 -18 -19 -20 20 21 -23 -24 -25 25 26 -28 -29 -30 -31
leaf_value=0.09597650841354563 -15.410186502207882 18.041932666301729 -21.484577674865722 16.75315815976688 2.9449356317520143 13.697443636258445 13.764536586403848 -15.350395014479355 -28.377644329979308 33.720022802352908 -20.435632997400621 3.2852430661519372 20.274187897046406 22.545194796858166 -11.916548385620118 -12.637395645141602 -21.901478429635368 8.3856345790883768 11.414357721237909 24.74301069433039 -19.688301094621423 18.177646324851295 5.8131854912330363 4.9734663669879629 -25.130396474202474 -11.962810104370119 13.707206058502198 -16.156024203189585 7.8241265129768998 -13.907245207892524
leaf_weight=3756 23 32 20 28 24 24 20 37 21 20 34 21 30 29 35 25 24 23 21 22 28 22 29 26 30 25 28 43 87 45
leaf_count=3756 23 32 20 28 24 24 20 37 21 20 34 21 30 29 35 25 24 23 21 22 28 22 29 26 30 25 28 43 87 45
internal_value=-3.62659e-08 0.247579 -1.11117 -0.616673 -0.19189 -0.805682 -0.0960863 -0.582917 -3.95209 1.42593 -2.88839 5.17258 1.68691 5.49088 1.03525 6.9999 -10.1477 20.1691 -1.65725 0.749451 5.56004 0.217951 -6.71386 -6.96277 -1.75064 -3.20747 0.386456 -2.01987 3.4074 -8.04562
internal_weight=4632 3788 844 824 801 773 704 680 254 426 198 228 185 140 111 76 45 43 46 164 101 79 57 63 233 213 183 155 112 69
internal_count=4632 3788 844 824 801 773 704 680 254 426 198 228 185 140 111 76 45 43 46 164 101 79 57 63 233 213 183 155 112 69
is_linear=0
shrinkage=0.05


Tree=258
num_leaves=31
num_cat=0
split_feature=4 4 4 4 3 6 4 6 1 3 3 3 6 4 5 4 6 6 5 4 4 5 6 4 5 5 0 4 3 3
split_gain=547872 1.26482e+06 850148 3.06022e+06 3.19313e+06 2.94441e+06 2.86022e+06 3.12549e+06 5.6181e+06 2.61186e+06 4.65514e+06 1.99855e+06 1.95608e+06 1.90267e+06 2.29088e+06 1.52127e+06 2.52645e+06 5.13395e+06 3.62475e+06 2.12394e+06 5.66322e+06 4.45727e+06 3.8234e+06 3.77535e+06 3.4706e+06 8.47746e+06 2.0422e+06 1.88398e+06 1.98348e+06 3.56696e+06
threshold=66923.85000000002 66397.400000000009 64511.950000000004 64929.350000000013 64877.100000000013 54994.568750000013 64095.200000000004 55154.089583333342 3.5000000000000004 65051.30000000001 62610.80000000001 63778.500000000007 54457.07916666667 63854.650000000009 63814.450000000004 63179.500000000007 55179.381250000006 54807.839583333334 55983.750000000007 62077.350000000013 61426.900000000009 62877.250000000007 55122.872916666682 62245.400000000001 64707.450000000004 63994.850000000006 11.500000000000002 60588.650000000001 65550.550000000003 64877.100000000013
decision_type=2 2 2 2 2 2 2 2 2 2 2 2 2 2 2 2 2 2 2 2 2 2 2 2 2 2 2 2 2 2
left_child=1 2 6 4 5 -4 13 8 -8 10 12 -12 -5 15 -15 19 17 18 -17 20 27 22 -22 -21 25 -25 -19 28 29 -1
right_child=-2 -3 3 9 -6 -7 7 -9 -10 -11 11 -13 -14 14 -16 16 -18 26 -20 23 21 -23 -24 24 -26 -27 -28 -29 -30 -31
leaf_value=0.046722724904504583 -6.1441841761271156 9.3833533816867405 -11.919797216142927 -0.44980637335008194 -27.860056910514835 10.457664495422726 -11.075328381308195 26.819206008911138 22.015178927131323 13.35212047985622 -19.818841003649165 -2.6677673557826456 17.782008671760561 -18.22451878209268 2.6022982970527981 16.457623507380486 -7.162703018188477 11.962494831993467 -10.225792236328125 -19.681454430686102 10.15264722329599 -5.2824422638991786 33.803200389862063 -4.0516433079411662 -17.786692711402633 28.35126424233119 34.287247161865238 -6.1412313862452432 -12.314275552332402 17.653874877403521
leaf_weight=3545 36 36 49 31 20 21 29 20 23 35 33 35 28 31 23 20 30 21 35 36 54 29 25 127 29 24 20 126 32 29
leaf_count=3545 36 36 49 31 20 21 29 20 23 35 33 35 28 31 23 20 30 21 35 36 54 29 25 127 29 24 20 126 32 29
internal_value=-8.82022e-09 0.0481268 -0.0255724 -2.84832 -10.2407 -5.20656 0.139547 10.0215 3.56086 1.25854 -2.07434 -10.9911 8.20258 -0.0284187 -9.35384 0.0919956 5.50259 9.46049 -0.522732 -0.0760849 0.19528 11.4827 17.637 -4.90035 -1.94412 1.09849 22.8526 -0.131366 0.0786294 0.18959
internal_weight=4632 4596 4560 252 90 70 4308 72 52 162 127 68 59 4236 54 4182 126 96 55 4056 3840 108 79 216 180 151 41 3732 3606 3574
internal_count=4632 4596 4560 252 90 70 4308 72 52 162 127 68 59 4236 54 4182 126 96 55 4056 3840 108 79 216 180 151 41 3732 3606 3574
is_linear=0
shrinkage=0.05


Tree=259
num_leaves=31
num_cat=0
split_feature=1 3 6 6 6 6 6 5 4 4 6 6 6 5 6 6 5 5 3 3 0 6 6 6 3 5 3 5 0 0
split_gain=516807 1.7027e+06 1.75135e+06 1.98782e+06 1.73311e+06 2.40752e+06 3.32609e+06 2.13585e+06 4.8369e+06 2.31934e+06 2.00878e+06 4.08715e+06 2.74475e+06 3.06934e+06 3.88246e+06 2.80806e+06 3.12121e+06 1.86906e+06 1.3815e+06 8.0318e+06 3.92601e+06 2.38756e+06 3.9949e+06 3.98686e+06 6.32012e+06 2.09288e+06 1.75507e+06 1.82286e+06 4.85757e+06 3.94596e+06
threshold=4.5000000000000009 56886.000000000007 54624.531250000007 54196.150000000009 52687.495833333342 52232.993750000001 51701.131250000013 44676.80000000001 50994.100000000013 55866.500000000007 51444.15833333334 51094.72083333334 50516.979166666672 55983.750000000007 47027.693750000006 49521.720833333347 54246.250000000007 41341.700000000004 40550.250000000007 40008.30000000001 4.5000000000000009 47027.693750000006 46828.164583333346 46576.5 38700.000000000007 40008.30000000001 41109.30000000001 43779.700000000004 19.500000000000004 18.500000000000004
decision_type=2 2 2 2 2 2 2 2 2 2 2 2 2 2 2 2 2 2 2 2 2 2 2 2 2 2 2 2 2 2
left_child=-1 2 3 4 5 6 10 8 17 -9 11 12 13 15 -15 18 -17 -6 19 21 -20 22 23 25 -25 -2 -22 28 -28 -29
right_child=1 -3 -4 -5 7 -7 -8 9 -10 -11 -12 -13 -14 14 -16 16 -18 -19 20 -21 26 -23 -24 24 -26 -27 27 29 -30 -31
leaf_value=0.33342008982168664 -1.2345954936483634 -14.630194334550337 -12.344369063838837 12.189936394845287 -2.4822217992373878 12.904209379468647 -16.04937834884181 -27.751894493103027 19.13659284682501 -3.9604983534131737 15.38125472295852 -19.4358240198206 14.458710419047964 0.78220961888631191 -28.656215522402807 23.933329545534576 -1.3526038377181344 -20.751334163120816 -21.137645514806113 32.711636534191314 -14.119580841064455 14.787903561799423 -22.155514873157848 -3.5208401934305829 31.761893983320757 -20.608624801635742 25.943504088857903 -0.0065481620676377241 0.89281468821353605 -14.826023220062257
leaf_weight=3312 46 22 31 31 42 35 33 20 21 21 21 27 33 24 21 26 23 21 24 21 23 23 22 30 22 20 23 442 122 50
leaf_count=3312 46 22 31 31 42 35 33 20 21 21 21 27 33 24 21 26 23 21 24 21 23 23 22 30 22 20 23 442 122 50
internal_value=1.37369e-08 -0.836581 -0.602791 -0.315507 -0.629155 -0.00113803 -0.420922 -6.21097 -1.6448 -15.5661 0.0735549 -0.240987 0.279878 -0.206506 -12.9557 0.419137 12.0644 -8.57193 -0.238258 3.6077 -1.27284 -0.141883 -2.59463 1.05231 11.4065 -7.10551 -0.550488 -0.0605517 4.86637 -1.51259
internal_weight=4632 1320 1298 1267 1236 1111 1076 125 84 41 1043 1022 995 962 45 917 49 63 868 184 684 163 140 118 52 66 660 637 145 492
internal_count=4632 1320 1298 1267 1236 1111 1076 125 84 41 1043 1022 995 962 45 917 49 63 868 184 684 163 140 118 52 66 660 637 145 492
is_linear=0
shrinkage=0.05


Tree=260
num_leaves=31
num_cat=0
split_feature=5 5 6 3 3 3 4 4 6 6 0 4 4 0 5 0 6 6 3 3 3 6 6 6 0 0 5 3 3 3
split_gain=522865 944860 3.27474e+06 837903 3.43232e+06 2.63684e+06 4.18486e+06 3.93107e+06 3.55206e+06 2.01464e+06 1.73299e+06 1.68431e+06 1.45465e+06 1.09984e+06 959614 3.51941e+06 2.60771e+06 4.11608e+06 2.42359e+06 2.24199e+06 3.02965e+06 1.14455e+06 943779 9.7867e+06 4.54241e+06 2.17368e+06 3.52286e+06 3.16742e+06 4.33637e+06 3.49556e+06
threshold=36800.05000000001 37902.500000000007 46828.164583333346 40550.250000000007 41328.750000000007 40008.30000000001 42662.450000000004 44557.05000000001 46511.433333333342 46675.404166666682 21.500000000000004 38593.400000000009 49231.350000000006 2.5000000000000004 43294.250000000007 1.0000000180025095e-35 47926.833333333343 47460.389583333344 45359.500000000007 44684.05000000001 42912.250000000007 47061.072916666679 46986.80000000001 47098.847916666673 5.5000000000000009 18.500000000000004 48875.30000000001 50040.950000000004 51224.600000000013 48209.700000000004
decision_type=2 2 2 2 2 2 2 2 2 2 2 2 2 2 2 2 2 2 2 2 2 2 2 2 2 2 2 2 2 2
left_child=-1 2 -2 5 10 6 8 -8 -3 -10 -5 -11 13 -9 15 -6 17 19 -18 20 21 -17 24 -24 -16 26 -26 29 -29 -28
right_child=1 3 -4 4 14 -7 7 12 9 11 -12 -13 -14 -15 22 16 18 -19 -20 -21 -22 -23 23 -25 25 -27 27 28 -30 -31
leaf_value=5.8409584045410163 7.1132164001464844 -22.718030778566998 -17.038674432970584 -4.9389745272122898 -14.985197647758154 16.025415674845377 28.256967697143558 0.4700283118656704 9.2558752244518647 -17.451679385792126 -24.250697217668808 -0.067534923553466797 -8.2317896270751962 14.484290016974724 -22.723196117694563 17.091786088393288 22.474520536263785 -16.865780733029048 0.76613876342773446 21.17985335826874 -10.705765060867583 1.5961491411382502 29.022115496931406 -0.13894798567426453 10.325224304199219 -15.854332517540975 -0.97505548095703132 21.622800209408716 -2.4300313561127105 -27.689779917399093
leaf_weight=38 25 24 32 26 23 33 20 28 31 22 21 38 20 28 26 26 36 24 20 20 28 22 29 3659 66 23 25 21 174 24
leaf_count=38 25 24 32 26 23 33 20 28 31 22 21 38 20 28 26 26 36 24 20 20 28 22 29 3659 66 23 25 21 174 24
internal_value=3.15401e-08 -0.0483144 -6.44574 0.0320588 -0.129934 2.88221 0.826638 8.53359 -5.60699 -1.09419 -13.5676 -6.44172 3.34323 7.47716 0.0188105 3.40857 5.8123 1.65466 14.7215 6.28476 2.365 9.98962 -0.147871 0.0903554 -2.59517 -1.02361 0.0767324 -2.6954 0.160274 -14.0598
internal_weight=4632 4594 57 4537 4293 244 211 96 115 91 47 60 76 56 4246 199 176 120 56 96 76 48 4047 3688 359 333 310 244 195 49
internal_count=4632 4594 57 4537 4293 244 211 96 115 91 47 60 76 56 4246 199 176 120 56 96 76 48 4047 3688 359 333 310 244 195 49
is_linear=0
shrinkage=0.05


Tree=261
num_leaves=31
num_cat=0
split_feature=4 4 4 4 3 3 4 5 0 0 6 6 3 4 4 5 4 6 6 5 4 4 5 6 4 5 5 5 5 6
split_gain=497173 1.13372e+06 765692 2.79082e+06 2.87357e+06 2.73899e+06 2.58666e+06 2.94266e+06 3.49886e+06 2.51612e+06 4.75646e+06 3.02443e+06 3.5494e+06 2.48303e+06 1.71183e+06 2.05897e+06 1.36763e+06 2.27998e+06 4.63374e+06 3.18242e+06 1.9148e+06 5.13397e+06 4.03977e+06 3.4299e+06 3.39381e+06 3.13505e+06 7.64612e+06 1.84854e+06 4.05818e+06 3.25469e+06
threshold=66923.85000000002 66397.400000000009 64511.950000000004 64929.350000000013 64877.100000000013 63337.450000000004 64095.200000000004 65319.100000000013 12.500000000000002 11.500000000000002 54878.385416666679 54860.179166666676 62368.30000000001 65434.350000000013 63854.650000000009 63814.450000000004 63179.500000000007 55179.381250000006 54807.839583333334 55983.750000000007 62077.350000000013 61426.900000000009 62877.250000000007 55122.872916666682 62245.400000000001 64707.450000000004 63994.850000000006 62221.700000000004 60236.55000000001 55202.758333333339
decision_type=2 2 2 2 2 2 2 2 2 2 2 2 2 2 2 2 2 2 2 2 2 2 2 2 2 2 2 2 2 2
left_child=1 2 6 4 5 -4 14 8 -8 10 -5 12 -11 -13 16 -16 20 18 19 -18 21 -1 23 -23 -22 26 27 28 -26 -29
right_child=-2 -3 3 9 -6 -7 7 -9 -10 11 -12 13 -14 -15 15 -17 17 -19 -20 -21 24 22 -24 -25 25 -27 -28 29 -30 -31
leaf_value=-0.12545862009914518 -5.8529963201946691 8.884034877353244 -11.461516604861435 8.482955360412598 -26.476777576208118 10.121238062495278 5.0594742898146317 -6.2221892402285626 31.669679976644971 12.070875029130416 -18.8992924118042 26.003345619201664 -15.217042145362269 3.7186899719238284 -17.282081050257528 2.4624595559161642 15.403431170582772 -6.814291229248048 21.700263588602951 -9.5989292471749437 -18.667022270626493 9.7028320842319076 -5.0280437337941137 32.103316892623901 -0.88148361986333679 -16.907081498770879 26.923977765440942 -5.6409468078031777 -27.182355667244305 18.9617387008667
leaf_weight=3732 36 36 49 29 20 21 30 21 21 22 35 25 26 25 31 23 20 30 41 35 36 54 29 25 44 29 24 41 22 20
leaf_count=3732 36 36 49 29 20 21 30 21 21 22 35 25 26 25 31 23 20 30 41 35 36 54 29 25 44 29 24 41 22 20
internal_value=-6.9579e-09 0.0458459 -0.0239293 -2.7028 -9.76227 -4.98669 0.132774 9.5303 16.0166 1.21912 -6.49171 6.25477 -2.71008 14.861 -0.0269576 -8.87237 0.0872586 5.21737 8.97726 -0.507162 -0.0721087 0.18555 10.9326 16.7916 -4.6527 -1.84984 1.04195 -3.84914 -9.64844 2.42551
internal_weight=4632 4596 4560 252 90 70 4308 72 51 162 64 98 48 50 4236 54 4182 126 96 55 4056 3840 108 79 216 180 151 127 66 61
internal_count=4632 4596 4560 252 90 70 4308 72 51 162 64 98 48 50 4236 54 4182 126 96 55 4056 3840 108 79 216 180 151 127 66 61
is_linear=0
shrinkage=0.05


Tree=262
num_leaves=31
num_cat=0
split_feature=1 3 5 4 5 6 6 5 4 4 5 4 4 4 6 3 3 5 4 3 6 5 4 5 6 3 5 5 5 5
split_gain=490067 1.55656e+06 1.60684e+06 3.77986e+06 3.65343e+06 3.50964e+06 5.69479e+06 2.57217e+06 2.51366e+06 7.33777e+06 3.88064e+06 2.5615e+06 2.11967e+06 7.54514e+06 3.48077e+06 2.87177e+06 1.86716e+06 8.46561e+06 8.43132e+06 4.70583e+06 4.0748e+06 3.78871e+06 2.75442e+06 7.7337e+06 3.51359e+06 3.76918e+06 2.88997e+06 2.47828e+06 1.95374e+06 2.40996e+06
threshold=4.5000000000000009 56886.000000000007 54775.55000000001 60846.700000000004 51707.600000000006 49741.968750000007 51094.72083333334 55234.600000000013 58078.400000000001 57044.950000000004 49666.450000000004 56094.200000000004 54088.05000000001 54797.200000000004 48206.133333333339 53948.80000000001 47368.250000000007 45622.700000000004 50509.950000000004 48209.700000000004 46675.404166666682 44844.000000000007 50798.30000000001 49863.650000000009 46645.493750000016 52045.650000000009 47498.000000000007 44336.55000000001 43635.500000000007 43102.30000000001
decision_type=2 2 2 2 2 2 2 2 2 2 2 2 2 2 2 2 2 2 2 2 2 2 2 2 2 2 2 2 2 2
left_child=-1 2 3 8 -5 -6 -7 -4 9 11 -10 12 15 -14 -15 16 17 21 20 -18 -19 27 23 26 -24 -26 -21 28 29 -2
right_child=1 -3 7 4 5 6 -8 -9 10 -11 -12 -13 13 14 -16 -17 19 18 -20 22 -22 -23 24 -25 25 -27 -28 -29 -30 -31
leaf_value=0.32467983646918958 0.22609712693824277 -14.003057843988593 -20.296616622924805 28.021654624938964 -11.571708946228028 26.24877621358441 -2.4619869329990487 -2.417907026901986 6.8902807409113116 27.598900023750641 -18.733399285210506 -13.700569737584969 27.168184769948326 -15.361569697062174 11.179759997413273 -16.132267769690483 20.930636735395954 7.6075751304626467 -45.687118759155275 6.482050262451172 -20.707713550991485 20.985343678792319 -22.170141082763674 27.525220979963031 17.387095136642454 -11.734476537704468 -17.808591604232788 -14.879978567978434 13.77675473022461 -16.353454922593158
leaf_weight=3312 466 22 25 20 25 31 39 103 22 23 45 38 30 30 21 31 33 24 20 25 27 21 25 28 20 25 24 29 25 23
leaf_count=3312 466 22 25 20 25 31 39 103 22 23 45 38 30 30 21 31 33 24 20 25 27 21 25 28 20 25 24 29 25 23
internal_value=4.42225e-08 -0.814651 -0.591119 -0.00924128 8.59856 4.50949 10.2528 -5.90984 -0.947533 -0.311974 -10.3197 -0.977207 -0.455646 7.27128 -4.43279 -1.19546 -0.627309 -1.90149 -18.1728 3.86772 -7.38287 0.14685 0.0372633 6.563 -7.14105 1.20844 -5.41541 -0.659058 0.143289 -0.553718
internal_weight=4632 1320 1298 1170 115 95 70 128 1055 988 67 965 927 81 51 846 815 635 71 180 51 564 147 77 70 45 49 543 514 489
internal_count=4632 1320 1298 1170 115 95 70 128 1055 988 67 965 927 81 51 846 815 635 71 180 51 564 147 77 70 45 49 543 514 489
is_linear=0
shrinkage=0.05


Tree=263
num_leaves=31
num_cat=0
split_feature=0 5 4 0 6 6 5 1 3 5 5 3 6 4 6 6 3 4 3 4 0 5 1 3 3 3 5 6 5 5
split_gain=518951 6.09437e+06 3.76536e+06 1.73584e+06 1.16017e+07 9.84322e+06 6.02735e+06 6.00197e+06 3.37602e+06 9.41562e+06 7.09873e+06 4.75414e+06 4.64845e+06 3.59597e+06 2.78553e+06 1.69563e+06 4.75437e+06 4.67533e+06 3.5419e+06 8.25533e+06 4.25928e+06 4.19811e+06 3.48557e+06 4.2882e+06 2.98467e+06 2.81116e+06 4.44871e+06 3.22411e+06 2.28045e+06 3.2704e+06
threshold=16.500000000000004 58604.500000000007 57044.950000000004 17.500000000000004 55202.758333333339 53170.302083333336 48600.55000000001 1.5000000000000002 57731.700000000004 54351.500000000007 55312.750000000007 56786.750000000007 55009.060416666667 54256.100000000013 54832.847916666673 54736.472916666673 55600.80000000001 54393.80000000001 52045.650000000009 48946.150000000001 20.500000000000004 48694.05000000001 3.5000000000000004 53677.350000000006 54666.850000000006 51040.500000000007 48482.150000000009 54693.639583333344 47264.750000000007 46688.100000000006
decision_type=2 2 2 2 2 2 2 2 2 2 2 2 2 2 2 2 2 2 2 2 2 2 2 2 2 2 2 2 2 2
left_child=-1 3 -3 4 5 6 -2 -7 10 -10 11 15 -11 -12 -9 17 18 24 20 -20 -17 28 23 -21 25 26 27 -5 29 -22
right_child=1 2 -4 8 -6 7 -8 14 9 12 13 -13 -14 -15 -16 16 -18 -19 19 22 21 -23 -24 -25 -26 -27 -28 -29 -30 -31
leaf_value=0.33960440186729746 16.055878853797914 -6.1650731233450085 -35.022009258270266 0.40585792354040229 -28.636867037686439 44.818407166522491 -15.950141886660928 -0.46159938663244254 10.249987448751927 -39.077101193941559 35.547699432373051 -22.904499983787538 -7.84891288063743 5.5644761466979986 25.320756589282645 18.590703904001337 19.015333472071468 -22.188264983040948 -34.9437243830074 11.219256954193115 3.3342078023662647 -16.000729478489269 15.586876948674522 -17.803580954415459 -18.425556441148125 9.0686953390345852 -22.791487789154054 -20.192211704254152 11.669728669832494 -13.475246315002444
leaf_weight=3281 24 26 20 379 22 23 38 20 32 26 20 24 22 20 22 38 37 28 22 20 167 33 24 35 24 68 24 20 58 35
leaf_count=3281 24 26 20 379 22 23 38 20 32 26 20 24 22 20 22 38 37 28 22 20 167 33 24 35 24 68 24 20 58 35
internal_value=-8.8347e-10 -0.824754 -18.7116 -0.194261 4.88505 10.692 -3.56071 24.2869 -0.848947 -10.7585 -0.112176 -0.910179 -24.7642 20.5561 13.0434 -0.388574 1.81364 -2.29067 0.340345 -7.85561 2.84123 0.798632 -0.31209 -7.24982 -1.20886 -0.367309 -1.88421 -0.626627 2.93086 0.421679
internal_weight=4632 1351 46 1305 149 127 62 65 1156 80 1076 1036 48 40 42 1012 469 543 432 101 331 293 79 55 515 491 423 399 260 202
internal_count=4632 1351 46 1305 149 127 62 65 1156 80 1076 1036 48 40 42 1012 469 543 432 101 331 293 79 55 515 491 423 399 260 202
is_linear=0
shrinkage=0.05


Tree=264
num_leaves=31
num_cat=0
split_feature=0 4 3 0 3 6 6 3 3 3 3 3 3 6 5 5 4 3 3 3 6 3 6 3 5 6 3 4 4 3
split_gain=487882 1.78787e+06 1.38929e+06 1.66073e+06 1.44676e+06 1.33481e+06 2.00162e+06 1.58543e+06 4.41013e+06 3.26021e+06 2.02599e+06 2.095e+06 1.37435e+06 2.31344e+06 3.375e+06 3.13023e+06 2.03503e+06 5.00339e+06 3.60478e+06 4.29584e+06 2.42073e+06 1.90301e+06 2.61189e+06 2.90803e+06 1.63244e+06 2.94437e+06 2.59609e+06 1.27891e+06 4.06259e+06 2.61206e+06
threshold=3.5000000000000004 47667.450000000004 39739.350000000013 21.500000000000004 38911.450000000004 55459.779166666682 55383.547916666677 47260.450000000004 46858.200000000004 47683.350000000006 46454.350000000013 46157.450000000004 45841.400000000009 54710.014583333344 46945.650000000009 47555.900000000001 41016.450000000004 43905.450000000004 44907.400000000009 37921.450000000004 54509.129166666673 43464.600000000006 54823.060416666667 44604.600000000006 39087.900000000009 46958.750000000007 38138.650000000001 40469.500000000007 41501.30000000001 46672.350000000006
decision_type=2 2 2 2 2 2 2 2 2 2 2 2 2 2 2 2 2 2 2 2 2 2 2 2 2 2 2 2 2 2
left_child=1 5 3 -2 -5 6 7 8 10 -9 11 12 13 15 21 16 17 24 19 -18 -21 -15 -23 -24 26 -26 -1 -4 29 -29
right_child=2 -3 27 4 -6 -7 -8 9 -10 -11 -12 -13 -14 14 -16 -17 18 -19 -20 20 -22 22 23 -25 25 -27 -28 28 -30 -31
leaf_value=17.383977141747106 16.056849848429362 -6.5957314059847878 -5.3486373647054037 -6.0154212688577591 11.465033454895021 -11.412401509284974 14.52907259464264 -23.159338586980649 23.642221412658692 2.1815771484374999 -13.887188306221596 15.885788990202407 -10.430640852162917 -10.682574005126954 20.074963818826987 -20.363035223700784 -18.590338074719465 26.499199542999271 -24.337450150648753 -1.0338092969014097 19.079938034784227 20.924303016662599 11.127114561984413 -7.4739547445418992 2.164176098505656 -19.789516198635102 -4.0399784580353773 28.741628036499026 0.06695161993809387 4.0347898939381475
leaf_weight=26 30 126 105 29 20 25 24 22 20 30 26 21 31 25 31 22 27 20 21 52 21 20 38 47 42 24 31 20 3633 23
leaf_count=26 30 126 105 29 20 25 24 22 20 30 26 21 31 25 31 22 27 20 21 52 21 20 38 47 42 24 31 20 3633 23
internal_value=7.65003e-09 -1.14744 0.229487 6.79189 1.11946 -0.0847644 0.37126 -0.197899 0.598005 -8.53958 -0.27987 0.429128 -0.24993 0.456115 5.25031 -2.24272 -0.732689 3.30542 -5.505 -1.55019 4.75234 1.7152 4.66705 0.841817 -0.465926 -5.81898 5.73235 0.0923727 0.247788 15.5263
internal_weight=4632 772 3860 79 49 646 621 597 545 52 525 499 478 447 161 286 264 143 121 100 73 130 105 85 123 66 57 3781 3676 43
internal_count=4632 772 3860 79 49 646 621 597 545 52 525 499 478 447 161 286 264 143 121 100 73 130 105 85 123 66 57 3781 3676 43
is_linear=0
shrinkage=0.05


Tree=265
num_leaves=31
num_cat=0
split_feature=1 4 4 6 5 4 6 4 5 4 5 6 4 4 6 3 3 4 4 5 3 3 6 6 6 6 4 6 3 4
split_gain=484500 1.19245e+06 2.19458e+06 1.14646e+07 7.80911e+06 4.42017e+06 3.03999e+06 2.98983e+06 1.71143e+06 3.15615e+06 6.04986e+06 5.24473e+06 3.79736e+06 2.87808e+06 2.04154e+06 1.97774e+06 5.94094e+06 1.91784e+06 4.05053e+06 1.80796e+06 1.69739e+06 1.32762e+06 2.49468e+06 1.32779e+06 3.09653e+06 1.04733e+06 1.74216e+06 791117 3.8979e+06 3.04796e+06
threshold=1.0000000180025095e-35 55990.850000000006 53596.350000000013 50516.979166666672 63298.700000000004 52710.150000000009 51094.72083333334 54720.950000000004 63453.700000000004 49319.400000000001 56090.500000000007 49892.777083333342 46134.250000000007 47525.150000000001 52355.67500000001 50040.950000000004 51539.950000000004 41718.400000000001 42851.600000000006 54246.250000000007 54460.30000000001 47260.450000000004 48722.245833333342 47926.833333333343 54638.208333333336 47281.389583333337 38593.400000000009 54422.481250000004 56786.750000000007 62245.400000000001
decision_type=2 2 2 2 2 2 2 2 2 2 2 2 2 2 2 2 2 2 2 2 2 2 2 2 2 2 2 2 2 2
left_child=1 2 5 -4 -5 8 -7 -6 9 10 12 -11 15 -12 -13 17 -17 21 -19 -14 -18 23 -23 25 -25 -1 -27 28 -2 -30
right_child=27 -3 3 4 7 6 -8 -9 -10 11 13 14 19 -15 -16 16 20 18 -20 -21 -22 22 -24 24 -26 26 -28 -29 29 -31
leaf_value=6.2850016825728945 -0.64040730630500642 -8.8597468444279261 42.301478157043462 -26.122827875046507 22.402937381744387 -25.586416602134705 -0.0088790348597935272 -2.57633635479471 -12.106704493931362 -5.5093092641522814 -2.5496971130371096 32.914997520446775 27.478461837768556 -27.997046897888186 13.087395188615128 -29.604022140502931 8.6847196949852847 28.450144286382766 -1.0740810907804048 7.4825533353365392 -8.9436741135337137 -19.721473827362061 1.9061052763462065 24.588087572370256 -2.254265226017345 4.7346940961751072 -15.163701352206145 0.29589731087196131 -26.218668882935134 -2.6738560063498364
leaf_weight=36 1289 28 20 21 25 26 21 23 21 31 20 20 20 25 37 20 36 21 26 26 22 20 40 21 22 22 22 2616 27 28
leaf_count=36 1289 28 20 21 25 26 21 23 21 31 20 20 20 25 37 20 36 21 26 26 22 20 40 21 22 22 22 2616 27 28
internal_value=-2.39712e-08 1.24135 1.68053 8.9693 -0.692198 0.511702 -14.1582 10.4337 1.86895 2.4716 0.581262 11.0426 2.77639 -16.6871 20.0444 0.775092 -6.10502 3.10835 12.1176 16.1764 1.99809 0.794495 -5.30309 3.76893 10.8548 -0.0397262 -5.2145 -0.210654 -1.19662 -14.2322
internal_weight=4632 672 644 89 69 555 47 48 508 487 399 88 354 45 57 308 78 230 47 46 58 183 60 123 43 80 44 3960 1344 55
internal_count=4632 672 644 89 69 555 47 48 508 487 399 88 354 45 57 308 78 230 47 46 58 183 60 123 43 80 44 3960 1344 55
is_linear=0
shrinkage=0.05


Tree=266
num_leaves=31
num_cat=0
split_feature=0 5 3 5 6 5 5 3 4 1 3 0 6 3 3 6 6 3 3 5 4 5 5 5 4 5 3 6 5 4
split_gain=487049 3.3337e+06 1.93374e+06 8.60257e+06 5.44683e+06 4.92118e+06 3.9371e+06 1.61486e+06 1.66937e+06 2.79877e+06 3.98652e+06 2.72883e+06 6.02885e+06 5.91801e+06 4.56691e+06 4.40308e+06 7.46579e+06 2.90357e+06 7.04915e+06 2.98248e+06 2.66997e+06 2.47942e+06 2.3194e+06 4.24185e+06 5.51299e+06 1.75879e+06 2.5319e+06 2.96523e+06 2.62986e+06 4.99542e+06
threshold=17.500000000000004 56930.100000000013 57273.05000000001 55312.750000000007 55179.381250000006 54246.250000000007 53584.950000000004 56356.600000000013 52233.000000000007 2.5000000000000004 50830.250000000007 19.500000000000004 54028.947916666679 47793.250000000007 52045.650000000009 55202.758333333339 54878.385416666679 50639.80000000001 50122.850000000006 47498.000000000007 48858.350000000013 45797.450000000004 47441.150000000001 47780.500000000007 46838.700000000004 47131.450000000004 48483.150000000009 55104.681250000009 44844.000000000007 45321.900000000009
decision_type=2 2 2 2 2 2 2 2 2 2 2 2 2 2 2 2 2 2 2 2 2 2 2 2 2 2 2 2 2 2
left_child=-1 2 3 6 5 -4 7 8 11 -10 21 12 13 -2 17 16 -16 18 22 -19 -21 -11 25 -24 -25 26 28 -28 -13 -30
right_child=1 -3 4 -5 -6 -7 -8 -9 9 10 -12 14 -14 -15 15 -17 -18 19 -20 20 -22 -23 23 24 -26 -27 27 -29 29 -31
leaf_value=0.29601357983115356 15.290403333391462 -21.124532146453859 0.072741134078414357 28.463209768442006 11.466728463539711 -28.519489249061138 -17.649916943636807 12.999562655324523 7.799142456054688 6.3218600199772759 -30.150751749674484 -1.3517528412985977 24.750764269147602 -12.122975345187719 -17.862520068883896 -29.491411106109624 20.238413543701171 24.257836635907495 -24.286132202148437 15.048493836164475 -7.2487446686317192 -17.094644453525543 27.638195052601045 -9.9816990923881548 18.945686581730843 -12.114112150669099 -21.436521094185967 2.0128250763966489 18.317313764806382 -1.751373172332259
leaf_weight=3474 35 20 27 26 26 34 33 23 24 26 21 274 35 45 36 25 20 24 30 25 29 20 21 40 28 32 28 26 57 68
leaf_count=3474 35 20 27 26 26 34 33 23 24 26 21 274 35 45 36 25 20 24 30 25 29 20 21 40 28 32 28 26 57 68
internal_value=1.26866e-08 -0.888041 -0.532391 0.060612 -7.69613 -15.8639 -0.659844 -0.0946502 -0.405452 -6.85177 -12.0999 0.262674 7.44267 -0.129622 -0.819501 -12.044 -4.25504 0.51362 -0.658772 9.59214 3.07405 -3.85923 0.576108 7.99566 1.92958 -0.785418 0.0148435 -10.1461 1.39001 7.39995
internal_weight=4632 1158 1138 1051 87 61 1025 992 969 91 67 878 115 80 763 81 56 682 604 78 54 46 574 89 68 485 453 54 399 125
internal_count=4632 1158 1138 1051 87 61 1025 992 969 91 67 878 115 80 763 81 56 682 604 78 54 46 574 89 68 485 453 54 399 125
is_linear=0
shrinkage=0.05


Tree=267
num_leaves=31
num_cat=0
split_feature=5 4 0 3 6 4 6 6 6 6 3 4 3 3 5 3 6 5 5 6 3 1 3 3 1 3 5 3 5 6
split_gain=494419 3.66718e+06 3.09011e+06 1.79371e+06 2.74656e+06 1.50998e+06 3.5872e+06 3.21685e+06 4.91676e+06 3.67538e+06 1.93417e+06 1.90661e+06 1.73923e+06 1.75351e+06 5.53631e+06 2.95784e+06 4.80508e+06 2.40512e+06 4.12739e+06 3.19638e+06 1.9843e+06 1.9553e+06 1.56978e+06 1.96457e+06 1.74728e+06 5.02624e+06 4.57178e+06 3.92137e+06 8.26762e+06 3.95771e+06
threshold=61831.05000000001 65550.550000000003 15.500000000000002 58113.750000000007 50392.897916666676 65293.600000000006 55272.19166666668 54958.483333333344 54814.287500000006 54693.639583333344 64616.80000000001 64929.350000000013 66923.85000000002 65880.60000000002 64707.450000000004 64616.80000000001 55410.383333333339 63994.850000000006 65067.150000000009 54878.385416666679 63954.200000000004 1.5000000000000002 63620.000000000007 63337.450000000004 3.5000000000000004 62708.950000000004 63898.450000000004 61370.250000000007 64629.900000000001 54984.63958333333
decision_type=2 2 2 2 2 2 2 2 2 2 2 2 2 2 2 2 2 2 2 2 2 2 2 2 2 2 2 2 2 2
left_child=1 -1 3 -2 -5 11 7 8 9 -7 -9 12 13 15 -15 20 17 -17 -19 -20 22 -22 23 24 25 27 -27 29 -29 -6
right_child=2 -3 -4 4 5 6 -8 10 -10 -11 -12 -13 -14 14 -16 16 -18 18 19 -21 21 -23 -24 -25 -26 26 -28 28 -30 -31
leaf_value=0.10024067655570719 -14.389885512642238 17.098449313640597 -20.513722739219666 15.155909805638451 3.9121708869934082 -11.598816625277202 -21.896364861947518 -1.2758488273620605 -26.934054416158929 17.42314973115921 20.713766250610352 10.270456814765931 -12.914569755836769 -6.7747944350242619 27.616434964266688 -12.366949965787489 -29.873952503204347 18.812808593750002 7.0490411472320567 -21.219206390380862 0.75620099145012931 17.123835382693343 -9.7077829752212921 12.080728682449887 7.5592961476399356 -34.530155345371796 -1.9145027334039864 17.848179266187881 -17.754946595972235 -20.620744985918847
leaf_weight=3756 23 32 20 28 35 24 27 20 23 20 20 44 27 25 22 43 20 25 20 20 37 36 39 35 52 21 22 63 22 31
leaf_count=3756 23 32 20 28 35 24 27 20 23 20 20 44 27 25 22 43 20 25 20 20 37 36 39 35 52 21 22 63 22 31
internal_value=6.69137e-11 0.243837 -1.09438 -0.623034 -0.227731 -0.784965 -5.61071 -1.50125 -8.19988 1.59299 9.71896 0.227007 -0.515702 0.0736807 9.32323 -0.760731 -7.36204 -3.19317 2.87564 -7.08508 1.38931 8.82791 -0.307617 0.997032 -0.579917 -2.76156 -17.8431 1.53317 8.63325 -7.61087
internal_weight=4632 3788 844 824 801 773 134 107 67 44 40 639 595 568 47 521 128 108 65 40 393 73 320 281 246 194 43 151 85 66
internal_count=4632 3788 844 824 801 773 134 107 67 44 40 639 595 568 47 521 128 108 65 40 393 73 320 281 246 194 43 151 85 66
is_linear=0
shrinkage=0.05


Tree=268
num_leaves=31
num_cat=0
split_feature=0 4 6 5 1 0 5 5 4 3 6 6 5 5 3 6 3 6 6 4 0 5 6 5 4 5 6 0 4 0
split_gain=494392 2.52722e+06 3.25518e+06 1.71603e+06 1.11165e+06 4.24371e+06 3.66371e+06 2.77643e+06 2.2356e+06 2.78363e+06 2.1209e+06 1.79033e+06 1.73345e+06 7.50849e+06 3.35427e+06 3.04508e+06 1.47853e+06 1.47444e+06 2.41653e+06 2.94337e+06 2.46135e+06 2.38899e+06 1.40364e+06 915057 2.83154e+06 2.95476e+06 4.704e+06 2.31662e+06 4.03492e+06 3.62974e+06
threshold=2.5000000000000004 47667.450000000004 54741.866666666676 47924.750000000007 2.5000000000000004 1.5000000000000002 45732.250000000007 46459.400000000001 43029.150000000001 45534.700000000004 54655.043750000004 54934.100000000006 43938.30000000001 44585.850000000013 45719.200000000004 54937.983333333344 43633.650000000001 46555.875000000007 46711.437500000007 43403.450000000004 1.5000000000000002 38097.55000000001 54600.637500000004 50328.900000000009 58643.05000000001 50040.950000000004 54984.63958333333 19.500000000000004 43574.600000000013 4.5000000000000009
decision_type=2 2 2 2 2 2 2 2 2 2 2 2 2 2 2 2 2 2 2 2 2 2 2 2 2 2 2 2 2 2
left_child=1 3 -3 4 5 6 8 12 -1 11 -8 -10 15 -14 -15 16 17 -6 -19 21 -21 -20 -7 24 25 -2 -27 28 -25 -30
right_child=23 2 -4 -5 7 22 10 -9 9 -11 -12 -13 13 14 -16 -17 -18 18 19 20 -22 -23 -24 27 -26 26 -28 -29 29 -31
leaf_value=3.8061255516232673 0.45697722274333907 1.4207369041442872 -26.450467415289445 -12.727127693317556 9.6807315411775008 5.3997771694546657 -0.19786346692305345 -15.219835343080408 -26.843303849962027 2.2481673736572265 19.997833574735203 -7.3777966998872309 32.631430034637454 8.3255681160957575 -15.780150717276115 -18.19151444611726 12.685810623168946 -17.932607360839846 21.786657590866088 -19.668300640106203 3.2627867958762433 -2.0901254480535334 22.141847515106203 19.464534825545091 16.966264724731445 -0.7560240881783622 30.139694447950884 -10.323674242120042 -13.157998689015708 -0.056029505900551446
leaf_weight=37 1330 20 22 27 23 21 26 34 27 25 26 21 20 31 27 27 20 25 20 25 22 22 31 26 28 28 22 57 54 2508
leaf_count=37 1330 20 22 27 23 21 26 34 27 25 26 21 20 31 27 27 20 25 20 25 22 22 31 26 28 28 22 57 54 2508
internal_value=-2.70254e-08 -1.36669 -13.1785 -0.442866 0.207478 2.9529 -1.03625 -1.77739 -6.20611 -11.2808 9.89999 -18.3271 -0.0329454 6.21355 -2.89606 -2.68092 -0.0134902 -1.8674 -4.19729 -0.339054 -8.9346 9.27977 15.3806 0.195242 1.22496 0.905568 12.8381 -0.352902 -0.133298 -0.332183
internal_weight=4632 579 42 537 510 214 162 296 110 73 52 48 262 78 58 184 157 137 114 89 47 42 52 4053 1408 1380 50 2645 2588 2562
internal_count=4632 579 42 537 510 214 162 296 110 73 52 48 262 78 58 184 157 137 114 89 47 42 52 4053 1408 1380 50 2645 2588 2562
is_linear=0
shrinkage=0.05


Tree=269
num_leaves=31
num_cat=0
split_feature=0 5 3 4 6 5 3 4 6 6 0 4 4 6 6 3 5 6 5 0 5 3 3 3 5 6 5 4 4 4
split_gain=504788 3.70585e+06 6.73861e+06 5.11254e+06 1.08129e+07 3.0354e+06 2.08603e+06 2.02725e+06 1.41555e+06 1.70847e+06 1.24113e+06 3.67436e+06 2.79171e+06 3.46176e+06 4.377e+06 4.98253e+06 3.10967e+06 3.12968e+06 2.62595e+06 1.19191e+06 4.46856e+06 3.26643e+06 2.01723e+06 7.02965e+06 6.70315e+06 4.94182e+06 5.57454e+06 2.9555e+06 1.92101e+06 6.47327e+06
threshold=18.500000000000004 51545.05000000001 54143.000000000007 52611.950000000004 54807.839583333334 51053.900000000001 52582.600000000013 52233.000000000007 55622.42291666667 55556.572916666672 20.500000000000004 49032.150000000001 48064.850000000006 55202.758333333339 54904.843750000007 51936.05000000001 49173.100000000006 53722.86041666667 43102.30000000001 9.5000000000000018 63656.700000000004 48603.200000000004 58019.700000000004 57273.05000000001 62378.400000000001 54638.208333333336 60500.600000000013 52551.450000000004 54720.950000000004 54088.05000000001
decision_type=2 2 2 2 2 2 2 2 2 2 2 2 2 2 2 2 2 2 2 2 2 2 2 2 2 2 2 2 2 2
left_child=8 5 6 4 -4 7 -3 10 9 19 12 -12 16 14 15 -14 17 18 -2 20 22 -21 23 -1 25 27 -27 -24 29 -23
right_child=1 2 3 -5 -6 -7 -8 -9 -10 -11 11 -13 13 -15 -16 -17 -18 -19 -20 21 -22 28 24 -25 -26 26 -28 -29 -30 -31
leaf_value=-0.26342766025151476 7.3018669230597357 -6.6740833282470708 -35.819670156999074 -39.128625210848725 11.808499438946065 16.623814554567691 14.80460656973032 -12.367974281311035 9.506219390543496 -10.525916093104595 -0.10396873772474842 -17.049557870977065 18.607343580916123 -6.0734012258463892 33.11324814883146 -10.644510576501489 -19.789647801717123 18.958354024887086 -13.665046927332879 19.177549911499025 -20.063479903648641 1.3012831586182292 -11.181778869628907 21.770064585917709 15.996433343558477 11.544943411690848 -14.265685213529148 -38.03850575288137 0.0092982821207809162 18.978364824662446
leaf_weight=1674 28 20 22 22 26 27 26 34 41 37 541 34 37 29 22 24 21 20 32 25 29 343 20 37 29 35 52 21 1263 61
leaf_count=1674 28 20 22 22 26 27 26 34 41 37 541 34 37 29 22 24 21 20 32 25 29 343 20 37 29 35 52 21 1263 61
internal_value=4.68764e-08 -1.01749 -9.40003 -19.1692 -10.0211 0.127823 5.46605 -0.414017 0.267762 0.1633 0.101763 -1.10597 3.36207 8.79791 13.9939 7.09842 -2.66579 1.82922 -3.88049 0.273499 -0.587041 1.2383 -0.284677 0.213042 -5.70886 -10.6265 -3.8821 -24.9377 0.969265 3.97035
internal_weight=4632 965 116 70 48 849 46 822 3667 3626 788 575 213 112 83 61 101 80 60 3589 1897 1692 1868 1711 157 128 87 41 1667 404
internal_count=4632 965 116 70 48 849 46 822 3667 3626 788 575 213 112 83 61 101 80 60 3589 1897 1692 1868 1711 157 128 87 41 1667 404
is_linear=0
shrinkage=0.05


Tree=270
num_leaves=31
num_cat=0
split_feature=6 6 1 3 0 0 6 3 4 3 6 6 4 6 5 4 4 6 6 6 4 3 4 6 3 0 3 4 4 5
split_gain=484247 2.22331e+06 3.98597e+06 2.04029e+06 4.29868e+06 1.32231e+06 5.87165e+06 3.0795e+06 8.47497e+06 2.87161e+06 4.35802e+06 2.86401e+06 2.36694e+06 6.96355e+06 6.26559e+06 3.95056e+06 2.9815e+06 2.36246e+06 6.74892e+06 3.62473e+06 2.6238e+06 2.98819e+06 2.33219e+06 2.26639e+06 4.39949e+06 4.85483e+06 2.2524e+06 2.24596e+06 1.76129e+07 4.60391e+06
threshold=54422.481250000004 54313.881250000006 2.5000000000000004 43102.30000000001 1.5000000000000002 3.5000000000000004 54590.160416666673 47430.100000000006 48858.350000000013 48209.700000000004 55046.441666666673 54681.683333333342 46838.700000000004 55360.531250000007 46087.700000000004 48343.80000000001 46202.900000000001 54927.568750000006 55009.060416666667 55141.308333333342 45321.900000000009 44844.000000000007 44379.400000000009 54558.752083333347 62708.950000000004 14.500000000000002 44907.400000000009 47998.500000000007 48438.600000000006 49358.100000000006
decision_type=2 2 2 2 2 2 2 2 2 2 2 2 2 2 2 2 2 2 2 2 2 2 2 2 2 2 2 2 2 2
left_child=1 -1 -3 4 -2 6 -5 8 26 10 -9 -8 16 14 -14 -16 17 20 -19 -20 21 -13 -21 24 25 -11 -7 29 -29 -25
right_child=3 2 -4 5 -6 7 11 9 -10 23 -12 12 13 -15 15 -17 -18 18 19 22 -22 -23 -24 27 -26 -27 -28 28 -30 -31
leaf_value=-0.26898225681405985 -2.780352855497791 1.0075380557920874 -22.751576848183909 -27.483817846124822 24.787795345599836 -10.411286001205445 14.181034989192568 0.41360867541769281 29.334903374840231 24.206986245049372 -23.841323809469902 -30.691537818908696 -31.564309686422348 15.404184913635255 3.8483168175879947 -19.145801914122796 13.548823071748783 29.013241767883301 -16.723534740507603 15.136222945319282 4.6730901544744325 -4.265646096934443 -3.1649313114127335 -1.7967229559174127 -10.099825698988779 0.98144031948513466 4.6309451393068661 44.001076955380654 -0.057768183356715325 -26.048664530118305
leaf_weight=1878 31 41 31 22 26 30 29 46 34 45 31 20 32 27 47 31 39 20 32 27 22 23 49 106 28 45 146 23 1647 24
leaf_count=1878 31 41 31 22 26 30 29 46 34 45 31 20 32 27 47 31 39 20 32 27 22 23 49 106 28 45 146 23 1647 24
internal_value=2.2308e-08 -0.599558 -9.22208 0.43592 9.79459 0.232704 -2.33859 0.722474 6.48174 0.116235 -9.35136 -0.948654 -2.13771 -7.34886 -12.9337 -5.29037 0.939567 -1.60842 2.33366 -2.60701 -9.37127 -16.5568 3.33679 0.496321 7.20919 12.5942 2.06693 0.0562555 0.54903 -6.274
internal_weight=4632 1950 72 2682 57 2625 420 2205 210 1995 77 398 369 137 110 78 232 193 128 108 65 43 76 1918 118 90 176 1800 1670 130
internal_count=4632 1950 72 2682 57 2625 420 2205 210 1995 77 398 369 137 110 78 232 193 128 108 65 43 76 1918 118 90 176 1800 1670 130
is_linear=0
shrinkage=0.05


Tree=271
num_leaves=31
num_cat=0
split_feature=5 5 6 3 3 3 4 4 6 6 4 4 4 5 3 0 1 0 5 5 0 3 0 3 5 6 0 3 5 5
split_gain=477401 851827 2.81416e+06 774824 2.99442e+06 2.4019e+06 3.75745e+06 3.41448e+06 3.30382e+06 1.80618e+06 1.6439e+06 1.59225e+06 1.41637e+06 958032 3.07285e+06 914339 840667 3.62327e+06 8.25556e+06 1.8268e+06 5.10592e+06 3.61487e+06 3.56035e+06 4.09735e+06 4.67942e+06 4.18382e+06 3.19102e+06 1.00458e+07 7.66466e+06 6.1152e+06
threshold=36800.05000000001 37902.500000000007 46828.164583333346 40550.250000000007 41328.750000000007 40008.30000000001 42662.450000000004 44557.05000000001 46511.433333333342 46675.404166666682 42209.900000000009 38593.400000000009 49231.350000000006 40272.100000000013 42574.55000000001 2.5000000000000004 4.5000000000000009 5.5000000000000009 44676.80000000001 52280.450000000004 9.5000000000000018 52378.350000000006 16.500000000000004 50318.05000000001 48377.80000000001 47926.833333333343 7.5000000000000009 47038.250000000007 50328.900000000009 47851.100000000006
decision_type=2 2 2 2 2 2 2 2 2 2 2 2 2 2 2 2 2 2 2 2 2 2 2 2 2 2 2 2 2 2
left_child=-1 2 -2 5 10 6 8 -8 -3 -10 -5 -11 15 14 -6 -9 -15 18 -18 22 -21 -22 26 25 -25 -24 27 29 -28 -19
right_child=1 3 -4 4 13 -7 7 12 9 11 -12 -13 -14 16 -16 -17 17 19 -20 20 21 -23 23 24 -26 -27 28 -29 -30 -31
leaf_value=5.5812461250706731 6.4488492946624767 -21.789485601584119 -15.940265980362893 -3.5227588494618738 20.422356163371695 15.314934432867801 26.493664169311526 0.96474845409393317 8.8650412713327711 -16.703095149993896 -22.228997893955398 0.19929483815243371 -8.147152853012086 0.3127288358851682 -6.6570493698120119 13.742649568830217 0.33289574109590969 21.486324532826742 -38.551639813610485 -18.119037244796754 13.545913076400758 -2.925010869510265 -3.2784667236049003 -0.89100693922776453 -31.507747864723207 14.243611732749052 29.470962025569037 -25.942456199382914 3.3378268871307371 -6.5968894004821781
leaf_weight=38 25 24 32 24 22 33 20 28 31 22 23 38 20 3283 20 28 39 42 21 50 38 270 164 26 24 43 39 29 100 36
leaf_count=38 25 24 32 24 22 33 20 28 31 22 23 38 20 3283 20 28 39 42 21 50 38 270 164 26 24 43 39 29 100 36
internal_value=1.92681e-08 -0.0461661 -6.12048 0.0301477 -0.125629 2.77092 0.809057 8.11185 -5.28718 -0.93493 -12.6769 -5.99825 3.27453 0.0133041 7.5274 7.3537 -0.0617654 -1.39669 -13.2767 -0.568814 -3.29877 -0.892884 1.37418 -2.74142 -15.587 0.361385 5.67381 -0.816763 10.6701 8.52484
internal_weight=4632 4594 57 4537 4293 244 211 96 115 91 47 60 76 4246 42 56 4204 921 60 861 358 308 503 257 50 207 246 107 139 78
internal_count=4632 4594 57 4537 4293 244 211 96 115 91 47 60 76 4246 42 56 4204 921 60 861 358 308 503 257 50 207 246 107 139 78
is_linear=0
shrinkage=0.05


Tree=272
num_leaves=31
num_cat=0
split_feature=0 5 3 4 6 5 4 3 6 6 3 3 3 3 5 4 3 5 4 4 3 3 5 4 4 6 3 6 6 3
split_gain=479401 3.31535e+06 6.15524e+06 4.59897e+06 9.72378e+06 2.77904e+06 1.86469e+06 1.83565e+06 1.24117e+06 1.55827e+06 1.16484e+06 3.77058e+06 2.06087e+06 4.3493e+06 3.7961e+06 3.20944e+06 2.10754e+06 2.2518e+06 1.38549e+06 1.68179e+06 2.62371e+06 4.36555e+06 3.81146e+06 1.76856e+06 7.88811e+06 3.06223e+06 5.57825e+06 2.66849e+06 6.60122e+06 2.53594e+06
threshold=18.500000000000004 51545.05000000001 54143.000000000007 52611.950000000004 54807.839583333334 51053.900000000001 52233.000000000007 52582.600000000013 55622.42291666667 55556.572916666672 53769.950000000004 52287.600000000006 50639.80000000001 50122.850000000006 48875.30000000001 47911.500000000007 49442.150000000009 47264.750000000007 50091.500000000007 47667.450000000004 48483.150000000009 47953.500000000007 46869.450000000004 43574.600000000013 42209.900000000009 46658.875000000007 40775.000000000007 55022.529166666667 55179.381250000006 42912.250000000007
decision_type=2 2 2 2 2 2 2 2 2 2 2 2 2 2 2 2 2 2 2 2 2 2 2 2 2 2 2 2 2 2
left_child=8 5 7 4 -4 6 10 -3 9 -1 11 12 13 16 15 -14 18 -18 19 20 21 23 -22 24 29 -25 -27 -28 -29 -2
right_child=1 2 3 -5 -6 -7 -8 -9 -10 -11 -12 -13 14 -15 -16 -17 17 -19 -20 -21 22 -23 -24 25 -26 26 27 28 -30 -31
leaf_value=0.26836848937392266 8.0456007823552174 -6.1004047870635993 -34.045240731672806 -37.187304548783736 11.120597927386946 15.875730436819573 -11.891390503154083 14.048070012606107 8.911660623259662 -10.045397755906389 8.8540654685762199 -14.909607521125251 5.4122658294180166 -20.078396210847078 -3.8570331990718842 32.798964271545415 -0.057715531190236417 23.384665813446048 11.935899855873801 -8.5432190849667506 -23.032751485279629 20.19410128100165 3.5528828437511737 19.1407658797044 -24.906562732969011 -23.477298736572266 7.9719800338272222 -28.293090896606447 7.3605384362710495 -5.7058800005143695
leaf_weight=3589 73 20 22 22 26 27 34 26 41 37 36 42 23 27 36 20 21 20 22 63 28 29 26 26 35 21 121 20 37 62
leaf_count=3589 73 20 22 22 26 27 34 26 41 37 36 42 23 27 36 20 21 20 22 63 28 29 26 26 35 21 121 20 37 62
internal_value=1.51457e-09 -0.991578 -8.92016 -18.2569 -9.58041 0.0917148 -0.426738 5.28786 0.260942 0.163126 0.0679295 -0.352683 0.50843 -0.444727 8.12162 18.1503 0.432937 11.3776 -0.364098 -0.864283 0.147795 1.46978 -10.2323 0.0950859 -3.75391 3.00322 0.894796 3.77016 -5.14951 1.73011
internal_weight=4632 965 116 70 48 849 822 46 3667 3626 788 752 710 631 79 43 604 41 563 541 478 424 54 395 170 225 199 178 57 135
internal_count=4632 965 116 70 48 849 822 46 3667 3626 788 752 710 631 79 43 604 41 563 541 478 424 54 395 170 225 199 178 57 135
is_linear=0
shrinkage=0.05


Tree=273
num_leaves=31
num_cat=0
split_feature=5 4 0 3 6 6 4 6 6 6 6 3 4 4 5 3 1 4 5 4 6 5 6 3 6 6 6 3 3 5
split_gain=463936 3.31471e+06 2.79476e+06 1.69868e+06 2.51183e+06 1.49755e+06 1.58424e+06 3.2118e+06 2.8832e+06 4.46673e+06 3.27768e+06 1.74559e+06 1.55892e+06 1.87078e+06 1.37282e+06 4.07069e+06 3.75114e+06 2.82739e+06 2.54612e+06 3.27481e+06 4.2114e+06 2.46182e+06 2.83407e+06 1.75525e+06 1.99731e+06 3.0601e+06 2.08987e+06 1.38429e+06 3.38372e+06 1.97708e+06
threshold=61831.05000000001 65550.550000000003 15.500000000000002 58113.750000000007 50392.897916666676 50820.885416666679 65293.600000000006 55272.19166666668 54958.483333333344 54814.287500000006 54693.639583333344 64616.80000000001 64929.350000000013 64687.650000000009 61035.450000000004 64210.05000000001 3.5000000000000004 60439.100000000013 60095.400000000001 60959.100000000006 54937.983333333344 60346.100000000006 54994.568750000013 62849.600000000006 55650.777083333342 55577.654166666674 55543.250000000007 61803.05000000001 60877.200000000004 58704.900000000009
decision_type=2 2 2 2 2 2 2 2 2 2 2 2 2 2 2 2 2 2 2 2 2 2 2 2 2 2 2 2 2 2
left_child=1 14 3 -2 -5 -6 12 8 9 10 -8 -10 13 -7 18 16 17 -16 23 21 -21 -20 -23 24 25 26 27 28 -1 -30
right_child=2 -3 -4 4 5 6 7 -9 11 -11 -12 -13 -14 -15 15 -17 -18 -19 19 20 -22 22 -24 -25 -26 -27 -28 -29 29 -31
leaf_value=0.059661487387482018 -14.009076524817425 16.26037551164627 -19.528078355789187 14.484421662134785 -13.327240427680639 0.72952721071198889 -10.878666734695436 -20.71169022454156 -1.235886058807373 -25.611181093298871 16.528162713050843 19.654247636795045 9.7662101680582225 -11.200972984858922 14.200332279205321 -14.751859555925643 28.837299461364747 -4.3740900879814513 -28.476496033441453 17.105644489288331 -11.916419372558593 2.0534374828996333 -22.065139443533763 12.638232530866352 -14.305000203847886 14.471172407511119 -14.107327639139616 -9.0092925560183641 3.5734519195556644 25.805631256103517
leaf_weight=3316 23 32 20 28 23 537 24 27 20 23 20 20 44 35 40 21 20 42 21 25 25 29 21 28 24 37 26 41 20 20
leaf_count=3316 23 32 20 28 23 537 24 27 20 23 20 20 44 35 40 21 20 42 21 25 25 29 21 28 24 37 26 41 20 20
internal_value=-2.21928e-08 0.236201 -1.0601 -0.611853 -0.227163 -0.760054 -0.37466 -5.30172 -1.41322 -7.75495 1.57898 9.20918 0.697135 -0.000485913 0.0996794 5.29478 9.42203 4.6866 -0.0762077 -7.20739 2.59461 -14.1102 -8.07636 0.169485 0.069277 0.168983 0.0143873 0.122472 0.234034 14.6895
internal_weight=4632 3788 844 824 801 773 750 134 107 67 44 40 616 572 3756 123 102 82 3633 121 50 71 50 3512 3484 3460 3423 3397 3356 40
internal_count=4632 3788 844 824 801 773 750 134 107 67 44 40 616 572 3756 123 102 82 3633 121 50 71 50 3512 3484 3460 3423 3397 3356 40
is_linear=0
shrinkage=0.05


Tree=274
num_leaves=31
num_cat=0
split_feature=0 3 4 3 5 5 5 3 5 6 4 6 5 5 3 6 3 0 3 6 0 5 3 5 3 6 0 4 4 5
split_gain=458216 3.58322e+06 1.65562e+06 1.87876e+06 1.81543e+06 1.74644e+06 2.25373e+06 3.24864e+06 1.96568e+06 1.82925e+06 1.63583e+06 2.4274e+06 2.33013e+06 2.10694e+06 1.45752e+06 4.89717e+06 2.22494e+06 1.81437e+06 2.14207e+06 1.19403e+06 794091 4.11769e+06 2.66212e+06 6.71283e+06 6.30893e+06 3.9268e+06 3.73571e+06 5.90995e+06 2.70958e+06 1.94093e+06
threshold=20.500000000000004 51345.650000000001 48673.100000000006 50387.05000000001 48694.05000000001 47441.150000000001 47131.450000000004 49079.150000000009 46788.850000000006 54741.866666666676 45989.350000000006 47520.716666666674 44844.000000000007 45842.250000000007 42912.250000000007 54732.156250000007 38700.000000000007 22.500000000000004 41109.30000000001 55179.381250000006 9.5000000000000018 63656.700000000004 58019.700000000004 62378.400000000001 57273.05000000001 54638.208333333336 8.5000000000000018 62245.400000000001 52551.450000000004 43294.250000000007
decision_type=2 2 2 2 2 2 2 2 2 2 2 2 2 2 2 2 2 2 2 2 2 2 2 2 2 2 2 2 2 2
left_child=20 2 3 4 5 6 7 8 10 -7 12 -12 14 -14 16 -16 -2 18 -18 -13 21 22 24 25 -1 28 -27 -28 -24 -22
right_child=1 -3 -4 -5 -6 9 -8 -9 -10 -11 11 19 13 -15 15 -17 17 -19 -20 -21 29 -23 23 -25 -26 26 27 -29 -30 -31
leaf_value=-0.12878286036201755 -9.9594027837117522 -19.455981785517473 -10.534491850200453 14.9275477850721 -12.707814652579172 -2.6805694670904252 -14.146709792367345 -14.686743377916741 16.555379635947091 16.196575820807254 5.6071336076066309 -15.927741593580979 19.188561423619589 1.247155367533366 -23.756428182125092 5.7428534577874579 24.812517443570226 -2.6469261987455961 4.2717352676391602 -1.7531565258900326 10.396139724438008 -19.244717880775191 -10.824978008270264 15.063822371065619 20.741346390182908 -15.634282933110777 20.444135093688967 -14.767369825189764 -36.54009211403983 0.61570307907888078
leaf_weight=1699 24 26 38 21 28 21 29 33 21 33 37 39 36 30 24 34 22 29 30 24 52 29 20 30 37 46 26 22 21 2071
leaf_count=1699 24 26 38 21 28 21 29 33 21 33 37 39 36 30 24 34 22 29 30 24 52 29 20 30 37 46 26 22 21 2071
internal_value=-6.7845e-09 -1.31574 -0.462852 0.280298 -0.342359 0.40063 -0.707528 0.310061 1.72405 8.85546 0.777364 -4.55794 3.10719 11.0334 -0.102186 -6.46375 3.41182 7.37366 12.9621 -10.5279 0.187963 -0.546066 -0.260816 -6.32993 0.31603 -11.0841 -5.45225 4.30553 -23.9961 0.855262
internal_weight=4632 579 553 515 494 466 412 383 350 54 329 100 229 66 163 58 105 81 52 63 4053 1930 1901 165 1736 135 94 48 41 2123
internal_count=4632 579 553 515 494 466 412 383 350 54 329 100 229 66 163 58 105 81 52 63 4053 1930 1901 165 1736 135 94 48 41 2123
is_linear=0
shrinkage=0.05


Tree=275
num_leaves=31
num_cat=0
split_feature=1 6 6 1 4 4 5 4 5 3 5 4 5 5 4 5 6 5 4 0 3 4 6 3 5 6 0 6 5 4
split_gain=483123 1.33557e+06 1.96199e+06 1.48072e+06 2.60455e+06 2.98958e+06 1.81682e+06 3.24499e+06 6.21315e+06 2.90654e+06 2.77363e+06 2.26357e+06 9.97312e+06 3.58048e+06 2.65787e+06 3.94998e+06 2.33786e+06 2.26513e+06 5.05122e+06 4.44024e+06 2.93329e+06 2.65333e+06 2.31817e+06 1.92357e+06 1.99417e+06 1.82717e+06 2.1471e+06 1.71888e+06 3.38273e+06 3.38566e+06
threshold=4.5000000000000009 54624.531250000007 54196.150000000009 5.5000000000000009 56198.750000000007 55448.850000000013 54775.55000000001 61245.650000000009 52280.450000000004 52149.900000000001 53475.80000000001 53316.150000000001 44336.55000000001 45454.250000000007 55317.650000000001 48377.80000000001 52092.193749999999 39752.250000000007 47023.650000000009 20.500000000000004 42730.000000000007 45908.700000000004 47460.389583333344 49863.650000000009 50756.30000000001 50288.73750000001 11.500000000000002 46908.762500000012 39087.900000000009 52496.450000000004
decision_type=2 2 2 2 2 2 2 2 2 2 2 2 2 2 2 2 2 2 2 2 2 2 2 2 2 2 2 2 2 2
left_child=-1 2 3 6 5 27 7 8 11 -9 -11 12 17 -13 -15 16 -16 21 -19 20 -20 -2 -23 -17 -25 -8 -27 -5 -29 -30
right_child=1 -3 -4 4 -6 -7 25 9 -10 10 -12 13 -14 14 15 23 -18 18 19 -21 -22 22 -24 24 -26 26 -28 28 29 -31
leaf_value=0.32237143373422794 -19.538897545106948 -11.064489629191739 11.864372771017013 -0.56119016053750348 18.064789399646578 -16.780785614013674 -21.486933052539825 20.510342926245471 -30.249158723013746 -6.5234664817651113 11.693774537782412 19.524623291015626 -32.969106095412684 -16.972364312952216 2.8578681219191782 4.0437109974452428 26.74403950691223 23.780992922575578 -6.398677197018185 -22.028668837113813 13.510867002848034 12.028562860488892 -11.756824952080137 -21.784197268278703 -0.1964708709716797 -14.418968057632448 7.7630710411071782 24.759693756103516 -2.0270688831165273 17.804821463993616
leaf_weight=3312 31 31 31 485 21 25 24 26 21 48 37 25 29 22 21 35 20 23 37 22 37 20 21 23 20 24 20 20 93 28
leaf_count=3312 31 31 31 485 21 25 24 26 21 48 37 25 29 22 21 35 20 23 37 22 37 20 21 23 20 24 20 20 93 28
internal_value=1.84627e-08 -0.808859 -0.562215 -0.868434 0.733445 0.17437 -2.7054 -1.69669 -3.76338 5.88119 1.40639 -2.32245 -5.6484 2.08544 -1.00661 1.94504 14.5097 -1.50023 2.73515 -2.30708 3.55609 -8.50039 -0.154197 -4.65944 -11.7434 -10.3894 -4.33622 0.851492 5.71072 2.56213
internal_weight=4632 1320 1289 1258 672 651 586 518 407 111 85 386 220 166 141 119 41 191 119 96 74 72 41 78 43 68 44 626 141 121
internal_count=4632 1320 1289 1258 672 651 586 518 407 111 85 386 220 166 141 119 41 191 119 96 74 72 41 78 43 68 44 626 141 121
is_linear=0
shrinkage=0.05


Tree=276
num_leaves=31
num_cat=0
split_feature=4 4 4 6 6 0 4 6 1 6 3 3 3 5 4 5 3 6 4 3 4 3 5 5 3 5 6 4 3 5
split_gain=480039 1.06161e+06 765707 2.42468e+06 4.16704e+06 5.45822e+06 2.34744e+06 2.71068e+06 4.88438e+06 2.18568e+06 6.67686e+06 4.91095e+06 3.66667e+06 1.6194e+06 2.43603e+06 2.94217e+06 2.2337e+06 1.6798e+06 1.5299e+06 3.09875e+06 2.82437e+06 3.46934e+06 1.69429e+06 4.35801e+06 3.86418e+06 2.22109e+06 4.98946e+06 4.27106e+06 4.07067e+06 4.81349e+06
threshold=66923.85000000002 66397.400000000009 64511.950000000004 55185.527083333342 54893.762500000004 11.500000000000002 64095.200000000004 55154.089583333342 3.5000000000000004 54395.185416666674 55074.350000000006 62708.950000000004 64430.950000000004 65450.900000000001 63854.650000000009 65208.05000000001 65550.550000000003 54693.639583333344 63179.500000000007 66123.550000000003 63606.250000000007 62610.80000000001 63656.700000000004 63994.850000000006 63233.250000000007 62221.700000000004 51196.885416666672 62595.900000000001 61886.200000000004 62621.200000000004
decision_type=2 2 2 2 2 2 2 2 2 2 2 2 2 2 2 2 2 2 2 2 2 2 2 2 2 2 2 2 2 2
left_child=1 2 6 4 9 -6 13 8 -8 10 -4 -11 -13 14 15 18 17 -15 19 22 21 -20 25 -24 -25 27 -27 -1 -28 -30
right_child=-2 -3 3 -5 5 -7 7 -9 -10 11 -12 12 -14 16 -16 -17 -18 -19 20 -21 -22 -23 23 24 -26 26 28 -29 29 -31
leaf_value=0.14308936622040833 -5.7512581295437286 8.5975475751691395 5.9063646210564507 6.1691620569107899 -30.4366377055645 -1.4551694761623037 -10.577032056348077 24.730028305053711 20.277126038592797 26.709597771167758 -29.056548933549365 -14.608180495670863 12.669053060358221 -6.7931234444009849 -11.35395983060201 -18.260231963070957 20.157385884160583 10.082691090901694 22.912014742030038 -18.7965342131528 -3.8156633942626246 -1.0570741341664243 -21.615698647499087 -11.756938382557461 8.3839513778686534 28.792848278227311 -8.625502325057985 -16.706908378789301 27.205226986224837 0.77056849072961242
leaf_weight=3642 36 36 36 59 32 33 29 20 23 20 22 28 22 29 48 22 23 30 36 22 43 26 32 42 55 21 50 38 26 51
leaf_count=3642 36 36 36 59 32 33 29 20 23 20 22 28 22 29 48 22 23 30 36 22 43 26 32 42 55 21 50 38 26 51
internal_value=-1.80286e-08 0.045049 -0.0224707 -2.70137 -5.41309 -15.723 0.134234 9.08667 3.07 -0.177601 -7.35543 5.76974 -2.6062 -0.0179324 -0.155287 -0.0243721 6.94024 1.7878 0.0738622 -0.083343 6.03119 12.8605 0.020698 -5.61532 -0.336846 0.210627 6.21628 -0.0309052 2.48315 9.69656
internal_weight=4632 4596 4560 252 193 65 4308 72 52 128 58 70 50 4236 4154 4106 82 59 4084 3979 105 62 3957 129 97 3828 148 3680 127 77
internal_count=4632 4596 4560 252 193 65 4308 72 52 128 58 70 50 4236 4154 4106 82 59 4084 3979 105 62 3957 129 97 3828 148 3680 127 77
is_linear=0
shrinkage=0.05


Tree=277
num_leaves=31
num_cat=0
split_feature=5 5 5 0 1 1 3 6 5 6 0 5 5 6 0 6 6 0 4 4 3 3 4 5 3 5 3 4 4 3
split_gain=458616 774667 796046 722269 2.08387e+06 3.09594e+06 3.5487e+06 1.90739e+06 1.58611e+06 1.09473e+06 783085 3.62168e+06 2.41942e+06 3.57229e+06 5.81792e+06 3.11667e+06 2.90565e+06 3.83237e+06 2.31559e+06 3.77941e+06 1.9009e+06 8.19591e+06 6.24897e+06 3.70449e+06 2.70161e+06 3.09057e+06 4.76454e+06 5.7982e+06 5.6076e+06 5.08367e+06
threshold=36800.05000000001 37663.700000000004 38097.55000000001 22.500000000000004 3.5000000000000004 2.5000000000000004 45534.700000000004 54966.387500000004 44336.55000000001 46758.218750000007 4.5000000000000009 51800.950000000004 46166.250000000007 53491.637500000004 21.500000000000004 55206.879166666673 52687.495833333342 6.5000000000000009 51386.900000000009 50590.150000000009 46858.200000000004 47122.000000000007 55635.350000000006 47681.500000000007 47430.100000000006 46788.850000000006 50122.850000000006 52922.900000000001 58977.55000000001 50724.950000000004
decision_type=2 2 2 2 2 2 2 2 2 2 2 2 2 2 2 2 2 2 2 2 2 2 2 2 2 2 2 2 2 2
left_child=-1 -2 -3 10 5 6 -5 -8 9 -6 11 18 13 16 -15 -16 17 -12 19 -4 22 -22 23 -14 -23 -26 27 -27 -29 -28
right_child=1 2 3 4 8 -7 7 -9 -10 -11 12 -13 20 14 15 -17 -18 -19 -20 -21 21 24 -24 -25 25 26 29 28 -30 -31
leaf_value=5.470336653056898 -7.1546329554758579 7.2206181124637006 -0.85350572485723897 -20.646691396962041 -13.264742002636195 15.55269928684941 -7.8578532218933113 10.020768127441407 -22.238242607116703 3.2785832118988041 19.488238116233582 -22.279040694236755 -3.1004899366335437 35.433241694623774 13.240527939752099 -10.740695611834527 -16.326627449762253 0.69424267738096179 -16.413673765762994 21.142483787536623 32.111262664794928 -17.874189104352677 14.938773114864643 -24.124581832885742 -12.879791306389704 10.995822896638721 -12.51360092392887 -13.191450652741549 17.033018130347841 0.060992337800005715
leaf_weight=38 38 38 829 23 20 27 26 35 20 20 31 20 44 22 42 20 21 217 23 20 20 21 26 40 45 202 83 57 21 2543
leaf_count=38 38 38 829 23 20 27 26 35 20 20 31 20 44 22 42 20 21 217 23 20 20 21 26 40 45 202 83 57 21 2543
internal_value=-1.18935e-08 -0.0452488 0.0140481 -0.0465649 -3.23401 0.824069 -3.91013 2.40037 -10.7415 -4.99308 0.0788213 -1.24193 0.419808 4.34206 13.3431 5.50465 1.53133 3.04349 -0.759428 -0.335343 -0.026534 0.210792 -6.48179 -13.112 -0.00388191 0.123287 0.324643 6.52477 -5.05409 -0.336453
internal_weight=4632 4594 4556 4518 171 111 84 61 60 40 4347 892 3455 353 84 62 269 248 872 849 3102 2992 110 84 2972 2951 2906 280 78 2626
internal_count=4632 4594 4556 4518 171 111 84 61 60 40 4347 892 3455 353 84 62 269 248 872 849 3102 2992 110 84 2972 2951 2906 280 78 2626
is_linear=0
shrinkage=0.05


Tree=278
num_leaves=31
num_cat=0
split_feature=0 5 5 4 3 3 6 4 3 5 4 3 3 6 4 3 3 0 3 3 3 6 3 3 3 3 4 3 4 0
split_gain=472045 3.09914e+06 1.89422e+06 2.7255e+06 4.06439e+06 1.03937e+07 1.0175e+07 6.48494e+06 2.4826e+06 2.90519e+06 3.14874e+06 2.47682e+06 5.17367e+06 3.46361e+06 6.68655e+06 1.85188e+06 4.52275e+06 1.97702e+06 3.50356e+06 4.70799e+06 4.12335e+06 4.8914e+06 3.37778e+06 2.26541e+06 1.72867e+06 3.10553e+06 2.1708e+06 2.49613e+06 1.76131e+06 3.17479e+06
threshold=17.500000000000004 56690.450000000004 56090.500000000007 51208.200000000004 56643.80000000001 55688.750000000007 54994.568750000013 54393.80000000001 56356.600000000013 53167.950000000004 50798.30000000001 52149.900000000001 51114.200000000004 55202.758333333339 48673.100000000006 50122.850000000006 50639.80000000001 21.500000000000004 46672.350000000006 42028.30000000001 47793.250000000007 54102.57916666667 48701.500000000007 49442.150000000009 47953.500000000007 47368.250000000007 47396.350000000013 46998.450000000004 45687.750000000007 22.500000000000004
decision_type=2 2 2 2 2 2 2 2 2 2 2 2 2 2 2 2 2 2 2 2 2 2 2 2 2 2 2 2 2 2
left_child=-1 2 3 8 5 -5 -6 -8 9 10 11 12 15 14 -13 17 -17 18 19 -2 -20 -22 24 -23 25 26 27 28 -19 -30
right_child=1 -3 -4 4 6 -7 7 -9 -10 -11 -12 13 -14 -15 -16 16 -18 22 20 -21 21 23 -24 -25 -26 -27 -28 -29 29 -31
leaf_value=0.29141836068365096 18.553042117032138 -18.654468790690103 13.704756496263588 -6.7620827260154943 -37.741722208211819 28.440805816650393 -19.675347886766708 19.169742396744816 15.394309658474393 -18.836960620880127 19.111463234641334 -13.510986353556317 16.108449868972485 -25.125716806541789 19.629219150543214 -21.727545892038655 6.8558963336944592 -3.0764766636348906 27.142460445121483 -7.1677232619254827 -13.523798751831055 4.9835374790689224 -17.548768895672215 23.228561122329147 10.750949929654599 -17.034802634140544 -15.322588820684524 14.707241115262432 -5.0453468581040708 17.428653503186776
leaf_weight=3474 22 24 23 130 30 25 21 22 27 20 22 45 52 22 23 31 25 168 27 93 26 46 31 27 32 29 21 31 30 33
leaf_count=3474 22 24 23 130 30 25 21 22 27 20 22 45 52 22 23 31 25 168 27 93 26 46 31 27 32 29 21 31 30 33
internal_value=1.42236e-08 -0.874255 -0.497954 -0.79198 -5.66557 -1.0842 -15.3931 0.198884 0.466434 -0.00442241 0.446117 -0.058352 0.914074 -7.88098 -2.3018 -0.261681 -8.96708 0.529719 4.06311 -2.24723 9.82255 5.09894 -1.74108 11.7317 -0.316546 -1.45167 0.145184 1.38497 -0.40287 6.72675
internal_weight=4632 1158 1134 1111 228 155 73 43 883 856 836 814 724 90 68 672 56 616 241 115 126 99 375 73 344 312 283 262 231 63
internal_count=4632 1158 1134 1111 228 155 73 43 883 856 836 814 724 90 68 672 56 616 241 115 126 99 375 73 344 312 283 262 231 63
is_linear=0
shrinkage=0.05


Tree=279
num_leaves=31
num_cat=0
split_feature=0 3 5 1 0 6 5 4 3 4 3 4 4 5 5 4 4 4 6 6 0 3 4 4 4 3 5 6 0 3
split_gain=452165 2.91571e+06 6.72378e+06 3.31912e+06 1.24756e+06 3.32263e+06 6.7997e+06 4.29272e+06 2.63189e+06 3.10162e+06 2.35837e+06 1.65612e+06 1.49176e+06 3.17222e+06 2.00619e+06 1.51119e+06 3.75096e+06 3.14337e+06 1.96498e+06 2.87524e+06 1.9314e+06 2.65853e+06 1.71217e+06 1.86966e+06 1.68174e+06 3.03613e+06 3.5017e+06 1.8066e+06 1.65896e+06 2.70442e+06
threshold=18.500000000000004 55291.80000000001 51601.05000000001 2.5000000000000004 19.500000000000004 53599.39375000001 45066.900000000009 51071.650000000009 52045.650000000009 48673.100000000006 51597.000000000007 49931.80000000001 49831.750000000007 47780.500000000007 49264.55000000001 45989.350000000006 45782.750000000007 45321.900000000009 54984.63958333333 55146.743750000001 22.500000000000004 41109.30000000001 38593.400000000009 44379.400000000009 40469.500000000007 47302.350000000013 42718.150000000001 54196.150000000009 21.500000000000004 46998.450000000004
decision_type=2 2 2 2 2 2 2 2 2 2 2 2 2 2 2 2 2 2 2 2 2 2 2 2 2 2 2 2 2 2
left_child=-1 4 -3 -4 5 6 -2 -7 10 -10 12 -11 14 -14 15 16 17 18 20 -20 21 -6 -22 -24 27 26 -26 -23 -17 -30
right_child=1 2 3 -5 8 7 -8 -9 9 11 -12 -13 13 -15 -16 28 -18 -19 19 -21 22 24 23 -25 25 -27 -28 -29 29 -31
leaf_value=0.25342079300889536 9.16001075538429 7.2247529029846191 -35.458079290390017 -8.2390788850330168 18.434358135859171 26.681867546870791 -25.941727285493506 0.3139158884684245 -20.649687494550435 9.9208063220977785 15.169821262359619 -9.5606646696726489 2.613883289924035 -23.514002131280446 11.309623605326603 0.77756838660549243 20.589970598618191 -15.313631108601889 25.338669738769532 1.4468228284050437 5.3034926215807596 -16.844423611958824 -16.81147063185529 0.76010394891103106 9.7789996147155769 20.992677416120259 -14.098394488436837 2.991977050087669 -0.85964526689969589 -15.92432529037649
leaf_weight=3667 37 32 24 21 24 29 22 33 35 20 25 24 26 21 38 108 24 30 20 34 24 24 41 24 34 21 28 22 65 55
leaf_count=3667 37 32 24 21 24 29 22 33 35 20 25 24 26 21 38 108 24 30 20 34 24 24 41 24 34 21 28 22 65 55
internal_value=4.41759e-09 -0.962999 -10.2964 -22.7559 -0.153684 4.56476 -3.92877 12.6473 -0.898054 -9.5415 0.0944354 -0.705451 -0.474018 -9.06028 0.181102 -0.55053 1.51295 0.108502 1.67156 10.2957 -0.25283 3.15398 -6.10948 -10.3235 0.31112 4.56117 -1.00434 -7.35745 -3.71815 -7.76429
internal_weight=4632 965 77 45 888 121 59 62 767 79 688 44 663 47 616 578 350 326 296 54 242 153 89 65 129 83 62 46 228 120
internal_count=4632 965 77 45 888 121 59 62 767 79 688 44 663 47 616 578 350 326 296 54 242 153 89 65 129 83 62 46 228 120
is_linear=0
shrinkage=0.05


Tree=280
num_leaves=31
num_cat=0
split_feature=0 3 5 4 6 1 4 3 4 5 4 3 0 6 3 3 3 6 1 4 5 3 5 6 5 3 6 3 6 4
split_gain=467576 5.34236e+06 2.21109e+06 2.60776e+06 1.01872e+07 7.98545e+06 5.93474e+06 5.57304e+06 3.68496e+06 2.65843e+06 1.42119e+06 1.51802e+06 2.72324e+06 4.69688e+06 7.29975e+06 5.00551e+06 3.06537e+06 7.97027e+06 7.48213e+06 2.465e+06 3.65498e+06 4.27946e+06 2.04145e+06 3.83241e+06 2.71362e+06 2.3493e+06 4.16963e+06 1.92587e+06 2.97954e+06 4.99267e+06
threshold=7.5000000000000009 56513.400000000009 58467.000000000007 56844.450000000004 55162.522916666676 4.5000000000000009 55990.850000000006 54336.850000000013 55317.650000000001 55432.450000000004 54917.55000000001 53677.350000000006 5.5000000000000009 48390.962500000016 46157.450000000004 50830.250000000007 49767.55000000001 55046.441666666673 1.5000000000000002 52400.750000000007 52432.900000000009 49079.150000000009 49071.600000000013 55252.14166666667 48778.80000000001 47302.350000000013 54860.179166666676 46454.350000000013 55133.202083333337 44950.80000000001
decision_type=2 2 2 2 2 2 2 2 2 2 2 2 2 2 2 2 2 2 2 2 2 2 2 2 2 2 2 2 2 2
left_child=1 2 3 6 5 7 8 -5 10 -8 11 12 16 14 -14 -15 19 18 -18 20 21 22 24 25 27 -24 -27 -1 29 -29
right_child=-2 -3 -4 4 -6 -7 9 -9 -10 -11 -12 -13 13 15 -16 -17 17 -19 -20 -21 -22 -23 23 -25 -26 26 -28 28 -30 -31
leaf_value=0.36626541252802969 0.35521968483051447 -23.18348652766301 -12.398487781833959 48.312260419672185 -21.62674701554435 -7.51627667427063 -31.042786915735764 12.301741867973691 17.363990666071576 -5.855539951324463 -13.260748415333886 -11.881474021629051 15.936794489401359 35.682184063304554 -19.364696645736696 6.5807848887973366 -2.2634394764900208 7.2370182991027834 -40.632422129313156 12.266723504066469 -17.292071114816974 21.458682670282283 10.738320497366098 24.12179439171501 -17.790793848037719 8.2140542200633462 -19.324373649667812 -13.27956044890664 -16.33045105629779 9.7076828563914574
leaf_weight=683 3088 26 37 22 21 20 22 21 30 20 21 27 27 22 32 45 24 40 27 40 31 23 39 23 24 28 27 44 47 51
leaf_count=683 3088 26 37 22 21 20 22 21 30 20 21 27 27 22 32 45 24 40 27 40 31 23 39 23 24 28 27 44 47 51
internal_value=2.79928e-09 -0.710439 -0.325526 -0.0239053 8.53237 18.5854 -0.538384 30.7257 0.0353722 -19.0489 -0.356974 -0.149168 0.098892 7.07751 -3.20978 16.1365 -0.665058 -9.47162 -22.5764 0.0909772 -0.386503 0.143398 -0.364108 5.82762 -1.21738 1.35138 -5.30481 -0.735249 -6.03338 -0.93904
internal_weight=4632 1544 1518 1481 84 63 1397 43 1355 42 1325 1304 1277 126 59 67 1151 91 51 1060 1020 989 966 117 849 94 55 825 142 95
internal_count=4632 1544 1518 1481 84 63 1397 43 1355 42 1325 1304 1277 126 59 67 1151 91 51 1060 1020 989 966 117 849 94 55 825 142 95
is_linear=0
shrinkage=0.05


Tree=281
num_leaves=31
num_cat=0
split_feature=5 4 0 3 6 6 4 6 6 3 3 4 4 3 5 3 0 4 3 5 4 6 6 3 3 6 6 6 3 3
split_gain=476444 2.94961e+06 2.52161e+06 1.49922e+06 2.28861e+06 1.39431e+06 1.46007e+06 2.96282e+06 2.70655e+06 3.39471e+06 2.81595e+06 1.41204e+06 1.66224e+06 1.24117e+06 1.2264e+06 3.70587e+06 3.59676e+06 7.0909e+06 5.81112e+06 2.24204e+06 2.98599e+06 3.85146e+06 2.27296e+06 2.04227e+06 1.56668e+06 1.81447e+06 2.87527e+06 1.84717e+06 1.28339e+06 3.02198e+06
threshold=61831.05000000001 65550.550000000003 15.500000000000002 58113.750000000007 50392.897916666676 50820.885416666679 65293.600000000006 55272.19166666668 55051.416666666672 63129.150000000009 64430.950000000004 64929.350000000013 64687.650000000009 64304.000000000007 61035.450000000004 64210.05000000001 9.5000000000000018 60439.100000000013 58242.55000000001 60095.400000000001 60959.100000000006 54937.983333333344 54984.63958333333 61457.400000000009 62849.600000000006 55650.777083333342 55577.654166666674 55543.250000000007 61803.05000000001 60877.200000000004
decision_type=2 2 2 2 2 2 2 2 2 2 2 2 2 2 2 2 2 2 2 2 2 2 2 2 2 2 2 2 2 2
left_child=1 14 3 -2 -5 -6 11 8 9 -8 -11 12 -7 -13 19 16 18 -18 -16 24 22 -22 23 -21 25 26 27 28 29 -1
right_child=2 -3 -4 4 5 6 7 -9 -10 10 -12 13 -14 -15 15 -17 17 -19 -20 20 21 -23 -24 -25 -26 -27 -28 -29 -30 -31
leaf_value=0.069644214549698422 -13.234609056555707 15.355300310254098 -18.616583623886111 13.755572765799506 -12.922034105528958 0.62920736562828339 10.312533360719682 -19.954559954890499 13.777946953151536 -26.173446091738612 -3.6955773827276732 1.2120370118514352 -10.616684158870152 18.02475210825602 19.076463999067034 -14.106427474248978 40.562740580240892 3.1711344063282016 -15.717938831874305 -32.512402667999268 16.489369457244873 -11.264769256591798 -3.1767147433373237 -9.916678094863892 11.954830064092365 -13.620325613021851 14.038781575898867 -13.251028105795669 -8.6656469577696278 13.895428504943849
leaf_weight=3316 23 32 20 28 23 537 24 27 23 22 38 23 35 21 21 21 21 32 28 20 25 25 31 20 28 24 37 26 41 40
leaf_count=3316 23 32 20 28 23 537 24 27 23 22 38 23 35 21 21 21 21 32 28 20 25 25 31 20 28 24 37 26 41 40
internal_value=-9.63384e-09 0.239363 -1.0743 -0.648516 -0.287117 -0.795779 -0.423907 -5.15394 -1.4192 -5.58032 -11.9375 0.605028 -0.0589154 9.23629 0.11058 5.02083 8.9588 17.9867 -0.806052 -0.0556629 -6.74748 2.6123 -13.3389 -21.2145 0.174892 0.0802199 0.175253 0.0253985 0.127014 0.234433
internal_weight=4632 3788 844 824 801 773 750 134 107 84 60 616 572 44 3756 123 102 53 49 3633 121 50 71 40 3512 3484 3460 3423 3397 3356
internal_count=4632 3788 844 824 801 773 750 134 107 84 60 616 572 44 3756 123 102 53 49 3633 121 50 71 40 3512 3484 3460 3423 3397 3356
is_linear=0
shrinkage=0.05


Tree=282
num_leaves=31
num_cat=0
split_feature=1 5 5 5 0 6 5 3 4 5 6 6 4 4 5 4 4 4 3 3 6 5 3 3 4 6 6 5 5 5
split_gain=471460 1.28963e+06 3.34054e+06 2.90005e+06 5.41034e+06 2.85024e+06 2.12124e+06 2.03701e+06 1.84124e+06 3.8279e+06 3.9973e+06 4.41877e+06 3.00412e+06 6.6515e+06 3.72759e+06 2.97525e+06 2.08352e+06 3.63692e+06 2.48923e+06 3.8028e+06 2.3114e+06 1.57144e+06 5.95115e+06 8.87604e+06 6.96678e+06 3.5954e+06 3.45575e+06 5.48547e+06 2.57148e+06 1.81869e+06
threshold=4.5000000000000009 55983.750000000007 55551.700000000004 54775.55000000001 11.500000000000002 47098.847916666673 54463.100000000006 56356.600000000013 60846.700000000004 51707.600000000006 49741.968750000007 51094.72083333334 58078.400000000001 57044.950000000004 50040.950000000004 56094.200000000004 54088.05000000001 54797.200000000004 53192.700000000004 52149.900000000001 48206.133333333339 45622.700000000004 47368.250000000007 48209.700000000004 50509.950000000004 46758.218750000007 46675.404166666682 49863.650000000009 44900.05000000001 44336.55000000001
decision_type=2 2 2 2 2 2 2 2 2 2 2 2 2 2 2 2 2 2 2 2 2 2 2 2 2 2 2 2 2 2
left_child=-1 2 3 6 -5 -3 7 8 12 -10 -11 -12 13 15 -14 16 18 -18 19 21 -19 28 24 -24 25 -23 -25 -28 29 -2
right_child=1 5 -4 4 -6 -7 -8 -9 9 10 11 -13 14 -15 -16 -17 17 20 -20 -21 -22 22 23 26 -26 -27 27 -29 -30 -31
leaf_value=0.31845638895686268 0.14435302551079299 3.8342630795070103 18.020349423090618 -30.429795339833134 2.5707897610134549 -17.854744838945795 13.807728912509404 -15.364819501793903 25.675987091064453 -16.414272523962932 25.311964263086736 -2.5962294849189553 1.9647324660728718 26.295218899586928 -22.122697183820936 -15.016131369272868 21.88851635370936 -11.239491836547852 -13.75105386682459 16.683755099388861 11.261745016915459 5.2744843210492824 26.924647931699401 -18.638901496656015 -41.576583614349367 -21.405514155263489 -10.36257550920759 21.961578805106029 16.130525747934978 -11.79036574644201
leaf_weight=3312 522 28 24 23 27 33 26 23 20 23 23 37 29 23 36 36 28 25 37 31 21 28 27 33 20 23 35 21 24 34
leaf_count=3312 522 28 24 23 27 33 26 23 20 23 23 37 29 23 36 36 28 25 37 31 21 28 27 33 20 23 35 21 24 34
internal_value=-4.26719e-09 -0.799036 -0.455028 -0.814064 -12.6095 -7.89913 -0.316367 -0.633215 -0.334951 6.03987 1.30827 8.10191 -0.970582 -0.271871 -11.376 -0.918477 -0.360155 7.68092 -1.07278 -0.484936 -0.967188 -1.17885 -5.16464 1.81366 -16.5658 -6.75767 -5.80428 1.75898 0.106228 -0.585468
internal_weight=4632 1320 1259 1235 50 61 1185 1159 1136 103 83 60 1033 968 65 945 909 74 835 798 46 767 187 116 71 51 89 56 580 556
internal_count=4632 1320 1259 1235 50 61 1185 1159 1136 103 83 60 1033 968 65 945 909 74 835 798 46 767 187 116 71 51 89 56 580 556
is_linear=0
shrinkage=0.05


Tree=283
num_leaves=31
num_cat=0
split_feature=4 4 4 4 3 5 5 5 5 4 6 1 5 5 4 5 3 5 4 3 4 6 3 5 3 3 4 4 3 6
split_gain=471352 1.02155e+06 688819 2.21716e+06 2.47442e+06 2.57466e+06 2.15075e+06 3.21185e+06 2.54884e+06 2.10142e+06 2.43653e+06 4.4596e+06 1.4274e+06 1.41653e+06 2.21976e+06 2.70391e+06 2.01815e+06 1.64184e+06 1.36728e+06 2.79043e+06 2.53847e+06 3.49707e+06 4.69286e+06 1.6633e+06 1.5127e+06 1.4906e+06 3.09901e+06 2.52664e+06 1.42055e+06 6.95245e+06
threshold=66923.85000000002 66397.400000000009 64511.950000000004 64929.350000000013 64877.100000000013 57329.200000000004 63898.450000000004 64707.450000000004 62621.200000000004 64095.200000000004 55154.089583333342 3.5000000000000004 57600.150000000009 65450.900000000001 63854.650000000009 65208.05000000001 65550.550000000003 66411.800000000017 63179.500000000007 66123.550000000003 63606.250000000007 54984.63958333333 60361.05000000001 64707.450000000004 61457.400000000009 65131.30000000001 62830.30000000001 60846.700000000004 64100.950000000004 54893.762500000004
decision_type=2 2 2 2 2 2 2 2 2 2 2 2 2 2 2 2 2 2 2 2 2 2 2 2 2 2 2 2 2 2
left_child=1 2 9 4 5 -4 8 -8 12 13 11 -11 -5 14 15 18 17 -15 19 23 21 22 -20 25 -22 26 28 -27 -1 -30
right_child=-2 -3 3 6 -6 -7 7 -9 -10 10 -12 -13 -14 16 -16 -17 -18 -19 20 -21 24 -23 -24 -25 -26 27 -28 -29 29 -31
leaf_value=0.2897717699996839 -5.6989791393280029 8.4342154900232966 -18.587302866849033 7.2323964436848955 -24.364930343627933 2.0687370538711547 -19.476260150854404 2.2654388994586712 16.71388397216797 -10.14705828140522 23.428574576377869 19.334918055327044 -9.3479406318664555 8.9968290155584167 -10.835431341330212 -17.502321546727963 19.054080830449646 -7.8035098717762885 20.698936078661966 -17.832716602628881 -13.686458637714388 29.388179740905766 -12.727795430592129 -12.34379527480514 5.1154518065245256 -1.9350246056266454 -12.754778669742828 22.364447994232179 5.1577326138814295 -28.577265278498334
leaf_weight=3774 36 36 22 27 20 48 26 49 35 29 20 23 25 33 48 22 23 26 21 22 20 20 21 27 23 23 47 20 42 24
leaf_count=3774 36 36 22 27 20 48 26 49 35 29 20 23 25 33 48 22 23 26 21 22 20 20 21 27 23 23 47 20 42 24
internal_value=-5.63394e-09 0.0446395 -0.021594 -2.56244 -8.85467 -4.42316 0.933246 -5.27168 6.28232 0.127035 8.59736 2.89305 -0.738919 -0.0169368 -0.1454 -0.0204315 6.49083 1.59329 0.0737413 -0.0748742 5.70556 12.18 3.98557 0.0238553 -3.62962 0.108824 0.00640454 9.36706 0.162596 -7.10954
internal_weight=4632 4596 4560 252 90 70 162 75 87 4308 72 52 52 4236 4154 4106 82 59 4084 3979 105 62 42 3957 43 3930 3887 43 3840 66
internal_count=4632 4596 4560 252 90 70 162 75 87 4308 72 52 52 4236 4154 4106 82 59 4084 3979 105 62 42 3957 43 3930 3887 43 3840 66
is_linear=0
shrinkage=0.05


Tree=284
num_leaves=31
num_cat=0
split_feature=0 3 4 3 5 5 5 3 5 1 4 6 5 5 4 3 6 4 6 5 5 0 6 6 4 5 4 4 6 5
split_gain=471059 3.29852e+06 1.50394e+06 1.62218e+06 1.76394e+06 1.46791e+06 2.0679e+06 2.87743e+06 1.80081e+06 1.61737e+06 1.4824e+06 2.17695e+06 2.01195e+06 1.79136e+06 1.40327e+06 3.51925e+06 1.65098e+06 3.79067e+06 1.08628e+06 867298 779281 3.07254e+06 4.06111e+06 6.84296e+06 6.34433e+06 3.98036e+06 2.97718e+06 3.27811e+06 2.94215e+06 2.71318e+06
threshold=20.500000000000004 51345.650000000001 48673.100000000006 50387.05000000001 48694.05000000001 47441.150000000001 47131.450000000004 49079.150000000009 46788.850000000006 1.5000000000000002 45989.350000000006 47520.716666666674 44844.000000000007 45842.250000000007 43979.950000000004 42912.250000000007 46884.227083333339 39670.600000000006 55179.381250000006 40272.100000000013 52765.450000000004 4.5000000000000009 55502.541666666679 55046.441666666673 52100.700000000004 51366.750000000007 51386.900000000009 50590.150000000009 54921.664583333339 52979.350000000013
decision_type=2 2 2 2 2 2 2 2 2 2 2 2 2 2 2 2 2 2 2 2 2 2 2 2 2 2 2 2 2 2
left_child=20 2 3 4 5 6 7 8 10 -7 12 -12 14 -14 15 16 17 -2 -13 -16 21 25 23 28 -25 26 27 -1 -23 -22
right_child=1 -3 -4 -5 -6 9 -8 -9 -10 -11 11 18 13 -15 19 -17 -18 -19 -20 -21 29 22 -24 24 -26 -27 -28 -29 -30 -31
leaf_value=-0.50725918439574635 8.5723972956339534 -18.738749738839957 -10.114936657955774 13.802892110461281 -12.574873243059431 -0.24075427736554827 -13.542804619361617 -13.808887708548344 15.831621989749728 17.077570922558124 5.277216622636125 -15.153207084460135 17.832464498943754 1.2891888173421224 -1.424453353881836 -17.838934925397236 13.209195748964945 -17.543370517094932 -1.6332829276720684 11.848451527953149 -14.060972012413874 2.7114805705750733 -17.247028255462649 6.7920576875327061 34.006839197332212 -20.712668655395507 -18.672557037526911 19.960784683227541 -12.543791152491714 -0.22051171084263463
leaf_weight=893 33 26 38 21 28 28 29 33 21 26 37 39 36 30 20 30 24 24 24 32 36 748 24 61 33 25 22 20 33 2158
leaf_count=893 33 26 38 21 28 28 29 33 21 26 37 39 36 30 20 30 24 24 24 32 36 748 24 61 33 25 22 20 33 2158
internal_value=8.57565e-09 -1.33405 -0.515747 0.192542 -0.386035 0.346341 -0.669614 0.305119 1.63587 8.0977 0.729756 -4.34917 2.94763 10.3128 -0.0345874 -3.2099 2.20826 -2.42372 -10.0028 6.74349 0.190579 0.943774 3.04433 3.6009 16.3462 -1.02331 -0.496859 -0.0588902 2.06689 -0.447611
internal_weight=4632 579 553 515 494 466 412 383 350 54 329 100 229 66 163 111 81 57 63 52 4053 1859 899 875 94 960 935 913 781 2194
internal_count=4632 579 553 515 494 466 412 383 350 54 329 100 229 66 163 111 81 57 63 52 4053 1859 899 875 94 960 935 913 781 2194
is_linear=0
shrinkage=0.05


Tree=285
num_leaves=31
num_cat=0
split_feature=1 6 6 1 4 4 6 5 4 5 4 6 5 4 4 5 5 0 0 3 5 4 0 3 4 6 4 6 0 6
split_gain=486473 1.23207e+06 1.78042e+06 1.27655e+06 2.29713e+06 2.64856e+06 1.56635e+06 1.50287e+06 2.7149e+06 5.3919e+06 2.71732e+06 3.22806e+06 3.3485e+06 2.01183e+06 2.00039e+06 8.48585e+06 3.08188e+06 7.38321e+06 2.73725e+06 2.34227e+06 1.95947e+06 4.52266e+06 3.95584e+06 2.63713e+06 2.28084e+06 2.03107e+06 1.937e+06 1.73295e+06 1.89398e+06 1.16368e+06
threshold=4.5000000000000009 54624.531250000007 54196.150000000009 5.5000000000000009 56198.750000000007 55448.850000000013 46319.366666666676 54775.55000000001 61245.650000000009 52280.450000000004 62183.000000000007 49741.968750000007 53167.950000000004 64299.950000000004 53316.150000000001 44336.55000000001 48377.80000000001 17.500000000000004 6.5000000000000009 48110.250000000007 39752.250000000007 47023.650000000009 20.500000000000004 42730.000000000007 45908.700000000004 47460.389583333344 58977.55000000001 50288.73750000001 11.500000000000002 55133.202083333337
decision_type=2 2 2 2 2 2 2 2 2 2 2 2 2 2 2 2 2 2 2 2 2 2 2 2 2 2 2 2 2 2
left_child=29 2 3 7 5 6 -5 8 9 14 -10 -12 -13 -14 15 20 17 18 -16 -18 24 -22 23 -23 -2 -26 -21 -9 -29 -1
right_child=1 -3 -4 4 -6 -7 -8 27 10 -11 11 12 13 -15 16 -17 19 -19 -20 26 21 22 -24 -25 25 -27 -28 28 -30 -31
leaf_value=0.92620986205626277 -18.248093365084738 -10.661871454792639 11.262841720734874 -9.7031778818544225 16.897307305108935 -15.863000244140625 1.3325529523974133 -20.368351002534233 21.963923954963686 -28.218367908114477 -15.06844455545599 23.579224359421502 -12.470674047470093 8.2924307379339428 10.956814378102621 -30.530701183450635 -19.014030707966196 -9.1727332523890919 34.493309493291946 -9.3115256173270087 22.350629292363706 -6.2395598153810248 -20.9496189290827 12.638178232553843 11.127940006256104 -11.135897931598482 8.9740573120117197 -13.135481901715199 7.6980888748168956 -1.1338704978380165
leaf_weight=2343 31 31 31 34 21 25 592 24 20 21 22 21 20 28 30 29 22 35 21 28 23 37 22 37 20 21 30 24 20 969
leaf_count=2343 31 31 31 34 21 25 592 24 20 21 22 21 20 28 30 29 22 35 21 28 23 37 22 37 20 21 30 24 20 969
internal_value=2.5616e-08 -0.811658 -0.574764 -0.86647 0.620881 0.0958346 0.733168 -2.5721 -1.65467 -3.54504 5.27668 1.60915 6.92664 -0.358863 -2.20271 -5.32934 1.94102 8.51184 20.6483 -5.12262 -1.50295 2.43632 -2.33482 3.19931 -8.01369 -0.275489 0.146535 -9.56074 -3.66568 0.323487
internal_weight=4632 1320 1289 1258 672 651 626 586 518 407 111 91 69 48 386 220 166 86 51 80 191 119 96 74 72 41 58 68 44 3312
internal_count=4632 1320 1289 1258 672 651 626 586 518 407 111 91 69 48 386 220 166 86 51 80 191 119 96 74 72 41 58 68 44 3312
is_linear=0
shrinkage=0.05


Tree=286
num_leaves=31
num_cat=0
split_feature=6 6 1 3 6 6 6 0 6 3 4 3 3 6 6 3 0 4 4 5 5 6 0 5 6 0 4 4 5 3
split_gain=449313 2.12427e+06 3.5924e+06 1.86707e+06 1.62247e+06 3.49174e+06 2.95374e+06 1.21715e+06 2.72659e+06 2.3221e+06 8.06599e+06 3.6097e+06 2.60215e+06 3.81807e+06 2.00279e+06 3.87642e+06 4.498e+06 1.88003e+06 1.52893e+07 4.21212e+06 1.08295e+07 3.08518e+06 2.51314e+06 2.56965e+06 6.66996e+06 3.86745e+06 2.16439e+06 3.49725e+06 3.27632e+06 1.94652e+06
threshold=54422.481250000004 54313.881250000006 2.5000000000000004 43633.650000000001 55069.652083333342 54792.64375000001 54624.531250000007 3.5000000000000004 54600.637500000004 47430.100000000006 48858.350000000013 44907.400000000009 48209.700000000004 55046.441666666673 54558.752083333347 62708.950000000004 14.500000000000002 47998.500000000007 48438.600000000006 49358.100000000006 48263.650000000001 54832.847916666673 20.500000000000004 49543.500000000007 55202.758333333339 4.5000000000000009 49931.80000000001 50509.950000000004 50328.900000000009 48966.150000000009
decision_type=2 2 2 2 2 2 2 2 2 2 2 2 2 2 2 2 2 2 2 2 2 2 2 2 2 2 2 2 2 2
left_child=1 -1 -3 4 5 6 -2 8 -5 10 11 -9 13 -11 15 16 -14 19 -19 20 21 -16 23 24 -20 -25 -27 -28 -29 -23
right_child=3 2 -4 7 -6 -7 -8 9 -10 12 -12 -13 14 -15 17 -17 -18 18 22 -21 -22 29 -24 25 -26 26 27 28 -30 -31
leaf_value=-0.25439793130460259 15.69961517168128 0.70565655871135435 -21.850003174812564 -19.470615213567562 -4.6740546989440919 28.353075517926897 -10.573493747711183 -16.267477172851564 -1.3606993827889575 0.24986808610999067 27.952838583553543 4.2941335941830729 23.027144330342612 -22.452845505745181 -26.011977931431364 -9.4529871804373595 0.67143494076199006 41.005723522020425 25.908239441533244 -24.63579720656077 30.714286518363014 8.5518707229977569 -13.703326231060608 -18.888033517201745 -10.587547793842498 13.27868851692446 -18.613264032363894 20.344857926368714 -0.030477040620026648 -10.019568423337716
leaf_weight=1878 23 41 31 22 20 21 20 25 376 46 34 146 45 31 21 28 45 23 31 24 21 21 33 27 21 31 25 20 1459 43
leaf_count=1878 23 41 31 22 20 21 20 25 376 46 34 146 45 31 21 28 45 23 31 24 21 21 33 27 21 31 25 20 1459 43
internal_value=-3.72987e-09 -0.577527 -9.00581 0.419902 7.7566 11.6412 3.47956 0.182688 -2.36175 0.643 5.7105 1.28805 0.122279 -8.89019 0.484093 6.79451 11.8493 0.07041 0.521258 -5.72125 -1.43871 -9.3824 -0.0440989 0.235179 11.1696 -0.128834 0.201133 -0.0684178 0.245051 -3.92581
internal_weight=4632 1950 72 2682 84 64 43 2598 398 2200 205 171 1995 77 1918 118 90 1800 1670 130 106 85 1647 1614 52 1562 1535 1504 1479 64
internal_count=4632 1950 72 2682 84 64 43 2598 398 2200 205 171 1995 77 1918 118 90 1800 1670 130 106 85 1647 1614 52 1562 1535 1504 1479 64
is_linear=0
shrinkage=0.05


Tree=287
num_leaves=31
num_cat=0
split_feature=0 4 4 5 4 6 4 3 5 0 5 5 3 3 4 6 5 6 5 5 4 6 5 3 4 4 4 6 3 4
split_gain=448470 3.96249e+06 8.35409e+06 6.86326e+06 3.70454e+06 3.08707e+06 2.90367e+06 1.83195e+06 3.70762e+06 1.7624e+06 3.35934e+06 5.18114e+06 5.43091e+06 1.06339e+07 8.43503e+06 1.17048e+07 4.93114e+06 6.36779e+06 4.81236e+06 6.29933e+06 4.29532e+06 3.83545e+06 3.12593e+06 2.89981e+06 3.91618e+06 5.23804e+06 4.42086e+06 4.36749e+06 2.89763e+06 3.59312e+06
threshold=15.500000000000002 59176.450000000004 59625.900000000009 58467.000000000007 61245.650000000009 54755.381250000013 58752.05000000001 62117.05000000001 59773.350000000013 10.500000000000002 63143.900000000009 62728.950000000004 64877.100000000013 63860.200000000004 53543.200000000004 46884.227083333339 56453.55000000001 54638.208333333336 63994.850000000006 64245.150000000001 62245.400000000001 55154.089583333342 62017.600000000006 56267.600000000013 54797.200000000004 56844.450000000004 62245.400000000001 49741.968750000007 63778.500000000007 64511.950000000004
decision_type=2 2 2 2 2 2 2 2 2 2 2 2 2 2 2 2 2 2 2 2 2 2 2 2 2 2 2 2 2 2
left_child=9 6 -3 5 -5 -4 7 8 -2 28 11 12 13 14 15 -11 23 20 -12 -20 -18 -19 -14 24 -16 -26 -27 -28 29 -1
right_child=1 2 3 4 -6 -7 -8 -9 -10 10 18 -13 22 -15 16 -17 17 21 19 -21 -22 -23 -24 -25 25 26 27 -29 -30 -31
leaf_value=0.016642834671802827 -0.25740441054127983 -35.71097211837769 -2.0524811363220219 -4.5140066684820717 -30.174112163890495 24.807041483340058 18.982252559661866 -11.845807855779476 20.436366757479583 1.4107937270197377 -10.368116057713827 20.221239997863773 1.2637783216393512 29.001141611735029 23.645802903175355 51.131267852783203 -34.652654397898708 13.743732017278672 20.506382682323459 -0.55038626483562247 -5.7187695441038713 -13.024567147959836 -23.820357400399669 -9.644972413958925 -13.307742505603366 25.411594545841218 -16.337420255487615 9.8897193097231693 -18.108164086419603 -15.499338152534083
leaf_weight=2062 1341 24 20 39 22 23 20 33 22 29 105 50 23 42 28 20 29 32 40 317 23 23 27 33 36 29 22 57 23 38
leaf_count=2062 1341 24 20 39 22 23 20 33 22 29 105 50 23 42 28 20 29 32 40 317 23 23 27 33 36 29 22 57 23 38
internal_value=-1.48442e-08 -0.695773 -9.12053 -2.98427 -13.7685 12.3142 0.0657868 -0.205223 0.076611 0.347887 2.1196 4.94689 3.26098 5.18935 2.419 21.7049 -0.609864 -9.31051 -0.958592 1.80892 -21.855 2.54972 -12.2817 3.93145 6.53623 3.20936 8.71506 2.58596 -0.45744 -0.264123
internal_weight=4632 1544 128 104 61 43 1416 1396 1363 3088 965 503 453 403 361 49 312 107 462 357 52 55 50 205 172 144 108 79 2123 2100
internal_count=4632 1544 128 104 61 43 1416 1396 1363 3088 965 503 453 403 361 49 312 107 462 357 52 55 50 205 172 144 108 79 2123 2100
is_linear=0
shrinkage=0.05


Tree=288
num_leaves=31
num_cat=0
split_feature=6 6 3 3 4 1 1 1 0 5 4 5 4 4 4 3 3 3 0 5 6 6 3 3 0 3 0 4 6 3
split_gain=445146 2.61207e+06 1.7228e+06 1.66098e+06 2.2287e+06 1.58681e+06 1.39235e+06 1.45057e+06 4.01771e+06 6.62028e+06 6.70899e+06 3.91485e+06 6.01282e+06 3.49368e+06 4.67878e+06 3.47286e+06 7.78845e+06 6.22088e+06 5.02403e+06 3.02334e+06 5.10146e+06 3.86199e+06 3.93654e+06 7.22896e+06 2.96249e+06 2.72035e+06 3.95417e+06 2.40537e+06 2.93961e+06 2.38427e+06
threshold=54395.185416666674 54313.881250000006 43633.650000000001 41564.05000000001 46279.650000000001 2.5000000000000004 4.5000000000000009 3.5000000000000004 20.500000000000004 57889.350000000006 59625.900000000009 61623.400000000009 61573.900000000001 45585.250000000007 46838.700000000004 64517.700000000004 63620.000000000007 62117.05000000001 12.500000000000002 48875.30000000001 55307.793750000004 55063.693749999999 49767.55000000001 51793.000000000007 9.5000000000000018 48483.150000000009 22.500000000000004 56930.100000000013 54823.060416666667 54069.05000000001
decision_type=2 2 2 2 2 2 2 2 2 2 2 2 2 2 2 2 2 2 2 2 2 2 2 2 2 2 2 2 2 2
left_child=1 -1 3 -2 -5 -3 7 -4 9 13 -11 12 -12 -9 -15 16 17 24 -17 -16 21 22 -21 -24 -13 26 -10 28 -25 -22
right_child=2 5 6 4 -6 -7 -8 8 25 10 11 15 -14 14 19 18 -18 -19 -20 20 29 -23 23 27 -26 -27 -28 -29 -30 -31
leaf_value=-0.26769833831677931 -2.6230349676949638 -4.0386919452298073 -0.37647476289336357 19.316413319738288 -1.3042667388916016 -21.372143189803413 -12.956468210220336 -4.9249675248798575 16.321167507171634 -18.955586461817965 -1.9869974009195965 0.020230941772460938 30.864551874078241 33.367625297199595 -3.8553365862047353 25.79295745206916 -32.540040795008345 14.858331780820279 -4.6487763607140744 30.076581896096471 36.453229812622077 -9.3497591084447418 -19.148461023966473 -3.8629325866699222 -27.194171562194825 -18.864307109047385 -14.077375196373982 29.008753681182863 21.440340566635133 14.389928150177003
leaf_weight=1878 28 31 1973 38 20 23 20 38 20 47 30 20 26 22 37 23 24 37 33 22 25 29 21 24 20 34 23 20 22 24
leaf_count=1878 28 31 1973 38 20 23 20 38 20 47 30 20 26 22 37 23 24 37 33 22 25 29 21 24 20 34 23 20 22 24
internal_value=-5.70729e-09 -0.579449 0.414628 7.37783 12.2058 -11.4215 0.18554 0.286867 2.39439 3.90746 -1.8573 1.91556 13.2655 9.18506 11.3647 -2.13282 -7.67011 0.0815515 7.85408 9.20365 11.7875 6.86649 11.1809 6.4027 -13.587 -8.29536 0.0614819 14.5326 8.23863 25.6467
internal_weight=4632 1932 2700 86 58 54 2614 2594 621 544 260 213 56 284 246 157 101 77 56 224 187 138 109 87 40 77 43 66 46 49
internal_count=4632 1932 2700 86 58 54 2614 2594 621 544 260 213 56 284 246 157 101 77 56 224 187 138 109 87 40 77 43 66 46 49
is_linear=0
shrinkage=0.05


Tree=289
num_leaves=31
num_cat=0
split_feature=0 3 5 0 3 6 4 3 6 6 4 4 0 4 3 3 3 5 4 0 6 4 6 4 4 3 4 6 3 0
split_gain=466228 4.85042e+06 1.89629e+06 2.30328e+06 5.27554e+06 4.52533e+06 9.16519e+06 9.01999e+06 1.72643e+06 2.96236e+06 1.67673e+06 3.91442e+06 3.67613e+06 4.62558e+06 6.53276e+06 3.26079e+06 2.85635e+06 2.58921e+06 6.47351e+06 5.18762e+06 1.11882e+07 9.76819e+06 3.96133e+06 2.97815e+06 3.06598e+06 1.55108e+06 4.09012e+06 5.43406e+06 2.82432e+06 1.34211e+06
threshold=7.5000000000000009 56513.400000000009 58467.000000000007 6.5000000000000009 53677.350000000006 52468.264583333337 49931.80000000001 54580.650000000009 46486.364583333336 46555.875000000007 54917.55000000001 56697.100000000013 5.5000000000000009 47911.500000000007 50830.250000000007 51597.000000000007 51224.600000000013 52432.900000000009 52233.000000000007 4.5000000000000009 54943.897916666676 51741.950000000004 48986.137500000004 51386.900000000009 50590.150000000009 47953.500000000007 48946.150000000001 55040.272916666676 47683.350000000006 14.500000000000002
decision_type=2 2 2 2 2 2 2 2 2 2 2 2 2 2 2 2 2 2 2 2 2 2 2 2 2 2 2 2 2 2
left_child=1 2 3 4 8 6 -5 -7 -1 -10 12 15 16 -14 -15 -12 17 19 -19 23 21 22 -21 24 25 28 27 -27 -11 -2
right_child=29 -3 -4 5 -6 7 -8 -9 9 10 11 -13 13 14 -16 -17 -18 18 -20 20 -22 -23 -24 -25 -26 26 -28 -29 -30 -31
leaf_value=-11.674515771865845 1.5366553177862676 -22.122791877159706 -11.523201973373826 12.679088745117188 -21.070496625284996 29.682107877731326 -29.809309378537268 -3.7111282739883813 16.788528908216037 -0.63356166174929396 -4.8113147340971851 10.278726232619514 -6.7660831212997437 37.366710509777072 3.9017910003662113 -31.054416551589966 -16.667470303288212 -22.696254416515956 11.894855372111003 3.7967336035543875 43.556201952979677 -20.122835346857709 31.183626279105312 -18.203265541791918 19.001354198455811 -11.115376400947572 -24.205545722961428 21.083403682708742 17.150748990929646 -0.56458578762449818
leaf_weight=32 1351 26 37 30 31 42 22 39 26 760 29 21 28 25 35 20 27 38 21 31 21 30 23 24 20 38 25 20 23 1737
leaf_count=32 1351 26 37 30 31 42 22 39 26 760 29 21 28 25 35 20 27 38 21 31 21 30 23 24 20 38 25 20 23 1737
internal_value=7.29086e-09 -0.709414 -0.34265 -0.0633253 -0.682691 6.21415 -5.29677 13.6039 -0.202796 0.0828815 -0.262112 -7.78233 0.180626 10.0145 17.8455 -15.5228 -0.605373 -0.201577 -10.3842 0.390317 10.9135 2.75282 15.4615 -0.823896 -0.353124 -0.800109 -7.29946 -0.0123488 -0.111162 0.354707
internal_weight=4632 1544 1518 1481 1348 133 52 81 1317 1285 1259 70 1189 88 60 49 1101 1074 59 1015 105 84 54 910 886 866 83 58 783 3088
internal_count=4632 1544 1518 1481 1348 133 52 81 1317 1285 1259 70 1189 88 60 49 1101 1074 59 1015 105 84 54 910 886 866 83 58 783 3088
is_linear=0
shrinkage=0.05


Tree=290
num_leaves=31
num_cat=0
split_feature=1 5 5 0 3 5 0 0 6 5 5 3 6 6 3 3 4 4 5 4 4 5 5 0 3 0 5 3 3 5
split_gain=445283 1.13255e+06 1.10082e+06 4.51619e+06 3.22477e+06 2.67354e+06 4.5706e+06 2.47643e+06 2.98914e+06 2.58715e+06 3.3849e+06 3.54413e+06 2.74862e+06 6.26309e+06 2.05195e+06 3.20827e+06 3.95093e+06 3.71191e+06 2.46239e+06 2.00603e+06 1.88678e+06 1.59923e+06 4.15249e+06 3.56143e+06 8.6367e+06 2.37482e+06 2.20524e+06 1.64313e+06 1.20805e+06 3.12516e+06
threshold=4.5000000000000009 42718.150000000001 52280.450000000004 9.5000000000000018 52378.350000000006 51545.05000000001 13.500000000000002 10.500000000000002 50820.885416666679 56574.55000000001 54982.750000000007 55291.80000000001 46627.741666666676 46986.80000000001 52455.450000000004 49767.55000000001 57044.950000000004 50176.750000000007 50652.80000000001 61689.80000000001 56574.55000000001 45622.700000000004 44900.05000000001 6.5000000000000009 44844.000000000007 16.500000000000004 49441.400000000009 47793.250000000007 46605.55000000001 44336.55000000001
decision_type=2 2 2 2 2 2 2 2 2 2 2 2 2 2 2 2 2 2 2 2 2 2 2 2 2 2 2 2 2 2
left_child=1 -1 5 -4 -5 14 -7 -6 9 10 12 -12 -9 -14 15 16 21 -17 -16 -15 -19 22 28 24 -23 26 -25 -27 29 -2
right_child=2 -3 3 4 7 6 -8 8 -10 -11 11 -13 13 19 18 17 -18 20 -20 -21 -22 23 -24 25 -26 27 -28 -29 -30 -31
leaf_value=11.131633377075197 0.017267078196232567 0.23049538000067585 -17.081617321968078 12.756686036210311 -16.344112625122072 28.889056287493027 -4.5092266368865968 9.0882381517153519 16.912650462559291 -17.028812714985438 18.674611718268007 -5.4137676935356396 -26.265495526450021 11.045529943466187 20.461348817825318 6.3428959699777465 16.470365475245885 -24.446639401984939 -2.4745454961603341 -6.8432717118944444 -7.7820785740443643 -1.5078847419924852 19.627123317012082 17.826158968607583 -41.585504803657535 2.0177735519409179 -2.3821969774034288 -18.007283082462493 11.319338644118538 -16.587525437672934
leaf_weight=24 511 3288 50 38 30 21 20 26 21 28 37 26 35 25 25 26 35 33 22 42 35 41 27 27 20 20 27 21 21 30
leaf_count=24 511 3288 50 38 30 21 20 26 21 28 37 26 35 25 25 26 35 33 22 42 35 41 27 27 20 20 27 21 21 30
internal_value=-2.74732e-09 0.309489 -0.776536 -3.14348 -0.880796 0.104301 12.5972 -2.80014 -1.10715 -2.83507 -0.754317 8.73338 -5.42404 -9.12325 -0.451843 -0.999132 0.0525065 -9.7255 9.7254 -0.168346 -15.8693 -0.718802 0.473406 -5.22015 -14.6481 0.833574 7.72198 -8.23896 -0.44679 -0.903516
internal_weight=4632 3312 1320 358 308 962 41 270 240 219 191 63 128 102 921 874 780 94 47 67 68 745 589 156 61 95 54 41 562 541
internal_count=4632 3312 1320 358 308 962 41 270 240 219 191 63 128 102 921 874 780 94 47 67 68 745 589 156 61 95 54 41 562 541
is_linear=0
shrinkage=0.05


Tree=291
num_leaves=31
num_cat=0
split_feature=5 0 5 1 4 0 6 4 6 5 5 5 6 5 6 4 4 6 6 3 3 3 4 3 4 5 6 4 6 6
split_gain=437542 663314 1.90226e+06 2.36342e+06 2.96049e+06 2.80836e+06 2.76351e+06 9.92089e+06 5.35888e+06 5.59325e+06 3.27562e+06 2.68924e+06 2.06387e+06 1.79131e+06 1.68778e+06 1.46601e+06 1.45322e+06 2.54363e+06 3.571e+06 3.40872e+06 5.96071e+06 1.06325e+06 1.02585e+06 817397 1.61061e+06 1.12813e+06 3.36432e+06 7.20448e+06 2.45392e+06 7.55477e+06
threshold=36800.05000000001 2.5000000000000004 47924.750000000007 2.5000000000000004 47396.350000000013 1.5000000000000002 55063.693749999999 44726.55000000001 54916.745833333342 45622.700000000004 43938.30000000001 45732.250000000007 54714.554166666676 43938.30000000001 54439.89166666667 45119.150000000001 45782.750000000007 46758.218750000007 46555.875000000007 40775.000000000007 37921.450000000004 43779.700000000004 46933.850000000006 37693.450000000004 37914.450000000004 41825.500000000007 53170.302083333336 48255.850000000013 47175.958333333336 46828.164583333346
decision_type=2 2 2 2 2 2 2 2 2 2 2 2 2 2 2 2 2 2 2 2 2 2 2 2 2 2 2 2 2 2
left_child=-1 2 3 5 6 11 8 -8 9 10 16 13 -13 -2 -7 21 17 18 -5 20 -19 -15 -16 -3 -25 26 27 28 29 -26
right_child=1 23 -4 4 -6 14 7 -9 -10 -11 -12 12 -14 15 22 -17 -18 19 -20 -21 -22 -23 -24 24 25 -27 -28 -29 -30 -31
leaf_value=5.343174392298649 5.3755640141169234 10.260936508178711 -13.913596935272217 4.7508469241006033 -19.104899965483565 0.51092092449014836 9.763018553597588 -31.29627652937366 20.384835239936567 -27.027955718267535 18.829768262590683 -0.53321288865188077 19.070536212921144 -11.85611902366985 25.802088584899902 -17.469803914523894 -14.157037596269086 -8.4295622372627275 -24.408015896025162 -11.709799156188964 26.809836858113609 2.8325346878596718 10.155824193087492 -10.872986793518066 10.050794614079487 0.030132787879664315 19.652383282266815 -26.161489032563708 19.102265534034142 -18.545885914564135
leaf_weight=38 30 20 30 21 29 22 28 31 29 21 21 29 25 22 20 31 22 20 21 20 30 28 22 33 83 3798 29 21 26 32
leaf_count=38 30 20 30 21 29 22 28 31 29 21 21 29 25 22 20 31 22 20 21 20 30 28 22 33 83 3798 29 21 26 32
internal_value=-1.08466e-08 -0.0441969 -1.66998 -0.966325 -3.94065 2.83926 -2.27488 -11.8105 0.469516 -2.81199 0.468888 -0.609215 8.5426 -5.06145 11.7298 -8.92701 -2.40856 -0.100827 -9.82858 5.73583 12.7141 -3.63047 17.6064 0.17783 0.12769 0.218696 3.96824 1.16059 5.22983 2.09346
internal_weight=4632 4594 552 522 293 229 264 59 205 176 155 165 54 111 64 81 134 112 42 70 50 50 42 4042 4022 3989 191 162 141 115
internal_count=4632 4594 552 522 293 229 264 59 205 176 155 165 54 111 64 81 134 112 42 70 50 50 42 4042 4022 3989 191 162 141 115
is_linear=0
shrinkage=0.05


Tree=292
num_leaves=31
num_cat=0
split_feature=1 4 3 3 5 6 5 6 5 6 3 3 3 6 5 4 3 3 3 6 4 4 4 4 4 5 3 6 6 4
split_gain=456771 1.04915e+06 1.75313e+06 5.04011e+06 1.95473e+06 1.22274e+06 4.97974e+06 2.032e+06 6.60554e+06 8.48256e+06 6.46065e+06 3.77902e+06 3.48641e+06 6.36218e+06 4.84014e+06 3.33653e+06 1.77302e+06 2.08113e+06 1.43907e+06 1.28754e+06 1.97591e+06 1.43281e+06 2.03627e+06 1.98011e+06 1.23556e+06 882157 798647 702395 7.18564e+06 2.96065e+06
threshold=1.0000000180025095e-35 55990.850000000006 65550.550000000003 64773.150000000001 64360.05000000001 48986.137500000004 53949.400000000009 52355.67500000001 56304.900000000009 49892.777083333342 62426.700000000004 62117.05000000001 56643.80000000001 53170.302083333336 49863.650000000009 40714.400000000009 48483.150000000009 46672.350000000006 57461.400000000009 47926.833333333343 42662.450000000004 40714.400000000009 39066.30000000001 37666.500000000007 53035.750000000007 48197.150000000001 54225.850000000006 54638.208333333336 54624.531250000007 43574.600000000013
decision_type=2 2 2 2 2 2 2 2 2 2 2 2 2 2 2 2 2 2 2 2 2 2 2 2 2 2 2 2 2 2
left_child=1 2 3 4 5 6 19 8 -7 18 24 12 14 -14 15 16 17 -9 -10 21 -21 22 23 -1 -11 -17 -16 28 -2 -29
right_child=27 -3 -4 -5 -6 7 -8 11 9 10 -12 -13 13 -15 26 25 -18 -19 -20 20 -22 -23 -24 -25 -26 -27 -28 29 -30 -31
leaf_value=7.9710941141301932 -0.51591961677366871 -8.2694511558328365 -12.954467291831969 25.590618095072834 -10.420029336564681 34.902360000610351 -21.683990647242624 -8.2250762176513685 -2.6363429069519047 19.295644111633301 -0.90503104570749648 -16.545106015886581 -4.8112679119767812 26.657472991943362 -9.0394369316101084 8.2901256016322549 -14.761429950169154 14.584633172750472 -20.331842733312538 17.065227357272445 -0.70060971063726096 -12.014849279403688 14.594345526261762 -11.642625308805897 36.870879001617432 22.962830896377564 -23.169609017372132 -11.443575716018678 -23.745149432911592 0.62252811157129884
leaf_weight=22 1598 28 20 22 34 20 26 20 20 20 37 28 29 36 20 21 21 20 27 29 34 25 22 31 20 20 20 52 34 2276
leaf_count=22 1598 28 20 22 34 20 26 20 20 20 37 28 29 36 20 21 21 20 27 29 34 25 22 31 20 20 20 52 34 2276
internal_value=-3.47742e-08 1.20531 1.61725 2.0843 1.22526 1.92234 -1.36278 3.56056 8.23753 3.93676 14.1538 0.694675 3.02663 12.6176 -1.3636 4.41716 -2.9967 3.17978 -12.8018 1.87864 7.47732 -1.64853 1.80691 -3.50108 28.0833 15.4475 -16.1045 -0.204537 -0.999862 0.35301
internal_weight=4632 672 644 624 602 568 189 379 144 124 77 235 207 65 142 102 61 40 47 163 63 100 75 53 40 41 40 3960 1632 2328
internal_count=4632 672 644 624 602 568 189 379 144 124 77 235 207 65 142 102 61 40 47 163 63 100 75 53 40 41 40 3960 1632 2328
is_linear=0
shrinkage=0.05


Tree=293
num_leaves=31
num_cat=0
split_feature=5 5 0 4 6 6 5 5 6 6 6 4 6 6 0 5 6 4 4 3 3 4 3 3 6 5 5 6 5 3
split_gain=443442 2.69701e+06 3.47776e+06 1.70685e+06 1.80682e+06 5.60261e+06 4.56508e+06 3.29727e+06 5.17346e+06 3.18662e+06 1.87719e+06 8.17699e+06 5.74454e+06 4.10235e+06 2.35559e+06 1.95136e+06 1.92172e+06 1.6364e+06 2.28819e+06 1.60783e+06 4.11627e+06 1.89882e+06 1.23928e+06 5.39115e+06 6.49767e+06 3.72692e+06 1.10087e+07 4.88637e+06 4.78419e+06 2.85341e+06
threshold=47131.450000000004 46869.450000000004 16.500000000000004 55635.350000000006 55402.781250000007 55441.72083333334 45937.950000000004 46459.400000000001 54558.752083333347 55360.531250000007 54984.63958333333 44379.400000000009 55069.652083333342 55278.887500000004 1.5000000000000002 45534.700000000004 54937.983333333344 53316.150000000001 52100.700000000004 43464.600000000006 44993.750000000007 48181.600000000013 45359.500000000007 44844.000000000007 54578.441666666673 45066.900000000009 45732.250000000007 54422.481250000004 44097.80000000001 45841.400000000009
decision_type=2 2 2 2 2 2 2 2 2 2 2 2 2 2 2 2 2 2 2 2 2 2 2 2 2 2 2 2 2 2
left_child=1 3 -3 4 7 -6 -7 9 -9 10 16 -12 -13 14 -14 -16 17 18 22 -2 21 -21 23 25 -25 27 -27 -1 -29 -24
right_child=19 2 -4 -5 5 6 -8 8 -10 -11 11 12 13 -15 15 -17 -18 -19 -20 20 -22 -23 29 24 -26 26 -28 28 -30 -31
leaf_value=-0.48206828334208196 13.482269123622352 21.80172260508818 -0.2100399870621531 14.36634278070359 29.423874219258625 -12.162193374072805 17.94267176628113 3.246300844464983 -23.233230649507963 -19.085053079468864 27.32697347753188 20.565577995300295 -24.122830186066807 12.173060418259015 6.034464893341065 -16.052647638320924 -13.663204926710861 13.006206981341045 -15.135890742301942 -6.8461427734448366 -0.15587918123882349 -25.494724764142717 -15.514422742944015 38.31093075474103 0.22717588543891909 -39.654264510761607 6.5927649790240883 4.3617101396833151 33.144183705069807 -0.35902438430225153
leaf_weight=464 21 34 38 21 21 34 20 35 39 21 34 25 27 22 20 20 26 24 25 39 3231 21 38 21 24 22 31 42 22 170
leaf_count=464 21 34 38 21 21 34 20 35 39 21 34 25 27 22 20 20 26 24 25 39 3231 21 38 21 24 22 31 42 22 170
internal_value=-1.51373e-08 0.774929 10.1844 0.232075 -0.00983174 7.50987 -1.01224 -0.499396 -10.7091 0.201458 0.584634 5.80665 -0.611696 -6.56037 -12.7116 -5.00909 -0.265595 0.128898 -0.230887 -0.308849 -0.39685 -13.3731 0.215906 1.32691 17.9996 0.0355698 -12.6041 1.30433 14.2557 -3.1278
internal_weight=4632 1320 72 1248 1227 75 54 1152 74 1078 1057 148 114 89 67 40 909 883 859 3312 3291 60 834 626 45 581 53 528 64 208
internal_count=4632 1320 72 1248 1227 75 54 1152 74 1078 1057 148 114 89 67 40 909 883 859 3312 3291 60 834 626 45 581 53 528 64 208
is_linear=0
shrinkage=0.05


Tree=294
num_leaves=31
num_cat=0
split_feature=4 4 3 1 3 5 4 4 5 0 6 4 5 4 5 0 3 1 5 3 5 6 6 4 5 5 6 3 6 1
split_gain=436740 948841 699846 3.91677e+06 3.20357e+06 2.63643e+06 887083 4.01511e+06 4.13928e+06 3.7602e+06 3.32102e+06 3.20788e+06 8.80261e+06 3.06537e+06 6.01522e+06 2.70848e+06 8.91459e+06 3.18406e+06 4.68203e+06 4.13141e+06 5.14676e+06 2.48525e+06 7.12905e+06 2.41459e+06 2.29825e+06 2.57891e+06 4.95077e+06 4.98063e+06 6.33335e+06 4.31867e+06
threshold=66923.85000000002 66397.400000000009 65880.60000000002 1.5000000000000002 66588.200000000026 64360.05000000001 62077.350000000013 61426.900000000009 62877.250000000007 14.500000000000002 55122.872916666682 62410.400000000009 62221.700000000004 62830.30000000001 62284.650000000001 11.500000000000002 64304.000000000007 1.5000000000000002 64360.05000000001 54772.750000000007 66158.950000000012 54975.852083333339 55307.793750000004 60588.650000000001 64629.900000000001 61035.450000000004 50142.883333333339 62708.950000000004 52092.193749999999 2.5000000000000004
decision_type=2 2 2 2 2 2 2 2 2 2 2 2 2 2 2 2 2 2 2 2 2 2 2 2 2 2 2 2 2 2
left_child=1 2 6 5 -5 -4 7 23 10 11 -9 12 -8 14 -13 16 -15 18 -17 -19 21 -21 -23 24 25 -1 -27 28 -28 -30
right_child=-2 -3 3 4 -6 -7 9 8 -10 -11 -12 13 -14 15 -16 17 -18 19 -20 20 -22 22 -24 -25 -26 26 27 -29 29 -31
leaf_value=-0.017559266348632287 -5.48574816385905 8.1284889751010478 -19.934946891239711 25.171693921972206 1.2385390709186423 5.4306779599189765 11.816339912414552 8.8195891812162586 -6.6421041897365036 -12.429473708992875 31.238150906562808 -8.1937413649125528 -32.305430221557621 -0.80569388790869378 25.769288718700409 33.155848789215092 -30.354481670774263 20.58051486448808 1.4810739440577372 -10.897771796359812 18.898548684517543 22.272207482655844 -16.682977315653925 -6.9252643203735351 -9.9979596974632958 -14.693389747619628 38.802799652099615 0.22592518118363394 -4.0354649189979801 23.316995465313948
leaf_weight=3341 36 36 21 27 29 20 20 53 28 74 24 22 26 213 32 20 29 22 28 93 24 24 23 125 55 25 25 79 31 27
leaf_count=3341 36 36 21 27 29 20 20 53 28 74 24 22 26 213 32 20 29 22 28 93 24 24 23 125 55 25 25 79 31 27
internal_value=2.15353e-08 0.0429693 -0.0208637 4.18075 12.7777 -7.56147 -0.112183 0.178863 9.82071 -1.8195 15.8072 -0.456418 -13.1221 0.642863 11.9325 -0.637894 -4.34666 3.19767 14.6789 0.234775 -2.49453 -6.16192 3.20903 -0.0941663 0.14415 0.302261 6.01627 9.21221 17.7654 8.69758
internal_weight=4632 4596 4560 97 56 41 4463 3813 105 650 77 576 46 530 54 476 242 234 48 186 164 140 47 3708 3583 3528 187 162 83 58
internal_count=4632 4596 4560 97 56 41 4463 3813 105 650 77 576 46 530 54 476 242 234 48 186 164 140 47 3708 3583 3528 187 162 83 58
is_linear=0
shrinkage=0.05


Tree=295
num_leaves=31
num_cat=0
split_feature=5 5 6 3 3 3 4 5 4 6 6 0 4 5 3 1 0 5 5 0 3 0 3 6 5 0 3 5 5 6
split_gain=416497 660291 2.38951e+06 714137 2.95372e+06 2.30315e+06 3.49802e+06 3.23435e+06 4.94184e+06 2.92089e+06 1.71299e+06 1.53382e+06 1.50392e+06 888025 2.52684e+06 714969 3.00106e+06 6.76854e+06 1.41248e+06 4.10112e+06 2.87299e+06 2.68685e+06 3.63057e+06 4.25408e+06 3.77841e+06 2.79772e+06 8.95825e+06 6.67304e+06 4.24974e+06 2.72412e+06
threshold=36800.05000000001 37902.500000000007 46758.218750000007 40550.250000000007 41328.750000000007 40008.30000000001 42662.450000000004 39349.850000000013 46589.400000000001 46511.433333333342 46675.404166666682 21.500000000000004 38593.400000000009 40272.100000000013 42574.55000000001 4.5000000000000009 5.5000000000000009 44676.80000000001 52280.450000000004 9.5000000000000018 52378.350000000006 16.500000000000004 50318.05000000001 47926.833333333343 48377.80000000001 7.5000000000000009 47038.250000000007 50328.900000000009 47851.100000000006 47460.389583333344
decision_type=2 2 2 2 2 2 2 2 2 2 2 2 2 2 2 2 2 2 2 2 2 2 2 2 2 2 2 2 2 2
left_child=-1 2 -2 5 11 6 9 -8 -9 -3 -11 -5 -12 14 -6 -15 17 -17 21 -20 -21 25 23 29 -24 26 28 -27 -18 -23
right_child=1 3 -4 4 13 -7 7 8 -10 10 12 -13 -14 15 -16 16 18 -19 19 20 -22 22 24 -25 -26 27 -28 -29 -30 -31
leaf_value=5.2130927537616936 8.0127379462832504 -20.664317091306053 -13.20999715063307 -4.4734837183585539 18.940170340104537 14.938778825239703 24.130668391352117 14.12198666653982 -12.09656903743744 8.488238170839125 -16.390186337991192 -22.641602670578731 0.036660164280941612 0.28559059012514443 -5.6158021926879886 0.22027686559236967 18.455415223893663 -34.988521376110263 -16.220114847660067 12.090463068924453 -2.5933511245250704 0.080582221591745634 -1.2903627395629884 14.514848426330921 -28.802043072879314 27.127078423133266 -24.89794098426556 2.7429649186134339 -4.9557136482662631 -15.992990649830212
leaf_weight=38 21 24 36 26 22 33 23 41 32 31 22 21 38 3283 20 39 42 21 50 38 270 131 26 43 24 39 29 100 36 33
leaf_count=38 21 24 36 26 22 33 23 41 32 31 22 21 38 3283 20 39 42 21 50 38 270 131 26 43 24 39 29 100 36 33
internal_value=1.87643e-08 -0.0431209 -5.39109 0.0240677 -0.125484 2.65532 0.734206 7.78038 2.62892 -5.14782 -1.05556 -12.5912 -5.98652 0.0125017 7.24685 -0.059773 -1.29086 -12.1028 -0.537412 -2.93791 -0.781712 1.1711 -2.40417 0.516551 -14.496 4.90624 -1.1712 9.58455 7.65028 -3.15373
internal_weight=4632 4594 57 4537 4293 244 211 96 73 115 91 47 60 4246 42 4204 921 60 861 358 308 503 257 207 50 246 107 139 78 164
internal_count=4632 4594 57 4537 4293 244 211 96 73 115 91 47 60 4246 42 4204 921 60 861 358 308 503 257 207 50 246 107 139 78 164
is_linear=0
shrinkage=0.05


Tree=296
num_leaves=31
num_cat=0
split_feature=4 4 6 5 6 4 5 3 3 3 6 6 5 4 3 6 6 5 3 3 3 5 5 5 5 3 3 0 6 1
split_gain=417058 5.47431e+06 1.87159e+06 2.68866e+06 2.11251e+06 1.87129e+06 4.00508e+06 3.03224e+06 2.19879e+06 3.028e+06 2.32282e+06 2.0769e+06 1.98918e+06 1.6853e+06 3.28657e+06 1.48673e+06 1.42749e+06 1.33838e+06 3.09115e+06 2.33455e+06 1.82667e+06 2.24624e+06 1.15922e+06 2.00542e+06 1.13692e+06 2.60141e+06 906628 880485 5.0057e+06 3.03076e+06
threshold=42851.600000000006 43229.05000000001 46758.218750000007 37663.700000000004 46675.404166666682 40469.500000000007 43102.30000000001 45468.500000000007 46222.200000000004 43905.450000000004 46908.762500000012 48496.070833333339 41569.600000000013 38593.400000000009 47867.950000000004 54624.531250000007 47708.341666666682 37663.700000000004 39104.55000000001 37693.450000000004 41328.750000000007 40272.100000000013 41341.700000000004 40008.30000000001 41825.500000000007 40008.30000000001 39104.55000000001 5.5000000000000009 48282.931250000001 4.5000000000000009
decision_type=2 2 2 2 2 2 2 2 2 2 2 2 2 2 2 2 2 2 2 2 2 2 2 2 2 2 2 2 2 2
left_child=2 -2 3 -1 22 8 -7 -8 9 10 -4 -9 -12 -10 -15 -13 -11 -3 19 -19 24 -22 23 26 25 -20 -5 28 -23 -30
right_child=1 17 5 4 -6 6 7 11 13 16 12 15 -14 14 -16 -17 -18 18 20 -21 21 27 -24 -25 -26 -27 -28 -29 29 -31
leaf_value=13.58698392868042 -19.054253011000785 -9.2071755971664029 10.68028645515442 -6.6637976269568178 -19.490247050921123 24.007728964487711 -10.478854883950333 21.076732088171919 2.5555232969919839 22.99019611378511 1.0671732003348215 -2.3202144806201641 -17.190747323402991 -27.114305573418029 0.24432741248089337 14.447158586978913 5.3575102762742475 -0.64155300389165459 7.5969706076162842 19.984016957002527 14.459569351761431 -20.318018169964063 5.8802336162991002 -19.736268768310548 -15.448954552617568 -15.027145965894064 6.6080195947126912 0.34548542197973076 0.049161320001683162 -16.202939966519676
leaf_weight=20 38 39 28 31 24 30 29 23 30 24 35 39 26 21 23 20 22 23 27 34 27 34 27 20 29 24 22 3178 655 30
leaf_count=20 38 39 28 31 24 30 29 23 30 24 35 39 26 21 23 20 22 23 27 34 27 34 27 20 29 24 22 3178 655 30
internal_value=-4.02799e-08 -0.163928 1.37314 -3.42491 -6.16876 3.3472 7.79833 3.41741 0.344279 4.14126 -1.24225 8.33195 -6.71489 -6.58264 -12.8132 3.36364 14.5572 0.0111534 0.099682 11.6614 -0.0649081 0.0875792 -2.9716 -6.24557 -7.54441 -3.04967 -1.15474 -0.0119958 -1.59207 -0.66261
internal_weight=4632 4138 494 144 124 350 141 111 209 135 89 82 61 74 44 59 46 4100 4061 57 4004 3924 100 73 80 51 53 3897 719 685
internal_count=4632 4138 494 144 124 350 141 111 209 135 89 82 61 74 44 59 46 4100 4061 57 4004 3924 100 73 80 51 53 3897 719 685
is_linear=0
shrinkage=0.05


Tree=297
num_leaves=31
num_cat=0
split_feature=0 3 5 5 4 3 6 6 4 4 6 3 5 6 4 5 4 3 3 6 6 6 3 6 1 5 3 5 0 0
split_gain=432498 2.89467e+06 7.63939e+06 4.65435e+06 4.44187e+06 3.98048e+06 3.86307e+06 1.29434e+06 4.94364e+06 4.20748e+06 3.98653e+06 2.68043e+06 3.52558e+06 3.98386e+06 2.09846e+06 4.22064e+06 2.03271e+06 3.6134e+06 3.6137e+06 1.94997e+06 8.10032e+06 2.70501e+06 2.42574e+06 4.98696e+06 1.73648e+06 1.68181e+06 2.76072e+06 3.97119e+06 3.21001e+06 2.54938e+06
threshold=17.500000000000004 57731.700000000004 54351.500000000007 55312.750000000007 54256.100000000013 56786.750000000007 55009.060416666667 54736.472916666673 53387.100000000006 54175.05000000001 54767.977083333339 52045.650000000009 51134.950000000004 54966.387500000004 50365.000000000007 49762.80000000001 45321.900000000009 46941.350000000013 48274.000000000007 55146.743750000001 54980.795833333344 54893.762500000004 48209.700000000004 55441.72083333334 2.5000000000000004 52639.55000000001 51040.500000000007 48482.150000000009 18.500000000000004 19.500000000000004
decision_type=2 2 2 2 2 2 2 2 2 2 2 2 2 2 2 2 2 2 2 2 2 2 2 2 2 2 2 2 2 2
left_child=-1 3 -3 5 -5 7 -4 9 10 25 -9 14 13 -13 15 16 17 -12 -19 20 21 -18 -21 -24 -14 26 27 28 -2 -28
right_child=1 2 6 4 -6 -7 -8 8 -10 -11 11 12 24 -15 -16 -17 19 18 -20 22 -22 -23 23 -25 -26 -27 29 -29 -30 -31
leaf_value=0.2789440052094293 16.094305955039129 8.9100602358579639 -35.67689930842473 33.215289020538329 0.65778447931463069 -20.942643944422404 -7.2087712027809845 20.212732585271201 23.688527210056783 -19.031356958080742 -2.836262777577276 -33.1631068791662 -5.5895005402741615 -6.1511560229154734 -13.6770624433245 23.246108540244727 -6.48537511266768 30.345640150705975 1.9444317953927177 -6.5724686371652714 -28.561460981766388 15.003976783046017 22.791364168351699 -8.7658761132331122 13.848734817504884 -14.07590785648512 21.432520778362569 -21.493757168451946 -1.7671145695707073 1.4179639188254753
leaf_weight=3474 27 32 26 20 22 24 22 24 24 34 46 21 27 39 21 23 32 24 21 38 30 27 31 21 20 23 26 24 368 41
leaf_count=3474 27 32 26 20 22 24 22 24 24 34 46 21 27 39 21 23 32 24 21 38 30 27 31 21 20 23 26 24 368 41
internal_value=-3.30083e-08 -0.836832 -10.0134 -0.155827 16.1614 -0.817334 -22.629 -0.340054 1.584 -2.0019 0.391849 -0.738083 -7.57254 -15.6053 1.59086 2.68514 0.933655 7.01825 17.0917 -2.15963 -7.40751 3.34874 3.02995 10.0471 2.68209 -0.864373 -0.239136 -1.74607 -0.546207 9.18481
internal_weight=4632 1158 80 1078 42 1036 48 1012 469 543 445 421 107 60 314 293 270 91 45 179 89 59 90 52 47 509 486 419 395 67
internal_count=4632 1158 80 1078 42 1036 48 1012 469 543 445 421 107 60 314 293 270 91 45 179 89 59 90 52 47 509 486 419 395 67
is_linear=0
shrinkage=0.05


Tree=298
num_leaves=31
num_cat=0
split_feature=5 4 0 3 6 5 0 5 6 5 4 5 0 3 3 3 4 3 4 3 6 4 6 6 5 6 3 4 5 4
split_gain=437229 2.49791e+06 2.02659e+06 1.35718e+06 2.14089e+06 1.35174e+06 4.0679e+06 4.9576e+06 3.5106e+06 2.59897e+06 2.55161e+06 3.95638e+06 2.08708e+06 1.87678e+06 3.91218e+06 3.71871e+06 3.71117e+06 8.06506e+06 5.19589e+06 4.58085e+06 5.2777e+06 3.65801e+06 2.3538e+06 6.94197e+06 3.66379e+06 2.17623e+06 2.77116e+06 4.14971e+06 3.12607e+06 1.2894e+06
threshold=61831.05000000001 65550.550000000003 15.500000000000002 58113.750000000007 50392.897916666676 62985.750000000007 14.500000000000002 62284.650000000001 54525.000000000007 63143.900000000009 64868.000000000007 62621.200000000004 9.5000000000000018 64100.950000000004 63860.200000000004 63620.000000000007 64511.950000000004 64877.100000000013 62341.100000000013 65434.350000000013 54975.852083333339 65434.350000000013 54761.802083333343 55127.939583333333 65208.05000000001 55194.312500000007 63037.850000000013 63854.650000000009 64469.80000000001 65712.550000000003
decision_type=2 2 2 2 2 2 2 2 2 2 2 2 2 2 2 2 2 2 2 2 2 2 2 2 2 2 2 2 2 2
left_child=1 -1 3 -2 -5 6 8 -8 -6 -7 11 12 -10 14 15 21 17 18 -15 20 -18 25 24 -24 -19 26 27 28 -11 -21
right_child=2 -3 -4 4 5 9 7 -9 10 13 -12 -13 -14 16 -16 -17 19 22 -20 29 -22 -23 23 -25 -26 -27 -28 -29 -30 -31
leaf_value=0.11078856127897994 -12.62247251427692 14.139739268273116 -16.75556456565857 13.278352308379752 -25.893226211547855 13.992206726290963 -8.9059640483422715 23.95404957930247 -3.8913170619444415 7.777728946536195 -20.331665871360087 -19.599360344626689 14.029757058620454 -29.442132241385327 20.470771047804092 -16.084251130421958 -18.621626959906685 4.6898183565873373 0.27220183957007621 -32.564426612854007 11.186110574548895 18.041626022801257 -20.72883547601246 14.622490859613187 32.413944175026636 11.205797005693119 8.7073411351158523 -19.893755453511289 -11.972251656651498 -14.825328578948977
leaf_weight=3756 23 32 20 28 25 33 22 24 33 51 22 22 32 28 27 30 27 26 31 21 33 33 21 41 22 36 42 38 33 20
leaf_count=3756 23 32 20 28 25 33 22 24 33 51 22 22 32 28 27 30 27 26 31 21 33 33 21 41 22 36 42 38 33 20
internal_value=7.22201e-09 0.229301 -1.02914 -0.64743 -0.303577 -0.795549 -4.5906 8.23839 -8.99459 0.356407 -5.11875 -1.27181 4.93137 -0.447131 2.34583 0.485096 -3.44698 1.08472 -13.8295 -11.0297 -2.22737 2.61849 9.08417 2.64865 17.3967 0.0736709 -2.36997 -6.18347 0.018808 -23.9112
internal_weight=4632 3788 844 824 801 773 180 46 134 593 109 87 65 560 290 263 270 169 59 101 60 233 110 62 48 200 164 122 84 41
internal_count=4632 3788 844 824 801 773 180 46 134 593 109 87 65 560 290 263 270 169 59 101 60 233 110 62 48 200 164 122 84 41
is_linear=0
shrinkage=0.05


Tree=299
num_leaves=31
num_cat=0
split_feature=6 6 5 6 5 3 1 6 5 3 4 4 4 4 4 5 5 4 4 5 5 3 0 4 5 3 0 6 5 3
split_gain=433192 7.08179e+06 5.50692e+06 4.27442e+06 2.68984e+06 3.37691e+06 3.33774e+06 4.38882e+06 2.39715e+06 6.0507e+06 5.34909e+06 6.43784e+06 6.0432e+06 4.64046e+06 4.30796e+06 5.19252e+06 6.94643e+06 4.0439e+06 3.43728e+06 2.24849e+06 7.80506e+06 6.41767e+06 5.43633e+06 3.61287e+06 2.7923e+06 6.4216e+06 5.07931e+06 4.51266e+06 4.26707e+06 3.29111e+06
threshold=55133.202083333337 55146.743750000001 43464.600000000006 55122.872916666682 45155.750000000007 46018.900000000009 2.5000000000000004 55194.312500000007 63375.55000000001 62956.500000000007 61104.850000000006 56198.750000000007 51477.200000000004 53387.100000000006 50365.000000000007 48778.80000000001 46529.650000000001 58500.450000000004 64299.950000000004 60500.600000000013 58128.250000000007 61370.250000000007 13.500000000000002 62183.000000000007 50962.900000000009 50724.950000000004 16.500000000000004 55367.991666666676 49543.500000000007 50122.850000000006
decision_type=2 2 2 2 2 2 2 2 2 2 2 2 2 2 2 2 2 2 2 2 2 2 2 2 2 2 2 2 2 2
left_child=3 -2 -3 -1 5 -4 19 -8 9 10 11 12 14 -14 15 16 -9 -13 -10 20 24 -21 -23 -24 28 -26 -27 -28 29 -6
right_child=1 2 4 -5 6 -7 7 8 18 -11 -12 17 13 -15 -16 -17 -18 -19 -20 21 -22 22 23 -25 25 26 27 -29 -30 -31
leaf_value=0.078763440339241569 -22.700268363290363 25.853559284210206 2.2259987600918474 17.392985015445287 6.6856756677125633 -20.700407694445715 -21.420365930372668 10.223312052973995 19.65512294440434 -22.231096056887978 20.646707725524905 -30.487599665323895 34.5051935005188 4.1528073703541475 -25.32439947844971 15.071804537091936 -23.326339621014068 -3.8150255839029947 -4.905361410549709 -20.788835725784303 25.202356271965559 11.154991222590937 4.8806319323453042 -22.65016508652614 -27.864061953804708 16.915341896480985 7.1479718438510238 -20.512062597274781 24.795477626941825 -15.186825423013596
leaf_weight=3625 36 20 29 36 95 36 31 27 29 38 26 30 20 34 21 35 36 27 28 35 43 82 22 26 22 36 29 30 27 21
leaf_count=3625 36 20 29 36 95 36 31 27 29 38 26 30 20 34 21 35 36 27 28 35 43 82 22 26 22 36 29 30 27 21
internal_value=3.58409e-08 -0.938893 -0.101022 0.249021 -0.668335 -10.4717 0.0813346 -3.38666 -1.79394 -3.61333 -0.849758 -3.27979 1.52186 15.3944 -4.77326 -0.369445 -8.94792 -17.8532 7.59032 2.91204 5.46953 -1.78443 3.33215 -10.0319 2.20602 -3.52246 2.11454 -6.91645 6.89296 2.726
internal_weight=4632 971 935 3661 915 65 850 382 351 294 256 230 173 54 119 98 63 57 57 468 303 165 130 48 260 117 95 59 143 116
internal_count=4632 971 935 3661 915 65 850 382 351 294 256 230 173 54 119 98 63 57 57 468 303 165 130 48 260 117 95 59 143 116
is_linear=0
shrinkage=0.05


end of trees

feature_importances:
demand_mw_lag_168h=2034
demand_mw_lag_24h=1718
demand_mw_lag_1h=1692
demand_mw_roll_mean_24h=1573
hour=1536
dayofweek=447

parameters:
[boosting: gbdt]
[objective: regression]
[metric: l2]
[tree_learner: serial]
[device_type: cpu]
[data_sample_strategy: bagging]
[data: ]
[valid: ]
[num_iterations: 300]
[learning_rate: 0.05]
[num_leaves: 31]
[num_threads: 4]
[seed: 0]
[deterministic: 0]
[force_col_wise: 0]
[force_row_wise: 0]
[histogram_pool_size: -1]
[max_depth: -1]
[min_data_in_leaf: 20]
[min_sum_hessian_in_leaf: 0.001]
[bagging_fraction: 1]
[pos_bagging_fraction: 1]
[neg_bagging_fraction: 1]
[bagging_freq: 0]
[bagging_seed: 3]
[bagging_by_query: 0]
[feature_fraction: 1]
[feature_fraction_bynode: 1]
[feature_fraction_seed: 2]
[extra_trees: 0]
[extra_seed: 6]
[early_stopping_round: 0]
[early_stopping_min_delta: 0]
[first_metric_only: 0]
[max_delta_step: 0]
[lambda_l1: 0]
[lambda_l2: 0]
[linear_lambda: 0]
[min_gain_to_split: 0]
[drop_rate: 0.1]
[max_drop: 50]
[skip_drop: 0.5]
[xgboost_dart_mode: 0]
[uniform_drop: 0]
[drop_seed: 4]
[top_rate: 0.2]
[other_rate: 0.1]
[min_data_per_group: 100]
[max_cat_threshold: 32]
[cat_l2: 10]
[cat_smooth: 10]
[max_cat_to_onehot: 4]
[top_k: 20]
[monotone_constraints: ]
[monotone_constraints_method: basic]
[monotone_penalty: 0]
[feature_contri: ]
[forcedsplits_filename: ]
[refit_decay_rate: 0.9]
[cegb_tradeoff: 1]
[cegb_penalty_split: 0]
[cegb_penalty_feature_lazy: ]
[cegb_penalty_feature_coupled: ]
[path_smooth: 0]
[interaction_constraints: ]
[verbosity: -1]
[saved_feature_importance_type: 0]
[use_quantized_grad: 0]
[num_grad_quant_bins: 4]
[quant_train_renew_leaf: 0]
[stochastic_rounding: 1]
[linear_tree: 0]
[max_bin: 255]
[max_bin_by_feature: ]
[min_data_in_bin: 3]
[bin_construct_sample_cnt: 200000]
[data_random_seed: 1]
[is_enable_sparse: 1]
[enable_bundle: 1]
[use_missing: 1]
[zero_as_missing: 0]
[feature_pre_filter: 1]
[pre_partition: 0]
[two_round: 0]
[header: 0]
[label_column: ]
[weight_column: ]
[group_column: ]
[ignore_column: ]
[categorical_feature: ]
[forcedbins_filename: ]
[precise_float_parser: 0]
[parser_config_file: ]
[objective_seed: 5]
[num_class: 1]
[is_unbalance: 0]
[scale_pos_weight: 1]
[sigmoid: 1]
[boost_from_average: 1]
[reg_sqrt: 0]
[alpha: 0.9]
[fair_c: 1]
[poisson_max_delta_step: 0.7]
[tweedie_variance_power: 1.5]
[lambdarank_truncation_level: 30]
[lambdarank_norm: 1]
[label_gain: ]
[lambdarank_position_bias_regularization: 0]
[eval_at: ]
[multi_error_top_k: 1]
[auc_mu_weights: ]
[num_machines: 1]
[local_listen_port: 12400]
[time_out: 120]
[machine_list_filename: ]
[machines: ]
[gpu_platform_id: -1]
[gpu_device_id: -1]
[gpu_device_id_list: ]
[gpu_use_dp: 0]
[num_gpu: 1]

end of parameters

pandas_categorical:[]
