tree
version=v4
num_class=1
num_tree_per_iteration=1
label_index=0
max_feature_idx=7
objective=regression
feature_names=hour dayofweek is_weekend irradiance solar_mw_lag_1h solar_mw_lag_24h solar_mw_lag_168h solar_mw_roll_mean_24h
feature_infos=[0:23] [0:6] [0:1] [0:913.70000000000005] [0:11060.6] [0:11060.6] [0:11060.6] [3130.3708333333338:3489.7083333333335]
tree_sizes=2737 2749 2750 2738 2733 2722 2727 2715 2724 2723 2723 2726 2712 2720 2710 2707 2698 2708 2693 2691 2680 2669 2670 2685 2666 2663 2664 2667 2676 2669 2670 2644 2659 2654 2655 2665 2641 2667 2639 2648 2646 2637 2642 2642 2649 2648 2644 2642 2644 2643 2646 2646 2638 2649 2638 2623 2656 2632 2640 2661 2657 2657 2638 2637 2641 2623 2631 2643 2649 2651 2636 2631 2663 2658 2681 2642 2648 2623 2614 2650 2623 2628 2656 2611 2650 2656 2652 2641 2628 2615 2640 2650 2613 2618 2654 2654 2611 2630 2634 2632 2675 2654 2625 2631 2617 2640 2682 2660 2658 2632 2713 2662 2643 2647 2683 2637 2631 2643 2649 2679 2660 2654 2678 2651 2668 2677 2667 2656 2662 2699 2677 2680 2679 2662 2651 2696 2661 2678 2644 2658 2705 2686 2668 2685 2685 2676 2661 2689 2660 2669 2652 2698 2688 2646 2676 2629 2683 2663 2677 2662 2675 2671 2687 2662 2669 2692 2666 2686 2680 2663 2682 2691 2664 2656 2660 2693 2681 2683 2697 2702 2682 2675 2683 2673 2688 2682 2692 2645 2668 2685 2687 2648 2688 2666 2689 2672 2699 2674 2685 2672 2661 2695 2653 2667 2675 2690 2646 2685 2662 2709 2683 2679 2702 2681 2700 2676 2720 2677 2700 2680 2651 2703 2659 2674 2662 2644 2675 2692 2681 2699 2680 2704 2709 2677 2677 2663 2689 2717 2636 2682 2678 2688 2695 2699 2705 2697 2660 2691 2669 2667 2639 2654 2689 2666 2718 2717 2709 2675 2679 2684 2691 2664 2657 2676 2670 2671 2674 2692 2713 2692 2700 2711 2686 2679 2688 2680 2732 2653 2720 2677 2672 2673 2712 2694 2665 2663 2693 2749 2668 2650 2658 2689 2674 2676 2652 2673 2678 2659 2665 2676

Tree=0
num_leaves=31
num_cat=0
split_feature=3 3 6 3 3 3 3 3 3 3 3 3 3 3 3 3 3 3 3 3 3 3 3 3 3 3 3 3 3 3
split_gain=6.20909e+10 4.73047e+09 2.15481e+09 8.32711e+08 3.16397e+08 4.03228e+07 3.92957e+07 3.16125e+07 2.52928e+07 2.26116e+07 1.96067e+07 9.14169e+06 8.39327e+06 7.34259e+06 7.33827e+06 6.64465e+06 6.51664e+06 4.77456e+06 4.38751e+06 4.21187e+06 4.19443e+06 4.14972e+06 3.2416e+06 1.79546e+06 1.76084e+06 1.64192e+06 1.13105e+06 1.12349e+06 1.10165e+06 1.02903e+06
threshold=365.00000000000006 653.70000000000016 984.85000000000002 544.1500000000002 782.6500000000002 19.450000000000003 833.30000000000007 224.30000000000004 732.25000000000011 439.85000000000008 606.85000000000002 260.95000000000005 864.70000000000016 37.650000000000013 195.50000000000003 409.95000000000005 808.75000000000011 700.80000000000007 753.6500000000002 466.15000000000003 583.50000000000011 7.0500000000000007 626.95000000000016 847.35000000000002 245.25000000000003 178.60000000000002 879.05000000000007 421.35000000000008 29.250000000000004 821.9000000000002
decision_type=2 2 2 2 2 2 2 2 2 2 2 2 2 2 2 2 2 2 2 2 2 2 2 2 2 2 2 2 2 2
left_child=2 3 5 9 8 21 16 14 17 15 20 24 23 28 25 -2 -6 -3 -10 -11 -5 -1 -12 -8 -9 -4 -14 -17 -7 -18
right_child=1 4 7 10 6 13 12 11 18 19 22 -13 26 -15 -16 27 29 -19 -20 -21 -22 -23 -24 -25 -26 -27 -28 -29 -30 -31
leaf_value=3139.9411117444342 3375.5214224836091 3548.4965220700306 3233.3586771905721 3480.1169780841997 3615.600392559053 3151.3627255039255 3641.4691225608999 3277.9367019443093 3583.4702667024944 3407.7322036599021 3506.8814221549583 3313.4027662041185 3660.3401143650512 3166.8634272026484 3264.1060928022935 3387.2389632050131 3626.8348620210259 3568.9585196412968 3597.273845002127 3430.4964220141078 3494.7040084797427 3145.4305829491773 3521.3995303583602 3650.7223460110672 3290.2172673781647 3249.6077198651387 3673.7542691945964 3395.4521251748793 3157.1193057505861 3634.5923888330772
leaf_weight=1557 91 36 22 79 123 248 109 108 122 93 104 26 33 136 145 69 86 137 109 26 131 442 61 101 40 53 30 105 125 85
leaf_count=1557 91 36 22 79 123 248 109 108 122 93 104 26 33 136 145 69 86 137 109 26 131 442 61 101 40 53 30 105 125 85
internal_value=3302.77 3539.87 3161.43 3446.35 3612.97 3144.35 3637.06 3270.13 3579.16 3394.6 3499.35 3286.06 3650.72 3156.92 3257.54 3386.47 3624.38 3564.7 3589.98 3412.71 3489.22 3141.15 3512.25 3645.92 3281.26 3244.84 3666.73 3392.2 3153.29 3630.69
internal_weight=4632 1730 2902 759 971 2508 567 394 404 384 375 174 273 509 220 265 294 173 231 119 210 1999 165 210 148 75 63 174 373 171
internal_count=4632 1730 2902 759 971 2508 567 394 404 384 375 174 273 509 220 265 294 173 231 119 210 1999 165 210 148 75 63 174 373 171
is_linear=0
shrinkage=1


Tree=1
num_leaves=31
num_cat=0
split_feature=3 3 6 3 3 3 3 3 3 3 3 3 3 3 3 3 3 3 3 3 3 3 3 3 3 3 3 3 3 3
split_gain=5.60371e+10 4.26925e+09 1.94472e+09 7.51521e+08 2.8582e+08 3.63913e+07 3.08445e+07 2.86305e+07 2.73586e+07 2.0407e+07 1.78397e+07 8.79609e+06 6.62668e+06 6.61115e+06 5.99679e+06 5.86714e+06 5.23019e+06 5.14362e+06 5.09528e+06 4.98469e+06 3.80121e+06 3.74513e+06 1.94886e+06 1.85468e+06 1.48184e+06 1.39289e+06 1.12015e+06 1.0253e+06 1.02077e+06 996325
threshold=365.00000000000006 653.70000000000016 984.85000000000002 544.1500000000002 788.75000000000011 19.450000000000003 836.1500000000002 221.95000000000002 736.90000000000009 439.85000000000008 596.20000000000016 260.95000000000005 37.650000000000013 864.70000000000016 409.95000000000005 195.50000000000003 813.10000000000002 623.25000000000011 700.80000000000007 762.90000000000009 466.15000000000003 7.0500000000000007 568.1500000000002 240.75000000000003 178.60000000000002 724.35000000000002 847.35000000000002 422.7000000000001 879.05000000000007 51.600000000000009
decision_type=2 2 2 2 2 2 2 2 2 2 2 2 2 2 2 2 2 2 2 2 2 2 2 2 2 2 2 2 2 2
left_child=2 3 5 9 8 21 16 15 18 14 22 23 -7 26 -2 24 -6 -12 -3 -10 -11 -1 -5 -9 -4 -20 -8 -16 -15 -14
right_child=1 4 7 10 6 12 13 11 19 20 17 -13 29 28 27 -17 -18 -19 25 -21 -22 -23 -24 -25 -26 -27 -28 -29 -30 -31
leaf_value=-154.69121226247643 69.11008582481972 233.43642442491318 -65.944523898038 160.54357628455531 300.02527170488912 -142.00798451114278 322.73659842354914 -25.014830921314385 270.20036587649832 99.710326229628706 190.28684916435918 10.097361469268799 -131.48889242318961 339.68782921993375 80.884712479754199 -37.499197457582902 313.51274756716009 206.33483518835615 250.61177929687503 285.4306901999081 121.33633657602164 -149.47621181021989 175.66573558742718 -13.665929477303118 -50.507932612581072 260.19864602010756 330.55096906907488 88.573696501358711 352.43128092447921 -121.39989013671875
leaf_weight=1557 91 36 22 26 124 373 84 108 146 93 158 26 104 33 82 131 171 73 100 85 26 442 118 54 53 61 101 92 30 32
leaf_count=1557 91 36 22 26 124 373 84 108 146 93 158 26 104 33 82 131 171 73 100 85 26 442 118 54 53 61 101 92 30 32
internal_value=-5.40302e-07 225.242 -134.276 136.401 294.686 -150.499 318.77 -31.0079 264.131 87.2348 186.748 -16.8991 -138.563 331.767 79.5107 -43.884 307.843 195.358 250.442 275.805 104.435 -153.538 172.935 -21.2319 -55.036 254.244 327.003 84.9502 345.756 -129.115
internal_weight=4632 1730 2902 759 971 2508 543 394 428 384 375 188 509 248 265 206 295 231 197 231 119 1999 144 162 75 161 185 174 63 136
internal_count=4632 1730 2902 759 971 2508 543 394 428 384 375 188 509 248 265 206 295 231 197 231 119 1999 144 162 75 161 185 174 63 136
is_linear=0
shrinkage=0.05


Tree=2
num_leaves=31
num_cat=0
split_feature=3 3 6 3 3 3 3 3 3 3 3 3 3 3 3 3 3 3 3 3 3 3 3 3 3 3 3 3 3 3
split_gain=5.05735e+10 3.85299e+09 1.75511e+09 6.78248e+08 2.57962e+08 3.28432e+07 3.21606e+07 2.5839e+07 2.05943e+07 1.84835e+07 1.6192e+07 8.01646e+06 7.93847e+06 5.98058e+06 5.29509e+06 4.65385e+06 3.93077e+06 3.88205e+06 3.80081e+06 3.64927e+06 3.48941e+06 3.41753e+06 2.63216e+06 2.09494e+06 1.69224e+06 1.33736e+06 1.18e+06 1.10498e+06 994235 921245
threshold=365.00000000000006 653.70000000000016 984.85000000000002 544.1500000000002 782.6500000000002 19.450000000000003 828.80000000000007 221.95000000000002 732.25000000000011 432.80000000000007 606.85000000000002 864.70000000000016 260.95000000000005 37.650000000000013 195.50000000000003 466.15000000000003 405.9500000000001 700.80000000000007 804.20000000000016 753.6500000000002 588.00000000000011 10.250000000000002 626.95000000000016 847.35000000000002 245.25000000000003 178.60000000000002 568.1500000000002 447.55000000000007 29.250000000000004 879.05000000000007
decision_type=2 2 2 2 2 2 2 2 2 2 2 2 2 2 2 2 2 2 2 2 2 2 2 2 2 2 2 2 2 2
left_child=2 3 5 9 8 21 18 14 17 16 20 23 24 28 25 27 -2 -3 -6 -10 26 -1 -12 -8 -9 -4 -5 -11 -7 -13
right_child=1 4 7 10 6 13 11 12 19 15 22 29 -14 -15 -16 -17 -18 -19 -20 -21 -22 -23 -24 -25 -26 -27 -28 -29 -30 -31
leaf_value=-146.74522176347543 64.578939428084936 221.76459893120659 -62.647300165349783 152.51639122596154 280.81757384624683 -136.74027729649697 304.65712556185787 -23.096403222005875 253.24985271516394 88.372281463236746 184.29515779935397 322.70345421993375 9.5924934350527256 -122.65925975126379 -35.624237246913765 115.26951528695913 78.465487442535618 240.21527714416058 293.36136993408206 265.83869673702696 174.64618071056549 -141.02635861492465 197.37754306480534 314.0234055925124 -11.245565862059593 -47.982536229547463 164.79658635779273 97.652596480758106 -131.27152587890626 334.80972330729173
leaf_weight=1690 78 36 22 26 97 248 146 122 122 79 104 33 26 136 131 26 147 137 160 109 105 309 61 101 40 53 79 54 125 30
leaf_count=1690 78 36 22 26 97 248 146 122 122 79 104 33 26 136 131 26 147 137 160 109 105 309 61 101 40 53 79 54 125 30
internal_value=-3.02506e-07 213.98 -127.562 129.581 279.951 -142.974 301.705 -29.4575 249.421 82.873 177.41 312.548 -16.0541 -131.635 -41.6898 95.9224 73.6515 236.376 288.627 259.19 168.201 -145.861 189.132 308.487 -20.1703 -52.2842 161.756 92.1402 -134.908 328.468
internal_weight=4632 1730 2902 759 971 2508 567 394 404 384 375 310 188 509 206 159 225 173 257 231 210 1999 165 247 162 75 105 133 373 63
internal_count=4632 1730 2902 759 971 2508 567 394 404 384 375 310 188 509 206 159 225 173 257 231 210 1999 165 247 162 75 105 133 373 63
is_linear=0
shrinkage=0.05


Tree=3
num_leaves=31
num_cat=0
split_feature=5 3 6 3 3 3 3 3 3 3 3 3 3 3 3 3 3 3 3 3 3 3 3 3 3 3 3 3 3 3
split_gain=4.56427e+10 3.52429e+09 1.53236e+09 6.24822e+08 2.3302e+08 2.96689e+07 2.52206e+07 2.25161e+07 1.95705e+07 1.80951e+07 1.46584e+07 5.3568e+06 4.99225e+06 4.86467e+06 4.77882e+06 4.53224e+06 4.30679e+06 4.14959e+06 3.57782e+06 3.46491e+06 3.45044e+06 3.19426e+06 2.08075e+06 1.46507e+06 1.22982e+06 1.20696e+06 1.20224e+06 902181 899183 831426
threshold=4106.2500000000009 653.70000000000016 984.85000000000002 544.1500000000002 788.75000000000011 20.250000000000004 836.1500000000002 740.55000000000007 221.95000000000002 430.15000000000003 600.75000000000011 864.70000000000016 37.650000000000013 713.1500000000002 195.50000000000003 466.15000000000003 813.10000000000002 392.90000000000003 10.250000000000002 245.25000000000003 626.95000000000016 762.90000000000009 576.10000000000014 412.55000000000001 692.4000000000002 178.60000000000002 447.55000000000007 851.95000000000016 51.600000000000009 879.05000000000007
decision_type=2 2 2 2 2 2 2 2 2 2 2 2 2 2 2 2 2 2 2 2 2 2 2 2 2 2 2 2 2 2
left_child=2 3 5 9 7 18 16 13 14 17 22 27 -7 24 25 26 -6 -2 -1 -10 -12 -9 -5 -19 -3 -4 -11 -8 -14 -13
right_child=1 4 8 10 6 12 11 21 19 15 20 29 28 -15 -16 -17 -18 23 -20 -21 -22 -23 -24 -25 -26 -27 -28 -29 -30 -31
leaf_value=-139.40795803092641 52.247997861919977 207.43032684326172 -59.514933638139205 149.46561924196641 270.72517798639115 -127.84689863110424 292.53310671014304 245.03019058977972 -21.941582851722593 83.371635503354284 173.32012210422093 306.5682735558712 -118.78148463322566 232.47586999841639 -33.843026803286023 109.50603872445913 282.96426694992692 66.225147197772941 -133.77965980912379 -7.2659831782182058 187.50867099449283 257.65575224034927 161.40753591162527 75.251813196252897 221.24527014907528 -45.583410471790245 92.769967877423326 299.79791569496268 -109.19693355560304 318.06924479166673
leaf_weight=1690 33 24 22 53 124 343 118 122 122 92 144 33 104 148 131 26 171 77 339 60 61 85 117 108 49 53 54 67 32 30
leaf_count=1690 33 24 22 53 124 343 118 122 122 92 144 33 104 148 131 26 171 77 339 60 61 85 117 108 49 53 54 67 32 30
internal_value=-4.94595e-08 202.72 -121.52 122.458 265.954 -135.825 287.7 238.365 -29.0503 78.1478 168.54 299.452 -124.633 227.266 -39.6053 90.2728 277.82 68.5813 -138.468 -17.1035 177.542 250.215 157.684 71.4948 216.703 -49.67 86.8477 295.164 -116.526 312.045
internal_weight=4632 1736 2896 765 971 2508 543 428 388 390 375 248 479 221 206 172 295 218 2029 182 205 207 170 185 73 75 146 185 136 63
internal_count=4632 1736 2896 765 971 2508 543 428 388 390 375 248 479 221 206 172 295 218 2029 182 205 207 170 185 73 75 146 185 136 63
is_linear=0
shrinkage=0.05


Tree=4
num_leaves=31
num_cat=0
split_feature=3 3 6 3 3 3 3 3 3 3 3 3 3 3 3 3 3 3 3 3 3 3 3 3 3 3 3 3 3 3
split_gain=4.1194e+10 3.1379e+09 1.4291e+09 5.52222e+08 2.10466e+08 2.83301e+07 2.6782e+07 2.10927e+07 1.55076e+07 1.51364e+07 1.3387e+07 6.49831e+06 6.06304e+06 4.86409e+06 4.82972e+06 4.43312e+06 3.7115e+06 3.26585e+06 3.02862e+06 2.86044e+06 2.76233e+06 2.52593e+06 1.76331e+06 1.76054e+06 1.31235e+06 1.14087e+06 994402 884945 838200 837639
threshold=365.00000000000006 653.70000000000016 984.85000000000002 544.1500000000002 779.15000000000009 828.80000000000007 19.450000000000003 224.30000000000004 727.55000000000007 439.85000000000008 609.25000000000011 855.10000000000002 260.95000000000005 37.650000000000013 201.10000000000005 409.95000000000005 801.55000000000007 588.00000000000011 751.25000000000011 7.0500000000000007 466.15000000000003 700.80000000000007 626.95000000000016 872.35000000000002 178.60000000000002 240.75000000000003 568.1500000000002 29.250000000000004 392.90000000000003 840.35000000000002
decision_type=2 2 2 2 2 2 2 2 2 2 2 2 2 2 2 2 2 2 2 2 2 2 2 2 2 2 2 2 2 2
left_child=2 3 6 9 8 16 19 14 21 15 17 29 25 27 24 28 -6 26 -10 -1 -11 -3 -12 -13 -4 -9 -5 -8 -2 -7
right_child=1 4 7 10 5 11 13 12 18 20 22 23 -14 -15 -16 -17 -18 -19 -20 -21 -22 -23 -24 -25 -26 -27 -28 -29 -30 -31
leaf_value=-132.64899078349541 51.627458543043872 200.07460801866318 -56.539187760786582 137.41729454627406 252.05281219482424 273.5351991595644 -123.47503573509955 -20.832438594736953 227.06340222714553 85.595329957367269 167.14644426618304 287.01920767257462 8.675017822705783 -110.6999803879682 -30.841221526174834 72.834084135910572 264.31201552903724 158.02129289012845 238.25877241654831 -128.09137951604922 104.03073730468751 215.29939008440294 178.13323154136785 300.17374118711894 -42.438112293590201 -11.713194610454419 148.69044761174843 -118.31560546875001 62.249819382887623 279.9759706367567
leaf_weight=1557 26 36 22 26 96 99 248 94 134 93 91 67 26 136 132 174 173 118 110 442 26 112 61 41 66 54 79 125 65 103
leaf_count=1557 26 36 22 26 96 99 248 94 134 93 91 67 26 136 132 174 173 118 110 442 26 112 61 41 66 54 79 125 65 103
internal_value=1.23801e-07 193.12 -115.127 116.955 252.656 271.81 -129.034 -26.6016 224.365 74.8095 160.113 282.113 -13.5932 -118.795 -36.8901 68.1573 259.937 152.313 232.11 -131.641 89.6232 211.596 171.556 292.013 -45.9634 -17.5051 145.899 -121.746 59.2149 276.819
internal_weight=4632 1730 2902 759 971 579 2508 394 392 384 375 310 174 509 220 265 269 223 244 1999 119 148 152 108 88 148 105 373 91 202
internal_count=4632 1730 2902 759 971 579 2508 394 392 384 375 310 174 509 220 265 269 223 244 1999 119 148 152 108 88 148 105 373 91 202
is_linear=0
shrinkage=0.05


Tree=5
num_leaves=31
num_cat=0
split_feature=5 3 6 3 3 3 3 3 3 3 3 3 3 3 3 3 3 3 3 3 3 3 3 3 3 3 3 3 3 3
split_gain=3.71791e+10 2.87033e+09 1.24732e+09 4.90793e+08 2.03163e+08 2.55679e+07 2.41896e+07 1.78385e+07 1.60829e+07 1.49393e+07 1.07833e+07 5.89867e+06 4.46145e+06 4.41031e+06 4.10683e+06 4.06064e+06 3.34963e+06 3.09872e+06 2.95673e+06 2.61562e+06 2.49824e+06 2.33019e+06 1.5585e+06 1.31269e+06 933344 890554 811512 810465 769912 712492
threshold=4106.2500000000009 642.60000000000014 984.85000000000002 544.1500000000002 779.15000000000009 828.80000000000007 20.250000000000004 724.35000000000002 212.45000000000002 422.7000000000001 596.20000000000016 864.70000000000016 454.2000000000001 683.00000000000011 245.25000000000003 37.650000000000013 801.55000000000007 751.25000000000011 10.250000000000002 617.6500000000002 392.90000000000003 190.35000000000005 847.35000000000002 568.1500000000002 231.60000000000002 466.15000000000003 51.600000000000009 439.85000000000008 707.55000000000007 886.85000000000002
decision_type=2 2 2 2 2 2 2 2 2 2 2 2 2 2 2 2 2 2 2 2 2 2 2 2 2 2 2 2 2 2
left_child=2 3 6 9 7 16 18 13 21 20 23 22 27 -3 24 -8 -6 -9 -1 -12 -2 -4 -7 -5 -10 -14 -17 -11 -15 -13
right_child=1 4 8 10 5 11 15 17 14 12 19 29 25 28 -16 26 -18 -19 -20 -21 -22 -23 -24 -25 -26 -27 -28 -29 -30 -31
leaf_value=-125.82304517034947 47.50978190104167 178.58255106608075 -47.800270423110653 130.5464327298678 239.45017547607424 261.22034811777615 -115.37481557773779 215.2334387374251 -24.813180829893867 72.36819232443105 153.89586921460702 278.03731490734015 85.7425537109375 195.83903266059031 -6.7102937247355783 -107.30741043090821 251.09641494309972 226.34584383877842 -120.70653371445196 165.06278286637931 62.742599779938999 -34.595430254255028 269.2989240891863 142.95737925384003 -17.308053229836855 98.829199688251208 -98.20208740234375 79.597626370102617 204.51881422563034 289.46033691406251
leaf_weight=1690 33 24 49 26 96 146 343 146 106 92 132 43 26 36 60 104 173 110 339 87 146 105 101 118 68 26 32 67 88 20
leaf_count=1690 33 24 49 26 96 146 343 146 106 92 132 43 26 36 60 104 173 110 339 87 146 105 101 118 68 26 32 67 88 20
internal_value=-4.02133e-07 182.961 -109.676 109.503 239.232 258.219 -122.582 212.02 -26.2487 70.559 151.344 268.007 79.5724 198.202 -17.9904 -112.476 246.94 220.008 -124.968 158.332 59.9343 -38.797 264.524 140.717 -21.8801 92.2859 -105.165 75.4146 201.999 281.664
internal_weight=4632 1736 2896 753 983 579 2508 404 388 390 363 310 211 148 234 479 269 256 2029 219 179 154 247 144 174 52 136 159 124 63
internal_count=4632 1736 2896 753 983 579 2508 404 388 390 363 310 211 148 234 479 269 256 2029 219 179 154 247 144 174 52 136 159 124 63
is_linear=0
shrinkage=0.05


Tree=6
num_leaves=31
num_cat=0
split_feature=5 3 6 3 3 3 3 3 3 3 3 3 3 3 3 3 3 3 3 3 3 3 3 3 3 3 3 3 3 3
split_gain=3.35541e+10 2.59047e+09 1.1257e+09 4.4294e+08 1.83355e+08 2.30751e+07 2.18697e+07 1.60993e+07 1.4534e+07 1.34827e+07 9.73192e+06 5.35341e+06 4.32161e+06 4.02646e+06 3.9803e+06 3.39351e+06 3.06629e+06 2.79659e+06 2.4207e+06 2.36437e+06 2.25466e+06 2.07014e+06 1.62285e+06 1.1847e+06 1.02729e+06 803725 731444 708021 702962 615188
threshold=4106.2500000000009 642.60000000000014 984.85000000000002 544.1500000000002 779.15000000000009 828.80000000000007 18.550000000000004 724.35000000000002 214.05000000000004 422.7000000000001 596.20000000000016 853.15000000000009 33.150000000000013 454.2000000000001 683.00000000000011 245.25000000000003 806.90000000000009 751.25000000000011 190.35000000000005 615.10000000000014 392.90000000000003 6.1500000000000012 872.35000000000002 568.1500000000002 51.600000000000009 466.15000000000003 439.85000000000008 710.60000000000014 231.60000000000002 795.30000000000007
decision_type=2 2 2 2 2 2 2 2 2 2 2 2 2 2 2 2 2 2 2 2 2 2 2 2 2 2 2 2 2 2
left_child=2 3 6 9 7 16 21 14 18 20 23 -7 -8 26 -3 28 29 -9 -4 -12 -2 -1 -13 -5 -14 -15 -11 -16 -10 -6
right_child=1 4 8 10 5 11 12 17 15 13 19 22 24 25 27 -17 -18 -19 -20 -21 -22 -23 -24 -25 -26 -27 -28 -29 -30 -31
leaf_value=-119.77340327542782 45.134292140151516 169.65342508951824 -45.410258203623243 124.0191133939303 225.12415608723961 249.42032579352096 -110.83268647726764 204.47176756140306 -23.13152593797253 68.749781533946162 145.65297461758141 258.69764998998397 -103.11600674013549 81.455426025390636 187.2246542171556 -6.3747790082295737 239.4563249030081 215.02854780717331 -32.189403986526749 156.08277319335937 59.605471321001453 -115.90015130149943 270.98457626714941 135.80951279462394 -93.2919834136963 93.887740384615384 75.617743557602623 194.95280110677083 -16.44265079498291 232.22618290070565
leaf_weight=1523 33 24 49 26 60 191 349 146 93 92 119 78 158 26 49 60 147 110 118 100 146 446 41 118 32 26 67 75 68 62
leaf_count=1523 33 24 49 26 60 191 349 146 93 92 119 78 158 26 49 60 147 110 118 100 146 446 41 118 32 26 67 75 68 62
internal_value=-4.47601e-07 173.813 -104.192 104.028 227.27 245.308 -116.453 201.419 -24.9363 67.0311 143.777 254.607 -107.529 75.5938 188.292 -16.5241 234.593 209.008 -36.0686 150.415 56.9376 -118.896 262.931 133.681 -101.461 87.6716 71.6438 191.899 -20.3064 228.733
internal_weight=4632 1736 2896 753 983 579 2508 404 388 390 363 310 539 211 148 221 269 256 167 219 179 1969 119 144 190 52 159 124 161 122
internal_count=4632 1736 2896 753 983 579 2508 404 388 390 363 310 539 211 148 221 269 256 167 219 179 1969 119 144 190 52 159 124 161 122
is_linear=0
shrinkage=0.05


Tree=7
num_leaves=31
num_cat=0
split_feature=3 3 6 3 3 3 3 3 3 3 3 3 3 3 3 3 3 3 3 3 3 3 3 3 3 3 3 3 3 3
split_gain=3.02837e+10 2.30644e+09 1.04985e+09 4.05502e+08 1.54868e+08 1.98808e+07 1.6975e+07 1.55459e+07 1.52473e+07 1.12006e+07 9.9788e+06 4.47909e+06 3.91586e+06 3.68214e+06 3.33734e+06 3.3255e+06 3.22531e+06 2.74804e+06 2.52802e+06 2.45997e+06 2.19114e+06 2.16291e+06 1.35091e+06 1.05036e+06 846525 831960 791548 706101 698394 603465
threshold=365.00000000000006 653.70000000000016 984.85000000000002 544.1500000000002 788.75000000000011 24.550000000000004 837.55000000000007 224.30000000000004 740.55000000000007 432.80000000000007 609.25000000000011 260.95000000000005 10.250000000000002 201.10000000000005 872.35000000000002 819.00000000000011 713.1500000000002 466.15000000000003 405.9500000000001 588.00000000000011 41.050000000000004 762.90000000000009 626.95000000000016 178.60000000000002 853.15000000000009 692.4000000000002 240.75000000000003 568.1500000000002 447.55000000000007 797.25000000000011
decision_type=2 2 2 2 2 2 2 2 2 2 2 2 2 2 2 2 2 2 2 2 2 2 2 2 2 2 2 2 2 2
left_child=2 3 5 9 8 12 15 13 16 18 19 26 -1 23 24 29 25 28 -2 27 -7 -10 -12 -4 -8 -3 -9 -5 -11 -6
right_child=1 4 7 10 6 20 14 11 21 17 22 -13 -14 -15 -16 -17 -18 -19 -20 -21 -22 -23 -24 -25 -26 -27 -28 -29 -30 -31
leaf_value=-113.56236012475732 49.713897744203223 168.77259521484376 -49.051701216264206 117.81814903846156 215.93547566731775 -102.11569966323503 239.02657091864228 -17.801281624651971 199.61863773533557 68.424515813513651 143.28625944368133 7.472243624467116 -108.35458425883374 -26.386317594123611 257.43535156249999 232.03323265281884 189.24236945074961 89.193355618990381 60.850318296263822 135.48621515823623 -93.319073045868237 210.00791819852944 152.90282882940573 -36.436440577651517 245.76276229467149 180.13523048867987 -10.205393164246171 127.31758384221718 75.80246220341435 223.28897330991686
leaf_weight=1690 78 24 22 26 36 262 116 94 122 79 91 26 459 132 41 148 148 26 147 118 97 85 61 66 78 49 54 79 54 124
leaf_count=1690 78 24 22 26 36 262 116 94 122 79 91 26 459 132 41 148 148 26 147 118 97 85 61 66 78 49 54 79 54 124
internal_value=-4.3463e-08 165.583 -98.7107 100.284 216.625 -110.631 234.353 -22.8352 194.134 64.1682 137.266 -11.6674 -112.45 -31.6679 244.474 226.631 185 74.3264 56.9897 130.532 -99.7389 203.885 147.146 -39.5903 241.735 176.4 -15.0298 124.965 71.4201 221.634
internal_weight=4632 1730 2902 759 971 2508 543 394 428 384 375 174 2149 220 235 308 221 159 225 223 359 207 152 88 194 73 148 105 133 160
internal_count=4632 1730 2902 759 971 2508 543 394 428 384 375 174 2149 220 235 308 221 159 225 223 359 207 152 88 194 73 148 105 133 160
is_linear=0
shrinkage=0.05


Tree=8
num_leaves=31
num_cat=0
split_feature=5 3 3 3 3 3 3 3 3 3 3 3 3 3 3 3 3 3 3 3 3 3 3 3 3 3 3 3 3 3
split_gain=2.73321e+10 2.1097e+09 9.1673e+08 3.60423e+08 1.49476e+08 1.88585e+07 1.69737e+07 1.3357e+07 1.32343e+07 1.10619e+07 7.98394e+06 3.69705e+06 3.51575e+06 3.4852e+06 3.48224e+06 3.46813e+06 3.44115e+06 2.23293e+06 1.97389e+06 1.96637e+06 1.62818e+06 1.61467e+06 955918 797046 726516 679791 645451 607044 579113 575585
threshold=4106.2500000000009 642.60000000000014 65.500000000000014 544.1500000000002 779.15000000000009 833.30000000000007 24.550000000000004 208.65000000000001 727.55000000000007 421.35000000000008 596.20000000000016 864.70000000000016 454.2000000000001 235.90000000000001 13.050000000000002 692.4000000000002 808.75000000000011 178.60000000000002 751.25000000000011 620.55000000000007 39.750000000000007 392.90000000000003 568.1500000000002 847.35000000000002 260.95000000000005 439.85000000000008 466.15000000000003 3.7500000000000004 795.30000000000007 821.9000000000002
decision_type=2 2 2 2 2 2 2 2 2 2 2 2 2 2 2 2 2 2 2 2 2 2 2 2 2 2 2 2 2 2
left_child=2 3 6 9 8 16 14 17 15 21 22 23 25 -9 27 -3 28 -4 -10 -12 -8 -2 -5 -7 -15 -11 -14 -1 -6 -18
right_child=1 4 7 10 5 11 20 13 18 12 19 -13 26 24 -16 -17 29 -19 -20 -21 -22 -23 -24 -25 -26 -27 -28 -29 -30 -31
leaf_value=-108.22796723126858 40.839901640920928 156.93554551866319 -49.021407494178192 111.9272432767428 203.24900309244794 224.80248687464166 -97.224139575881665 -20.937624154090884 185.02667764692166 61.815473051525295 132.37882088496767 241.57783668154764 73.592535400390631 -11.169512192010879 -102.41694752762959 174.56404930853077 214.70507372479108 -32.669993360987256 194.06479214754972 142.39551771009289 -89.800290469215042 53.196033013135867 122.51816840737554 230.96769221844062 -0.51502649784088139 68.261466046233679 84.733687650240384 -105.95713489491453 209.8394108072917 220.50689165900735
leaf_weight=1409 33 36 26 26 60 109 249 160 134 105 145 63 26 80 369 124 86 106 110 74 105 133 118 101 20 67 26 372 75 85
leaf_count=1409 33 36 26 26 60 109 249 160 134 105 145 63 26 80 369 124 86 106 110 74 105 133 118 101 20 67 26 372 75 85
internal_value=1.021e-06 156.872 -94.0367 93.8949 205.115 221.401 -105.167 -22.9374 181.773 60.5216 129.751 230.955 67.7706 -16.3611 -106.838 170.598 212.878 -35.8907 189.101 135.763 -95.0222 50.7397 120.606 227.768 -9.03862 64.3264 79.1631 -107.754 206.91 217.589
internal_weight=4632 1736 2896 753 983 579 2504 392 404 390 363 273 224 260 2150 160 306 132 244 219 354 166 144 210 100 172 52 1781 135 171
internal_count=4632 1736 2896 753 983 579 2504 392 404 390 363 273 224 260 2150 160 306 132 244 219 354 166 144 210 100 172 52 1781 135 171
is_linear=0
shrinkage=0.05


Tree=9
num_leaves=31
num_cat=0
split_feature=5 3 3 3 3 3 3 3 3 3 3 3 3 3 3 3 3 3 3 3 3 3 3 3 3 3 3 3 3 3
split_gain=2.46672e+10 1.90412e+09 8.27349e+08 3.36917e+08 1.26114e+08 1.53602e+07 1.48149e+07 1.20547e+07 1.20408e+07 9.98336e+06 8.20196e+06 3.18362e+06 3.16318e+06 3.07817e+06 2.65532e+06 2.55489e+06 2.44457e+06 2.38544e+06 2.05701e+06 2.01522e+06 1.45724e+06 1.40958e+06 1.10562e+06 1.01528e+06 694320 633230 517639 482753 454651 436536
threshold=4106.2500000000009 653.70000000000016 65.500000000000014 544.1500000000002 795.30000000000007 17.950000000000003 740.55000000000007 208.65000000000001 840.35000000000002 421.35000000000008 609.25000000000011 447.55000000000007 240.75000000000003 33.150000000000013 713.1500000000002 770.70000000000016 872.35000000000002 821.9000000000002 583.50000000000011 178.60000000000002 392.90000000000003 5.4500000000000011 629.15000000000009 466.15000000000003 224.30000000000004 692.4000000000002 47.050000000000004 853.15000000000009 724.35000000000002 260.95000000000005
decision_type=2 2 2 2 2 2 2 2 2 2 2 2 2 2 2 2 2 2 2 2 2 2 2 2 2 2 2 2 2 2
left_child=2 3 5 9 6 21 14 19 17 20 18 -11 24 -7 25 -8 27 -6 -5 -4 -2 -1 -12 -13 -9 -3 -15 -10 -16 -14
right_child=1 4 7 10 8 13 15 12 16 11 22 23 29 26 28 -17 -18 -19 -20 -21 -22 -23 -24 -25 -26 -27 -28 -29 -30 -31
leaf_value=-102.74066757704284 38.797906262946853 152.48718872070313 -46.570335975060097 111.2835793024377 201.81653961750294 -95.195750040579242 181.07864068478955 -22.109529329382855 216.42953584090526 59.939176792568631 129.8873184352245 68.470926694516777 -9.1366479749204945 -88.961829630533856 167.57504340277779 192.00973132905506 232.48469238281251 210.62617038026147 121.3238616095649 -31.036494201084356 50.536231799591754 -99.581906582727299 139.01116868622449 80.496999887319717 -15.99942690260867 162.40026656170281 -83.111983389224648 221.7766056941106 173.17984647863054 -0.48927531719207762
leaf_weight=1489 33 24 26 79 161 367 147 92 92 144 103 54 54 132 63 84 41 147 144 106 133 463 49 26 94 49 53 78 85 20
leaf_count=1489 33 24 26 79 161 367 147 92 92 144 103 54 54 132 63 84 41 147 144 106 133 463 49 26 94 49 53 78 85 20
internal_value=-4.82519e-07 149.029 -89.3349 90.033 195.508 -99.909 176.2 -21.7905 212.325 57.4955 123.872 64.3821 -15.543 -92.5448 166.945 185.054 221.526 206.021 117.767 -34.0962 48.2027 -101.991 132.829 72.3794 -19.0216 159.141 -87.2859 218.883 170.794 -6.79952
internal_weight=4632 1736 2896 765 971 2504 452 392 519 390 375 224 260 552 221 231 211 308 223 132 166 1952 152 80 186 73 185 170 148 74
internal_count=4632 1736 2896 765 971 2504 452 392 519 390 375 224 260 552 221 231 211 308 223 132 166 1952 152 80 186 73 185 170 148 74
is_linear=0
shrinkage=0.05


Tree=10
num_leaves=31
num_cat=0
split_feature=3 3 6 3 3 3 3 3 3 3 3 3 3 3 3 3 3 3 3 3 3 3 3 3 3 3 3 3 3 3
split_gain=2.22629e+10 1.69536e+09 7.71895e+08 2.97762e+08 1.13864e+08 1.46491e+07 1.25416e+07 1.14711e+07 1.12883e+07 8.3113e+06 7.4278e+06 3.36902e+06 2.66154e+06 2.44721e+06 2.27317e+06 2.23644e+06 2.08377e+06 2.023e+06 2.02278e+06 1.99973e+06 1.98741e+06 1.65819e+06 1.17827e+06 712044 707646 596115 590082 552388 507761 394779
threshold=365.00000000000006 653.70000000000016 984.85000000000002 544.1500000000002 788.75000000000011 21.250000000000004 836.1500000000002 221.95000000000002 736.90000000000009 432.80000000000007 606.85000000000002 260.95000000000005 872.35000000000002 195.50000000000003 813.10000000000002 35.000000000000007 762.90000000000009 7.0500000000000007 700.80000000000007 466.15000000000003 409.95000000000005 583.50000000000011 626.95000000000016 853.15000000000009 245.25000000000003 721.20000000000016 51.600000000000009 178.60000000000002 447.55000000000007 392.90000000000003
decision_type=2 2 2 2 2 2 2 2 2 2 2 2 2 2 2 2 2 2 2 2 2 2 2 2 2 2 2 2 2 2
left_child=2 3 5 9 8 17 14 13 18 20 21 24 23 27 -6 -7 -10 -1 -3 28 29 -5 -12 -8 -9 -20 -17 -4 -11 -2
right_child=1 4 7 10 6 15 12 11 16 19 22 -13 -14 -15 -16 26 -18 -19 25 -21 -22 -23 -24 -25 -26 -27 -28 -29 -30 -31
leaf_value=-97.532089678323956 37.946298804649942 146.93998887803818 -41.587663962624291 105.71940145371838 188.81262433451991 -89.340378987913766 204.63622526420181 -15.217972761685733 170.32280398852205 58.756447900699669 122.38117863581732 6.0632798121525688 220.8604551733994 -23.601554544463411 197.70438510827853 -83.493601325814055 180.1700545726103 -93.879280196930367 157.24438308189656 76.472152005709134 52.728249734907017 114.89104353344167 131.13407802894469 210.68777340619991 -7.5544976782798772 163.34919681033574 -75.919880867004395 -32.162838111733492 65.047379331235533 45.236249718299284
leaf_weight=1557 26 36 22 79 124 287 129 122 146 79 104 26 41 131 171 131 85 501 87 26 134 131 61 78 40 74 32 53 54 65
leaf_count=1557 26 36 22 79 124 287 129 122 146 79 104 26 41 131 171 131 85 501 87 26 134 131 61 78 40 74 32 53 54 65
internal_value=-1.8322e-07 141.972 -84.6352 85.9875 185.733 -94.856 200.934 -19.5748 166.447 55.0394 117.678 -10.6443 209.222 -27.7251 193.967 -86.684 173.946 -96.6428 157.655 63.7899 48.8558 111.441 125.617 206.917 -13.3258 160.05 -82.0067 -34.9275 61.3107 43.1534
internal_weight=4632 1730 2902 759 971 2508 543 394 428 384 375 188 248 206 295 450 231 2058 197 159 225 210 165 207 162 161 163 75 133 91
internal_count=4632 1730 2902 759 971 2508 543 394 428 384 375 188 248 206 295 450 231 2058 197 159 225 210 165 207 162 161 163 75 133 91
is_linear=0
shrinkage=0.05


Tree=11
num_leaves=31
num_cat=0
split_feature=5 3 3 3 3 3 3 3 3 3 3 3 3 3 3 3 3 3 3 3 3 3 3 3 3 3 3 3 3 3
split_gain=2.00931e+10 1.55078e+09 6.73738e+08 2.64633e+08 1.10031e+08 1.3958e+07 1.2654e+07 9.84686e+06 9.69864e+06 8.15299e+06 6.02039e+06 3.24628e+06 2.61924e+06 2.5843e+06 2.55809e+06 2.43811e+06 1.8569e+06 1.57707e+06 1.52273e+06 1.46933e+06 1.26889e+06 1.19722e+06 854892 774359 603465 540605 510999 492381 435475 363434
threshold=4106.2500000000009 642.60000000000014 65.500000000000014 544.1500000000002 779.15000000000009 828.80000000000007 24.550000000000004 208.65000000000001 727.55000000000007 422.7000000000001 596.20000000000016 858.1500000000002 683.00000000000011 13.050000000000002 235.90000000000001 458.20000000000005 806.90000000000009 178.60000000000002 746.15000000000009 613.20000000000016 403.25000000000006 39.750000000000007 879.05000000000007 568.1500000000002 439.85000000000008 840.35000000000002 710.60000000000014 254.35000000000002 3.7500000000000004 632.15000000000009
decision_type=2 2 2 2 2 2 2 2 2 2 2 2 2 2 2 2 2 2 2 2 2 2 2 2 2 2 2 2 2 2
left_child=2 3 6 9 8 16 13 17 12 20 23 25 -3 28 -9 24 -6 -4 -10 -12 -2 -8 -13 -5 -11 -7 -14 -16 -1 -21
right_child=1 4 7 10 5 11 21 14 18 15 19 22 26 -15 27 -17 -18 -19 -20 29 -22 -23 -24 -25 -26 -27 -28 -29 -30 -31
leaf_value=-92.802933906679726 38.931543095906576 131.04278055826825 -41.832320462740391 95.480734487680294 176.94400014408302 190.93405798709756 -83.298494662242717 -17.949857664108276 157.71581896860664 53.249927321724272 112.22561806732755 201.52775823419745 144.87495690170599 -87.803771062918145 -10.217921255595648 69.858220183543665 185.28852813097896 -28.090559272046359 165.66086968315972 118.90943464799362 47.516725629289574 -76.932520228794658 211.70730794270835 105.01296779826538 59.187668266296384 195.97429050611413 151.25894368489583 -2.7564189029462409 -90.879590729744208 125.74084912109375
leaf_weight=1409 72 24 26 26 122 99 249 160 109 92 106 66 49 369 67 39 147 106 135 88 107 105 30 118 80 115 87 33 372 25
leaf_count=1409 72 24 26 26 122 99 249 160 109 92 106 66 49 369 67 39 147 106 135 88 107 105 30 118 80 115 87 33 372 25
internal_value=-9.83013e-08 134.504 -80.6278 80.5091 175.865 189.838 -90.1699 -19.6755 155.838 51.9124 111.233 197.07 146.271 -91.6122 -14.029 58.571 181.504 -30.7973 162.112 116.454 44.0635 -81.4103 204.709 103.292 56.0117 193.643 148.959 -7.75563 -92.4012 120.421
internal_weight=4632 1736 2896 753 983 579 2504 392 404 390 363 310 160 2150 260 211 269 132 244 219 179 354 96 144 172 214 136 100 1781 113
internal_count=4632 1736 2896 753 983 579 2504 392 404 390 363 310 160 2150 260 211 269 132 244 219 179 354 96 144 172 214 136 100 1781 113
is_linear=0
shrinkage=0.05


Tree=12
num_leaves=31
num_cat=0
split_feature=3 3 6 3 3 3 3 3 3 3 3 3 3 3 3 3 3 3 3 3 3 3 3 3 3 3 3 3 3 3
split_gain=1.81341e+10 1.38076e+09 6.28724e+08 2.42378e+08 9.30146e+07 1.19837e+07 1.0911e+07 9.39031e+06 8.83927e+06 6.77033e+06 6.10686e+06 2.75818e+06 2.68822e+06 2.15447e+06 1.99478e+06 1.80538e+06 1.80112e+06 1.67016e+06 1.66458e+06 1.6397e+06 1.44107e+06 955931 780445 582495 573539 477074 416501 414278 390356 354387
threshold=365.00000000000006 653.70000000000016 984.85000000000002 544.1500000000002 795.30000000000007 16.450000000000003 742.80000000000007 221.95000000000002 840.35000000000002 432.80000000000007 600.75000000000011 32.250000000000007 260.95000000000005 713.1500000000002 195.50000000000003 872.35000000000002 821.9000000000002 770.70000000000016 466.15000000000003 409.95000000000005 623.25000000000011 576.10000000000014 3.7500000000000004 51.600000000000009 245.25000000000003 692.4000000000002 447.55000000000007 178.60000000000002 727.55000000000007 853.15000000000009
decision_type=2 2 2 2 2 2 2 2 2 2 2 2 2 2 2 2 2 2 2 2 2 2 2 2 2 2 2 2 2 2
left_child=2 3 5 9 6 22 13 14 16 19 21 -7 24 25 27 29 -6 -8 26 -2 -12 -5 -1 -13 -9 -3 -11 -4 -15 -10
right_child=1 4 7 10 8 11 17 12 15 18 20 23 -14 28 -16 -17 -18 -19 -20 -21 -22 -23 -24 -25 -26 -27 -28 -29 -30 -31
leaf_value=-88.162786011868462 38.926513504196002 130.61788940429688 -37.31218428178267 93.623609319722888 173.01287925198952 -81.883890531563466 155.61150254991321 -13.686334147218799 185.57754450259003 53.009565676918513 108.89403968579842 -75.901548329849689 5.3367527549083427 144.12992513020833 -21.318847458235183 199.36862286823555 180.66786976509354 164.59126209077382 69.155635892427881 47.623518326033405 117.64872729157749 101.71786587706998 -85.847941996463703 -68.551483535766607 -6.7871261775493625 139.22229203204719 58.707185533311637 -29.150168854335568 149.07895737591912 190.15887951973158
leaf_weight=1409 91 24 22 53 161 405 135 122 92 79 132 171 26 75 131 41 147 84 26 134 73 117 491 32 40 49 54 53 85 78
leaf_count=1409 91 24 22 53 161 405 135 122 92 79 132 171 26 75 131 41 147 84 26 134 73 117 491 32 40 49 54 53 85 78
internal_value=4.5508e-07 128.133 -76.3851 77.609 167.625 -85.6094 151.043 -17.6677 182.067 49.6871 106.201 -79.4997 -9.58757 143.511 -25.0417 189.951 176.666 159.056 57.5848 44.1061 112.012 99.1944 -87.5646 -74.7429 -11.9828 136.393 55.3229 -31.5444 146.759 187.68
internal_weight=4632 1730 2902 759 971 2508 452 394 519 384 375 608 188 233 206 211 308 219 159 225 205 170 1900 203 162 73 133 75 160 170
internal_count=4632 1730 2902 759 971 2508 452 394 519 384 375 608 188 233 206 211 308 219 159 225 205 170 1900 203 162 73 133 75 160 170
is_linear=0
shrinkage=0.05


Tree=13
num_leaves=31
num_cat=0
split_feature=5 3 3 3 3 3 3 3 3 3 3 3 3 3 3 3 3 3 3 3 3 3 3 3 3 3 3 3 3 3
split_gain=1.63672e+10 1.26306e+09 5.4864e+08 2.0731e+08 9.61048e+07 1.23005e+07 1.03949e+07 9.23285e+06 8.0427e+06 6.00807e+06 5.28287e+06 3.32919e+06 2.9177e+06 2.09124e+06 2.06122e+06 1.73445e+06 1.39551e+06 1.23295e+06 1.19667e+06 1.15474e+06 990956 990181 929575 899674 570332 492401 344803 309468 276276 263314
threshold=4106.2500000000009 635.75000000000011 65.500000000000014 476.35000000000008 774.10000000000014 821.9000000000002 24.550000000000004 721.20000000000016 208.65000000000001 590.85000000000014 421.35000000000008 853.15000000000009 683.00000000000011 13.050000000000002 231.60000000000002 557.00000000000011 744.85000000000002 178.60000000000002 613.20000000000016 797.25000000000011 445.00000000000006 42.900000000000006 392.90000000000003 879.05000000000007 250.20000000000002 840.35000000000002 3.7500000000000004 29.250000000000004 700.80000000000007 757.60000000000014
decision_type=2 2 2 2 2 2 2 2 2 2 2 2 2 2 2 2 2 2 2 2 2 2 2 2 2 2 2 2 2 2
left_child=2 3 6 10 7 19 13 12 17 15 22 25 -3 26 -10 -5 -9 -4 -11 -6 -12 27 -2 -13 -16 -7 -1 -8 -14 -18
right_child=1 4 8 9 5 11 21 16 14 18 20 23 28 -15 24 -17 29 -19 -20 -21 -22 -23 -24 -25 -26 -27 -28 -29 -30 -31
leaf_value=-83.754648474753537 31.762200465346826 117.2857956345017 -37.574715951772838 78.763128192608178 157.3835681733631 171.63447730654764 -77.112405520069359 141.24684478259479 -17.047040580980706 100.59333172422467 48.518841832284714 181.14129432935394 128.74928690592449 -79.261508203521984 -10.68453879768466 93.187761346726191 146.62025773331925 -25.424306272110851 107.84461895751954 164.71446008874267 55.581329574584963 -68.507140804242496 41.137463952544941 191.15351318359376 -3.7606907285274347 176.29866412618887 -82.043213924284913 -73.610173974333506 134.80880042766702 151.05729760341958
leaf_weight=1409 33 37 26 26 84 147 98 122 132 132 131 89 24 369 81 105 74 106 100 149 80 79 133 30 47 92 372 177 87 61
leaf_count=1409 33 37 26 26 84 147 98 122 132 132 131 89 24 369 81 105 74 106 100 149 80 79 133 30 47 92 372 177 87 61
internal_value=-1.50884e-07 121.394 -72.7694 71.9152 158.156 171.013 -81.3802 139.394 -17.7661 98.8852 45.9467 176.832 129.445 -82.6874 -12.6631 90.3249 145.123 -27.8176 103.719 162.072 51.1966 -73.4409 39.2737 183.665 -8.14219 173.43 -83.3972 -74.8582 133.499 148.625
internal_weight=4632 1736 2896 740 996 591 2504 405 392 363 377 358 148 2150 260 131 257 132 232 233 211 354 166 119 128 239 1781 275 111 135
internal_count=4632 1736 2896 740 996 591 2504 405 392 363 377 358 148 2150 260 131 257 132 232 233 211 354 166 119 128 239 1781 275 111 135
is_linear=0
shrinkage=0.05


Tree=14
num_leaves=31
num_cat=0
split_feature=5 3 6 3 3 3 3 3 3 3 3 3 3 3 3 3 3 3 3 3 3 3 3 3 3 3 3 3 3 3
split_gain=1.47714e+10 1.13993e+09 4.95326e+08 1.94569e+08 8.09136e+07 1.03218e+07 9.77285e+06 7.13547e+06 6.54925e+06 6.07472e+06 4.76779e+06 2.06434e+06 1.9654e+06 1.94582e+06 1.84017e+06 1.777e+06 1.52745e+06 1.32029e+06 1.09293e+06 1.04011e+06 922346 894337 838941 430082 412759 399128 312247 311184 304144 295784
threshold=4106.2500000000009 642.60000000000014 984.85000000000002 476.35000000000008 779.15000000000009 833.30000000000007 24.550000000000004 724.35000000000002 212.45000000000002 596.20000000000016 421.35000000000008 864.70000000000016 13.050000000000002 808.75000000000011 557.00000000000011 683.00000000000011 245.25000000000003 753.6500000000002 617.6500000000002 42.900000000000006 186.30000000000004 445.00000000000006 392.90000000000003 847.35000000000002 886.85000000000002 231.60000000000002 707.55000000000007 3.7500000000000004 204.25000000000003 795.30000000000007
decision_type=2 2 2 2 2 2 2 2 2 2 2 2 2 2 2 2 2 2 2 2 2 2 2 2 2 2 2 2 2 2
left_child=2 3 6 10 7 13 12 15 20 14 22 23 27 29 -5 -3 25 -9 -11 -8 -4 -12 -2 -7 -13 -10 -17 -1 -22 -6
right_child=1 4 8 9 5 11 19 17 16 18 21 24 -14 -15 -16 26 -18 -19 -20 -21 28 -23 -24 -25 -26 -27 -28 -29 -30 -31
leaf_value=-79.56691603000661 30.174090206261837 112.41968485514325 -31.570923233032229 74.824972064678491 149.35877034505208 165.2767267909619 -71.115329856178988 135.86029636215116 -15.578087389244224 96.995094761703967 46.092899258446153 175.01430862781615 -75.213500114109209 160.00545290227524 89.387157317882284 123.36062215169271 -4.4085940504074097 143.26215027484699 104.21350504557293 -64.758356475830084 -24.720186286339395 52.802261619567872 39.08058981070841 169.80550790918937 183.70870117187502 -10.670212549321793 128.88823020241477 -77.94105327975366 -19.616832114165685 154.06873990885418
leaf_weight=1409 33 24 36 26 60 109 275 159 106 132 131 43 368 171 131 36 60 97 87 84 65 80 133 101 20 68 88 372 53 75
leaf_count=1409 33 24 36 26 60 109 275 159 106 132 131 43 368 171 131 36 60 97 87 84 65 80 133 101 20 68 88 372 53 75
internal_value=-1.64484e-07 115.324 -69.131 69.0318 150.786 162.768 -77.2643 133.612 -16.5578 94.4816 43.6494 169.836 -78.54 156.463 86.9756 124.873 -11.2879 138.665 99.8627 -69.6279 -24.5653 48.6367 37.31 167.455 177.774 -13.6601 127.283 -79.2273 -22.428 151.975
internal_weight=4632 1736 2896 753 983 579 2508 404 388 376 377 273 2149 306 157 148 234 256 219 359 154 211 166 210 63 174 124 1781 118 135
internal_count=4632 1736 2896 753 983 579 2508 404 388 376 377 273 2149 306 157 148 234 256 219 359 154 211 166 210 63 174 124 1781 118 135
is_linear=0
shrinkage=0.05


Tree=15
num_leaves=31
num_cat=0
split_feature=3 3 3 3 3 3 3 3 3 3 3 3 3 3 3 3 3 3 3 3 3 3 3 3 3 3 6 3 3 3
split_gain=1.33313e+10 1.01498e+09 4.621e+08 1.65261e+08 7.82913e+07 1.0095e+07 8.46292e+06 7.50127e+06 7.46092e+06 4.93145e+06 3.82935e+06 2.71733e+06 2.34159e+06 2.31545e+06 1.69645e+06 1.36519e+06 1.26887e+06 1.16423e+06 1.11229e+06 926297 834780 807139 703361 673146 669305 468091 386815 353625 229127 216508
threshold=365.00000000000006 635.75000000000011 65.500000000000014 476.35000000000008 774.10000000000014 821.9000000000002 24.550000000000004 721.20000000000016 214.05000000000004 588.00000000000011 421.35000000000008 855.10000000000002 683.00000000000011 260.95000000000005 10.250000000000002 186.30000000000004 557.00000000000011 744.85000000000002 613.20000000000016 799.60000000000014 37.650000000000013 445.00000000000006 231.60000000000002 886.85000000000002 405.9500000000001 840.35000000000002 2565.3500000000008 204.25000000000003 700.80000000000007 51.600000000000009
decision_type=2 2 2 2 2 2 2 2 2 2 2 2 2 2 2 2 2 2 2 2 2 2 2 2 2 2 2 2 2 2
left_child=2 3 6 10 7 19 14 12 15 16 24 25 -3 22 -1 26 -5 -9 -11 -6 -8 -12 -10 -13 -2 -7 -4 -17 -14 -22
right_child=1 4 8 9 5 11 20 17 13 18 21 23 28 -15 -16 27 -18 -19 -20 -21 29 -23 -24 -25 -26 -27 -28 -29 -30 -31
leaf_value=-75.359856054543044 32.632197805551378 105.94467855917442 -36.336951904296875 71.083724506084749 142.47735850016278 154.94131847563244 -68.1449888220817 127.42863269243085 -14.509514531781598 90.481019034550116 43.788254483055525 164.36124156605115 116.14378763834637 4.5346501497121956 -71.935039327870243 -23.48417710524339 83.593213222337809 134.16784740306716 97.335551452636722 148.88247676208942 -64.151836043137777 50.162147712707522 -8.5774764676888786 174.52326416015626 39.101950445407773 159.33701562974059 -26.503143463134769 -18.288424439863729 121.66207064924571 -59.126738371672459
leaf_weight=1690 78 37 20 26 96 147 223 122 93 145 131 88 24 26 460 65 92 135 100 137 104 80 108 20 82 103 20 66 87 27
leaf_count=1690 78 37 20 26 96 147 223 122 93 145 131 88 24 26 460 65 92 135 100 137 104 80 108 20 82 103 20 66 87 27
internal_value=4.89854e-07 109.862 -65.4931 65.2493 142.739 154.344 -73.4476 125.805 -15.4476 89.2343 41.7814 159.615 116.838 -9.50595 -74.6271 -23.3351 80.8369 130.969 93.2788 146.243 -66.284 46.2049 -11.3222 166.243 35.9479 156.752 -31.42 -20.8665 120.469 -63.1161
internal_weight=4632 1730 2902 734 996 591 2504 405 398 363 371 358 148 227 2150 171 118 257 245 233 354 211 201 108 160 250 40 131 111 131
internal_count=4632 1730 2902 734 996 591 2504 405 398 363 371 358 148 227 2150 171 118 257 245 233 354 211 201 108 160 250 40 131 111 131
is_linear=0
shrinkage=0.05


Tree=16
num_leaves=31
num_cat=0
split_feature=5 3 6 3 3 3 3 3 3 3 3 3 3 3 5 3 3 3 3 3 3 3 3 3 3 3 3 4 3 3
split_gain=1.20324e+10 9.28423e+08 4.03329e+08 1.52216e+08 7.06579e+07 9.11072e+06 8.01776e+06 6.79916e+06 5.2973e+06 4.90924e+06 3.1705e+06 2.45839e+06 1.85024e+06 1.79647e+06 1.35896e+06 1.24713e+06 1.15185e+06 1.14295e+06 840173 747301 648840 541090 522724 500229 495285 368380 303298 247668 240321 232750
threshold=4106.2500000000009 635.75000000000011 984.85000000000002 544.1500000000002 774.10000000000014 821.9000000000002 16.450000000000003 713.1500000000002 212.45000000000002 430.15000000000003 596.20000000000016 858.1500000000002 32.250000000000007 740.55000000000007 7734.2500000000009 240.75000000000003 458.20000000000005 405.9500000000001 797.25000000000011 190.35000000000005 613.20000000000016 886.85000000000002 4.0500000000000007 840.35000000000002 573.00000000000011 49.100000000000009 757.60000000000014 5008.7000000000007 392.90000000000003 229.55000000000004
decision_type=2 2 2 2 2 2 2 2 2 2 2 2 2 2 2 2 2 2 2 2 2 2 2 2 2 2 2 2 2 2
left_child=2 3 6 9 7 18 22 14 19 17 24 23 -8 -9 -3 29 -11 28 -6 -4 -12 -13 -1 -7 -5 -14 -15 -17 -2 -10
right_child=1 4 8 10 5 11 12 13 15 16 20 21 25 26 -16 27 -18 -19 -20 -21 -22 -23 -24 -25 -26 -27 -28 -29 -30 -31
leaf_value=-71.808384195963541 27.33178063594934 98.966102547481142 -27.252948153748804 75.097635591947125 134.93248523530505 147.19425015611714 -66.68758285710841 119.21046299290013 -14.314246856525381 44.280511359881643 86.854167722306158 156.55398463199015 -61.975582576703431 125.14211375956634 111.86532504316691 -6.9119575622130416 54.052279428335339 38.092063410479327 141.18564518666108 -19.774948359898161 92.468774780273449 165.79710449218751 -69.889061219813456 151.59672978940219 81.696235293433787 -56.847781575520834 129.6329323690446 -0.79616094303131113 32.787053739107577 -10.448836289590865
leaf_weight=1428 33 29 49 39 84 147 405 148 93 133 106 76 158 98 69 49 39 133 149 105 100 20 472 115 105 45 61 25 52 67
leaf_count=1428 33 29 49 39 84 147 405 148 93 133 106 76 158 98 69 49 39 133 149 105 100 20 472 115 105 45 61 25 52 67
internal_value=-5.7518e-07 104.084 -62.3931 61.6632 135.602 146.626 -69.7324 119.515 -14.9527 40.1807 85.6009 151.635 -64.7348 123.175 108.048 -10.2132 46.4962 35.1978 138.931 -22.1543 89.5797 158.48 -71.3316 149.127 79.9091 -60.8389 126.865 -4.84581 30.6691 -12.6956
internal_weight=4632 1736 2896 740 996 591 2508 405 388 390 350 358 608 307 98 234 172 218 233 154 206 96 1900 262 144 203 159 74 85 160
internal_count=4632 1736 2896 740 996 591 2508 405 388 390 350 358 608 307 98 234 172 218 233 154 206 96 1900 262 144 203 159 74 85 160
is_linear=0
shrinkage=0.05


Tree=17
num_leaves=31
num_cat=0
split_feature=5 3 3 3 3 3 3 3 3 3 3 3 3 3 3 3 3 3 3 3 3 3 3 3 3 4 3 3 3 3
split_gain=1.08592e+10 8.37902e+08 3.64107e+08 1.37555e+08 6.37688e+07 8.24769e+06 6.95046e+06 6.17214e+06 5.32002e+06 4.02245e+06 3.54196e+06 1.91276e+06 1.83317e+06 1.3878e+06 1.37219e+06 1.21926e+06 1.10872e+06 986734 942177 816500 784849 678666 461594 364875 290137 275731 261901 234575 197236 190471
threshold=4106.2500000000009 635.75000000000011 65.500000000000014 476.35000000000008 774.10000000000014 828.80000000000007 24.550000000000004 721.20000000000016 208.65000000000001 590.85000000000014 415.10000000000008 683.00000000000011 864.70000000000016 13.050000000000002 235.90000000000001 808.75000000000011 557.00000000000011 439.85000000000008 744.85000000000002 178.60000000000002 613.20000000000016 37.650000000000013 847.35000000000002 392.90000000000003 886.85000000000002 5155.1500000000005 795.30000000000007 3.7500000000000004 224.30000000000004 700.80000000000007
decision_type=2 2 2 2 2 2 2 2 2 2 2 2 2 2 2 2 2 2 2 2 2 2 2 2 2 2 2 2 2 2
left_child=2 3 6 10 7 15 13 11 19 16 23 -3 22 27 28 26 -5 -12 -9 -4 -11 -8 -7 -2 -14 -16 -6 -1 -10 -13
right_child=1 4 8 9 5 12 21 18 14 20 17 29 24 -15 25 -17 -18 -19 -20 -21 -22 -23 -24 -25 -26 -27 -28 -29 -30 -31
leaf_value=-68.230156483051204 25.965191280480589 95.559689908414271 -30.58010899470403 64.300789348895734 127.79257202148438 141.17908994073738 -61.474145453072452 115.0383306784708 -14.69562903383504 81.972875837846232 38.162086538366367 104.74333089192709 150.21783645984738 -64.566261163313541 -7.1144741088916099 136.54074278874185 75.833602353050594 44.481882289670551 121.10089075159145 -20.692407269747754 87.84533575439454 -56.939830424767415 145.57563524907178 32.111526302761504 157.50724853515626 -0.77644864429127092 132.01440152994792 -66.818542382024958 -11.144429759067648 109.77463245611082
leaf_weight=1409 33 37 26 26 72 146 223 122 92 132 148 24 43 369 78 134 105 106 135 106 100 131 101 90 20 22 75 372 68 87
leaf_count=1409 33 37 26 26 72 146 223 122 92 132 148 24 43 369 78 134 105 106 135 106 100 131 101 90 20 22 75 372 68 87
internal_value=2.85932e-07 98.8801 -59.2734 58.5801 128.822 139.295 -66.2882 113.539 -14.4651 80.549 37.4269 105.405 144.919 -67.3571 -10.3147 133.091 73.5446 40.7995 118.223 -22.64 84.5041 -59.7962 142.977 30.4625 152.532 -5.72011 129.947 -67.9353 -13.1864 108.687
internal_weight=4632 1736 2896 740 996 591 2504 405 392 363 377 148 310 2150 260 281 131 254 257 132 232 354 247 123 63 100 147 1781 160 111
internal_count=4632 1736 2896 740 996 591 2504 405 392 363 377 148 310 2150 260 281 131 254 257 132 232 354 247 123 63 100 147 1781 160 111
is_linear=0
shrinkage=0.05


Tree=18
num_leaves=31
num_cat=0
split_feature=5 3 3 3 3 3 3 3 3 3 3 3 3 3 3 3 3 3 3 3 3 3 3 3 3 3 3 7 3 4
split_gain=9.80043e+09 7.56207e+08 3.28781e+08 1.24143e+08 5.75513e+07 7.82325e+06 7.46308e+06 5.57036e+06 3.64011e+06 3.48746e+06 3.19662e+06 2.01576e+06 1.72626e+06 1.72464e+06 1.64929e+06 901562 890527 850315 813415 688978 685710 645465 563944 329299 296538 211704 187141 178508 175949 173658
threshold=4106.2500000000009 635.75000000000011 164.80000000000004 476.35000000000008 774.10000000000014 28.650000000000002 821.9000000000002 721.20000000000016 588.00000000000011 221.95000000000002 415.10000000000008 853.15000000000009 683.00000000000011 13.050000000000002 55.800000000000004 557.00000000000011 439.85000000000008 744.85000000000002 611.20000000000016 245.25000000000003 799.60000000000014 204.25000000000003 879.05000000000007 392.90000000000003 837.55000000000007 3.7500000000000004 757.60000000000014 3248.2229166666671 707.55000000000007 5087.8500000000013
decision_type=2 2 2 2 2 2 2 2 2 2 2 2 2 2 2 2 2 2 2 2 2 2 2 2 2 2 2 2 2 2
left_child=2 3 5 10 7 13 20 12 15 21 23 24 -3 25 -7 -5 -12 -9 -10 -11 -6 27 -13 -2 -8 -1 -19 -4 -14 -21
right_child=1 4 9 8 6 14 11 17 18 19 16 22 28 -15 -16 -17 -18 26 -20 29 -22 -23 -24 -25 -26 -27 -28 -29 -30 -31
leaf_value=-64.818650095542338 24.66693142977628 90.781705949113189 -24.611507960728236 61.085750286395729 122.12538553873699 -56.24378037396599 132.50542150978151 109.28641452476627 77.308836166731282 -10.061559165794343 36.253983007894981 140.18188531425562 100.37914106580946 -61.086332433759381 -43.24833690502026 71.630302429199219 42.257787107071792 113.35565367002746 83.084753578587595 -5.4194888533651833 127.63628116802577 -14.825245185579574 148.10883219401043 30.505949707031249 136.02935401653423 -63.477615979922717 117.09624303598873 -19.363994952994332 104.63163061523437 0.28673179507255558
leaf_weight=1409 33 37 21 26 96 255 123 122 131 122 148 89 36 454 27 92 106 74 114 40 137 105 30 90 116 372 61 71 75 20
leaf_count=1409 33 37 21 26 96 255 123 122 131 122 148 89 36 454 27 92 106 74 114 40 137 105 30 90 116 372 61 71 75 20
internal_value=-4.2401e-07 93.9361 -56.3098 55.6511 122.381 -62.8471 132.33 107.862 76.5216 -12.8942 35.5556 136.863 100.135 -63.8373 -54.9995 69.3069 38.7595 112.312 79.9964 -7.90415 125.366 -17.5042 142.18 28.9394 134.216 -64.5385 115.046 -20.5618 103.252 -3.51742
internal_weight=4632 1736 2896 740 996 2517 591 405 363 379 377 358 148 2235 282 118 254 257 245 182 233 197 119 123 239 1781 135 92 111 60
internal_count=4632 1736 2896 740 996 2517 591 405 363 379 377 358 148 2235 282 118 254 257 245 182 233 197 119 123 239 1781 135 92 111 60
is_linear=0
shrinkage=0.05


Tree=19
num_leaves=31
num_cat=0
split_feature=3 3 3 3 3 3 3 3 3 3 3 3 3 3 3 3 3 3 3 3 3 3 3 3 3 3 3 3 7 3
split_gain=8.84519e+09 6.73374e+08 3.06709e+08 1.18284e+08 4.54166e+07 7.06048e+06 5.40607e+06 4.34259e+06 3.8667e+06 3.34684e+06 3.03509e+06 1.55648e+06 1.48848e+06 1.1676e+06 1.07302e+06 989945 960783 874119 795089 776650 773244 711224 520129 193410 179501 178106 174730 173079 172366 169620
threshold=365.00000000000006 653.70000000000016 164.80000000000004 544.1500000000002 795.30000000000007 28.650000000000002 736.90000000000009 837.55000000000007 231.60000000000002 432.80000000000007 606.85000000000002 13.050000000000002 55.800000000000004 762.90000000000009 868.70000000000016 206.50000000000003 260.95000000000005 409.95000000000005 817.55000000000007 710.60000000000014 458.20000000000005 583.50000000000011 626.95000000000016 1.7500000000000002 851.95000000000016 886.85000000000002 392.90000000000003 39.750000000000007 3248.2229166666671 692.4000000000002
decision_type=2 2 2 2 2 2 2 2 2 2 2 2 2 2 2 2 2 2 2 2 2 2 2 2 2 2 2 2 2 2
left_child=2 3 5 9 6 11 19 18 15 17 21 23 27 -8 24 28 -10 26 -6 29 -11 -5 -12 -1 -9 -16 -2 -7 -4 -3
right_child=1 4 8 10 7 12 13 14 16 20 22 -13 -14 -15 25 -17 -18 -19 -20 -21 -22 -23 -24 -25 -26 -27 -28 -29 -30 -31
leaf_value=-61.624046896432198 23.529460261418269 91.297643534342455 -23.05904374556108 66.444802238367785 119.99341568485384 -54.401925882479048 107.36310278487534 129.0361853608631 -7.0048598562125806 38.264485193888348 77.103759237436151 -58.032015782831003 -41.085919980649599 114.20218953823824 136.21164512634277 -12.761928526450848 3.7013706257710091 33.343658094263787 125.32757820129396 101.36152648925781 46.368567598783052 72.451468477904342 82.919243784419834 -60.442652501067791 132.20274392152444 142.22645019531251 28.379344693697416 -51.682856633112976 -18.087422134762718 96.694826033308701
leaf_weight=1310 26 24 22 79 124 164 146 105 108 120 104 454 27 109 32 145 26 134 160 136 39 131 61 471 78 20 65 91 84 37
leaf_count=1310 26 24 22 79 124 164 146 105 108 120 104 454 27 109 32 145 26 134 160 136 39 131 61 471 78 20 65 91 84 37
internal_value=4.56392e-07 89.488 -53.3475 54.2052 117.068 -59.7048 105.48 127.159 -11.7855 34.6994 74.1791 -60.6454 -52.2496 110.286 132.187 -15.4467 -4.92753 30.7754 122.999 99.259 40.2523 70.1918 79.2537 -61.3116 130.386 138.525 26.9937 -53.4316 -19.1193 94.5713
internal_weight=4632 1730 2902 759 971 2517 452 519 385 384 375 2235 282 255 235 251 134 225 284 197 159 210 165 1781 183 52 91 255 106 61
internal_count=4632 1730 2902 759 971 2517 452 519 385 384 375 2235 282 255 235 251 134 225 284 197 159 210 165 1781 183 52 91 255 106 61
is_linear=0
shrinkage=0.05


Tree=20
num_leaves=31
num_cat=0
split_feature=5 3 6 3 3 3 3 3 3 3 3 5 3 3 3 3 3 3 3 3 3 3 3 3 3 3 6 3 3 3
split_gain=7.98312e+09 6.15903e+08 2.6773e+08 1.01132e+08 4.69352e+07 5.66477e+06 5.36807e+06 4.90529e+06 3.52497e+06 2.96745e+06 2.61107e+06 1.5214e+06 1.36393e+06 1.08661e+06 822783 791976 769409 751275 610157 581291 578768 453359 360420 339552 257643 216063 215549 214575 203093 175913
threshold=4106.2500000000009 635.75000000000011 984.85000000000002 476.35000000000008 779.15000000000009 828.80000000000007 17.950000000000003 724.35000000000002 214.05000000000004 590.85000000000014 419.75000000000006 7734.2500000000009 864.70000000000016 33.150000000000013 568.1500000000002 813.10000000000002 245.25000000000003 755.20000000000016 195.50000000000003 613.20000000000016 447.55000000000007 6.1500000000000012 401.55000000000007 847.35000000000002 700.80000000000007 45.750000000000007 2565.3500000000008 886.85000000000002 795.30000000000007 740.55000000000007
decision_type=2 2 2 2 2 2 2 2 2 2 2 2 2 2 2 2 2 2 2 2 2 2 2 2 2 2 2 2 2 2
left_child=2 3 6 10 7 15 21 11 18 14 22 -3 23 -8 -5 28 -10 29 26 -11 -12 -1 -2 -7 -13 -15 -4 -14 -6 -9
right_child=1 4 8 9 5 12 13 17 16 19 20 24 27 25 -16 -17 -18 -19 -20 -21 -22 -23 -24 -25 -26 -27 -28 -29 -30 -31
leaf_value=-58.440083189755775 23.97210245940645 80.453647376751078 -24.193067907517957 56.964233789688507 109.81433186848959 121.05262275591288 -54.059411696136976 98.439365521599271 -9.8281467610449535 70.285097203110212 33.860310093360617 89.196595382690433 128.84637082122092 -50.701352749351699 65.630300107209578 117.64032228802324 -3.1944405966624618 105.80397281422334 -14.92354153342869 75.338964355468747 39.40589863791395 -56.599937079725287 28.968172561481438 124.82342940226641 94.351148986816412 -47.216099011058539 -18.749720400029965 135.11512207031251 113.49394677734375 101.64680239655252
leaf_weight=1523 59 29 31 39 60 146 366 85 161 132 158 32 43 119 92 109 60 85 92 100 67 429 93 101 100 71 44 20 100 86
leaf_count=1523 59 29 31 39 60 146 366 85 161 132 158 32 43 119 92 109 60 85 92 100 67 429 93 101 100 71 44 20 100 86
internal_value=2.36874e-07 84.7806 -50.8215 50.2292 110.451 119.663 -56.8011 97.6616 -12.1699 69.0665 32.0916 90.8234 124.27 -52.4668 63.0503 114.353 -8.02714 101.962 -17.6523 72.4635 35.5117 -58.0357 27.0289 122.595 93.1016 -49.399 -20.9996 130.836 112.114 100.052
internal_weight=4632 1736 2896 740 996 579 2508 417 388 363 377 161 310 556 131 269 221 256 167 232 225 1952 152 247 132 190 75 63 160 171
internal_count=4632 1736 2896 740 996 579 2508 417 388 363 377 161 310 556 131 269 221 256 167 232 225 1952 152 247 132 190 75 63 160 171
is_linear=0
shrinkage=0.05


Tree=21
num_leaves=31
num_cat=0
split_feature=3 3 3 3 3 3 3 3 3 3 3 3 3 3 3 3 3 3 3 3 3 3 3 3 6 3 3 3 7 3
split_gain=7.2048e+09 5.48423e+08 2.49909e+08 9.63919e+07 3.69974e+07 5.78963e+06 4.15288e+06 3.80852e+06 3.16797e+06 2.73926e+06 2.49859e+06 1.32714e+06 1.1769e+06 978626 930973 812433 771675 693204 643336 623120 572768 534804 413816 190645 175784 173604 159228 143590 142340 132353
threshold=365.00000000000006 653.70000000000016 164.80000000000004 544.1500000000002 788.75000000000011 29.250000000000004 836.1500000000002 734.15000000000009 224.30000000000004 430.15000000000003 600.75000000000011 13.050000000000002 55.800000000000004 260.95000000000005 868.70000000000016 813.10000000000002 762.90000000000009 454.2000000000001 405.9500000000001 623.25000000000011 700.80000000000007 204.25000000000003 576.10000000000014 240.75000000000003 5280.8000000000011 847.35000000000002 1.7500000000000002 886.85000000000002 3248.2229166666671 721.20000000000016
decision_type=2 2 2 2 2 2 2 2 2 2 2 2 2 2 2 2 2 2 2 2 2 2 2 2 2 2 2 2 2 2
left_child=2 3 5 9 7 11 15 20 21 18 22 26 -7 23 25 -6 -9 -11 -2 -12 -3 28 -5 -10 -19 -8 -1 -16 -4 -22
right_child=1 4 8 10 6 12 14 16 13 17 19 -13 -14 -15 27 -17 -18 24 -20 -21 29 -23 -24 -25 -26 -27 -28 -29 -30 -31
leaf_value=-55.620841385936018 23.901029718839208 83.595557149251306 -21.228510974702381 58.807279363668194 107.2287590765184 -48.058148748224433 115.79215175083705 96.709872359263755 -8.5678804852861035 33.913862851460777 68.620978569261965 -52.342779717455585 -37.052222527398008 3.31032085281152 122.95874786376953 112.54452400430601 102.61803452435662 38.335885823567708 29.612620760789561 74.377823503050081 89.365062143610828 -12.53603016909431 64.132864145132217 -4.8400805263607589 44.22011496803978 118.79912567138672 -54.548914695140411 128.35937255859378 -16.542661027505364 92.388311275359129
leaf_weight=1310 78 36 21 53 124 242 84 158 94 120 132 467 27 26 32 171 85 30 134 73 87 119 117 54 22 112 471 20 71 62
leaf_count=1310 78 36 21 53 124 242 84 158 94 120 132 467 27 26 32 171 85 30 134 73 87 119 117 54 22 112 471 20 71 62
internal_value=1.32584e-07 80.7649 -48.1472 48.9234 105.654 -53.8857 114.319 94.6611 -10.6306 31.315 66.9543 -54.7153 -46.9535 -5.63607 119.088 110.31 98.7765 36.0034 27.5112 70.671 89.2555 -14.7494 62.4725 -7.20774 40.8254 117.51 -55.3374 125.036 -17.6123 90.6231
internal_weight=4632 1730 2902 759 971 2517 543 428 385 384 375 2248 269 174 248 295 243 172 212 205 185 211 170 148 52 196 1781 52 92 149
internal_count=4632 1730 2902 759 971 2517 543 428 385 384 375 2248 269 174 248 295 243 172 212 205 185 211 170 148 52 196 1781 52 92 149
is_linear=0
shrinkage=0.05


Tree=22
num_leaves=31
num_cat=0
split_feature=6 3 3 3 3 3 3 3 3 3 3 3 3 3 3 3 5 3 3 3 3 3 3 3 3 6 3 3 0 3
split_gain=6.50287e+09 4.99364e+08 2.20515e+08 8.17947e+07 3.82572e+07 4.99491e+06 4.22418e+06 3.71265e+06 3.29572e+06 2.41502e+06 1.9934e+06 1.35479e+06 977122 821918 810239 799840 755953 574104 448555 421310 419704 360011 352818 297163 265628 224718 178836 178485 177756 138302
threshold=4194.3500000000013 635.75000000000011 65.500000000000014 476.35000000000008 774.10000000000014 821.9000000000002 24.550000000000004 713.1500000000002 212.45000000000002 596.20000000000016 421.35000000000008 858.1500000000002 740.55000000000007 245.25000000000003 10.250000000000002 568.1500000000002 7734.2500000000009 186.30000000000004 799.60000000000014 447.55000000000007 42.900000000000006 401.55000000000007 620.55000000000007 879.05000000000007 840.35000000000002 2565.3500000000008 755.20000000000016 231.60000000000002 7.5000000000000009 29.250000000000004
decision_type=2 2 2 2 2 2 2 2 2 2 2 2 2 2 2 2 2 2 2 2 2 2 2 2 2 2 2 2 2 2
left_child=2 3 6 10 7 18 14 16 17 15 21 24 -9 27 -1 -5 -3 25 -6 -12 29 -2 -11 -13 -7 -4 -14 -10 -15 -8
right_child=1 4 8 9 5 11 20 12 13 22 19 23 26 28 -16 -17 -18 -19 -20 -21 -22 -23 -24 -25 -26 -27 -28 -29 -30 -31
leaf_value=-52.636943395490484 21.771915284518542 72.600824816473605 -25.569026069641115 51.456497583633819 99.478800710042321 108.23560176512011 -48.665852106833945 87.628644005027979 -10.358144619779766 64.553963033741923 30.780383978949654 114.71144446170693 91.728969201376287 -5.521264773148757 -50.270077494745671 59.715888046006029 82.221527011152631 -14.889948701050322 103.93597857621465 35.629987206092252 -43.024040396002277 26.655694410536025 69.086381355660862 120.71308837890625 111.44371571416441 -18.073728713989258 95.093967218268403 -7.076152477895512 -0.095764337066147065 -46.324582805741308
leaf_weight=1690 58 29 20 39 96 147 98 148 106 145 144 66 86 26 460 118 69 118 137 65 79 108 61 30 115 20 73 68 36 177
leaf_count=1690 58 29 20 39 96 147 98 148 106 145 144 66 86 26 460 118 69 118 137 65 79 108 61 30 115 20 73 68 36 177
internal_value=-2.1413e-08 76.5884 -45.8262 45.417 99.6852 107.797 -51.2972 87.8477 -11.0559 62.3357 29.0398 111.506 90.5524 -7.31416 -52.1305 57.6642 79.3746 -16.6447 102.1 32.2886 -46.2362 24.9493 65.8961 116.587 109.644 -21.8214 93.2739 -9.07553 -2.37097 -47.1589
internal_weight=4632 1734 2898 738 996 591 2504 405 394 363 375 358 307 236 2150 157 98 158 233 209 354 166 206 96 262 40 159 174 62 275
internal_count=4632 1734 2898 738 996 591 2504 405 394 363 375 358 307 236 2150 157 98 158 233 209 354 166 206 96 262 40 159 174 62 275
is_linear=0
shrinkage=0.05


Tree=23
num_leaves=31
num_cat=0
split_feature=5 3 3 3 3 3 3 3 3 3 3 3 5 3 3 3 3 3 3 3 3 3 3 3 3 3 3 7 3 7
split_gain=5.86905e+09 4.52677e+08 1.9682e+08 7.43085e+07 3.45271e+07 4.69412e+06 4.51112e+06 3.36406e+06 2.19913e+06 2.09103e+06 1.92945e+06 1.03738e+06 1.03733e+06 1.01047e+06 974071 672456 560651 536220 519003 502170 440162 344023 244656 178748 160488 159328 137322 135258 133232 126574
threshold=4106.2500000000009 635.75000000000011 164.80000000000004 476.35000000000008 774.10000000000014 28.650000000000002 828.80000000000007 721.20000000000016 588.00000000000011 224.30000000000004 415.10000000000008 13.050000000000002 7734.2500000000009 864.70000000000016 55.800000000000004 808.75000000000011 439.85000000000008 557.00000000000011 746.15000000000009 611.20000000000016 204.25000000000003 250.20000000000002 847.35000000000002 392.90000000000003 700.80000000000007 886.85000000000002 1.7500000000000002 3334.8958333333335 795.30000000000007 3248.2229166666671
decision_type=2 2 2 2 2 2 2 2 2 2 2 2 2 2 2 2 2 2 2 2 2 2 2 2 2 2 2 2 2 2
left_child=2 3 5 10 7 11 15 12 17 20 23 26 -3 22 -7 28 -12 -5 -9 -10 29 27 -8 -2 -14 -15 -1 -11 -6 -4
right_child=1 4 9 8 6 14 13 18 19 21 16 -13 24 25 -16 -17 -18 -19 -20 -21 -22 -23 -24 -25 -26 -27 -28 -29 -30 -31
leaf_value=-50.207951529699429 19.236677273837003 68.970783312567349 -19.305721609933038 47.270985177847059 93.947577752007376 -43.511210889629297 103.8159259116813 84.760656738281256 59.808112177958016 -8.3203657362040353 28.025771012177337 -47.26726334357577 76.489120101928719 110.50395834279617 -33.524143699363428 100.38104908501924 32.789525992915316 55.403071561067001 89.258625508130081 64.346382970977245 -11.290403206709053 -2.1918969977409284 107.01673082408338 23.538622597588436 80.630357343301 115.90574707031251 -49.212486361039929 -4.6637149755325584 96.958753255208336 -14.886997899874835
leaf_weight=1310 33 29 21 26 72 255 146 134 131 85 148 454 32 43 27 134 106 92 123 114 119 47 101 90 87 20 471 36 75 71
leaf_count=1310 33 29 21 26 72 255 146 134 131 85 148 454 32 43 27 134 106 92 123 114 119 47 101 90 87 20 471 36 75 71
internal_value=3.10737e-07 72.6932 -43.5758 43.072 94.701 -48.6338 102.407 83.4553 59.2189 -9.98443 27.5246 -49.4008 77.4503 106.566 -42.555 97.8192 30.0138 53.6113 86.9134 61.9198 -13.2984 -5.82229 105.125 22.3844 79.5167 112.219 -49.9447 -7.23244 95.4839 -15.8956
internal_weight=4632 1736 2896 740 996 2517 591 405 363 379 377 2235 148 310 282 281 254 118 257 245 211 168 247 123 119 63 1781 121 147 92
internal_count=4632 1736 2896 740 996 2517 591 405 363 379 377 2235 148 310 282 281 254 118 257 245 211 168 247 123 119 63 1781 121 147 92
is_linear=0
shrinkage=0.05


Tree=24
num_leaves=31
num_cat=0
split_feature=6 3 5 3 3 3 3 3 3 3 3 3 3 3 3 3 3 3 3 3 3 3 3 3 3 5 3 3 7 3
split_gain=5.29688e+09 4.06673e+08 1.79653e+08 6.66531e+07 3.11679e+07 3.80475e+06 3.49031e+06 3.29363e+06 2.62214e+06 2.10005e+06 1.42952e+06 1.07456e+06 779384 772455 736363 658447 532551 517007 451304 365822 302988 297480 226612 204184 173394 169812 136238 133817 120006 112445
threshold=4194.3500000000013 635.75000000000011 884.50000000000011 544.1500000000002 779.15000000000009 833.30000000000007 24.550000000000004 727.55000000000007 208.65000000000001 430.15000000000003 596.20000000000016 683.00000000000011 235.90000000000001 868.70000000000016 813.10000000000002 10.250000000000002 454.2000000000001 409.95000000000005 755.20000000000016 37.650000000000013 186.30000000000004 620.55000000000007 573.00000000000011 260.95000000000005 847.35000000000002 5050.2500000000009 797.25000000000011 710.60000000000014 3305.8562500000012 392.90000000000003
decision_type=2 2 2 2 2 2 2 2 2 2 2 2 2 2 2 2 2 2 2 2 2 2 2 2 2 2 2 2 2 2
left_child=2 3 6 9 7 14 15 11 20 17 22 -3 -10 24 26 -1 -11 29 -9 -8 -4 -12 -5 -14 -7 -18 -6 -13 -15 -2
right_child=1 4 8 10 5 13 19 18 12 16 21 27 23 28 -16 -17 25 -19 -20 -21 -22 -23 -24 -25 -26 -27 -28 -29 -30 -31
leaf_value=-47.507910121899648 18.326966112852098 66.711353528821789 -19.398092054709409 49.737163758889224 89.68780754937066 99.053528391986816 -42.960122268264364 81.713033270685926 -9.2184440874308358 29.054634389156053 58.252919690362347 74.23182970942284 -4.7986865708231923 104.32796398344495 96.211471432202487 -45.373969441289489 31.978126459536345 25.652900847127615 86.226307516659006 -39.659499918619794 -14.139228818727577 62.414744392770245 54.200558384486612 0.64037650064988583 101.85483643668039 37.776365770612443 92.62053229592064 77.498742956402666 109.22330223821825 21.947682917668271
leaf_weight=1688 32 37 39 39 72 109 222 159 160 119 145 49 80 21 146 460 23 121 85 135 92 61 105 22 112 28 88 87 31 65
leaf_count=1688 32 37 39 39 72 109 222 159 160 119 145 49 80 21 146 460 23 121 85 135 92 61 105 22 112 28 88 87 31 65
internal_value=-2.0797e-07 69.1226 -41.3591 40.9927 89.9659 97.4722 -46.29 79.5436 -9.92899 26.7211 56.8137 74.2663 -7.04106 101.763 93.6438 -47.0509 30.8867 23.4728 83.2853 -41.712 -15.7048 59.4853 52.9917 -3.62556 100.473 35.1615 91.3008 76.3217 107.246 20.7532
internal_weight=4632 1734 2898 738 996 579 2505 417 393 388 350 173 262 273 306 2148 170 218 244 357 131 206 144 102 221 51 160 136 52 97
internal_count=4632 1734 2898 738 996 579 2505 417 393 388 350 173 262 273 306 2148 170 218 244 357 131 206 144 102 221 51 160 136 52 97
is_linear=0
shrinkage=0.05


Tree=25
num_leaves=31
num_cat=0
split_feature=3 3 3 3 3 3 3 3 3 3 3 3 3 3 3 3 3 3 3 6 3 3 3 3 3 7 3 3 3 3
split_gain=4.78061e+09 3.63732e+08 1.6583e+08 6.39325e+07 2.45845e+07 3.84196e+06 2.98616e+06 2.38056e+06 2.0923e+06 1.85559e+06 1.68391e+06 892574 784109 694208 597737 523246 487966 477449 455023 426050 389183 376771 300137 129764 126102 118942 111532 106237 93537.1 92166
threshold=365.00000000000006 653.70000000000016 164.80000000000004 544.1500000000002 795.30000000000007 29.250000000000004 734.15000000000009 837.55000000000007 231.60000000000002 432.80000000000007 606.85000000000002 13.550000000000002 55.800000000000004 762.90000000000009 872.35000000000002 206.50000000000003 409.95000000000005 260.95000000000005 819.00000000000011 5512.6000000000013 576.10000000000014 700.80000000000007 629.15000000000009 851.95000000000016 3.7500000000000004 3248.2229166666671 447.55000000000007 392.90000000000003 596.20000000000016 42.900000000000006
decision_type=2 2 2 2 2 2 2 2 2 2 2 2 2 2 2 2 2 2 2 2 2 2 2 2 2 2 2 2 2 2
left_child=2 3 5 9 6 11 21 18 15 16 20 24 29 -8 23 25 27 -10 -6 26 -5 -3 -12 -9 -1 -4 -11 -2 -22 -7
right_child=1 4 8 10 7 12 13 14 17 19 22 -13 -14 -15 -16 -17 -18 -19 -20 -21 28 -23 -24 -25 -26 -27 -28 -29 -30 -31
leaf_value=-45.288239281290892 17.068618840437669 68.060626220703128 -17.294671249389648 47.86748225374042 88.315240299000465 -39.73992659574175 78.798793049100084 94.856229771205363 -5.0783762759632545 27.281256188286676 56.936003560033342 -42.578280524359812 -30.165130219636143 83.98594237161339 102.6913355385385 -9.3999952776678679 24.51423855681918 2.4688481550950274 92.321561411264781 36.286697460356216 51.783418525444283 73.760303512675648 61.60308152802137 97.451351620106223 -44.271298413901832 -13.16476962452843 30.1268356554436 20.850298567551832 54.25582016453599 -37.538421419583834
leaf_weight=1409 26 36 22 53 136 177 158 105 108 72 116 450 27 109 41 145 134 26 148 21 91 149 49 89 389 84 66 65 66 65
leaf_count=1409 26 36 22 53 136 177 158 105 108 72 116 450 27 109 41 145 134 26 148 21 91 149 49 89 389 84 66 65 66 65
internal_value=-1.54931e-08 65.789 -39.2195 39.8576 86.0587 -43.894 77.5335 93.4834 -8.65869 25.5172 54.5421 -44.5698 -38.2469 80.9164 97.206 -11.3519 22.5954 -3.61399 90.403 29.6518 51.5722 72.6512 58.322 96.0468 -45.0682 -14.0219 28.6422 19.7698 52.8228 -39.1486
internal_weight=4632 1730 2902 759 971 2517 452 519 385 384 375 2248 269 267 235 251 225 134 284 159 210 185 165 194 1798 106 138 91 157 242
internal_count=4632 1730 2902 759 971 2517 452 519 385 384 375 2248 269 267 235 251 225 134 284 159 210 185 165 194 1798 106 138 91 157 242
is_linear=0
shrinkage=0.05


Tree=26
num_leaves=31
num_cat=0
split_feature=5 3 3 3 3 3 3 3 3 3 3 3 3 3 6 3 3 3 3 3 3 3 6 3 3 1 3 3 3 3
split_gain=4.31483e+09 3.32663e+08 1.44716e+08 5.47029e+07 2.54255e+07 3.34854e+06 2.8128e+06 2.4968e+06 2.08294e+06 1.60677e+06 1.43375e+06 911538 665724 542538 512674 418198 394338 382226 375696 295312 293046 288539 216065 208156 207018 188382 172810 111651 102323 99233.9
threshold=4106.2500000000009 635.75000000000011 65.500000000000014 476.35000000000008 774.10000000000014 821.9000000000002 24.550000000000004 713.1500000000002 214.05000000000004 588.00000000000011 421.35000000000008 858.1500000000002 742.80000000000007 6.1500000000000012 7687.7500000000009 195.50000000000003 240.75000000000003 613.20000000000016 568.1500000000002 801.55000000000007 447.55000000000007 45.750000000000007 2565.3500000000008 886.85000000000002 401.55000000000007 1.5000000000000002 840.35000000000002 732.25000000000011 15.550000000000002 757.60000000000014
decision_type=2 2 2 2 2 2 2 2 2 2 2 2 2 2 2 2 2 2 2 2 2 2 2 2 2 2 2 2 2 2
left_child=2 3 6 10 7 19 13 14 15 18 24 26 27 -1 -3 22 -10 -11 -5 -6 -12 -8 -4 -13 -2 -18 -7 -9 -15 -14
right_child=1 4 8 9 5 11 21 12 16 17 20 23 29 28 -16 -17 25 -19 -20 -21 -22 -23 -24 -25 -26 -27 -28 -29 -30 -31
leaf_value=-42.975093534473359 17.742622407816224 58.878532409667969 -18.857725110735213 41.98173178648338 81.228347665292247 88.181828837492034 -38.338924619886612 70.508308288574227 -7.4065595292720658 51.458984417093212 25.060754590564304 93.818489797491793 75.098182926621561 -41.793980142533613 66.883796386718743 -10.966221235109414 0.9472815722227097 55.477160827636716 47.979416202593455 84.797963427734373 29.063520243630478 -34.67365644050367 -13.59372670433738 99.551439514160165 21.431634143579785 -4.5721239618383924 90.769429241677997 73.236569824218748 -40.507268209042763 77.734785436411372
leaf_weight=1523 59 28 35 39 108 147 288 100 147 145 144 76 86 351 70 92 22 100 79 125 67 66 44 20 107 52 115 60 276 61
leaf_count=1523 59 28 35 39 108 147 288 100 147 145 144 76 86 351 70 92 22 100 79 125 67 66 44 20 107 52 115 60 276 61
internal_value=1.10305e-07 62.3292 -37.3631 36.9364 81.1954 87.8086 -41.7855 71.5451 -9.11406 50.7904 23.5968 90.8448 73.7632 -42.4655 64.5966 -13.2575 -5.90803 53.0991 45.9971 83.1434 26.3318 -37.6556 -15.9259 95.0129 20.1205 -2.93122 89.3176 71.5314 -41.2276 76.1923
internal_weight=4632 1736 2896 740 996 591 2504 405 392 363 377 358 307 2150 98 171 221 245 118 233 211 354 79 96 166 74 262 160 627 147
internal_count=4632 1736 2896 740 996 591 2504 405 392 363 377 358 307 2150 98 171 221 245 118 233 211 354 79 96 166 74 262 160 627 147
is_linear=0
shrinkage=0.05


Tree=27
num_leaves=31
num_cat=0
split_feature=6 3 3 3 3 3 3 3 3 3 3 3 3 3 3 3 3 3 3 6 3 3 3 7 3 3 7 3 7 7
split_gain=3.89428e+09 2.98856e+08 1.32112e+08 5.27844e+07 2.00574e+07 3.13704e+06 2.62468e+06 1.77336e+06 1.54908e+06 1.49695e+06 1.37553e+06 721304 617273 578568 551278 482344 316944 316635 296486 285894 281778 276226 248305 120535 113093 106598 106429 103220 100873 92366.2
threshold=4194.3500000000013 653.70000000000016 164.80000000000004 544.1500000000002 782.6500000000002 29.250000000000004 833.30000000000007 732.25000000000011 439.85000000000008 224.30000000000004 606.85000000000002 13.550000000000002 55.800000000000004 864.70000000000016 409.95000000000005 813.10000000000002 755.20000000000016 583.50000000000011 250.20000000000002 5395.9000000000005 700.80000000000007 204.25000000000003 629.15000000000009 3339.7770833333338 886.85000000000002 1.7500000000000002 3337.6979166666665 847.35000000000002 3248.2229166666671 3336.1166666666672
decision_type=2 2 2 2 2 2 2 2 2 2 2 2 2 2 2 2 2 2 2 2 2 2 2 2 2 2 2 2 2 2
left_child=2 3 5 8 7 11 15 20 14 21 17 25 -7 27 -2 -6 -9 -5 23 -10 -3 28 -12 -11 -15 -1 -17 -8 -4 -29
right_child=1 4 9 10 6 12 13 16 19 18 22 -13 -14 24 -16 26 -18 -19 -20 -21 -22 -23 -24 -25 -26 -27 -28 29 -30 -31
leaf_value=-40.910064846359141 17.826809762925219 61.391233147515187 -15.938663373674666 44.044585293154171 78.445255506360866 -35.313615442701611 84.937342988460443 70.446657641965956 26.508656051311092 -6.8474183880049608 51.384623481487409 -38.436748138427738 -27.342937186912252 90.022856530477839 22.530940531588151 81.823718157385144 74.199227496274972 48.0524233519576 -1.2508277637009719 32.727898307468585 66.362129556697653 -9.2462147608524621 55.62962690080915 -3.3365029946626983 94.573870239257815 -40.044312076881283 85.207365891029099 86.07885368688784 -11.993977409685163 89.278561939912692
leaf_weight=1310 97 36 21 79 148 242 109 134 94 87 116 450 27 43 174 117 97 131 49 23 137 119 49 34 20 488 29 67 71 34
leaf_count=1310 97 36 21 79 148 242 109 134 94 87 116 450 27 43 174 117 97 131 49 23 137 119 49 34 20 488 29 67 71 34
internal_value=1.91216e-07 59.2685 -35.4629 35.8519 77.6689 -39.6164 83.7349 69.1556 22.923 -8.02373 49.229 -40.227 -34.5136 87.2651 20.8472 80.4568 72.0224 46.5447 -4.5321 27.7312 65.3277 -10.8369 52.6453 -5.86088 91.4676 -40.6751 82.4958 86.0044 -12.8944 87.156
internal_weight=4632 1734 2898 763 971 2517 567 404 388 381 375 2248 269 273 271 294 231 210 170 117 173 211 165 121 63 1798 146 210 92 101
internal_count=4632 1734 2898 763 971 2517 567 404 388 381 375 2248 269 273 271 294 231 210 170 117 173 211 165 121 63 1798 146 210 92 101
is_linear=0
shrinkage=0.05


Tree=28
num_leaves=31
num_cat=0
split_feature=5 3 5 3 3 3 3 3 3 3 3 3 5 3 3 3 3 3 3 3 3 3 3 5 3 3 4 3 3 7
split_gain=3.51463e+09 2.70944e+08 1.17995e+08 4.46041e+07 2.07268e+07 2.73625e+06 2.3046e+06 2.05001e+06 1.64212e+06 1.31063e+06 1.18533e+06 745574 645080 442365 342032 320245 319879 309978 275189 273546 250693 244289 196598 158244 146067 115732 115397 87316.6 85845.1 85582.9
threshold=4106.2500000000009 635.75000000000011 884.50000000000011 476.35000000000008 774.10000000000014 821.9000000000002 24.550000000000004 721.20000000000016 214.05000000000004 590.85000000000014 419.75000000000006 855.10000000000002 7734.2500000000009 6.1500000000000012 568.1500000000002 245.25000000000003 744.85000000000002 195.50000000000003 613.20000000000016 445.00000000000006 35.000000000000007 801.55000000000007 879.05000000000007 2377.1500000000005 392.90000000000003 840.35000000000002 5087.8500000000013 707.55000000000007 231.60000000000002 3337.6979166666665
decision_type=2 2 2 2 2 2 2 2 2 2 2 2 2 2 2 2 2 2 2 2 2 2 2 2 2 2 2 2 2 2
left_child=2 3 6 10 7 21 13 12 17 14 24 25 -3 -1 -5 28 -9 23 -11 -12 -8 -6 -13 -4 -2 -7 -17 -14 -10 -15
right_child=1 4 8 9 5 11 20 16 15 18 19 22 27 29 -16 26 -18 -19 -20 -21 -22 -23 -24 -25 -26 -27 -28 -29 -30 -31
leaf_value=-38.787372083996253 14.937141343319055 53.192236433358033 -17.671193280427353 37.924841582469455 73.291845929181136 79.595173904522753 -35.196039585211338 65.410645932056866 -7.482567682061144 46.605827978885543 22.300932206778693 84.14403217022236 59.740361022949223 -37.587034689786748 43.51228408813477 -3.7660772289708255 68.943147469979749 -9.9039093436106409 50.083130920410156 25.942992038726807 -32.534701142487705 76.538480029296878 88.906844278971363 -12.732231625643644 18.696700459969147 81.780866011832529 0.88546880245208737 62.546020751953122 -5.1451046963824947 -36.306178671347134
leaf_weight=1521 33 29 23 39 108 147 195 122 93 132 145 78 44 442 92 40 135 92 100 80 162 125 30 55 119 103 20 75 68 185
leaf_count=1521 33 29 23 39 108 147 195 122 93 132 145 78 44 442 92 40 135 92 100 80 162 125 30 55 119 103 20 75 68 185
internal_value=-5.01315e-08 56.2535 -33.721 33.337 73.2798 79.2507 -37.7084 64.5667 -8.17532 45.8471 21.2915 81.9954 59.8791 -38.3267 41.8488 -5.33339 67.2662 -11.8698 48.1047 23.5959 -33.9884 75.0336 85.467 -14.1886 17.8805 80.4957 -2.21556 61.5086 -6.49532 -37.2091
internal_weight=4632 1736 2896 740 996 591 2505 405 391 363 377 358 148 2148 131 221 257 170 232 225 357 233 108 78 152 250 60 119 161 627
internal_count=4632 1736 2896 740 996 591 2505 405 391 363 377 358 148 2148 131 221 257 170 232 225 357 233 108 78 152 250 60 119 161 627
is_linear=0
shrinkage=0.05


Tree=29
num_leaves=31
num_cat=0
split_feature=3 3 3 5 3 3 3 3 3 3 3 3 3 3 3 3 3 3 3 6 3 3 3 7 3 7 7 7 3 3
split_gain=3.17206e+09 2.41219e+08 1.10067e+08 4.24699e+07 1.63854e+07 2.56039e+06 1.98421e+06 1.58315e+06 1.37968e+06 1.21958e+06 1.0841e+06 598021 511968 431747 389313 363836 335234 334602 303351 290346 268999 222975 139288 119820 98790.2 93622.3 89460.5 86269.9 85902.9 85235.4
threshold=365.00000000000006 653.70000000000016 164.80000000000004 6446.3500000000013 795.30000000000007 29.250000000000004 740.55000000000007 836.1500000000002 224.30000000000004 432.80000000000007 600.75000000000011 13.550000000000002 55.800000000000004 872.35000000000002 260.95000000000005 713.1500000000002 405.9500000000001 762.90000000000009 620.55000000000007 5512.6000000000013 817.55000000000007 206.50000000000003 576.10000000000014 3276.6041666666665 851.95000000000016 3248.2229166666671 3328.2458333333338 3304.7541666666675 1.7500000000000002 692.4000000000002
decision_type=2 2 2 2 2 2 2 2 2 2 2 2 2 2 2 2 2 2 2 2 2 2 2 2 2 2 2 2 2 2
left_child=2 3 5 9 6 11 15 20 21 16 22 28 -7 24 26 29 23 -8 -12 -11 -6 25 -5 -2 -9 -4 -10 -22 -1 -3
right_child=1 4 8 10 7 12 17 13 14 19 18 -13 -14 -15 -16 -17 -18 -19 -20 -21 27 -23 -24 -25 -26 -27 -28 -29 -30 -31
leaf_value=-36.926000163536948 13.046346169930917 54.419925181070965 -14.288591384887695 39.5033379390322 71.801178667622239 -31.874004263129116 64.57833557128906 77.167715040303904 -5.7312805165184875 23.304530588785809 45.24738953153966 -34.676964599609377 -24.614986956561054 83.732425298923403 1.889575392466325 61.174639026538756 19.79504326800911 68.39028527496059 49.165173627068015 29.75070625305176 73.839384518393999 -8.1341902242388056 42.508635598887565 17.165565182882197 79.374073500043892 -10.624540109293802 -3.2131330810744192 76.268735279756442 -36.148817178069571 58.056878537547838
leaf_weight=1310 27 24 22 58 124 242 122 118 90 138 118 450 27 41 26 148 147 109 85 20 79 105 115 51 89 84 58 68 488 49
leaf_count=1310 27 24 22 58 124 242 122 118 90 138 118 450 27 41 26 148 147 109 85 20 79 105 115 51 89 84 58 68 488 49
internal_value=-2.29295e-07 53.5898 -31.9471 32.4724 70.0967 -35.7554 63.1367 76.1581 -7.04922 20.7535 44.4094 -36.3071 -31.1454 79.0448 -3.75315 59.7498 18.3892 66.377 46.8878 24.1205 73.5164 -9.7673 41.5011 15.7397 78.1163 -11.385 -4.74444 74.9632 -36.7151 56.8612
internal_weight=4632 1730 2902 759 971 2517 452 519 385 383 376 2248 269 248 174 221 225 231 203 158 271 211 173 78 207 106 148 147 1798 73
internal_count=4632 1730 2902 759 971 2517 452 519 385 383 376 2248 269 248 174 221 225 231 203 158 271 211 173 78 207 106 148 147 1798 73
is_linear=0
shrinkage=0.05


Tree=30
num_leaves=31
num_cat=0
split_feature=6 3 5 3 3 3 3 3 3 3 3 6 3 3 3 3 3 3 3 3 3 3 3 6 3 7 7 7 3 7
split_gain=2.86309e+09 2.19645e+08 9.71455e+07 3.60698e+07 1.68921e+07 2.2361e+06 1.89905e+06 1.67701e+06 1.39184e+06 1.08067e+06 875011 561654 557739 453027 361088 339570 260828 239288 225440 184440 174118 170778 150427 145422 127350 111307 99670.9 94216 84574.4 81287
threshold=4194.3500000000013 635.75000000000011 884.50000000000011 476.35000000000008 774.10000000000014 825.80000000000007 16.450000000000003 724.35000000000002 221.95000000000002 596.20000000000016 422.7000000000001 7687.7500000000009 864.70000000000016 33.150000000000013 195.50000000000003 568.1500000000002 804.20000000000016 250.20000000000002 748.80000000000007 403.25000000000006 447.55000000000007 620.55000000000007 842.95000000000016 2565.3500000000008 3.7500000000000004 3336.1166666666672 3339.7770833333338 3305.8562500000012 710.60000000000014 3300.2250000000004
decision_type=2 2 2 2 2 2 2 2 2 2 2 2 2 2 2 2 2 2 2 2 2 2 2 2 2 2 2 2 2 2
left_child=2 3 6 10 7 16 24 11 14 15 19 -3 22 29 23 -5 -6 26 -9 -2 -12 -11 -7 -4 -1 -24 -10 -14 -13 -8
right_child=1 4 8 9 5 12 13 18 17 21 20 28 27 -15 -16 -17 -18 -19 -20 -21 -22 -23 25 -25 -26 -27 -28 -29 -30 -31
leaf_value=-35.053462234410375 14.763601888065608 47.874163164411272 -15.236475226458381 34.211308366824419 66.332764100634364 72.158378798296667 -33.194951242846109 59.496474921434448 -6.0450542615384473 42.828960760708519 20.528809828430642 54.231739859745431 76.079239501953126 -29.567533713043055 -8.4834776619065355 39.592907895880231 69.523947457706228 -1.1310696544695875 62.548532571878525 18.044430022769504 23.694201613206133 45.982295702324542 73.508212890625003 -10.882689931175925 -34.117584711191604 76.734477038261218 -2.9992130310148806 80.031455913342938 56.774295898437508 -31.799864016377867
leaf_weight=1408 71 28 34 39 121 147 215 133 98 145 131 58 25 189 131 118 136 49 111 108 65 61 85 44 490 39 37 38 75 203
leaf_count=1408 71 28 34 39 121 147 215 133 98 145 131 58 25 189 131 118 136 49 111 108 65 61 85 44 490 39 37 38 75 203
internal_value=3.04441e-09 50.8192 -30.4073 30.146 66.1373 71.5276 -34.0333 58.2714 -7.29522 41.3811 19.2704 54.3105 74.2255 -31.5989 -10.0871 38.2561 68.0215 -4.12396 60.8849 16.7431 21.5786 43.7627 73.2403 -12.7805 -34.8119 74.5229 -5.21027 78.4631 55.6655 -32.5174
internal_weight=4632 1734 2898 738 996 591 2505 405 393 363 375 161 334 607 209 157 257 184 244 179 196 206 271 78 1898 124 135 63 133 418
internal_count=4632 1734 2898 738 996 591 2505 405 393 363 375 161 334 607 209 157 257 184 244 179 196 206 271 78 1898 124 135 63 133 418
is_linear=0
shrinkage=0.05


Tree=31
num_leaves=31
num_cat=0
split_feature=6 3 3 3 3 3 3 3 3 3 3 5 3 3 3 3 3 3 3 3 3 3 3 3 7 7 7 7 3 3
split_gain=2.58394e+09 1.9823e+08 8.76879e+07 3.2553e+07 1.52524e+07 2.09722e+06 1.88145e+06 1.63888e+06 980041 973366 789698 541347 457554 451003 438595 265343 237998 224783 224237 192238 182323 167158 157141 105772 100454 96105.7 95260.1 91863.8 85529.1 84778.9
threshold=4194.3500000000013 635.75000000000011 164.80000000000004 476.35000000000008 779.15000000000009 27.850000000000005 828.80000000000007 727.55000000000007 588.00000000000011 224.30000000000004 422.7000000000001 7734.2500000000009 864.70000000000016 55.800000000000004 13.550000000000002 808.75000000000011 611.20000000000016 557.00000000000011 755.20000000000016 250.20000000000002 206.50000000000003 405.9500000000001 447.55000000000007 842.95000000000016 3336.1166666666672 3337.6979166666665 3276.6041666666665 3334.8958333333335 886.85000000000002 710.60000000000014
decision_type=2 2 2 2 2 2 2 2 2 2 2 2 2 2 2 2 2 2 2 2 2 2 2 2 2 2 2 2 2 2
left_child=2 3 5 10 7 14 15 11 17 20 21 -3 23 -7 -1 -6 -10 -5 -9 27 -4 26 -12 -8 -25 -17 -2 -11 -14 -13
right_child=1 4 9 8 6 13 12 18 16 19 22 29 28 -15 -16 25 -18 -19 -20 -21 -22 -23 -24 24 -26 -27 -28 -29 -30 -31
leaf_value=-33.137836265351801 12.022002951304119 45.584353742928343 -10.263491586632346 31.46342914287861 63.45711405436198 -28.930294811191846 68.727404115258196 57.070661820705588 39.661254416895275 -5.683227714931264 19.502369113368843 51.573252038788382 73.283533282612652 -22.150422470657915 -31.350130444652635 65.956563687105799 42.785549605520146 36.728600626406461 60.252006441004141 -1.0745161772990712 -7.3239141436134068 17.342701146979081 22.509491365872897 69.83280395507812 72.897756253756015 69.393834472656252 15.536050725866247 -2.6697078095542062 77.241280822753907 54.054088688992913
leaf_weight=1798 30 29 106 26 135 268 123 159 131 85 131 57 43 27 424 109 114 92 85 49 105 95 65 85 39 25 54 36 20 87
leaf_count=1798 30 29 106 26 135 268 123 159 131 85 131 57 43 27 424 109 114 92 85 49 105 95 65 85 39 25 54 36 20 87
internal_value=1.0326e-07 48.2782 -28.887 28.6387 62.8304 -32.2708 68.0814 55.5395 39.312 -6.53222 18.3069 51.8169 70.7364 -28.3098 -32.7967 65.0216 41.115 35.5685 58.1789 -3.71668 -8.80067 15.9059 20.4996 69.7663 70.7968 66.5978 14.281 -4.78664 74.54 53.0721
internal_weight=4632 1734 2898 738 996 2517 579 417 363 381 375 173 310 295 2222 269 245 118 244 170 211 179 196 247 124 134 84 121 63 144
internal_count=4632 1734 2898 738 996 2517 579 417 363 381 375 173 310 295 2222 269 245 118 244 170 211 179 196 247 124 134 84 121 63 144
is_linear=0
shrinkage=0.05


Tree=32
num_leaves=31
num_cat=0
split_feature=3 3 5 5 3 3 3 3 3 3 3 3 5 3 3 3 3 3 3 5 3 3 6 7 6 7 3 6 7 7
split_gain=2.33211e+09 1.77263e+08 8.0914e+07 2.79051e+07 1.46515e+07 1.97034e+06 1.57994e+06 1.55027e+06 1.25891e+06 923658 522379 502314 359717 338039 324663 317179 302685 292260 196789 183771 141458 137834 122628 104632 98426 97236.8 92168.1 87898.1 84424.8 80339.8
threshold=365.00000000000006 632.15000000000009 884.50000000000011 6446.3500000000013 770.70000000000016 821.9000000000002 713.1500000000002 17.950000000000003 221.95000000000002 439.85000000000008 596.20000000000016 855.10000000000002 7734.2500000000009 34.100000000000009 409.95000000000005 734.15000000000009 254.35000000000002 195.50000000000003 797.25000000000011 5461.6500000000005 4.0500000000000007 879.05000000000007 2565.3500000000008 3339.7770833333338 406.45000000000005 3300.2250000000004 617.6500000000002 4896.8500000000013 3292.7666666666669 3333.0791666666669
decision_type=2 2 2 2 2 2 2 2 2 2 2 2 2 2 2 2 2 2 2 2 2 2 2 2 2 2 2 2 2 2
left_child=2 3 7 9 6 18 12 20 17 14 28 29 -3 24 27 -8 23 22 -6 -11 -1 -13 -4 -10 25 -9 -12 -2 -5 -7
right_child=1 4 8 10 5 11 15 13 16 19 26 21 -14 -15 -16 -17 -18 -19 -20 -21 -22 -23 -24 -25 -26 -27 -28 -29 -30 -31
leaf_value=-31.637791754034907 10.8045658493042 43.243372192382814 -13.769373871298399 33.962104348575366 59.215404001871747 64.971182780183128 51.951306860787533 -29.855495195661277 -5.3498614213787592 20.473578335376498 38.462456430288462 68.541931934845749 49.187225734165736 -26.574059451710095 17.418093387559914 55.329609221578302 0.46958001408821498 -7.6482290443118295 62.118256352571841 25.375656827290854 -30.676537093970339 72.529901936848958 -9.7713492480191331 -2.4640228234397039 -32.324702580769859 -28.20031899346246 40.818267372006282 14.557200466747014 36.358377456665039 66.912681203074271
leaf_weight=1427 20 40 34 68 96 173 112 175 104 94 130 78 70 176 174 183 39 131 149 24 523 30 44 45 24 180 61 71 80 77
leaf_count=1427 20 40 34 68 96 173 112 175 104 94 130 78 70 176 174 183 39 131 149 24 523 30 44 45 24 180 61 71 80 77
internal_value=-2.44492e-10 45.95 -27.3927 27.0389 59.4955 64.4358 52.14 -30.7164 -6.42058 17.7909 37.4871 66.8002 47.0258 -28.3849 16.1525 54.047 -3.45188 -9.09099 60.9808 21.4706 -31.38 69.6497 -11.5141 -4.4783 -29.2258 -29.0163 39.2148 13.7324 35.2574 65.5692
internal_weight=4632 1730 2902 722 1008 603 405 2505 397 383 339 358 110 555 265 295 188 209 245 118 1950 108 78 149 379 355 191 91 148 250
internal_count=4632 1730 2902 722 1008 603 405 2505 397 383 339 358 110 555 265 295 188 209 245 118 1950 108 78 149 379 355 191 91 148 250
is_linear=0
shrinkage=0.05


Tree=33
num_leaves=31
num_cat=0
split_feature=5 3 3 3 3 3 3 3 3 3 3 3 6 3 3 3 3 5 3 3 3 1 3 5 7 3 7 7 5 7
split_gain=2.1049e+09 1.62166e+08 7.06232e+07 2.57072e+07 1.32229e+07 1.77823e+06 1.42589e+06 1.40035e+06 1.0069e+06 737760 722108 456565 327221 289630 274912 271793 190200 182149 177603 172561 162734 136475 136128 135991 115595 92673.8 79037.2 69676.7 66803.8 81765
threshold=4106.2500000000009 632.15000000000009 65.500000000000014 476.35000000000008 770.70000000000016 821.9000000000002 713.1500000000002 24.550000000000004 208.65000000000001 583.50000000000011 421.35000000000008 853.15000000000009 7687.7500000000009 740.55000000000007 235.90000000000001 7.0500000000000007 611.20000000000016 6968.3000000000002 797.25000000000011 45.750000000000007 447.55000000000007 1.0000000180025095e-35 879.05000000000007 2377.1500000000005 3248.2229166666671 401.55000000000007 3334.2270833333337 3276.6041666666665 9747.1000000000022 3290.2895833333337
decision_type=2 2 2 2 2 2 2 2 2 2 2 2 2 2 2 2 2 2 2 2 2 2 2 2 2 2 2 2 2 2
left_child=2 3 7 10 6 18 12 15 23 17 25 28 -3 -8 -10 -1 -11 -5 -6 27 -12 -16 26 -4 -25 -2 -13 -9 -7 -30
right_child=1 4 8 9 5 11 13 19 14 16 20 22 -14 -15 21 -17 -18 -19 -20 -21 -22 -23 -24 24 -26 -27 -28 -29 29 -31
leaf_value=-30.012270566417229 12.427605483491542 40.995012879982973 -12.539215748508772 27.22175552368164 56.254632345835368 60.772240760678159 49.783270078092016 -28.076087912535058 -5.8417504758015282 35.56326259928904 17.479457077715132 63.892398446066345 46.695677679357402 52.91664893740699 1.1943978440761567 -28.754396986036639 38.336427995270377 32.615572124057351 59.012343971201233 -23.965515784061317 20.462312328281687 -3.4234149359166626 68.903406575520833 -11.859614089965822 -7.9061704729644351 14.895829601822612 66.997446632385262 -26.326027832031254 61.342669810419501 63.542179996595479
leaf_weight=1557 59 39 36 20 96 61 148 78 160 157 144 57 71 147 20 593 102 72 149 66 67 80 30 25 71 107 32 210 69 109
leaf_count=1557 59 39 36 20 96 61 148 78 160 157 144 57 71 147 20 593 102 72 149 66 67 80 30 25 71 107 32 210 69 109
internal_value=2.62598e-08 43.5337 -26.0962 25.5517 56.5207 61.214 49.533 -29.1855 -6.362 35.2892 16.4857 63.4602 44.6745 51.3446 -4.55641 -29.6653 36.6554 31.443 57.9318 -26.2715 18.4266 -2.49985 65.9906 -9.91849 -8.93571 14.0186 65.0088 -26.8 62.2002 62.6896
internal_weight=4632 1736 2896 728 1008 603 405 2504 392 351 377 358 110 295 260 2150 259 92 245 354 211 100 119 132 96 166 89 288 239 178
internal_count=4632 1736 2896 728 1008 603 405 2504 392 351 377 358 110 295 260 2150 259 92 245 354 211 100 119 132 96 166 89 288 239 178
is_linear=0
shrinkage=0.05


Tree=34
num_leaves=31
num_cat=0
split_feature=6 3 3 5 3 3 3 3 3 3 3 3 3 3 3 3 3 3 3 5 4 5 3 7 7 3 7 0 3 7
split_gain=1.89974e+09 1.45664e+08 6.44953e+07 2.30533e+07 1.19337e+07 1.60982e+06 1.55604e+06 1.29178e+06 729418 715191 427835 406751 360225 342290 305667 254258 223094 190020 157968 153278 122499 110270 97689.9 83487.9 79725.9 76123.1 75251.4 76485.2 74863 74778.5
threshold=4194.3500000000013 632.15000000000009 164.80000000000004 6446.3500000000013 770.70000000000016 828.80000000000007 29.250000000000004 700.80000000000007 427.4500000000001 231.60000000000002 596.20000000000016 732.25000000000011 13.050000000000002 868.70000000000016 55.800000000000004 806.90000000000009 454.2000000000001 206.50000000000003 409.95000000000005 8219.6000000000022 5155.1500000000005 5050.2500000000009 842.95000000000016 3336.1166666666672 3336.1166666666672 617.6500000000002 3298.7229166666671 1.5000000000000002 753.6500000000002 3292.7666666666669
decision_type=2 2 2 2 2 2 2 2 2 2 2 2 2 2 2 2 2 2 2 2 2 2 2 2 2 2 2 2 2 2
left_child=2 3 6 8 7 15 12 19 18 17 29 -9 -1 22 -8 -6 -10 -4 -2 -3 -11 -18 -7 -24 -17 -12 -14 -28 -13 -5
right_child=1 4 9 10 5 13 14 11 16 20 25 28 26 -15 -16 24 21 -19 -20 -21 -22 -23 23 -25 -26 -27 27 -29 -30 -31
leaf_value=-28.425220283024238 12.471205178486933 39.174274791370742 -8.765215364492164 30.60283162734088 54.017986956034626 58.89969236792588 -24.640188995865753 46.292527269794995 17.207472226113985 -3.335965502829779 34.719573152982271 49.089590829317693 -27.506609209068927 64.365671069805444 -19.031249703301324 56.386548032598981 18.585117572286855 -5.9799272795997815 15.251131898385507 43.856435736294458 0.55845955348014831 23.296382593225552 59.983065695291032 62.635848028009597 59.312642906452055 36.860532366643184 -28.43114673390108 -25.867845916748049 51.113912462208368 32.85805660247803
leaf_weight=1781 97 44 106 68 146 123 242 137 132 105 130 122 231 52 27 118 23 145 108 29 25 27 91 44 29 61 34 202 73 80
leaf_count=1781 97 44 106 68 146 123 242 137 132 105 130 122 231 52 27 118 23 145 108 29 25 27 91 44 29 61 34 202 73 80
internal_value=9.08913e-08 41.396 -24.769 24.32 53.6947 58.1533 -27.6711 47.0564 15.9811 -5.59716 33.8397 48.3805 -28.1011 60.6649 -24.0772 55.4959 18.2849 -7.15618 13.9358 41.0343 -2.58704 21.1292 59.919 60.8477 56.9638 35.4033 -26.8651 -26.2371 49.8474 31.8219
internal_weight=4632 1734 2898 726 1008 603 2517 405 387 381 339 332 2248 310 269 293 182 251 205 73 130 50 258 135 147 191 467 236 195 148
internal_count=4632 1734 2898 726 1008 603 2517 405 387 381 339 332 2248 310 269 293 182 251 205 73 130 50 258 135 147 191 467 236 195 148
is_linear=0
shrinkage=0.05


Tree=35
num_leaves=31
num_cat=0
split_feature=5 3 5 3 3 3 3 3 3 3 3 3 3 5 3 3 3 3 5 7 1 3 3 4 3 7 7 3 7 7
split_gain=1.71453e+09 1.32064e+08 5.75825e+07 2.09516e+07 1.07702e+07 1.4626e+06 1.17101e+06 1.14952e+06 795596 618275 598331 417442 274297 266622 237849 187171 179052 156873 151006 131127 120708 119060 109292 93326 86260.9 74466.3 73599.5 71158.6 68790.5 95171.1
threshold=4106.2500000000009 632.15000000000009 884.50000000000011 476.35000000000008 770.70000000000016 819.00000000000011 713.1500000000002 16.450000000000003 212.45000000000002 583.50000000000011 415.10000000000008 853.15000000000009 34.100000000000009 7734.2500000000009 736.90000000000009 439.85000000000008 235.90000000000001 611.20000000000016 7014.6500000000005 3248.2229166666671 1.0000000180025095e-35 886.85000000000002 795.30000000000007 11.800000000000002 1.7500000000000002 3337.6979166666665 3337.1187500000001 836.1500000000002 3274.3979166666672 3247.4541666666673
decision_type=2 2 2 2 2 2 2 2 2 2 2 2 2 2 2 2 2 2 2 2 2 2 2 2 2 2 2 2 2 2
left_child=2 3 7 10 6 22 13 24 19 18 28 27 -9 -3 -8 -12 26 -11 -5 -4 -18 -13 -6 -21 -1 -26 -10 -7 29 -2
right_child=1 4 8 9 5 11 14 12 16 17 15 21 -14 -15 -16 -17 20 -19 -20 23 -22 -23 -24 -25 25 -27 -28 -29 -30 -31
leaf_value=-27.169663003640292 12.751201381683352 37.044235725402835 -11.208635843501373 24.719107194380328 50.578491537911553 55.201226829246245 44.678064284786103 -25.123053907850228 -5.7373776960372922 32.112293889719972 15.11550468882999 58.85972511985085 -22.780550258809871 42.161469857352124 47.554286666780882 17.86797150305982 1.2160643315315247 34.63080887140012 29.468096313476565 -10.735871905372257 -3.1268241972662509 63.089266662597652 52.872350580552045 -7.0755930830450628 -26.806568691235238 -25.576333217075895 -3.0444759358378022 56.843418375651041 12.836475142513414 7.8734171307086944
leaf_weight=1309 20 40 34 22 84 135 124 431 100 157 148 99 176 70 171 106 20 102 70 21 80 20 136 102 414 175 34 129 83 20
leaf_count=1309 20 40 34 22 84 135 124 431 100 157 148 99 176 70 171 106 20 102 70 21 80 20 136 102 414 175 34 129 83 20
internal_value=1.0593e-07 39.2901 -23.5524 23.0626 51.01 55.2456 44.7035 -26.3378 -5.70673 31.8534 14.878 57.1119 -24.4438 40.3007 46.3453 16.2642 -3.85929 33.1041 28.3325 -8.46024 -2.25825 59.5706 51.9965 -7.70052 -26.9436 -26.441 -5.0541 56.0037 12.0156 10.3123
internal_weight=4632 1736 2896 728 1008 603 405 2505 391 351 377 383 607 110 295 254 234 259 92 157 100 119 220 123 1898 589 134 264 123 40
internal_count=4632 1736 2896 728 1008 603 405 2505 391 351 377 383 607 110 295 254 234 259 92 157 100 119 220 123 1898 589 134 264 123 40
is_linear=0
shrinkage=0.05


Tree=36
num_leaves=31
num_cat=0
split_feature=3 3 3 5 3 3 3 3 3 3 3 3 3 3 3 3 3 3 5 5 3 3 3 7 7 6 5 1 7 1
split_gain=1.54744e+09 1.17553e+08 5.37384e+07 2.07678e+07 8.04718e+06 1.27435e+06 986542 793363 679914 617479 531167 293528 252604 219782 208727 190379 167894 157476 148592 148057 142223 116952 104039 90361.4 76773.2 75715.7 66604.5 65456.2 64852.4 59689.9
threshold=365.00000000000006 653.70000000000016 164.80000000000004 6446.3500000000013 795.30000000000007 29.250000000000004 742.80000000000007 842.95000000000016 231.60000000000002 439.85000000000008 606.85000000000002 13.550000000000002 55.800000000000004 409.95000000000005 819.00000000000011 713.1500000000002 872.35000000000002 206.50000000000003 3115.2500000000005 5461.6500000000005 762.90000000000009 626.95000000000016 590.85000000000014 3336.1166666666672 3320.2041666666673 4896.8500000000013 4956.3500000000013 4.5000000000000009 3248.2229166666671 4.5000000000000009
decision_type=2 2 2 2 2 2 2 2 2 2 2 2 2 2 2 2 2 2 2 2 2 2 2 2 2 2 2 2 2 2
left_child=2 3 5 9 6 11 15 14 17 13 22 -1 -7 25 -6 -3 23 28 -10 29 -8 -12 -5 -9 27 -2 -26 -15 -4 -11
right_child=1 4 8 10 7 12 20 16 18 19 21 -13 -14 24 -16 -17 -18 -19 -20 -21 -22 -23 -24 -25 26 -27 -28 -29 -30 -31
leaf_value=-25.649514537552438 8.4449906921386724 39.695010041537358 -10.333092047951439 28.437042186299312 50.228732681274415 -22.233958022062446 45.216644758744678 54.127677964672607 -2.738076794042922 15.786214730233858 32.161456224756336 -24.221633273654515 -17.13505667227286 12.861010090766413 52.778090652154418 42.77632844924927 58.632870483398442 -5.380893036003771 1.9344557213783267 21.006913216908774 47.765046313924529 34.938434524536135 30.670903920603322 56.761910512496016 17.633281951904298 11.927877950332535 14.188875913619995 15.789819780985514 -7.2835483044385914 18.541289166041786
leaf_weight=1798 20 73 22 122 136 242 110 97 114 66 103 450 27 93 196 160 41 145 20 24 109 60 91 49 25 71 32 24 84 28
leaf_count=1798 20 73 22 122 136 242 110 97 114 66 103 450 27 93 196 160 41 145 20 24 109 60 91 49 25 71 32 24 84 28
internal_value=-1.00996e-07 37.4299 -22.3135 22.688 48.9531 -24.9745 44.0756 53.2009 -4.91643 14.4932 31.0354 -25.3637 -21.7222 13.1535 51.7338 41.8109 55.8057 -6.4517 -2.04068 17.5018 46.485 33.1837 29.3914 55.0118 14.1949 11.1624 15.6996 13.4618 -7.91647 16.6069
internal_weight=4632 1730 2902 759 971 2517 452 519 385 383 376 2248 269 265 332 233 187 251 134 118 219 163 213 146 174 91 57 117 106 94
internal_count=4632 1730 2902 759 971 2517 452 519 385 383 376 2248 269 265 332 233 187 251 134 118 219 163 213 146 174 91 57 117 106 94
is_linear=0
shrinkage=0.05


Tree=37
num_leaves=31
num_cat=0
split_feature=6 3 5 3 3 3 3 3 3 3 3 6 3 3 3 6 3 3 3 3 3 7 3 7 7 4 7 5 7 6
split_gain=1.3967e+09 1.07043e+08 4.74046e+07 1.69419e+07 8.7772e+06 1.08204e+06 1.04764e+06 939462 676692 546499 355377 336042 222544 203564 182033 179715 167486 163526 128056 127964 112609 94574.3 84522.6 78230.8 75874.5 76694 77101.4 72962 71864 69299.8
threshold=4194.3500000000013 632.15000000000009 884.50000000000011 544.1500000000002 779.15000000000009 721.20000000000016 833.30000000000007 19.450000000000003 214.05000000000004 430.15000000000003 596.20000000000016 7687.7500000000009 872.35000000000002 813.10000000000002 35.000000000000007 5512.6000000000013 748.80000000000007 250.20000000000002 403.25000000000006 190.35000000000005 4.0500000000000007 3269.7541666666671 573.00000000000011 3220.9750000000008 3337.6979166666665 528.55000000000007 3348.9458333333337 4844.1000000000013 3337.6979166666665 9786.0500000000011
decision_type=2 2 2 2 2 2 2 2 2 2 2 2 2 2 2 2 2 2 2 2 2 2 2 2 2 2 2 2 2 2
left_child=2 3 7 9 5 11 13 20 19 18 22 -3 29 -6 23 -11 -7 -10 -2 21 -1 -4 -5 -9 -22 26 -26 -20 -15 -8
right_child=1 4 8 10 6 16 12 14 17 15 -12 -13 -14 28 -16 -17 -18 -19 27 -21 24 -23 -24 -25 25 -27 -28 -29 -30 -31
leaf_value=-24.496552567993248 10.326699924343069 33.325046441493889 -12.126435597737631 25.170509475316759 46.812851810455328 41.408651001812665 53.047263156666475 -25.534084930419922 -3.9999395194075387 15.225667306539174 30.436767334298992 38.66210488563727 55.701225615710747 48.842508064987314 -20.467824761661483 20.069005792791195 43.913067974307673 -0.7299729731618142 15.159582715198912 -6.5585708610082083 -24.027114002628842 -7.7806544388494192 27.896414344424297 -22.312472775231111 -20.272780216762001 -25.418815281080164 -22.989143801198423 12.360362253350727 51.622926383182929 51.14879382994117
leaf_weight=1427 71 39 21 39 160 146 68 20 174 148 194 121 41 117 162 22 123 49 29 118 409 31 105 326 35 23 103 118 29 164
leaf_count=1427 71 39 21 39 160 146 68 20 174 148 194 121 41 117 162 22 123 49 29 118 409 31 105 326 35 23 103 118 29 164
internal_value=-1.90428e-08 35.4946 -21.238 20.8564 46.0375 40.6172 50.0536 -23.7709 -5.09294 13.7275 29.04 37.3612 52.3054 48.0448 -21.8511 15.8525 42.5538 -3.28143 12.0704 -7.46922 -24.2593 -9.53568 27.1581 -22.4987 -23.6652 -22.7457 -22.3002 12.9126 49.3948 51.7052
internal_weight=4632 1734 2898 726 1008 429 579 2505 393 388 338 160 273 306 508 170 269 223 218 170 1997 52 144 346 570 161 138 147 146 232
internal_count=4632 1734 2898 726 1008 429 579 2505 393 388 338 160 273 306 508 170 269 223 218 170 1997 52 144 346 570 161 138 147 146 232
is_linear=0
shrinkage=0.05


Tree=38
num_leaves=31
num_cat=0
split_feature=3 3 3 3 3 3 3 3 3 3 3 3 3 3 3 3 3 6 3 6 3 5 5 7 7 7 7 6 4 5
split_gain=1.26063e+09 9.85803e+07 4.06366e+07 1.5783e+07 7.93229e+06 1.07759e+06 877565 857655 513277 506078 466974 275161 236011 173468 173292 170943 152886 142283 118632 102055 100223 98364.1 97980.7 82436.8 80255.9 74689.3 68089 66734.6 64292.8 61645.8
threshold=270.00000000000006 632.15000000000009 65.500000000000014 476.35000000000008 770.70000000000016 828.80000000000007 700.80000000000007 24.550000000000004 208.65000000000001 409.95000000000005 576.10000000000014 732.25000000000011 864.70000000000016 801.55000000000007 447.55000000000007 5.4500000000000011 611.20000000000016 4806.1000000000013 45.750000000000007 7508.7000000000007 231.60000000000002 7122.2000000000007 2377.1500000000005 3316.077083333334 3248.2229166666671 3320.2041666666673 3305.8562500000012 9786.0500000000011 7226.4500000000007 8868.7500000000018
decision_type=2 2 2 2 2 2 2 2 2 2 2 2 2 2 2 2 2 2 2 2 2 2 2 2 2 2 2 2 2 2
left_child=2 3 7 9 6 13 19 15 22 17 21 29 27 -6 25 -1 -12 -2 -9 -3 -10 -5 -4 -15 -24 -11 -14 -7 -27 -8
right_child=1 4 8 10 5 12 11 18 20 14 16 -13 26 23 -16 -17 -18 -19 -20 -21 -22 -23 24 -25 -26 28 -28 -29 -30 -31
leaf_value=-23.258458969495379 6.2025677763897447 31.243838405609132 -9.8895709898736754 21.058474914550782 43.735784886678061 49.985452476707671 38.690641262106702 -20.743613304032223 -4.7716624334906088 12.341255632799063 27.333243281463456 40.621397642477973 50.130718994140629 45.342040785303659 15.975646818929645 -22.292258573408027 29.748983719769651 10.65868807192202 -18.39341815601696 35.011591246069933 -2.7794588954980708 25.037698550340608 -9.267153123378753 47.582635315852379 -5.9729911819310253 13.337324711192739 53.490545895225125 48.191317166896226 16.438867092132568 36.564801454544067
leaf_weight=1489 23 32 36 25 120 74 73 288 132 134 183 195 25 106 67 661 102 81 66 41 121 41 25 67 71 55 38 173 24 64
leaf_count=1489 23 32 36 25 120 74 73 288 132 134 183 195 25 106 67 661 102 81 66 41 121 41 25 67 71 55 38 173 24 64
internal_value=2.75376e-09 33.5818 -20.2607 19.6566 43.7356 47.3707 38.3235 -22.5859 -5.13756 12.6515 27.3202 39.4149 49.4256 45.1965 13.7578 -22.9614 28.1978 9.6732 -20.3054 33.36 -3.81887 23.5304 -7.66504 46.2098 -6.83085 13.0602 52.1573 48.7288 14.2796 37.6975
internal_weight=4632 1743 2889 735 1008 603 405 2504 385 384 351 332 310 293 280 2150 285 104 354 73 253 66 132 173 96 213 63 247 79 137
internal_count=4632 1743 2889 735 1008 603 405 2504 385 384 351 332 310 293 280 2150 285 104 354 73 253 66 132 173 96 213 63 247 79 137
is_linear=0
shrinkage=0.05


Tree=39
num_leaves=31
num_cat=0
split_feature=3 3 3 5 3 5 3 3 3 3 3 3 3 3 3 3 3 5 4 3 5 3 3 7 3 7 6 1 7 7
split_gain=1.13779e+09 8.38269e+07 4.23246e+07 1.45718e+07 5.93903e+06 1.19741e+06 945272 733916 602603 398528 392803 341414 218179 189518 184081 150159 122150 121009 108007 89165.5 91672.9 86722.6 77294.6 77086.5 67296.6 56523.7 56558.3 53328.8 53322.6 53311.8
threshold=387.80000000000001 653.70000000000016 164.80000000000004 6446.3500000000013 795.30000000000007 4651.6000000000013 29.250000000000004 732.25000000000011 842.95000000000016 439.85000000000008 609.25000000000011 221.95000000000002 13.550000000000002 757.60000000000014 55.800000000000004 819.00000000000011 872.35000000000002 5461.6500000000005 6951.4000000000005 415.10000000000008 4844.1000000000013 590.85000000000014 626.95000000000016 3336.1166666666672 204.25000000000003 3359.635416666667 9968.2000000000025 4.5000000000000009 3304.7541666666675 3298.7229166666671
decision_type=2 2 2 2 2 2 2 2 2 2 2 2 2 2 2 2 2 2 2 2 2 2 2 2 2 2 2 2 2 2
left_child=2 3 6 9 7 11 12 18 15 19 21 24 -1 -9 -8 -6 23 27 -3 20 -2 -5 -12 -10 -4 26 -15 -11 -17 -14
right_child=1 4 5 10 8 -7 14 13 16 17 22 -13 29 25 -16 28 -18 -19 -20 -21 -22 -23 -24 -25 -26 -27 -28 -29 -30 -31
leaf_value=-21.99614378236425 13.437343387603761 31.768032531738285 -6.9260120945132302 24.39560715722256 43.066313687492823 8.0553020858764661 -19.050320131916646 38.124824377608626 46.39787736086501 13.453226560534853 27.673477257622615 -2.9307006459209806 -21.311744107518876 39.75029650677692 -14.69759918495461 44.3517820607061 50.303097831912162 18.206792052586874 35.675173840491603 12.305455599604427 9.6707178705504973 26.360748731173004 29.990302505493162 48.830930624202807 -5.0737126712004352 43.184050140380862 42.575342351740062 16.057362828935897 46.004288189227765 -20.223291481490687
leaf_weight=1798 20 20 92 122 136 20 242 146 97 66 90 181 224 91 27 92 41 24 153 148 84 104 60 49 105 20 22 28 104 226
leaf_count=1798 20 20 92 122 136 20 242 146 97 66 90 181 224 91 27 92 41 24 153 148 84 104 60 49 105 20 22 28 104 226
internal_value=-5.56053e-08 32.2887 -19.0188 19.6844 41.9723 -3.86755 -21.4145 37.7821 45.6215 12.6399 26.6165 -4.49839 -21.7497 39.3686 -18.6134 44.3429 47.8916 15.038 35.2235 11.517 10.3951 25.2999 28.6002 47.2145 -5.93875 40.734 40.3003 14.2289 45.2286 -20.7651
internal_weight=4632 1717 2915 746 971 398 2517 452 519 370 376 378 2248 279 269 332 187 118 173 252 104 226 150 146 197 133 113 94 196 450
internal_count=4632 1717 2915 746 971 398 2517 452 519 370 376 378 2248 279 269 332 187 118 173 252 104 226 150 146 197 133 113 94 196 450
is_linear=0
shrinkage=0.05


Tree=40
num_leaves=31
num_cat=0
split_feature=3 3 3 5 3 5 3 3 3 3 3 3 3 3 3 3 3 3 3 4 5 5 7 7 3 5 7 6 4 1
split_gain=1.02685e+09 7.56537e+07 3.81979e+07 1.3151e+07 5.36105e+06 1.08066e+06 853108 629696 575857 361840 356766 308126 197837 166133 149546 131483 121113 113491 109505 97476.7 84757.8 72278.1 66106.1 63635.6 60875.5 60117.2 58957.8 56560.5 55128.2 53270.6
threshold=387.80000000000001 653.70000000000016 164.80000000000004 6446.3500000000013 788.75000000000011 4651.6000000000013 29.250000000000004 836.1500000000002 732.25000000000011 447.55000000000007 600.75000000000011 221.95000000000002 7.0500000000000007 55.800000000000004 872.35000000000002 757.60000000000014 815.05000000000007 419.75000000000006 623.25000000000011 6951.4000000000005 5303.8500000000013 4844.1000000000013 3312.1770833333335 3292.7666666666669 201.10000000000005 7211.2000000000007 3321.2354166666669 9786.0500000000011 5288.0000000000009 1.5000000000000002
decision_type=2 2 2 2 2 2 2 2 2 2 2 2 2 2 2 2 2 2 2 2 2 2 2 2 2 2 2 2 2 2
left_child=2 3 6 9 8 11 12 16 19 17 23 24 -1 -8 -9 -10 22 21 25 -3 -11 -2 27 -5 26 -12 -4 -6 -20 -13
right_child=1 4 5 10 7 -7 13 14 15 20 18 29 -14 -15 -16 -17 -18 -19 28 -21 -22 -23 -24 -25 -26 -27 -28 -29 -30 -31
leaf_value=-20.974708690165556 12.53965650177002 30.179631118774417 -7.5646054446697235 22.57128769114048 38.074778388528266 7.6525370788574225 -18.097804077400649 44.482683028806235 36.218583031223247 14.055367414830096 24.750651669502261 -1.5189988708548379 -19.958134828669635 -13.962719140229403 47.787943323647106 38.513599010782507 42.547878855579306 12.099190436133856 29.910957438151044 33.891415046243104 17.821818313598634 9.5562160341827962 41.91655026949369 24.496442575657625 -4.9226400857254617 26.893432047829698 -4.5173750713975593 40.718049316406251 27.104633440290179 -3.3657341612923535
leaf_weight=1557 25 20 57 79 34 20 242 207 146 59 64 57 691 27 41 109 159 158 30 153 20 108 52 94 118 67 22 50 42 124
leaf_count=1557 25 20 57 79 34 20 242 207 146 59 64 57 691 27 41 109 159 158 30 153 20 108 52 94 118 67 22 50 42 124
internal_value=-1.05826e-08 30.6742 -18.0678 18.7002 39.8736 -3.67417 -20.3438 43.1721 35.689 12.0079 25.2857 -4.27347 -20.6622 -17.6828 45.0291 37.1996 41.6109 11.1932 26.7075 33.4623 15.0089 10.117 40.5155 23.6173 -5.64181 25.8466 -6.71601 39.6482 28.2739 -2.78417
internal_weight=4632 1717 2915 746 971 398 2517 543 428 370 376 378 2248 269 248 255 295 291 203 173 79 133 136 173 197 131 79 84 72 181
internal_count=4632 1717 2915 746 971 398 2517 543 428 370 376 378 2248 269 248 255 295 291 203 173 79 133 136 173 197 131 79 84 72 181
is_linear=0
shrinkage=0.05


Tree=41
num_leaves=31
num_cat=0
split_feature=3 3 5 3 3 3 3 3 3 3 3 3 3 3 3 3 3 6 5 5 7 3 5 5 1 5 4 6 7 7
split_gain=9.26754e+08 7.24753e+07 2.99238e+07 1.16132e+07 5.84403e+06 797923 664303 635484 372340 366067 358499 169852 167153 150218 147622 126933 112411 109216 104365 88478.8 80451.7 78645.9 76099.3 65102.8 64967.2 64868.3 75114.3 64727.2 59459 58544.5
threshold=270.00000000000006 632.15000000000009 884.50000000000011 476.35000000000008 770.70000000000016 833.30000000000007 707.55000000000007 16.450000000000003 409.95000000000005 576.10000000000014 208.65000000000001 808.75000000000011 734.15000000000009 868.70000000000016 35.000000000000007 447.55000000000007 609.25000000000011 4806.1000000000013 7564.7500000000009 9481.7000000000025 3248.2229166666671 231.60000000000002 7122.2000000000007 8868.7500000000018 4.5000000000000009 4956.3500000000013 2949.6500000000005 9786.0500000000011 3305.8562500000012 3294.9625000000001
decision_type=2 2 2 2 2 2 2 2 2 2 2 2 2 2 2 2 2 2 2 2 2 2 2 2 2 2 2 2 2 2
left_child=2 3 7 8 6 11 18 -1 17 22 20 -6 23 27 -9 24 -11 -2 -3 -13 -4 -12 -5 -8 25 26 -10 -7 -15 -25
right_child=1 4 10 9 5 13 12 14 15 16 21 19 -14 28 -16 -17 -18 -19 -20 -21 -22 -23 -24 29 -26 -27 -28 -29 -30 -31
leaf_value=-19.814439632869998 5.2492003233536435 26.881083424886068 -8.6772845312952995 17.897539245605468 37.789015015416176 43.376120652418876 33.643451538085934 -18.426314313224193 10.220346557617189 23.387537505205941 -4.1194346004363265 37.244441541035968 34.886597605220608 42.983123052687873 -16.663519749818025 13.691628572834071 25.411595100734544 9.1533295989036567 30.426826975296958 40.518778773716519 -5.7933814453205681 -2.3546625463923148 21.397557216737329 29.870269972278226 12.837498031778537 10.06421628178081 14.023825207463018 41.498142868433249 46.428921607232866 32.834543440077042
leaf_weight=1898 23 36 32 25 159 65 70 445 25 170 132 24 183 21 162 67 115 81 49 147 99 121 41 31 47 114 27 156 31 36
leaf_count=1898 23 36 32 25 159 65 70 445 25 170 132 24 183 21 162 67 115 81 49 147 99 121 41 31 47 114 27 156 31 36
internal_value=-3.30404e-08 28.7934 -17.3717 16.8534 37.4996 40.6197 32.8542 -19.3641 10.8446 23.4272 -4.37473 38.9654 33.8978 42.6194 -17.9558 11.7935 24.2043 8.28992 28.9251 40.0592 -6.49785 -3.27541 20.0718 32.5771 11.1964 10.7318 12.1952 42.0505 45.0373 31.463
internal_weight=4632 1743 2889 735 1008 603 405 2505 384 351 384 330 320 273 607 280 285 104 85 171 131 253 66 137 213 166 52 221 52 67
internal_count=4632 1743 2889 735 1008 603 405 2505 384 351 384 330 320 273 607 280 285 104 85 171 131 253 66 137 213 166 52 221 52 67
is_linear=0
shrinkage=0.05


Tree=42
num_leaves=31
num_cat=0
split_feature=3 5 3 3 3 5 3 3 3 3 3 3 3 3 3 0 6 3 3 3 7 3 3 5 6 3 7 7 7 7
split_gain=8.36459e+08 6.16295e+07 3.11192e+07 1.07341e+07 4.35378e+06 870629 704082 553868 454756 338245 305475 249345 169210 121381 121117 112134 110957 108330 96147.1 89055.8 72343.9 66753.5 65386.1 73841 62636.2 59173.6 71339.5 59040.7 56750.2 59746.3
threshold=387.80000000000001 7936.0500000000002 164.80000000000004 544.1500000000002 795.30000000000007 4651.6000000000013 24.550000000000004 744.85000000000002 842.95000000000016 600.75000000000011 439.85000000000008 221.95000000000002 47.050000000000004 5.4500000000000011 713.1500000000002 17.500000000000004 5395.9000000000005 819.00000000000011 886.85000000000002 626.95000000000016 3336.1166666666672 573.00000000000011 415.10000000000008 4844.1000000000013 10349.800000000001 762.90000000000009 3298.0041666666671 3276.6041666666665 3337.6979166666665 3343.889583333334
decision_type=2 2 2 2 2 2 2 2 2 2 2 2 2 2 2 2 2 2 2 2 2 2 2 2 2 2 2 2 2 2
left_child=2 3 6 10 7 11 13 14 17 21 22 -4 27 -1 -3 -14 -12 -6 20 -11 24 -5 23 -2 -10 26 -9 -8 -15 -30
right_child=1 4 5 9 8 -7 12 25 18 19 16 -13 15 28 -16 -17 -18 -19 -20 -21 -22 -23 -24 -25 -26 -27 -28 -29 29 -31
leaf_value=-18.95711608922586 11.640062713623047 29.091163677058809 -5.0841573623836354 19.32447758724815 36.925371888104614 6.8512848758697515 -18.024006168658918 31.989122938073201 39.385341949462891 23.483335929817255 12.196901817123097 -2.5135019467186535 -12.329642496353541 -18.440459986629648 31.521856512025348 -16.521407148573132 16.063428845612901 38.761981535931028 44.368614807128907 25.703751928156073 42.226394135097287 21.70887497303098 10.545592632003732 8.2595635587260841 42.26014493306478 35.11461257234626 34.704667424220666 -16.425812439854369 -15.029805589758832 -17.745093509449678
leaf_weight=1489 20 73 197 38 136 20 78 46 90 143 96 181 39 468 172 27 23 196 20 66 53 129 148 84 24 109 51 223 23 170
leaf_count=1489 20 73 197 38 136 20 78 46 90 143 96 181 39 468 172 27 23 196 20 66 53 129 148 84 24 109 51 223 23 170
internal_value=2.99484e-08 27.6849 -16.307 16.8903 35.9978 -3.31532 -18.3613 32.4043 39.1204 22.844 10.8564 -3.85324 -16.3372 -18.7068 30.7976 -14.0445 12.9442 38.0096 41.0925 24.1845 40.7001 21.1663 9.87045 8.90966 39.9906 34.3152 33.4169 -16.84 -18.1429 -17.4215
internal_weight=4632 1717 2915 747 970 398 2517 451 519 376 371 378 367 2150 245 66 119 332 187 209 167 167 252 104 114 206 97 301 661 193
internal_count=4632 1717 2915 747 970 398 2517 451 519 376 371 378 367 2150 245 66 119 332 187 209 167 167 252 104 114 206 97 301 661 193
is_linear=0
shrinkage=0.05


Tree=43
num_leaves=31
num_cat=0
split_feature=3 5 3 6 3 5 3 3 3 3 3 3 3 3 6 3 7 3 3 5 7 3 3 3 5 3 6 7 6 5
split_gain=7.54904e+08 5.56206e+07 2.80851e+07 9.69288e+06 3.92929e+06 785743 636257 499866 410417 302224 280997 225754 151089 126820 111268 109308 99064.8 86772.8 85595.6 65452.7 65290.4 64355.1 63123.6 59394.2 57123.5 56695.5 56529.1 55169.7 68620.6 52696.7
threshold=387.80000000000001 7936.0500000000002 164.80000000000004 6574.0000000000009 795.30000000000007 4651.6000000000013 29.250000000000004 744.85000000000002 842.95000000000016 447.55000000000007 606.85000000000002 224.30000000000004 13.550000000000002 55.800000000000004 5395.9000000000005 713.1500000000002 3311.4062500000005 886.85000000000002 419.75000000000006 9532.1000000000022 3336.1166666666672 576.10000000000014 815.05000000000007 623.25000000000011 4844.1000000000013 204.25000000000003 10349.800000000001 3290.7562499999999 9849.1000000000022 9943.4500000000025
decision_type=2 2 2 2 2 2 2 2 2 2 2 2 2 2 2 2 2 2 2 2 2 2 2 2 2 2 2 2 2 2
left_child=2 3 6 9 7 11 12 15 16 18 21 25 -1 -8 -11 -3 22 20 24 -18 26 -5 -6 -12 -2 -4 -10 28 -9 -22
right_child=1 4 5 10 8 -7 13 27 17 14 23 -13 -14 -15 -16 -17 19 -19 -20 -21 29 -23 -24 -25 -26 -27 -28 -29 -30 -31
leaf_value=-17.923298879884374 10.817846584320069 27.63660541691192 -5.6797904724660135 19.059793611006306 34.093405405680343 6.5087206935882564 -15.50777570511684 30.941454390404932 37.416075134277342 11.885771820942562 22.402435129339047 -2.2870844080642669 -16.898867106967504 -11.894923950124671 15.976061132679815 29.945763725458189 34.404869384765625 42.150184631347656 10.385528852969786 37.478962104265086 41.721716660719657 21.053982264699499 36.027271498981705 24.303939413095449 8.1655534353797083 -4.0269990251845673 40.147138086954754 33.341752867572076 34.137392494895245 38.567938458478011
leaf_weight=1798 25 73 92 55 66 20 242 71 90 60 88 167 450 27 23 172 20 20 158 129 26 153 117 77 108 119 24 113 22 27
leaf_count=1798 25 73 92 55 66 20 242 71 90 60 88 167 450 27 23 172 20 20 158 129 26 153 117 77 108 119 24 113 22 27
internal_value=-1.0399e-07 26.3006 -15.4916 16.0458 34.1979 -3.14955 -17.4432 30.7841 37.1644 10.3578 21.749 -3.66057 -17.7182 -15.1451 13.0192 29.2577 36.1092 39.0379 9.59876 37.0663 38.6651 20.5267 35.3298 23.2898 8.6641 -4.74765 37.991 32.5994 31.6975 40.1151
internal_weight=4632 1717 2915 747 970 398 2517 451 519 374 373 378 2248 269 83 245 332 187 291 149 167 208 183 165 133 211 114 206 93 53
internal_count=4632 1717 2915 747 970 398 2517 451 519 374 373 378 2248 269 83 245 332 187 291 149 167 208 183 165 133 211 114 206 93 53
is_linear=0
shrinkage=0.05


Tree=44
num_leaves=31
num_cat=0
split_feature=3 3 5 3 3 3 3 3 3 3 3 6 3 3 3 3 3 3 7 3 6 7 5 7 1 6 3 4 7 4
split_gain=6.81312e+08 5.33026e+07 2.20162e+07 8.53935e+06 4.30977e+06 582007 484377 470559 277487 273851 267765 167699 118010 109006 106205 99777.9 86125.7 79517.5 74351.6 67244.8 62042.9 61905.2 58117.1 57823.8 71641.1 60472.2 67740.1 54736.3 54586.4 53363.9
threshold=270.00000000000006 632.15000000000009 884.50000000000011 476.35000000000008 782.6500000000002 721.20000000000016 833.30000000000007 16.450000000000003 422.7000000000001 588.00000000000011 206.50000000000003 7687.7500000000009 864.70000000000016 32.250000000000007 392.90000000000003 753.6500000000002 813.10000000000002 568.1500000000002 3248.2229166666671 231.60000000000002 406.45000000000005 3348.2604166666674 9481.7000000000025 3294.0833333333335 4.5000000000000009 5280.8000000000011 445.00000000000006 160.65000000000001 3300.6750000000006 9885.0500000000011
decision_type=2 2 2 2 2 2 2 2 2 2 2 2 2 2 2 2 2 2 2 2 2 2 2 2 2 2 2 2 2 2
left_child=2 3 7 8 5 11 16 -1 14 17 18 -3 -8 20 -2 -7 21 -5 -4 27 28 -6 -18 -10 25 26 -25 -12 -9 -14
right_child=1 4 10 9 6 15 12 13 23 -11 19 -13 29 -15 -16 -17 22 -19 -20 -21 -22 -23 -24 24 -26 -27 -28 -29 -30 -31
leaf_value=-16.991259739145214 5.5893380534954566 23.188678369766627 -7.9790812288011823 16.275515507429073 32.375142955780028 29.067706769011746 35.984762943812783 -16.273188523962947 9.549718297282352 21.079224284421734 -4.9961545868122839 26.958931448439923 39.555576324462891 -14.443177561712737 8.5243421009608689 31.00128954966134 31.987066955566405 19.034800826446922 -5.0288507898648582 -1.9969001038015382 -18.330859788258874 35.366335601806639 34.888403683617007 10.122465536071033 13.317455166578293 8.3516339841096308 13.512678925887398 -2.9206202615888754 -15.074041679318391 36.533048546832546
leaf_weight=1898 39 39 28 39 128 172 210 202 79 233 47 121 40 202 147 109 20 79 90 121 24 20 126 41 32 23 23 98 179 23
leaf_count=1898 39 39 28 39 128 172 210 202 79 233 47 121 40 202 147 109 20 79 90 121 24 20 126 41 32 23 23 98 179 23
internal_value=-5.49966e-08 24.6879 -14.8948 14.4483 32.1542 28.4471 35.0376 -16.6037 9.2957 20.0853 -3.74655 26.0399 36.5542 -15.3919 7.90894 29.8177 33.6293 18.1228 -5.72891 -2.86716 -15.8651 32.7794 34.491 10.5984 11.2946 10.5506 11.3408 -3.59338 -15.7098 38.4521
internal_weight=4632 1743 2889 735 1008 441 567 2505 384 351 384 160 273 607 186 281 294 118 118 266 405 148 146 198 119 87 64 145 381 63
internal_count=4632 1743 2889 735 1008 441 567 2505 384 351 384 160 273 607 186 281 294 118 118 266 405 148 146 198 119 87 64 145 381 63
is_linear=0
shrinkage=0.05


Tree=45
num_leaves=31
num_cat=0
split_feature=3 3 3 6 3 5 3 3 3 3 3 3 3 6 5 3 6 3 3 3 3 3 1 4 7 3 7 7 5 7
split_gain=6.14896e+08 4.53165e+07 2.28891e+07 8.16025e+06 3.02357e+06 643908 522615 348026 339471 267210 242846 183381 133039 124632 100875 96574.1 95568.3 77889.2 77713.1 72999.8 70064.9 66818.4 65309.7 61945.5 59551.2 53048.3 51666.1 51491.8 70263.2 49480.4
threshold=387.80000000000001 683.00000000000011 164.80000000000004 6574.0000000000009 795.30000000000007 4651.6000000000013 24.550000000000004 748.80000000000007 847.35000000000002 613.20000000000016 447.55000000000007 214.05000000000004 45.750000000000007 311.30000000000007 9481.7000000000025 5.4500000000000011 5395.9000000000005 813.10000000000002 724.35000000000002 583.50000000000011 415.10000000000008 886.85000000000002 1.0000000180025095e-35 7204.9500000000016 3348.2604166666674 759.70000000000016 3296.0916666666676 3289.2416666666672 8811.3500000000004 3337.6979166666665
decision_type=2 2 2 2 2 2 2 2 2 2 2 2 2 2 2 2 2 2 2 2 2 2 2 2 2 2 2 2 2 2
left_child=2 3 6 10 7 11 15 18 14 19 20 -4 -8 -14 -6 -1 -12 -16 27 -5 23 22 -10 -2 25 -9 -19 28 -3 -17
right_child=1 4 5 9 8 -7 12 24 21 -11 16 -13 13 -15 17 29 -18 26 -20 -21 -22 -23 -24 -25 -26 -27 -28 -29 -30 -31
leaf_value=-16.264236698669425 6.936063575612593 26.402175474166871 -4.6015254237512249 17.520144851119429 30.489795054560126 5.9038176918029786 -14.498051447338529 27.802681187220983 37.625730387369792 21.521470220765071 10.678513698577881 -2.3687102082371712 -13.338089063738364 -8.7708120566606524 31.656387786865238 -15.815817348773663 14.469275258935017 32.56046332902806 27.562179198300932 19.345784371280107 9.2414577592662308 38.132903747558593 34.608713512885863 9.7917341156005868 31.498702494303387 29.80758089877591 34.089717584497791 26.824777076357886 23.004163807836076 -14.864367855768748
leaf_weight=1489 79 32 158 81 46 20 288 49 21 134 60 220 59 20 80 468 23 93 133 169 187 20 123 25 33 101 136 63 29 193
leaf_count=1489 79 32 158 81 46 20 288 49 21 134 60 220 59 20 80 468 23 93 133 169 187 20 123 25 33 101 136 63 29 193
internal_value=1.87587e-08 23.7367 -13.9815 14.6001 30.9584 -2.8394 -15.7433 27.9093 33.5434 19.7199 9.34331 -3.302 -13.9995 -12.1818 32.6743 -16.041 11.729 32.9995 26.7227 18.7543 8.66287 35.4248 35.0487 7.62252 29.5757 29.1526 33.4687 25.8222 24.7867 -15.538
internal_weight=4632 1717 2915 758 959 398 2517 440 519 384 374 378 367 79 355 2150 83 309 257 250 291 164 144 104 183 150 229 124 61 661
internal_count=4632 1717 2915 758 959 398 2517 440 519 384 374 378 367 79 355 2150 83 309 257 250 291 164 144 104 183 150 229 124 61 661
is_linear=0
shrinkage=0.05


Tree=46
num_leaves=31
num_cat=0
split_feature=3 3 5 5 3 3 3 3 3 3 3 3 3 5 3 3 7 7 7 5 6 3 7 7 3 4 1 7 5 7
split_gain=5.54961e+08 4.34383e+07 1.79325e+07 6.96127e+06 3.5114e+06 487418 400542 386242 275841 220502 134634 129806 116917 98199.2 94755.3 85662.6 69552.1 65471.3 64045.9 64005.8 110468 62203.1 57694.4 72755.8 57526.6 54677.4 121017 54478.2 54096 52696
threshold=270.00000000000006 632.15000000000009 884.50000000000011 6446.3500000000013 770.70000000000016 825.80000000000007 700.80000000000007 15.550000000000002 422.7000000000001 206.50000000000003 853.15000000000009 596.20000000000016 732.25000000000011 5507.4000000000005 37.650000000000013 392.90000000000003 3349.5375000000008 3248.2229166666671 3360.7916666666674 79.300000000000026 76.90000000000002 804.20000000000016 3345.8145833333338 3320.8041666666668 231.60000000000002 9790.6500000000015 1.5000000000000002 3259.0125000000003 7014.6500000000005 3292.7666666666669
decision_type=2 2 2 2 2 2 2 2 2 2 2 2 2 2 2 2 2 2 2 2 2 2 2 2 2 2 2 2 2 2
left_child=2 3 7 8 6 16 -3 -1 15 17 25 29 27 18 -9 -2 21 -4 22 20 -16 -6 23 -10 -11 26 -7 -8 -13 -5
right_child=1 4 9 11 5 10 12 14 13 24 -12 28 -14 -15 19 -17 -18 -19 -20 -21 -22 -23 -24 -25 -26 -27 -28 -29 -30 -31
leaf_value=-15.346232205132644 5.0501277003532801 22.067341007598458 -7.2919987474169048 16.162076672385719 28.729788905176623 33.680817339497231 23.399391545476142 -14.236015879677005 8.7027331780928829 -3.2552385063829092 34.06515252890707 17.685269814349237 26.944449102939707 12.718707180023195 -14.306883239746094 7.6860405605666493 32.006101527358545 -4.5235521486070418 11.630491107923014 -13.791670017242433 -10.035699597800651 30.353514048258461 6.4856623852252966 11.367058495914236 -1.7786195821013333 32.698728995037897 29.902591215674558 25.645035980224613 19.638885021209717 18.055249938964845
leaf_weight=1872 39 73 28 68 116 31 37 498 104 145 119 47 195 25 24 147 33 90 27 70 41 120 20 34 121 117 67 100 144 80
leaf_count=1872 39 73 28 68 116 31 37 498 104 145 119 47 195 25 24 147 33 90 27 70 41 120 20 34 121 117 67 100 144 80
internal_value=-8.46226e-08 22.2814 -13.4429 13.0377 29.0216 31.4401 25.4207 -14.9852 8.53553 -3.38156 32.7158 18.2969 26.158 9.77747 -13.9175 7.13335 29.8561 -5.18047 9.38 -12.7426 -11.6128 29.5554 8.99543 9.35916 -2.58354 31.969 31.0977 25.0385 19.1582 17.1854
internal_weight=4632 1743 2889 735 1008 603 405 2505 396 384 334 339 332 210 633 186 269 118 185 135 65 236 158 138 266 215 98 137 191 148
internal_count=4632 1743 2889 735 1008 603 405 2505 396 384 334 339 332 210 633 186 269 118 185 135 65 236 158 138 266 215 98 137 191 148
is_linear=0
shrinkage=0.05


Tree=47
num_leaves=31
num_cat=0
split_feature=3 5 3 6 3 5 3 3 3 3 3 3 3 6 3 6 7 3 5 3 3 1 4 5 7 6 3 6 4 4
split_gain=5.00855e+08 3.69437e+07 1.86548e+07 6.43975e+06 2.61046e+06 527805 432034 317376 285155 201954 193282 151005 109117 99846.6 83675 79053.6 71375 65255.6 57610.3 56629.8 50279.5 48148.9 49084.4 47767.2 45616.6 45312.4 43993.8 47295.5 43716.1 48283
threshold=387.80000000000001 7936.0500000000002 164.80000000000004 6574.0000000000009 788.75000000000011 4651.6000000000013 29.250000000000004 836.1500000000002 732.25000000000011 447.55000000000007 606.85000000000002 224.30000000000004 5.4500000000000011 482.7000000000001 872.35000000000002 5395.9000000000005 3312.1770833333335 757.60000000000014 476.80000000000001 421.35000000000008 692.4000000000002 3.5000000000000004 9550.0500000000011 9481.7000000000025 3337.6979166666665 4956.3500000000013 815.05000000000007 9786.0500000000011 176.15000000000003 21.350000000000005
decision_type=2 2 2 2 2 2 2 2 2 2 2 2 2 2 2 2 2 2 2 2 2 2 2 2 2 2 2 2 2 2
left_child=2 3 6 9 8 11 12 16 20 19 -5 -4 -1 18 21 25 26 -10 -8 -2 -3 -9 -23 -18 -14 -11 27 -6 29 -13
right_child=1 4 5 10 7 -7 13 14 17 15 -12 28 24 -15 -16 -17 23 -19 -20 -21 -22 22 -24 -25 -26 -27 -28 -29 -30 -31
leaf_value=-14.684346961462715 7.1181139101584749 21.244444147745767 -3.8675975014530652 16.700095984568964 26.149962885239546 5.3561204433441167 -12.399881188858785 31.744184888642412 25.305467960752292 11.521651967366537 18.991737349539093 -1.8667903195727957 -14.19536648062032 -9.3703984058820282 33.541159466999339 13.096840945534083 27.785167083740237 26.924659987983354 -15.201156826019286 8.5131932888593944 23.710426545623164 28.73894313267299 31.125843811035157 30.468824060184438 -13.340995258851486 8.6408563934839702 29.163320403403425 28.567064971923827 -1.3036181162585292 -4.9801786422729499
leaf_weight=1489 147 24 211 208 34 20 223 116 145 21 165 33 539 26 41 23 20 109 20 144 149 35 56 97 220 39 94 50 114 20
leaf_count=1489 147 24 211 208 34 20 223 116 145 21 165 33 539 26 41 23 20 109 20 144 149 35 56 97 220 39 94 50 114 20
internal_value=8.12023e-08 21.4228 -12.6185 13.0652 27.859 -2.5597 -14.209 30.1591 24.934 8.42898 17.7138 -2.97853 -14.4356 -12.3153 31.4775 10.6045 29.0508 26.0003 -12.6304 7.80846 23.3683 31.0688 30.2078 30.0101 -13.9477 9.64913 28.4202 27.5887 -1.85521 -3.04165
internal_weight=4632 1717 2915 747 970 398 2517 543 427 374 373 378 2248 269 248 83 295 254 243 291 173 207 91 117 759 60 178 84 167 53
internal_count=4632 1717 2915 747 970 398 2517 543 427 374 373 378 2248 269 248 83 295 254 243 291 173 207 91 117 759 60 178 84 167 53
is_linear=0
shrinkage=0.05


Tree=48
num_leaves=31
num_cat=0
split_feature=3 3 5 3 3 3 3 3 3 3 3 6 1 7 3 3 6 3 3 7 6 1 7 3 5 6 5 5 4 7
split_gain=4.52035e+08 3.54084e+07 1.46148e+07 5.66996e+06 2.86025e+06 383267 326135 318884 194016 186465 183960 116784 83607.9 76029.6 75963.7 70331.1 69228.5 67670.7 64213.8 70197.2 63403.7 62530.1 112135 70155.3 59573.5 64772.8 59009.3 56781 56376.7 55534.5
threshold=270.00000000000006 632.15000000000009 884.50000000000011 476.35000000000008 782.6500000000002 721.20000000000016 836.1500000000002 19.450000000000003 573.00000000000011 409.95000000000005 204.25000000000003 7508.7000000000007 4.5000000000000009 3312.1770833333335 879.05000000000007 611.20000000000016 4806.1000000000013 751.25000000000011 39.750000000000007 3220.9750000000008 7574.1500000000005 1.0000000180025095e-35 3329.4604166666668 427.4500000000001 79.300000000000026 155.10000000000005 2268.1000000000004 7122.2000000000007 2549.4000000000005 3248.2229166666671
decision_type=2 2 2 2 2 2 2 2 2 2 2 2 2 2 2 2 2 2 2 2 2 2 2 2 2 2 2 2 2 2
left_child=2 3 7 9 5 11 13 -1 27 16 26 -3 21 -6 -8 20 -2 -7 19 -9 -10 22 -11 -23 25 -20 -4 -5 -18 -28
right_child=1 4 10 8 6 17 14 18 15 12 -12 -13 -14 -15 -16 -17 28 -19 24 -21 -22 23 -24 -25 -26 -27 29 -29 -30 -31
leaf_value=-13.809303546918891 3.3362810554711717 18.519565987586976 -7.0801065118416506 11.530701323917935 26.870746436485877 23.607235996078398 29.579014251429005 -15.587092323303223 16.675594544553473 6.9317778934131971 -2.3823902077014956 21.896643179655076 9.7050444397661426 28.454284335720924 32.262566274007163 17.912914418239222 8.6742631231035503 25.172707054263256 -11.479180650150075 -12.547734615694251 14.179036337534587 6.069526872082033 12.039805721101308 8.1596984476471945 -12.488967694369229 -7.8931942105293276 -6.1698252315521245 14.898008038920743 5.66419080177943 -3.3356283092073036
leaf_weight=1997 23 32 23 21 195 159 218 20 167 22 280 128 72 124 30 102 21 122 34 379 30 69 21 96 55 20 25 31 60 56
leaf_count=1997 23 32 23 21 195 159 218 20 167 22 280 128 72 124 30 102 21 122 34 379 30 69 21 96 55 20 25 31 60 56
internal_value=-8.39522e-08 20.1093 -12.1324 11.7636 26.1947 23.1746 28.5436 -13.5248 16.357 7.56503 -3.04936 21.2212 8.23652 27.4863 29.9036 16.8472 5.75717 24.2869 -12.4063 -12.7001 16.2954 7.72819 9.4264 7.28563 -11.3307 -10.151 -4.84503 13.5381 6.44458 -4.21038
internal_weight=4632 1743 2889 735 1008 441 567 2505 351 384 384 160 280 319 248 299 104 281 508 399 197 208 43 165 109 54 104 52 81 81
internal_count=4632 1743 2889 735 1008 441 567 2505 351 384 384 160 280 319 248 299 104 281 508 399 197 208 43 165 109 54 104 52 81 81
is_linear=0
shrinkage=0.05


Tree=49
num_leaves=31
num_cat=0
split_feature=3 5 3 6 3 5 3 3 3 3 3 3 3 5 5 3 5 3 4 7 3 7 7 3 4 7 0 6 3 4
split_gain=4.07993e+08 3.00927e+07 1.51915e+07 5.24639e+06 2.13276e+06 424002 356632 273169 233719 167717 159292 131570 96763.7 82659.8 74658.5 73410.5 66197 70400.5 69322.6 61537.9 60848.4 57276.2 65889.5 52527.1 54516.5 70354 51746.4 82885.5 89443.6 54060.5
threshold=387.80000000000001 7936.0500000000002 164.80000000000004 6574.0000000000009 795.30000000000007 4651.6000000000013 24.550000000000004 744.85000000000002 847.35000000000002 454.2000000000001 600.75000000000011 231.60000000000002 51.600000000000009 9481.7000000000025 5050.2500000000009 1.7500000000000002 4844.1000000000013 415.10000000000008 6912.8000000000011 3280.6895833333342 707.55000000000007 3344.4770833333337 3364.2166666666676 623.25000000000011 5536.0500000000011 3280.6895833333342 1.5000000000000002 64.250000000000014 14.850000000000003 2747.8000000000006
decision_type=2 2 2 2 2 2 2 2 2 2 2 2 2 2 2 2 2 2 2 2 2 2 2 2 2 2 2 2 2 2
left_child=2 3 6 9 7 11 15 20 13 16 -5 21 -8 -6 -11 -1 18 -18 -2 -15 -3 -4 -23 24 25 -12 27 -17 -29 -28
right_child=1 4 5 10 8 -7 12 -9 -10 14 23 -13 -14 19 -16 26 17 -19 -20 -21 -22 22 -24 -25 -26 -27 29 28 -30 -31
leaf_value=-13.303972617578872 7.4278260705620056 19.904157209396363 -3.7225460375594626 14.846609850156876 24.630854979805324 4.783233013153076 -11.667537843823343 23.970837261607347 28.890550213325316 7.9845735466998562 17.036262453519381 -1.3755998794253417 -9.0622523969411848 25.912016560481149 11.719241923093797 -12.508617691198985 5.628884156403088 7.3914831275569988 10.97540930793399 27.4052475645484 21.889446758134717 0.2141939929940484 -3.4720414091039586 17.955299892673246 17.212653626335992 13.482722714742025 -12.460967827041944 -13.584010357326932 -17.754359970092775 -14.978726855191319
leaf_weight=1310 40 48 202 168 46 20 327 206 164 23 26 127 40 104 32 72 84 174 21 205 197 22 27 77 72 30 690 36 20 22
leaf_count=1310 40 48 202 168 46 20 327 206 164 23 26 127 40 104 32 72 84 174 21 205 197 22 27 77 72 30 690 36 20 22
internal_value=-1.13029e-07 19.3351 -11.3888 11.7921 25.1439 -2.31162 -12.8241 22.6289 27.3295 7.60749 15.988 -2.68701 -11.3836 26.6083 10.1575 -13.07 7.16784 6.81761 8.64913 26.9027 21.5005 -3.35055 -1.817 16.9234 16.3026 15.1326 -12.7052 -13.6307 -15.0734 -12.5388
internal_weight=4632 1717 2915 747 970 398 2517 451 519 374 373 378 367 355 55 2150 319 258 61 309 245 251 49 205 128 56 840 128 56 712
internal_count=4632 1717 2915 747 970 398 2517 451 519 374 373 378 367 355 55 2150 319 258 61 309 245 251 49 205 128 56 840 128 56 712
is_linear=0
shrinkage=0.05


Tree=50
num_leaves=31
num_cat=0
split_feature=3 5 5 6 3 3 3 3 3 3 3 3 6 7 3 3 7 5 5 6 3 5 3 5 6 5 6 5 3 4
split_gain=3.68213e+08 2.71586e+07 1.37119e+07 4.73487e+06 1.92563e+06 400778 266449 238769 214005 154637 151392 143761 106989 73360.2 63829.2 55068 57708.3 54663.7 54194.9 58168.5 54043.4 53358 50491 49578.6 56066.8 48985.5 48794.4 48439.7 45565.6 42878.3
threshold=387.80000000000001 7936.0500000000002 884.50000000000011 6574.0000000000009 788.75000000000011 270.00000000000006 15.550000000000002 842.95000000000016 730.50000000000011 201.10000000000005 439.85000000000008 600.75000000000011 5463.7000000000007 3312.1770833333335 39.750000000000007 886.85000000000002 3336.1166666666672 2318.4500000000003 79.300000000000026 155.10000000000005 757.60000000000014 9481.7000000000025 231.60000000000002 7014.6500000000005 7349.1000000000013 2820.6000000000004 10349.800000000001 9943.4500000000025 815.05000000000007 160.65000000000001
decision_type=2 2 2 2 2 2 2 2 2 2 2 2 2 2 2 2 2 2 2 2 2 2 2 2 2 2 2 2 2 2
left_child=2 3 6 10 8 9 -1 13 -3 17 -2 -5 -12 28 -8 16 26 -4 19 -16 -10 -15 29 24 -13 -19 -9 -18 -6 -11
right_child=1 4 5 11 7 -7 14 15 20 22 12 23 -14 21 18 -17 27 25 -20 -21 -22 -23 -24 -25 -26 -27 -28 -29 -30 -31
leaf_value=-12.506570410164885 6.5271695698182741 19.928532977104187 -6.7875276747204012 14.104279174974986 23.585615893772669 3.6647503119248612 -11.548906161994426 25.84405560811361 21.650182033490534 -3.9570702181142923 7.9977465575874449 13.711516420464768 11.920127891358876 23.582192920503161 -10.352495131773107 29.788287048339846 29.915518716665417 -3.0130462870305901 -11.323774408860642 -6.9542369139194493 23.097470988702341 26.294224445084883 -1.4080016994279279 16.565636911197583 16.982137069702148 -5.8993695531572614 28.381407356262208 26.89180812129268 25.109260992276468 -2.2285471704626874
leaf_weight=1872 252 160 21 168 84 26 524 90 158 51 101 38 21 21 34 20 26 49 55 20 109 133 121 147 20 21 24 27 118 121
leaf_count=1872 252 160 21 168 84 26 524 90 158 51 101 38 21 21 34 20 26 49 55 20 109 133 121 147 20 21 24 27 118 121
internal_value=-1.02532e-08 18.3683 -10.8194 11.2025 23.8867 -2.34296 -12.2067 25.8623 21.3745 -2.74973 7.22712 15.1886 8.67291 25.1024 -11.3199 27.3089 27.012 -4.55016 -10.2191 -9.09388 22.241 25.9244 -2.19056 16.0772 14.8393 -3.87894 26.3782 28.3751 24.4757 -2.74107
internal_weight=4632 1717 2915 747 970 410 2505 543 427 384 374 373 122 356 633 187 167 91 109 54 267 154 293 205 58 70 114 53 202 172
internal_count=4632 1717 2915 747 970 410 2505 543 427 384 374 373 122 356 633 187 167 91 109 54 267 154 293 205 58 70 114 53 202 172
is_linear=0
shrinkage=0.05


Tree=51
num_leaves=31
num_cat=0
split_feature=3 3 3 5 3 5 3 3 3 3 3 3 3 3 6 6 3 4 5 7 5 7 6 5 3 6 7 7 5 5
split_gain=3.32313e+08 2.45385e+07 1.23844e+07 3.79991e+06 2.10755e+06 349720 307551 296872 236402 123193 106897 97075.9 81665 79423 77607.7 76044.8 68347 55424.2 54103.7 51714.6 51698.5 50771.9 49847.7 67359.5 58482.1 49529.2 47702.9 47536.8 46144.6 45051.2
threshold=387.80000000000001 632.15000000000009 164.80000000000004 6446.3500000000013 770.70000000000016 4651.6000000000013 821.9000000000002 29.250000000000004 700.80000000000007 432.80000000000007 214.05000000000004 855.10000000000002 596.20000000000016 1.7500000000000002 5512.6000000000013 482.7000000000001 734.15000000000009 7204.9500000000016 8868.7500000000018 3225.7062500000006 476.80000000000001 3294.9625000000001 10058.200000000003 9747.1000000000022 844.95000000000016 10197.250000000002 3308.8062500000001 3292.7666666666669 9776.6000000000022 181.80000000000004
decision_type=2 2 2 2 2 2 2 2 2 2 2 2 2 2 2 2 2 2 2 2 2 2 2 2 2 2 2 2 2 2
left_child=2 3 7 9 8 10 -6 13 -3 17 -4 22 27 -1 -11 20 18 -2 -10 -15 29 -20 23 -8 -25 -24 -19 -5 -13 -9
right_child=1 4 5 12 6 -7 11 15 16 14 -12 28 -14 19 -16 -17 -18 26 21 -21 -22 -23 25 24 -26 -27 -28 -29 -30 -31
leaf_value=-12.013663599036123 5.5528857597310077 17.097058358910967 -3.4157345351539079 12.293349734474631 22.971658209975885 4.3608337378501894 23.681825564769991 -10.423446486831386 20.341500593740733 7.4539799832131557 -1.7109918062524363 28.691398086547849 14.830034713345672 -12.688933411689653 10.786681528091432 -7.4345014902261584 20.887020090238646 6.1016483033857041 16.965061640739442 -11.303107430039114 -12.714806747436525 19.668173418546978 22.253149090391219 25.209722320942941 27.743416976928714 24.672014695506988 9.0708326836427045 14.091460928916931 26.030760244889695 -8.6671010971069347
leaf_weight=1310 157 73 158 68 245 20 47 177 79 138 220 20 191 73 20 26 183 31 32 865 20 38 33 79 32 59 24 80 88 46
leaf_count=1310 157 73 158 68 245 20 47 177 79 138 220 20 191 73 20 26 183 31 32 865 20 38 33 79 32 59 24 80 88 46
internal_value=-7.45907e-08 17.4499 -10.2784 10.3228 22.463 -2.08263 24.3366 -11.5743 19.6732 6.81902 -2.42356 25.2708 14.1469 -11.7622 7.87584 -10.0046 20.2397 6.03139 19.4446 -11.411 -10.2796 18.4325 24.7296 25.2684 25.9402 23.8044 7.39729 13.2653 26.5235 -10.0612
internal_weight=4632 1717 2915 709 1008 398 603 2517 405 370 378 358 339 2248 158 269 332 212 149 938 243 70 250 158 111 92 55 148 108 223
internal_count=4632 1717 2915 709 1008 398 603 2517 405 370 378 358 339 2248 158 269 332 212 149 938 243 70 250 158 111 92 55 148 108 223
is_linear=0
shrinkage=0.05


Tree=52
num_leaves=31
num_cat=0
split_feature=3 3 5 5 3 3 3 3 3 3 3 3 7 4 3 3 5 4 7 3 7 5 6 6 7 7 4 6 6 6
split_gain=2.99915e+08 2.3534e+07 9.70659e+06 3.51181e+06 2.13349e+06 309805 278838 220111 144489 128095 96111.5 71661.3 66439.5 62411.8 57098.2 57052.9 55768.9 54418.7 70212.7 53134.4 51020.8 49962.2 51843.5 49321.6 49197.4 46264.9 116515 42522.8 78428.7 41680.2
threshold=270.00000000000006 626.95000000000016 884.50000000000011 6446.3500000000013 770.70000000000016 692.4000000000002 819.00000000000011 15.550000000000002 422.7000000000001 206.50000000000003 853.15000000000009 727.55000000000007 3274.3979166666672 7100.6000000000013 405.9500000000001 590.85000000000014 7211.2000000000007 7387.8000000000002 3360.7916666666674 39.750000000000007 3349.5375000000008 79.300000000000026 95.850000000000009 7508.7000000000007 3248.2229166666671 3307.5895833333338 9885.0500000000011 5211.9500000000016 5395.9000000000005 482.7000000000001
decision_type=2 2 2 2 2 2 2 2 2 2 2 2 2 2 2 2 2 2 2 2 2 2 2 2 2 2 2 2 2 2
left_child=2 3 7 8 5 -3 20 -1 12 24 -8 13 14 -7 -2 23 -17 18 -10 29 -6 22 -21 -5 -4 -12 -27 -14 -29 -9
right_child=1 4 9 15 6 11 10 19 17 -11 25 -13 27 -15 -16 16 -18 -19 -20 21 -22 -23 -24 -25 -26 26 -28 28 -30 -31
leaf_value=-11.289615004719833 2.4713335470719771 15.803923894096824 -5.6815165217433661 12.959312411717006 21.404465674355393 15.79828688881614 23.402925653168651 -10.326643688190151 6.3336912696937038 -1.8717909204780607 23.779561469668437 19.716679885170677 5.1690246454874682 18.734603171255074 5.4596970081329346 12.920980459920479 14.622266805739631 8.7725457953243726 9.307305012578551 -9.7340453294607325 23.655277646821123 -10.267361923131077 -6.6334266730717246 10.430306572715443 -3.2816786777973181 27.762444598858174 23.872157408061781 8.8450583855311091 4.7140163999795917 -12.550144507668236
leaf_weight=1872 33 85 28 98 191 22 264 502 145 266 42 220 75 102 31 89 105 41 23 26 29 55 28 24 90 39 38 27 20 22
leaf_count=1872 33 85 28 98 191 22 264 502 145 266 42 220 75 102 31 89 105 41 23 26 29 55 28 24 90 39 38 27 20 22
internal_value=-2.24563e-08 16.3799 -9.88234 9.38024 21.2023 18.507 23.1198 -11.0171 6.23723 -2.48003 23.9347 19.1749 5.22354 18.2136 3.91882 13.309 13.8418 7.13937 6.74079 -10.2111 21.7012 -9.20666 -8.12632 12.4618 -3.85113 25.1144 25.8426 5.90798 7.08717 -10.42
internal_weight=4632 1743 2889 711 1032 429 603 2505 395 384 383 344 186 124 64 316 194 209 168 633 220 109 54 122 118 119 77 122 47 524
internal_count=4632 1743 2889 711 1032 429 603 2505 395 384 383 344 186 124 64 316 194 209 168 633 220 109 54 122 118 119 77 122 47 524
is_linear=0
shrinkage=0.05


Tree=53
num_leaves=31
num_cat=0
split_feature=3 3 3 3 3 5 3 3 3 3 3 3 6 7 3 3 6 3 7 1 4 5 7 7 7 4 3 4 7 7
split_gain=2.70689e+08 1.99861e+07 1.00902e+07 3.09258e+06 1.72137e+06 285013 246525 230907 203613 136391 93217.7 76686.2 75258.6 73808 72539.8 69759.4 66484.7 69948.9 58473.3 51895.6 74906.6 70124.4 51589.7 50065.6 59372.2 48597.4 47880.8 47478.8 106240 41851.2
threshold=387.80000000000001 632.15000000000009 164.80000000000004 476.35000000000008 782.6500000000002 4651.6000000000013 30.650000000000002 721.20000000000016 828.80000000000007 573.00000000000011 231.60000000000002 432.80000000000007 7508.7000000000007 3360.7916666666674 5.4500000000000011 864.70000000000016 258.30000000000001 37.650000000000013 3334.2270833333337 3.5000000000000004 10169.600000000002 9747.1000000000022 3337.6979166666665 3344.4770833333337 3364.2166666666676 7204.9500000000016 615.10000000000014 9885.0500000000011 3310.5354166666671 3308.8062500000001
decision_type=2 2 2 2 2 2 2 2 2 2 2 2 2 2 2 2 2 2 2 2 2 2 2 2 2 2 2 2 2 2
left_child=2 3 6 11 7 10 14 12 13 -5 23 25 -3 -6 -1 19 -8 -18 -9 -10 21 -21 -16 -4 -25 -2 -11 28 -17 -27
right_child=1 4 5 9 8 -7 16 18 15 26 -12 -13 -14 -15 22 27 17 -19 -20 20 -22 -23 -24 24 -26 29 -28 -29 -30 -31
leaf_value=-10.813129483476592 4.9917893325067633 14.24537772834301 -3.0928701844970043 10.28849446819379 20.802114156949319 3.9381239187717441 -9.3746600856225957 18.338687071159708 23.207807408326062 12.696840746913638 -1.0827091516472223 6.9289595912988879 16.956369006633761 23.895418003627235 -10.478482500644304 22.907387008666994 -9.4745343913202706 -5.835279383197908 19.936989002227786 18.450045528411867 24.200385348002115 21.85491536048151 -9.5856063736112489 0.61682005118240013 -2.8823615228688277 5.5052951874271514 14.156433670043945 22.633208167034649 28.061016921997073 8.2864083806673694
leaf_weight=1489 157 32 202 52 236 20 189 201 141 224 127 146 128 21 557 20 23 31 80 20 24 62 228 22 27 31 75 23 20 24
leaf_count=1489 157 32 202 52 236 20 189 201 141 224 127 146 128 21 557 20 23 31 80 20 24 62 228 22 27 31 75 23 20 24
internal_value=-3.68533e-08 15.7491 -9.27655 9.31693 20.2733 -1.87878 -10.4463 17.9304 22.0955 12.6519 -2.18655 6.04714 16.4142 21.0549 -10.6081 22.9582 -8.93259 -7.38533 18.7937 22.5794 21.7435 21.0245 -10.2192 -2.74507 -1.3113 5.43985 13.063 24.4434 25.4842 6.71887
internal_weight=4632 1717 2915 709 1008 398 2517 441 567 351 378 358 160 257 2274 310 243 54 281 247 106 82 785 251 49 212 299 63 40 55
internal_count=4632 1717 2915 709 1008 398 2517 441 567 351 378 358 160 257 2274 310 243 54 281 247 106 82 785 251 49 212 299 63 40 55
is_linear=0
shrinkage=0.05


Tree=54
num_leaves=31
num_cat=0
split_feature=3 5 3 6 3 5 3 3 3 3 3 3 3 5 5 5 5 5 4 7 7 4 3 7 4 4 1 1 7 4
split_gain=2.44297e+08 1.80415e+07 9.10642e+06 3.15114e+06 1.29445e+06 257225 224712 183196 136036 107779 98689.6 84128.9 79407.6 81753.7 63480.4 63064.3 59861.2 58229.1 58514 53146.4 53624.1 76187.9 50676.3 47287.4 58646.5 101382 68462 52923.4 46206.9 45381.1
threshold=387.80000000000001 7936.0500000000002 164.80000000000004 6574.0000000000009 797.25000000000011 4651.6000000000013 20.850000000000005 748.80000000000007 853.15000000000009 454.2000000000001 615.10000000000014 231.60000000000002 45.750000000000007 181.80000000000004 62.050000000000004 9481.7000000000025 5050.2500000000009 4844.1000000000013 6912.8000000000011 3280.6895833333342 3257.6791666666672 9584.8500000000022 415.10000000000008 3282.7708333333335 2.3500000000000005 237.45000000000002 1.5000000000000002 1.5000000000000002 3348.2604166666674 136.80000000000004
decision_type=2 2 2 2 2 2 2 2 2 2 2 2 2 2 2 2 2 2 2 2 2 2 2 2 2 2 2 2 2 2
left_child=2 3 6 9 7 11 -1 -3 15 17 -5 -4 23 14 -14 -6 -11 18 -2 20 21 -17 -19 27 -25 26 -26 -8 -9 -28
right_child=1 4 5 10 8 -7 12 28 -10 16 -12 -13 13 -15 -16 19 -18 22 -20 -21 -22 -23 -24 24 25 -27 29 -29 -30 -31
leaf_value=-10.150977835688732 5.792822319269181 16.703402342672245 -2.6078200098112285 11.836790638703567 18.99138186984592 3.7412177184596658 -11.916221056313351 18.3634625017643 22.683740080504862 5.9765201008838158 13.606631400943858 -1.0285736657033755 -7.2581732865037596 -5.4385142300526308 -10.919798011779786 23.072387582284435 9.3206665813922882 4.1885765343904495 9.0521293390364885 21.42129796790244 18.851069547692124 19.598658752441409 5.6840132981881331 -7.6757017209927243 -8.5251023626327509 -7.8873911970981254 -11.913536755543836 -9.4666294161392308 20.393128653133616 -9.4250616434429375
leaf_weight=2045 40 269 251 260 45 20 29 160 119 23 113 127 29 30 20 27 32 84 21 229 49 38 174 75 40 76 53 92 34 28
leaf_count=2045 40 269 251 260 45 20 29 160 119 23 113 127 29 30 20 27 32 84 21 229 49 38 174 75 40 76 53 92 34 28
internal_value=4.35117e-08 14.9616 -8.81273 9.12115 19.4594 -1.78484 -9.92401 17.548 21.2049 5.87804 12.373 -2.07723 -8.94064 -7.49416 -8.75271 20.7513 7.92221 5.5256 6.91488 20.9822 20.1001 21.0416 5.19713 -9.23141 -8.8656 -9.3186 -10.2175 -10.0537 18.7192 -11.0533
internal_weight=4632 1717 2915 747 970 398 2517 463 507 374 373 378 472 79 49 388 55 319 61 343 114 65 258 393 272 197 121 121 194 81
internal_count=4632 1717 2915 747 970 398 2517 463 507 374 373 378 472 79 49 388 55 319 61 343 114 65 258 393 272 197 121 121 194 81
is_linear=0
shrinkage=0.05


Tree=55
num_leaves=31
num_cat=0
split_feature=3 3 3 5 3 3 3 3 3 3 3 4 5 5 7 7 3 3 3 1 4 6 6 3 5 6 4 7 4 6
split_gain=2.20481e+08 1.73165e+07 7.13683e+06 2.5829e+06 1.57676e+06 229013 209780 175254 107086 106811 72546.7 63492.3 69441.8 75363.3 57078.1 55468.9 58502.3 54491.2 50532.1 49662.9 63460.8 51533.7 47300.8 44918.2 49934.8 44763.1 42849.6 95881.2 39760.7 39637.5
threshold=270.00000000000006 626.95000000000016 65.500000000000014 6446.3500000000013 770.70000000000016 692.4000000000002 819.00000000000011 15.550000000000002 427.4500000000001 195.50000000000003 864.70000000000016 2841.7500000000005 5461.6500000000005 5143.5000000000009 3274.3979166666672 3288.8770833333342 746.15000000000009 405.9500000000001 45.750000000000007 1.5000000000000002 10064.200000000003 9756.2000000000025 2565.3500000000008 590.85000000000014 7211.2000000000007 7508.7000000000007 9885.0500000000011 3310.5354166666671 10040.150000000003 7211.2000000000007
decision_type=2 2 2 2 2 2 2 2 2 2 2 2 2 2 2 2 2 2 2 2 2 2 2 2 2 2 2 2 2 2
left_child=2 3 7 8 5 -3 -6 -1 14 22 19 -10 13 -13 17 -7 -17 -2 -9 20 -8 28 -4 25 29 -5 27 -12 -21 -25
right_child=1 4 9 23 6 15 10 18 11 -11 26 12 -14 -15 -16 16 -18 -19 -20 21 -22 -23 -24 24 -26 -27 -28 -29 -30 -31
leaf_value=-9.6901741813267961 1.9435475465023158 13.539704067847309 -5.1462592421684947 11.131552063688941 18.598793145526539 15.666927321180166 22.216792323671541 -8.8793826653073875 4.9905948189849205 -1.71227083575784 20.627830505371094 7.2135821025352929 9.2089815451548649 4.0636684214627303 5.1741842914185083 16.391731684258644 18.214510428905488 4.68832729190588 -7.4171637372537091 20.060626820155555 19.496200516644649 19.350175345758473 -2.6832981934940277 12.152456274265198 12.620583234514509 8.7222488482793175 20.367360919454825 25.523778991699221 22.579113769531251 10.035530309379102
leaf_weight=1874 33 85 35 98 220 139 58 564 66 306 20 64 26 27 139 141 64 40 66 42 34 161 44 41 105 24 23 20 25 48
leaf_count=1874 33 85 35 98 220 139 58 564 66 306 20 64 26 27 139 141 64 40 66 42 34 161 44 41 105 24 23 20 25 48
internal_value=-1.00576e-08 14.0442 -8.47318 8.03998 18.1808 15.8637 19.8293 -9.44764 5.34451 -2.13543 20.5361 6.23061 6.9301 6.27899 4.57963 16.438 16.9608 3.44754 -8.7262 20.2308 21.2114 19.8351 -3.77448 11.4093 11.882 10.6576 22.087 23.0758 21.0004 11.0107
internal_weight=4632 1743 2889 711 1032 429 603 2504 395 385 383 183 117 91 212 344 205 73 630 320 92 228 79 316 194 122 63 40 67 89
internal_count=4632 1743 2889 711 1032 429 603 2504 395 385 383 183 117 91 212 344 205 73 630 320 92 228 79 316 194 122 63 40 67 89
is_linear=0
shrinkage=0.05


Tree=56
num_leaves=31
num_cat=0
split_feature=3 3 3 6 3 5 3 3 3 3 3 3 3 6 5 5 5 4 7 6 5 4 7 7 7 7 4 5 3 7
split_gain=1.98999e+08 1.47021e+07 7.41647e+06 2.64637e+06 1.00018e+06 208871 186463 128031 113694 95522.4 88999.6 72580.5 63721.5 62206.1 55844.9 52398.3 52222.8 51182.5 48900.9 49926.2 47739.8 53083.5 61111.8 48457.6 47297.4 48602.5 67696.2 42713.2 42000.8 41035.1
threshold=387.80000000000001 683.00000000000011 164.80000000000004 6574.0000000000009 797.25000000000011 4651.6000000000013 32.250000000000007 751.25000000000011 853.15000000000009 613.20000000000016 454.2000000000001 212.45000000000002 1.7500000000000002 482.7000000000001 9481.7000000000025 4844.1000000000013 5050.2500000000009 6912.8000000000011 3337.6979166666665 482.7000000000001 6.6500000000000012 296.35000000000008 3368.5437500000003 3343.4562500000006 3280.6895833333342 3257.6791666666672 9584.8500000000022 9714.3500000000022 415.10000000000008 3288.8770833333342
decision_type=2 2 2 2 2 2 2 2 2 2 2 2 2 2 2 2 2 2 2 2 2 2 2 2 2 2 2 2 2 2
left_child=2 3 6 10 7 11 12 29 14 -5 15 -4 -1 -8 -6 17 -12 -2 19 -14 21 22 -20 -22 25 26 -16 -10 -17 -3
right_child=1 4 5 9 8 -7 13 -9 27 -11 16 -13 18 -15 24 28 -18 -19 20 -21 23 -23 -24 -25 -26 -27 -28 -29 -30 -31
leaf_value=-9.3160911055284608 5.2539738836884498 14.478086516234251 -2.7532573057659739 10.637617174911499 17.070735130310059 3.3681368613243103 -7.8343184627434042 16.931674547935582 22.539850580124629 12.292113375663758 5.3460105118544208 -1.3284247349388099 -8.9307474870333632 -5.0795505762100222 20.922600018536603 3.7557323022967299 8.469516782835127 8.3022621344952352 -6.4456179403489644 -11.205987594604494 -6.6480378306829016 -5.3227582159042361 -9.5372269774928249 -8.9588755521881449 19.358371917857877 16.922883559246454 17.648173783954821 20.054992099684114 5.1171594928393418 15.730851517683305
leaf_weight=1310 40 111 145 250 45 20 188 182 21 134 23 233 678 23 27 84 32 21 31 25 26 25 33 178 229 49 38 98 174 159
leaf_count=1310 40 111 145 250 45 20 188 182 21 134 23 233 678 23 27 84 32 21 31 25 26 25 33 178 229 49 38 98 174 159
internal_value=-3.20298e-08 13.5035 -7.95385 8.29935 17.6169 -1.61151 -8.95673 15.9067 19.1415 11.215 5.30577 -1.87499 -9.08691 -7.53404 18.7268 4.9855 7.16332 6.30338 -8.78548 -9.01166 -8.2428 -7.27653 -8.03973 -8.66436 18.9441 18.1119 19.0083 20.4935 4.6739 15.2158
internal_weight=4632 1717 2915 758 959 398 2517 452 507 384 374 378 2306 211 388 319 55 61 996 703 293 89 64 204 343 114 65 119 258 270
internal_count=4632 1717 2915 758 959 398 2517 452 507 384 374 378 2306 211 388 319 55 61 996 703 293 89 64 204 343 114 65 119 258 270
is_linear=0
shrinkage=0.05


Tree=57
num_leaves=31
num_cat=0
split_feature=3 3 5 6 3 5 3 3 3 3 3 7 3 5 1 0 5 5 5 4 4 4 7 6 6 3 5 7 6 3
split_gain=1.79597e+08 1.32773e+07 6.69672e+06 2.0511e+06 1.14762e+06 196379 162956 142238 136858 90168.9 80322.1 65206.6 59534.1 54707.1 51399.5 73336.8 60940.4 47289.5 47131.1 46192.2 43418.9 57197.2 43971.3 42561.7 56708 42413.6 45187.2 40084.9 38713.6 37905.7
threshold=387.80000000000001 632.15000000000009 884.50000000000011 6574.0000000000009 782.6500000000002 4651.6000000000013 724.35000000000002 828.80000000000007 15.550000000000002 208.65000000000001 454.2000000000001 3359.635416666667 583.50000000000011 7381.3000000000011 3.5000000000000004 12.500000000000002 9895.2500000000018 4844.1000000000013 5050.2500000000009 6912.8000000000011 160.65000000000001 57.550000000000004 3342.7270833333337 2668.2000000000003 2932.7000000000003 848.95000000000016 9776.6000000000022 3254.7250000000004 7419.4000000000005 415.10000000000008
decision_type=2 2 2 2 2 2 2 2 2 2 2 2 2 2 2 2 2 2 2 2 2 2 2 2 2 2 2 2 2 2
left_child=2 3 8 10 6 9 13 11 -1 23 17 -6 28 -3 25 16 -16 19 -12 -2 21 22 -11 27 -25 -9 -27 -4 -5 -19
right_child=1 4 5 12 7 -7 -8 14 -10 20 18 -13 -14 -15 15 -17 -18 29 -20 -21 -22 -23 -24 24 -26 26 -28 -29 -30 -31
leaf_value=-8.7406162722553642 4.99127522200346 11.540161401033401 -5.6524099230766298 9.8935983546574917 16.884236087962094 3.1997300339490176 15.375048029956535 18.501566477571981 -7.8901542372613154 -2.4436816120759035 5.0787099589472238 19.674276401685631 10.803651519272272 13.83013392509298 15.352680864005254 19.970375218110927 18.090187140072093 3.5679456627085098 8.046041002497077 7.8871489922205615 -0.8989244797640602 -4.4057005706040755 0.43990779161453253 -0.71785774396525492 -3.9872633729662215 22.136896934509281 19.442043348039903 -3.0320299422299422 7.3992384456452873 4.8613015157994868
leaf_weight=1872 40 32 20 60 234 20 268 89 633 39 23 23 254 141 29 34 68 84 32 21 177 23 20 36 21 20 70 54 21 174
leaf_count=1872 40 32 20 60 234 20 268 89 633 39 23 23 254 141 29 34 68 84 32 21 177 23 20 36 21 20 70 54 21 174
internal_value=2.61809e-08 12.8283 -7.55616 7.58571 16.5158 -1.63245 14.6028 18.0037 -8.52571 -1.88025 5.04048 17.1339 10.4272 13.4066 18.7248 17.9722 17.2718 4.73622 6.80516 5.98822 -1.33956 -2.29069 -1.46619 -2.94926 -1.92238 19.2755 20.0409 -3.74024 9.24691 4.44021
internal_weight=4632 1717 2915 709 1008 410 441 567 2505 390 374 257 335 173 310 131 97 319 55 61 259 82 59 131 57 179 90 74 81 258
internal_count=4632 1717 2915 709 1008 410 441 567 2505 390 374 257 335 173 310 131 97 319 55 61 259 82 59 131 57 179 90 74 81 258
is_linear=0
shrinkage=0.05


Tree=58
num_leaves=31
num_cat=0
split_feature=3 3 5 5 3 3 3 3 3 3 3 7 3 7 3 1 4 5 3 6 5 5 7 7 7 0 1 4 4 3
split_gain=1.62088e+08 1.27459e+07 5.24872e+06 1.89614e+06 1.16516e+06 182769 150763 123811 80791.8 79255.2 59137 58015.2 54192.8 53291.8 51337.7 50991.3 59168.5 48932.3 47989.6 47226.6 40940.2 53938.5 38774 38571.5 38234.7 47327.6 68321 38134.3 40669.2 49771.7
threshold=270.00000000000006 626.95000000000016 884.50000000000011 6446.3500000000013 762.90000000000009 819.00000000000011 692.4000000000002 16.450000000000003 432.80000000000007 195.50000000000003 868.70000000000016 3325.514583333334 392.90000000000003 3288.8770833333342 746.15000000000009 1.5000000000000002 10064.200000000003 8811.3500000000004 736.90000000000009 9756.2000000000025 5461.6500000000005 5143.5000000000009 3309.233333333334 3363.041666666667 3283.2833333333333 17.500000000000004 3.5000000000000004 2.3500000000000005 265.45000000000005 37.650000000000013
decision_type=2 2 2 2 2 2 2 2 2 2 2 2 2 2 2 2 2 2 2 2 2 2 2 2 2 2 2 2 2 2
left_child=2 3 7 8 6 -6 -3 -1 11 -4 15 12 -2 17 -15 16 -7 -8 -19 -17 21 -10 -21 -5 25 26 -9 -26 29 -29
right_child=1 4 9 23 5 10 13 24 20 -11 -12 -13 -14 14 -16 19 -18 18 -20 22 -22 -23 -24 -25 27 -27 -28 28 -30 -31
leaf_value=-8.2982122721007254 1.4479862564139898 11.624797433965348 -3.2444740799757152 9.5854537751657745 15.871642069913904 19.326949943930416 14.313113383242959 -8.5664340633456995 5.8081295052240058 -1.4590499315922167 19.187873899019682 5.2218478857607087 3.8917433765572564 14.04972063970904 15.942888243993124 18.092109523100014 16.754778501722548 11.127803069666813 13.693936418805803 15.761664695050342 7.1943936888660707 3.6392733338960386 17.280975269990808 11.368173094356763 -6.3906282815977793 -8.9487290087200346 -6.1168513246016074 -8.3373283446802713 -6.5985884310139555 -6.6188074833360222
leaf_weight=1898 27 85 78 282 245 59 57 59 86 306 52 69 142 141 48 68 36 38 35 83 28 43 85 34 107 84 55 154 90 58
leaf_count=1898 27 85 78 282 245 59 57 59 86 306 52 69 142 141 48 68 36 38 35 83 28 43 85 34 107 84 55 154 90 58
internal_value=3.73681e-08 12.0416 -7.265 6.8904 15.5906 16.9381 13.496 -8.09942 4.58092 -1.82171 17.6204 4.00013 3.50132 13.9945 14.5305 17.3741 18.3522 13.2153 12.3581 16.9804 5.46134 5.08518 16.5304 9.77727 -7.47784 -8.04818 -7.38462 -7.20173 -7.48911 -7.86717
internal_weight=4632 1743 2889 711 1032 628 404 2505 395 384 383 238 169 319 189 331 95 130 73 236 157 129 168 316 607 198 114 409 302 212
internal_count=4632 1743 2889 711 1032 628 404 2505 395 384 383 238 169 319 189 331 95 130 73 236 157 129 168 316 607 198 114 409 302 212
is_linear=0
shrinkage=0.05


Tree=59
num_leaves=31
num_cat=0
split_feature=3 3 3 5 3 3 5 3 3 3 7 7 3 3 6 6 3 7 5 3 7 3 3 4 4 0 3 7 5 4
split_gain=1.46289e+08 1.08172e+07 5.45795e+06 1.5641e+06 1.05156e+06 164949 154985 144800 136982 61163.7 54430.2 53994.7 64458.2 52448.2 51945.1 53886.8 49490.5 48386 49464.9 58287.4 49152.2 44796.8 44410.9 43498.2 49710.2 42345.3 41564.7 40510.5 51449.9 40187.6
threshold=387.80000000000001 626.95000000000016 164.80000000000004 6446.3500000000013 762.90000000000009 819.00000000000011 4651.6000000000013 27.850000000000005 707.55000000000007 235.90000000000001 3325.514583333334 3303.8875000000003 879.05000000000007 432.80000000000007 317.40000000000003 221.80000000000004 190.35000000000005 3327.2500000000005 8836.0500000000011 736.90000000000009 3337.6979166666665 746.15000000000009 39.750000000000007 11.800000000000002 144.45000000000002 2.5000000000000004 10.250000000000002 3292.7666666666669 10078.150000000001 7204.9500000000016
decision_type=2 2 2 2 2 2 2 2 2 2 2 2 2 2 2 2 2 2 2 2 2 2 2 2 2 2 2 2 2 2
left_child=2 3 7 13 8 -6 9 25 -3 10 16 27 -13 29 15 23 -4 18 -10 -20 -19 -22 -16 -9 -25 -1 -27 28 -7 -2
right_child=1 4 6 -5 5 11 -8 14 17 -11 -12 12 -14 -15 22 -17 -18 20 19 -21 21 -23 -24 24 -26 26 -28 -29 -30 -31
leaf_value=-8.2129752358622277 3.5751443313944868 11.30652430407498 -4.3456337205294906 9.2884020846502136 15.078059969532246 17.418874383351163 2.9107363277673723 -5.7186155978043871 13.782918044059508 -0.53797711055688191 -0.91136849529771924 16.943089583368586 19.683919175465903 5.1882762221773717 -6.6660211398051334 -9.1447092704772963 -2.1079341826681608 16.38164652044123 10.983542101990944 13.320064912523543 12.81873805766203 15.455380344390869 -3.7435974801962191 -8.2709009924242576 -6.3897551542446935 -7.8364021824377508 -7.2581046991141323 14.264701740830034 15.428538093282217 5.1456984871084046
leaf_weight=520 157 109 29 316 245 63 20 75 93 99 83 202 24 157 26 25 167 22 51 56 49 24 26 62 81 1293 409 27 67 55
leaf_count=520 157 109 29 316 245 63 20 75 93 99 83 202 24 157 26 25 167 22 51 56 49 24 26 62 81 1293 409 27 67 55
internal_value=-4.26583e-08 11.5778 -6.81957 6.70658 14.8111 16.0912 -1.37874 -7.6799 12.8212 -1.60569 -1.98456 16.7393 17.2342 4.49558 -6.63908 -6.94601 -2.43902 13.3808 12.9395 12.2064 14.3099 13.6856 -5.20481 -6.69386 -7.20536 -7.81808 -7.69743 16.0271 16.3931 3.9826
internal_weight=4632 1717 2915 685 1032 628 398 2517 404 378 279 383 226 369 295 243 196 295 200 107 95 73 52 218 143 2222 1702 157 130 212
internal_count=4632 1717 2915 685 1032 628 398 2517 404 378 279 383 226 369 295 243 196 295 200 107 95 73 52 218 143 2222 1702 157 130 212
is_linear=0
shrinkage=0.05


Tree=60
num_leaves=31
num_cat=0
split_feature=3 5 3 3 3 5 5 3 3 3 3 5 3 3 6 4 7 6 5 4 7 7 7 7 7 1 1 7 5 5
split_gain=1.32026e+08 9.76953e+06 4.9258e+06 1.70297e+06 711988 152531 139874 130984 111191 74038.3 55770.8 54239.1 50841.5 47327.8 46632 44948.9 43294 44832.6 43564.9 47204.2 54822.4 43838.3 39363.3 52149.3 39184.3 66117.2 77015.7 38202.5 36874.5 35965.8
threshold=387.80000000000001 7936.0500000000002 164.80000000000004 568.1500000000002 801.55000000000007 6446.3500000000013 4651.6000000000013 32.250000000000007 751.25000000000011 853.15000000000009 231.60000000000002 9481.7000000000025 615.10000000000014 1.7500000000000002 482.7000000000001 9907.8500000000022 3337.6979166666665 525.6500000000002 6.6500000000000012 296.35000000000008 3368.5437500000003 3343.4562500000006 3344.4770833333337 3364.2166666666676 3329.4604166666668 1.0000000180025095e-35 4.5000000000000009 3251.6770833333335 2925.2500000000005 9714.3500000000022
decision_type=2 2 2 2 2 2 2 2 2 2 2 2 2 2 2 2 2 2 2 2 2 2 2 2 2 2 2 2 2 2
left_child=2 3 7 5 8 24 10 13 -3 11 22 -6 27 -1 -9 -10 17 -15 19 20 -18 -20 -4 -24 -2 -26 -27 -5 -12 -11
right_child=1 4 6 12 9 -7 -8 14 15 29 28 -13 -14 16 -16 -17 18 -19 21 -21 -22 -23 23 -25 25 26 -28 -29 -30 -31
leaf_value=-7.6025230844876237 3.8089576174288382 12.315432672974067 -2.2658069541991348 10.243197851914626 13.553004492246188 7.8810098735491438 2.7651995158195497 -6.3634847623236643 13.363827775584326 18.629339672270277 -0.26033390829864061 15.526349524864784 10.093341984985203 -7.2879853873614699 -3.9783636142378271 14.983250120819591 -4.9213987879214756 -9.633524431501117 -5.1195079317459697 -3.8691567420959476 -7.8496020172581531 -7.3174442643864772 1.1209439497102391 -2.1584916750590009 7.3212908205778708 3.2508312650635598 6.1422230630307588 8.529677540063858 -2.4365923235813778 16.349176749404595
leaf_weight=1310 245 282 202 39 39 30 20 188 144 21 103 325 116 682 23 61 31 21 26 25 33 178 22 27 23 61 37 196 24 98
leaf_count=1310 245 282 202 39 39 30 20 188 144 21 103 325 116 682 23 61 31 21 26 25 33 178 22 27 23 61 37 196 24 98
internal_value=1.98775e-08 10.9989 -6.47859 6.70108 14.3086 4.45348 -1.3098 -7.29591 12.9596 15.6689 -1.52541 15.3149 9.23684 -7.40501 -6.1035 13.8457 -7.14523 -7.35805 -6.63461 -5.71156 -6.43125 -7.03732 -1.95742 -0.686092 4.17253 4.9087 4.34248 8.81405 -0.671595 16.7516
internal_weight=4632 1717 2915 747 970 396 398 2517 487 483 378 364 351 2306 211 205 996 703 293 89 64 204 251 49 366 121 98 235 127 119
internal_count=4632 1717 2915 747 970 396 398 2517 487 483 378 364 351 2306 211 205 996 703 293 89 64 204 251 49 366 121 98 235 127 119
is_linear=0
shrinkage=0.05


Tree=61
num_leaves=31
num_cat=0
split_feature=3 3 3 5 3 3 3 3 4 3 3 7 1 0 5 1 6 1 7 7 4 4 3 1 6 7 5 1 7 1
split_gain=1.19156e+08 9.37486e+06 3.85926e+06 1.38733e+06 857230 129393 120166 101212 65716.4 62190.1 56324.9 93447.3 44638.4 65449.6 54967.4 41092.4 50833.7 47779.9 40493.8 38145.4 53953.1 71374.1 64516.1 50551.3 55829.2 42999.4 41790.3 58799.6 34996.7 34406.9
threshold=270.00000000000006 626.95000000000016 65.500000000000014 6446.3500000000013 770.70000000000016 713.1500000000002 828.80000000000007 20.850000000000005 6982.5500000000002 195.50000000000003 403.25000000000006 3279.5354166666671 3.5000000000000004 12.500000000000002 9895.2500000000018 1.0000000180025095e-35 4989.5500000000002 4.5000000000000009 3359.635416666667 3276.6041666666665 1.0000000180025095e-35 265.45000000000005 37.650000000000013 1.5000000000000002 19.850000000000005 3321.8104166666667 171.70000000000002 4.5000000000000009 3363.041666666667 4.5000000000000009
decision_type=2 2 2 2 2 2 2 2 2 2 2 2 2 2 2 2 2 2 2 2 2 2 2 2 2 2 2 2 2 2
left_child=2 3 7 8 5 -3 18 29 10 -4 11 -2 -8 14 -14 -10 -17 -18 -6 23 -21 22 26 -9 -25 -24 27 -22 -5 -1
right_child=1 4 9 28 6 -7 12 19 15 -11 -12 -13 13 -15 -16 16 17 -19 -20 20 21 -23 25 24 -26 -27 -28 -29 -30 -31
leaf_value=-7.2224468094372742 -0.51228495511141692 10.371302065920474 -2.8191714914539197 8.1933192771800023 13.662837488001044 12.244962509284585 15.783160822351551 -8.8182122675577812 6.5964404067993163 -1.2455994216932191 3.8321077370986263 3.6946569280190902 12.084260036205423 16.456238567127901 14.68414973230923 5.9428214150506093 2.9413473074553447 5.3785291894276943 15.631164419239965 -4.9698669432297997 -7.5033144445338271 -5.1372994433228785 -6.987600416342417 -4.8115656368660211 -7.3957752499664045 -4.310557010173798 -6.1719468783587219 -10.654326858520509 9.8914183223948768 -6.7630367244237934
leaf_weight=1483 22 134 79 282 264 295 179 30 25 306 187 33 29 34 68 37 61 30 29 92 57 78 30 33 57 30 32 20 34 562
leaf_count=1483 22 134 79 282 264 295 179 30 25 306 187 33 29 34 68 37 61 30 29 92 57 78 30 33 57 30 32 20 34 562
internal_value=2.8603e-08 10.3245 -6.22902 5.90669 13.3682 11.6597 14.5837 -6.94559 3.93122 -1.56849 3.41842 2.01188 15.2699 14.5685 13.9069 4.74231 4.38018 3.74481 13.8577 -6.27461 -6.00342 -6.38839 -6.96581 -7.04073 -6.44823 -5.64908 -7.69062 -8.32176 8.37603 -7.09619
internal_weight=4632 1743 2889 711 1032 429 603 2504 395 385 242 55 310 131 97 153 128 91 293 459 339 247 169 120 90 60 109 77 316 2045
internal_count=4632 1743 2889 711 1032 429 603 2504 395 385 242 55 310 131 97 153 128 91 293 459 339 247 169 120 90 60 109 77 316 2045
is_linear=0
shrinkage=0.05


Tree=62
num_leaves=31
num_cat=0
split_feature=3 5 3 3 3 5 5 3 3 3 7 3 5 5 4 6 4 7 1 3 1 7 7 5 0 4 6 5 4 3
split_gain=1.07543e+08 7.96736e+06 4.01363e+06 1.39173e+06 583972 121629 113211 107637 92185.8 64146.3 49094.1 57373.9 48892.6 47997.9 70263.7 49630.5 45775.2 43202.2 48917.8 43020.6 42362.1 57788.1 36254 46206.9 64678.2 37554.1 43875 35369.5 44544.5 38517.9
threshold=387.80000000000001 7936.0500000000002 164.80000000000004 568.1500000000002 801.55000000000007 6446.3500000000013 4651.6000000000013 22.950000000000003 740.55000000000007 855.10000000000002 3325.514583333334 190.35000000000005 9481.7000000000025 2925.2500000000005 191.35000000000005 2777.9000000000005 788.45000000000016 3295.5645833333338 1.5000000000000002 606.85000000000002 1.5000000000000002 3367.4229166666669 3354.9958333333343 9025.5000000000018 13.500000000000002 9623.9500000000025 8958.4500000000025 4844.1000000000013 2841.7500000000005 416.60000000000008
decision_type=2 2 2 2 2 2 2 2 2 2 2 2 2 2 2 2 2 2 2 2 2 2 2 2 2 2 2 2 2 2
left_child=2 3 7 5 8 27 10 -1 22 12 11 -4 -6 14 -13 -16 -9 18 -14 -5 -12 -22 23 24 -3 -26 -27 28 -2 -29
right_child=1 4 6 19 9 -7 -8 16 -10 -11 20 13 17 -15 15 -17 -18 -19 -20 -21 21 -23 -24 -25 25 26 -28 29 -30 -31
leaf_value=-6.7295505328905367 3.1669103294610981 12.150629302782891 -3.8741031515187232 7.8045667873634095 12.162666751176884 7.0744631958007815 2.4847038364410405 -6.0013412664352002 12.321040466853551 15.221368242193151 0.67778163267807523 -2.6647542747167443 14.950667932298451 -2.9265036336919099 0.31479446229181796 -1.7660457087599715 -4.059753811720646 14.512110470752328 12.81221606364617 8.9124208791721511 -0.25985436969333225 -2.9968328285217289 12.818263833419136 9.370770315329235 8.2311827373504638 11.928840243816376 8.9435248184204106 2.688493072735636 5.6963533089860627 3.9142317850275092
leaf_weight=2105 28 78 29 182 39 30 20 379 266 108 44 52 36 47 76 46 33 196 104 169 54 30 23 48 20 32 20 95 46 197
leaf_count=2105 28 78 29 182 39 30 20 379 266 108 44 52 36 47 76 46 33 196 104 169 54 30 23 48 20 32 20 95 46 197
internal_value=-1.05802e-08 9.92684 -5.84713 6.04562 12.9158 4.01376 -1.1814 -6.5849 11.694 14.1477 -1.37537 -1.7831 13.8384 -1.50872 -1.12575 -0.469785 -5.84583 14.0329 13.3621 8.33798 -0.579021 -1.23735 10.9393 10.721 11.1531 10.0725 10.7806 3.76289 4.73927 3.51545
internal_weight=4632 1717 2915 747 970 396 398 2517 487 483 378 250 375 221 174 122 412 336 140 351 128 84 221 198 150 72 52 366 74 292
internal_count=4632 1717 2915 747 970 396 398 2517 487 483 378 250 375 221 174 122 412 336 140 351 128 84 221 198 150 72 52 366 74 292
is_linear=0
shrinkage=0.05


Tree=63
num_leaves=31
num_cat=0
split_feature=3 3 5 3 3 3 5 3 3 6 6 3 5 1 7 5 7 1 7 7 7 3 6 7 6 5 4 1 6 1
split_gain=9.70576e+07 7.1944e+06 3.62426e+06 1.306e+06 499078 115079 104602 77641.5 71815.7 65970 58529 57892.1 54110.1 50373.9 74412.6 44125.6 39480.1 47561 39156 45942.9 70344 57599.9 45378.8 36474.9 35464.7 44472.8 68567.1 57453.2 48424.7 38284.8
threshold=387.80000000000001 683.00000000000011 884.50000000000011 568.1500000000002 801.55000000000007 240.75000000000003 6446.3500000000013 15.550000000000002 755.20000000000016 3238.7000000000003 2804.1500000000005 855.10000000000002 2130.8000000000006 1.0000000180025095e-35 3322.1562500000005 9481.7000000000025 3313.4750000000008 1.5000000000000002 3360.7916666666674 3339.7770833333338 3329.4604166666668 600.75000000000011 7381.3000000000011 3418.2000000000003 2968.8000000000006 2690.4500000000003 699.00000000000011 1.5000000000000002 2777.9000000000005 3.5000000000000004
decision_type=2 2 2 2 2 2 2 2 2 2 2 2 2 2 2 2 2 2 2 2 2 2 2 2 2 2 2 2 2 2
left_child=2 3 7 6 8 12 -2 23 -3 10 -7 15 -4 14 -5 -6 17 -17 19 20 21 22 -15 -1 25 26 29 -27 -29 -14
right_child=1 4 5 13 11 9 -8 -9 -10 -11 -12 -13 24 18 -16 16 -18 -19 -20 -21 -22 -23 -24 -25 -26 27 -28 28 -30 -31
leaf_value=-6.4603659613164446 3.5747415963673577 10.677890501992177 -3.9861934560796493 11.025989923477173 11.55453342535557 0.53278257530562734 6.5996647665577557 -5.7893321914601295 11.943013919387734 2.672827480150306 -2.6222000769206457 14.460299740897284 -2.8269097500377232 7.1707088640757979 7.1975398331880571 14.168700728124504 13.92404102873958 12.348284546296988 9.2051321020493138 5.699284479694982 10.312596225738526 8.1332816842943441 4.6157706340154014 -4.8309528074945725 -2.7769247682934459 -0.26046828561358981 0.56927821394056088 -3.3189808364957574 -0.50034959554672243 -0.40842595815658572
leaf_weight=1837 366 295 23 30 39 49 31 633 181 23 21 108 36 63 22 49 153 134 39 31 24 128 24 35 44 36 64 64 20 30
leaf_count=1837 366 295 23 30 39 49 31 633 181 23 21 108 36 63 22 49 153 134 39 31 24 128 24 35 44 36 64 64 20 30
internal_value=5.2044e-09 9.4305 -5.55477 5.79003 12.3079 -1.19692 3.81094 -6.26803 11.159 0.349626 -0.413712 13.4403 -1.65064 7.96648 9.40626 13.1465 13.3313 12.8357 7.72419 7.51027 7.74517 7.45857 6.4659 -6.4299 -1.46793 -1.23755 -0.596829 -1.93166 -2.64788 -1.7276
internal_weight=4632 1717 2915 758 959 410 397 2505 476 93 70 483 317 361 52 375 336 183 309 270 239 215 87 1872 294 250 130 120 84 66
internal_count=4632 1717 2915 758 959 410 397 2505 476 93 70 483 317 361 52 375 336 183 309 270 239 215 87 1872 294 250 130 120 84 66
is_linear=0
shrinkage=0.05


Tree=64
num_leaves=31
num_cat=0
split_feature=3 3 3 3 3 3 3 5 6 5 3 6 6 7 5 5 4 4 3 1 4 5 6 4 7 1 5 6 6 3
split_gain=8.75944e+07 6.49917e+06 3.27559e+06 964974 597628 114736 109737 94403.5 70343.4 69644.5 65948.2 59537.9 52822.4 45604.2 65513.3 47891.6 43659.1 72151 42310.4 44358.5 54217.1 41830.6 49339.1 38367.1 43930.3 37254.4 34863 47527.4 58994.2 38069
threshold=387.80000000000001 629.15000000000009 55.800000000000004 568.1500000000002 759.70000000000016 240.75000000000003 815.05000000000007 6446.3500000000013 7508.7000000000007 2130.8000000000006 7.0500000000000007 3238.7000000000003 2804.1500000000005 3288.8770833333342 8779.8000000000011 8616.2000000000025 10134.150000000003 9856.4500000000025 886.85000000000002 1.5000000000000002 9623.9500000000025 23.550000000000004 324.45000000000005 9623.9500000000025 3281.8729166666676 1.0000000180025095e-35 9.2500000000000018 23.550000000000004 59.350000000000001 33.150000000000013
decision_type=2 2 2 2 2 2 2 2 2 2 2 2 2 2 2 2 2 2 2 2 2 2 2 2 2 2 2 2 2 2
left_child=2 3 10 7 8 9 -6 -2 -3 -4 -1 12 -7 14 -10 -15 17 -17 19 20 -8 22 26 -21 -25 -5 27 29 -29 -12
right_child=1 4 5 25 6 11 18 -9 13 -11 21 -13 -14 15 -16 16 -18 -19 -20 23 -22 -23 -24 24 -26 -27 -28 28 -30 -31
leaf_value=-6.168676564025148 3.3960045122139442 8.051318858970296 -3.6691941979684333 8.7587724106652409 11.56914126571156 0.50614344854744109 15.021650669791482 6.269681544457713 10.724666335534748 -1.3945322482929041 -3.8905524584380062 2.5391860899717913 -2.4910900578612374 9.432231894919747 8.5103844258692369 10.927259756594289 9.0973262385888543 14.039026666724164 15.172360153198241 11.766440924922977 12.762548873673625 -5.8801187632273155 -7.0391059234738353 11.615396399931475 13.46443503724427 7.1529961163336928 -3.2593043397974086 -7.7431846799521615 -5.2400685980796817 -6.2598400558744167
leaf_weight=1557 366 44 38 42 233 49 44 31 59 294 88 23 21 57 77 98 22 23 20 113 67 611 32 44 119 258 27 29 125 21
leaf_count=1557 366 44 38 42 233 49 44 31 59 294 88 23 21 57 77 98 22 23 20 113 67 611 32 44 119 258 27 29 125 21
internal_value=-5.75691e-09 8.95897 -5.27703 5.23765 11.5019 -1.22008 12.4345 3.6204 9.93121 -1.65489 -5.96949 0.332144 -0.393027 10.1774 9.47099 10.6577 11.1462 11.5188 12.9298 12.8139 13.658 -5.63708 -5.1759 12.4745 12.9653 7.3778 -4.9703 -5.14596 -5.71143 -4.34702
internal_weight=4632 1717 2915 697 1020 425 640 397 380 332 2490 93 70 336 136 200 143 121 407 387 111 933 322 276 163 300 290 263 154 109
internal_count=4632 1717 2915 697 1020 425 640 397 380 332 2490 93 70 336 136 200 143 121 407 387 111 933 322 276 163 300 290 263 154 109
is_linear=0
shrinkage=0.05


Tree=65
num_leaves=31
num_cat=0
split_feature=3 3 3 3 3 3 3 5 6 3 5 6 6 7 5 3 4 5 7 5 3 7 4 6 5 5 5 4 4 1
split_gain=7.9054e+07 5.86998e+06 2.95622e+06 792305 602660 104031 99703.4 89219.9 85644.4 61071.1 60711 57605.6 57307.6 40109.9 74648.7 40533 45897.7 40922 36708.4 46301.9 35848.7 35064.1 33342.7 55022.4 35368 40762.2 41551.2 37388 33923.1 33334.9
threshold=387.80000000000001 623.25000000000011 55.800000000000004 568.1500000000002 759.70000000000016 238.30000000000004 821.9000000000002 7615.7500000000009 7014.6500000000005 15.550000000000002 2130.8000000000006 3238.7000000000003 2804.1500000000005 3353.4479166666674 9025.5000000000018 724.35000000000002 7832.8000000000011 8901.7000000000025 3305.8562500000012 10430.500000000002 868.70000000000016 3277.0166666666673 2841.7500000000005 4763.7000000000007 4844.1000000000013 5344.9500000000007 5143.5000000000009 7204.9500000000016 2632.9500000000003 1.0000000180025095e-35
decision_type=2 2 2 2 2 2 2 2 2 2 2 2 2 2 2 2 2 2 2 2 2 2 2 2 2 2 2 2 2 2
left_child=2 3 9 8 7 10 -6 -3 22 -1 -4 12 -7 14 15 16 -9 -17 -8 20 -20 -16 28 -24 -25 26 27 -26 -2 -5
right_child=1 4 5 29 6 11 18 13 -10 -11 -12 -13 -14 -15 21 17 -18 -19 19 -21 -22 -23 23 24 25 -27 -28 -29 -30 -31
leaf_value=-5.8129809242541022 3.1944223261397817 7.7232063198941097 -3.4857344709336759 8.3239282582257257 11.109579205851183 0.42234931820530008 11.770411900838218 10.314082611368057 6.2722418241500861 -5.2391126353626269 -1.3563504865068241 2.4122268013332202 -2.4755520753562452 11.023900075256826 6.7829650251070666 10.093608225716487 8.1377887687683099 12.417276461919149 12.237732336323733 14.862150382995607 14.210081128720885 8.9897764099968818 5.7826210597386734 4.6777262289822108 2.1314948363181876 4.1222297232065888 1.1531779680496608 4.4182157176913632 1.5432888784307117 6.7111514019168075
leaf_weight=1874 92 70 38 37 282 59 150 47 25 616 281 23 24 48 30 90 50 24 157 24 27 45 26 40 39 56 39 33 47 239
leaf_count=1874 92 70 38 37 282 59 150 47 25 616 281 23 24 48 30 90 50 24 157 24 27 45 26 40 39 56 39 33 47 239
internal_value=2.17093e-08 8.51102 -5.01318 4.86981 10.8583 -1.15907 11.8127 9.34627 3.43938 -5.67101 -1.61001 0.197987 -0.415598 9.68643 9.46196 9.94356 9.19228 10.5828 12.3666 12.7966 12.5272 8.10705 3.249 3.61462 3.34231 3.02244 2.4676 3.17958 2.63613 6.92736
internal_weight=4632 1717 2915 673 1044 425 640 404 397 2490 319 106 83 334 286 211 97 114 358 208 184 75 372 233 207 167 111 72 139 276
internal_count=4632 1717 2915 673 1044 425 640 404 397 2490 319 106 83 334 286 211 97 114 358 208 184 75 372 233 207 167 111 72 139 276
is_linear=0
shrinkage=0.05


Tree=66
num_leaves=31
num_cat=0
split_feature=3 3 3 3 3 3 3 5 6 3 6 6 6 7 3 7 7 5 3 4 4 0 3 1 4 6 4 3 0 3
split_gain=7.13462e+07 5.29765e+06 2.6704e+06 715055 543901 90747.3 83086 80520.9 77294.1 76983.1 48359.2 45515 42943.9 39858.5 41025.2 40158.4 36199.2 67370.5 36581 41422.7 37137.4 53063.6 36074 45496.2 52944.7 48156.8 35828.5 33574.5 35859.7 32670.1
threshold=387.80000000000001 623.25000000000011 164.80000000000004 568.1500000000002 759.70000000000016 815.05000000000007 34.100000000000009 7615.7500000000009 7014.6500000000005 240.75000000000003 3238.7000000000003 336.4500000000001 2804.1500000000005 3325.514583333334 190.35000000000005 3364.2166666666676 3353.4479166666674 9025.5000000000018 724.35000000000002 7832.8000000000011 9756.7000000000025 13.500000000000002 868.70000000000016 1.5000000000000002 10064.200000000003 9756.2000000000025 9856.4500000000025 821.9000000000002 12.500000000000002 1.7500000000000002
decision_type=2 2 2 2 2 2 2 2 2 2 2 2 2 2 2 2 2 2 2 2 2 2 2 2 2 2 2 2 2 2
left_child=2 3 6 8 7 -6 29 -3 -2 13 12 -8 -11 14 -4 -15 17 18 19 -9 21 -20 23 24 -7 -25 -24 -27 -29 -1
right_child=1 4 9 -5 5 22 11 16 -10 10 -12 -13 -14 15 -16 -17 -18 -19 20 -21 -22 -23 26 25 -26 27 -28 28 -30 -31
leaf_value=-5.6105158599500209 3.0865470517546902 7.3370460053852629 -3.4665947589380992 6.580989125327787 10.435205301143583 13.298873033831198 -4.7030400399289105 9.798378408716081 5.9586296715736395 0.45971883340757724 2.2916153690089351 -2.6294995829463006 -2.2427579896790641 0.31095363265376985 -1.4424630066899002 -1.8464633184320787 10.472705082098644 7.7016992902755739 10.233593321654757 7.7308993558883676 11.437957139576184 7.3068975993565148 13.940100318193437 12.216228478575406 10.965653467178345 8.9095932006835934 11.242384815216065 10.528069279374195 12.29231014251709 -5.2333361201365562
leaf_weight=1310 372 70 29 276 233 62 153 47 25 49 23 32 21 59 183 34 48 75 59 50 34 21 32 73 40 23 20 119 38 1022
leaf_count=1310 372 70 29 276 233 62 153 47 25 49 23 32 21 59 183 34 48 75 59 50 34 21 32 73 40 23 20 119 38 1022
internal_value=-3.14302e-08 8.08547 -4.76252 4.62632 10.3154 11.2221 -5.3643 8.87895 3.26741 -0.956784 0.302532 -4.34437 -0.351024 -1.34077 -1.71935 -0.477779 9.20211 8.98886 9.44638 8.73267 10.0537 9.46534 11.6726 11.4924 12.3839 11.133 12.9025 10.6937 10.9551 -5.44522
internal_weight=4632 1717 2915 673 1044 640 2517 404 397 398 93 185 70 305 212 93 334 286 211 97 114 80 407 355 102 253 52 180 157 2332
internal_count=4632 1717 2915 673 1044 640 2517 404 397 398 93 185 70 305 212 93 334 286 211 97 114 80 407 355 102 253 52 180 157 2332
is_linear=0
shrinkage=0.05


Tree=67
num_leaves=31
num_cat=0
split_feature=3 3 3 3 3 6 3 5 6 7 5 6 3 6 7 7 1 1 7 1 4 7 7 7 3 6 5 4 3 5
split_gain=6.43985e+07 4.6292e+06 2.56983e+06 825752 337920 116488 75070.3 67435.4 56683.7 46501.7 50324.2 51456.4 45971.8 45913.5 44428.1 52163.5 53604.1 38068.5 66154.1 37240.6 44376.1 34593.3 42149.7 64403.5 48076 42292 34528.1 34139.7 43687.9 46011.2
threshold=392.90000000000003 683.00000000000011 164.80000000000004 568.1500000000002 799.60000000000014 4586.2500000000009 33.150000000000013 6446.3500000000013 258.30000000000001 3307.5895833333338 10430.500000000002 10431.050000000001 734.15000000000009 10227.300000000001 3344.4770833333337 3356.5895833333338 1.5000000000000002 1.0000000180025095e-35 3322.1562500000005 4.5000000000000009 9623.9500000000025 3360.7916666666674 3339.7770833333338 3329.4604166666668 600.75000000000011 7014.6500000000005 9068.9000000000033 157.20000000000002 195.50000000000003 2820.6000000000004
decision_type=2 2 2 2 2 2 2 2 2 2 2 2 2 2 2 2 2 2 2 2 2 2 2 2 2 2 2 2 2 2
left_child=2 3 6 7 12 14 -1 -2 -8 19 11 13 26 -11 27 -16 -17 18 -5 -6 -21 22 23 24 25 -19 -3 -4 -29 -30
right_child=1 4 5 17 9 -7 8 -9 -10 10 -12 -13 -14 -15 15 16 -18 21 -20 20 -22 -23 -24 -25 -26 -27 -28 28 29 -31
leaf_value=-5.1758785418038382 2.9609867002973309 8.7912916843570894 -2.2324769005777294 9.2670179828008017 10.817310116819279 2.2232669315204538 -4.6071764975978482 5.3932548215312348 -2.5553932888563291 11.218608483127369 13.52442707824707 13.468924435702238 9.4394272581715768 9.0796420919484113 1.9683194678762685 0.95628113333995535 -1.9746578326592079 6.7205909567219884 5.6572609817439865 8.1942442488670348 10.792019524112824 7.6695410691774812 4.3418681573002571 8.7581037839253746 6.643658241978847 4.3609085191104375 7.1008716363173265 -2.4502997930659807 -0.12029753721366494 -1.9054834475884073
leaf_weight=2319 353 134 81 30 167 29 155 31 43 186 25 22 291 29 23 26 39 28 22 35 31 39 31 24 128 59 39 43 118 52
leaf_count=2319 353 134 81 30 167 29 155 31 43 186 25 22 291 29 23 26 39 28 22 35 31 39 31 24 128 59 39 43 118 52
internal_value=-1.4944e-08 7.72813 -4.49752 4.77135 10.0251 -0.831815 -5.09609 3.15734 -4.16159 10.9338 11.3908 11.1658 9.05569 10.9301 -1.06375 -0.0781477 -0.802282 6.48818 7.73981 10.4199 9.41441 6.27755 6.07648 6.30148 6.02725 5.12035 8.41021 -1.35875 -1.02649 -0.666354
internal_weight=4632 1704 2928 745 959 411 2517 384 198 495 262 237 464 215 382 88 65 361 52 233 66 309 270 239 215 87 173 294 213 170
internal_count=4632 1704 2928 745 959 411 2517 384 198 495 262 237 464 215 382 88 65 361 52 233 66 309 270 239 215 87 173 294 213 170
is_linear=0
shrinkage=0.05


Tree=68
num_leaves=31
num_cat=0
split_feature=3 3 3 5 3 6 3 3 3 3 5 3 1 4 7 5 3 6 1 7 0 6 6 3 4 7 3 3 5 4
split_gain=5.81197e+07 4.18316e+06 2.31927e+06 558039 444908 105131 72809.1 68114.2 66300 64187.2 41829.2 44773.9 76092.5 42715.9 40266.2 52079.3 49280.6 49096.7 44800.8 43786.8 38233.7 40427.1 37165.4 106229 62457.8 53395.9 52031.4 37420.6 35651.3 36551.1
threshold=392.90000000000003 623.25000000000011 164.80000000000004 5507.4000000000005 770.70000000000016 4586.2500000000009 713.1500000000002 27.850000000000005 842.95000000000016 451.55000000000001 4844.1000000000013 415.10000000000008 4.5000000000000009 2841.7500000000005 3327.2500000000005 2925.2500000000005 235.90000000000001 2344.4000000000005 1.5000000000000002 3367.4229166666669 2.5000000000000004 67.40000000000002 59.350000000000001 15.15 103.65000000000002 3341.6833333333338 0.65000000000000002 4.3500000000000005 10430.500000000002 9954.9000000000033
decision_type=2 2 2 2 2 2 2 2 2 2 2 2 2 2 2 2 2 2 2 2 2 2 2 2 2 2 2 2 2 2
left_child=2 3 7 10 6 14 -3 20 28 -5 13 -12 -13 -2 15 16 17 -4 -16 -20 22 -22 24 25 27 -24 -27 -1 29 -6
right_child=1 4 5 9 8 -7 -8 -9 -10 -11 11 12 -14 -15 18 -17 -18 -19 19 -21 21 -23 23 -25 -26 26 -28 -29 -30 -31
leaf_value=-4.898874372674018 2.2303626433014871 7.1912751126371024 0.58219357453859766 3.3294878665890013 9.317205680649856 2.1121035651914006 8.5564699741945436 -4.1274322964074255 10.976146590645939 5.8275721437826995 1.2514196543466478 2.2442610455410823 4.6934603772512302 4.7177359363767835 1.0561893349602109 -2.7649802947944067 0.49795828433923939 -1.7905760973084857 -0.083816784732746633 -2.4742801253000897 -5.077740293376074 -4.5897496782726623 -5.7991321144333803 -8.3891198151039372 -5.8517092773547539 -5.23963382805095 -2.1189782023429871 -3.3412504665553571 11.502984689076742 10.310801611937485
leaf_weight=97 28 146 26 28 232 29 295 295 187 315 63 140 41 45 42 53 43 135 53 30 808 894 166 33 104 34 22 64 30 154
leaf_count=97 28 146 26 28 232 29 295 295 187 315 63 140 41 45 42 53 43 135 53 30 808 894 166 33 104 34 22 64 30 154
internal_value=5.5305e-08 7.34172 -4.27264 4.22595 9.31146 -0.790224 8.1045 -4.84128 10.1942 5.62365 2.71362 2.39946 2.79905 3.76367 -1.01056 -1.36857 -1.00578 -1.4074 -0.274486 -0.94784 -4.93606 -4.82142 -5.31129 -5.7422 -4.89664 -5.34874 -4.01366 -4.27969 9.84266 9.71361
internal_weight=4632 1704 2928 660 1044 411 441 2517 603 343 317 244 181 73 382 257 204 161 125 83 2222 1702 520 255 265 222 56 161 416 386
internal_count=4632 1704 2928 660 1044 411 441 2517 603 343 317 244 181 73 382 257 204 161 125 83 2222 1702 520 255 265 222 56 161 416 386
is_linear=0
shrinkage=0.05


Tree=69
num_leaves=31
num_cat=0
split_feature=3 5 3 3 3 6 5 4 1 3 1 3 3 4 6 6 7 3 7 4 5 5 6 7 1 1 1 7 7 4
split_gain=5.2453e+07 3.77867e+06 2.09757e+06 644548 292199 102656 57255.4 51733.2 52510.4 54268.3 52411.1 48931.7 45923.5 45281.2 39962.1 48290.4 38268.8 43289 38264.3 35107.1 32697.7 65104.6 63776.5 32262.6 64187.7 59584.9 32098.3 31339.1 56484.3 48152.2
threshold=392.90000000000003 7936.0500000000002 55.800000000000004 568.1500000000002 801.55000000000007 4586.2500000000009 6446.3500000000013 9907.8500000000022 1.0000000180025095e-35 730.50000000000011 4.5000000000000009 208.65000000000001 13.550000000000002 10169.600000000002 2668.2000000000003 2932.7000000000003 3307.5895833333338 879.05000000000007 3418.2000000000003 7832.8000000000011 2130.8000000000006 2738.6000000000008 2466.2500000000005 3329.4604166666668 1.0000000180025095e-35 4.5000000000000009 1.5000000000000002 3298.7229166666671 3294.0833333333335 1.0000000180025095e-35
decision_type=2 2 2 2 2 2 2 2 2 2 2 2 2 2 2 2 2 2 2 2 2 2 2 2 2 2 2 2 2 2
left_child=2 3 12 6 7 11 23 8 -3 19 -11 14 18 -9 20 -16 26 -18 -1 -10 -4 22 -22 -2 -25 -26 -6 28 -14 -29
right_child=1 4 5 -5 16 -7 -8 13 9 10 -12 -13 27 -15 15 -17 17 -19 -20 -21 21 -23 -24 24 25 -27 -28 29 -30 -31
leaf_value=-4.7845525216882878 2.3325666856258471 9.2594581085656369 -4.0914753141610518 5.815651980152837 10.410743169784546 2.0064983155096656 4.9465385862191518 9.8781682988575525 7.3985502285743836 7.5066302654376402 9.2367094834645584 -0.6645208497521089 -4.4356998686921107 7.9799574268491646 0.33917287058300444 -2.6778372570872309 10.117987731856815 12.486959330240886 -3.0399694316089154 5.5409607198180231 1.2332185881478448 -3.9796758611996972 -2.6635587832757408 5.7818625796924943 1.8011455249230739 4.3605958461761478 9.0613584899758717 -2.9701477838437196 -6.8260184853165242 -4.2880563199626165
leaf_weight=1766 235 56 23 351 60 29 30 70 67 130 66 263 292 57 36 21 236 21 32 41 21 24 21 22 59 37 166 92 27 281
leaf_count=1766 235 56 23 351 60 29 30 70 67 130 66 263 292 57 36 21 236 21 32 41 21 24 21 22 59 37 166 92 27 281
internal_value=-1.93781e-08 6.97464 -4.05901 4.26792 9.02281 -0.868169 2.8495 8.15857 7.85249 7.59331 8.08921 -1.072 -4.62029 9.02622 -1.80601 -0.772357 9.89421 10.3116 -4.7535 6.69335 -2.46801 -1.90226 -0.71517 2.67129 3.34585 2.7876 9.4196 -4.27417 -4.63802 -3.963
internal_weight=4632 1704 2928 734 970 438 383 487 360 304 196 409 2490 127 146 57 483 257 1798 108 89 66 42 353 118 96 226 692 319 373
internal_count=4632 1704 2928 734 970 438 383 487 360 304 196 409 2490 127 146 57 483 257 1798 108 89 66 42 353 118 96 226 692 319 373
is_linear=0
shrinkage=0.05


Tree=70
num_leaves=31
num_cat=0
split_feature=3 3 3 6 3 6 3 5 7 3 3 7 7 4 6 6 5 6 1 0 5 6 7 7 1 7 7 5 1 0
split_gain=4.73388e+07 3.42107e+06 1.89306e+06 433513 385771 92647 66314.2 59217.3 51702.4 44831.9 42476.4 45453.9 38448 38351.6 40674.8 37312.8 36000.3 34506 33382.7 56521.4 45424.5 32762.8 32571 48105.6 44631.6 32654.2 52481 32360.6 35825.2 31315.5
threshold=392.90000000000003 620.55000000000007 55.800000000000004 6574.0000000000009 757.60000000000014 4586.2500000000009 828.80000000000007 7615.7500000000009 3359.635416666667 204.25000000000003 1.7500000000000002 3225.7062500000006 3208.608333333334 2841.7500000000005 4763.7000000000007 9072.7000000000025 23.550000000000004 7508.7000000000007 3.5000000000000004 12.500000000000002 9895.2500000000018 2060.0500000000006 3363.041666666667 3336.1166666666672 1.0000000180025095e-35 3300.9604166666672 3316.077083333334 5344.9500000000007 4.5000000000000009 21.500000000000004
decision_type=2 2 2 2 2 2 2 2 2 2 2 2 2 2 2 2 2 2 2 2 2 2 2 2 2 2 2 2 2 2
left_child=2 3 10 13 7 9 8 -3 15 21 -1 12 -12 27 -15 -6 29 22 -8 20 -20 -4 23 24 -5 -26 -27 28 -2 -13
right_child=1 4 5 17 6 -7 18 -9 -10 -11 11 16 -14 14 -16 -17 -18 -19 19 -21 -22 -23 -24 -25 25 26 -28 -29 -30 -31
leaf_value=-4.5852727473717723 1.7482771983415617 5.9575280642067945 -3.5776480122046039 7.7223033530371525 7.1520230442285539 1.9061734053595314 10.105051729465997 7.4690238292754429 10.365021387736004 -0.68306372340126287 -3.9169500421732666 -3.9051129034180252 -6.1117925796868668 4.8581688349063583 2.7565156829890922 8.6716232782719196 -4.2971860909134696 4.1405067229270935 6.7829237444647434 10.80889686275931 9.1463788107914095 -1.440490442084283 7.2722856868868293 3.0789162809198558 4.7912183818784921 7.9553620615005505 4.7468800505766504 0.17488868880000982 3.8197290071419312 -2.7232826044892562
leaf_weight=1310 82 81 22 21 48 29 179 324 39 290 32 319 53 26 201 255 708 60 29 34 68 97 23 22 111 25 26 22 28 68
leaf_count=1310 82 81 22 21 48 29 179 324 39 290 32 319 53 26 201 255 708 60 29 34 68 97 23 22 111 25 26 22 28 68
internal_value=2.36102e-08 6.6259 -3.85606 3.76237 8.3787 -0.824761 9.13154 7.16672 8.65145 -1.0184 -4.38928 -4.17169 -5.2855 2.60315 2.99723 8.43089 -4.08523 5.20738 9.66118 9.05466 8.43978 -1.8356 5.48814 5.28796 5.55353 5.2724 6.31967 1.92544 2.27556 -3.69745
internal_weight=4632 1704 2928 647 1057 438 652 405 342 409 2490 1180 85 359 227 303 1095 288 310 131 97 119 228 205 183 162 51 132 110 387
internal_count=4632 1704 2928 647 1057 438 652 405 342 409 2490 1180 85 359 227 303 1095 288 310 131 97 119 228 205 183 162 51 132 110 387
is_linear=0
shrinkage=0.05


Tree=71
num_leaves=31
num_cat=0
split_feature=3 3 3 5 3 6 3 5 3 7 3 7 7 3 6 5 5 4 5 3 1 4 4 6 5 5 7 6 6 6
split_gain=4.27233e+07 3.08752e+06 1.70848e+06 394680 348159 83613.9 61098.4 53443.7 43049.1 44502.9 40974.1 39070 44436.4 38807.6 37552.7 50459.8 36466.4 45750.2 36154.9 39915.5 64610.5 36422 33903.8 40212.4 41543.4 48068.6 30566.9 39683 33630.4 30175.8
threshold=392.90000000000003 620.55000000000007 55.800000000000004 5507.4000000000005 757.60000000000014 4586.2500000000009 842.95000000000016 7615.7500000000009 573.00000000000011 3267.8666666666668 212.45000000000002 3311.4062500000005 3318.8479166666671 16.450000000000003 7574.1500000000005 7310.3500000000013 7246.5500000000002 5032.6000000000013 4844.1000000000013 415.10000000000008 4.5000000000000009 2841.7500000000005 5409.4000000000005 2565.3500000000008 2738.6000000000008 2130.8000000000006 3345.8145833333338 10349.800000000001 10005.300000000001 5022.2500000000009
decision_type=2 2 2 2 2 2 2 2 2 2 2 2 2 2 2 2 2 2 2 2 2 2 2 2 2 2 2 2 2 2
left_child=2 3 13 18 7 10 11 -3 9 -5 22 -6 -13 -1 16 -16 17 -10 21 -20 29 -2 23 24 25 -4 27 -8 -28 -21
right_child=1 4 5 8 6 -7 26 -9 14 -11 -12 12 -14 -15 15 -17 -18 -19 19 20 -22 -23 -24 -25 -26 -27 28 -29 -30 -31
leaf_value=-4.2798082699126709 1.8746546285493033 5.6596515872596225 -3.6309391596100546 1.8602875704115089 7.9663547707827833 1.8108647231397956 8.5647703383732772 7.0955726451527923 2.616040342170745 4.5013802118342499 -0.54113983597433524 11.068153726486933 8.638376857430897 -3.8155869969747709 5.436555532975631 2.0100148042043049 6.1217153801552717 5.249580486277317 0.93822719435843216 2.8287562658764283 4.1451215062199571 4.1714815002017556 0.23180211134578871 -0.98128751152091565 -4.3508909006913505 -0.57498899332938658 11.516234742441485 10.631192429860434 8.9928232441777762 1.3153150329387737
leaf_weight=1900 28 81 22 22 263 29 103 324 20 58 237 21 181 590 22 21 93 94 63 53 41 45 23 72 24 31 31 30 23 87
leaf_count=1900 28 81 22 22 263 29 103 324 20 58 237 21 181 590 22 21 93 94 63 53 41 45 23 72 24 31 31 30 23 87
internal_value=-1.59384e-08 6.29461 -3.66326 3.57426 7.95976 -0.783523 8.67496 6.80839 4.78461 3.77508 -0.967477 8.36802 8.89098 -4.16981 5.10766 3.76313 5.38696 4.78756 2.31426 2.02219 2.39948 3.29051 -1.55493 -1.83073 -2.62502 -1.8435 9.43821 9.03088 10.4414 1.88826
internal_weight=4632 1704 2928 647 1057 438 652 405 330 80 409 465 202 2490 250 43 207 114 317 244 181 73 172 149 77 53 187 133 54 140
internal_count=4632 1704 2928 647 1057 438 652 405 330 80 409 465 202 2490 250 43 207 114 317 244 181 73 172 149 77 53 187 133 54 140
is_linear=0
shrinkage=0.05


Tree=72
num_leaves=31
num_cat=0
split_feature=3 3 3 3 5 6 3 5 4 3 3 7 7 5 4 4 4 7 5 7 0 7 0 4 5 5 5 6 4 5
split_gain=3.85578e+07 2.78653e+06 1.54191e+06 350167 322991 75461.6 60480 53153.8 38583.2 37472.1 36103.7 40905.8 34657.9 32547.9 31162.8 30694.5 49768.2 30458.7 30426.3 38969.3 43256.1 39538.2 33719.9 29618.2 37460.5 54796.5 37622.4 39818 41946.8 29782.8
threshold=392.90000000000003 615.10000000000014 55.800000000000004 755.20000000000016 6446.3500000000013 4586.2500000000009 815.05000000000007 7734.2500000000009 9907.8500000000022 204.25000000000003 1.7500000000000002 3225.7062500000006 3208.608333333334 23.550000000000004 8881.8500000000004 160.65000000000001 57.550000000000004 3342.7270833333337 9.2500000000000018 3344.4770833333337 21.500000000000004 3246.5500000000002 3.5000000000000004 2841.7500000000005 4844.1000000000013 5344.9500000000007 5239.6500000000005 4914.9500000000007 7260.1500000000005 5344.9500000000007
decision_type=2 2 2 2 2 2 2 2 2 2 2 2 2 2 2 2 2 2 2 2 2 2 2 2 2 2 2 2 2 2
left_child=2 4 10 7 23 9 8 14 -5 -4 -1 12 -12 18 -3 16 17 -11 19 20 21 -13 -21 29 -25 26 27 -26 -29 -2
right_child=1 3 5 6 -6 -7 -8 -9 -10 15 11 13 -14 -15 -16 -17 -18 -19 -20 22 -22 -23 -24 24 25 -27 -28 28 -30 -31
leaf_value=-4.1420188133823794 2.0649335405230524 5.0228020382731149 -1.6662187147040328 7.1939695934223584 4.6270555462758232 1.7203215348309486 8.6043493092352996 6.7193089477208234 8.4961223775499004 -1.4036561828993617 -3.5179922964423898 -2.0437231898307799 -5.6018472587162593 -3.8802369581272376 7.087413559789244 -0.27577419904946104 -3.2815547828674321 0.96707166194915772 -1.9856553517855131 -1.3484955227550339 -2.0816416382789611 -4.2809369019276122 -3.281785992499608 3.9629074499342174 4.0615908796137026 3.6430618856634411 -0.020432115346193314 0.58922151909542408 2.9516681222354664 0.049669789184223524
leaf_weight=1310 110 89 119 172 266 29 407 307 85 42 32 22 53 708 23 203 25 20 39 34 32 193 67 45 22 56 24 42 34 22
leaf_count=1310 110 89 119 172 266 29 407 307 85 42 32 22 53 708 23 203 25 20 39 34 32 193 67 45 22 56 24 42 34 22
internal_value=-7.11206e-09 5.97988 -3.48009 7.51096 3.30973 -0.744347 8.22516 6.37916 7.62464 -0.919103 -3.96132 -3.76072 -4.81734 -3.6787 5.44678 -0.612528 -1.39829 -0.638905 -3.30999 -3.4584 -3.79674 -4.05201 -2.63098 2.32267 2.67404 2.3482 1.75384 2.18836 1.64611 1.72906
internal_weight=4632 1704 2928 1083 621 438 664 419 257 409 2490 1180 85 1095 112 290 87 62 387 348 247 215 101 355 223 178 122 98 76 132
internal_count=4632 1704 2928 1083 621 438 664 419 257 409 2490 1180 85 1095 112 290 87 62 387 348 247 215 101 355 223 178 122 98 76 132
is_linear=0
shrinkage=0.05


Tree=73
num_leaves=31
num_cat=0
split_feature=3 3 5 3 3 6 4 3 1 7 7 4 5 5 6 1 7 4 0 6 4 5 7 1 1 7 5 7 7 1
split_gain=3.48013e+07 2.35745e+06 1.56697e+06 424544 181489 100894 52422.6 51956.5 48491.4 50158.6 78963.2 44072.3 40821.5 57908.7 38484.7 35572.8 34075 37214.8 34376.9 36279.3 43304.8 39535 33170.6 61273.1 54643.9 31332 51295.8 31012.6 44969.7 48042
threshold=401.55000000000007 692.4000000000002 1984.0000000000002 573.00000000000011 808.75000000000011 4896.8500000000013 9907.8500000000022 45.750000000000007 1.0000000180025095e-35 3277.0166666666673 3321.8104166666667 10084.800000000001 181.80000000000004 62.050000000000004 7014.6500000000005 1.0000000180025095e-35 3437.7812500000005 3063.8500000000004 2.5000000000000004 61.900000000000006 82.800000000000026 1.0000000180025095e-35 3329.4604166666668 1.0000000180025095e-35 4.5000000000000009 3337.1187500000001 9481.7000000000025 3344.4770833333337 3367.4229166666669 2.5000000000000004
decision_type=2 2 2 2 2 2 2 2 2 2 2 2 2 2 2 2 2 2 2 2 2 2 2 2 2 2 2 2 2 2
left_child=2 3 7 14 6 27 15 16 -8 -10 -11 -12 13 -9 22 -3 17 18 19 20 21 -1 -2 -24 -25 26 -6 -4 -29 -30
right_child=1 4 5 -5 25 -7 8 12 9 10 11 -13 -14 -15 -16 -17 -18 -19 -20 -21 -22 -23 23 24 -26 -27 -28 28 29 -31
leaf_value=-2.0734798714237392 1.915446236424976 7.5915631905469034 -0.98033504297858798 4.8404585610992381 5.8313272212232867 1.8375158129703431 5.3267506366684323 -1.9944686585459217 9.7450082598061414 5.6419447655861195 10.383137784685408 7.485772215298244 -1.1469948956460665 -5.4917139720916754 3.9837186329894596 6.2093718059188854 -1.9495218319892886 -5.9528614807128903 -3.6824255084459474 -4.5530656493247896 -4.4086579728371174 -3.7459895542207757 5.4042707034519744 1.4275760416551071 3.977427513809765 8.8198810258187539 8.0706781418444749 1.2957019736127158 0.73393783460963857 -2.4697358913421632
leaf_weight=53 225 55 304 360 28 42 21 29 29 39 21 35 33 20 36 303 25 20 1834 266 134 106 21 55 34 121 295 41 22 25
leaf_count=53 225 55 304 360 28 42 21 29 29 39 21 35 33 20 36 303 25 20 1834 266 134 106 21 55 34 121 295 41 22 25
internal_value=-2.33462e-09 5.75033 -3.26644 3.61723 7.39689 -0.491519 6.74657 -3.74434 7.54863 7.92491 7.3693 8.57228 -2.5064 -3.42192 2.43026 6.42172 -3.78598 -3.805 -3.78705 -4.13031 -3.74652 -3.18849 2.26333 2.9749 2.40168 8.13363 7.87655 -0.741058 0.0855343 -0.970144
internal_weight=4632 1678 2954 731 947 434 503 2520 145 124 95 56 82 49 371 358 2438 2413 2393 559 293 159 335 110 89 444 323 392 88 47
internal_count=4632 1678 2954 731 947 434 503 2520 145 124 95 56 82 49 371 358 2438 2413 2393 559 293 159 335 110 89 444 323 392 88 47
is_linear=0
shrinkage=0.05


Tree=74
num_leaves=31
num_cat=0
split_feature=3 5 5 3 3 6 4 1 1 3 3 4 7 7 6 1 4 6 1 4 0 4 7 6 7 5 3 4 7 6
split_gain=3.14082e+07 2.12816e+06 1.41419e+06 373917 169592 91056.7 57819.2 52229.6 50763.1 47332.1 40746.6 39818.1 39604.1 77874.3 34732.5 34306.2 31389.9 30469.5 33199.9 39230.9 35405.3 32388.1 31343.2 30103 37070.8 37873 35346.4 50733.9 61042.9 58095.7
threshold=401.55000000000007 8219.6000000000022 1984.0000000000002 573.00000000000011 808.75000000000011 4896.8500000000013 9907.8500000000022 1.0000000180025095e-35 1.0000000180025095e-35 34.100000000000009 724.35000000000002 699.00000000000011 3277.3020833333339 3321.8104166666667 7014.6500000000005 4.5000000000000009 10084.800000000001 672.30000000000007 4.5000000000000009 82.800000000000026 1.0000000180025095e-35 55.250000000000007 3412.8145833333342 563.60000000000014 3233.6312500000008 631.30000000000007 21.250000000000004 2.3500000000000005 3303.5229166666668 16.800000000000004
decision_type=2 2 2 2 2 2 2 2 2 2 2 2 2 2 2 2 2 2 2 2 2 2 2 2 2 2 2 2 2 2
left_child=2 3 9 14 6 -4 8 -8 -3 17 -10 -11 -9 -14 -2 -12 -15 18 22 21 -21 -20 23 24 -1 26 -26 -28 -29 -30
right_child=1 4 5 -5 -6 -7 7 12 10 11 15 -13 13 16 -16 -17 -18 -19 19 20 -22 -23 -24 -25 25 -27 27 28 29 -31
leaf_value=-4.4663171742900332 2.1501599442469543 7.4292732960299448 -0.70400535993525115 4.5836835488423029 7.7269508670109346 1.7456399778170244 4.9977221895347945 9.257757969560295 4.8731034162465265 -3.0449989448168449 5.7258749017652306 -0.6849585437774659 5.400782212458159 9.8639809426807226 3.7845326910416284 7.0400192536816411 7.4053295387941249 -5.229242336338964 -3.0498913827760159 -5.4497704830169686 -3.4999940499443576 -1.4226162665230888 -1.7488418436050417 -2.0844853860360604 -3.8119645238026814 -1.8306871935173317 -1.722904988597421 -4.8855645038187507 -0.92698509693145759 -3.9732935526791744
leaf_weight=170 335 57 392 352 444 42 22 29 85 168 151 20 38 21 36 74 34 29 242 25 339 35 20 27 1252 27 51 52 29 34
leaf_count=170 335 57 392 352 444 42 22 29 85 168 151 20 38 21 36 74 34 29 242 25 339 35 20 27 1252 27 51 52 29 34
internal_value=5.07209e-09 5.46281 -3.10311 3.41633 7.01214 -0.466943 6.39106 7.24013 6.0579 -3.55712 5.80575 -2.79393 7.6445 7.14145 2.30875 6.15808 8.34409 -3.61865 -3.59837 -3.29268 -3.63391 -2.84428 -3.71626 -3.74023 -3.76791 -3.68574 -3.72107 -3.03549 -3.6176 -2.57102
internal_weight=4632 1678 2954 723 955 434 511 144 367 2520 310 188 122 93 371 225 55 2332 2303 641 364 277 1662 1642 1615 1445 1418 166 115 63
internal_count=4632 1678 2954 723 955 434 511 144 367 2520 310 188 122 93 371 225 55 2332 2303 641 364 277 1662 1642 1615 1445 1418 166 115 63
is_linear=0
shrinkage=0.05


Tree=75
num_leaves=31
num_cat=0
split_feature=3 3 3 3 5 6 3 5 7 6 7 7 4 3 3 6 6 5 5 1 5 4 7 0 3 4 5 6 4 7
split_gain=2.83459e+07 1.92701e+06 1.27703e+06 233999 230594 89245.3 49459.1 40670.1 64849.5 50311.9 40129.3 39949.6 37203.7 35311.6 35032.2 34264.1 34201.9 33635 34579.4 33305.6 32974.8 34729.1 43438 30944.2 30059.4 29491.2 29079.6 51152.3 35074.5 38047.4
threshold=401.55000000000007 620.55000000000007 55.800000000000004 753.6500000000002 5507.4000000000005 4896.8500000000013 853.15000000000009 5143.5000000000009 3355.9854166666673 5307.7500000000009 3260.5270833333338 3300.2250000000004 8308.8500000000022 599.10000000000002 214.05000000000004 8511.1000000000004 8708.7000000000025 9481.7000000000025 9316.3000000000011 3.5000000000000004 9714.3500000000022 9885.0500000000011 3303.8875000000003 14.500000000000002 5.4500000000000011 8723.6500000000015 23.550000000000004 406.45000000000005 504.40000000000003 3297.1208333333338
decision_type=2 2 2 2 2 2 2 2 2 2 2 2 2 2 2 2 2 2 2 2 2 2 2 2 2 2 2 2 2 2
left_child=2 4 24 23 7 14 15 8 -2 10 -9 -12 -6 -14 -4 -5 -17 18 -18 -15 -8 22 -22 -3 -1 -25 27 -26 29 -28
right_child=1 3 5 6 12 -7 20 9 -10 -11 11 -13 13 19 -16 16 17 -19 -20 -21 21 -23 -24 25 26 -27 28 -29 -30 -31
leaf_value=-3.5391693919346667 2.0032770314732113 5.660293400429123 -1.2740698626234725 4.8171966075897217 3.4205050084207742 1.6583579679507587 9.770214298793249 3.7210057621910462 4.5182771067465506 -0.65360622582612216 -0.59257648275012065 2.0305660521730462 3.795802204608917 6.3774343374702669 -0.35594938943862037 8.9537226104736334 6.5992616621223661 7.0463816214613164 4.5363334425858097 4.0781740546226501 6.7480931944317293 6.2955405010896577 9.3857113142271302 2.8324041521549228 -2.6620701397413145 5.4320959448814392 -3.6802973725889743 -5.2077776046026329 -4.4653126396350009 -2.8736010581352036
leaf_weight=1489 148 337 185 20 182 42 21 21 31 27 21 47 80 36 237 20 74 415 28 28 27 34 37 20 327 24 279 21 67 307
leaf_count=1489 148 337 185 20 182 42 21 21 31 27 21 47 80 36 237 20 74 415 28 28 27 34 37 20 327 24 279 21 67 307
internal_value=1.00201e-08 5.18967 -2.94796 6.48842 2.97908 -0.539681 7.04693 1.96623 2.43884 1.23695 1.81049 1.22048 3.89562 4.49612 -0.758443 6.84924 6.92493 6.84644 6.03297 5.37151 7.97221 7.58692 8.27297 5.49747 -3.39673 4.25042 -3.18485 -2.81569 -3.38158 -3.25768
internal_weight=4632 1678 2954 1057 621 464 676 295 179 116 89 68 326 144 422 557 537 517 102 64 119 98 64 381 2490 44 1001 348 653 586
internal_count=4632 1678 2954 1057 621 464 676 295 179 116 89 68 326 144 422 557 537 517 102 64 119 98 64 381 2490 44 1001 348 653 586
is_linear=0
shrinkage=0.05


Tree=76
num_leaves=31
num_cat=0
split_feature=3 3 5 3 5 6 7 4 0 4 3 1 6 3 5 5 4 3 1 6 5 5 6 7 4 0 6 3 4 6
split_gain=2.55822e+07 1.73925e+06 1.15468e+06 235162 188793 73951 54332.9 53391 51817.2 43340.7 42712.9 42290.6 40176 39708.5 35630.4 52403.3 31665.9 30784.6 30489.6 34660.7 52916.2 29697.3 30487.9 29010.6 33890.8 31007.9 31724.7 38880.4 32884.5 31104.8
threshold=401.55000000000007 615.10000000000014 1984.0000000000002 751.25000000000011 6446.3500000000013 4896.8500000000013 3307.5895833333338 9453.4000000000015 13.500000000000002 9907.8500000000022 850.15000000000009 1.5000000000000002 9497.9500000000025 45.750000000000007 181.80000000000004 62.050000000000004 9040.4000000000015 788.75000000000011 4.5000000000000009 4956.3500000000013 4844.1000000000013 7734.2500000000009 8386.4000000000015 3437.7812500000005 3063.8500000000004 2.5000000000000004 61.900000000000006 15.550000000000002 103.65000000000002 67.40000000000002
decision_type=2 2 2 2 2 2 2 2 2 2 2 2 2 2 2 2 2 2 2 2 2 2 2 2 2 2 2 2 2 2
left_child=2 4 13 21 18 -4 8 11 -5 10 -9 -8 -11 23 15 -15 17 -13 19 -2 -21 -3 -23 24 25 26 27 28 -1 -27
right_child=1 3 5 6 -6 -7 7 9 -10 12 -12 16 -14 14 -16 -17 -18 -19 -20 20 -22 22 -24 -25 -26 29 -28 -29 -30 -31
leaf_value=-3.0332012598331159 2.5976019481817882 4.4602288817188578 -0.63215335031154052 6.4001172789021439 3.7489486941773644 1.5754400927396048 7.6393433910608302 7.4750598711125988 3.9433179026064664 8.8223896075939319 10.063508727550508 4.7054392912171101 6.7597915141601268 -1.6259958694721091 -0.85853534828532829 -4.9528469163179398 3.9830384526933944 7.0142618633451921 2.7796249530145101 3.0932285881403723 0.86753061518073094 7.1671976335670635 5.2676752125146775 -1.5527069971561431 -5.3144489192962645 -3.3678768396238628 -3.9689620303886386 -2.2056442574494417 -4.2724807091466674 -2.95519574897089
leaf_weight=130 72 112 392 321 266 42 40 34 23 29 30 22 127 29 33 20 21 42 84 33 140 23 259 25 20 858 266 72 91 976
leaf_count=130 72 112 392 321 266 42 40 34 23 29 30 22 127 29 33 20 21 42 84 33 140 23 259 25 20 858 266 72 91 976
internal_value=4.1538e-09 4.93019 -2.80056 6.12335 2.75843 -0.418515 6.68051 7.12387 6.23585 7.59273 8.6884 6.29869 7.14322 -3.2108 -2.12857 -2.98389 5.66779 6.2206 1.95759 1.67575 1.29209 5.14903 5.4226 -3.2472 -3.26476 -3.24763 -3.57364 -3.21474 -3.54349 -3.14826
internal_weight=4632 1678 2954 1083 595 434 689 345 344 220 64 125 156 2520 82 49 85 64 329 245 173 394 282 2438 2413 2393 559 293 221 1834
internal_count=4632 1678 2954 1083 595 434 689 345 344 220 64 125 156 2520 82 49 85 64 329 245 173 394 282 2438 2413 2393 559 293 221 1834
is_linear=0
shrinkage=0.05


Tree=77
num_leaves=31
num_cat=0
split_feature=3 3 3 3 3 6 7 4 0 4 5 1 7 1 6 7 3 1 6 4 6 3 5 5 6 4 7 6 4 3
split_gain=2.30913e+07 1.85155e+06 756064 218285 212234 49385.4 49035.4 48185.3 46765 40350.8 39598.9 38167.3 32597.4 40039.7 42130.5 33284.6 31673.5 31400.7 48106.1 28578.5 27797.9 27783.1 26938.7 26801.8 27515.3 27300.9 26673.3 26401.7 25056.9 24415.8
threshold=270.00000000000006 615.10000000000014 51.600000000000009 454.2000000000001 751.25000000000011 5512.6000000000013 3307.5895833333338 9453.4000000000015 13.500000000000002 9652.4000000000015 884.50000000000011 1.5000000000000002 3325.514583333334 1.5000000000000002 5211.9500000000016 3285.0916666666672 403.25000000000006 1.0000000180025095e-35 5280.8000000000011 9040.4000000000015 5211.9500000000016 788.75000000000011 5180.7000000000007 7734.2500000000009 8386.4000000000015 8881.8500000000004 3387.2583333333341 7687.7500000000009 8518.2000000000025 0.35000000000000003
decision_type=2 2 2 2 2 2 2 2 2 2 2 2 2 2 2 2 2 2 2 2 2 2 2 2 2 2 2 2 2 2
left_child=2 3 29 12 23 -5 8 11 -6 -9 -4 -8 13 20 16 -16 -15 -14 -19 21 -2 -13 -18 25 -25 28 -11 -7 -3 -1
right_child=1 4 10 5 6 27 7 9 -10 26 -12 19 17 14 15 -17 22 18 -20 -21 -22 -23 -24 24 -26 -27 -28 -29 -30 -31
leaf_value=-3.2275208905196191 0.96591859281063075 4.350160249271072 -2.447996606677771 1.7906666738231007 6.0801114168679611 3.7963031294593024 7.2573762136697768 9.2445406892082911 3.7461520982825238 7.1925527911971914 -0.61655382975151662 4.4701672846620735 3.9256891696349436 -0.50502782154083259 1.6435254664132088 4.0106917070017927 2.3464499415291682 2.5707851020257864 0.036895672174600457 3.7838865711575469 -1.2155664184819097 6.6635487488337937 0.5114207978463835 6.8088376843410989 5.0042914486069483 5.7728275172088459 5.3459511041641239 1.9901711417870089 2.459704277167718 -2.9135485485817756
leaf_weight=1250 40 65 32 41 321 252 40 22 23 176 380 22 23 25 33 27 45 67 26 21 23 42 36 23 259 23 22 22 24 1227
leaf_count=1250 40 65 32 41 321 252 40 22 23 176 380 22 23 25 33 27 45 67 26 21 23 42 36 23 259 23 22 22 24 1227
internal_value=7.42665e-10 4.54501 -2.74211 2.45749 5.81718 3.40911 6.34648 6.76768 5.92406 7.21309 -0.758802 5.98376 1.58861 1.2427 1.65 2.70875 1.05071 2.27149 1.86239 5.3844 0.169503 5.90957 1.53088 4.89158 5.15147 4.23722 6.98737 3.65129 3.84037 -3.07199
internal_weight=4632 1743 2889 660 1083 315 689 345 344 220 412 125 345 229 166 60 106 116 93 85 63 64 81 394 282 112 198 274 89 2477
internal_count=4632 1743 2889 660 1083 315 689 345 344 220 412 125 345 229 166 60 106 116 93 85 63 64 81 394 282 112 198 274 89 2477
is_linear=0
shrinkage=0.05


Tree=78
num_leaves=31
num_cat=0
split_feature=3 3 3 3 3 7 5 6 6 0 6 5 4 1 4 6 4 6 4 4 1 1 5 7 1 6 6 3 1 6
split_gain=2.08399e+07 1.67189e+06 682348 201920 185964 44254.5 45358.6 43595.9 43105.5 42205.4 40379.3 35738 34110.6 41843.7 31029.8 38971.7 30123.4 55567.5 30590.8 30011.8 32430.7 46879.6 31153 29419.2 36135.8 38022.8 30925.4 28585.3 28339.1 43415.8
threshold=270.00000000000006 613.20000000000016 51.600000000000009 751.25000000000011 454.2000000000001 3307.5895833333338 10430.500000000002 10431.050000000001 5512.6000000000013 13.500000000000002 10227.300000000001 884.50000000000011 9453.4000000000015 1.5000000000000002 8848.3000000000011 9188.1000000000004 9756.7000000000025 8997.1500000000015 8308.8500000000022 7328.1000000000013 2.5000000000000004 1.0000000180025095e-35 8616.2000000000025 3325.514583333334 1.5000000000000002 5211.9500000000016 5347.4000000000005 403.25000000000006 1.0000000180025095e-35 5280.8000000000011
decision_type=2 2 2 2 2 2 2 2 2 2 2 2 2 2 2 2 2 2 2 2 2 2 2 2 2 2 2 2 2 2
left_child=2 4 -1 16 23 9 7 10 -6 -5 12 -4 13 -7 15 -15 18 -18 19 20 21 -3 -22 24 -2 27 -27 -26 -25 -30
right_child=1 3 11 5 8 6 -8 -9 -10 -11 -12 -13 -14 14 -16 -17 17 -19 -20 -21 22 -23 -24 28 25 26 -28 -29 29 -31
leaf_value=-2.9183927771795339 0.16102822110766457 5.4726854020898994 -2.3255967829376458 5.7761058421149807 1.7011333555710024 7.1524632930755621 8.4804354476928712 8.4169524452903044 3.4450583506818022 3.5588444502457328 4.4324214451014994 -0.58572613221054015 6.7841301628738453 4.130316350646317 3.7449523892005283 7.0423533280690513 6.4584758724244145 3.8449014923789289 3.757374411846838 5.8358723373413088 4.2715948584561163 2.6458778067068622 6.1850067853927619 3.7294046238712646 -0.47977641677856453 3.9635784427324929 1.6464689612388612 1.45433736294508 2.4422458417380035 0.035050885493938741
leaf_weight=2477 63 22 32 321 41 32 25 22 261 23 32 380 157 20 30 27 53 33 117 50 52 44 36 23 25 24 36 81 67 26
leaf_count=2477 63 22 32 321 41 32 25 22 261 23 32 380 157 20 30 27 53 33 117 50 52 44 36 23 25 24 36 81 67 26
internal_value=3.63645e-09 4.31776 -2.605 5.50755 2.30228 6.02916 6.4293 6.26905 3.2083 5.62786 6.11048 -0.720862 6.31235 5.63282 5.00128 5.80319 4.62454 5.45559 4.40189 4.77154 4.42598 3.58815 5.05435 1.50918 1.18057 1.5675 2.57331 0.998178 2.15791 1.76927
internal_weight=4632 1743 2889 1096 647 689 345 320 302 344 298 412 266 109 77 47 407 86 321 204 154 66 88 345 229 166 60 106 116 93
internal_count=4632 1743 2889 1096 647 689 345 320 302 344 298 412 266 109 77 47 407 86 321 204 154 66 88 345 229 166 60 106 116 93
is_linear=0
shrinkage=0.05


Tree=79
num_leaves=31
num_cat=0
split_feature=3 3 5 3 3 6 4 1 7 7 4 3 4 1 7 5 6 3 6 6 7 7 5 6 1 4 0 5 7 6
split_gain=1.88088e+07 1.27856e+06 846237 232980 106618 56545 36709.8 39776.2 43192.2 57776.3 36914.1 33418.6 33896.9 27583.9 62614.7 30882.7 41151.4 36298.6 33135.2 56548.4 27041.2 39522.2 30680.9 26975.5 29391.8 36512.3 29262.5 38745.5 27152.6 27359.7
threshold=401.55000000000007 692.4000000000002 1984.0000000000002 573.00000000000011 808.75000000000011 4896.8500000000013 9907.8500000000022 1.0000000180025095e-35 3277.0166666666673 3321.8104166666667 10084.800000000001 34.100000000000009 699.00000000000011 1.0000000180025095e-35 3322.1562500000005 7014.6500000000005 7508.7000000000007 604.55000000000007 6968.3000000000002 7419.4000000000005 3329.4604166666668 3258.4854166666669 7349.1000000000013 672.30000000000007 4.5000000000000009 2072.3000000000006 1.0000000180025095e-35 4.4500000000000011 3412.8145833333342 563.60000000000014
decision_type=2 2 2 2 2 2 2 2 2 2 2 2 2 2 2 2 2 2 2 2 2 2 2 2 2 2 2 2 2 2
left_child=2 3 11 -2 6 -4 -3 -8 -9 -10 -11 23 -13 14 -5 18 20 -18 -15 -20 21 -17 -22 24 28 26 27 -26 29 -1
right_child=1 4 5 13 -6 -7 7 8 9 10 -12 12 -14 15 -16 16 17 -19 19 -21 22 -23 -24 -25 25 -27 -28 -29 -30 -31
leaf_value=-2.9447999647409646 1.7772174582688636 4.6697360197092568 -0.54894135027971813 6.1208214934666954 6.004706521000009 1.3814444189979918 3.6004241066319604 7.6425314146896897 3.9604075395143954 8.1242644378117159 5.4726112950699672 -2.3429274201038339 -0.16542229890823365 4.2651332426071162 2.6532806767717654 5.0223330795764927 0.86927188805171429 3.4476613425291505 0.69689330326186294 3.9616955887703669 6.3791831856188566 3.0312472340133456 3.9519181005160018 -4.3196964790081154 -1.890628296988351 -3.8547426926053094 -2.2852655696299147 -4.6908704439798994 -1.0649243712425231 -1.3399144359208921
leaf_weight=1615 371 358 392 30 444 42 21 29 39 21 35 168 20 20 23 36 21 39 36 21 23 81 30 29 21 46 544 30 20 27
leaf_count=1615 371 358 392 30 444 42 21 29 39 21 35 168 20 20 23 36 21 39 36 21 23 81 30 29 21 46 544 30 20 27
internal_value=-4.72007e-09 4.22742 -2.40136 2.65651 5.44003 -0.36213 4.94158 5.61275 5.95355 5.43797 6.46698 -2.75256 -2.11128 3.56268 4.61604 3.38083 3.67099 2.54523 2.51411 1.89972 4.06832 3.64389 5.00526 -2.80426 -2.78518 -2.49755 -2.39263 -3.53783 -2.89611 -2.91841
internal_weight=4632 1678 2954 731 947 434 503 145 124 95 56 2520 188 360 53 307 230 60 77 57 170 117 53 2332 2303 641 595 51 1662 1642
internal_count=4632 1678 2954 731 947 434 503 145 124 95 56 2520 188 360 53 307 230 60 77 57 170 117 53 2332 2303 641 595 51 1662 1642
is_linear=0
shrinkage=0.05


Tree=80
num_leaves=31
num_cat=0
split_feature=3 3 3 3 3 6 7 5 5 6 6 4 6 6 6 5 6 6 6 7 1 6 1 6 5 4 6 3 7 3
split_gain=1.69768e+07 1.36443e+06 556193 193569 126202 46572.1 51134.4 38259.1 36914.2 35508.1 39757.8 35025.8 32024 30633.4 41826.2 29132.1 28773.1 30305.3 27492.4 32260.7 44028.1 38310.7 28940.4 59456.6 26589.9 25401.2 24887.8 26854.2 26531.8 24165.6
threshold=270.00000000000006 606.85000000000002 51.600000000000009 744.85000000000002 454.2000000000001 8511.1000000000004 3305.8562500000012 7014.6500000000005 10430.500000000002 10431.050000000001 8745.5500000000011 5362.4500000000016 5512.6000000000013 9444.6000000000004 9574.5000000000018 884.50000000000011 10227.300000000001 9028.1000000000022 5512.6000000000013 3325.514583333334 1.0000000180025095e-35 4956.3500000000013 1.5000000000000002 5211.9500000000016 6800.4500000000016 9159.5500000000011 9332.0500000000011 864.70000000000016 3336.1166666666672 403.25000000000006
decision_type=2 2 2 2 2 2 2 2 2 2 2 2 2 2 2 2 2 2 2 2 2 2 2 2 2 2 2 2 2 2
left_child=2 4 -1 7 18 -5 13 11 9 10 -8 -3 -6 25 -15 -4 17 -12 19 22 -21 -22 -2 29 -14 -7 -19 28 -28 -24
right_child=1 3 15 5 12 6 8 -9 -10 -11 16 -13 24 14 -16 -17 -18 26 -20 20 21 -23 23 -25 -26 -27 27 -29 -30 -31
leaf_value=-2.6341379536969267 0.19453757213333908 4.197857395807902 -2.0989752474240961 3.3725416872236469 1.5272158464280572 2.9735268313309242 7.7859475469589228 4.2228606953643837 7.7572425794601445 7.7071891697970303 3.9722434694568314 1.4279622879028322 4.5843539009094236 7.4830546283721935 5.1078536286125544 -0.52811528761528048 4.1365747806004114 7.1334306031465538 -0.065503336248859276 4.2526808114278891 3.0698821641504765 0.88661267680150491 -0.48555748462677006 3.0962624992643084 2.8528372571480518 4.949901374610695 4.8474079695600345 7.3251429625919888 6.05859144018455 1.2927596186046246
leaf_weight=2477 59 21 32 27 41 29 20 364 25 22 24 25 25 20 253 380 35 32 31 21 32 54 25 42 196 37 93 21 88 81
leaf_count=2477 59 21 32 27 41 29 20 364 25 22 24 25 25 20 253 380 35 32 31 21 32 54 25 42 196 37 93 21 88 81
internal_value=-2.12354e-09 3.89708 -2.3512 4.91967 1.9833 5.41015 5.48886 4.05116 5.90385 5.76553 5.62906 2.69248 2.81061 5.04816 5.28186 -0.650124 5.48183 5.66433 1.35503 1.49527 2.20018 1.69899 1.1309 1.50417 3.04871 4.08149 5.83788 5.63264 5.43627 0.873345
internal_weight=4632 1743 2889 1136 607 726 699 410 360 335 313 46 262 339 273 412 293 258 345 314 107 86 207 148 221 66 234 202 181 106
internal_count=4632 1743 2889 1136 607 726 699 410 360 335 313 46 262 339 273 412 293 258 345 314 107 86 207 148 221 66 234 202 181 106
is_linear=0
shrinkage=0.05


Tree=81
num_leaves=31
num_cat=0
split_feature=3 3 3 5 3 7 3 5 6 3 3 5 4 5 6 3 4 7 7 6 5 5 6 6 3 6 7 1 6 1
split_gain=1.53216e+07 1.23241e+06 501964 153734 138535 41101.6 40407.8 42214.3 32215.3 28820.5 27992.7 30030.3 27760.7 27174.8 34911.9 26316.1 25932.6 38579.7 25870.9 25821.6 25058.7 27230.3 36199.8 33406.5 26227.6 24811.9 29115.3 39735.4 34575.4 26118.7
threshold=270.00000000000006 613.20000000000016 51.600000000000009 9481.7000000000025 454.2000000000001 3359.635416666667 710.60000000000014 9371.5500000000011 5512.6000000000013 757.60000000000014 231.60000000000002 2925.2500000000005 5471.8500000000013 2738.6000000000008 2804.1500000000005 806.90000000000009 8596.2500000000018 3223.9541666666673 3311.4062500000005 7508.7000000000007 7615.7500000000009 7271.4500000000016 7187.7500000000009 7014.6500000000005 576.10000000000014 5512.6000000000013 3325.514583333334 1.0000000180025095e-35 4956.3500000000013 1.5000000000000002
decision_type=2 2 2 2 2 2 2 2 2 2 2 2 2 2 2 2 2 2 2 2 2 2 2 2 2 2 2 2 2 2
left_child=2 4 -1 5 25 6 -3 -8 -6 -7 12 13 -4 14 18 -5 -17 -18 -12 20 21 22 24 -23 -10 26 29 -28 -29 -2
right_child=1 3 10 15 8 9 7 -9 19 -11 11 -13 -14 -15 -16 16 17 -19 -20 -21 -22 23 -24 -25 -26 -27 27 28 -30 -31
leaf_value=-2.5024310434445423 0.18481068934424449 3.323681809399277 -1.0363467526079138 4.6744786984279383 1.4508550245587419 4.6080328661416265 4.4609052185844256 2.321845269918442 5.1227544969036467 6.7438418041576043 -0.44297717475891113 -1.604420920558598 0.67572609002773587 1.950641919266094 -1.5754524754434824 7.1495367547740107 3.5215181121826173 5.551311590364608 1.8097249462054326 1.9240243167293316 1.7746372258221663 2.5291882324218751 1.8174568347294224 4.9851465204026972 3.0456188064813614 -0.062228167537719974 4.0400467838559839 2.9163879999890927 0.8422820504340861 1.4289644310049512
leaf_weight=2477 59 160 265 119 41 56 298 25 21 22 25 23 26 22 25 23 25 368 26 49 27 20 44 45 55 31 21 32 54 148
leaf_count=2477 59 160 265 119 41 56 298 25 21 22 25 23 26 22 25 23 25 368 26 49 27 20 44 45 55 31 21 32 54 148
internal_value=4.41754e-09 3.70223 -2.23364 4.72374 1.97181 4.14545 3.97347 4.29534 2.7538 5.21044 -0.617618 0.0215252 -0.883378 0.403125 -0.0448407 5.33014 5.51769 5.42219 0.705459 2.95848 3.19757 3.40525 2.95879 4.22947 3.61956 1.28728 1.42051 2.09017 1.61404 1.07435
internal_weight=4632 1743 2889 1096 647 561 483 323 302 78 412 121 291 98 76 535 416 393 51 261 212 185 120 65 76 345 314 107 86 207
internal_count=4632 1743 2889 1096 647 561 483 323 302 78 412 121 291 98 76 535 416 393 51 261 212 185 120 65 76 345 314 107 86 207
is_linear=0
shrinkage=0.05


Tree=82
num_leaves=31
num_cat=0
split_feature=3 5 5 3 3 6 4 1 1 7 7 3 1 4 3 4 7 6 4 6 3 5 5 5 7 0 6 3 7 7
split_gain=1.38308e+07 943586 621890 175338 77083.4 44757.7 35022.6 42932.1 42571.6 35343.1 56006.7 35068.7 38133.5 31906.4 28676.9 43163.9 31016.1 63793.7 39763.6 36415.5 34248.3 31711.9 30455.7 27589.7 26624.4 25102.1 32841.2 32691.9 34254.8 31020.4
threshold=401.55000000000007 8361.4000000000015 1984.0000000000002 573.00000000000011 808.75000000000011 4896.8500000000013 9907.8500000000022 1.0000000180025095e-35 1.0000000180025095e-35 3277.3020833333339 3321.8104166666667 730.50000000000011 4.5000000000000009 7832.8000000000011 22.950000000000003 788.45000000000016 3276.6041666666665 50.750000000000007 1.0000000180025095e-35 165.80000000000004 29.850000000000005 50.95000000000001 190.30000000000004 9572.2500000000018 3344.4770833333337 2.5000000000000004 67.40000000000002 17.950000000000003 3300.9604166666672 3338.5395833333337
decision_type=2 2 2 2 2 2 2 2 2 2 2 2 2 2 2 2 2 2 2 2 2 2 2 2 2 2 2 2 2 2
left_child=2 3 14 -2 6 -4 8 -8 -3 -9 -11 13 -13 -10 25 16 17 -16 -18 22 -19 -21 -20 -14 -12 29 -27 -28 -29 -1
right_child=1 4 5 -5 -6 -7 7 9 11 10 24 12 23 -15 15 -17 18 20 19 21 -22 -23 -24 -25 -26 26 27 28 -30 -31
leaf_value=-2.9800533042576074 1.5204341926343359 5.2460446762187143 -0.47727082880327898 3.0618352246686453 5.1542333416900865 1.2401677460897538 2.8801950400525875 6.8029508064533104 3.6412355481725882 3.3335850456337397 7.1287117045858643 3.6230868043268432 5.7049768344480167 1.718210730833166 -1.3845230538852331 -0.27342372171799928 -0.96155679622117207 -5.3571893942356112 -3.3121753323078154 0.0056541085243225105 -2.9037441907507002 -2.1262610279726535 -1.5224798780499083 3.501264256387949 4.867592708269755 -2.5784442424009506 -2.2068847151258155 -1.9798086710274221 0.58314623345028271 -2.0734397591392355
leaf_weight=367 371 56 392 367 444 42 22 29 59 38 23 136 49 34 41 34 85 25 85 26 33 53 33 20 30 760 797 32 22 127
leaf_count=367 371 56 392 367 444 42 22 29 59 38 23 136 49 34 41 34 85 25 85 26 33 53 33 20 30 760 797 32 22 127
internal_value=1.93109e-09 3.62509 -2.05921 2.28696 4.67567 -0.311067 4.24729 4.91066 3.98119 5.28292 4.79851 3.74349 4.10882 2.93819 -2.36028 -1.98041 -2.13274 -2.89413 -1.86544 -2.25544 -3.96126 -1.42462 -2.81167 5.06622 5.84883 -2.43517 -2.33956 -2.12622 -0.935642 -2.74698
internal_weight=4632 1678 2954 738 940 434 496 142 354 120 91 298 205 93 2520 415 381 99 282 197 58 79 118 69 53 2105 1611 851 54 494
internal_count=4632 1678 2954 738 940 434 496 142 354 120 91 298 205 93 2520 415 381 99 282 197 58 79 118 69 53 2105 1611 851 54 494
is_linear=0
shrinkage=0.05


Tree=83
num_leaves=31
num_cat=0
split_feature=3 3 3 5 5 3 1 5 3 6 1 5 7 6 7 7 5 4 7 4 5 4 4 7 7 5 4 1 1 4
split_gain=1.24823e+07 854274 561316 118497 101987 54011.8 47618.8 37859.4 38576.6 31715.3 38339.4 29493.8 50684.1 40108.9 38732.9 29747 27607.4 30750.5 42004.1 32651.4 31470.3 30463.5 76438.4 24538.1 37929.4 34214.3 48448.3 27885 30790.9 47754.4
threshold=401.55000000000007 626.95000000000016 51.600000000000009 5507.4000000000005 9481.7000000000025 238.30000000000004 5.5000000000000009 9371.5500000000011 740.55000000000007 9704.5000000000018 4.5000000000000009 5143.5000000000009 3355.9854166666673 5307.7500000000009 3260.5270833333338 3300.2250000000004 9104.1500000000015 7832.8000000000011 3313.4750000000008 6854.0000000000009 8503.9500000000025 9856.4500000000025 10107.700000000003 3280.6895833333342 3257.6791666666672 9776.6000000000022 9584.8500000000022 3.5000000000000004 5.5000000000000009 10107.700000000003
decision_type=2 2 2 2 2 2 2 2 2 2 2 2 2 2 2 2 2 2 2 2 2 2 2 2 2 2 2 2 2 2
left_child=2 3 -1 11 7 -4 -7 8 16 10 -10 12 -2 14 -13 -16 17 18 20 -20 -3 -19 -23 24 25 -6 -27 -25 29 -29
right_child=1 4 5 -5 23 6 -8 -9 9 -11 -12 13 -14 -15 15 -17 -18 21 19 -21 -22 22 -24 27 -26 26 -28 28 -30 -31
leaf_value=-2.2587078595289576 1.2966503221038226 6.1964536668732766 -0.73724225275218491 2.6387344905114243 6.6127582192420959 0.87250532364023137 -1.3927387323872797 2.0989420912663141 3.7754559126585727 6.3506456089019778 5.3910142955871727 3.0472755636487689 3.5200657356169915 -1.0298038615120781 -0.97386337234860376 1.2896731939721615 1.9943037623396287 2.5858658975289193 1.6399634511697863 4.3963108734651044 4.1151454743884859 6.235231094256692 2.1588314375151758 5.4522000738206859 3.4800898714065553 5.656862208545208 3.1465723775528573 3.4435942088946323 5.4420958709332261 6.0812499956651171
leaf_weight=2477 148 32 332 351 24 116 29 30 125 20 52 21 31 27 21 47 26 81 21 22 42 23 23 197 75 40 37 78 62 22
leaf_count=2477 148 32 332 351 24 116 29 30 125 20 52 21 31 27 21 47 26 81 21 22 42 23 23 197 75 40 37 78 62 22
internal_value=-5.91599e-09 3.44384 -1.95625 2.01792 4.33642 -0.385625 0.419457 3.82072 3.93133 4.46334 4.25008 1.27925 1.68171 0.658203 1.1703 0.59064 3.54315 3.70819 4.293 3.05019 5.01517 3.16944 4.19703 4.8155 4.33188 4.96439 4.45062 5.05259 4.56665 4.02388
internal_weight=4632 1678 2954 646 1032 477 145 497 467 197 177 295 179 116 89 68 270 244 117 43 74 127 46 535 176 101 77 359 162 100
internal_count=4632 1678 2954 646 1032 477 145 497 467 197 177 295 179 116 89 68 270 244 117 43 74 127 46 535 176 101 77 359 162 100
is_linear=0
shrinkage=0.05


Tree=84
num_leaves=31
num_cat=0
split_feature=3 3 5 5 3 5 5 3 7 6 4 1 6 3 7 7 0 4 3 5 7 5 6 1 5 6 4 1 0 1
split_gain=1.12691e+07 914370 370567 127996 83563.9 39975.8 33905.9 35030.7 36455.8 31046.6 30455.4 26518.8 67975.3 27013 34591.7 38415.9 38843.9 31855.5 57640.7 48419 31408.3 73905.4 30895.1 30454.7 32027.4 29780.4 45304.3 32908.1 27965.1 36013.7
threshold=270.00000000000006 606.85000000000002 631.30000000000007 9481.7000000000025 454.2000000000001 7014.6500000000005 9371.5500000000011 751.25000000000011 3345.8145833333338 145.10000000000005 5362.4500000000016 4.5000000000000009 604.30000000000007 10.250000000000002 3302.5666666666671 3308.8062500000001 5.5000000000000009 16.800000000000004 19.450000000000003 75.250000000000014 3293.3750000000005 59.70000000000001 285.95000000000005 3.5000000000000004 23.550000000000004 16.800000000000004 70.500000000000014 2.5000000000000004 3.5000000000000004 2.5000000000000004
decision_type=2 2 2 2 2 2 2 2 2 2 2 2 2 2 2 2 2 2 2 2 2 2 2 2 2 2 2 2 2 2
left_child=2 4 11 5 -2 10 7 -7 -9 -4 -3 13 -13 -1 20 -16 25 -18 -19 -20 22 -22 23 24 -15 26 -17 -27 -26 -30
right_child=1 3 9 -5 -6 6 -8 8 -10 -11 -12 12 -14 14 15 16 17 18 19 -21 21 -23 -24 -25 28 27 -28 -29 29 -31
leaf_value=-2.3885058052857171 1.0971721988084955 3.498743312699454 -2.2008419125168412 4.5747237896473605 2.2816133045285714 3.4783813847974905 1.9939950410525005 3.9597197438186074 5.8853149592643605 -0.44933814398610772 0.91587827968597413 -1.8001681681697566 -4.5642927973166758 -1.2874085217714311 0.43006470420143822 -1.7176762080192569 -1.0593258962460927 -4.5955039655008632 -0.40660350280148649 -3.1624473803752178 -5.8285352975130085 -1.6726528665293818 -3.7603696282093342 -0.79686338253643207 -4.1902051155383777 -2.1905342788407296 1.6074404602959043 0.12463914632797242 -1.458848486384567 -3.6364070305420508
leaf_weight=1205 345 21 27 535 262 387 30 106 32 402 25 675 23 56 22 20 35 31 28 37 20 23 26 46 26 66 21 20 49 31
leaf_count=1205 345 21 27 535 262 387 30 106 32 402 25 675 23 56 22 20 35 31 28 37 20 23 26 46 26 66 21 20 49 31
internal_value=7.68544e-09 3.17508 -1.9156 4.0122 1.60841 3.51145 3.62885 3.72227 4.40623 -0.559573 2.09501 -2.15208 -1.89125 -2.2554 -1.96745 -1.57554 -1.74656 -2.35063 -2.82142 -1.97531 -2.36361 -3.60562 -2.13537 -1.93225 -2.25464 -1.12346 -0.0145677 -1.65212 -2.76564 -2.30265
internal_weight=4632 1743 2889 1136 607 601 555 525 138 429 46 2460 698 1762 557 280 258 131 96 65 277 43 234 208 162 127 41 86 106 80
internal_count=4632 1743 2889 1136 607 601 555 525 138 429 46 2460 698 1762 557 280 258 131 96 65 277 43 234 208 162 127 41 86 106 80
is_linear=0
shrinkage=0.05


Tree=85
num_leaves=31
num_cat=0
split_feature=3 5 3 3 3 5 6 3 6 4 1 1 7 7 3 1 6 6 4 7 1 7 5 3 5 5 6 7 7 7
split_gain=1.01722e+07 697358 457634 130552 59394 50086.5 50090.6 39310.8 30458.4 29299.5 38706.6 38384.5 31766.6 49448.8 28907.6 27304.6 26859 25430 27692.7 37245.1 25300.1 29460 31080.2 29601.8 27844.6 74511.1 43905.2 41452.7 46522.4 29965.7
threshold=401.55000000000007 8361.4000000000015 192.60000000000002 583.50000000000011 808.75000000000011 2207.1500000000001 761.20000000000016 178.60000000000002 4896.8500000000013 9907.8500000000022 1.0000000180025095e-35 1.0000000180025095e-35 3277.3020833333339 3321.8104166666667 724.35000000000002 4.5000000000000009 8997.1500000000015 2148.5000000000005 160.65000000000001 3347.6145833333335 4.5000000000000009 3237.0916666666667 631.30000000000007 21.250000000000004 181.80000000000004 136.30000000000004 155.10000000000005 3302.5666666666671 3330.5437500000012 3291.7187500000005
decision_type=2 2 2 2 2 2 2 2 2 2 2 2 2 2 2 2 2 2 2 2 2 2 2 2 2 2 2 2 2 2
left_child=2 3 5 -2 9 6 20 -7 17 10 -3 -11 -13 -14 -12 -16 -15 -4 19 -19 21 -1 23 -23 25 27 -26 29 -29 -25
right_child=1 4 8 -5 -6 7 -8 -9 -10 11 14 12 13 16 15 -17 -18 18 -20 -21 -22 22 -24 24 26 -27 -28 28 -30 -31
leaf_value=-2.6889101396027528 1.3653174207520893 4.5986839941569739 1.2232600717544555 2.7040557918791013 4.4321070574626731 1.2544274568557741 -4.4145322030240841 -1.5243796941212246 1.1147327786400205 2.3228374741294169 2.3389128062205438 6.0358151041228201 2.7590071358178792 6.2694402254544777 3.0666537031734071 4.2496381371805114 4.0178751592282893 -1.8203748820116745 -0.14112936634766429 0.45545426177978521 -1.7657962513368735 -2.1770805948818235 -0.45225966155529024 -1.8293546128273013 0.13780360932045796 -4.6482458678158851 -2.4906645670533183 0.52616591503222787 -1.6911103357439456 -4.0800506441366107
leaf_weight=201 411 56 25 327 444 20 22 35 42 22 78 29 38 26 147 73 27 64 228 25 710 1283 30 50 47 22 24 36 69 21
leaf_count=201 411 56 25 327 444 20 22 35 42 22 78 29 38 26 147 73 27 64 228 25 710 1283 30 50 47 22 24 36 69 21
internal_value=7.01506e-09 3.10887 -1.76597 1.9585 4.01203 -2.00653 -2.03917 -0.513904 -0.155976 3.636 3.39261 4.24276 4.59474 4.1355 3.16596 3.45919 5.12242 -0.312028 -0.433108 -1.1811 -2.01821 -2.11873 -2.04628 -2.07709 -1.6002 -1.90482 -0.750693 -1.56189 -0.930901 -2.49505
internal_weight=4632 1678 2954 738 940 2570 2515 55 384 496 354 142 120 91 298 220 53 342 317 89 2493 1783 1582 1552 269 198 71 176 105 71
internal_count=4632 1678 2954 738 940 2570 2515 55 384 496 354 142 120 91 298 220 53 342 317 89 2493 1783 1582 1552 269 198 71 176 105 71
is_linear=0
shrinkage=0.05


Tree=86
num_leaves=31
num_cat=0
split_feature=3 5 3 3 3 5 6 6 3 4 1 7 7 4 0 1 3 7 3 5 1 7 0 6 7 7 5 5 5 4
split_gain=9.18045e+06 609250 437765 113091 53782.9 45203.1 45206.8 40240 35478 26870.5 47711.1 25652.8 43371.3 31201.9 25375 30080.3 29513.5 26596.6 24211 38179.5 37847.9 28516.1 26233.1 39490.8 31479.3 23528.8 44203.3 28868.6 28411.4 55421.6
threshold=403.25000000000006 8361.4000000000015 192.60000000000002 573.00000000000011 815.05000000000007 2207.1500000000001 761.20000000000016 5211.9500000000016 178.60000000000002 9907.8500000000022 1.0000000180025095e-35 3277.3020833333339 3321.8104166666667 10084.800000000001 12.500000000000002 1.0000000180025095e-35 742.80000000000007 3300.6750000000006 0.35000000000000003 23.550000000000004 5.5000000000000009 3313.4750000000008 1.0000000180025095e-35 540.10000000000014 3300.2250000000004 3325.514583333334 2964.3000000000006 2594.6000000000004 2925.2500000000005 191.35000000000005
decision_type=2 2 2 2 2 2 2 2 2 2 2 2 2 2 2 2 2 2 2 2 2 2 2 2 2 2 2 2 2 2
left_child=2 3 5 -2 9 6 18 25 -7 14 -11 -12 -13 -14 15 -3 -16 -18 -1 20 -20 -22 24 -24 -21 28 27 -27 29 -4
right_child=1 4 7 -5 -6 8 -8 -9 -10 10 11 12 13 -15 16 -17 17 -19 19 22 21 -23 23 -25 -26 26 -28 -29 -30 -31
leaf_value=-2.0738074901337398 1.2501110785916532 4.7321681682453605 -1.5569090104103089 2.499156849662842 4.2442376710126677 1.1917060458660127 -4.1938057151707744 1.9076691109201183 -1.4481606858117242 1.9527936821398528 5.7340242813373443 2.7473867613535661 6.3874959663911302 4.0096999687117503 1.7840374403529697 3.2909044475859952 2.5589454115288603 4.7775262106548659 -1.554489439718175 -4.4324991143268084 1.199076957806297 -1.1769819821630205 -1.9538692642421649 0.29742651224136352 -1.8165235395016879 0.53213954112109019 1.8173279013058972 -1.2380292979024707 -1.3143940167147903 0.43188466414427151
leaf_weight=1241 358 43 50 367 407 20 22 23 35 23 29 39 22 37 54 229 35 22 387 23 23 28 748 20 23 51 35 42 79 117
leaf_count=1241 358 43 50 367 407 20 22 23 35 23 29 39 22 37 54 229 35 22 387 23 23 28 748 20 23 51 35 42 79 117
internal_value=-6.66266e-09 2.97146 -1.6675 1.88239 3.81143 -1.90621 -1.93722 -0.122235 -0.488209 3.48094 4.04822 4.42771 4.04114 4.89634 3.25877 3.51875 2.62168 3.41524 -1.9173 -1.76217 -1.38576 -0.105426 -1.96471 -1.89524 -3.12451 -0.247069 0.302722 -0.267292 -0.533139 -0.163563
internal_weight=4632 1665 2967 725 940 2570 2515 397 55 533 150 127 98 59 383 272 111 57 2493 1252 438 51 814 768 46 374 128 93 246 167
internal_count=4632 1665 2967 725 940 2570 2515 397 55 533 150 127 98 59 383 272 111 57 2493 1252 438 51 814 768 46 374 128 93 246 167
is_linear=0
shrinkage=0.05


Tree=87
num_leaves=31
num_cat=0
split_feature=3 3 3 5 5 0 7 5 3 3 1 1 5 4 6 5 7 7 4 0 6 6 4 3 3 3 3 3 5 5
split_gain=8.28588e+06 572045 374564 85049.3 63632.9 50598 34002.1 35239 34760.9 30632.1 43552.6 27654.3 32041.2 56603 42941.7 31812.8 25286.6 23621.9 31210.9 24253.3 29266.6 27170 35300.1 33816.5 31592.1 112090 26823 22886.7 22725 37326.5
threshold=401.55000000000007 613.20000000000016 47.050000000000004 9481.7000000000025 5507.4000000000005 18.500000000000004 3359.635416666667 9371.5500000000011 724.35000000000002 238.30000000000004 5.5000000000000009 4.5000000000000009 4844.1000000000013 2949.6500000000005 4956.3500000000013 5022.9000000000005 3341.6833333333338 3437.7812500000005 3063.8500000000004 2.5000000000000004 67.40000000000002 61.900000000000006 103.65000000000002 19.450000000000003 15.15 26.150000000000002 5.7500000000000009 886.85000000000002 8811.3500000000004 8616.2000000000025
decision_type=2 2 2 2 2 2 2 2 2 2 2 2 2 2 2 2 2 2 2 2 2 2 2 2 2 2 2 2 2 2
left_child=2 4 17 6 11 9 7 8 16 -4 -11 12 13 -2 -14 -13 28 18 19 21 -21 22 -1 -24 26 -26 -23 -5 29 -3
right_child=1 3 5 27 -6 -7 -8 -9 -10 10 -12 15 14 -15 -16 -17 -18 -19 -20 20 -22 24 23 -25 25 -27 -28 -29 -30 -31
leaf_value=-1.3723611069400667 0.027207077067831289 2.7172743892046944 -0.49872128522845482 3.8651688413828325 2.0690292899149636 -2.4989589606340115 4.0171121258957267 1.1369040480366459 3.4211616573170716 0.80564662099912254 -1.3607249366826026 0.70636857668558761 1.7014250445730832 3.3747934264796124 -0.039152559824287891 2.8973903014853195 0.97811740999636454 -0.31982030290365221 -3.8316882896423339 -1.9733505448868212 -1.5743346666870308 -2.5124609923776173 -2.8997737708912101 -0.63347509026527415 -5.5826525592803957 -0.81979829924447201 -1.1038359789621264 5.5890986561775211 1.7407394299531977 5.032916629314423
leaf_weight=181 23 134 332 515 287 26 78 27 234 116 29 30 49 28 128 37 23 25 20 863 983 173 93 20 30 21 42 20 45 20
leaf_count=181 23 134 332 515 287 26 78 27 234 116 29 30 49 28 128 37 23 25 20 863 983 173 93 20 30 21 42 20 45 20
internal_value=-9.64745e-09 2.80585 -1.59384 3.47859 1.53898 -0.351003 3.04846 2.89203 2.99595 -0.233923 0.372372 1.0233 0.76087 1.8651 0.442702 1.91634 2.54776 -1.8489 -1.86466 -1.84831 -1.76087 -2.13653 -1.80526 -2.49866 -2.50268 -3.62148 -2.23729 3.92961 2.72918 3.01801
internal_weight=4632 1678 2954 1096 582 503 561 483 456 477 145 295 228 51 177 67 222 2451 2426 2406 1846 560 294 113 266 51 215 535 199 154
internal_count=4632 1678 2954 1096 582 503 561 483 456 477 145 295 228 51 177 67 222 2451 2426 2406 1846 560 294 113 266 51 215 535 199 154
is_linear=0
shrinkage=0.05


Tree=88
num_leaves=31
num_cat=0
split_feature=3 3 3 3 3 0 6 7 7 5 6 6 6 5 6 6 1 1 4 1 7 7 7 7 7 7 5 6 7 4
split_gain=7.48116e+06 614827 247571 104435 40309.8 40255.8 39023.5 31587.5 30970.2 41891.6 44336.7 60545.3 37780.7 34827.4 36641.2 33463.8 30016.1 29144.4 27648.4 26231.6 32560.8 22705.5 34819.6 43636.4 86869.7 60922.1 21703.2 49763.8 21318.7 28167.9
threshold=270.00000000000006 596.20000000000016 47.050000000000004 730.50000000000011 432.80000000000007 18.500000000000004 8450.2000000000025 3325.514583333334 3307.5895833333338 8708.7000000000025 8708.7000000000025 9028.1000000000022 9332.0500000000011 10430.500000000002 10431.050000000001 10227.300000000001 2.5000000000000004 1.5000000000000002 6951.4000000000005 4.5000000000000009 3260.5270833333338 3300.9604166666672 3313.4750000000008 3329.4604166666668 3337.1187500000001 3360.7916666666674 7349.1000000000013 8670.5000000000018 3437.7812500000005 3063.8500000000004
decision_type=2 2 2 2 2 2 2 2 2 2 2 2 2 2 2 2 2 2 2 2 2 2 2 2 2 2 2 2 2 2
left_child=2 4 28 18 7 -4 -5 17 -8 -10 -11 -12 -13 14 15 -14 -9 -2 -3 20 -20 -6 -23 -24 -25 -26 -21 -28 29 -1
right_child=1 3 5 6 21 -7 8 16 9 10 11 12 13 -15 -16 -17 -18 -19 19 26 -22 22 23 24 25 -27 27 -29 -30 -31
leaf_value=-1.7558931628972176 -0.74148681073085132 1.9601831493521098 -0.34546009931098487 1.706500826563154 1.0964735917855 -2.3740110053465915 3.2929397890510148 2.6002009424898365 2.2450373121920757 6.20517460781595 1.5689295427314938 5.7260352539293695 3.8143986591575101 5.7149691994190217 5.7063531572168529 2.0704965913668274 0.51252319234790222 0.7337431444506336 1.9863003909587862 3.3783478816350305 3.5297329371978701 3.365421916331564 -0.24340970057707567 4.6155394783020025 -0.06940540320993889 2.7131615553756019 -0.39074691250210719 2.8052261089456496 -0.3038292535617948 -3.6401038426160812
leaf_weight=2406 46 133 412 28 138 26 393 36 34 23 25 33 196 25 22 32 33 123 45 21 142 35 26 25 42 37 21 29 25 20
leaf_count=2406 46 133 412 28 138 26 393 36 34 23 25 33 196 25 22 32 33 123 45 21 142 35 26 25 42 37 21 29 25 20
internal_value=4.54762e-09 2.58699 -1.56079 3.217 1.18724 -0.465876 3.54061 0.700263 3.60619 3.92186 4.082 3.93536 4.12744 3.93561 3.75767 3.56964 1.60175 0.332201 2.54578 2.84766 3.15832 1.56975 1.96559 1.58871 2.04673 1.23382 2.02945 1.46292 -1.75646 -1.77143
internal_weight=4632 1743 2889 1202 541 438 811 238 783 390 356 333 308 275 250 228 69 169 391 258 187 303 165 130 104 79 71 50 2451 2426
internal_count=4632 1743 2889 1202 541 438 811 238 783 390 356 333 308 275 250 228 69 169 391 258 187 303 165 130 104 79 71 50 2451 2426
is_linear=0
shrinkage=0.05


Tree=89
num_leaves=31
num_cat=0
split_feature=3 3 3 3 3 0 7 5 6 1 7 6 7 7 1 3 4 4 5 5 7 7 7 3 5 3 5 4 4 7
split_gain=6.75175e+06 554881 223433 94770.8 36379.6 36330.8 28507.7 28082.9 36855.8 27089.5 26649.3 32140.3 35284.2 45552.5 48340.8 26106.1 31523.6 23782.6 21401.9 22990.8 19713 51431.2 19917.4 22950.5 24566.8 20924.3 40458.4 23715.8 31315.5 46054.6
threshold=270.00000000000006 596.20000000000016 47.050000000000004 753.6500000000002 432.80000000000007 18.500000000000004 3325.514583333334 7014.6500000000005 7381.3000000000011 2.5000000000000004 3310.9895833333344 5347.4000000000005 3274.3979166666672 3254.7250000000004 3.5000000000000004 868.70000000000016 9856.4500000000025 5362.4500000000016 7615.7500000000009 7271.4500000000016 3335.5000000000005 3329.4604166666668 3312.1770833333335 841.80000000000007 9987.0000000000018 840.35000000000002 10240.150000000003 10365.050000000001 8881.8500000000004 3284.1750000000006
decision_type=2 2 2 2 2 2 2 2 2 2 2 2 2 2 2 2 2 2 2 2 2 2 2 2 2 2 2 2 2 2
left_child=2 4 -1 7 6 -4 10 8 17 -8 11 12 13 14 -2 20 -17 -3 19 -6 21 22 25 24 -24 27 -27 28 -5 -30
right_child=1 3 5 15 18 -7 9 -9 -10 -11 -12 -13 -14 -15 -16 16 -18 -19 -20 -21 -22 -23 23 -25 -26 26 -28 -29 29 -31
leaf_value=-1.6686343906256924 -0.43030769597916374 2.0262519741058349 -0.32818709670665486 3.6370560835301875 1.3916780113114109 -2.2553104389172334 2.4701910002364054 2.6912249974082432 3.2592926263809208 0.48689703652353 -1.1912948570251467 -0.97777724795871324 1.9957066643745343 -1.3375925464289529 2.9622907638549805 5.4973936989903454 2.966932284832001 -0.30831000059843067 -0.08944953978061676 2.5641735086254047 3.8154904216789363 1.069213805375276 5.2838269534863933 2.5910070455887104 3.3319807122860641 4.8190933064980941 2.1930076279423454 4.6085628509521488 2.9856693257303801 1.2136872113875623
leaf_weight=2451 21 20 412 80 232 26 36 460 22 33 25 27 47 28 21 32 20 24 20 51 171 27 38 22 28 44 22 20 119 53
leaf_count=2451 21 20 412 80 232 26 36 460 22 33 25 27 47 28 21 32 20 24 20 51 171 27 38 22 28 44 22 20 119 53
internal_value=8.77671e-09 2.45764 -1.48275 3.05615 1.12788 -0.442583 0.66525 2.55284 1.58833 1.52166 0.315591 0.577203 0.936045 0.224558 1.26599 3.44778 4.52414 0.752855 1.49126 1.60298 3.35808 3.18542 3.31954 3.98958 4.45577 3.14509 3.94373 2.95131 2.81978 2.43965
internal_weight=4632 1743 2889 1202 541 438 238 526 66 69 169 144 117 70 42 676 52 44 303 283 624 453 426 88 66 338 66 272 252 172
internal_count=4632 1743 2889 1202 541 438 238 526 66 69 169 144 117 70 42 676 52 44 303 283 624 453 426 88 66 338 66 272 252 172
is_linear=0
shrinkage=0.05


Tree=90
num_leaves=31
num_cat=0
split_feature=3 3 3 5 5 7 5 5 6 3 3 4 7 5 4 3 1 6 5 3 7 5 7 6 7 7 6 7 7 3
split_gain=6.09615e+06 421303 275257 67825.2 45052.9 31154.1 33125.1 29653.7 42158.1 32018.9 29174.1 25403.7 26604.6 47926.2 57493.7 45085.3 67371.1 39932.6 36128.7 27783.4 26213.9 25395.7 41626.4 34991.2 35908.7 24836.6 22222.7 22197.7 41221.8 40762.5
threshold=401.55000000000007 611.20000000000016 192.60000000000002 9481.7000000000025 5507.4000000000005 3359.635416666667 9371.5500000000011 2207.1500000000001 761.20000000000016 178.60000000000002 724.35000000000002 7051.6000000000013 3282.7708333333335 2738.6000000000008 208.70000000000002 245.25000000000003 1.5000000000000002 2627.9000000000005 3115.2500000000005 221.95000000000002 3347.6145833333335 5143.5000000000009 3355.9854166666673 5307.7500000000009 3260.5270833333338 3300.2250000000004 7574.1500000000005 3292.7666666666669 3316.077083333334 596.20000000000016
decision_type=2 2 2 2 2 2 2 2 2 2 2 2 2 2 2 2 2 2 2 2 2 2 2 2 2 2 2 2 2 2
left_child=2 4 7 5 21 6 10 8 -1 -9 -3 12 13 14 -4 16 19 -15 -19 -14 -17 22 -2 24 -23 -26 27 29 -29 -6
right_child=1 3 11 -5 26 -7 -8 9 -10 -11 -12 -13 15 17 -16 20 -18 18 -20 -21 -22 23 -24 -25 25 -27 -28 28 -30 -31
leaf_value=-1.5595643172748881 0.89528429375306995 2.1540880441507126 -2.0213780042800038 3.3786368888449445 0.72411835193634033 3.5186314091652258 0.7465684060697203 1.1907392084598543 -3.7579655062068591 -1.3171342380557742 2.9427901619902026 1.5723386457988195 -0.18521871729330586 -3.5599485215686615 1.0458770714402199 1.963998556137085 -1.0470939754072679 0.57687713759286063 -2.3560524849664595 2.1711170286967838 -0.056128663283128002 2.5800680274055119 2.9102563378070632 -1.2821405362199856 -1.2148659626642864 0.85342503278813475 0.62275439436371272 3.6489601540011032 1.7454232909849712 2.7660742070223834
leaf_weight=2493 148 235 22 535 72 79 27 20 22 35 234 21 22 21 50 42 109 21 21 29 26 21 31 27 21 47 37 43 84 37
leaf_count=2493 148 235 22 535 72 79 27 20 22 35 234 21 22 21 50 42 109 21 21 29 26 21 31 27 21 47 37 43 84 37
internal_value=9.71012e-10 2.4067 -1.36711 2.97344 1.29917 2.59644 2.44956 -1.55368 -1.57879 -0.40518 2.5476 -0.118479 -0.216295 -0.772578 0.10866 0.113083 -0.345285 -1.77971 -0.889588 1.15466 1.1916 0.870788 1.24425 0.294504 0.772811 0.214688 1.76207 1.94069 2.38993 1.41726
internal_weight=4632 1678 2954 1110 568 575 496 2570 2515 55 469 384 363 135 72 228 160 63 42 51 68 295 179 116 89 68 273 236 127 109
internal_count=4632 1678 2954 1110 568 575 496 2570 2515 55 469 384 363 135 72 228 160 63 42 51 68 295 179 116 89 68 273 236 127 109
is_linear=0
shrinkage=0.05


Tree=91
num_leaves=31
num_cat=0
split_feature=5 3 5 3 4 3 5 7 5 4 5 7 1 6 7 3 6 7 4 6 0 4 6 6 7 4 7 6 0 0
split_gain=5.50307e+06 410366 219741 66877 43574.4 43271.1 28926.5 26477 32953.7 59170.6 41744.9 31898.1 66005.9 40536.6 36829.2 29373.5 30893 47077.5 25708.6 25373.6 24919 23135.8 27462.9 26628.7 41414.9 21181.3 39276.3 28314.6 48286 42697.8
threshold=4651.6000000000013 606.85000000000002 631.30000000000007 808.75000000000011 5536.0500000000011 437.00000000000006 7014.6500000000005 3325.514583333334 2925.2500000000005 2701.3000000000006 2318.4500000000003 3367.4229166666669 1.5000000000000002 2837.4000000000001 3345.202083333334 240.75000000000003 2466.2500000000005 3282.7708333333335 5362.4500000000016 5512.6000000000013 16.500000000000004 2841.7500000000005 4956.3500000000013 5463.7000000000007 3318.8479166666671 19.850000000000005 3304.3416666666672 83.750000000000014 22.500000000000004 4.5000000000000009
decision_type=2 2 2 2 2 2 2 2 2 2 2 2 2 2 2 2 2 2 2 2 2 2 2 2 2 2 2 2 2 2
left_child=2 5 25 6 7 19 18 8 10 -10 20 13 -13 14 -9 16 -12 -18 -3 -2 -4 -7 -23 24 -24 26 -1 -27 29 -29
right_child=1 3 4 -5 -6 21 -8 11 9 -11 15 12 -14 -15 -16 -17 17 -19 -20 -21 -22 22 23 -25 -26 27 -28 28 -30 -31
leaf_value=-1.5782269942482439 0.81547867566625654 2.5772960549309141 -2.2725382861495018 3.2852678669255795 1.3505926681475509 0.40182662572828126 2.5852954647812312 -1.065042894595378 0.07751365852355957 -3.1073783070700514 1.0142701738020954 1.1754600269453865 -2.5328048016343798 2.4035414288441341 1.2145383203730864 1.6694927723511406 0.13675640371807837 -2.1929390246527536 0.20423800349235535 -0.93220995509106186 -0.47221868618114576 3.3827336706898432 1.9540765816515144 1.7640604148614774 -1.1138992439616811 -1.7992047375568418 -0.85949104192513459 -1.7522787682530359 -2.8146252651648087 -0.96800468095677972
leaf_weight=477 214 21 40 444 36 40 646 37 25 35 34 21 28 24 34 23 57 35 25 23 37 22 22 227 22 886 316 287 55 439
leaf_count=477 214 21 40 444 36 40 646 37 25 35 34 21 28 24 34 23 57 35 25 23 37 22 22 227 22 886 316 287 55 439
internal_value=5.26466e-09 2.25702 -1.31595 2.80633 -0.320404 1.16226 2.49903 -0.460301 -0.7387 -1.78034 -0.462159 0.0926308 -0.943548 0.627081 0.0265875 0.0263474 -0.273592 -0.749541 1.28759 0.645872 -1.40745 1.52979 1.68377 1.54585 0.420089 -1.50454 -1.29182 -1.60573 -1.38625 -1.27804
internal_weight=4632 1706 2926 1136 466 570 692 430 286 60 226 144 49 95 71 149 126 92 46 237 77 333 293 271 44 2460 793 1667 781 726
internal_count=4632 1706 2926 1136 466 570 692 430 286 60 226 144 49 95 71 149 126 92 46 237 77 333 293 271 44 2460 793 1667 781 726
is_linear=0
shrinkage=0.05


Tree=92
num_leaves=31
num_cat=0
split_feature=3 5 3 5 7 3 6 6 4 1 7 7 5 7 7 6 3 6 7 5 5 7 6 5 7 4 4 6 1 4
split_gain=4.9679e+06 335294 237768 60735 43603.1 34009.1 30809.8 24259.2 24216.3 35387.6 42133.2 32181.2 27993 63012.2 51705.1 51823.4 46710 25680.1 23092.1 25770.7 21246.2 41693.5 31764.6 28029.3 26742.3 21067.9 26038.3 32460.7 20775.3 23651.3
threshold=403.25000000000006 8361.4000000000015 195.50000000000003 5507.4000000000005 3196.420833333334 806.90000000000009 5211.9500000000016 2565.3500000000008 9907.8500000000022 1.0000000180025095e-35 3277.3020833333339 3321.8104166666667 9025.5000000000018 3339.2791666666672 3339.2791666666672 8511.1000000000004 730.50000000000011 8997.1500000000015 3314.3020833333335 8779.8000000000011 5143.5000000000009 3355.9854166666673 5307.7500000000009 5050.2500000000009 3262.7833333333338 7328.1000000000013 9623.9500000000025 9613.2000000000025 2.5000000000000004 9508.9000000000015
decision_type=2 2 2 2 2 2 2 2 2 2 2 2 2 2 2 2 2 2 2 2 2 2 2 2 2 2 2 2 2 2
left_child=2 3 7 20 -3 8 -4 -1 12 -10 -11 -12 14 16 15 -6 -14 -13 19 -17 21 23 24 -2 -22 -18 27 -27 29 -7
right_child=1 4 6 -5 5 28 -8 -9 9 10 11 17 13 -15 -16 18 25 -19 -20 -21 22 -23 -24 -25 -26 26 -28 -29 -30 -31
leaf_value=-1.4194020403497356 0.43751990952275022 0.499364287853241 -0.1788236954535804 1.743070371633997 5.3807521488355556 4.3063918272654211 1.7085704222969387 -0.23523645536466078 1.291562436351722 5.2948153918981555 1.8462424970961906 4.8834152184999908 -0.58880416154861448 4.1440351982116708 1.1524063620811853 3.0082277050241828 0.38858945727348332 2.6390352125167849 4.2409301606091594 1.2322130155563356 2.2492594892328439 2.8863437531837102 -1.2206845226111236 2.18490465797227 0.23246963060819184 4.1689589182535807 0.78681710759798695 1.8318363970670946 2.8809904035721119 3.1446393142640594
leaf_weight=2539 110 20 361 443 23 69 23 44 22 25 37 26 24 25 39 64 20 25 22 30 22 29 27 29 65 24 24 39 262 120
leaf_count=2539 110 20 361 443 23 69 23 44 22 25 37 26 24 25 39 64 20 25 22 30 22 29 27 29 65 24 24 39 262 120
internal_value=4.85371e-09 2.18587 -1.22665 1.37794 2.809 2.85921 -0.0657767 -1.39923 2.5611 3.12623 3.48342 2.96881 2.33268 1.84373 2.76121 3.2126 1.40474 3.78323 2.7827 2.44141 0.804359 1.16187 0.277507 0.802082 0.742462 1.85189 2.18828 2.72217 3.16922 3.56877
internal_weight=4632 1665 2967 725 940 920 384 2583 469 135 113 88 334 156 178 139 131 51 116 94 282 168 114 139 87 107 87 63 451 189
internal_count=4632 1665 2967 725 940 920 384 2583 469 135 113 88 334 156 178 139 131 51 116 94 282 168 114 139 87 107 87 63 451 189
is_linear=0
shrinkage=0.05


Tree=93
num_leaves=31
num_cat=0
split_feature=5 3 3 5 4 3 6 5 5 5 0 4 6 5 7 3 7 7 7 7 4 1 4 4 6 6 7 6 5 5
split_gain=4.48431e+06 336389 180451 55652.6 39136.4 35611.1 26472.9 50305.9 26040.4 25045.2 23306.9 23202 22567.5 20494.5 20047.9 30322.4 21025.5 25710.1 29958.6 35587.9 20523.5 23052.9 20048.3 19305.8 25427.8 22922 37256.9 20244 22744.6 42702.5
threshold=4651.6000000000013 606.85000000000002 47.050000000000004 9481.7000000000025 5362.4500000000016 437.00000000000006 9899.1500000000015 9316.3000000000011 2623.2000000000003 7014.6500000000005 18.500000000000004 5362.4500000000016 5512.6000000000013 9572.2500000000018 3295.5645833333338 879.05000000000007 3289.8020833333335 3280.6895833333342 3257.6791666666672 3223.9541666666673 10107.700000000003 4.5000000000000009 10010.050000000001 2841.7500000000005 4956.3500000000013 5463.7000000000007 3318.8479166666671 7041.5000000000009 6968.3000000000002 7185.2500000000009
decision_type=2 2 2 2 2 2 2 2 2 2 2 2 2 2 2 2 2 2 2 2 2 2 2 2 2 2 2 2 2 2
left_child=2 5 -1 6 10 12 7 9 -6 11 -4 -3 -2 -5 16 20 17 18 19 -15 22 -22 -16 -7 -25 26 -26 -27 -29 -30
right_child=1 3 4 13 8 23 -8 -9 -10 -11 -12 -13 -14 14 15 -17 -18 -19 -20 -21 21 -23 -24 24 25 27 -28 28 29 -31
leaf_value=-1.3607732203771956 0.73773414956353545 2.361277701741173 -0.37721947781451337 4.1753670563797156 2.2007304261560026 0.34927431887481364 3.9069662180813882 0.2129844829440117 0.098753634604012097 2.3551257039437039 -1.9239560136428246 0.10687259387969972 -0.9104861570441205 1.956087297743017 2.8644050642215846 4.8426556307336561 1.0346884914066481 4.1651055658857024 1.6457057221068276 3.8968448910058715 4.1750492919236422 2.2949164882950162 1.3177548954884211 3.1551143378019333 1.7980708729137076 2.2119930508625081 -1.1118201992728494 2.4565321089824046 -0.57517496549031311 1.5400884716119618
leaf_weight=2451 214 21 385 30 23 40 22 32 41 501 26 25 23 44 165 23 23 24 72 51 56 23 24 22 22 83 22 30 34 80
leaf_count=2451 214 21 385 30 23 40 22 32 41 501 26 25 23 44 165 23 23 24 72 51 56 23 24 22 22 83 22 30 34 80
internal_value=1.06885e-09 2.03742 -1.18792 2.53476 -0.295972 1.04624 2.20457 2.13988 0.854152 2.25261 -0.475067 1.13606 0.57778 2.90568 2.83025 3.10041 2.46289 2.63487 2.41496 2.99797 2.95089 3.62767 2.66801 1.37965 1.52032 1.3876 0.343125 1.59006 1.23158 0.90922
internal_weight=4632 1706 2926 1136 475 570 601 579 64 547 411 46 237 535 505 291 214 191 167 95 268 79 189 333 293 271 44 227 144 114
internal_count=4632 1706 2926 1136 475 570 601 579 64 547 411 46 237 535 505 291 214 191 167 95 268 79 189 333 293 271 44 227 144 114
is_linear=0
shrinkage=0.05


Tree=94
num_leaves=31
num_cat=0
split_feature=3 5 3 3 7 5 5 7 6 3 7 7 5 5 5 5 6 7 7 4 7 4 4 7 3 7 7 7 3 7
split_gain=4.04958e+06 274127 193567 48865.2 38088 28001.5 30888.2 29751.8 26843 21751.1 21354.2 24264.8 32863.5 20868 34793.6 30274.1 46041.5 40949.9 50989.4 30381.5 23444 20684.8 20495.2 39836.2 43721.8 32419.8 22692.2 38981.3 36864.9 29003.2
threshold=403.25000000000006 8361.4000000000015 201.10000000000005 583.50000000000011 3196.420833333334 9481.7000000000025 9316.3000000000011 3303.5229166666668 5211.9500000000016 34.100000000000009 3238.2812500000005 3325.514583333334 2964.3000000000006 2820.6000000000004 2455.1500000000005 75.250000000000014 76.90000000000002 3319.4916666666668 3352.6583333333342 77.750000000000014 3334.8958333333335 2289.6500000000005 1.0000000180025095e-35 3222.2583333333337 23.850000000000005 3324.6937500000008 3246.5500000000002 3309.233333333334 17.650000000000002 3237.0916666666667
decision_type=2 2 2 2 2 2 2 2 2 2 2 2 2 2 2 2 2 2 2 2 2 2 2 2 2 2 2 2 2 2
left_child=2 3 9 21 -3 6 -6 -8 10 22 -4 -12 -13 14 15 16 -11 19 -19 -17 -18 -2 23 -1 26 -26 29 28 -28 -25
right_child=1 4 8 -5 5 -7 7 -9 -10 13 11 12 -14 -15 -16 17 20 18 -20 -21 -22 -23 -24 24 25 -27 27 -29 -30 -31
leaf_value=-2.4549176592690252 -0.61924878142096784 0.378324016854167 1.2019664041422031 1.6958653191748199 2.4206962004346146 2.8236842158996991 -0.22509578621905782 2.4117332172393802 1.6151497218919837 -1.5371311727323032 -0.60475083551924635 -0.21571709727973085 1.611731417389477 -2.3421828545275192 0.71239317784438272 -3.4150087225821708 1.7263709545135499 1.5032001875695729 -1.7318883813660719 -1.3179508236738353 -0.51499208629131321 0.95811421449811385 -1.4005112531503843 -1.1924641530854361 1.375856729709741 -1.1753251290321349 -1.4077064685793896 -0.68653218684827588 -3.3532239218552911 0.92616372327009844
leaf_weight=48 22 20 27 327 353 524 23 20 23 38 198 89 34 21 37 31 28 21 29 39 20 376 1687 35 33 20 248 204 27 30
leaf_count=48 22 20 27 327 353 524 23 20 23 38 198 89 34 21 37 31 28 21 29 39 20 376 1687 35 33 20 248 204 27 30
internal_value=4.80854e-09 1.97352 -1.10749 1.243 2.53696 2.58388 2.26657 1.00134 -0.0391889 -1.26016 -0.148527 -0.26212 0.289431 -0.83001 -0.699328 -0.95289 -0.236889 -1.46602 -0.373151 -2.24665 0.79247 0.870923 -1.30886 -1.06913 -0.957714 0.413147 -1.09127 -1.21023 -1.59872 -0.214636
internal_weight=4632 1665 2967 725 940 920 396 43 371 2596 348 321 123 264 243 206 86 120 50 70 48 398 2332 645 597 53 544 479 275 65
internal_count=4632 1665 2967 725 940 920 396 43 371 2596 348 321 123 264 243 206 86 120 50 70 48 398 2332 645 597 53 544 479 275 65
is_linear=0
shrinkage=0.05


Tree=95
num_leaves=31
num_cat=0
split_feature=3 3 5 5 7 4 7 7 1 6 5 5 7 7 7 5 4 5 6 6 1 6 6 7 3 5 5 6 7 7
split_gain=3.65474e+06 247801 175523 46564.6 34779.9 30165.8 26868.4 33530.2 36524.7 26019 41210.8 28223.2 39896 24436.7 20336.5 66220.3 47688.6 43230.3 21770.1 41663.2 19906.4 58573 26764 25029 24208.1 28120 63697.9 40193.8 35379.8 38397.3
threshold=403.25000000000006 707.55000000000007 631.30000000000007 5507.4000000000005 3196.420833333334 7051.6000000000013 3325.514583333334 3333.5895833333338 1.5000000000000002 10431.050000000001 10078.150000000001 10430.500000000002 3292.2000000000003 3313.4750000000008 3273.8854166666674 3115.2500000000005 160.65000000000001 3048.2000000000003 2837.4000000000001 2565.3500000000008 4.5000000000000009 604.30000000000007 540.10000000000014 3237.0916666666667 21.250000000000004 181.80000000000004 136.30000000000004 155.10000000000005 3302.5666666666671 3330.5437500000012
decision_type=2 2 2 2 2 2 2 2 2 2 2 2 2 2 2 2 2 2 2 2 2 2 2 2 2 2 2 2 2 2
left_child=2 3 20 -2 -3 6 13 -8 -9 11 -11 -6 -13 14 15 -4 -16 18 19 -18 22 -22 23 -1 -25 26 28 -27 -26 -30
right_child=1 4 5 -5 9 -7 7 8 -10 10 -12 12 -14 -15 16 -17 17 -19 -20 -21 21 -23 -24 24 25 27 -28 -29 29 -31
leaf_value=-1.8864914275168143 0.68864305223344913 0.35940786059945823 -0.31881082613589401 1.5046552435438272 2.3316017547515755 1.5642236481542173 1.8798599114784829 0.99821463632583629 -0.69760213566237494 5.1975619251077827 2.4038039253516632 2.1265245827761565 5.1377148248932585 -1.7450679854342814 -1.243886081626018 -3.1516550705432893 -0.50875526269276938 2.7567145264148714 -1.2258961859203521 2.395008604867118 -0.91617117001392223 -3.4820178143356162 -0.25044296457056414 -1.3755049656508538 -1.6930745128174902 0.84446633863956377 -3.6897830388762736 -1.7450206799940631 1.1328799060162378 -0.9200529392214789
leaf_weight=194 282 20 118 460 804 23 26 50 87 22 33 22 22 38 48 25 30 20 21 21 675 23 57 1246 71 47 22 22 34 69
leaf_count=194 282 20 118 460 804 23 26 50 87 22 33 22 22 38 48 25 30 20 21 21 675 23 57 1246 71 47 22 22 34 69
internal_value=8.24333e-09 1.87485 -1.05211 1.19453 2.42176 -0.204999 -0.289073 0.233716 -0.0786909 2.46743 3.52131 2.39908 3.63212 -0.554539 -0.394681 -0.814063 0.033689 0.70025 0.12901 0.686912 -1.2267 -1.00072 -1.31622 -1.35185 -1.28321 -0.849244 -1.15484 0.0188328 -0.834333 -0.242386
internal_weight=4632 1665 2967 742 923 507 484 163 137 903 55 848 44 321 283 143 140 92 72 51 2460 698 1762 1705 1511 265 196 69 174 103
internal_count=4632 1665 2967 742 923 507 484 163 137 903 55 848 44 321 283 143 140 92 72 51 2460 698 1762 1705 1511 265 196 69 174 103
is_linear=0
shrinkage=0.05


Tree=96
num_leaves=31
num_cat=0
split_feature=6 3 3 6 7 7 5 4 4 7 1 7 4 4 4 7 3 7 7 5 5 5 6 7 7 4 7 5 0 6
split_gain=3.29931e+06 278357 107000 50181.2 31563.6 83990.4 40823.1 26677.5 33634 29250.1 44345.1 44084.5 26529 40068.4 28169.6 25834.2 25797.3 23803.5 40613.3 31088.1 23559.5 22873.5 36330.7 22384.2 22239.5 21032 20537.4 51351.3 41784.4 20205.2
threshold=3238.7000000000003 596.20000000000016 45.750000000000007 9072.7000000000025 3329.4604166666668 3333.5895833333338 4651.6000000000013 9907.8500000000022 10084.800000000001 3313.4750000000008 1.0000000180025095e-35 3300.6750000000006 7226.4500000000007 5288.0000000000009 2885.1000000000008 3359.635416666667 719.45000000000016 3348.9458333333337 3357.1750000000006 9806.6000000000022 4844.1000000000013 8836.0500000000011 8283.6000000000004 3342.7270833333337 3380.1479166666672 2676.1000000000008 3259.0125000000003 7211.2000000000007 14.500000000000002 7187.7500000000009
decision_type=2 2 2 2 2 2 2 2 2 2 2 2 2 2 2 2 2 2 2 2 2 2 2 2 2 2 2 2 2 2
left_child=2 4 -1 7 6 -6 -2 9 -9 10 -3 21 13 14 25 29 -5 23 -19 -20 -8 22 26 -18 -17 -7 27 -12 -28 -11
right_child=1 3 -4 16 5 12 20 8 -10 15 11 -13 -14 -15 -16 24 17 18 19 -21 -22 -23 -24 -25 -26 -27 28 -29 -30 -31
leaf_value=-1.169506693737149 -1.4327843890190124 3.3973174221979252 -0.32639060509338808 0.78218128512734952 4.3825961665064099 1.3063564335306488 1.9984228610744079 3.8141469464582558 1.5733604913408108 2.1447380709648134 0.2354946863651276 3.2527732190332914 1.9136488944330876 -1.0152345905380864 2.276253838500669 3.1149387903213501 2.4046805204700434 4.580279942119823 3.6220620118654696 1.7545917602112659 0.53264402538075251 0.51542837997829472 2.7845770448446276 0.73826958480335425 1.19476349416532 -0.88905518911778936 -0.7488438818929718 3.8184844392538069 1.9127597944489843 0.39778959316511953
leaf_weight=2438 25 45 445 23 20 24 30 34 33 20 20 38 48 31 31 25 499 34 39 52 318 54 52 21 38 20 30 20 29 96
leaf_count=2438 25 45 445 23 20 24 30 34 33 20 20 38 48 31 31 25 499 34 39 52 318 54 52 21 38 20 30 20 29 96
internal_value=3.51732e-09 1.71327 -1.03937 2.13878 0.778216 1.33431 0.518804 1.77745 2.71048 1.64359 1.95556 1.68856 0.93843 0.496821 1.1218 1.14166 2.42763 2.48631 3.10583 2.55494 0.659004 1.39861 1.71445 2.33738 1.95674 0.308442 1.15237 2.02699 0.559402 0.698988
internal_weight=4632 1749 2883 1202 547 174 373 534 67 467 288 243 154 106 75 179 668 645 125 91 348 205 151 520 63 44 99 40 59 116
internal_count=4632 1749 2883 1202 547 174 373 534 67 467 288 243 154 106 75 179 668 645 125 91 348 205 151 520 63 44 99 40 59 116
is_linear=0
shrinkage=0.05


Tree=97
num_leaves=31
num_cat=0
split_feature=3 5 3 5 7 3 5 1 5 1 7 7 5 5 7 5 7 1 5 5 4 6 4 3 4 7 1 6 4 7
split_gain=2.97877e+06 208575 137681 39243 30652.5 24387.8 23553.7 23144.5 32295 28209.6 23020.1 27649.6 31551.6 29722.5 29348.5 22655.6 21301.5 21286.3 31200.5 27697.7 48430.8 34539.3 20933.6 38383.9 26337.6 23184.7 28154.3 29622.6 20064.7 19427
threshold=401.55000000000007 8361.4000000000015 204.25000000000003 5507.4000000000005 3196.420833333334 842.95000000000016 10430.500000000002 3.5000000000000004 9943.4500000000025 5.5000000000000009 3237.0916666666667 3273.8854166666674 5050.2500000000009 2647.1000000000004 3254.7250000000004 10125.750000000002 3213.0250000000001 4.5000000000000009 5022.9000000000005 4844.1000000000013 2949.6500000000005 4956.3500000000013 160.65000000000001 238.30000000000004 6.6500000000000012 3286.6458333333335 1.5000000000000002 2804.1500000000005 9679.1500000000015 3418.2000000000003
decision_type=2 2 2 2 2 2 2 2 2 2 2 2 2 2 2 2 2 2 2 2 2 2 2 2 2 2 2 2 2 2
left_child=2 3 29 17 -3 6 16 8 -7 -9 -4 13 22 -12 -15 -10 -6 19 -19 20 -2 -21 23 24 -13 -24 27 -27 -17 -1
right_child=1 4 10 -5 5 7 -8 9 15 -11 11 12 -14 14 -16 28 -18 18 -20 21 -22 -23 25 -25 -26 26 -28 -29 -30 -31
leaf_value=-1.0978452083940928 -0.29722065122231195 0.23977113589644433 1.3847343899585585 1.3507376156339495 3.5279443398765902 4.3289090475440029 3.4853010933974695 1.3427222045100464 1.2190079339525917 3.3321884044579102 0.49188040097554525 -0.58462435623695119 2.0062001256644728 -0.50309289151971992 -3.0857481046156452 2.0136063308942886 1.9808632554104033 0.19163982192675275 2.3614742908928847 1.209228075584587 2.7992917895317078 -0.35179958891239949 1.7545546076514507 1.0520070993900299 -2.9431571933627132 2.2438466330369313 -0.46934300544335672 -0.32757189784731189 4.0915762809606697 -0.049884298510021637
leaf_weight=2564 23 20 27 443 23 40 29 49 22 28 21 29 20 22 22 21 682 30 37 49 28 128 22 20 20 24 97 21 26 45
leaf_count=2564 23 20 27 443 23 40 29 49 22 28 21 29 20 22 22 21 682 30 37 49 28 128 22 20 20 24 97 21 26 45
internal_value=3.9734e-10 1.68234 -0.955641 1.05321 2.17627 2.21837 2.08878 2.72976 3.19854 2.06616 -0.0169364 -0.135946 0.100372 -1.05577 -1.79442 2.54326 2.03134 0.606406 1.38991 0.376166 1.40283 0.0803493 -0.0632183 -0.793871 -1.54729 0.24419 0.0101904 1.04385 3.16312 -1.07977
internal_weight=4632 1678 2954 738 940 920 734 186 109 77 345 318 253 65 44 69 705 295 67 228 51 177 233 69 49 164 142 45 47 2609
internal_count=4632 1678 2954 738 940 920 734 186 109 77 345 318 253 65 44 69 705 295 67 228 51 177 233 69 49 164 142 45 47 2609
is_linear=0
shrinkage=0.05


Tree=98
num_leaves=31
num_cat=0
split_feature=3 3 3 4 7 7 7 7 7 1 7 7 1 7 6 4 4 4 1 3 4 7 4 7 6 5 5 4 4 4
split_gain=2.69284e+06 210038 122481 27126.6 26021.9 85406.9 57410.2 29732 43585.1 34300.4 30826.2 29879.7 31484.6 35786.5 30556.2 29397.4 25849.4 39970.8 23544.6 22587.4 36137.1 42279.9 20746.9 20095.5 18782.9 21850.4 27547.7 17955.7 35181.9 19023.1
threshold=427.4500000000001 204.25000000000003 713.1500000000002 2841.7500000000005 3363.041666666667 3339.7770833333338 3329.4604166666668 3321.8104166666667 3300.9604166666672 1.0000000180025095e-35 3313.4750000000008 3257.6791666666672 4.5000000000000009 3267.8666666666668 7462.7500000000009 8518.2000000000025 160.65000000000001 62.350000000000009 2.5000000000000004 864.70000000000016 9885.0500000000011 3310.5354166666671 2632.9500000000003 3342.7270833333337 2746.0500000000006 2690.4500000000003 2130.8000000000006 7204.9500000000016 7387.8000000000002 350.95000000000005
decision_type=2 2 2 2 2 2 2 2 2 2 2 2 2 2 2 2 2 2 2 2 2 2 2 2 2 2 2 2 2 2
left_child=1 24 3 22 5 6 7 8 9 -5 -10 15 13 -13 -15 -11 17 23 -7 -4 21 -21 -2 -3 25 26 -1 29 -29 -18
right_child=2 16 19 4 -6 18 -8 -9 10 11 -12 12 -14 14 -16 -17 27 -19 -20 20 -22 -23 -24 -25 -26 -27 -28 28 -30 -31
leaf_value=-1.0484422564427933 0.91595148604090637 -0.63630482471463357 2.0223448415359337 2.5336065711343991 2.212338648648823 0.74690012715079579 3.150859965587598 -0.16428361435819949 2.9684795176982881 2.2564094445535114 0.95930829559053699 -0.57486252784729008 -0.75377081639709931 0.80713010441173216 3.0119473837993365 0.33725857753907484 1.2314793441030716 -2.4691986996194593 -1.289532459974289 2.286632123589516 1.4249361229979476 5.5377814579010014 -0.91154477810859691 1.2751700642704966 0.063271231834705052 -2.6113016209819104 0.34455787596137577 2.6533666798336939 0.001789379119873047 0.018794649336838498
leaf_weight=2512 41 44 835 34 68 22 43 35 60 56 28 31 42 55 22 31 36 23 40 20 23 20 25 20 39 22 36 22 29 318
leaf_count=2512 41 44 835 34 68 22 43 35 60 56 28 31 42 55 22 31 36 23 40 20 23 20 25 20 39 22 36 22 29 318
internal_value=-2.44062e-09 -0.847086 1.71575 1.18309 1.29476 1.16972 1.41611 1.22678 1.3624 1.04846 2.3292 0.8354 0.407839 0.859576 1.43708 1.57257 0.100509 -0.681443 -0.566927 2.09122 3.00416 3.91221 0.223718 -0.0389689 -1.02578 -1.04231 -1.02876 0.268484 1.14561 0.142119
internal_weight=4632 3101 1531 633 567 499 437 394 359 271 88 237 150 108 77 87 492 87 62 898 63 40 66 64 2609 2570 2548 405 51 354
internal_count=4632 3101 1531 633 567 499 437 394 359 271 88 237 150 108 77 87 492 87 62 898 63 40 66 64 2609 2570 2548 405 51 354
is_linear=0
shrinkage=0.05


Tree=99
num_leaves=31
num_cat=0
split_feature=3 3 3 4 7 7 7 7 0 7 1 7 1 1 7 6 4 4 6 1 3 5 4 4 7 3 7 7 4 7
split_gain=2.43029e+06 189559 110539 24481.8 23484.8 77079.8 51812.7 27024.7 92787.1 54714.4 30956.1 26966.4 28947.2 28414.8 32297.3 27577 23329 36073.7 22261 21249 20686.8 29750.4 19152.6 18724.1 18136.2 18061.5 23518.9 47438.5 55258.1 27700.5
threshold=427.4500000000001 204.25000000000003 713.1500000000002 2841.7500000000005 3363.041666666667 3339.7770833333338 3329.4604166666668 3317.0979166666675 13.500000000000002 3300.9604166666672 1.0000000180025095e-35 3257.6791666666672 3.5000000000000004 4.5000000000000009 3267.8666666666668 7462.7500000000009 160.65000000000001 62.350000000000009 7381.3000000000011 2.5000000000000004 855.10000000000002 9776.6000000000022 9885.0500000000011 2632.9500000000003 3342.7270833333337 0.35000000000000003 3225.7062500000006 3196.420833333334 6.6500000000000012 3213.0250000000001
decision_type=2 2 2 2 2 2 2 2 2 2 2 2 2 2 2 2 2 2 2 2 2 2 2 2 2 2 2 2 2 2
left_child=1 25 3 23 5 6 7 9 -9 10 -5 12 -12 14 -13 -16 17 24 -11 -7 -4 -22 -23 -2 -3 -1 27 -27 -29 -30
right_child=2 16 20 4 -6 19 -8 8 -10 18 11 13 -14 -15 15 -17 -18 -19 -20 -21 21 22 -24 -25 -26 26 -28 28 29 -31
leaf_value=-1.1116640036249161 0.87015394117774036 -0.60448958226902927 1.8979320598610596 2.4069262602749997 2.1017217317048242 0.70955507646907456 2.9933169490376184 2.2331926193237304 -2.074640775293112 3.2072180960489356 0.50531839533709 -0.54611940999184883 2.3353300551150706 -0.71608226629240179 0.76677361959760848 2.8613500080325389 0.2550595520340182 -2.3457386659539265 1.3986175607751918 -1.2250558343529701 4.3764451882243156 2.7840811009339075 1.2398677955712043 -0.86596753835678109 1.2114115303754807 0.47100386416370221 -0.78938561057692636 -4.3519007222993036 -0.010609815949979036 -2.2443354334150043
leaf_weight=1250 41 44 790 34 68 22 43 25 25 46 40 31 47 42 55 22 405 23 27 40 20 57 31 25 20 22 1258 21 23 35
leaf_count=1250 41 44 790 34 68 22 43 25 25 46 40 31 47 42 55 22 405 23 27 40 20 57 31 25 20 22 1258 21 23 35
internal_value=4.15826e-09 -0.804732 1.62996 1.12393 1.23002 1.11123 1.3453 1.16544 0.0792759 1.32332 0.996036 0.79363 1.49395 0.387447 0.816598 1.36522 0.0954834 -0.647371 2.53828 -0.538581 1.98666 2.63572 2.2401 0.212532 -0.0370205 -0.974492 -0.848323 -1.58241 -2.15425 -1.35855
internal_weight=4632 3101 1531 633 567 499 437 394 50 344 271 237 87 150 108 77 492 87 73 62 898 108 88 66 64 2609 1359 101 79 58
internal_count=4632 3101 1531 633 567 499 437 394 50 344 271 237 87 150 108 77 492 87 73 62 898 108 88 66 64 2609 1359 101 79 58
is_linear=0
shrinkage=0.05


Tree=100
num_leaves=31
num_cat=0
split_feature=3 3 5 5 6 5 6 7 7 4 4 5 4 5 5 6 6 4 1 4 5 6 1 5 3 1 7 5 5 3
split_gain=2.19346e+06 209003 57954.2 36181.1 28769.9 24806.5 23781.7 23372.9 72758.7 24387.9 29463 25110.4 21805.7 21613.7 25826.5 25422.2 21089.8 20580.5 24233.4 53031.8 47410.2 35311.8 64259.3 40247.6 26039.9 19059.2 21173.9 25704.3 25370.2 20121.9
threshold=245.25000000000003 596.20000000000016 2130.8000000000006 9481.7000000000025 2968.8000000000006 9371.5500000000011 984.85000000000002 3329.4604166666668 3333.5895833333338 7226.4500000000007 5288.0000000000009 5050.2500000000009 4710.2000000000007 4651.6000000000013 2794.9500000000003 7381.3000000000011 9704.5000000000018 5471.8500000000013 2.5000000000000004 188.35000000000005 2647.1000000000004 2565.3500000000008 3.5000000000000004 2690.4500000000003 217.70000000000002 4.5000000000000009 3237.0916666666667 337.65000000000003 631.30000000000007 21.250000000000004
decision_type=2 2 2 2 2 2 2 2 2 2 2 2 2 2 2 2 2 2 2 2 2 2 2 2 2 2 2 2 2 2
left_child=2 7 6 5 17 16 25 13 -9 10 11 -10 -6 14 -2 -15 -3 18 19 20 -4 22 -20 -24 -21 26 27 -1 29 -28
right_child=1 3 4 -5 12 -7 -8 8 9 -11 -12 -13 -14 15 -16 -17 -18 -19 21 24 -22 -23 23 -25 -26 -27 28 -29 -30 -31
leaf_value=-1.2931466105697531 0.7781251239776612 1.5138007146675239 -2.4523561902668169 2.0527276222735087 -0.2371267704736619 0.095675414403279632 -2.6620840328931812 3.8270239444006062 -0.016796320809258355 1.6744395090887947 -0.85980417794651454 1.6356809236901872 -2.4656004760576331 0.64389183413470175 -1.5574133922313822 -0.9272371134587698 3.1250998110998247 1.407992157728776 -3.6039512504230853 0.32564763288412779 0.79430456920103598 0.2570331368079552 0.9020618102380209 -1.9207529814346977 2.445784328778585 -0.71258155849321392 -1.0665333727055883 -3.0362879733244581 0.48342304825782778 -0.5919287623078735
leaf_weight=178 20 616 23 535 21 30 20 21 45 48 36 47 23 320 29 28 21 23 22 28 22 65 28 23 30 714 1292 24 30 270
leaf_count=178 20 616 23 535 21 30 20 21 45 48 36 47 23 320 29 28 21 23 22 28 22 65 28 23 30 714 1292 24 30 270
internal_value=-7.36241e-11 1.36726 -0.865866 1.74643 -0.218318 1.50075 -0.944761 0.599982 1.04522 0.713303 0.352877 0.827404 -1.40201 0.379043 -0.604132 0.517479 1.56692 -0.0210355 -0.157416 0.422934 -0.8651 -0.590575 -1.34529 -0.370972 1.42227 -0.931066 -1.01802 -1.50025 -0.956834 -0.984495
internal_weight=4632 1796 2836 1202 308 667 2528 594 197 176 128 92 44 397 49 348 637 264 241 103 45 138 73 51 58 2508 1794 202 1592 1562
internal_count=4632 1796 2836 1202 308 667 2528 594 197 176 128 92 44 397 49 348 637 264 241 103 45 138 73 51 58 2508 1794 202 1592 1562
is_linear=0
shrinkage=0.05


Tree=101
num_leaves=31
num_cat=0
split_feature=3 5 3 7 4 4 7 7 7 4 7 7 1 7 1 7 4 6 1 1 6 5 3 3 4 6 5 6 7 6
split_gain=1.98404e+06 154669 90905.2 25131.2 21796.8 39612.9 21408.8 64979.1 52699.7 24987.9 29221.2 31818.6 26700.3 27393.8 28294.9 27099 25127.6 24950.1 24725.2 21164.9 19644.7 19264.1 38485.6 30048.5 19225 18948.9 70443.4 48358.4 30337.6 30786.9
threshold=427.4500000000001 2318.4500000000003 710.60000000000014 3418.2000000000003 6982.5500000000002 6648.7500000000009 3360.7916666666674 3339.7770833333338 3329.4604166666668 3063.8500000000004 3321.8104166666667 3300.9604166666672 1.0000000180025095e-35 3257.6791666666672 4.5000000000000009 3267.8666666666668 2632.9500000000003 7462.7500000000009 2.5000000000000004 3.5000000000000004 132.65000000000001 4651.6000000000013 260.95000000000005 240.75000000000003 8472.1500000000015 2466.2500000000005 2738.6000000000008 2565.3500000000008 3286.0854166666672 2700.2500000000005
decision_type=2 2 2 2 2 2 2 2 2 2 2 2 2 2 2 2 2 2 2 2 2 2 2 2 2 2 2 2 2 2
left_child=1 3 6 -1 5 21 7 8 9 16 11 12 -11 19 15 -15 -2 -17 -9 -14 -5 22 23 25 -8 26 -3 -27 -29 -30
right_child=2 4 -4 20 -6 -7 24 18 -10 10 -12 -13 13 14 -16 17 -18 -19 -20 -21 -22 -23 -24 -25 -26 27 -28 28 29 -31
leaf_value=-0.9070447576848113 0.89035969321374542 1.9500829244271303 1.7910071846591002 -0.69910598468780527 0.85354433321469547 -2.0938327436861783 1.2226059074835345 0.73793672223885853 2.7480264796452092 2.2426627046921674 -0.37719479948282242 2.0623941729708419 0.57674508424181681 -0.54553799135931613 -0.80791868880391127 0.67274885839886134 -1.3860474369742655 2.6703315143896775 -1.2571516367522153 2.1636368303856952 1.3495072065429254 0.6355445854804096 -2.171505925872109 1.2020954435521907 2.8517007306770044 -2.3323448151101669 -1.0009606645220803 0.72171474323898066 -2.4012548946198962 -0.19064051665010906
leaf_weight=2533 27 39 910 25 74 23 55 24 44 34 32 82 38 29 40 54 22 22 44 47 22 102 22 44 27 30 42 61 21 63
leaf_count=2533 27 39 910 25 74 23 55 24 44 34 32 82 38 29 40 54 22 22 44 47 22 102 22 44 27 30 42 61 21 63
internal_value=-2.1194e-09 -0.727105 1.47273 -0.885788 0.0586932 -0.0728928 1.00634 0.891833 1.10043 0.930653 1.06837 1.20206 0.934834 0.741503 0.323713 0.754811 -0.131701 1.251 -0.553003 1.4542 0.259819 0.0367336 -0.152952 -0.00492455 1.75902 -0.212381 0.419912 -0.505043 -0.12698 -0.743294
internal_weight=4632 3101 1531 2580 521 447 621 539 471 427 378 346 264 230 145 105 49 76 68 85 47 424 322 300 82 256 81 175 145 84
internal_count=4632 3101 1531 2580 521 447 621 539 471 427 378 346 264 230 145 105 49 76 68 85 47 424 322 300 82 256 81 175 145 84
is_linear=0
shrinkage=0.05


Tree=102
num_leaves=31
num_cat=0
split_feature=3 3 3 4 4 4 7 7 7 4 7 0 7 1 4 6 5 7 4 4 1 7 6 6 5 5 7 5 7 1
split_gain=1.79059e+06 139944 82136.6 20447.6 18656.5 32155.3 18611.5 54226.2 44330.1 26042.8 23664.2 70841.7 43727.8 25575.9 43170 21260.7 17757.1 29000.8 31220.7 25547.8 24473.8 23266.8 22263.6 17579.1 30181.5 22500.3 36050.9 19043.5 21941.3 17218.9
threshold=427.4500000000001 204.25000000000003 724.35000000000002 2841.7500000000005 7204.9500000000016 7387.8000000000002 3363.041666666667 3339.7770833333338 3329.4604166666668 8881.8500000000004 3317.0979166666675 13.500000000000002 3300.9604166666672 1.0000000180025095e-35 7630.2000000000016 7381.3000000000011 8811.3500000000004 3257.6791666666672 5060.5500000000011 8518.2000000000025 4.5000000000000009 3267.8666666666668 7269.9000000000005 10431.050000000001 10078.150000000001 10430.500000000002 3286.6458333333335 10269.000000000002 3315.7000000000007 2.5000000000000004
decision_type=2 2 2 2 2 2 2 2 2 2 2 2 2 2 2 2 2 2 2 2 2 2 2 2 2 2 2 2 2 2
left_child=1 -1 3 -2 -3 -6 7 8 10 -8 12 -12 13 14 -5 -14 17 19 -19 -15 21 -20 -23 25 -25 27 -27 -4 -29 -9
right_child=2 4 23 6 5 -7 9 29 -10 -11 11 -13 15 16 -16 -17 -18 18 20 -21 -22 22 -24 24 -26 26 -28 28 -30 -31
leaf_value=-0.83661217327242532 0.16065487981294141 -0.021971172351145152 1.6742657492536379 0.42219658851623532 2.4295753823762594 -0.10538574827128444 1.2631091304258868 0.77052914748589207 2.6158828044931095 3.3700305783748625 1.7713403931979474 -1.7876574127762408 2.9025550546853438 2.2808788592998801 3.7073909425735474 1.2084352362540463 -0.45924288959338749 -1.2160146440068882 -0.15612292861938479 0.48527669981122018 -0.44554151126649233 0.80257062315940864 2.5925590895116333 3.9795112026774362 1.6200467535943694 1.1749562597274781 4.0230167646408086 -0.26499344280787879 1.8450709062543784 -0.8815763750801916
leaf_weight=2609 66 441 684 20 22 29 55 24 48 20 29 27 46 52 20 31 29 24 25 32 32 38 32 23 33 20 25 28 22 46
leaf_count=2609 66 441 684 20 22 29 55 24 48 20 29 27 46 52 20 31 29 24 25 32 32 38 32 23 33 20 25 28 22 46
internal_value=2.53191e-09 -0.69075 1.3991 0.997962 0.0827341 0.988127 1.08568 0.985778 1.17354 1.82495 1.01511 0.055395 1.15617 0.886589 2.06479 2.22051 0.708073 0.852125 0.437847 1.59684 0.750387 1.15323 1.62085 1.73345 2.58911 1.67194 2.75721 1.60541 0.663435 -0.31514
internal_weight=4632 3101 1531 696 492 51 630 555 485 75 437 56 381 304 40 77 264 235 151 84 127 95 70 835 56 779 45 734 50 70
internal_count=4632 3101 1531 696 492 51 630 555 485 75 437 56 381 304 40 77 264 235 151 84 127 95 70 835 56 779 45 734 50 70
is_linear=0
shrinkage=0.05


Tree=103
num_leaves=31
num_cat=0
split_feature=3 5 5 7 7 6 5 5 7 4 4 4 6 5 3 3 6 5 6 6 5 6 7 6 7 3 1 7 5 6
split_gain=1.61601e+06 127804 75357.2 25985.2 22641.6 19130.7 33744.2 20007 31833.2 17838.7 36019.2 17738.3 17661.9 16925.1 35096.2 26613.8 18276 37542.9 22755.8 17130.1 63802 43512.9 27576.5 27922.2 25768.1 24869.1 19110.6 16235.1 22816.7 20990.5
threshold=427.4500000000001 2318.4500000000003 8361.4000000000015 3196.420833333334 3418.2000000000003 10431.050000000001 10078.150000000001 10430.500000000002 3292.2000000000003 6982.5500000000002 6648.7500000000009 7286.0000000000009 132.65000000000001 4651.6000000000013 260.95000000000005 240.75000000000003 5022.2500000000009 5180.7000000000007 4806.1000000000013 2466.2500000000005 2738.6000000000008 2565.3500000000008 3286.0854166666672 2700.2500000000005 3321.2354166666669 212.45000000000002 2.5000000000000004 3225.7062500000006 10217.6 10105.550000000001
decision_type=2 2 2 2 2 2 2 2 2 2 2 2 2 2 2 2 2 2 2 2 2 2 2 2 2 2 2 2 2 2
left_child=1 4 -2 -4 -1 7 -7 27 -9 10 13 -11 -6 14 15 19 18 -18 -15 20 -3 -21 26 -24 -25 -22 -23 -5 -29 -30
right_child=2 9 3 5 12 6 -8 8 -10 11 -12 -13 -14 16 -16 -17 17 -19 -20 21 25 22 23 24 -26 -27 -28 28 29 -31
leaf_value=-0.82063376726229686 0.88674122352663631 1.8693435167654968 -0.17569880962371828 2.3546806854062847 -0.62232007598876959 4.0670755737207154 1.5390444123383726 1.2823948274959218 3.9721549462188372 1.6400271984663879 -1.9880424696466197 0.082653955715458582 1.3201595105908135 0.075354275703430174 -2.0618320898576217 1.1430892185731369 1.2928871154785158 -1.2963372549840384 2.3186863312354453 -2.1996938904126484 -2.0992032208225946 -0.22823033661677919 -2.2742747556595577 -1.2995839187077114 0.73543342437062953 0.33691662073135381 1.5439114063978197 1.55594005090424 1.2869637234881521 -0.55991296052932737
leaf_weight=2533 591 39 20 56 25 22 33 22 22 33 23 41 22 20 22 44 28 28 26 30 22 29 21 28 35 20 32 700 40 25
leaf_count=2533 591 39 20 56 25 22 33 22 22 33 23 41 22 20 22 44 28 28 26 30 22 29 21 28 35 20 32 700 40 25
internal_value=4.37301e-09 -0.656213 1.32914 1.60729 -0.800457 1.64605 2.55026 1.58856 2.62727 0.0580896 -0.0609509 0.777158 0.286926 0.0435847 -0.134212 0.00714634 0.604866 -0.00172507 1.34332 -0.188094 0.41309 -0.466356 -0.107734 -0.695333 -0.169019 -0.939146 0.701418 1.53289 1.47273 0.576627
internal_weight=4632 3101 1531 940 2580 920 55 865 44 521 447 74 47 424 322 300 102 56 46 256 81 175 145 84 63 42 61 821 765 65
internal_count=4632 3101 1531 940 2580 920 55 865 44 521 447 74 47 424 322 300 102 56 46 256 81 175 145 84 63 42 61 821 765 65
is_linear=0
shrinkage=0.05


Tree=104
num_leaves=31
num_cat=0
split_feature=3 3 3 6 6 1 7 7 7 5 1 6 1 3 5 5 1 1 5 7 7 7 7 4 5 7 4 7 7 5
split_gain=1.4591e+06 142347 40028.9 25389.7 36412.6 37149.2 27213.2 25614.6 32379.8 31262 35020.5 26107.3 35940.2 36049.2 25877.2 52704.9 29651.6 39514.2 29245 24385.2 55438.4 30029.7 24014.1 23082.3 22992.8 22492 29049.5 22461 45046.3 26450.7
threshold=245.25000000000003 604.55000000000007 39.750000000000007 9874.4500000000025 9924.1500000000015 3.5000000000000004 3359.635416666667 3339.7770833333338 3333.0791666666669 8931.6500000000033 3.5000000000000004 9650.2000000000025 3.5000000000000004 817.55000000000007 9481.7000000000025 9025.5000000000018 1.0000000180025095e-35 2.5000000000000004 7040.0500000000011 3300.9604166666672 3263.4750000000004 3315.0250000000005 3365.4041666666672 7328.1000000000013 8586.5000000000018 3274.3979166666672 9283.3500000000022 3364.2166666666676 3344.4770833333337 70.250000000000014
decision_type=2 2 2 2 2 2 2 2 2 2 2 2 2 2 2 2 2 2 2 2 2 2 2 2 2 2 2 2 2 2
left_child=2 -2 -1 6 -5 -6 7 8 11 10 -9 14 13 -13 15 16 -3 -18 -19 20 -20 -21 -8 -17 -22 -16 -27 28 29 -4
right_child=1 3 27 4 5 -7 22 9 -10 -11 -12 12 -14 -15 25 23 17 18 19 21 24 -23 -24 -25 -26 26 -28 -29 -30 -31
leaf_value=-0.78637350617902901 0.52193887633238412 2.6110720853010818 0.93057010056156875 3.4392567573055146 2.0856941388454291 0.9885799985985424 3.5813576251268389 0.69592736592659588 2.7167304696263495 1.520975349470973 -2.0870436276495457 -1.9926782423799692 1.6109895012208395 0.71197972450671454 1.0531089759298735 -1.2520000398159028 0.45235171405617725 7.6252967119216919e-05 2.7551060970710672 3.8606366320451104 1.1843065884183435 1.5390121806126376 1.6733645634131229 0.58271307349205015 -0.9522214156389236 1.4415379091387703 3.9210638604782249 -1.173400473392616 1.4622009211778642 -0.46964322303608058
leaf_weight=2399 647 48 38 31 192 129 20 26 37 32 20 22 35 28 28 24 97 22 46 30 34 26 94 60 20 21 27 59 40 300
leaf_count=2399 647 48 38 31 192 129 20 26 37 32 20 22 35 28 28 24 97 22 46 30 34 26 94 60 20 21 27 59 40 300
internal_value=3.18853e-09 1.11514 -0.7062 1.44916 1.80283 1.6448 1.29296 1.1736 1.28354 0.320826 -0.51406 1.19019 0.382131 -0.47807 1.33239 1.17424 1.4644 1.26425 1.7067 1.94737 1.47957 2.78274 2.0081 0.0585093 0.393 2.17932 2.83627 -0.266073 -0.124453 -0.312223
internal_weight=4632 1796 2836 1149 352 321 797 683 605 78 46 568 85 50 483 407 323 275 178 156 100 56 114 84 54 76 48 437 378 338
internal_count=4632 1796 2836 1149 352 321 797 683 605 78 46 568 85 50 483 407 323 275 178 156 100 56 114 84 54 76 48 437 378 338
is_linear=0
shrinkage=0.05


Tree=105
num_leaves=31
num_cat=0
split_feature=3 5 3 6 6 6 7 7 4 5 4 4 5 4 5 4 7 7 7 7 0 6 1 7 6 3 7 4 4 7
split_gain=1.32194e+06 111892 55742.1 26771.7 28970 28154.8 27139 20475.7 18447 50584.8 18347.7 30005.6 20044.8 18274.8 27323 23768.5 26188.7 31558.6 23589.2 54654.8 49670.2 29130.1 24510.8 21013.8 19116.2 41340.4 32303.1 19957.7 18932 17571.3
threshold=432.80000000000007 2318.4500000000003 730.50000000000011 8450.2000000000025 8708.7000000000025 9072.7000000000025 3296.0916666666676 3418.2000000000003 9652.4000000000015 9104.1500000000015 6982.5500000000002 6648.7500000000009 4956.3500000000013 9334.8000000000011 8616.2000000000025 9040.4000000000015 3337.1187500000001 3329.4604166666668 3313.4750000000008 3300.9604166666672 9.5000000000000018 7014.6500000000005 1.0000000180025095e-35 3363.041666666667 5179.8000000000011 544.1500000000002 3257.6791666666672 8518.2000000000025 7523.0000000000009 3306.3958333333335
decision_type=2 2 2 2 2 2 2 2 2 2 2 2 2 2 2 2 2 2 2 2 2 2 2 2 2 2 2 2 2 2
left_child=1 7 8 -4 6 -6 -5 -1 9 13 11 -3 -12 14 15 16 17 18 19 22 -20 -21 -2 28 -24 -26 27 -27 -18 -16
right_child=2 10 3 4 5 -7 -8 -9 -10 -11 12 -13 -14 -15 29 -17 23 -19 20 21 -22 -23 24 -25 25 26 -28 -29 -30 -31
leaf_value=-0.74290299782058122 1.8835375711724567 0.040387103575871358 -0.020102027484348844 1.4044393711090088 0.67525119137729417 1.590424060506453 3.6031067889183763 0.31034961773994124 1.7760614751665682 -1.6612464141845704 2.1250975501537321 -1.677270883984036 0.31164795104414228 -0.43074063780903815 1.1633524620532991 2.1194718664033072 -1.0893446835667588 2.5061782794613996 1.0609996029824922 1.3741415531404559 -2.0967943203449249 3.6435407154835193 -0.61692183469281048 0.80770192444324496 2.6245486597220107 1.9819832396430848 -0.15456486238223133 0.039293618649244313 0.7140006878159264 3.2592587924003604
leaf_weight=2533 37 436 28 25 97 629 32 47 54 20 20 27 64 25 20 35 43 31 33 31 20 26 33 62 24 39 99 20 22 20
leaf_count=2533 37 436 28 25 97 629 32 47 54 20 20 27 64 25 20 35 43 31 33 31 20 26 33 62 24 39 99 20 22 20
internal_value=7.89835e-10 -0.585998 1.21755 1.49904 1.55337 1.46815 2.63878 -0.723716 0.888607 0.813728 0.0635647 -0.0597787 0.743422 0.893566 0.949209 0.858247 0.773357 0.975069 0.843952 1.01111 -0.130621 2.40931 0.694853 0.149163 0.490289 0.691047 0.39735 1.32344 -0.478982 2.21131
internal_weight=4632 3127 1505 811 783 726 57 2580 694 640 547 463 84 620 595 555 520 393 362 309 53 57 252 127 215 182 158 59 65 40
internal_count=4632 3127 1505 811 783 726 57 2580 694 640 547 463 84 620 595 555 520 393 362 309 53 57 252 127 215 182 158 59 65 40
is_linear=0
shrinkage=0.05


Tree=106
num_leaves=31
num_cat=0
split_feature=3 5 6 4 5 7 7 1 7 6 5 6 5 4 7 7 7 7 7 7 5 7 7 4 4 7 5 6 0 0
split_gain=1.19305e+06 101986 50748.6 32425.3 28761.7 26474.1 29446.8 37914.8 24860.2 23539.7 35024.4 25315.6 32006.1 22556.9 26333.3 52378.9 26317.2 19694.6 36585.1 27523.9 26679.7 19093.5 24190.7 24477.4 18122.2 28235.4 27668.2 24576.5 48756.2 41384.6
threshold=432.80000000000007 594.50000000000011 8587.3000000000011 9756.7000000000025 9025.5000000000018 3325.514583333334 3333.5895833333338 1.5000000000000002 3309.8125000000005 8708.7000000000025 8836.0500000000011 9072.7000000000025 8836.0500000000011 1.0000000180025095e-35 3273.8854166666674 3270.385416666667 3277.0166666666673 3348.9458333333337 3357.1750000000006 3343.4562500000006 9806.6000000000022 3388.8562500000003 3343.889583333334 4976.9500000000007 19.850000000000005 3304.3416666666672 325.00000000000006 83.750000000000014 22.500000000000004 4.5000000000000009
decision_type=2 2 2 2 2 2 2 2 2 2 2 2 2 2 2 2 2 2 2 2 2 2 2 2 2 2 2 2 2 2
left_child=1 24 3 4 -2 8 -7 -8 13 10 -4 12 -11 -3 15 -15 -16 19 -19 -13 -20 22 -9 -24 25 -1 -27 -26 29 -29
right_child=2 5 9 -5 -6 6 7 21 -10 11 -12 17 -14 14 16 -17 -18 18 20 -21 -22 -23 23 -25 27 26 -28 28 -30 -31
leaf_value=-0.75390610277652748 0.81001244796395211 -1.1521610883779305 1.2110877474149069 2.6557035332140715 -1.0317054932767695 1.8375076376367361 1.1186491038969586 -1.448877585452536 -1.0776807807896236 1.4628340990753737 4.0071480644955519 1.4171866447555757 0.069439707286655911 -0.049115296792701858 2.2349735856056214 -2.7550720441341401 0.29335227493387073 3.41507114819118 2.4865787434577946 -0.47293670773506169 0.76897693743499429 -1.6427695191424825 1.0861165113905644 -0.85030391120910653 -0.98215451956167399 0.011403305954496627 -1.5617668436900263 -0.95557715519220676 -2.0596646540569812 -0.18124125593181317
leaf_weight=475 582 43 24 23 22 32 70 23 73 85 21 521 80 169 20 20 137 35 40 20 52 23 47 25 881 284 31 286 53 435
leaf_count=475 582 43 24 23 22 32 70 23 73 85 21 521 80 169 20 20 137 35 40 20 52 23 47 25 881 284 31 286 53 435
internal_value=1.57151e-10 -0.556698 1.15668 0.813096 0.74293 -0.0160398 0.435399 0.196742 -0.23101 1.40203 2.51592 1.34186 0.787249 -0.0721237 0.0621006 -0.33546 0.540693 1.47885 2.03919 1.34731 1.51576 -0.350153 -0.0372032 0.413748 -0.707508 -0.510483 -0.143417 -0.801556 -0.595991 -0.488398
internal_weight=4632 3127 1505 627 604 682 220 188 462 878 45 833 165 389 346 189 157 668 127 541 92 118 95 72 2445 790 315 1655 774 721
internal_count=4632 3127 1505 627 604 682 220 188 462 878 45 833 165 389 346 189 157 668 127 541 92 118 95 72 2445 790 315 1655 774 721
is_linear=0
shrinkage=0.05


Tree=107
num_leaves=31
num_cat=0
split_feature=3 3 3 4 5 3 5 5 5 3 4 4 7 4 5 7 6 7 5 7 5 6 1 7 5 5 1 4 3 0
split_gain=1.08043e+06 105130 29737.9 21913.3 30158.1 41484.4 44865.9 22068.2 21855.3 20936.3 20646.3 66969.6 40441.7 43414.8 54931.8 48969.9 48388.6 40403.3 52234 30873.7 23785.2 22732.5 28072.7 20470.4 18990.2 18907.8 23299.7 18807.2 24469.1 23294.1
threshold=245.25000000000003 596.20000000000016 34.100000000000009 7204.9500000000016 9104.1500000000015 617.6500000000002 7211.2000000000007 8901.7000000000025 7615.7500000000009 653.70000000000016 144.45000000000002 118.80000000000001 3358.8520833333337 374.55000000000001 2738.6000000000008 3277.0166666666673 2882.1000000000008 3321.8104166666667 2623.2000000000003 3310.5354166666671 2207.1500000000001 2627.9000000000005 3.5000000000000004 3268.6729166666673 7271.4500000000016 130.60000000000002 3.5000000000000004 2072.3000000000006 17.650000000000002 2.5000000000000004
decision_type=2 2 2 2 2 2 2 2 2 2 2 2 2 2 2 2 2 2 2 2 2 2 2 2 2 2 2 2 2 2
left_child=2 8 27 4 5 6 -3 9 24 -7 11 17 13 19 16 -16 21 18 25 23 -19 22 -15 -12 -2 -4 -27 29 -29 -1
right_child=1 3 10 -5 -6 7 -8 -9 -10 -11 12 -13 -14 14 15 -17 -18 20 -20 -21 -22 -23 -24 -25 -26 26 -28 28 -30 -31
leaf_value=-0.92659064228019283 0.3822151465580067 -1.4497767217954001 -0.73981174741472522 1.3261612522215311 -0.90522313316663117 1.9801406203907856 1.152203965025979 3.0155825728461858 -1.2093763959407806 0.50304589405351752 0.96749702215194699 -3.3159110727764318 -1.4042492945526923 -0.44885104027661415 -3.314501974696205 -0.37985920580950649 -1.5341942898605181 1.2211063608527184 0.82674686431884759 0.086297406442463406 -0.55568281142942366 2.4338307727466932 1.6295859292149544 3.1546948391458263 1.3929898439084782 -3.2688857555389408 -0.99890329003334044 -0.96375005865925978 -2.7853157929011756 -0.54785987788129809
leaf_weight=542 523 30 35 994 24 47 37 21 20 49 20 21 43 33 21 44 23 48 30 32 31 22 32 23 51 26 20 151 21 1618
leaf_count=542 523 30 35 994 24 47 37 21 20 49 20 21 43 33 21 44 23 48 30 32 31 22 32 23 51 26 20 151 21 1618
internal_value=-1.6067e-09 0.959584 -0.607692 1.2285 0.761808 0.979246 -0.012862 1.54738 0.41541 1.22621 -0.259418 -0.636527 0.0121531 0.255774 -0.175576 -1.32797 0.505386 -0.340385 -0.955496 1.26226 0.523885 1.04459 0.574379 2.13739 0.472023 -1.61559 -2.28194 -0.682962 -1.18615 -0.642893
internal_weight=4632 1796 2836 1202 208 184 67 117 594 96 504 211 293 250 175 65 110 190 111 75 79 87 65 43 574 81 46 2332 172 2160
internal_count=4632 1796 2836 1202 208 184 67 117 594 96 504 211 293 250 175 65 110 190 111 75 79 87 65 43 574 81 46 2332 172 2160
is_linear=0
shrinkage=0.05


Tree=108
num_leaves=31
num_cat=0
split_feature=3 3 5 7 7 7 0 5 7 1 6 7 5 4 7 1 4 5 7 3 6 7 5 4 4 4 1 1 7 6
split_gain=975565 68749.7 51110.5 20034.9 38061.1 22044.2 33972.1 29658.7 24471.3 19569.8 18678.9 20026.1 26078.4 43079.1 25347.7 28010 24403.2 22401.6 20279.4 19107.1 32608.9 34581.4 18525.1 18419.8 18245.3 30124.1 32168.9 29517.1 29832.2 25072.7
threshold=403.25000000000006 609.25000000000011 594.50000000000011 3348.9458333333337 3343.889583333334 3380.1479166666672 13.500000000000002 9843.0000000000018 3357.1750000000006 5.5000000000000009 5211.9500000000016 3325.514583333334 2925.2500000000005 2510.5500000000006 3332.6291666666671 1.5000000000000002 5409.4000000000005 2318.4500000000003 3374.1062500000007 240.75000000000003 2466.2500000000005 3282.7708333333335 722.75000000000011 2289.6500000000005 9679.1500000000015 9005.4000000000015 1.0000000180025095e-35 1.0000000180025095e-35 3333.0791666666669 10300.400000000003
decision_type=2 2 2 2 2 2 2 2 2 2 2 2 2 2 2 2 2 2 2 2 2 2 2 2 2 2 2 2 2 2
left_child=2 23 -1 4 24 6 7 -5 -9 -7 11 12 17 -14 -13 -16 -15 22 -17 20 -19 -22 -4 -2 25 26 -3 -26 29 -29
right_child=1 3 10 5 -6 9 -8 8 -10 -11 -12 14 13 16 15 18 -18 19 -20 -21 21 -23 -24 -25 27 -27 -28 28 -30 -31
leaf_value=-0.63946588542243821 -0.91093552979556014 2.3891956282304783 0.26181651970435837 3.3309215323925017 -0.63141340594137874 1.4495454765153382 0.61396422711285681 2.9086482015523045 0.72820789439062927 -0.35401824343772165 1.2986973316773125 1.9082769108847495 0.59287718963623048 -2.7556335813858932 0.96205630501111361 0.0081773076484452437 -0.69780250883102424 1.2213281301351695 -1.5941201388835908 1.5611983005767285 0.27495682362852425 -1.6655771983297247 -1.2859190540837833 0.56612600822431547 0.21864058306050854 0.41819702862987856 1.0390667059097085 1.2457282250480992 2.9912621620723181 2.7219663558584273
leaf_weight=2445 22 51 29 50 31 53 33 22 31 21 23 21 25 34 54 67 25 39 28 23 58 38 58 520 43 169 327 224 35 33
leaf_count=2445 22 51 29 50 31 53 33 22 31 21 23 21 25 34 54 67 25 39 28 23 58 38 58 520 43 169 327 224 35 33
internal_value=3.3608e-09 0.968647 -0.543578 1.19185 1.09057 1.63221 2.01009 2.45739 1.6333 0.937723 -0.0944501 -0.158663 -0.386354 -1.1466 0.281985 0.0527755 -1.88367 -0.125697 -0.464079 0.229082 0.00212859 -0.493171 -0.770007 0.506171 1.15109 0.973124 1.22123 1.44168 1.62179 1.43528
internal_weight=4632 1665 2967 1123 913 210 136 103 53 74 522 499 329 84 170 149 59 245 95 158 135 96 87 542 882 547 378 335 292 257
internal_count=4632 1665 2967 1123 913 210 136 103 53 74 522 499 329 84 170 149 59 245 95 158 135 96 87 542 882 547 378 335 292 257
is_linear=0
shrinkage=0.05


Tree=109
num_leaves=31
num_cat=0
split_feature=3 3 5 7 6 6 3 5 5 6 6 1 5 5 5 7 7 4 4 1 6 5 5 7 4 4 4 1 7 3
split_gain=881194 76820.3 39127.8 30766.8 29268.5 40500.1 27142.6 30772.3 19614.1 21752.8 24621.9 23661 17833.4 29149.4 19494.4 19994.1 32524.2 17453.4 25674 25851.7 18591.3 33581.7 45080.6 23539.5 16661.1 16417.8 15746.5 15464.4 26126.1 25171.4
threshold=432.80000000000007 204.25000000000003 8616.2000000000025 3305.8562500000012 8511.1000000000004 8708.7000000000025 740.55000000000007 8811.3500000000004 10430.500000000002 10431.050000000001 10227.300000000001 5.5000000000000009 9371.5500000000011 9636.2500000000018 9776.6000000000022 3222.2583333333337 3237.0916666666667 7328.1000000000013 8848.3000000000011 4.5000000000000009 9899.1500000000015 9987.0000000000018 9371.5500000000011 3342.1437500000006 9652.4000000000015 9885.0500000000011 10040.150000000003 1.0000000180025095e-35 3305.8562500000012 596.20000000000016
decision_type=2 2 2 2 2 2 2 2 2 2 2 2 2 2 2 2 2 2 2 2 2 2 2 2 2 2 2 2 2 2
left_child=1 -1 27 6 -5 -6 7 -4 9 10 11 17 -8 -14 -15 -16 -17 -7 -19 20 21 22 26 -22 -9 -13 -20 28 29 -2
right_child=2 -3 3 4 5 8 12 24 -10 -11 -12 25 13 14 15 16 -18 18 19 -21 23 -23 -24 -25 -26 -27 -28 -29 -30 -31
leaf_value=-0.58886424770356349 0.69992470860481271 0.077743026881989349 1.7700630736351013 -0.35997948408126834 3.400470126908401 -0.066548457741737371 1.7788962396155847 -1.1010952206758353 2.8180065507888798 2.893922688744285 0.015505431379590715 3.1184079175995247 -0.35264156231513394 2.2916739727220228 -0.20159448739141228 2.9547079996629195 0.89518392740080022 2.4069405664568362 1.2245985357657725 -0.37471403708824746 1.1161587102072579 -0.65510666251182559 2.6960040261870937 3.2501138667265574 0.67391153693199168 1.3077393914972033 -0.69370544910430909 0.59443282135899234 0.42279703850331513 2.9899126440286636
leaf_weight=2609 20 518 20 20 29 24 76 39 25 22 35 31 39 31 32 22 149 46 23 26 28 25 38 24 20 21 20 544 46 30
leaf_count=2609 20 518 20 20 29 24 76 39 25 22 35 31 39 31 32 22 149 46 23 26 28 25 38 24 20 21 20 544 46 30
internal_value=1.86128e-09 -0.478438 0.99407 1.21336 1.50847 1.59809 0.912048 0.0751491 1.46337 1.37008 1.27177 1.41546 1.10149 0.912908 1.12383 0.945492 1.16015 1.21652 1.35041 1.08628 1.32669 0.946813 1.44123 2.10106 -0.499398 2.38718 0.332364 0.697681 1.28276 2.07392
internal_weight=4632 3127 1505 865 437 417 428 79 388 363 341 306 349 273 234 203 171 254 230 184 158 106 81 52 59 52 43 640 96 50
internal_count=4632 3127 1505 865 437 417 428 79 388 363 341 306 349 273 234 203 171 254 230 184 158 106 81 52 59 52 43 640 96 50
is_linear=0
shrinkage=0.05


Tree=110
num_leaves=31
num_cat=0
split_feature=3 3 3 6 1 4 0 3 6 4 6 5 5 4 7 6 7 5 3 7 3 5 7 4 4 7 7 1 7 5
split_gain=796193 58035 40318.8 17654.4 18123.2 20930.6 28980.5 19731.1 27544.8 32039.6 19669.5 19486.1 26707.6 29591.5 17692.8 17491.5 25254.2 21587 19896 26412.9 19790.6 44527.5 19646.1 21034.7 34490.9 19531.7 28906.2 30544.7 40203.5 25251.7
threshold=401.55000000000007 609.25000000000011 45.750000000000007 672.30000000000007 4.5000000000000009 79.600000000000009 1.0000000180025095e-35 18.550000000000004 2.3500000000000005 244.25000000000003 114.75000000000001 1.0000000180025095e-35 423.80000000000007 48.600000000000009 3412.8145833333342 563.60000000000014 3233.6312500000008 631.30000000000007 10.250000000000002 3384.2208333333338 8.1500000000000004 85.100000000000009 3365.4041666666672 528.55000000000007 341.9500000000001 3246.5500000000002 3302.5666666666671 1.0000000180025095e-35 3293.3750000000005 92.450000000000017
decision_type=2 2 2 2 2 2 2 2 2 2 2 2 2 2 2 2 2 2 2 2 2 2 2 2 2 2 2 2 2 2
left_child=2 -2 3 4 14 11 -7 10 -9 -10 -8 -6 13 -13 15 16 -1 18 20 22 -18 -22 23 24 25 -20 27 -27 29 -29
right_child=1 -3 -4 -5 5 6 7 8 9 -11 -12 12 -14 -15 -16 -17 17 -19 19 -21 21 -23 -24 -25 -26 26 -28 28 -30 -31
leaf_value=-1.254742853614417 0.45149401273276357 1.0764863846432136 -0.092543828809388384 -1.8053539851616169 0.62735318667199236 -2.2284540359973906 -1.0328305846452712 -1.1397930450164355 -0.34077166442213391 2.0304559808756628 -0.18997900823100669 -0.72299475186403583 1.3188903860423877 1.3190961706638338 0.79282581238519578 0.57211389266220591 -0.71822019409369098 0.7792122430271573 1.0456344068050385 1.3580719698043098 -0.31815346702933311 -3.1916798656949634 -1.5762124323182638 -1.4932414515598402 1.725084630080632 0.71295391768217087 0.014125780188478529 -0.02397203627559874 -2.9500651536164462 -1.532809448137618
leaf_weight=176 555 1123 516 29 83 25 160 26 29 28 122 157 23 20 21 28 970 27 23 21 28 26 36 37 21 24 160 54 27 57
leaf_count=176 555 1123 516 29 83 25 160 26 29 28 122 157 23 20 21 28 970 27 23 21 28 26 36 37 21 24 160 54 27 57
internal_value=4.42985e-09 0.86977 -0.494067 -0.579049 -0.564286 -0.344026 -0.581554 -0.468752 0.208865 0.824042 -0.668193 -0.0166907 -0.283969 -0.49225 -0.649675 -0.667338 -0.68791 -0.621886 -0.647378 -0.374224 -0.770084 -1.7017 -0.45709 -0.357119 -0.242265 -0.362017 -0.462563 -0.933367 -1.21968 -0.79878
internal_weight=4632 1678 2954 2438 2409 673 390 365 83 57 282 283 200 177 1736 1715 1687 1511 1484 460 1024 54 439 403 366 345 322 162 138 111
internal_count=4632 1678 2954 2438 2409 673 390 365 83 57 282 283 200 177 1736 1715 1687 1511 1484 460 1024 54 439 403 366 345 322 162 138 111
is_linear=0
shrinkage=0.05


Tree=111
num_leaves=31
num_cat=0
split_feature=3 5 3 7 3 3 7 7 4 4 7 4 5 7 6 7 5 7 3 6 7 7 4 3 7 3 7 7 5 7
split_gain=720038 70352.6 20623 19687 33310.1 25189.8 25151.9 23483.2 18144.6 60376.3 36191.3 39123.6 47863.9 44095.2 43324.5 35678.3 44101.5 27989.5 22884.5 20904.7 26368.2 19050.1 17232.5 29985.6 26554.3 22874 19806.4 23434.6 21326.6 23017.1
threshold=245.25000000000003 7155.4000000000005 34.100000000000009 3300.6750000000006 596.20000000000016 879.05000000000007 3298.0041666666671 3303.5229166666668 144.45000000000002 118.80000000000001 3358.8520833333337 374.55000000000001 2738.6000000000008 3277.0166666666673 2882.1000000000008 3321.8104166666667 2647.1000000000004 3310.5354166666671 217.70000000000002 2627.9000000000005 3297.1208333333338 3268.6729166666673 1.0000000180025095e-35 29.250000000000004 3222.2583333333337 31.250000000000004 3246.5500000000002 3237.0916666666667 476.80000000000001 3304.7541666666675
decision_type=2 2 2 2 2 2 2 2 2 2 2 2 2 2 2 2 2 2 2 2 2 2 2 2 2 2 2 2 2 2
left_child=2 -2 22 4 -3 7 -6 -5 9 15 11 17 14 -14 19 16 -4 21 -17 20 -13 -10 23 24 -1 -24 27 -26 29 -28
right_child=1 3 8 5 6 -7 -8 -9 10 -11 -12 12 13 -15 -16 18 -18 -19 -20 -21 -22 -23 25 -25 26 -27 28 -29 -30 -31
leaf_value=-1.5409399206439653 0.3420946059181369 -0.62188868155846233 -1.4214674854562397 2.6997431729150856 0.96392153217541898 2.7832038988669714 -0.8446731758117676 1.0714436587632983 0.93910931825637833 -3.10366036324274 -1.2913831180611322 1.386709100772173 -3.0912641775040401 -0.30651198083704173 -1.4247515965050654 1.0624498936167937 0.90146608485115898 0.11474864520132542 -0.83602715730667121 2.3475848241285848 -0.66893696051377516 3.0490653722182568 -0.62023812736396899 1.2613714571510044 -0.38862542833600727 -2.1439844760894777 -0.81802110170671183 1.4991731905168102 1.0004380235671997 -0.12189441061155362
leaf_weight=48 601 39 84 23 495 24 20 594 20 21 43 39 21 44 23 57 27 32 22 22 26 23 1662 28 35 25 258 31 25 220
leaf_count=48 601 39 84 23 495 24 20 594 20 21 43 39 21 44 23 57 27 32 22 22 26 23 1662 28 35 25 258 31 25 220
internal_value=-7.8133e-11 0.783364 -0.496094 1.00529 0.786993 1.19396 0.893685 1.13214 -0.206065 -0.55959 0.0485221 0.278986 -0.130493 -1.2062 0.505153 -0.278403 -0.85643 1.23444 0.53376 1.01536 0.564451 2.06769 -0.558776 -0.33896 -0.411585 -0.642819 -0.316314 0.498068 -0.423171 -0.497628
internal_weight=4632 1796 2836 1195 554 641 515 617 504 211 293 250 175 65 110 190 111 75 79 87 65 43 2332 645 617 1687 569 66 503 478
internal_count=4632 1796 2836 1195 554 641 515 617 504 211 293 250 175 65 110 190 111 75 79 87 65 43 2332 645 617 1687 569 66 503 478
is_linear=0
shrinkage=0.05


Tree=112
num_leaves=31
num_cat=0
split_feature=3 3 6 6 4 4 7 4 5 5 4 7 3 5 6 7 1 5 5 5 5 7 6 6 6 5 7 6 6 1
split_gain=651944 56424.7 30762.5 22938.5 40529 18210.2 33224.3 31952.5 17635.5 20425.5 23779.3 17559.6 23302.6 16205.4 22123.4 16079.2 28450.1 32361.8 26136.3 23047.9 22107.2 18971.7 18632.8 15577.9 22369.6 30179.6 24466.1 16609.9 55857.9 31453.6
threshold=432.80000000000007 204.25000000000003 9072.7000000000025 8997.1500000000015 9756.7000000000025 9197.4500000000025 3225.7062500000006 9040.4000000000015 9104.1500000000015 8361.4000000000015 7051.6000000000013 3310.9895833333344 742.80000000000007 8708.7000000000025 9188.1000000000004 3325.514583333334 2.5000000000000004 2765.3000000000006 4956.3500000000013 2594.6000000000004 2964.3000000000006 3309.233333333334 5347.4000000000005 5143.5000000000009 5022.2500000000009 5050.2500000000009 3236.1437500000006 2565.3500000000008 2777.9000000000005 3.5000000000000004
decision_type=2 2 2 2 2 2 2 2 2 2 2 2 2 2 2 2 2 2 2 2 2 2 2 2 2 2 2 2 2 2
left_child=1 -1 3 4 5 6 -2 8 9 -8 -11 -6 -13 -4 -15 21 17 -17 -19 -18 -21 22 23 24 25 26 -3 29 -29 -28
right_child=2 15 13 -5 11 -7 7 -9 -10 10 -12 12 -14 14 -16 16 19 18 -20 20 -22 -23 -24 -25 -26 -27 27 28 -30 -31
leaf_value=-0.50616259989226953 2.0551142708557406 1.4728034761818973 -0.091858956990418614 -0.70449015309413276 0.93493073740691846 -0.11763201230837975 0.45065365688689446 2.5500771912932398 -0.6630902608235677 2.549745589036208 0.74827178495545543 3.7164925718307495 1.3828865175661835 2.4194658973903369 1.09018821884927 -0.23357075287236109 1.1168479291292337 2.9330492194209778 0.65829826126927915 -1.8892230303391166 0.047514201737031705 -0.92911859789832707 -1.2093650870853001 1.0652603765813315 -1.5088442087173464 1.6621642055182624 -1.9495482861995699 1.8714059829711915 -0.76375687825875205 0.44453430383101761
leaf_weight=2609 41 22 27 30 33 81 471 20 30 26 62 20 23 33 608 27 26 28 23 23 41 61 27 41 22 29 34 30 61 23
leaf_count=2609 41 22 27 30 33 81 471 20 30 26 62 20 23 33 608 27 26 28 23 23 41 61 27 41 22 29 34 30 61 23
internal_value=3.77242e-09 -0.411524 0.85504 0.653093 0.703561 0.589308 0.677404 0.584652 0.517914 0.581295 1.28053 1.80249 2.46828 1.10808 1.15862 0.0651408 0.467225 1.16615 1.90718 -0.138511 -0.648501 -0.12786 0.0412642 0.170146 0.00408381 0.171342 -0.0829745 -0.314239 0.104978 -0.983515
internal_weight=4632 3127 1505 837 807 731 650 609 589 559 88 76 43 668 641 518 168 78 51 90 64 350 289 262 221 199 170 148 91 57
internal_count=4632 3127 1505 837 807 731 650 609 589 559 88 76 43 668 641 518 168 78 51 90 64 350 289 262 221 199 170 148 91 57
is_linear=0
shrinkage=0.05


Tree=113
num_leaves=31
num_cat=0
split_feature=3 5 6 6 4 7 4 4 7 4 5 5 4 7 7 3 1 7 4 5 6 4 4 4 4 4 5 7 7 4
split_gain=588379 51104.6 27763.1 20702 36577.5 17533.7 16901.3 16434.7 29984.9 28837.1 15916 18434.1 21460.8 15847.5 21864.5 15212.8 15028.1 44040.1 38214.5 33495 23636.3 37031.5 23723.4 22995.7 25454.4 37425.9 38095.2 23362.6 19190.9 25324.9
threshold=432.80000000000007 2318.4500000000003 9072.7000000000025 8997.1500000000015 9756.7000000000025 3418.2000000000003 178.85000000000002 9197.4500000000025 3225.7062500000006 9040.4000000000015 9104.1500000000015 8361.4000000000015 7051.6000000000013 3310.9895833333344 3344.4770833333337 719.45000000000016 2.5000000000000004 3274.8979166666672 7204.9500000000016 2820.6000000000004 2596.6500000000001 278.05000000000001 2676.1000000000008 57.550000000000004 1862.3000000000002 2510.5500000000006 2594.6000000000004 3313.4750000000008 3251.6770833333335 6648.7500000000009
decision_type=2 2 2 2 2 2 2 2 2 2 2 2 2 2 2 2 2 2 2 2 2 2 2 2 2 2 2 2 2 2
left_child=1 5 3 4 7 -1 -7 8 -2 10 11 -10 -13 -6 -15 -4 17 19 20 -3 -19 -22 -23 -18 -25 -26 -27 28 -28 -30
right_child=2 16 15 -5 13 6 -8 -9 9 -11 -12 12 -14 14 -16 -17 23 18 -20 -21 21 22 -24 24 25 26 27 -29 29 -31
leaf_value=-0.50177518504300778 1.9523585477980174 0.71175835315997782 -0.21090218813523004 -0.66926563377181691 0.88818421878597964 -0.34316703059055187 1.5745392638444902 -0.11175043715371027 0.4281209797173296 2.4225733026862146 -0.62993567625681557 2.4222583101345947 0.71085825197158325 3.5539495491981508 1.2934972861538763 1.0977326129642568 1.0036108380390538 1.5107665778882802 2.6280460889140769 -1.5518237005580557 -1.6909995836408243 1.9016609072685242 0.037147360332941602 -1.3017147235436874 1.6822987347268143 1.2328480673022568 -1.253748004189853 -1.4256622505969689 1.1398125686143574 -0.80351496140162149
leaf_weight=2533 41 26 23 30 33 27 20 81 471 20 30 26 62 20 23 645 36 40 24 44 23 24 59 55 26 32 29 61 38 30
leaf_count=2533 41 26 23 30 33 27 20 81 471 20 30 26 62 20 23 645 36 40 24 44 23 24 59 55 26 32 29 61 38 30
internal_value=2.09389e-09 -0.390948 0.812288 0.620438 0.668383 -0.48402 0.472878 0.559843 0.643534 0.555419 0.492018 0.552231 1.2165 1.71236 2.34487 1.05267 0.0480397 0.344449 0.779073 -0.711065 0.475132 0.0843261 0.576284 -0.183681 -0.341402 -0.0968785 -0.340345 -0.658966 -0.176817 0.282462
internal_weight=4632 3127 1505 837 807 2580 47 731 650 609 589 559 88 76 43 668 547 240 170 70 146 106 83 307 271 216 190 158 97 68
internal_count=4632 3127 1505 837 807 2580 47 731 650 609 589 559 88 76 43 668 547 240 170 70 146 106 83 307 271 216 190 158 97 68
is_linear=0
shrinkage=0.05


Tree=114
num_leaves=31
num_cat=0
split_feature=3 3 4 6 6 5 3 4 7 5 4 5 4 7 1 5 7 6 6 0 0 0 5 6 3 0 3 3 7 3
split_gain=532136 59536.5 22110.5 18205.8 23014.6 22387.9 16347.1 30234.9 34696.4 15416.3 14921.3 14888 13929.9 22774.9 28168.9 28989 23776 23615.8 19450.6 42141.3 28988.4 26834.9 38888.8 35304.7 31005.6 36061.2 22749.1 41200.4 43196.5 31636.6
threshold=231.60000000000002 588.00000000000011 5471.8500000000013 2344.4000000000005 2804.1500000000005 2647.1000000000004 864.70000000000016 9885.0500000000011 3310.5354166666671 7564.7500000000009 5224.0500000000002 2964.3000000000006 21.350000000000005 3304.3416666666672 4.5000000000000009 346.90000000000003 3292.2000000000003 32.250000000000007 91.800000000000026 22.500000000000004 22.500000000000004 4.5000000000000009 121.65000000000002 110.80000000000003 35.000000000000007 21.500000000000004 34.100000000000009 17.950000000000003 3313.4750000000008 13.550000000000002
decision_type=2 2 2 2 2 2 2 2 2 2 2 2 2 2 2 2 2 2 2 2 2 2 2 2 2 2 2 2 2 2
left_child=2 3 10 -2 -5 -6 -3 8 -8 -7 11 12 13 14 16 17 -1 -16 20 21 -14 26 23 -23 25 -25 27 29 -29 -20
right_child=1 6 -4 4 5 9 7 -9 -10 -11 -12 -13 18 -15 15 -17 -18 -19 19 -21 -22 22 -24 24 -26 -27 -28 28 -30 -31
leaf_value=-0.52983876666261087 -0.96903427715959234 0.81131471718119141 1.0114381414193374 1.2786283981587205 -1.348512628877705 0.3378278631709426 0.99598864078521732 0.1934790479100269 3.9411708901822564 -1.014897274429148 -1.6018707178533078 0.66598422129948931 -0.77108487273928317 0.023837520199260494 0.7709742220436655 1.8860072201490405 -1.548584384577615 -0.74012263849377635 -0.73252283140167673 -1.7345863832617707 0.32413318964151239 2.23437940309877 -0.46458435658395536 -0.22654191904390852 2.0671073102951047 1.7576375627173828 0.93569053687155257 -0.6833728069350834 -3.9302169132232665 1.3565848588943483
leaf_weight=315 29 1178 26 56 22 494 20 23 20 22 28 30 857 348 41 20 70 70 193 53 65 23 310 192 20 26 20 21 20 20
leaf_count=315 29 1178 26 56 22 494 20 23 20 22 28 30 857 348 41 20 70 70 193 53 65 23 310 192 20 26 20 21 20 20
internal_value=-9.88042e-10 0.653066 -0.439781 0.254243 0.313965 0.213554 0.853281 1.63799 2.46858 0.280154 -0.453542 -0.441695 -0.454076 -0.288754 -0.499571 0.133752 -0.715065 -0.18197 -0.532559 -0.366933 -0.693873 -0.281151 -0.0859645 0.363737 0.182961 0.0101033 -0.687907 -0.81575 -2.2672 -0.536362
internal_weight=4632 1864 2768 623 594 538 1241 63 40 516 2742 2714 2684 864 516 131 385 111 1820 898 922 845 571 261 238 218 274 254 41 213
internal_count=4632 1864 2768 623 594 538 1241 63 40 516 2742 2714 2684 864 516 131 385 111 1820 898 922 845 571 261 238 218 274 254 41 213
is_linear=0
shrinkage=0.05


Tree=115
num_leaves=31
num_cat=0
split_feature=3 5 6 6 4 7 4 4 7 4 5 7 5 5 4 7 7 7 5 7 3 7 1 3 7 4 4 6 6 4
split_gain=481152 38615 25146.5 18605.5 33128.1 15592.4 15448.8 14667 21960.4 25992.5 19292.8 14624.4 14584.8 16122.3 19368.4 14075.7 30631.1 23627.7 22512.8 19606.5 16478.3 14753.3 14668.2 32935.8 29226.4 26224.7 16629.6 22506.8 12805.7 32948.5
threshold=427.4500000000001 2318.4500000000003 9072.7000000000025 8997.1500000000015 9756.7000000000025 3418.2000000000003 178.85000000000002 9197.4500000000025 3225.7062500000006 9040.4000000000015 7122.2000000000007 3318.8479166666671 9104.1500000000015 8361.4000000000015 7051.6000000000013 3348.9458333333337 3357.1750000000006 3339.7770833333338 9806.6000000000022 3334.2270833333337 872.35000000000002 3328.7812500000005 1.5000000000000002 815.05000000000007 3281.3041666666672 10040.150000000003 10107.700000000003 9924.1500000000015 7508.7000000000007 9508.9000000000015
decision_type=2 2 2 2 2 2 2 2 2 2 2 2 2 2 2 2 2 2 2 2 2 2 2 2 2 2 2 2 2 2
left_child=1 5 3 4 7 -1 -7 8 10 12 -2 -6 13 -10 -15 17 -17 19 -18 20 21 22 23 24 -4 -25 -24 -28 -9 -30
right_child=2 -3 15 -5 11 6 -8 28 9 -11 -12 -13 -14 14 -16 16 18 -19 -20 -21 -22 -23 26 25 -26 -27 27 -29 29 -31
leaf_value=-0.45409758841649045 0.55060270130634315 0.034567968257043273 -1.0338477157411121 -0.6763680922488372 0.87409034661344587 -0.31517501561729999 1.5182789862155914 0.82417752395073574 0.38075146795956477 2.2678118947148325 2.6962859004735948 2.2617485217941113 -0.63900467395782479 2.2605796493016759 0.63474956551386474 2.6882406602587019 1.8421285837888719 -0.43161417806849767 0.26434692367911339 2.2159833395055362 2.0546678503354392 -0.4232265189290047 0.49530946809076987 2.8192888802006131 1.4532148919723653 0.61949701905250554 2.2269883864455755 0.35530054672011019 -2.1876934266090395 0.33119754920134675
leaf_weight=2533 20 521 21 30 37 27 20 24 496 20 22 39 30 26 62 35 40 34 52 28 27 24 253 42 27 20 36 29 20 37
leaf_count=2533 20 521 21 30 37 27 20 24 496 20 22 39 30 26 62 35 40 34 52 28 27 24 253 42 27 20 36 29 20 37
internal_value=3.63602e-10 -0.358066 0.725254 0.546973 0.591031 -0.437354 0.465018 0.491122 0.567306 0.493956 1.67453 1.58618 0.436176 0.491408 1.11511 0.955577 1.42929 0.844373 0.950339 0.929942 0.854767 0.783091 0.850735 1.34842 0.365125 2.10968 0.67858 1.39193 -0.144683 -0.552624
internal_weight=4632 3101 1531 863 833 2580 47 757 676 634 42 76 614 584 88 668 127 541 92 507 479 452 428 110 48 62 318 65 81 57
internal_count=4632 3101 1531 863 833 2580 47 757 676 634 42 76 614 584 88 668 127 541 92 507 479 452 428 110 48 62 318 65 81 57
is_linear=0
shrinkage=0.05


Tree=116
num_leaves=31
num_cat=0
split_feature=3 5 4 5 4 4 6 6 3 7 3 1 3 7 6 3 4 6 6 3 4 4 4 7 1 5 6 6 5 7
split_gain=435178 49601.8 33988.1 22131.8 19380.7 18194.5 63573.6 22958.2 34801.7 17432.8 23591.6 39562.7 19285 18569 18054.4 16755.9 27499.7 26303.9 32178.1 25723.6 23701.9 36953.4 27899.5 49860.6 32229 27841.5 15253 23318 18389.7 15302.9
threshold=231.60000000000002 7014.6500000000005 8881.8500000000004 6800.4500000000016 5471.8500000000013 7523.0000000000009 5347.4000000000005 5463.7000000000007 432.80000000000007 3300.6750000000006 596.20000000000016 3.5000000000000004 879.05000000000007 3298.0041666666671 7089.5000000000009 795.30000000000007 10340.150000000003 10035.500000000002 10167.750000000002 834.70000000000016 9005.4000000000015 7204.9500000000016 9652.4000000000015 3277.6645833333337 3.5000000000000004 8779.8000000000011 2344.4000000000005 2804.1500000000005 2647.1000000000004 3222.2583333333337
decision_type=2 2 2 2 2 2 2 2 2 2 2 2 2 2 2 2 2 2 2 2 2 2 2 2 2 2 2 2 2 2
left_child=4 2 3 5 -1 7 -7 26 -9 10 11 -3 -11 14 -12 20 17 -17 -19 -20 21 -16 -22 24 -24 -23 -2 -28 -29 -30
right_child=1 9 -4 -5 -6 6 -8 8 -10 12 13 -13 -14 -15 15 16 -18 18 19 -21 22 25 23 -25 -26 -27 27 28 29 -31
leaf_value=-0.41058645678465383 -0.91641328828088175 -1.6712129683330141 2.0644719968239467 -0.92068462424808084 0.96098327315770671 1.1595560112460095 -2.6415673866190694 -0.2212455997467041 2.1936331655226047 0.89128076346679552 2.1292784842577848 1.140606825189157 2.334431539972623 -0.78893881184714187 -0.03850311036430188 1.4127243871384481 2.7614227080345155 -1.2655539870262147 -0.16866304741965399 1.7086858662399085 -1.1004287028312685 2.4420255626950946 0.37277326676994565 -1.3248286980849047 2.9313887912034993 0.58677672495444611 1.2177521773747035 -1.2806344766508451 1.3765980188663189 0.11226890952484157
leaf_weight=2742 29 29 24 45 26 22 22 25 37 653 22 22 24 21 67 94 20 26 36 37 45 42 32 26 20 39 56 22 26 301
leaf_count=2742 29 29 24 45 26 22 22 25 37 653 22 22 24 21 67 94 20 26 36 37 45 42 32 26 20 39 56 22 26 301
internal_value=-6.13965e-10 0.590581 0.220319 0.144661 -0.397703 0.23344 -0.741006 0.319883 1.21989 0.770254 0.568574 -0.458271 0.942441 0.667946 0.728409 0.664733 0.996571 0.813685 0.2449 0.78287 0.403916 0.8302 -0.109011 0.462961 1.35686 1.54876 0.19131 0.270629 0.118655 0.212797
internal_weight=4632 1864 609 585 2768 540 44 496 62 1255 578 51 677 527 506 484 213 193 99 73 271 148 123 78 52 81 434 405 349 327
internal_count=4632 1864 609 585 2768 540 44 496 62 1255 578 51 677 527 506 484 213 193 99 73 271 148 123 78 52 81 434 405 349 327
is_linear=0
shrinkage=0.05


Tree=117
num_leaves=31
num_cat=0
split_feature=3 5 4 5 4 4 6 6 3 7 3 1 3 7 6 3 4 6 6 1 3 7 5 4 4 7 5 5 5 3
split_gain=392748 44765.6 30674.2 19973.9 17491.1 16420.5 57375.1 20719.7 31408.6 15733.1 21291.4 35705.3 17404.7 16758.6 16294.1 15122.2 24818.5 23739.3 29040.8 25180.1 44024.9 21771.1 25783.7 38362.5 30565.9 14103 25630.4 56596.9 17697.5 39021.8
threshold=231.60000000000002 7014.6500000000005 8881.8500000000004 6800.4500000000016 5471.8500000000013 7523.0000000000009 5347.4000000000005 5463.7000000000007 432.80000000000007 3300.6750000000006 596.20000000000016 3.5000000000000004 879.05000000000007 3298.0041666666671 7089.5000000000009 795.30000000000007 10340.150000000003 10035.500000000002 10167.750000000002 4.5000000000000009 834.70000000000016 3220.9750000000008 8708.7000000000025 6951.4000000000005 8308.8500000000022 3309.8125000000005 9185.8500000000004 9866.4500000000025 8616.2000000000025 653.70000000000016
decision_type=2 2 2 2 2 2 2 2 2 2 2 2 2 2 2 2 2 2 2 2 2 2 2 2 2 2 2 2 2 2
left_child=4 2 3 5 -1 7 -7 -2 -9 10 11 -3 25 14 -12 21 17 -17 -19 20 -20 -16 23 -23 -25 26 -11 -28 29 -27
right_child=1 9 -4 -5 -6 6 -8 8 -10 12 13 -13 -14 -15 15 16 -18 18 19 -21 -22 22 -24 24 -26 28 27 -29 -30 -31
leaf_value=-0.39005712927437991 0.18174477270396625 -1.587652297677665 1.9612484594186146 -0.87465039332707717 0.91293411094408761 1.1015782402320342 -2.509488996592435 -0.21018331146240232 2.0839515309076053 2.2842247456312181 2.0228145729411735 1.08357644460418 2.2177100141843158 -0.74949184712909522 1.4016360483386301 1.3420881680985715 2.6233515250682835 -1.2022762555342457 -0.031392519562332716 -0.67014841599897901 2.9117873022953673 -0.59960299802548966 -0.28222761291544884 2.8229347192324123 0.62080052852630618 0.79886105637997396 -1.3453095269203186 2.4162350568175319 0.9502106595658637 -0.83793724322319041
leaf_weight=2742 434 29 24 45 26 22 22 25 37 44 22 22 24 21 44 94 20 26 27 22 24 33 128 26 40 134 20 20 385 50
leaf_count=2742 434 29 24 45 26 22 22 25 37 44 22 22 24 21 44 94 20 26 27 22 24 33 128 26 40 134 20 20 385 50
internal_value=3.59697e-09 0.561052 0.209303 0.137428 -0.377818 0.221768 -0.703955 0.303889 1.1589 0.731741 0.540145 -0.435358 0.895319 0.634548 0.691989 0.631497 0.946743 0.773001 0.232655 0.743726 1.35363 0.383721 0.186415 0.792338 1.48831 0.846717 1.45148 0.535463 0.757437 0.354079
internal_weight=4632 1864 609 585 2768 540 44 496 62 1255 578 51 677 527 506 484 213 193 99 73 51 271 227 99 66 653 84 40 569 184
internal_count=4632 1864 609 585 2768 540 44 496 62 1255 578 51 677 527 506 484 213 193 99 73 51 271 227 99 66 653 84 40 569 184
is_linear=0
shrinkage=0.05


Tree=118
num_leaves=31
num_cat=0
split_feature=3 5 6 6 1 6 3 6 4 4 3 6 7 6 4 7 7 7 7 7 6 4 7 7 6 3 7 7 1 7
split_gain=354557 31350 20127.4 28617.5 30177.7 26663.5 24585.7 35167.9 21425.6 21402.5 29141.1 61329.7 20303.3 19475.5 20427 20661.1 30505.5 23859.4 14565.2 20751.5 20182.4 14564.3 16397.2 13943 14992.8 13515.6 17008.8 34614.2 13057.1 40472.3
threshold=432.80000000000007 2318.4500000000003 9874.4500000000025 9924.1500000000015 3.5000000000000004 9808.5000000000018 817.55000000000007 9650.2000000000025 10340.150000000003 9756.7000000000025 779.15000000000009 8997.1500000000015 3318.8479166666671 9989.3500000000022 9334.8000000000011 3265.7770833333338 3331.1916666666671 3303.8875000000003 3352.6583333333342 3315.0250000000005 10197.250000000002 9550.0500000000011 3295.5645833333338 3418.2000000000003 132.65000000000001 825.80000000000007 3337.6979166666665 3308.8062500000001 2.5000000000000004 3274.8979166666672
decision_type=2 2 2 2 2 2 2 2 2 2 2 2 2 2 2 2 2 2 2 2 2 2 2 2 2 2 2 2 2 2
left_child=1 23 5 -4 8 6 7 9 13 21 11 12 -11 -5 -15 -16 17 -17 19 20 -6 -2 -23 -1 -25 -8 27 -27 29 -3
right_child=2 28 3 4 18 -7 25 -9 -10 10 -12 -13 -14 14 15 16 -18 -19 -20 -21 -22 22 -24 24 -26 26 -28 -29 -30 -31
leaf_value=-0.3922121954947711 0.50106584588184389 -0.69522105216979979 2.4122186504905265 2.332416844616334 -0.90574813756075789 -0.94157771150271108 2.3910084985551379 -1.1709921060069914 2.583896017074585 0.80926493763923646 2.7940693989396097 -0.8220655039344964 2.5004733393589658 1.6208958523614065 -0.83706686496734628 0.46224261124928789 -0.71122877624901859 2.7418572859330612 -0.85368725395202638 1.4820991814136506 0.80612854427761504 0.44475269399840256 -1.3220499594851087 -0.36079728555679325 1.4288947641849519 1.524222595440714 1.8914014748164587 -0.76951628676776229 -0.17564570544596991 0.73328192987862761
leaf_weight=2533 785 70 31 24 33 30 21 31 25 35 22 38 36 49 26 24 22 22 25 35 36 29 24 25 22 38 35 29 307 170
leaf_count=2533 785 70 31 24 33 30 21 31 25 35 22 38 36 49 26 24 22 22 25 35 36 29 24 25 22 38 35 29 307 170
internal_value=6.39576e-10 -0.303482 0.630557 0.961489 0.821388 0.529527 0.568826 0.486777 1.21877 0.539812 1.13414 0.799108 1.66678 1.01441 0.793201 0.361744 0.820112 1.55249 0.22994 0.490427 -0.0125951 0.446904 -0.355309 -0.376379 0.476931 1.23589 0.998074 0.53141 0.0403459 0.316635
internal_weight=4632 3127 1505 352 321 1153 1123 1000 192 969 131 109 71 167 143 94 68 46 129 104 69 838 53 2580 47 123 102 67 547 240
internal_count=4632 3127 1505 352 321 1153 1123 1000 192 969 131 109 71 167 143 94 68 46 129 104 69 838 53 2580 47 123 102 67 547 240
is_linear=0
shrinkage=0.05


Tree=119
num_leaves=31
num_cat=0
split_feature=5 6 3 3 7 5 3 5 3 3 6 7 5 3 6 4 6 4 0 0 1 3 5 4 5 6 4 4 7 7
split_gain=321161 31584.8 23600.4 27956.7 23866.3 21975.7 28071.9 21377.5 21768.3 32463.7 20917.4 32091.6 20274.4 19554.7 16023.9 37535.6 22394.3 28688.6 15849.5 27888.9 23030.4 19574.7 24647.4 24249.6 31229.8 27973.3 19435.7 15865.4 14897.5 16731.8
threshold=5050.2500000000009 5143.5000000000009 451.55000000000001 544.1500000000002 3352.6583333333342 6707.2500000000009 568.1500000000002 7014.6500000000005 599.10000000000002 617.6500000000002 5280.8000000000011 3321.2354166666669 4915.3500000000013 5.4500000000000011 5022.2500000000009 6753.6000000000013 5211.9500000000016 2701.3000000000006 19.500000000000004 20.500000000000004 1.5000000000000002 1.7500000000000002 67.700000000000003 77.750000000000014 55.250000000000007 281.25000000000006 398.00000000000006 19.850000000000005 3201.3583333333331 3225.7062500000006
decision_type=2 2 2 2 2 2 2 2 2 2 2 2 2 2 2 2 2 2 2 2 2 2 2 2 2 2 2 2 2 2
left_child=1 12 4 -4 14 -5 -7 8 -8 -10 -3 -12 13 18 15 -2 -16 -18 -1 20 -20 23 -23 24 27 -26 -25 -21 -15 -30
right_child=2 10 3 5 -6 6 7 -9 9 -11 11 -13 -14 28 16 -17 17 -19 19 21 -22 22 -24 26 25 -27 -28 -29 29 -31
leaf_value=-0.5512080655077306 2.0174435077394759 1.8122313245579047 2.0279077187180521 2.2610803234577181 -1.2626400180931752 -1.068368103981018 1.0336066246032716 0.67145197704845971 -2.2444363594055177 0.38908482170104985 -0.98245026191075646 1.4705421785513559 -1.5967592893108247 0.96085315474442068 -1.0618312929805958 -0.35185755621641879 -0.88205298076976435 1.4489242618734188 -0.69368107463082962 -0.38301012234254317 0.89837913699886374 1.8676819670200349 -0.53231591193572336 -1.2774253093427228 0.0263404304134673 2.1500599037110808 0.20292979081471763 -1.9021212225556372 -0.92063931683441269 -0.16293940112297167
leaf_weight=1010 35 27 36 20 29 25 23 1231 22 25 30 24 31 28 38 32 22 33 31 55 85 20 23 124 69 20 27 25 77 1355
leaf_count=1010 35 27 36 20 29 25 23 1231 22 25 30 24 31 28 38 32 22 33 31 55 85 20 23 124 69 20 27 25 77 1355
internal_value=-7.52216e-10 -0.298266 0.581153 0.65282 0.0571125 0.616042 0.59123 0.623121 -0.226822 -0.843627 0.675923 0.107769 -0.324745 -0.311374 0.296318 0.885837 -0.12839 0.516533 -0.438867 -0.20199 0.472915 -0.417662 0.583962 -0.552255 -0.140828 0.503581 -1.01273 -0.857732 -0.181348 -0.203682
internal_weight=4632 3061 1571 1382 189 1346 1326 1301 70 47 81 54 2980 2949 160 67 93 55 1489 479 116 363 43 320 169 89 151 80 1460 1432
internal_count=4632 3061 1571 1382 189 1346 1326 1301 70 47 81 54 2980 2949 160 67 93 55 1489 479 116 363 43 320 169 89 151 80 1460 1432
is_linear=0
shrinkage=0.05


Tree=120
num_leaves=31
num_cat=0
split_feature=3 4 3 4 3 7 4 3 4 4 1 5 4 4 6 6 5 5 5 5 5 4 5 5 4 5 6 4 7 7
split_gain=291538 34773.4 17646.7 32689.3 20579.2 15927.5 17832.8 16751.4 19910.2 38198.5 30879.8 21660.9 15400.1 14558.5 14359.3 19587 20869.4 22242.4 22564.2 34375.8 22861.6 18855.2 37295.6 33719.4 51518.2 16566.3 23119.7 25156.2 35164.4 26690.8
threshold=231.60000000000002 6982.5500000000002 727.55000000000007 6753.6000000000013 442.40000000000003 3196.420833333334 7051.6000000000013 744.85000000000002 10107.700000000003 9907.8500000000022 1.0000000180025095e-35 8547.0000000000018 5471.8500000000013 5224.0500000000002 2344.4000000000005 2804.1500000000005 4651.6000000000013 4844.1000000000013 4995.7000000000007 5180.7000000000007 5074.3000000000011 3158.6000000000008 6800.4500000000016 5388.6500000000005 2578.3000000000006 7014.6500000000005 7617.2000000000016 5288.0000000000009 3326.7791666666672 3280.6895833333342
decision_type=2 2 2 2 2 2 2 2 2 2 2 2 2 2 2 2 2 2 2 2 2 2 2 2 2 2 2 2 2 2
left_child=12 2 3 14 -5 -3 -7 8 9 10 11 -8 13 -1 -2 -16 -17 -18 -19 20 -20 23 -23 24 -21 -24 27 28 29 -27
right_child=1 5 -4 4 -6 6 7 -9 -10 -11 -12 -13 -14 -15 15 16 17 18 19 21 -22 22 25 -25 -26 26 -28 -29 -30 -31
leaf_value=-0.32529855536855623 -0.8673735577484657 -0.48718695179108651 1.4191051606778746 -2.4016061663627628 -0.13338876068592073 1.9077391928860121 1.8592341088883158 0.7912998215115552 -0.83563504139582323 2.3949963970184327 0.2080572716911219 -0.071920052319765101 0.88562929171782268 -1.4712827580315728 1.1584082505532673 -0.70123332840623342 1.6850349190058531 -0.97251552729993263 0.50779901742935185 1.8704920729001362 2.8984876370429995 2.1568117370972266 -0.8813606782393022 -2.1848143764517522 -1.2151471537928429 1.2438858341425658 -0.99617004944727983 -0.66949210890701849 2.5612822108798561 -0.7907003245971822
leaf_weight=2714 29 31 27 20 20 28 53 694 30 25 383 20 26 28 56 60 27 37 20 24 20 26 33 22 31 40 26 28 27 27
leaf_count=2714 29 31 27 20 20 28 53 694 30 25 383 20 26 28 56 60 27 37 20 24 20 26 33 22 31 40 26 28 27 27
internal_value=-1.43252e-09 0.483385 0.169935 0.111074 -1.2675 0.632175 0.660318 0.631332 0.414076 0.49202 0.387691 1.33015 -0.325517 -0.337001 0.214531 0.276784 0.166581 0.300779 0.197247 0.330831 1.70314 0.137547 0.386025 -0.530437 0.131314 0.131658 0.357533 0.646028 1.03788 0.423978
internal_weight=4632 1864 600 573 40 1264 1233 1205 511 481 456 73 2768 2742 533 504 448 388 361 324 40 284 207 77 55 181 148 122 94 67
internal_count=4632 1864 600 573 40 1264 1233 1205 511 481 456 73 2768 2742 533 504 448 388 361 324 40 284 207 77 55 181 148 122 94 67
is_linear=0
shrinkage=0.05


Tree=121
num_leaves=31
num_cat=0
split_feature=3 4 3 4 3 7 4 3 4 4 1 4 7 6 4 1 6 4 6 7 1 7 7 7 1 4 4 6 6 5
split_gain=263113 31383 15926.1 29502.1 18572.8 14374.5 16094.1 15118.2 17969 34474.2 27869 21444.2 14614.4 14178.1 24759.2 23124.9 18639.4 28749.4 26903.3 18548.2 73249.3 22600.6 28249.3 16733.9 17939.5 13898.6 13139.1 12959.3 17677.3 18834.7
threshold=231.60000000000002 6982.5500000000002 727.55000000000007 6753.6000000000013 442.40000000000003 3196.420833333334 7051.6000000000013 744.85000000000002 10107.700000000003 9907.8500000000022 1.0000000180025095e-35 7474.7000000000016 3302.5666666666671 4989.5500000000002 7260.1500000000005 2.5000000000000004 5211.9500000000016 7474.7000000000016 6574.0000000000009 3267.8666666666668 3.5000000000000004 3318.1333333333337 3363.041666666667 3302.5666666666671 3.5000000000000004 5471.8500000000013 5224.0500000000002 2344.4000000000005 2804.1500000000005 4651.6000000000013
decision_type=2 2 2 2 2 2 2 2 2 2 2 2 2 2 2 2 2 2 2 2 2 2 2 2 2 2 2 2 2 2
left_child=25 2 3 27 -5 -3 -7 8 9 10 11 -8 -13 -12 15 -15 -16 -18 -19 20 -20 23 -23 24 -21 26 -1 -2 -29 -30
right_child=1 5 -4 4 -6 6 7 -9 -10 -11 13 12 -14 14 16 -17 17 18 19 21 -22 22 -24 -25 -26 -27 -28 28 29 -31
leaf_value=-0.30903362398212209 -0.82400489264521115 -0.4628276109695435 1.3481499318723325 -2.2815259075164795 -0.12671934604644775 1.8123522388969182 2.658681137561798 0.75173483524063567 -0.79385329802831017 2.2752465801239015 1.2051834826357664 1.5217506885528564 -0.14146750199794769 -2.1852526690278733 -1.1220506202090872 -0.021911512215932211 1.6676537518438541 -1.5682638046145438 -2.5793770738269974 1.4508029803633691 1.2287715801170895 -0.60926789453155117 1.4356362660725912 2.1127402922014396 -0.31737976621549868 0.84134782988291512 -1.3977186279637475 1.1004878708294459 -0.6661716586351395 0.28573962496305561
leaf_weight=2714 29 31 27 20 20 28 20 694 30 25 32 28 25 21 22 30 38 20 23 32 28 57 24 30 26 26 28 56 60 388
leaf_count=2714 29 31 27 20 20 28 20 694 30 25 32 28 25 21 22 30 38 20 23 32 28 57 24 30 26 26 28 56 60 388
internal_value=1.96974e-10 0.459216 0.161438 0.10552 -1.20412 0.600566 0.627302 0.599765 0.393372 0.467419 0.368306 1.26364 0.737214 0.197654 0.1058 -0.912699 0.278945 0.389815 0.18749 0.347104 -0.488629 0.599308 -0.00337037 1.15405 0.658169 -0.309241 -0.320151 0.203805 0.262944 0.158252
internal_weight=4632 1864 600 573 40 1264 1233 1205 511 481 456 73 53 383 351 51 300 278 240 220 51 169 81 88 58 2768 2742 533 504 448
internal_count=4632 1864 600 573 40 1264 1233 1205 511 481 456 73 53 383 351 51 300 278 240 220 51 169 81 88 58 2768 2742 533 504 448
is_linear=0
shrinkage=0.05


Tree=122
num_leaves=31
num_cat=0
split_feature=4 6 6 4 5 5 4 4 7 5 6 4 5 6 5 6 1 5 5 5 4 4 5 1 3 7 1 6 1 0
split_gain=237749 30371.1 41140.4 46469.7 44475.7 32423 38155.6 27847.9 33723.6 23204.1 26040.1 22936.6 20793.8 31111.4 17392.9 69185.2 38845.1 29740.1 16732.8 16311 24628 23858.8 27393.8 25057.3 22831.3 20239.8 27317.1 34996 27731.3 20161.5
threshold=5008.7000000000007 2627.9000000000005 7246.5500000000002 2841.7500000000005 5344.9500000000007 2765.3000000000006 2632.9500000000003 2978.6000000000004 3300.2250000000004 5344.9500000000007 2438.2000000000003 5122.5500000000011 3115.2500000000005 4896.8500000000013 2494.3500000000008 984.85000000000002 1.5000000000000002 2765.3000000000006 2494.3500000000008 15.250000000000002 528.55000000000007 178.85000000000002 9.2500000000000018 4.5000000000000009 13.950000000000001 3330.5437500000012 3.5000000000000004 9.2500000000000018 1.5000000000000002 17.500000000000004
decision_type=2 2 2 2 2 2 2 2 2 2 2 2 2 2 2 2 2 2 2 2 2 2 2 2 2 2 2 2 2 2
left_child=1 7 3 4 5 18 12 14 -9 10 -2 -11 -7 -14 15 19 -16 -18 -3 21 -21 22 23 -1 25 26 27 -23 -29 -22
right_child=9 2 -4 -5 -6 6 -8 8 -10 11 -12 -13 13 -15 16 -17 17 -19 -20 20 29 24 -24 -25 -26 -27 -28 28 -30 -31
leaf_value=-0.57813105952832122 1.3160453028149075 -0.006884453874645812 -1.3731204509735109 1.1510136389908823 -2.0697363879680633 2.1616016744539657 -0.8057045811261887 -2.6933551722102695 -0.39459006159733506 2.0219710901931482 -0.13097413688113815 0.54963658724540554 -0.91630471249421452 1.1991979386125293 2.3461179828643801 -2.663223189692344 1.0719170979091099 -1.5045934359232584 -1.6246158399889545 -0.31440878454144561 -2.0907908316701653 -1.3300326860469323 1.4300369956276633 0.20245949642998831 1.064911921059384 0.67127807965796249 -1.1033319726586341 -0.46363427817821501 1.8958702087402344 -0.68651261057440693
leaf_weight=387 36 33 40 114 25 29 39 27 39 27 228 1303 24 63 20 31 21 24 31 1486 32 23 22 140 68 76 64 20 33 127
leaf_count=387 36 33 40 114 25 29 39 27 39 27 228 1303 24 63 20 31 21 24 31 1486 32 23 22 140 68 76 64 20 33 127
internal_value=-1.94134e-09 -0.259475 0.147686 0.317609 -0.0717687 0.15631 0.54724 -0.320858 -1.33499 0.494533 0.0663467 0.579526 1.00211 0.615611 -0.294854 -0.315774 0.512652 -0.302222 -0.790473 -0.286407 -0.377692 -0.106139 -0.2986 -0.370764 0.265909 0.0143711 -0.342235 0.298688 1.00549 -0.969135
internal_weight=4632 3038 398 358 244 219 155 2640 66 1594 264 1330 116 87 2574 2509 65 45 64 2478 1645 833 549 527 284 216 140 76 53 159
internal_count=4632 3038 398 358 244 219 155 2640 66 1594 264 1330 116 87 2574 2509 65 45 64 2478 1645 833 549 527 284 216 140 76 53 159
is_linear=0
shrinkage=0.05


Tree=123
num_leaves=31
num_cat=0
split_feature=3 4 3 4 3 7 4 6 5 5 7 7 7 1 0 4 4 7 7 1 4 1 7 6 4 4 5 7 7 7
split_gain=215904 26559.2 13964.2 26694.5 16484.4 12936.3 14859.1 14040.3 30469 16032.7 22955.2 15023.3 65973.4 35115.9 78244.3 30080.8 37513.2 26240.5 25158.3 26224.8 43413.7 32423.2 26798.1 22549.9 22540.2 24713.1 47843.3 22296.8 22221.3 31082.9
threshold=231.60000000000002 6982.5500000000002 727.55000000000007 6753.6000000000013 442.40000000000003 3196.420833333334 7051.6000000000013 10431.050000000001 10078.150000000001 10430.500000000002 3292.2000000000003 3255.8750000000005 3259.0125000000003 3.5000000000000004 12.500000000000002 9386.6500000000015 8563.4000000000015 3264.1458333333344 3267.8666666666668 2.5000000000000004 10274.200000000003 4.5000000000000009 3300.9604166666672 10133.050000000001 7226.4500000000007 10227.300000000001 9895.2500000000018 3245.3812500000008 3339.7770833333338 3348.2604166666674
decision_type=2 2 2 2 2 2 2 2 2 2 2 2 2 2 2 2 2 2 2 2 2 2 2 2 2 2 2 2 2 2
left_child=-1 2 3 -2 -5 -3 -7 9 -9 11 -11 13 -13 14 -8 16 -15 -14 -19 24 22 -22 -21 28 -20 -26 -27 -16 -24 -30
right_child=1 5 -4 4 -6 6 7 8 -10 10 -12 12 17 15 27 -17 -18 18 19 20 21 -23 23 -25 25 26 -28 -29 29 -31
leaf_value=-0.28012760279327026 0.18317569813238524 -0.46277701585523545 1.2532605453773782 -2.1711100113391875 -0.14105906009674071 1.7100526750087739 2.047659581135481 2.7666790693998338 0.36446110913247776 0.30154688033190641 2.5856430768966678 -2.3800045649210615 1.9088056143124899 2.2617182109666909 -1.4893795635642075 2.9474914175271989 -0.69913713574409497 -1.3480239248275758 -0.62816340680475591 -0.57586705258656889 2.9270688752333327 0.37853436538806329 0.83388676763727121 -0.96681498028337964 1.034425017128388 -1.7395641659696897 1.5716424882411957 0.51410504863375717 -1.5619699522301005 0.34785337802207117
leaf_weight=2768 533 31 27 20 20 28 39 22 33 22 22 21 30 23 41 30 20 20 27 124 24 26 156 32 300 24 20 21 27 101
leaf_count=2768 533 31 27 20 20 28 39 22 33 22 22 21 30 23 41 30 20 20 27 124 24 26 156 32 300 24 20 21 27 101
internal_value=-1.60817e-09 0.415983 0.142046 0.0896846 -1.15608 0.546017 0.57138 0.544922 1.32535 0.507597 1.44359 0.47036 0.390736 0.89685 0.292974 1.73235 0.884576 0.454606 0.405088 0.44581 0.205699 1.60183 0.0470471 0.291482 0.762939 0.872124 -0.23447 -0.81078 0.433262 -0.055
internal_weight=4632 1864 600 573 40 1264 1233 1205 55 1150 44 1106 932 174 101 73 43 911 881 861 490 50 440 316 371 344 44 62 284 128
internal_count=4632 1864 600 573 40 1264 1233 1205 55 1150 44 1106 932 174 101 73 43 911 881 861 490 50 440 316 371 344 44 62 284 128
is_linear=0
shrinkage=0.05


Tree=124
num_leaves=31
num_cat=0
split_feature=4 6 6 4 7 7 4 7 7 7 4 7 7 5 3 6 4 7 3 6 3 4 5 6 6 1 6 4 3 6
split_gain=195412 25301 36600.5 41617 27682.8 40569.3 27357.4 30876.8 22465.3 53150.8 20958.2 26739.1 36231.8 29091.7 22000.9 21532.6 20915.1 20477.2 20219.7 17719.3 24613.2 22088 15285.3 14885.9 25579 26567.8 25278.5 19292.4 18615.6 33917.3
threshold=5008.7000000000007 2565.3500000000008 7246.5500000000002 4818.6000000000013 3211.5770833333336 3241.5291666666676 3063.8500000000004 3300.2250000000004 3263.4750000000004 3273.8854166666674 157.20000000000002 3296.0916666666676 3312.1770833333335 5050.2500000000009 412.55000000000001 4956.3500000000013 23.550000000000004 3352.6583333333342 204.25000000000003 2537.1000000000008 392.90000000000003 5122.5500000000011 2532.0500000000006 9874.4500000000025 9924.1500000000015 3.5000000000000004 9808.5000000000018 10340.150000000003 817.55000000000007 9650.2000000000025
decision_type=2 2 2 2 2 2 2 2 2 2 2 2 2 2 2 2 2 2 2 2 2 2 2 2 2 2 2 2 2 2
left_child=1 6 3 4 -3 -6 -1 -8 -7 -10 16 14 -13 15 -12 -14 -11 -15 -2 -20 22 -22 -21 26 -25 27 28 -26 29 -23
right_child=18 2 -4 -5 5 8 7 -9 9 10 11 12 13 17 -16 -17 -18 -19 19 20 21 23 -24 24 25 -27 -28 -29 -30 -31
leaf_value=-0.27002539655276436 -0.72316454044646683 1.9097418075799943 -1.3136232233047487 1.8696077404795468 -2.0309698529865434 1.3385417999540057 -2.851200725815513 -0.38507221579551698 -2.253179622689883 0.17308146306153002 2.4604914078345668 -1.3117929432321997 0.64979058278573532 2.4816822023391722 0.28457400458199639 -1.2072668949357683 -1.8988526696250554 0.36378765162967502 1.6043317717664385 0.64615184786644853 1.9117137566760736 0.39618199675588023 -0.93537421274185195 2.1218287452574702 0.79675611787570455 0.062875324210455261 -1.0553898469607037 2.2860661020278932 0.99443495874482446 -1.2862695249818987
leaf_weight=2566 36 20 40 37 23 35 22 30 24 29 26 34 37 25 21 27 21 21 34 22 27 889 50 31 167 129 30 25 123 31
leaf_count=2566 36 20 40 37 23 35 22 30 24 29 26 34 37 25 21 27 21 21 34 22 27 889 50 31 167 129 30 25 123 31
internal_value=-1.7388e-09 -0.23524 0.125011 0.276446 0.104589 -0.00718479 -0.293034 -1.42843 0.147972 -0.00927299 0.214187 0.452751 0.114769 0.555706 1.48827 -0.133656 -0.697131 1.51482 0.448343 0.475413 0.450227 0.494972 -0.45213 0.468128 0.750277 0.617822 0.375569 0.990677 0.416728 0.339491
internal_weight=4632 3038 420 380 343 323 2618 52 300 265 241 191 144 110 47 64 50 46 1594 1558 1524 1452 72 1425 352 321 1073 192 1043 920
internal_count=4632 3038 420 380 343 323 2618 52 300 265 241 191 144 110 47 64 50 46 1594 1558 1524 1452 72 1425 352 321 1073 192 1043 920
is_linear=0
shrinkage=0.05


Tree=125
num_leaves=31
num_cat=0
split_feature=4 6 6 4 5 5 5 5 4 7 3 6 3 4 5 6 1 5 6 5 4 5 4 4 4 3 3 6 6 3
split_gain=176359 23036.4 33829.2 38568.5 41276.9 28326.6 33805.8 45122.3 23413.9 29499.2 18248.2 15991.7 22213.4 19934.4 15301.7 63508.9 34828.3 26840.5 15296.9 23520.5 28923.6 14720.7 22226.8 21532.5 27095.8 42613.4 21478.6 32947.1 69105.1 44769.1
threshold=5008.7000000000007 2627.9000000000005 7246.5500000000002 2841.7500000000005 5344.9500000000007 2765.3000000000006 3115.2500000000005 4754.3000000000002 2978.6000000000004 3339.2791666666672 204.25000000000003 2537.1000000000008 392.90000000000003 5122.5500000000011 2494.3500000000008 984.85000000000002 1.5000000000000002 2765.3000000000006 2968.8000000000006 5344.9500000000007 2978.6000000000004 15.250000000000002 528.55000000000007 178.85000000000002 100.15000000000002 13.950000000000001 3.7500000000000004 30.200000000000006 76.90000000000002 12.65
decision_type=2 2 2 2 2 2 2 2 2 2 2 2 2 2 2 2 2 2 2 2 2 2 2 2 2 2 2 2 2 2
left_child=1 8 3 4 5 -3 -7 -8 14 -10 -2 -12 -13 -14 15 21 -16 -18 -5 20 -20 23 -23 24 26 -26 -1 29 -29 -28
right_child=10 2 -4 18 -6 6 7 -9 9 -11 11 12 13 -15 16 -17 17 -19 19 -21 -22 22 -24 -25 25 -27 27 28 -30 -31
leaf_value=-0.37326429408141087 -0.68700627287228899 -0.73475314041133977 -1.2479420581460001 2.3001163762807848 -1.9942998552322386 2.0547718580426841 -1.8409780955832937 0.60847182383815068 -2.0322708461342791 0.14686976861953735 1.5241151697495405 -0.42952364898390238 1.8161280799795081 0.44472185428074584 2.2403971660137176 -2.5218055755861344 1.0381552276157198 -1.4095357169707619 1.4681938174096021 1.6765476403803363 -0.90231658575996276 -0.27118069781479331 -0.89317025650972104 0.28012128353551768 -0.36904565427038405 -2.6026068172578154 3.1818228828907014 -2.5155752162933354 0.47491158250500176 0.39063971439997358
leaf_weight=258 36 64 40 20 25 29 23 103 41 25 34 72 27 1425 20 31 21 24 22 41 31 1486 159 284 81 29 20 25 85 51
leaf_count=258 36 64 40 20 25 29 23 103 41 25 34 72 27 1425 20 31 21 24 22 41 31 1486 159 284 81 29 20 25 85 51
internal_value=-6.10537e-10 -0.223478 0.131126 0.285212 -0.0695214 0.150202 0.515603 0.16135 -0.276937 -1.20684 0.425926 0.451642 0.427715 0.470223 -0.253094 -0.272716 0.504313 -0.26728 1.04447 0.777307 0.0816689 -0.244579 -0.3313 -0.073324 -0.256163 -0.957894 -0.0803303 0.337222 -0.204745 1.17689
internal_weight=4632 3038 398 358 244 219 155 126 2640 66 1594 1558 1524 1452 2574 2509 65 45 114 94 53 2478 1645 833 549 110 439 181 110 71
internal_count=4632 3038 398 358 244 219 155 126 2640 66 1594 1558 1524 1452 2574 2509 65 45 114 94 53 2478 1645 833 549 110 439 181 110 71
is_linear=0
shrinkage=0.05


Tree=126
num_leaves=31
num_cat=0
split_feature=3 4 5 5 0 6 4 1 6 1 4 3 3 7 7 3 1 4 4 7 4 6 5 5 5 4 5 4 4 4
split_gain=159592 21110.6 13745 41986.8 61393.3 31495 14964.4 41218.1 30345.4 22722.6 35005.8 25364.8 21433.3 29850.4 33879.7 20603.7 24763.3 22052.1 26992.3 25430.4 21744.3 20431.9 25482 12005.6 14234.1 31703.6 22398.7 19188.3 13131.3 11924.7
threshold=231.60000000000002 6982.5500000000002 2594.6000000000004 2455.1500000000005 16.500000000000004 2438.2000000000003 5288.0000000000009 1.0000000180025095e-35 5048.0000000000009 1.0000000180025095e-35 5202.4000000000005 430.15000000000003 544.1500000000002 3292.7666666666669 3328.7812500000005 392.90000000000003 3.5000000000000004 2289.6500000000005 2442.1500000000001 3326.0687499999999 2949.6500000000005 7381.3000000000011 7246.5500000000002 2964.3000000000006 2738.6000000000008 374.55000000000001 2647.1000000000004 5362.4500000000016 5032.6000000000013 4364.9000000000005
decision_type=2 2 2 2 2 2 2 2 2 2 2 2 2 2 2 2 2 2 2 2 2 2 2 2 2 2 2 2 2 2
left_child=23 2 3 4 -2 -4 9 -8 -9 11 15 -7 -10 -14 -15 16 -11 -17 -19 21 -21 22 -20 24 26 -26 27 28 29 -1
right_child=1 -3 5 -5 -6 6 7 8 12 10 -12 -13 13 14 -16 17 -18 18 19 20 -22 -23 -24 -25 25 -27 -28 -29 -30 -31
leaf_value=-0.26020100214428293 -2.0845356757938864 0.47357555633599441 -1.9140866684913638 2.6352187326266652 1.8331573638319971 -2.0337970313571749 1.7710667997598648 -2.4585966014862062 0.94310101795196533 2.3758507867654166 2.3572354945269498 0.17633335029377659 -2.0420280405453273 1.3971390535083155 -1.2619118022918703 -1.47837592959404 0.053452826359055267 1.9617231255485899 -0.38752392351627352 -0.12278245491907001 1.6258730855584145 -1.7445479869842531 1.5283610096999578 0.63021928209524891 0.20387501881040376 -2.0621463464968133 1.390625254313151 1.2565978698875933 -1.4250228530416886 0.88335727867872826
leaf_weight=2578 20 1264 20 21 20 21 20 20 25 24 22 34 28 23 25 20 22 21 100 32 40 21 21 39 29 33 21 21 24 23
leaf_count=2578 20 1264 20 21 20 21 20 20 25 24 22 34 28 23 25 20 22 21 100 32 40 21 21 39 29 33 21 21 24 23
internal_value=1.03523e-09 0.357645 0.113417 0.824787 -0.125689 0.0329095 0.107938 -0.331656 -0.679213 0.271914 0.431882 -0.667535 -0.32686 -0.74461 0.0122167 0.291158 1.26514 0.11546 0.251105 0.083241 0.848693 -0.304875 -0.055015 -0.240842 -0.25329 -1.00223 -0.235879 -0.248788 -0.260831 -0.250089
internal_weight=4632 1864 600 61 40 539 519 141 121 378 323 55 101 76 48 301 46 255 235 214 72 142 121 2768 2729 62 2667 2646 2625 2601
internal_count=4632 1864 600 61 40 539 519 141 121 378 323 55 101 76 48 301 46 255 235 214 72 142 121 2768 2729 62 2667 2646 2625 2601
is_linear=0
shrinkage=0.05


Tree=127
num_leaves=31
num_cat=0
split_feature=4 6 6 4 5 5 4 4 7 6 4 4 7 6 6 6 1 4 4 5 1 5 5 1 5 6 4 5 5 7
split_gain=144467 18928.1 30282.3 33332.3 36822.5 25226.9 31850.8 22151.9 27279.7 16382.8 21348.8 20363.5 22552.3 22137.2 17499.3 18176.4 21231.1 51995 19112.6 17076 17014 16859.5 16854.3 16697.2 16338.4 26429.3 16304.5 21370.2 15388.3 14873.3
threshold=5008.7000000000007 2627.9000000000005 7246.5500000000002 2841.7500000000005 5344.9500000000007 2765.3000000000006 2632.9500000000003 2978.6000000000004 3339.2791666666672 7246.5500000000002 5288.0000000000009 8848.3000000000011 3298.0041666666671 6968.3000000000002 6891.7000000000016 2438.2000000000003 5.5000000000000009 7137.4000000000005 7474.7000000000016 5344.9500000000007 2.5000000000000004 5765.1500000000005 7014.6500000000005 3.5000000000000004 3115.2500000000005 4896.8500000000013 7226.4500000000007 2532.0500000000006 2494.3500000000008 3311.4062500000005
decision_type=2 2 2 2 2 2 2 2 2 2 2 2 2 2 2 2 2 2 2 2 2 2 2 2 2 2 2 2 2 2
left_child=1 7 3 4 5 28 24 -1 -9 11 -11 13 -13 14 15 -2 18 -18 19 26 -20 -21 -15 -24 -7 -26 27 -17 -3 -29
right_child=9 2 -4 -5 -6 6 -8 8 -10 10 -12 12 -14 22 -16 16 17 -19 20 21 -22 -23 23 -25 25 -27 -28 29 -30 -31
leaf_value=-0.22753106143127289 1.1569568074411816 0.059022849617582376 -1.1856034561619164 0.97078887289359006 -1.8827814779281618 1.9309226422474304 -0.7485844850540162 -1.9489906555268826 0.14656851434707641 1.907496138719412 0.45763564847354643 -0.14867626201538814 2.0028276040636261 -2.03947646856308 1.5457275782119144 0.98198673343285925 -2.6244598428408308 0.78230194137209941 0.08116748764597137 1.9676776749747142 -1.7398417840833251 0.11803823682394894 -1.2537286207789469 0.76491350412368775 -0.85141480614741649 1.0984130172502427 1.064369331427983 -0.037884065417143016 -1.4923569240877708 -1.2830957437816419
leaf_weight=2574 36 33 40 114 25 29 39 41 25 26 1082 21 29 20 22 32 24 21 29 28 23 22 21 20 24 63 35 65 31 38
leaf_count=2574 36 33 40 114 25 29 39 41 25 26 1082 21 29 20 22 32 24 21 29 28 23 22 21 20 24 63 35 65 31 38
internal_value=-1.28303e-09 -0.202265 0.119168 0.264953 -0.064823 0.142706 0.487536 -0.250723 -1.15522 0.385496 0.491658 0.143464 1.0992 0.0338622 0.177556 0.0922874 -0.0286214 -1.03464 0.137815 0.341583 -0.724279 1.15384 -0.849501 -0.269025 0.903128 0.560529 0.102685 -0.146641 -0.692427 -0.497283
internal_weight=4632 3038 398 358 244 219 155 2640 66 1594 1108 486 50 436 375 353 317 45 272 220 52 50 61 41 116 87 170 135 64 103
internal_count=4632 3038 398 358 244 219 155 2640 66 1594 1108 486 50 436 375 353 317 45 272 220 52 50 61 41 116 87 170 135 64 103
is_linear=0
shrinkage=0.05


Tree=128
num_leaves=31
num_cat=0
split_feature=3 6 3 6 1 3 6 4 3 6 7 0 7 1 7 5 4 7 4 5 5 7 5 5 4 5 7 7 7 3
split_gain=130797 17795.7 25080.1 21353.1 21149.4 19311.8 29026 19342.6 25636.5 52602.6 18519.9 14874.3 14189.1 17265.8 14169.9 15774.3 12805.8 14706.7 13409.6 25748.1 18965.4 26289.7 16275 19604.2 14137.3 17346.7 38734.7 12542.9 32762.6 30650.7
threshold=231.60000000000002 9874.4500000000025 868.70000000000016 9808.5000000000018 3.5000000000000004 817.55000000000007 9650.2000000000025 9756.7000000000025 779.15000000000009 8997.1500000000015 3310.9895833333344 12.500000000000002 3394.5541666666672 1.5000000000000002 3248.2229166666671 9666.6000000000022 9550.0500000000011 3295.5645833333338 9283.3500000000022 9104.1500000000015 8670.5000000000018 3296.0916666666676 8586.5000000000018 8361.4000000000015 8848.3000000000011 7040.0500000000011 3307.056250000001 3254.7250000000004 3276.6041666666665 405.9500000000001
decision_type=2 2 2 2 2 2 2 2 2 2 2 2 2 2 2 2 2 2 2 2 2 2 2 2 2 2 2 2 2 2
left_child=-1 3 4 5 14 6 7 12 9 10 -9 -6 16 -14 -3 -16 18 -18 19 20 22 -22 23 24 27 -26 -27 -2 29 -29
right_child=1 2 -4 -5 11 -7 -8 8 -10 -11 -12 -13 13 -15 15 -17 17 -19 -20 -21 21 -23 -24 -25 25 26 -28 28 -30 -31
leaf_value=-0.21803374797063479 0.58670383205880294 -0.16396750376142305 1.775346662831861 -1.0714170463879904 -0.34231276991574666 0.87591658064989542 -1.290752681993669 0.43162956982851031 2.3907083814794365 -0.98185275793075566 2.0546008562430358 0.80274636338396776 0.39761096477508545 -1.591545351346334 2.2480200295862942 0.82231530088090121 0.20957241325542847 -1.4834659384644551 1.2266929646900724 -0.7168072973614309 0.053844872189731136 1.7697529388933768 -1.1833781185746195 1.494143315284483 2.1397335326671603 -1.1104145371395608 1.6818676595334656 -2.3526609824727411 0.220310991774296 -0.29521313323694115
leaf_weight=2768 138 29 43 30 92 123 31 32 22 38 39 41 20 24 23 124 29 23 35 67 41 49 20 31 20 23 27 23 542 85
leaf_count=2768 138 29 43 30 92 123 31 32 22 38 39 41 20 24 23 124 29 23 35 67 41 49 20 31 20 23 27 23 542 85
internal_value=-7.56933e-10 0.323775 0.643967 0.249234 0.486525 0.275967 0.221667 0.256972 0.833792 0.519552 1.32312 0.0106754 0.193845 -0.687383 0.846116 1.04538 0.227474 -0.539271 0.263687 0.232069 0.295707 0.988061 0.227157 0.25889 0.21426 0.895222 0.397418 0.153768 0.0618527 -0.733373
internal_weight=4632 1864 352 1512 309 1482 1359 1328 131 109 71 133 1197 44 176 147 1153 52 1101 1066 999 90 909 889 858 70 50 788 650 108
internal_count=4632 1864 352 1512 309 1482 1359 1328 131 109 71 133 1197 44 176 147 1153 52 1101 1066 999 90 909 889 858 70 50 788 650 108
is_linear=0
shrinkage=0.05


Tree=129
num_leaves=31
num_cat=0
split_feature=4 6 6 4 7 7 4 7 4 6 4 5 5 5 7 5 3 6 3 1 4 5 6 5 1 5 0 4 6 7
split_gain=118422 15827.7 27669.4 29746.4 28629.6 27587.6 20045.8 24532.4 16772.2 24848.7 20443 30947.8 20609.4 21667.5 30729.6 16007.5 14043.1 15186.1 16994.2 20258 16974.3 13251.9 46223.9 27547 13755.1 15965.2 27854.8 16415 15725.3 22802.6
threshold=5008.7000000000007 2627.9000000000005 7246.5500000000002 4818.6000000000013 3220.9750000000008 3245.3812500000008 2978.6000000000004 3339.2791666666672 2841.7500000000005 4914.9500000000007 2632.9500000000003 2765.3000000000006 3115.2500000000005 4995.7000000000007 3283.7375000000006 2494.3500000000008 204.25000000000003 2537.1000000000008 437.00000000000006 2.5000000000000004 5122.5500000000011 2532.0500000000006 984.85000000000002 2765.3000000000006 4.5000000000000009 1.0000000180025095e-35 1.0000000180025095e-35 2234.1000000000008 563.60000000000014 3237.0916666666667
decision_type=2 2 2 2 2 2 2 2 2 2 2 2 2 2 2 2 2 2 2 2 2 2 2 2 2 2 2 2 2 2
left_child=1 6 3 4 -3 -6 21 -8 10 -10 11 15 -13 -14 -15 -7 -2 -18 19 -19 -20 22 24 -23 28 -26 -27 -28 29 -1
right_child=16 2 -4 -5 5 8 7 -9 9 -11 -12 12 13 14 -16 -17 17 18 20 -21 -22 23 -24 -25 25 26 27 -29 -30 -31
leaf_value=-0.80374803904215908 -0.62729365097151868 1.7642434986929101 -1.1364067628234626 1.6571075719945574 -1.7780926681700209 -0.011033952236175537 -1.8406032108679051 0.14663502264022829 1.8276183705176079 -0.068900961371568537 -1.1242300171677659 1.9449030930581301 -0.72324119210243232 -0.65257603555917743 1.8312130805217859 -1.6733195486345462 1.416692889437956 0.43385341785020304 1.6511118866779186 -0.61566953291284277 0.3846159520965447 1.6743088939360211 -2.0016747726334465 -0.47316982652992012 0.35252021694520735 -1.5472016117152048 0.0089871279654964321 -1.2844263562789331 0.6309494091475264 -0.23091854388424196
leaf_weight=196 36 24 40 34 21 30 41 25 31 39 41 23 34 20 33 28 34 90 27 94 1313 28 36 32 212 34 434 26 47 1529
leaf_count=196 36 24 40 34 21 30 41 25 31 39 41 23 34 20 33 28 34 90 27 94 1313 28 36 32 212 34 434 26 47 1529
internal_value=1.14027e-09 -0.183127 0.110804 0.250157 0.102514 -0.0304241 -0.227439 -1.08786 0.101121 0.770986 -0.123236 0.121054 0.613828 0.261935 0.893934 -0.813517 0.349021 0.37158 0.348264 -0.102316 0.410135 -0.205377 -0.222904 0.528987 -0.197062 -0.0104324 -0.166193 -0.0641189 -0.271419 -0.296005
internal_weight=4632 3038 398 358 324 300 2640 66 279 70 209 168 110 87 53 58 1594 1558 1524 184 1340 2574 2514 60 2478 706 494 460 1772 1725
internal_count=4632 3038 398 358 324 300 2640 66 279 70 209 168 110 87 53 58 1594 1558 1524 184 1340 2574 2514 60 2478 706 494 460 1772 1725
is_linear=0
shrinkage=0.05


Tree=130
num_leaves=31
num_cat=0
split_feature=3 6 6 4 7 1 1 7 0 3 5 6 3 7 4 3 5 6 5 3 7 7 5 6 3 1 4 7 7 3
split_gain=107241 15566.5 16655.6 20866.9 12653.4 15342.3 11852.5 32818.6 11404.2 22621.6 25858.8 20648.2 105817 30288.4 28493.8 26318.1 18282.2 17820.8 25657.8 57133.9 29733.8 26102.1 26035.3 26204.6 21184.6 19238.3 19751.9 16684.5 23736.4 17655.5
threshold=231.60000000000002 9072.7000000000025 8997.1500000000015 9756.7000000000025 3394.5541666666672 1.5000000000000002 1.5000000000000002 3310.9895833333344 2.5000000000000004 25.750000000000004 15.250000000000002 59.350000000000001 16.900000000000002 3345.8145833333338 85.350000000000009 0.35000000000000003 1.0000000180025095e-35 67.40000000000002 167.75000000000003 31.250000000000004 3322.1562500000005 3249.9625000000005 206.80000000000004 2.3500000000000005 36.400000000000006 1.5000000000000002 176.15000000000003 3325.514583333334 3347.6145833333335 6.6500000000000012
decision_type=2 2 2 2 2 2 2 2 2 2 2 2 2 2 2 2 2 2 2 2 2 2 2 2 2 2 2 2 2 2
left_child=8 2 3 4 -2 -6 -5 -8 9 11 -11 14 13 -13 16 -15 -1 18 24 20 21 -20 -23 25 -10 -24 -27 29 -29 -16
right_child=1 -3 -4 6 5 -7 7 -9 17 10 -12 12 -14 15 27 -17 -18 -19 19 -21 -22 22 23 -25 -26 26 -28 28 -30 -31
leaf_value=1.0871980763496236 0.19420514988924875 0.48651366739862872 -0.9780615204572678 0.097060612837473553 0.35142356514930728 -1.5236604255934558 -0.02646132057363337 2.5160331137975058 -0.42858248676499749 1.7338046140670778 -0.25650720469495086 -0.82846193988729466 -4.2329851286751881 -0.41270652397953234 -0.72640293862950056 1.9114946160997666 -0.12272362231567342 -0.025346858919084954 -0.85668458532203329 2.4098527133464813 -0.95045598202113879 1.8452380553881327 -0.58827131660211662 -0.94768818225179408 -1.7497858509421349 1.9995305452495815 0.10200464526812236 1.2654086637496951 -1.04558296251297 -2.4261318791996351
leaf_weight=47 1046 668 30 24 20 24 22 30 585 25 47 179 21 29 50 21 93 1283 44 24 79 30 21 35 32 32 24 20 25 22
leaf_count=47 1046 668 30 24 20 24 22 30 585 25 47 179 21 29 50 21 93 1283 44 24 79 30 21 35 32 32 24 20 25 22
internal_value=-6.3003e-11 0.293174 0.185189 0.215118 0.159265 -0.67135 1.01616 1.44036 -0.197427 -0.394761 0.434573 -0.512536 -0.836058 -0.524549 -0.197827 0.563458 0.283464 -0.145231 -0.315 0.0737847 -0.137784 0.207383 0.537095 0.186699 -0.497105 0.70233 1.18631 -0.77373 -0.0184756 -1.24576
internal_weight=4632 1864 1196 1166 1090 44 76 52 2768 579 72 507 250 229 257 50 140 2189 906 289 265 186 142 112 617 77 56 117 45 72
internal_count=4632 1864 1196 1166 1090 44 76 52 2768 579 72 507 250 229 257 50 140 2189 906 289 265 186 142 112 617 77 56 117 45 72
is_linear=0
shrinkage=0.05


Tree=131
num_leaves=31
num_cat=0
split_feature=4 6 6 5 5 5 6 5 5 6 5 5 6 7 4 5 5 7 4 7 3 6 3 4 3 5 5 3 7 3
split_gain=97316.5 13821.4 35520.7 21754.3 24014.9 20144.9 14585.3 46855.1 21290.9 21338.9 15761.3 26148.7 20147.5 54964.2 16363.6 13780.8 15408.8 21704 32623.6 12926.5 12228.5 14049.8 14633.6 16093.9 13781.4 12805 19439.7 20069.7 41767.9 24127.6
threshold=5008.7000000000007 7246.5500000000002 6719.7500000000009 5388.6500000000005 4651.6000000000013 3115.2500000000005 2668.2000000000003 2765.3000000000006 2494.3500000000008 2882.1000000000008 2794.9500000000003 2532.0500000000006 984.85000000000002 3327.8020833333335 57.550000000000004 4844.1000000000013 4995.7000000000007 3271.014583333334 2632.9500000000003 3315.0250000000005 204.25000000000003 2537.1000000000008 392.90000000000003 5122.5500000000011 260.95000000000005 4754.3000000000002 5303.8500000000013 544.1500000000002 3313.4750000000008 573.00000000000011
decision_type=2 2 2 2 2 2 2 2 2 2 2 2 2 2 2 2 2 2 2 2 2 2 2 2 2 2 2 2 2 2
left_child=1 2 3 4 5 6 10 8 9 -8 11 12 -1 -14 -13 -6 -17 -18 -19 -3 -2 -22 24 -24 -23 -25 -27 28 -28 -29
right_child=20 19 -4 -5 15 -7 7 -9 -10 -11 -12 14 13 -15 -16 16 17 18 -20 -21 21 22 23 25 -26 26 27 29 -30 -31
leaf_value=-0.18765519965793553 -0.59466157952944443 -0.19046161592006683 1.4532328486442567 -1.6408243848681452 1.5518543008094035 -1.3850026641573225 1.4277303457260133 1.898346668311528 -1.2433352088226992 -0.78363977789878847 -1.2712392551057479 0.082112135670401834 -2.4363119888937836 0.83589109664871586 2.0334033466520767 -0.68456799767234111 -0.54287751754124958 2.1525878583683689 -0.09011963586653432 -1.9881316483020783 1.3426971014808207 0.093173287717663519 1.5588460810758451 1.5828535223007203 -1.3904418551403543 -0.34569187293450043 2.3520761220795765 -1.1057749200483848 -0.42817093459042638 0.35355814299937433
leaf_weight=2508 36 20 34 25 24 35 24 35 34 20 34 22 33 21 21 33 30 34 31 20 34 49 27 20 23 105 35 29 22 1214
leaf_count=2508 36 20 34 25 24 35 24 35 34 20 34 22 33 21 21 33 30 34 31 20 34 49 27 20 23 105 35 29 22 1214
internal_value=1.47797e-09 -0.166008 -0.153689 -0.172122 -0.159629 -0.193007 -0.177848 0.37842 -0.303598 0.422562 -0.201667 -0.187707 -0.208229 -1.16379 1.03507 0.45238 0.246228 0.569557 1.08299 -1.0893 0.316394 0.337446 0.315019 0.34952 -0.380759 0.326607 0.308724 0.361581 1.279 0.319511
internal_weight=4632 3038 2998 2964 2939 2787 2752 113 78 44 2639 2605 2562 54 43 152 128 95 65 40 1594 1558 1524 1452 72 1425 1405 1300 57 1243
internal_count=4632 3038 2998 2964 2939 2787 2752 113 78 44 2639 2605 2562 54 43 152 128 95 65 40 1594 1558 1524 1452 72 1425 1405 1300 57 1243
is_linear=0
shrinkage=0.05


Tree=132
num_leaves=31
num_cat=0
split_feature=4 3 1 5 4 3 6 0 4 6 7 7 5 7 7 1 6 7 0 0 7 7 4 7 6 5 5 7 4 1
split_gain=88628.6 17767.9 23753.8 23227.1 42029 12727.3 15219.1 23326.5 21502.5 21137.8 20688.2 31234.5 31596.3 27765.9 56779.6 29557.3 17325.4 18808.6 14809.4 39648.7 13951.6 23830 44864.1 44000.9 24659.2 31167.8 13816.9 22111.5 17772.1 12883.2
threshold=6982.5500000000002 617.6500000000002 4.5000000000000009 8503.9500000000025 5087.8500000000013 0.35000000000000003 67.40000000000002 3.5000000000000004 2072.3000000000006 132.65000000000001 3323.7916666666674 3310.9895833333344 103.30000000000003 3267.8666666666668 3295.5645833333338 3.5000000000000004 19.850000000000005 3367.4229166666669 5.5000000000000009 19.500000000000004 3196.420833333334 3228.337500000001 6.6500000000000012 3222.2583333333337 129.95000000000002 2690.4500000000003 437.60000000000008 3228.337500000001 462.00000000000006 5.5000000000000009
decision_type=2 2 2 2 2 2 2 2 2 2 2 2 2 2 2 2 2 2 2 2 2 2 2 2 2 2 2 2 2 2
left_child=1 5 3 4 -3 6 10 -8 9 18 11 12 -1 -14 15 -15 17 -12 -9 -20 -7 22 -22 24 -24 -26 27 -11 29 -29
right_child=-2 2 -4 -5 -6 20 7 8 -10 26 16 -13 13 14 -16 -17 -18 -19 19 -21 21 -23 23 -25 25 -27 -28 28 -30 -31
leaf_value=-0.79111148771250028 0.35701397071265367 -0.97431513130664826 1.7328406424357974 -1.2665119710175887 2.1596896793531335 0.99418368143339952 -0.58732933559885592 -0.094700143887446478 -0.90631312596611679 1.3403246724087259 -0.98395052034776287 1.3171426542874043 -0.56355025347990872 0.81757711280475975 -0.81279315749804182 3.2171441032772976 -1.655727317929268 0.32845045897441039 2.7200380994723394 0.40977310584141657 -2.7027239193518957 -0.047242926733980346 -0.94582054239732249 -2.1721839487552645 2.1349310764899623 -0.33765593528747562 1.1889950305223465 -0.56996945027281487 1.1483117401599885 0.46119423417581457
leaf_weight=212 1264 20 29 23 23 30 186 39 50 23 91 29 78 33 36 21 54 39 26 65 24 1867 27 24 26 25 21 191 20 36
leaf_count=212 1264 20 29 23 23 30 186 39 50 23 91 29 78 33 36 21 54 39 26 65 24 1867 27 24 26 25 21 191 20 36
internal_value=-3.20192e-10 -0.133986 0.540096 0.0160119 0.702013 -0.153552 -0.278984 -0.113234 0.0739888 0.190414 -0.462622 -0.264538 -0.385245 0.12692 0.725328 1.75074 -0.90293 -0.59023 0.720484 1.06985 -0.076048 -0.0921579 -0.757684 -0.300027 0.276021 0.922879 -0.0463869 -0.142472 -0.280546 -0.406437
internal_weight=4632 3368 95 66 43 3273 1250 657 471 421 593 409 380 168 90 54 184 130 130 91 2023 1993 126 102 78 51 291 270 247 227
internal_count=4632 3368 95 66 43 3273 1250 657 471 421 593 409 380 168 90 54 184 130 130 91 2023 1993 126 102 78 51 291 270 247 227
is_linear=0
shrinkage=0.05


Tree=133
num_leaves=31
num_cat=0
split_feature=4 3 6 4 4 5 5 6 6 0 3 5 6 3 7 3 4 7 4 6 5 3 7 7 5 6 3 1 4 4
split_gain=79987.3 16035.5 21707.3 17450.5 12561.6 12277.3 36068.1 49713.5 29600.1 11645.5 19670 23029.7 18511.7 98336.2 27787.3 36842 25950.6 21167.1 19859.3 16596.7 22037.1 51471.5 25430.2 22120.8 23605.7 23730.9 19612.1 17117.3 17608.1 15267.8
threshold=6982.5500000000002 617.6500000000002 8386.4000000000015 5008.7000000000007 7051.6000000000013 4995.7000000000007 5344.9500000000007 5073.5000000000009 5143.5000000000009 2.5000000000000004 25.750000000000004 15.250000000000002 59.350000000000001 15.15 3340.5520833333335 0.65000000000000002 103.65000000000002 3301.6020833333337 62.350000000000009 67.40000000000002 167.75000000000003 31.250000000000004 3322.1562500000005 3249.9625000000005 206.80000000000004 2.3500000000000005 36.400000000000006 1.5000000000000002 176.15000000000003 172.45000000000002
decision_type=2 2 2 2 2 2 2 2 2 2 2 2 2 2 2 2 2 2 2 2 2 2 2 2 2 2 2 2 2 2
left_child=1 9 3 -3 -2 8 7 -7 -6 10 12 -12 16 14 18 -16 -1 -18 -14 20 26 22 23 -22 -25 27 -11 -26 -29 -19
right_child=4 2 -4 -5 5 6 -8 -9 -10 19 11 -13 13 -15 15 -17 17 29 -20 -21 21 -23 -24 24 25 -27 -28 28 -30 -31
leaf_value=0.24642459938603062 1.3500823016961416 0.10434682468573253 -0.41257849994458651 1.8762837720639778 -0.21131900072097781 0.74324423670768747 0.34578901543028273 -2.2878682623947824 2.4764022736322313 -0.37932955559502302 1.6501306457519533 -0.22815599137164178 -1.2428220024704935 -3.5577137265886578 -0.46935894785182813 2.1418038322166963 -1.6414101055690222 -1.3058538293838502 -0.14117669244607289 -0.013809416610830917 -0.77734416614879265 2.3011049270629882 -0.86855478166024902 1.7513551616668701 -0.55459266347544534 -0.90741823911666875 -1.6505516156554223 1.8871335983276367 0.095537831385930388 0.38609878897666933
leaf_weight=155 30 24 38 33 20 24 1138 31 21 585 25 47 90 28 35 22 42 20 75 1788 44 24 79 30 21 35 32 32 24 40
leaf_count=155 30 24 38 33 20 24 1138 31 21 585 25 47 90 28 35 22 42 20 75 1788 44 24 79 30 21 35 32 32 24 40
internal_value=2.59033e-09 -0.127287 0.513092 1.13021 0.339163 0.314587 0.285349 -0.965201 1.16532 -0.145874 -0.349314 0.424027 -0.459137 -0.765464 -0.413289 0.538458 -0.161154 -0.780513 -0.742074 -0.10215 -0.276492 0.0838176 -0.116993 0.202218 0.505745 0.172099 -0.44526 0.662789 1.11931 -0.177885
internal_weight=4632 3368 95 57 1264 1234 1193 55 41 3273 579 72 507 250 222 57 257 102 165 2694 906 289 265 186 142 112 617 77 56 60
internal_count=4632 3368 95 57 1264 1234 1193 55 41 3273 579 72 507 250 222 57 257 102 165 2694 906 289 265 186 142 112 617 77 56 60
is_linear=0
shrinkage=0.05


Tree=134
num_leaves=31
num_cat=0
split_feature=3 6 6 4 4 4 4 6 5 3 7 3 5 3 6 4 5 4 7 6 1 0 4 6 5 7 5 6 5 6
split_gain=72218.7 13572.5 23529.3 69425.5 73780.1 33623 26022.5 20233.5 18851.2 17316.7 22151.4 18102.5 16026.6 15528.5 27492.9 14804.4 24473.8 28542.2 26010 21093.8 12532.8 39919.8 30907.5 19975.4 13033.8 17925.7 13886.5 26999.5 20285.6 15781.7
threshold=221.95000000000002 9874.4500000000025 9989.3500000000022 9386.6500000000015 10064.200000000003 10340.150000000003 9159.5500000000011 9808.5000000000018 9987.0000000000018 859.55000000000007 3314.3020833333335 850.15000000000009 10367.350000000002 817.55000000000007 9650.2000000000025 9756.7000000000025 9371.5500000000011 10084.800000000001 3333.5895833333338 8906.3000000000011 1.0000000180025095e-35 9.5000000000000018 7260.1500000000005 5102.4500000000016 9068.9000000000033 3277.0166666666673 8670.5000000000018 9107.7000000000025 8836.0500000000011 8670.5000000000018
decision_type=2 2 2 2 2 2 2 2 2 2 2 2 2 2 2 2 2 2 2 2 2 2 2 2 2 2 2 2 2 2
left_child=-1 7 3 -3 -5 6 8 13 -4 11 -11 12 -8 14 15 20 17 18 -17 -19 21 -2 23 -23 26 -26 -22 28 -28 -30
right_child=1 2 5 4 -6 -7 9 -9 -10 10 -12 -13 -14 -15 -16 16 -18 19 -20 -21 24 22 -24 -25 25 -27 27 -29 29 -31
leaf_value=-0.16597017650077273 -0.42375925448205742 -0.68421170583793101 1.815252790487174 4.4089019546906156 0.48833410938580829 1.8811837005615235 -0.50858263121710878 -1.1142207392056782 0.033793302956554631 1.6226612091064454 -0.50752565653427784 -1.7195758245885373 0.97033612831779148 0.73574621849428345 -1.3225895566325034 0.29743268489837649 2.2528756855853969 0.54943361878395081 2.3608263842761517 -1.6423641681671144 0.051195488407876945 1.1276294915676117 0.42337730226831305 3.2194137109177454 -1.3779639919598898 0.098002271850903835 1.1647033884244806 2.2672220071156821 0.40304130694518492 -1.4987036621570589
leaf_weight=2714 72 28 33 24 24 30 90 30 27 26 23 24 23 123 31 42 21 21 24 23 878 25 72 21 36 48 34 21 24 20
leaf_count=2714 72 28 33 24 24 30 90 30 27 26 23 24 23 123 31 42 21 21 24 23 878 25 72 21 36 48 34 21 24 20
internal_value=6.42556e-10 0.23485 0.515394 1.29442 2.44862 0.30088 0.10816 0.171791 1.0136 -0.183916 0.622778 -0.472442 -0.207564 0.196908 0.150003 0.183035 0.688749 0.390143 1.04776 -0.596279 0.130079 0.504057 1.07018 2.08257 0.063108 -0.534555 0.114493 0.675864 0.247421 -0.461388
internal_weight=4632 1918 352 76 48 276 246 1566 60 186 49 137 113 1536 1413 1382 131 110 66 44 1251 190 118 46 1061 84 977 99 78 44
internal_count=4632 1918 352 76 48 276 246 1566 60 186 49 137 113 1536 1413 1382 131 110 66 44 1251 190 118 46 1061 84 977 99 78 44
is_linear=0
shrinkage=0.05


Tree=135
num_leaves=31
num_cat=0
split_feature=4 3 3 3 6 5 3 3 3 4 4 5 5 5 5 5 4 4 7 4 7 4 3 1 5 7 7 3 3 6
split_gain=65239.1 14937.1 21325.2 29128.3 11635.6 12369.3 24483 23697.1 18846.2 15154.7 13172.4 28032.8 16785.3 13539.4 15789.8 15541.6 14076.9 13372.8 27319.8 25618.6 24090 19923.8 49412.3 18226.4 47416.6 24800.7 32524.7 39959.5 26327.5 22856.7
threshold=6982.5500000000002 727.55000000000007 653.70000000000016 617.6500000000002 7574.1500000000005 7413.6000000000013 600.75000000000011 466.15000000000003 576.10000000000014 6753.6000000000013 5362.4500000000016 2623.2000000000003 2964.3000000000006 5388.6500000000005 4651.6000000000013 4844.1000000000013 2808.5000000000005 34.95000000000001 3304.3416666666672 42.800000000000004 3196.420833333334 48.600000000000009 4.3500000000000005 4.5000000000000009 356.80000000000001 3225.7062500000006 3246.5500000000002 10.550000000000002 2.0500000000000003 32.250000000000007
decision_type=2 2 2 2 2 2 2 2 2 2 2 2 2 2 2 2 2 2 2 2 2 2 2 2 2 2 2 2 2 2
left_child=1 2 3 4 5 6 7 9 -9 10 13 -12 -13 14 17 -16 -17 18 20 -19 -1 22 -21 25 29 -22 27 -27 -28 -25
right_child=-2 -3 -4 -5 -6 -7 -8 8 -10 -11 11 12 -14 -15 15 16 -18 19 -20 21 23 -23 -24 24 -26 26 28 -29 -30 -31
leaf_value=1.3579421084860099 0.30630359092098813 1.0563581501996075 -1.7127389817010787 1.121523798019328 -1.1470119212354932 0.87061389030948766 -1.5090665325522423 2.0325060183351691 0.18453365048846684 -1.3399693667888641 1.9802591404189234 -1.1503460624001243 0.8028182831677525 -1.3789886382493108 1.5978585370562293 0.4766484829095694 -0.7288222416783825 -1.378809521223108 0.30633609783233362 -0.79609072780609136 -1.5430654026409414 -0.23633889982080769 2.3475485095977784 0.7311938551969307 2.2713307541349663 -0.13453119463390775 -0.092510456127940496 2.5515285038948061 -1.0191579896050531 -0.69510627734808272
leaf_weight=23 1264 27 21 47 28 31 32 22 37 26 23 22 22 22 22 91 33 48 402 25 47 1773 25 43 23 45 159 20 148 81
leaf_count=23 1264 27 21 47 28 31 32 22 37 26 23 22 22 22 22 91 33 48 402 25 47 1773 25 43 23 45 159 20 148 81
internal_value=-9.86846e-10 -0.114955 -0.124421 -0.114374 -0.132121 -0.123364 -0.132952 -0.119113 0.873608 -0.137867 -0.127775 0.565677 -0.173764 -0.143109 -0.13407 0.373129 0.155838 -0.159944 -0.0114368 -0.238603 -0.228321 -0.208581 0.775729 -0.29278 0.186247 -0.46084 -0.324107 0.691949 -0.539233 -0.200502
internal_weight=4632 3368 3341 3320 3273 3245 3214 3182 59 3123 3097 67 44 3030 3008 146 124 2862 991 1871 589 1823 50 566 147 419 372 65 307 124
internal_count=4632 3368 3341 3320 3273 3245 3214 3182 59 3123 3097 67 44 3030 3008 146 124 2862 991 1871 589 1823 50 566 147 419 372 65 307 124
is_linear=0
shrinkage=0.05


Tree=136
num_leaves=31
num_cat=0
split_feature=3 6 6 1 6 4 6 5 7 7 4 3 6 5 5 4 4 7 7 7 3 7 7 5 6 6 5 6 4 4
split_gain=58996.8 11841.4 21902.9 20905.9 18424.9 16091.7 15748.7 18325.3 21281 25144.9 21947.5 13710.3 25028.2 13664.5 21351.9 20485.7 13392.4 13232.2 18222.3 19978.5 12188.9 15040.5 31780.7 10252.3 26900.9 24876.9 34272.3 24802.9 12023.2 10059.4
threshold=221.95000000000002 9874.4500000000025 9924.1500000000015 3.5000000000000004 9808.5000000000018 10340.150000000003 9989.3500000000022 9943.4500000000025 3325.0520833333335 3301.6020833333337 9652.4000000000015 817.55000000000007 9650.2000000000025 9481.7000000000025 9316.3000000000011 9040.4000000000015 9756.7000000000025 3352.6583333333342 3315.0250000000005 3277.0166666666673 825.80000000000007 3337.6979166666665 3308.8062500000001 2738.6000000000008 2837.4000000000001 2968.8000000000006 2623.2000000000003 2668.2000000000003 374.55000000000001 10084.800000000001
decision_type=2 2 2 2 2 2 2 2 2 2 2 2 2 2 2 2 2 2 2 2 2 2 2 2 2 2 2 2 2 2
left_child=23 4 -3 5 11 6 -4 16 9 10 -9 12 13 14 29 -15 -8 18 19 -5 -13 22 -22 25 28 26 27 -1 -25 -2
right_child=1 2 3 17 -6 -7 7 8 -10 -11 -12 20 -14 15 -16 -17 -18 -19 -20 -21 21 -23 -24 24 -26 -27 -28 -29 -30 -31
leaf_value=-0.15355844822577222 0.18721748124641244 1.7434824935851561 1.6905964560806752 0.49959420176113351 -1.0738248689969381 1.8655537996292115 1.7723922671942878 0.64057552090712955 -1.4714258069341835 1.8097192013263701 -1.4697869680144571 1.7806042398725237 -1.2717753200761734 -0.19098835565149785 -1.4091942613775081 1.9375086940968267 0.13642536157911475 -1.1733852128982545 1.037025636264256 -1.2021836276565281 0.9702761334710216 1.2978475652422226 -1.2275748821168111 -0.48112611770629887 0.76650792902166198 -1.807605557821014 1.8023803513983023 1.2471416164189577 -1.954873438515971 -0.58178011385554618
leaf_weight=2559 1270 31 24 34 30 25 29 28 22 20 22 21 31 20 22 26 22 25 35 35 38 35 29 25 22 22 23 32 31 44
leaf_count=2559 1270 31 24 34 30 25 29 28 22 20 22 21 31 20 22 26 22 25 35 35 38 35 29 25 22 22 23 32 31 44
internal_value=9.6294e-11 0.212266 0.474309 0.351741 0.153365 0.682488 0.505382 0.306465 -0.114959 0.31136 -0.287984 0.177333 0.13326 0.164776 0.135603 1.01208 1.06668 -0.140535 0.107747 -0.363626 0.683644 0.457799 0.0189675 -0.15001 -0.714949 -0.133293 -0.119202 -0.136259 -1.29695 0.161467
internal_weight=4632 1918 352 321 1566 192 167 143 92 70 50 1536 1413 1382 1336 46 51 129 104 69 123 102 67 2714 78 2636 2614 2591 56 1314
internal_count=4632 1918 352 321 1566 192 167 143 92 70 50 1536 1413 1382 1336 46 51 129 104 69 123 102 67 2714 78 2636 2614 2591 56 1314
is_linear=0
shrinkage=0.05


Tree=137
num_leaves=31
num_cat=0
split_feature=4 3 3 3 4 5 5 6 6 6 3 6 0 4 6 1 7 7 5 7 7 1 1 6 6 7 0 1 7 7
split_gain=54378.9 13169.6 19499.9 25674.7 11062.1 11300.6 32000.4 44944.9 26578.7 10807.9 11199.2 13547.9 19117.7 21105.6 18933.8 25755.6 18327.3 27476 27662 24346.2 50818 26531.5 16228.2 19151.7 15536.7 17065.4 13569.4 14247.9 18185.2 13717
threshold=6982.5500000000002 727.55000000000007 653.70000000000016 617.6500000000002 7051.6000000000013 4995.7000000000007 5344.9500000000007 5073.5000000000009 5143.5000000000009 7574.1500000000005 0.35000000000000003 67.40000000000002 4.5000000000000009 2072.3000000000006 132.65000000000001 5.5000000000000009 3323.7916666666674 3310.9895833333344 103.30000000000003 3267.8666666666668 3295.5645833333338 3.5000000000000004 2.5000000000000004 108.35000000000001 19.850000000000005 3367.4229166666669 22.500000000000004 4.5000000000000009 3299.6583333333333 3303.5229166666668
decision_type=2 2 2 2 2 2 2 2 2 2 2 2 2 2 2 2 2 2 2 2 2 2 2 2 2 2 2 2 2 2
left_child=1 2 3 9 -2 8 7 -7 -6 10 11 16 -13 14 15 22 17 18 -1 -20 21 -21 -14 -24 25 -18 27 29 -29 -16
right_child=4 -3 -4 -5 5 6 -8 -9 -10 -11 -12 12 13 -15 26 -17 24 -19 19 20 -22 -23 23 -25 -26 -27 -28 28 -30 -31
leaf_value=-0.70959544339269964 1.2283123044172923 0.99487978087531204 -1.6326619125547865 1.0560867279133899 -0.23171066999435427 0.67505285143852234 0.28546531349788823 -2.2070213544753292 2.3151445239427546 -1.0990222109215599 -0.038928983998321523 -0.42893939634119915 0.48339328780060725 -0.83251361715793615 0.34986192477055089 -0.71872898529876361 -0.89640119665271634 1.26684231840331 -0.49717275003592176 0.79570642312367756 -0.7454069776667489 3.0691332249414351 0.94798384262965285 3.0060124683380129 -1.5303674759136308 0.35370385048863218 -0.83143165906270355 0.0051781612399377326 1.5968897794975954 -0.62170865079935866
leaf_weight=212 30 27 21 47 20 24 1138 31 21 28 1995 240 42 50 78 22 91 29 78 33 36 21 26 20 54 39 39 38 34 68
leaf_count=212 30 27 21 47 20 24 1138 31 21 28 1995 240 42 50 78 22 91 29 78 33 36 21 26 20 54 39 39 38 34 68
internal_value=-2.72046e-09 -0.104951 -0.11384 -0.104233 0.279649 0.256586 0.228536 -0.949389 1.07278 -0.120895 -0.112455 -0.229802 -0.0734164 0.131201 0.262497 0.811439 -0.403065 -0.216625 -0.329838 0.149381 0.709727 1.67982 1.19398 1.84278 -0.817489 -0.52137 0.0275418 0.181211 0.75682 -0.10265
internal_weight=4632 3368 3341 3320 1264 1234 1193 55 41 3273 3245 1250 657 417 367 110 593 409 380 168 90 54 88 46 184 130 257 218 72 146
internal_count=4632 3368 3341 3320 1264 1234 1193 55 41 3273 3245 1250 657 417 367 110 593 409 380 168 90 54 88 46 184 130 257 218 72 146
is_linear=0
shrinkage=0.05


Tree=138
num_leaves=31
num_cat=0
split_feature=6 3 5 4 3 7 7 3 5 7 7 0 6 1 7 0 1 6 4 4 3 7 6 0 7 6 3 7 7 6
split_gain=49372 10991 10497.2 25517.9 19376.4 30358.6 23372.1 22420.5 19041.1 18196.5 31838 23641.1 32095.9 24558.8 22295.6 21614.2 22902.7 21536.4 24326.4 21354.2 18061.9 16539 13333.2 26436 20832.5 20007.7 13047.8 22411 40020 17107.5
threshold=6891.7000000000016 15.550000000000002 2.3500000000000005 136.80000000000004 7.0500000000000007 3299.3145833333342 3272.1583333333333 11.65 77.350000000000009 3331.9354166666676 3318.8479166666671 4.5000000000000009 95.850000000000009 4.5000000000000009 3366.2208333333342 20.500000000000004 1.5000000000000002 177.30000000000004 152.35000000000002 290.4500000000001 7.0500000000000007 3300.9604166666672 346.90000000000003 5.5000000000000009 3304.7541666666675 500.00000000000006 7.3500000000000005 3307.056250000001 3271.6479166666672 177.30000000000004
decision_type=2 2 2 2 2 2 2 2 2 2 2 2 2 2 2 2 2 2 2 2 2 2 2 2 2 2 2 2 2 2
left_child=1 2 9 22 8 6 -6 -7 -5 10 11 21 20 17 15 16 -11 -14 -19 -16 -13 -1 26 24 -24 -25 29 28 -28 -4
right_child=-2 -3 3 4 5 7 -8 -9 -10 14 -12 12 13 -15 19 -17 -18 18 -20 -21 -22 -23 23 25 -26 -27 27 -29 -30 -31
leaf_value=-0.75946880162747443 0.26162030840944067 0.00099780614768499374 -0.11555980950860041 -0.8693684639081255 -1.291152553054105 -3.4075384020805362 0.94677388191223144 -1.0400244057178498 -0.16506020535991806 0.18036907185678897 -1.4186694000078286 -0.48064655131156298 1.7028991619745892 2.4873887470790321 -0.75147641534898801 -0.33479147112887842 2.1431929611024403 -0.92058891500196161 1.3160601484775545 1.1762306418642401 1.1539781367778779 0.70320999311364218 -1.1555390926202138 2.3370409552628799 0.92775436997413641 0.2495235253464092 1.1802785325050356 1.249619984254241 -1.2228950674940902 -0.80158400389186135
leaf_weight=121 1298 1460 448 142 28 20 20 20 296 23 46 109 27 21 51 23 42 31 20 20 20 23 30 24 20 22 30 42 41 114
leaf_count=121 1298 1460 448 142 28 20 20 20 296 23 46 109 27 21 51 23 42 31 20 20 20 23 30 24 20 22 30 42 41 114
internal_value=-5.0708e-11 -0.101855 -0.181985 -0.260915 -0.529422 -1.20646 -0.358683 -2.22378 -0.393398 -0.00456414 -0.17774 -0.0242914 0.29248 0.96966 0.450703 0.982527 1.44866 0.561041 -0.0434716 -0.20846 -0.227216 -0.525846 -0.0777306 0.473619 -0.322222 1.33866 -0.156145 0.334104 -0.20747 -0.254718
internal_weight=4632 3334 1874 1297 526 88 48 40 438 577 418 372 228 99 159 88 65 78 51 71 129 144 771 96 50 46 675 113 71 562
internal_count=4632 3334 1874 1297 526 88 48 40 438 577 418 372 228 99 159 88 65 78 51 71 129 144 771 96 50 46 675 113 71 562
is_linear=0
shrinkage=0.05


Tree=139
num_leaves=31
num_cat=0
split_feature=4 3 3 3 7 7 4 6 5 5 7 7 7 1 0 4 4 7 5 7 1 4 1 6 7 6 6 4 5 4
split_gain=44999 11494.9 18026.9 22530.7 10397.4 10293.7 11882.3 11928.6 26410.5 11971.3 19784.6 15563.5 56917.6 31652.5 70196.9 25107.7 35000 25018.1 22424.6 22110.9 21019.3 36962.8 27634 22306 24049 22904.4 38729 20686.6 42257.9 21801.9
threshold=6982.5500000000002 727.55000000000007 653.70000000000016 617.6500000000002 3437.7812500000005 3196.420833333334 7051.6000000000013 10431.050000000001 10078.150000000001 10430.500000000002 3292.2000000000003 3255.8750000000005 3259.0125000000003 3.5000000000000004 12.500000000000002 9386.6500000000015 8563.4000000000015 3264.1458333333344 9220.3500000000022 3267.8666666666668 2.5000000000000004 10274.200000000003 4.5000000000000009 10035.500000000002 3316.077083333334 9874.4500000000025 9756.2000000000025 10227.300000000001 9895.2500000000018 7226.4500000000007
decision_type=2 2 2 2 2 2 2 2 2 2 2 2 2 2 2 2 2 2 2 2 2 2 2 2 2 2 2 2 2 2
left_child=1 2 3 4 -1 -2 -7 9 -9 11 -11 13 -13 14 -8 16 -15 -14 -16 -19 27 23 -23 25 -25 26 -22 29 -29 -21
right_child=5 -3 -4 -5 -6 6 7 8 -10 10 -12 12 17 15 18 -17 -18 19 -20 20 21 22 -24 24 -26 -27 -28 28 -30 -31
leaf_value=-0.1184251914827156 -0.64548771304468966 0.93205482871444145 -1.5641097829455424 0.99241943169147417 0.84922511747905194 1.295261179975101 1.7095435099724012 2.3146074276078834 0.078095170584591964 -0.03249278583309867 2.0880012615160513 -2.4678329195295063 1.5849795138835907 1.9697758861210037 -0.2422127046083149 2.5242528788248699 -0.89018126159906397 -1.5268026834726334 -2.1944411996752025 -0.78513529852584563 -0.052844416570884213 2.4516068319479629 0.098810634704736569 -2.170638894396169 -0.19186478222117706 1.1757132078794872 -2.3199914574623111 -1.9935467334308972 1.1183835721015931 0.69823139209548635
leaf_weight=3245 31 27 21 47 28 28 39 22 33 22 22 21 30 23 38 30 20 20 24 27 324 24 26 28 34 34 20 24 20 300
leaf_count=3245 31 27 21 47 28 28 39 22 33 22 22 21 30 23 38 30 20 20 24 27 324 24 26 28 34 34 20 24 20 300
internal_value=-1.28499e-09 -0.0954717 -0.103776 -0.0945385 -0.110147 0.25439 0.277014 0.253354 0.9727 0.21895 1.02775 0.186774 0.105731 0.620864 0.0475399 1.41409 0.639563 0.165056 -0.997914 0.116704 0.154881 -0.0600833 1.22815 -0.206474 -1.0855 -0.0622941 -0.184655 0.438796 -0.579033 0.575752
internal_weight=4632 3368 3341 3320 3273 1264 1233 1205 55 1150 44 1106 932 174 101 73 43 911 62 881 861 490 50 440 62 378 344 371 44 327
internal_count=4632 3368 3341 3320 3273 1264 1233 1205 55 1150 44 1106 932 174 101 73 43 911 62 881 861 490 50 440 62 378 344 371 44 327
is_linear=0
shrinkage=0.05


Tree=140
num_leaves=31
num_cat=0
split_feature=4 3 3 3 6 3 7 3 5 5 5 6 4 7 7 7 5 5 6 5 4 7 1 5 3 5 7 5 3 5
split_gain=40611.6 10374.2 16269.3 20334 10122.2 11132.3 43422.1 30476.2 15534.7 12089.2 31953.9 27197.3 14222.4 10213.5 9442.29 10160.9 15205 29774.1 10953.1 14191.4 10501.2 28218.8 23902.5 23217.4 19102.4 21215.9 18853.3 24440.4 24120.1 22175.4
threshold=6982.5500000000002 727.55000000000007 653.70000000000016 617.6500000000002 7574.1500000000005 600.75000000000011 3280.6895833333342 568.1500000000002 5507.4000000000005 5074.3000000000011 5180.7000000000007 5022.2500000000009 5902.8000000000011 3330.0083333333337 3437.7812500000005 3399.479166666667 337.65000000000003 50.95000000000001 5143.5000000000009 4915.3500000000013 21.350000000000005 3304.3416666666672 4.5000000000000009 346.90000000000003 1.7500000000000002 57.550000000000004 3285.5000000000005 187.45000000000002 2.0500000000000003 437.60000000000008
decision_type=2 2 2 2 2 2 2 2 2 2 2 2 2 2 2 2 2 2 2 2 2 2 2 2 2 2 2 2 2 2
left_child=1 2 3 4 5 7 -7 8 9 12 -11 -12 14 -9 15 18 17 -17 19 20 21 22 26 -24 25 -23 29 28 -28 -1
right_child=-2 -3 -4 -5 -6 6 -8 13 -10 10 11 -13 -14 -15 -16 16 -18 -19 -20 -21 -22 24 23 -25 -26 -27 27 -29 -30 -31
leaf_value=0.017397760069419326 0.24167019088717204 0.88545200206615304 -1.4859042934009008 0.94279849416715045 -1.0512308508157731 0.7522132378816605 -2.5030991645086385 0.56867722688719291 -1.3750520418087642 2.172744996207101 1.0451086474789513 -0.75726955905370419 -1.3552335951639261 1.9363351750373843 0.80676386186054772 -1.5480047607421876 -1.8289805838039943 0.7549309024587274 0.72111592143774039 -1.4070515348797752 -0.16677393200673685 0.61712714319782602 0.099879114584879844 1.877872282266617 0.73476299941044387 -0.5713690157289858 -0.62450579654338756 0.18861513243002051 -2.3923271342686245 -1.2397017758067062
leaf_weight=243 1264 27 21 47 28 20 21 43 24 21 36 50 23 20 28 25 21 32 40 21 1952 70 111 22 188 81 43 34 35 41
leaf_count=243 1264 27 21 47 28 20 21 43 24 21 36 50 23 20 28 25 21 32 40 21 1952 70 111 22 188 81 43 34 35 41
internal_value=-1.55182e-09 -0.0906981 -0.0985868 -0.0898115 -0.10464 -0.0964719 -0.915142 -0.0859958 -0.107835 -0.098078 0.424188 -0.00278566 -0.116644 1.00285 -0.107106 -0.115754 -0.678858 -0.255129 -0.100509 -0.112077 -0.102433 0.042259 -0.18596 0.393983 0.398388 -0.0204105 -0.380738 -0.93011 -1.41776 -0.164085
internal_weight=4632 3368 3341 3320 3273 3245 41 3204 3141 3117 107 86 3010 63 2987 2959 78 57 2881 2841 2820 868 529 133 339 151 396 112 78 284
internal_count=4632 3368 3341 3320 3273 3245 41 3204 3141 3117 107 86 3010 63 2987 2959 78 57 2881 2841 2820 868 529 133 339 151 396 112 78 284
is_linear=0
shrinkage=0.05


Tree=141
num_leaves=31
num_cat=0
split_feature=4 5 5 4 5 5 6 5 5 4 7 7 1 3 4 4 7 7 3 6 3 7 5 3 5 3 3 3 4 4
split_gain=37543.2 24648.7 25420.4 18837.9 36462.5 20344.5 28266.2 26380.4 21333.5 28819.8 26573.7 17873.2 20810 19827.2 16293.8 29418.4 22390.7 15087.6 20756.2 14990.4 14566.6 37656.7 20746.2 17615.9 14872.5 21166.3 21738.8 13049.2 10829.7 23116.2
threshold=2841.7500000000005 5344.9500000000007 5239.6500000000005 2978.6000000000004 271.30000000000007 2532.0500000000006 2777.9000000000005 5344.9500000000007 5143.5000000000009 6982.5500000000002 3247.4541666666673 3286.6458333333335 2.5000000000000004 235.90000000000001 2676.1000000000008 2605.4000000000005 3285.0916666666672 3299.6583333333333 439.85000000000008 5143.5000000000009 544.1500000000002 3313.4750000000008 6707.2500000000009 568.1500000000002 7014.6500000000005 599.10000000000002 617.6500000000002 32.250000000000007 34.95000000000001 42.800000000000004
decision_type=2 2 2 2 2 2 2 2 2 2 2 2 2 2 2 2 2 2 2 2 2 2 2 2 2 2 2 2 2 2
left_child=1 2 14 -2 -5 6 -6 8 9 10 -7 -12 -13 -14 15 19 -16 -11 -19 28 21 -9 -22 -24 25 -25 -27 -18 -1 -30
right_child=3 -3 -4 4 5 7 -8 20 -10 17 11 12 13 -15 16 -17 27 18 -20 -21 22 -23 23 24 -26 26 -28 -29 29 -31
leaf_value=0.0085718717858360698 1.1862049269676209 -1.6782085819244388 1.674973132610321 -1.8725885851816699 1.5418264723029631 -2.2295509147644044 -0.49846004322171211 1.988145657487818 -1.3759540349245072 -0.11750886569152008 0.64252580819945593 0.16703044717962093 -0.45724756918847564 -2.4085049173106317 0.38966647494922985 1.7256001732566142 -0.65504182457923887 2.2499221384525301 0.097464443388439362 1.0843976295911348 1.7897597193717958 -0.52383428955078126 -1.1473835453987122 0.72650662712428882 0.23287078098951561 -2.2708886211568657 -0.11584643745422363 -2.4197018937631087 -1.2817199842073024 -0.16814711367950941
leaf_weight=991 45 25 20 22 58 20 24 37 40 37 38 44 30 23 22 22 20 24 21 26 20 25 25 23 1231 22 25 22 48 1602
leaf_count=991 45 25 20 22 58 20 24 37 40 37 38 44 30 23 22 22 20 24 21 26 20 25 25 23 1231 22 25 22 48 1602
internal_value=-9.83599e-11 -0.115246 -0.101155 0.175823 0.150408 0.175595 0.944669 0.138169 -0.307869 -0.127602 -0.528637 -0.27665 -0.636739 -1.30402 -0.114059 -0.0952927 -0.902525 0.630452 1.24544 -0.110313 0.225919 0.975251 0.191403 0.167295 0.192558 -0.516372 -1.12459 -1.57939 -0.122075 -0.200542
internal_weight=4632 2798 2773 1834 1789 1767 82 1685 277 237 155 135 97 53 2753 2689 64 82 45 2667 1408 62 1346 1326 1301 70 47 42 2641 1650
internal_count=4632 2798 2773 1834 1789 1767 82 1685 277 237 155 135 97 53 2753 2689 64 82 45 2667 1408 62 1346 1326 1301 70 47 42 2641 1650
is_linear=0
shrinkage=0.05


Tree=142
num_leaves=31
num_cat=0
split_feature=3 6 5 5 7 5 7 6 6 4 5 1 7 5 7 7 1 3 4 4 5 7 7 7 5 5 3 5 5 5
split_gain=33906.3 10088.2 19138.4 12587.5 18157.1 12463.9 15497.3 9349.14 23939.6 14046.1 10668.6 44177.1 15104.1 9949.42 10259 37386.1 26371.1 27343.7 23911.3 23678.2 21106.2 27919.9 17746.7 50660.6 20506.6 16915.9 16343.4 14928 11441.5 54291.6
threshold=221.95000000000002 10431.050000000001 10078.150000000001 10430.500000000002 3286.6458333333335 10269.000000000002 3315.7000000000007 2344.4000000000005 2466.2500000000005 176.15000000000003 4106.2500000000009 1.5000000000000002 3288.8770833333342 4651.6000000000013 3254.7250000000004 3259.0125000000003 3.5000000000000004 815.05000000000007 8518.2000000000025 7328.1000000000013 5303.8500000000013 3215.3812499999999 3263.4750000000004 3267.8666666666668 8431.4500000000025 5388.6500000000005 727.55000000000007 8990.2000000000025 9920.1500000000015 9962.7500000000018
decision_type=2 2 2 2 2 2 2 2 2 2 2 2 2 2 2 2 2 2 2 2 2 2 2 2 2 2 2 2 2 2
left_child=-1 3 -3 5 -5 7 -7 -2 -9 -10 11 -11 -13 -12 16 -16 17 18 19 25 -18 -22 24 -24 -17 -15 -23 -20 -25 -30
right_child=1 2 -4 4 -6 6 -8 8 9 10 13 12 -14 14 15 22 20 -19 27 -21 21 26 23 28 -26 -27 -28 -29 29 -31
leaf_value=-0.1137221797797678 -0.6331862044961829 1.929330871416175 0.050463380777474615 -0.15579158663749695 1.8654339491724969 -1.438187084879194 0.3351534713398327 1.8794896817207338 -0.79847312019421501 2.2911494507871826 -0.76973583380381272 0.98856008641421811 -0.72518301915066941 0.66624513589418854 -1.5716344501032975 0.15362306404113771 2.334851991547191 1.4712053546538719 -0.43330817818641665 1.6783884548005603 -0.51039637129972959 0.47944043109960416 -1.8657968468964101 0.093813131883581147 2.301641749292612 -1.0507516711950302 2.0414451035586274 -2.1714488551730202 2.9877071988582613 0.16697451230780833
leaf_weight=2714 38 23 33 20 25 28 22 20 39 29 30 20 36 26 33 25 23 26 30 21 34 34 32 1029 20 32 33 21 20 116
leaf_count=2714 38 23 33 20 25 28 22 20 39 29 30 20 36 26 33 25 23 26 30 21 34 34 32 1029 20 32 33 21 20 116
internal_value=5.34023e-10 0.160919 0.822141 0.141032 0.967111 0.120574 -0.657917 0.142602 0.159652 0.139526 0.161431 0.707152 -0.113132 0.132165 0.149565 0.0893811 0.423618 -0.00899907 -0.30504 0.239804 0.967877 0.656586 0.133514 0.0968683 1.1083 -0.281063 1.24879 -1.14901 0.150778 0.581788
internal_weight=4632 1918 56 1862 45 1817 50 1767 1729 1709 1670 85 56 1585 1555 1275 280 156 130 79 124 101 1242 1197 45 58 67 51 1165 136
internal_count=4632 1918 56 1862 45 1817 50 1767 1729 1709 1670 85 56 1585 1555 1275 280 156 130 79 124 101 1242 1197 45 58 67 51 1165 136
is_linear=0
shrinkage=0.05


Tree=143
num_leaves=31
num_cat=0
split_feature=6 0 6 7 7 5 3 4 5 6 5 7 5 7 6 6 5 3 7 7 5 6 3 1 4 6 1 6 0 7
split_gain=31136.4 9113.92 16749.9 16960.6 25297.9 24552.7 41729.5 14542.8 23139.8 16930.3 16824.2 16228.9 16203.7 19202.3 13805.4 13328.6 17917.7 46078.9 21771.4 18883.3 21225.1 21502.6 18585.8 14352.7 15048.5 14212.1 54895.5 38023.4 24212.3 21454.4
threshold=6891.7000000000016 2.5000000000000004 540.10000000000014 3211.5770833333336 3264.1458333333344 21.350000000000005 21.250000000000004 130.75000000000003 115.75000000000001 227.10000000000002 259.55000000000007 3294.0833333333335 271.30000000000007 3322.1562500000005 34.250000000000007 67.40000000000002 167.75000000000003 31.250000000000004 3322.1562500000005 3249.9625000000005 206.80000000000004 2.3500000000000005 36.400000000000006 1.5000000000000002 176.15000000000003 117.25000000000001 5.5000000000000009 108.35000000000001 22.500000000000004 3343.4562500000006
decision_type=2 2 2 2 2 2 2 2 2 2 2 2 2 2 2 2 2 2 2 2 2 2 2 2 2 2 2 2 2 2
left_child=1 2 3 -1 -5 6 -6 9 -9 11 -10 -7 13 -13 -15 16 22 18 19 -18 -21 23 -3 -22 -25 26 27 -17 -27 -30
right_child=-2 15 -4 4 5 7 -8 8 10 -11 -12 12 -14 14 -16 25 17 -19 -20 20 21 -23 -24 24 -26 28 -28 -29 29 -31
leaf_value=1.2242821431159974 0.20776173349969285 -0.288095273009987 -1.5544473985830942 -0.92316692313261806 0.043075815579572393 0.91000162904912774 2.2046853123715633 -1.8051737580543912 0.70900907699878402 -1.2779374664792649 -1.057309478521347 -0.93047409398215164 -1.3449034347534181 -0.12587409496307375 1.5357726950645447 0.41422831100367363 -0.67489461021667185 2.2227173606554671 -0.76060281478905978 1.6917199993133545 -0.45344819767134531 -0.83337326935359413 -1.5256098553538324 1.789154488965869 0.13288862605889637 0.022641435185730807 -1.2792577385902406 2.2257979226112368 -0.36748185652606891 -2.2558928489685059
leaf_weight=20 1298 585 24 113 129 44 27 39 26 26 28 28 25 25 25 168 44 24 79 30 21 35 32 32 24 1531 41 35 53 21
leaf_count=20 1298 585 24 113 129 44 27 39 26 26 28 28 25 25 25 168 44 24 79 30 21 35 32 32 24 1531 41 35 53 21
internal_value=-1.39642e-09 -0.0808862 -0.261213 -0.20529 -0.258732 -0.0808143 0.417201 -0.372883 -0.87712 -0.101819 -0.20686 0.106202 -0.237169 0.117874 0.704949 -0.0429881 -0.200099 0.124795 -0.065206 0.230151 0.510587 0.194212 -0.352278 0.661297 1.07933 0.0339954 0.389523 0.726568 -0.0200537 -0.903382
internal_weight=4632 3334 579 555 535 422 156 266 93 173 54 147 103 78 50 2755 906 289 265 186 142 112 617 77 56 1849 244 203 1605 74
internal_count=4632 3334 579 555 535 422 156 266 93 173 54 147 103 78 50 2755 906 289 265 186 142 112 617 77 56 1849 244 203 1605 74
is_linear=0
shrinkage=0.05


Tree=144
num_leaves=31
num_cat=0
split_feature=4 5 5 4 5 5 6 3 3 6 6 5 5 3 7 5 7 4 3 4 4 7 6 5 3 3 3 3 4 5
split_gain=28150.3 22279 22125.5 17708.9 31654.8 19229.4 43196 29786.3 17525.8 16571.9 15588.3 16041.8 30109.2 21304.1 49582.4 19172.5 15597.9 19740.6 15500.6 14905.9 26086.3 20164.5 13016.5 12899.1 19120.8 19586.2 12526.6 11845 10746.1 40850.5
threshold=2841.7500000000005 5344.9500000000007 5239.6500000000005 2978.6000000000004 271.30000000000007 2594.6000000000004 2882.1000000000008 392.90000000000003 260.95000000000005 2393.4000000000005 4763.7000000000007 5344.9500000000007 5143.5000000000009 544.1500000000002 3313.4750000000008 6707.2500000000009 3288.8770833333342 7168.4000000000005 568.1500000000002 2676.1000000000008 2605.4000000000005 3285.0916666666672 5143.5000000000009 7014.6500000000005 599.10000000000002 617.6500000000002 221.95000000000002 32.250000000000007 528.55000000000007 15.250000000000002
decision_type=2 2 2 2 2 2 2 2 2 2 2 2 2 2 2 2 2 2 2 2 2 2 2 2 2 2 2 2 2 2
left_child=1 2 19 -2 -5 6 -6 8 9 -7 -9 12 16 14 -13 -15 -12 -18 -17 20 22 -21 28 24 -20 -26 -11 -23 -1 -30
right_child=3 -3 -4 4 5 7 -8 10 -10 26 11 13 -14 15 -16 18 17 -19 23 21 -22 27 -24 -25 25 -27 -28 -29 29 -31
leaf_value=-0.074143310900859613 1.1318844379981359 -1.5857253427505493 1.5706308197975158 -1.7573088334026661 1.4069299825429917 -1.3509406830583301 -1.1126923615282232 1.4917956579815259 -1.7944570390077736 -0.51810946641741573 -0.70216159820556645 2.499973559379578 -1.6580886360477001 1.6998384976387024 -0.71400535583496094 -1.0930975015163422 -0.39743418163723421 1.4518403799303119 0.68489587203316071 0.37369798801162024 1.6341850107366387 -0.61424662649631501 1.0186471090866971 0.20136540422108629 -2.1625455444509334 -0.11698571014404298 0.85676193157831837 -2.2955111958763816 0.61392801297244748 -0.84751273183943976
leaf_weight=2407 45 25 20 22 75 28 22 22 26 37 39 30 34 20 20 25 27 31 23 22 22 20 26 1231 22 25 30 22 67 167
leaf_count=2407 45 25 20 22 75 28 22 22 26 37 39 30 34 20 20 25 27 31 23 22 22 20 26 1231 22 25 30 22 67 167
internal_value=-2.98638e-09 -0.0997937 -0.0863973 0.152248 0.127607 0.151075 0.835469 0.111322 -0.64421 -0.329406 0.170341 0.151302 -0.377733 0.200946 1.21438 0.1633 0.0710518 0.590971 0.140125 -0.0984353 -0.0804862 -0.852575 -0.0946305 0.163822 -0.496401 -1.07448 0.0975046 -1.49491 -0.10559 -0.429066
internal_weight=4632 2798 2773 1834 1789 1767 97 1670 121 95 1549 1527 131 1396 50 1346 97 58 1326 2753 2689 64 2667 1301 70 47 67 42 2641 234
internal_count=4632 2798 2773 1834 1789 1767 97 1670 121 95 1549 1527 131 1396 50 1346 97 58 1326 2753 2689 64 2667 1301 70 47 67 42 2641 234
is_linear=0
shrinkage=0.05


Tree=145
num_leaves=31
num_cat=0
split_feature=6 0 1 0 3 6 0 1 0 6 3 4 4 5 3 6 5 5 5 4 4 0 7 7 7 3 7 7 6 4
split_gain=25971.6 34294.9 39818.4 28776.8 30685.4 29369.1 23384.2 23060.4 17806.6 15327.3 27478.1 25912.7 20787.6 22693 18332.1 29298.1 26109.3 37980.2 35375.3 25448.5 36556.8 17997 23055.2 31803.7 32094.4 33019.2 60149.1 25435.6 15024.6 14245
threshold=300.2000000000001 1.5000000000000002 3.5000000000000004 3.5000000000000004 2.5500000000000003 324.45000000000005 6.5000000000000009 1.5000000000000002 22.500000000000004 199.90000000000003 31.250000000000004 62.350000000000009 111.70000000000002 276.4500000000001 17.950000000000003 165.80000000000004 183.85000000000005 144.15000000000001 118.35000000000001 130.75000000000003 15.250000000000002 1.0000000180025095e-35 3246.5500000000002 3344.4770833333337 3328.2458333333338 32.250000000000007 3289.2416666666672 3358.8520833333337 212.85000000000005 28.750000000000004
decision_type=2 2 2 2 2 2 2 2 2 2 2 2 2 2 2 2 2 2 2 2 2 2 2 2 2 2 2 2 2 2
left_child=9 2 -2 4 -3 -5 7 -7 -8 14 11 28 -13 -14 29 16 17 18 21 20 -18 -16 -23 24 25 26 -24 -25 -11 -1
right_child=1 3 -4 5 -6 6 8 -9 -10 10 -12 12 13 -15 15 -17 19 -19 -20 -21 -22 22 23 27 -26 -27 -28 -29 -30 -31
leaf_value=0.06097692147082423 0.034692875295877459 -0.049781399523770371 -2.845497911317008 1.6133171722292901 2.2079891134710876 -2.1323912371288647 0.13286667018226178 -0.22663165600153437 -1.1832105709956242 -2.0246739784876508 -2.2625262570381164 1.3542540347134626 0.14267086291783734 -1.6735696293058853 1.1746937274932863 1.5988103788239616 1.1105260803511268 -1.7688879518797904 2.0006166480836414 1.5985500310858092 -1.2466954338139502 1.1826160912928374 -2.9538209388995993 1.9052614623308182 -2.7974590063095093 0.57522761274028467 0.23956079959869384 -0.31865848832660254 -0.60614490714811142 -0.27135748717127389
leaf_weight=483 28 27 21 32 34 22 2239 57 26 24 20 27 95 21 23 35 38 33 21 48 29 23 29 20 20 37 30 36 84 970
leaf_count=483 28 27 21 32 34 22 2239 57 26 24 20 27 95 21 23 35 38 33 21 48 29 23 29 20 20 37 30 36 84 970
internal_value=7.87985e-10 0.110002 -1.19967 0.136335 1.20865 0.108805 0.0882655 -0.75735 0.117759 -0.12743 -0.478912 -0.336792 0.104711 -0.186131 -0.0766287 0.213474 0.0881855 -0.178855 0.0406898 0.719793 0.0902362 -0.148111 -0.304134 -0.502943 -0.975343 -0.595735 -1.33007 0.475599 -0.921374 -0.160884
internal_weight=4632 2486 49 2437 61 2376 2344 79 2265 2146 271 251 143 116 1875 422 387 272 239 115 67 218 195 172 116 96 59 56 108 1453
internal_count=4632 2486 49 2437 61 2376 2344 79 2265 2146 271 251 143 116 1875 422 387 272 239 115 67 218 195 172 116 96 59 56 108 1453
is_linear=0
shrinkage=0.05


Tree=146
num_leaves=31
num_cat=0
split_feature=6 6 1 5 5 5 7 1 7 7 4 7 1 5 5 4 4 7 4 4 7 7 7 5 4 5 6 3 4 7
split_gain=23897.9 9283.64 29097.5 11050.3 37261.2 27618.2 15859.2 36822 15309.7 8385 18809.5 11845.5 10030.5 29205.6 68942.8 22965 48212 56837.1 32765.2 19884.4 18140.8 17173.9 44493.5 19113.6 21823.2 15880.4 13449.9 36465.7 25491.9 27174.4
threshold=6891.7000000000016 7041.5000000000009 2.5000000000000004 7211.2000000000007 6968.3000000000002 7310.3500000000013 3326.0687499999999 3.5000000000000004 3305.8562500000012 3418.2000000000003 398.00000000000006 3409.7104166666672 4.5000000000000009 5303.8500000000013 5022.9000000000005 79.600000000000009 144.45000000000002 3317.0979166666675 168.40000000000003 7137.4000000000005 3351.1437500000002 3342.7270833333337 3367.4229166666669 423.80000000000007 55.250000000000007 15.250000000000002 2466.2500000000005 41.050000000000004 5087.8500000000013 3288.4770833333337
decision_type=2 2 2 2 2 2 2 2 2 2 2 2 2 2 2 2 2 2 2 2 2 2 2 2 2 2 2 2 2 2
left_child=9 2 -2 4 8 -5 7 -6 -3 11 -11 12 -1 14 15 21 17 25 -18 -15 -19 23 -23 24 -14 -17 27 -20 29 -28
right_child=1 3 -4 5 6 -7 -8 -9 -10 10 -12 -13 13 19 -16 16 18 20 26 -21 -22 22 -24 -25 -26 -27 28 -29 -30 -31
leaf_value=-0.12781563570798729 -0.51340722560882568 1.3997663425676752 1.7200090333393643 1.7838846535594375 -2.8651653451919561 0.16484362150443951 0.057321412086486813 -0.225110838668687 -0.30304541804573759 -0.18027296861012776 1.7629564809799196 -1.237250350822102 -0.16073969551627501 -2.2458763626488771 2.2444920857210415 0.8195591424902281 1.6206024144456024 -3.5960280214037215 -0.098164758638989547 -0.16480129249393941 -1.4919302916526795 2.367983682227857 -0.36889309309147023 1.2808072856933412 1.382332691550255 -0.77306490474277079 1.2798030234300173 1.5845412547523912 -1.5407562107611925 -1.0795725924165354
leaf_weight=2347 25 33 35 27 25 1078 25 28 22 33 20 22 193 22 37 24 32 21 248 24 20 33 27 35 26 45 26 37 39 23
leaf_count=2347 25 33 35 27 25 1078 25 28 22 33 20 22 193 22 37 24 32 21 248 24 20 33 27 35 26 45 26 37 39 23
internal_value=6.55123e-10 0.182017 0.789419 0.152579 -0.277999 0.204404 -0.980759 -1.47042 0.718642 -0.0708631 0.553021 -0.0809411 -0.0731354 0.0675824 0.132794 0.0385446 -0.166944 -1.09522 0.0851794 -1.1601 -2.56964 0.375572 1.13639 0.195851 0.0224561 -0.219109 -0.0465459 0.120292 -0.586873 0.172341
internal_weight=4632 1298 60 1238 133 1105 78 53 55 3334 53 3281 3259 912 866 829 515 110 405 46 41 314 60 254 219 69 373 285 88 49
internal_count=4632 1298 60 1238 133 1105 78 53 55 3334 53 3281 3259 912 866 829 515 110 405 46 41 314 60 254 219 69 373 285 88 49
is_linear=0
shrinkage=0.05


Tree=147
num_leaves=31
num_cat=0
split_feature=3 6 6 6 7 6 4 5 7 7 6 6 1 7 7 3 7 3 6 4 6 5 5 0 4 7 7 6 0 3
split_gain=21830.3 9551.85 9503.7 18342.3 28940.6 18944.9 12017.5 41989.1 9517.09 9610.35 9457.95 10658.8 9042.62 8803.88 23809 24719.9 20563.6 22753 26466.7 17568.7 16127.2 13703.5 18565.8 12503 21762.6 37297.3 25694.4 28332.9 22649.1 31781.3
threshold=432.80000000000007 4763.7000000000007 5512.6000000000013 5143.5000000000009 3308.8062500000001 5022.2500000000009 6753.6000000000013 5050.2500000000009 3424.5708333333332 3399.479166666667 239.60000000000002 36.100000000000009 2.5000000000000004 3339.2791666666672 3336.1166666666672 15.15 3354.9958333333343 1.7500000000000002 64.250000000000014 2.3500000000000005 169.95000000000002 423.80000000000007 34.95000000000001 4.5000000000000009 32.900000000000006 3326.0687499999999 3322.1562500000005 67.40000000000002 1.5000000000000002 8.5500000000000025
decision_type=2 2 2 2 2 2 2 2 2 2 2 2 2 2 2 2 2 2 2 2 2 2 2 2 2 2 2 2 2 2
left_child=2 -2 3 5 12 6 7 8 9 13 11 -11 -5 14 23 -16 17 18 -15 21 -20 22 -18 24 26 -26 27 -1 -29 -30
right_child=1 -3 -4 4 -6 -7 -8 -9 -10 10 -12 -13 -14 16 15 -17 19 -19 20 -21 -22 -23 -24 -25 25 -27 -28 28 29 -31
leaf_value=0.37742594476226426 1.2418724560737611 0.14184441509923149 -1.1353959390095303 -0.73046259880065922 1.9746862663222211 -1.1973956873542384 -0.95740402184034645 1.7985257037480673 0.72628551655345497 -0.95360110142956622 -1.4275396938507374 0.62466224670410164 0.58158735406809847 -1.1726217312690539 -0.29745951984077695 -2.5051919687361948 1.0698435107866924 0.80323815601583159 1.5782217128710314 -0.31657561409963653 -0.23080081428800311 1.6369009715318681 -0.60395406762490411 -0.014235264365725043 -0.36035252196093404 -2.0274150802476987 1.3425738986800699 -1.3958801700357806 -0.74320940048247586 1.5746685056459337
leaf_weight=139 20 1485 21 24 28 38 38 30 36 23 26 20 29 39 32 21 30 158 22 307 28 20 37 1422 360 37 34 57 50 21
leaf_count=139 20 1485 21 24 28 38 38 30 36 23 26 20 29 39 32 21 30 158 22 307 28 20 37 1422 360 37 34 57 50 21
internal_value=4.82309e-10 0.156463 -0.0753043 -0.0681369 0.674397 -0.0880196 -0.0739063 -0.0625218 -0.0816487 -0.0917374 -0.674719 -0.219525 -0.0125485 -0.0774425 -0.125476 -1.17222 0.0853918 0.443068 -0.196335 -0.138837 0.565169 0.488357 0.145508 -0.0993074 -0.272621 -0.515721 0.0480137 -0.116837 -0.653575 -0.0576399
internal_weight=4632 1505 3127 3106 81 3025 2987 2949 2919 2883 69 43 53 2814 2173 53 641 247 89 394 50 87 67 2120 698 397 301 267 128 71
internal_count=4632 1505 3127 3106 81 3025 2987 2949 2919 2883 69 43 53 2814 2173 53 641 247 89 394 50 87 67 2120 698 397 301 267 128 71
is_linear=0
shrinkage=0.05


Tree=148
num_leaves=31
num_cat=0
split_feature=4 4 5 5 6 6 7 1 7 6 3 7 7 6 5 6 3 4 5 4 5 5 4 3 5 1 5 3 5 7
split_gain=20447.3 9971.86 10445.5 23672.4 40621.7 22311.6 8473.39 23122.2 14563.9 14019.5 9202.31 14621.6 40632.9 27151.5 33534.9 30133.3 12002.9 11885.1 24728.7 44656.4 28581.5 53914.6 23362.7 19279.6 17567.8 16796.1 15184.8 22074 16538.9 17236.7
threshold=6982.5500000000002 7051.6000000000013 4995.7000000000007 5344.9500000000007 5143.5000000000009 5143.5000000000009 3390.7125000000005 4.5000000000000009 3374.1062500000007 9146.2000000000025 840.35000000000002 3342.1437500000006 3331.1916666666671 10349.800000000001 9806.6000000000022 9924.1500000000015 858.1500000000002 8881.8500000000004 7014.6500000000005 9283.3500000000022 7662.7500000000009 9920.1500000000015 9081.6500000000015 806.90000000000009 8503.9500000000025 1.0000000180025095e-35 7040.0500000000011 590.85000000000014 9572.2500000000018 3318.1333333333337
decision_type=2 2 2 2 2 2 2 2 2 2 2 2 2 2 2 2 2 2 2 2 2 2 2 2 2 2 2 2 2 2
left_child=-1 -2 5 4 -4 -3 8 -8 10 -10 17 12 13 14 -12 -16 -17 23 -19 20 -20 22 -22 25 -21 -5 27 -27 29 -28
right_child=1 2 3 6 -6 -7 7 -9 9 -11 11 -13 -14 -15 15 16 -18 18 19 24 21 -23 -24 -25 -26 26 28 -29 -30 -31
leaf_value=-0.064356400469845351 1.0721841774384182 -0.26090748667716984 0.3499414157867432 1.0665832241707378 -2.3790350971221925 2.0725643010366532 0.36729481224760868 -1.7872237753868103 1.9455829392308777 0.15872911044529506 -1.464991627568784 1.3447635161571014 -1.7793116867542267 1.9687702093805588 2.0103232515709744 -0.84178151935338974 0.81672875404357903 1.627028188251314 0.118090736709143 -1.0318243819475175 -3.8775901113237654 0.076783284979561967 -1.5939756461729608 1.2905082255436315 0.22780558101042023 0.14735293218067713 0.72694934598975269 -1.9971150750205631 -0.96302515772672814 -0.35851731761446537
leaf_weight=3368 30 20 30 45 25 21 33 20 23 21 23 39 21 28 28 24 20 21 38 30 21 30 24 45 358 28 118 21 26 53
leaf_count=3368 30 20 30 45 25 21 33 20 23 21 23 39 21 28 28 24 20 21 38 30 21 30 24 45 358 28 118 21 26 53
internal_value=-1.07083e-09 0.171481 0.149584 0.122616 -0.890502 0.934285 0.171581 -0.445731 0.201735 1.09277 0.164074 0.485966 0.253376 0.60042 0.197116 0.728068 -0.0879132 0.0954183 -0.0538824 -0.12434 -0.999061 -1.56508 -2.65966 0.327368 0.130412 0.178428 0.015961 -0.771705 0.211878 0.390518
internal_weight=4632 1264 1234 1193 55 41 1138 53 1085 44 1041 183 144 123 95 72 44 858 522 501 113 75 45 336 388 291 246 49 197 171
internal_count=4632 1264 1234 1193 55 41 1138 53 1085 44 1041 183 144 123 95 72 44 858 522 501 113 75 45 336 388 291 246 49 197 171
is_linear=0
shrinkage=0.05


Tree=149
num_leaves=31
num_cat=0
split_feature=6 0 1 0 6 3 0 1 0 6 3 4 4 5 3 6 5 5 5 4 4 7 7 5 3 5 4 4 1 4
split_gain=18739 28449.5 35847.6 27411.8 27281.1 27138.9 20230.1 20758.1 15598.2 13465.5 24847.2 23294.4 19264.2 20406.2 16405 25895.2 23142.9 34170.4 32697.2 23119.8 31927.4 16543.9 45073.8 38012.7 47812.5 36582 17842.7 15029.2 13885 13405.2
threshold=300.2000000000001 1.5000000000000002 3.5000000000000004 3.5000000000000004 324.45000000000005 2.5500000000000003 6.5000000000000009 1.5000000000000002 22.500000000000004 199.90000000000003 31.250000000000004 62.350000000000009 111.70000000000002 276.4500000000001 17.950000000000003 165.80000000000004 183.85000000000005 144.15000000000001 118.35000000000001 130.75000000000003 15.250000000000002 3259.7562499999999 3282.7708333333335 16.800000000000004 30.650000000000002 55.250000000000007 62.350000000000009 111.70000000000002 2.5000000000000004 62.350000000000009
decision_type=2 2 2 2 2 2 2 2 2 2 2 2 2 2 2 2 2 2 2 2 2 2 2 2 2 2 2 2 2 2
left_child=9 2 -2 5 -5 -3 7 -6 29 14 11 -11 -13 -14 -1 16 17 18 21 20 -18 -16 -23 24 27 -25 -26 -24 -27 -8
right_child=1 3 -4 4 6 -7 8 -9 -10 10 -12 12 13 -15 15 -17 19 -19 -20 -21 -22 22 23 25 26 28 -28 -29 -30 -31
leaf_value=-0.14033007645685963 0.071789605103965315 -0.019478285312652589 -2.6610185532342818 1.5405988648533822 -2.0203599409623578 2.1038130274590325 0.59723087236730021 -0.21223616926162914 -1.1194339275360108 -0.85680254817836821 -2.1337662768363952 1.3189488075397633 0.14787511402054837 -1.5744232518332346 0.83471599760893234 1.5162079892839706 1.0441047307692075 -1.6635734512498885 1.937123303186326 1.528250345091025 -1.1588142222371596 -2.5642726230621342 0.96274611305158864 -2.516238732635975 0.57186948628652667 -0.97769545086405507 -1.3876647990483504 2.7858676721155646 0.79873086972670126 0.081461620459315376
leaf_weight=1453 28 27 21 32 22 34 134 57 26 108 20 27 95 21 37 35 38 33 21 48 29 20 26 24 21 22 26 20 22 2105
leaf_count=1453 28 27 21 32 22 34 134 57 26 108 20 27 95 21 37 35 38 33 21 48 29 20 26 24 21 22 26 20 22 2105
internal_value=1.32437e-09 0.0934379 -1.09941 0.117422 0.0905531 1.164 0.0707572 -0.715764 0.09819 -0.108242 -0.437687 -0.302541 0.116062 -0.16392 -0.0606258 0.213806 0.0960177 -0.155395 0.0528469 0.690664 0.0906025 -0.128666 -0.3256 -0.0475045 0.609449 -0.945985 -0.512128 1.75541 -0.0894823 0.112329
internal_weight=4632 2486 49 2437 2376 61 2344 79 2265 2146 271 251 143 116 1875 422 387 272 239 115 67 218 181 161 93 68 47 46 44 2239
internal_count=4632 2486 49 2437 2376 61 2344 79 2265 2146 271 251 143 116 1875 422 387 272 239 115 67 218 181 161 93 68 47 46 44 2239
is_linear=0
shrinkage=0.05


Tree=150
num_leaves=31
num_cat=0
split_feature=4 4 5 5 6 6 7 1 7 6 3 7 7 6 5 6 4 5 4 5 5 4 3 5 7 4 6 7 5 7
split_gain=17542.5 8999.61 9427.02 21364.3 36661.1 20136.2 7647.24 20867.8 13143.9 12652.6 8305.08 13196 36671.2 24504.3 30265.3 27748.9 10726.3 22317.7 40302.4 25794.8 48657.9 21084.9 17455.2 15885.7 17823.4 39068.3 30749.6 39302.3 30358.5 21858.8
threshold=6982.5500000000002 7051.6000000000013 4995.7000000000007 5344.9500000000007 5143.5000000000009 5143.5000000000009 3390.7125000000005 4.5000000000000009 3374.1062500000007 9146.2000000000025 840.35000000000002 3342.1437500000006 3331.1916666666671 10349.800000000001 9806.6000000000022 10035.500000000002 8881.8500000000004 7014.6500000000005 9283.3500000000022 7662.7500000000009 9920.1500000000015 9081.6500000000015 815.05000000000007 8547.0000000000018 3294.5312500000005 10084.800000000001 9874.4500000000025 3326.0687499999999 9987.0000000000018 3327.2500000000005
decision_type=2 2 2 2 2 2 2 2 2 2 2 2 2 2 2 2 2 2 2 2 2 2 2 2 2 2 2 2 2 2
left_child=-1 -2 5 4 -4 -3 8 -8 10 -10 16 12 13 14 -12 -16 22 -18 19 -19 21 -21 -5 -20 -25 28 27 -27 29 -26
right_child=1 2 3 6 -6 -7 7 -9 9 -11 11 -13 -14 -15 15 -17 17 18 23 20 -22 -23 -24 24 25 26 -28 -29 -30 -31
leaf_value=-0.059609964694728249 1.0145018742481868 -0.25193524122238159 0.32837124427159625 0.1840371798612549 -2.2641564207077027 1.9648630005972727 0.34485696023612311 -1.7019356656074525 1.8442307347836704 0.14671955733072192 -1.3958151278288469 1.2734522416041447 -1.6944192031398417 1.8662586146699534 1.6968297559874399 -0.26709401591404064 1.5416037094025385 0.10811314457341244 -0.86557539256440641 -3.687783694267273 0.068871072269976144 -1.5183499526232482 1.3637717038286583 -0.14395171608008883 0.96767200819543897 0.70084921774410069 0.98210002834146681 -2.1006490299778604 -0.19872462388414602 2.7376777598352144
leaf_weight=3368 30 20 30 301 25 21 33 20 23 21 23 39 21 28 35 37 21 38 37 21 30 24 35 170 37 21 33 31 26 33
leaf_count=3368 30 20 30 301 25 21 33 20 23 21 23 39 21 28 35 37 21 38 37 21 30 24 35 170 37 21 33 31 26 33
internal_value=-1.7751e-09 0.158834 0.138032 0.112412 -0.85005 0.883498 0.158929 -0.427518 0.187575 1.03405 0.151797 0.457595 0.236634 0.566326 0.183188 0.687591 0.0865743 -0.0552613 -0.122196 -0.953181 -1.4909 -2.53075 0.306926 0.119818 0.223691 0.568991 -0.211682 -0.969275 1.26021 1.8021
internal_weight=4632 1264 1234 1193 55 41 1138 53 1085 44 1041 183 144 123 95 72 858 522 501 113 75 45 336 388 351 181 85 52 96 70
internal_count=4632 1264 1234 1193 55 41 1138 53 1085 44 1041 183 144 123 95 72 858 522 501 113 75 45 336 388 351 181 85 52 96 70
is_linear=0
shrinkage=0.05


Tree=151
num_leaves=31
num_cat=0
split_feature=4 5 5 4 5 5 6 6 5 4 4 7 5 4 5 7 5 5 1 3 3 5 3 5 3 3 3 6 4 5
split_gain=16110.2 20350.9 18647.5 17196.1 26167.8 18648.7 38937.8 26034.7 24377.5 13999 23219.8 18123.5 12777.1 38038.6 14455.1 19976 27161.9 30041.7 21765.8 13056.2 32310.5 17024.8 13573.4 11706.9 17274.4 18202.3 11351.7 10755.5 9992.43 36200.3
threshold=2841.7500000000005 5344.9500000000007 5239.6500000000005 2978.6000000000004 271.30000000000007 2594.6000000000004 2882.1000000000008 2393.4000000000005 2765.3000000000006 2676.1000000000008 2605.4000000000005 3285.0916666666672 4106.2500000000009 5122.5500000000011 5344.9500000000007 3256.6104166666669 5143.5000000000009 5022.9000000000005 2.5000000000000004 544.1500000000002 434.75000000000006 6707.2500000000009 568.1500000000002 7014.6500000000005 599.10000000000002 617.6500000000002 32.250000000000007 5143.5000000000009 528.55000000000007 15.250000000000002
decision_type=2 2 2 2 2 2 2 2 2 2 2 2 2 2 2 2 2 2 2 2 2 2 2 2 2 2 2 2 2 2
left_child=1 2 9 -2 -5 6 -6 -7 -9 10 27 -11 13 -10 15 -14 17 18 -17 20 -16 -21 -23 24 -24 -26 -13 28 -1 -30
right_child=3 -3 -4 4 5 7 -8 8 12 11 -12 26 14 -15 19 16 -18 -19 -20 21 -22 22 23 -25 25 -27 -28 -29 29 -31
leaf_value=-0.049330254401245527 1.0805253933535681 -1.4956729664802553 1.4585351014137269 -1.6228862282904712 1.3287758325338366 -1.3865684366226196 -1.063435601382728 -1.4495995407104494 -0.58363976063935652 0.35797751166603786 1.5613756569949064 -0.55141193687915802 0.82846033902003846 2.1834390819072724 -0.079448063309128236 0.054900234426770889 -2.0013563562716761 1.0534547740413298 -1.7213671614142028 1.5646193861961366 2.2473919582366944 -1.0591583694219588 0.61087435639422871 0.15279861337007467 -2.1103221633217553 -0.13835268831253053 -2.1972907461564648 0.94228741068106425 0.59025550960604833 -0.78549089030234409
leaf_weight=2407 45 25 20 22 75 30 22 25 23 22 22 20 29 27 37 35 28 31 34 20 25 25 23 1231 22 25 22 26 67 167
leaf_count=2407 45 25 20 22 75 30 22 25 23 22 22 20 29 27 37 35 28 31 34 20 25 25 23 1231 22 25 22 26 67 167
internal_value=-1.22323e-09 -0.075494 -0.0626904 0.115176 0.0908936 0.112231 0.786212 0.0730836 0.0997845 -0.0737418 -0.0563474 -0.80458 0.123769 0.910583 0.098631 -0.356436 -0.624889 -0.239479 -0.820362 0.149374 0.858794 0.116696 0.094857 0.117033 -0.51194 -1.0614 -1.41354 -0.0696919 -0.0796546 -0.391581
internal_weight=4632 2798 2773 1834 1789 1767 97 1670 1640 2753 2689 64 1615 50 1565 157 128 100 69 1408 62 1346 1326 1301 70 47 42 2667 2641 234
internal_count=4632 2798 2773 1834 1789 1767 97 1670 1640 2753 2689 64 1615 50 1565 157 128 100 69 1408 62 1346 1326 1301 70 47 42 2667 2641 234
is_linear=0
shrinkage=0.05


Tree=152
num_leaves=31
num_cat=0
split_feature=6 0 1 0 6 3 0 1 0 4 3 1 4 6 7 6 3 4 4 5 3 6 5 5 5 4 4 0 7 7
split_gain=14970.6 25155.1 32303 25207 24716.1 24475.9 17708.3 18781.8 13762.3 12723.4 23160.2 23909.4 21152.3 32226.7 14427.6 12197.2 22426.3 21028.5 17382.4 18444.9 14861.9 23290.2 20784.2 30636.7 29522.7 20867.1 28814.5 15911.4 19306.2 26889.4
threshold=300.2000000000001 1.5000000000000002 3.5000000000000004 3.5000000000000004 324.45000000000005 2.5500000000000003 6.5000000000000009 1.5000000000000002 22.500000000000004 62.350000000000009 195.50000000000003 3.5000000000000004 157.20000000000002 2505.7000000000003 3308.8062500000001 199.90000000000003 31.250000000000004 62.350000000000009 111.70000000000002 276.4500000000001 17.950000000000003 165.80000000000004 183.85000000000005 144.15000000000001 118.35000000000001 130.75000000000003 15.250000000000002 1.0000000180025095e-35 3246.5500000000002 3344.4770833333337
decision_type=2 2 2 2 2 2 2 2 2 2 2 2 2 2 2 2 2 2 2 2 2 2 2 2 2 2 2 2 2 2
left_child=15 2 -2 5 -5 -3 7 -6 9 10 14 -12 13 -11 -8 20 17 -17 -19 -20 -1 22 23 24 27 26 -24 -22 -29 -30
right_child=1 3 -4 4 6 -7 8 -9 -10 12 11 -13 -14 -15 -16 16 -18 18 19 -21 21 -23 25 -25 -26 -27 -28 28 29 -31
leaf_value=-0.12729274743510294 0.073647068041775912 -0.014241767371142354 -2.5205379168192548 1.4604988798499108 -1.9153485785831106 2.0021882424021471 2.0302124865593449 -0.19544687323402943 -1.0565995427278372 0.30658817291259766 -0.76675898935645825 1.1695862340927126 0.093761359580150513 -2.3701687119223855 0.53878059089183805 -0.80851540777970254 -2.0216309523582461 1.2584483177573593 0.14630142061333909 -1.4911418982914517 1.1283136595850407 1.4449308824539184 0.99734653799157391 -1.5682554100499009 1.8474668797992526 1.4573354108879963 -1.0954264862784024 1.098320435926966 -0.87848876798204312 0.45565350779465269
leaf_weight=1453 28 27 21 32 22 34 31 57 26 23 44 25 2060 22 34 108 20 27 95 21 23 35 38 33 21 48 29 23 116 56
leaf_count=1453 28 27 21 32 22 34 31 57 26 23 44 25 2060 22 34 108 20 27 95 21 23 35 38 33 21 48 29 23 116 56
internal_value=-2.31769e-09 0.0835159 -1.03815 0.106069 0.080303 1.10967 0.0614607 -0.674407 0.0871267 0.100408 0.572816 -0.0651846 0.0703355 -1.00205 1.25008 -0.0967477 -0.410293 -0.2819 0.115823 -0.150132 -0.0514299 0.209776 0.0980691 -0.140188 0.0569928 0.661599 0.0915194 -0.115484 -0.262188 -0.444117
internal_weight=4632 2486 49 2437 2376 61 2344 79 2265 2239 134 69 2105 45 65 2146 271 251 143 116 1875 422 387 272 239 115 67 218 195 172
internal_count=4632 2486 49 2437 2376 61 2344 79 2265 2239 134 69 2105 45 65 2146 271 251 143 116 1875 422 387 272 239 115 67 218 195 172
is_linear=0
shrinkage=0.05


Tree=153
num_leaves=31
num_cat=0
split_feature=6 6 1 5 1 5 7 0 5 1 7 7 7 5 7 4 4 7 6 5 5 5 6 5 6 6 5 7 5 7
split_gain=13676.9 9048.03 25854.6 9548.12 34550.2 29296.2 34207.3 25567.4 25527.2 20532 7753.97 10096.6 12210.4 18900.5 18631.7 16345 11929.1 10609.5 9835.01 16088.4 15024.8 20899 15135.2 9657.65 23716.9 43245.4 20751.5 20055.4 18296.9 13974
threshold=6891.7000000000016 7041.5000000000009 2.5000000000000004 7211.2000000000007 5.5000000000000009 6968.3000000000002 3326.0687499999999 14.500000000000002 7310.3500000000013 2.5000000000000004 3196.420833333334 3229.1312500000008 3245.3812500000008 9636.2500000000018 3254.7250000000004 5536.0500000000011 9550.0500000000011 3248.9270833333339 10431.050000000001 10097.200000000003 10430.500000000002 10217.6 10105.550000000001 10125.750000000002 9786.0500000000011 9874.4500000000025 9481.7000000000025 3263.4750000000004 9572.2500000000018 3324.6937500000008
decision_type=2 2 2 2 2 2 2 2 2 2 2 2 2 2 2 2 2 2 2 2 2 2 2 2 2 2 2 2 2 2
left_child=-1 2 -2 4 5 9 7 -7 -5 -3 -10 16 13 -13 17 -16 -12 -14 20 -20 21 23 -23 24 26 -26 27 -17 -27 -28
right_child=1 3 -4 8 -6 6 -8 -9 10 -11 11 12 14 -15 15 18 -18 -19 19 -21 -22 22 -24 -25 25 28 29 -29 -30 -31
leaf_value=-0.053608553466372014 -0.49073918008804318 1.2545487917386569 1.6145432894570488 1.6753190007474688 1.5694873332977295 -1.0272937593460083 0.35063136432852066 -3.4257638466358191 -0.81028318635442043 -0.87635024070739753 1.336165073433438 -1.3634103018900052 0.357264176607132 0.49243099793143896 -0.9096368856919117 1.4914774581789971 0.066505982585855425 1.966366867792039 1.9143959188461304 0.028127465024590494 1.0945757622934049 -0.21452307800451914 -1.8565322448378023 0.93470024381365102 -2.1755291905896419 1.1983236772318682 0.35068289250658274 -0.0015599825466311844 -0.30609829518944026 1.5021383809800053
leaf_weight=3334 25 26 35 27 21 25 21 20 22 20 37 34 20 23 39 24 37 21 20 26 36 36 23 35 29 24 57 358 128 49
leaf_count=3334 25 26 35 27 21 25 21 20 22 20 37 34 20 23 39 24 37 21 20 26 36 36 23 35 29 24 57 358 128 49
internal_value=9.72299e-10 0.137697 0.737342 0.108635 -0.291608 -0.640563 -1.31567 -2.09328 0.156809 0.328071 0.118776 0.138132 0.0956905 -0.614562 0.139457 0.0911302 0.701336 1.18144 0.137319 0.848244 0.0963901 0.0492935 -0.854628 0.125048 0.0826899 -0.406139 0.263997 0.0922434 -0.068558 0.882959
internal_weight=4632 1298 60 1238 133 112 66 45 1105 46 1078 1056 982 57 925 884 74 41 845 46 799 763 59 704 669 181 488 382 152 106
internal_count=4632 1298 60 1238 133 112 66 45 1105 46 1078 1056 982 57 925 884 74 41 845 46 799 763 59 704 669 181 488 382 152 106
is_linear=0
shrinkage=0.05


Tree=154
num_leaves=31
num_cat=0
split_feature=6 0 1 0 6 3 0 1 0 4 3 1 4 6 7 7 4 7 0 4 6 6 7 4 5 1 3 0 6 1
split_gain=12734.4 22490.2 29153.5 22993.1 22484.4 22089.5 15740.4 16950.6 12295.5 11768.3 20902.1 21578.3 18869.6 29084.6 13020.9 11585 19327.8 12842.2 20955.4 23416.6 16690.8 41023.6 22471 50920.1 24512.1 19824.2 32712.4 17672 15603 13566.5
threshold=300.2000000000001 1.5000000000000002 3.5000000000000004 3.5000000000000004 324.45000000000005 2.5500000000000003 6.5000000000000009 1.5000000000000002 22.500000000000004 62.350000000000009 195.50000000000003 3.5000000000000004 157.20000000000002 2505.7000000000003 3308.8062500000001 3196.420833333334 39.800000000000004 3237.0916666666667 20.500000000000004 44.45000000000001 227.10000000000002 239.60000000000002 3246.5500000000002 4.4500000000000011 64.65000000000002 3.5000000000000004 11.050000000000002 17.500000000000004 126.45000000000002 2.5000000000000004
decision_type=2 2 2 2 2 2 2 2 2 2 2 2 2 2 2 2 2 2 2 2 2 2 2 2 2 2 2 2 2 2
left_child=15 2 -2 5 -5 -3 7 -6 9 10 14 -12 13 -11 -8 16 -1 18 28 -20 22 -22 23 -19 -25 26 -23 -27 29 -17
right_child=1 3 -4 4 6 -7 8 -9 -10 12 11 -13 -14 -15 -16 17 -18 20 19 -21 21 25 -24 24 -26 27 -28 -29 -30 -31
leaf_value=1.8599823451042177 0.072645152546465405 -0.010849269672676369 -2.3918305760338194 1.3901543684303761 -1.8169007157737558 1.9047592531232274 1.9313822773195082 -0.18299409213819004 -1.0010890894211257 0.29393922064615335 -0.72574058330871849 1.1137872889637948 0.085726659547320561 -2.2489798708395528 0.51452199027818801 -1.3325440379551479 -0.26529843625815019 2.6684884324073792 -2.605601285804402 -0.323879335237586 -2.2545574993922792 -0.2858540751306074 -0.060186493697454359 1.1301440715789794 -1.0136891694863637 -1.5644776602586112 2.0281709199859983 0.20980731352515847 0.62211198203447393 -0.13250625795788237
leaf_weight=20 28 27 21 32 22 34 31 57 26 23 44 25 2060 22 34 35 23 25 22 23 29 56 1666 24 30 36 21 23 41 72
leaf_count=20 28 27 21 32 22 34 31 57 26 23 44 25 2060 22 34 35 23 25 22 23 29 56 1666 24 30 36 21 23 41 72
internal_value=-8.16918e-11 0.0770263 -0.983559 0.0983511 0.0737428 1.05687 0.0557713 -0.638006 0.0799692 0.0925228 0.546856 -0.059245 0.0636009 -0.949266 1.19026 -0.0892299 0.723204 -0.105842 -0.494536 -1.43939 -0.0665653 -0.547237 -0.021115 0.802848 -0.0608744 -0.183175 0.345244 -0.872807 -0.207249 -0.525042
internal_weight=4632 2486 49 2437 2376 61 2344 79 2265 2239 134 69 2105 45 65 2146 43 2103 193 45 1910 165 1745 79 54 136 77 59 148 107
internal_count=4632 2486 49 2437 2376 61 2344 79 2265 2239 134 69 2105 45 65 2146 43 2103 193 45 1910 165 1745 79 54 136 77 59 148 107
is_linear=0
shrinkage=0.05


Tree=155
num_leaves=31
num_cat=0
split_feature=6 6 4 4 4 7 1 7 3 6 4 7 4 3 4 7 6 4 4 7 7 3 1 7 0 3 4 7 5 7
split_gain=11786.5 15363.3 15981.7 11103.5 17854.5 11915.6 10275 28293.7 8574.74 11723 19025.3 24261.5 29400.9 22950.5 22904.8 25288.6 16918.6 30443 24513.2 32946.1 26296.1 19241.9 16373.8 13331.5 11249.4 12686.5 21298.5 11053.4 12035.6 14260.8
threshold=9072.7000000000025 8997.1500000000015 9756.7000000000025 9197.4500000000025 9040.4000000000015 3284.1750000000006 1.5000000000000002 3310.9895833333344 719.45000000000016 9650.2000000000025 9197.4500000000025 3271.6479166666672 10227.300000000001 762.90000000000009 8848.3000000000011 3314.3020833333335 9874.4500000000025 8938.8500000000022 10200.6 3277.3020833333339 3324.6937500000008 868.70000000000016 3.5000000000000004 3317.0979166666675 12.500000000000002 830.25000000000011 9550.0500000000011 3248.2229166666671 9987.0000000000018 3309.233333333334
decision_type=2 2 2 2 2 2 2 2 2 2 2 2 2 2 2 2 2 2 2 2 2 2 2 2 2 2 2 2 2 2
left_child=1 2 3 4 -1 -5 -4 -8 -2 10 14 -12 13 -13 15 -10 17 -11 19 -19 -21 22 27 -23 25 -24 -27 -18 29 -29
right_child=8 -3 6 5 -6 -7 7 -9 9 16 11 12 -14 -15 -16 -17 21 18 -20 20 -22 23 24 -25 -26 26 -28 28 -30 -31
leaf_value=-0.03418947024660287 -0.75436158180236823 -1.1599425613880159 -0.16187888498728475 0.011810413385048891 1.3943776565519246 -1.2018960600807553 -0.27311171618374913 2.0876081319650015 -0.51665734010083342 1.2218501790710119 -0.41799315929412845 1.0836674145289831 0.025083711033775692 3.347046426932017 -1.1837639918694129 1.526308846473694 -0.43976797214869801 0.23135484933853148 0.21076059051462123 -3.5360741683840753 -0.97208678483963018 0.40468989719044085 0.11020398296807941 2.1659477619897749 0.40608515826667224 -2.1924640874067944 -0.19409813940525056 1.932825819651286 0.21430858242325487 0.46586830581764921
leaf_weight=3755 23 30 24 39 22 42 22 30 28 23 20 21 21 24 26 33 29 20 37 20 20 22 38 21 41 24 30 30 80 37
leaf_count=3755 23 30 24 39 22 42 22 30 28 23 20 21 21 24 26 33 29 20 37 20 20 22 38 21 41 24 30 30 80 37
internal_value=-2.53781e-10 -0.0327416 -0.0241458 -0.0382904 -0.0258685 -0.617519 0.693878 1.08884 0.194293 0.228121 0.580214 1.10759 1.56989 2.2908 0.0588957 0.588554 0.0990702 -0.413629 -0.801422 -1.4256 -2.25408 0.273854 0.13595 1.26484 -0.282743 -0.589721 -1.08226 0.452348 0.628344 1.12271
internal_weight=4632 3964 3934 3858 3777 81 76 52 668 645 173 86 66 45 87 61 472 120 97 60 40 352 309 43 133 92 54 176 147 67
internal_count=4632 3964 3934 3858 3777 81 76 52 668 645 173 86 66 45 87 61 472 120 97 60 40 352 309 43 133 92 54 176 147 67
is_linear=0
shrinkage=0.05


Tree=156
num_leaves=31
num_cat=0
split_feature=6 0 1 0 6 3 0 3 0 4 3 7 4 6 6 7 7 7 4 4 6 5 7 5 1 7 4 7 7 7
split_gain=11033.9 20169.2 26311 20899.6 20400.5 19935.8 14060.5 16064 11021.3 10795.7 18864.2 20537.8 16896.9 26248.9 12664.2 11751.4 10770.6 10526.1 31547.6 35305.8 18266 16432.5 16378.9 20349.4 21787.9 12444 24783.9 22808.2 14006.3 32800.5
threshold=300.2000000000001 1.5000000000000002 3.5000000000000004 3.5000000000000004 324.45000000000005 2.5500000000000003 6.5000000000000009 8.9500000000000011 22.500000000000004 62.350000000000009 195.50000000000003 3346.6541666666667 157.20000000000002 2505.7000000000003 2700.2500000000005 3308.8062500000001 3184.572916666667 3225.7062500000006 8518.2000000000025 7168.4000000000005 9613.2000000000025 5303.8500000000013 3245.3812500000008 9636.2500000000018 3.5000000000000004 3254.7250000000004 8820.6500000000033 3258.4854166666669 3263.4750000000004 3267.8666666666668
decision_type=2 2 2 2 2 2 2 2 2 2 2 2 2 2 2 2 2 2 2 2 2 2 2 2 2 2 2 2 2 2
left_child=-1 2 -2 5 -5 -3 7 -6 9 10 15 14 13 -11 -12 -8 -14 18 19 21 -20 -18 23 24 -19 26 -24 -27 -29 -30
right_child=1 3 -4 4 6 -7 8 -9 -10 12 11 -13 16 -15 -16 -17 17 22 20 -21 -22 -23 25 -25 -26 27 -28 28 29 -31
leaf_value=-0.08305890618025813 0.070722386081303865 -0.0085973496790285459 -2.2705295562744143 1.3223560906946661 -0.046509639097719775 1.8112307727336885 1.8365226320682035 -1.5156111827492715 -0.94932517111301429 0.28095173369283261 -1.2732250883661469 1.2956507974863054 -0.97372357745965332 -2.1348214496265761 0.36224793791770937 0.49050534507807564 1.2121339154594084 -1.591771542022423 -1.4057244067390762 3.0023890233039858 0.39588379833628151 -0.59406126141548155 0.12080851070216446 0.63733153672053899 -0.0080128596379206735 -1.23238623864723 1.9402989528797292 0.79252902960431759 -1.2508550853832909 0.10395279039972871
leaf_weight=2146 28 27 21 32 49 34 31 30 26 23 29 20 24 22 20 34 34 49 24 20 34 20 61 29 39 33 27 69 46 1551
leaf_count=2146 28 27 21 32 49 34 31 30 26 23 29 20 24 22 20 34 34 49 24 20 34 20 61 29 39 33 27 69 46 1551
internal_value=-4.74106e-10 0.0716993 -0.932671 0.0918938 0.0684325 1.00573 0.0513141 -0.604396 0.0741843 0.0860697 0.521223 -0.0545732 0.0583687 -0.900093 -0.605685 1.13245 0.079306 0.0917189 0.523498 1.20783 -0.349609 0.543173 0.0617846 -0.511339 -0.889878 0.0993087 0.679061 0.0692803 0.0950636 0.0649289
internal_weight=4632 2486 49 2437 2376 61 2344 79 2265 2239 134 69 2105 45 49 65 2060 2036 132 74 58 54 1904 117 88 1787 88 1699 1666 1597
internal_count=4632 2486 49 2437 2376 61 2344 79 2265 2239 134 69 2105 45 49 65 2060 2036 132 74 58 54 1904 117 88 1787 88 1699 1666 1597
is_linear=0
shrinkage=0.05


Tree=157
num_leaves=31
num_cat=0
split_feature=5 4 6 6 6 5 6 5 5 7 7 1 7 7 7 5 5 4 7 3 4 3 7 7 4 7 1 7 7 0
split_gain=10064.5 17334.1 21276.6 14339.3 7540.81 42594.6 29390.4 21209.6 26736.8 16115.2 14687.1 29384 18429.7 34179.8 27872.6 19992.7 29720.2 17956.2 12909.6 9900.28 12648.5 12109.4 9191.28 9397.06 11872.5 10286.3 18597.5 16526.6 9731.33 40362.6
threshold=7014.6500000000005 8881.8500000000004 6968.3000000000002 7381.3000000000011 7124.0000000000009 7211.2000000000007 6968.3000000000002 7211.2000000000007 7349.1000000000013 3282.7708333333335 3379.0291666666676 4.5000000000000009 3348.2604166666674 3343.889583333334 3351.9333333333338 9843.0000000000018 8708.7000000000025 9954.9000000000033 3304.7541666666675 604.55000000000007 8399.8000000000011 629.15000000000009 3196.420833333334 3229.1312500000008 9550.0500000000011 3248.2229166666671 3.5000000000000004 3254.7250000000004 3333.0791666666669 12.500000000000002
decision_type=2 2 2 2 2 2 2 2 2 2 2 2 2 2 2 2 2 2 2 2 2 2 2 2 2 2 2 2 2 2
left_child=1 2 -1 -4 5 -2 18 9 -9 -6 12 -12 13 19 -14 16 -16 -18 -7 20 -10 -21 -23 24 -24 26 -25 -27 -29 -30
right_child=4 -3 3 -5 7 6 -8 8 10 -11 11 -13 14 -15 15 -17 17 -19 -20 21 -22 22 23 25 -26 27 -28 28 29 -31
leaf_value=-0.038248945857146041 1.9805471835767521 1.2940260460833088 -1.7142869889736176 -0.077557576220968497 -2.0030088588595389 -0.067836429959251765 1.1562156383807842 1.5127775118631477 -1.3997327238321304 -0.23283692420356805 0.11206421459263022 -2.1259323900396172 2.3521443094526018 -1.8096963067849476 -0.48244263839721679 -0.45103103982077708 2.5610435962677003 0.55103378564119343 -1.7825040900188946 1.3293545668323836 0.30280053496360781 -0.94543384432792665 1.3624417154227988 -1.2357130872236717 0.068158273519696416 1.4591441496558812 0.57482592644898789 0.020136234323994261 -0.37808284461498265 2.0718557409171399
leaf_weight=3298 34 24 32 23 20 21 26 34 24 36 44 22 21 24 25 45 25 20 23 21 20 20 34 37 37 23 23 527 40 29
leaf_count=3298 34 24 32 23 20 21 26 34 24 36 44 22 21 24 25 45 25 20 23 21 20 20 34 37 37 23 23 527 40 29
internal_value=8.27046e-10 -0.0449302 -0.0545142 -1.02984 0.1209 0.528635 -0.176579 0.0840585 0.132597 -0.865041 0.0883687 -0.633935 0.13628 0.0506573 0.677091 0.371211 0.899796 1.66771 -0.96414 0.104128 -0.625854 0.144734 0.112427 0.140636 0.687956 0.0834053 -0.541673 0.143995 0.0932421 0.651601
internal_weight=4632 3377 3353 55 1255 104 70 1151 1095 56 1061 66 995 859 136 115 70 45 44 835 44 791 770 750 71 679 60 619 596 69
internal_count=4632 3377 3353 55 1255 104 70 1151 1095 56 1061 66 995 859 136 115 70 45 44 835 44 791 770 750 71 679 60 619 596 69
is_linear=0
shrinkage=0.05


Tree=158
num_leaves=31
num_cat=0
split_feature=6 3 1 6 4 4 6 4 4 4 6 5 3 6 5 5 4 5 4 7 7 4 4 7 6 4 1 3 4 5
split_gain=9675.62 18003.9 16110.8 11897.7 11103.7 24834.7 24643.3 19363.2 11047.2 19191 23612.6 15519.7 9835.19 21261.3 11580.3 17496.5 17489.4 11562.9 15176.6 12612.9 33076.8 8588.53 24802 18469.9 17981 8172.42 7313.24 25454.9 37029.5 14651.7
threshold=9874.4500000000025 872.35000000000002 3.5000000000000004 9808.5000000000018 9386.6500000000015 9907.8500000000022 10105.550000000001 10134.150000000003 10365.050000000001 10134.150000000003 10105.550000000001 10000.700000000003 817.55000000000007 9650.2000000000025 9481.7000000000025 9316.3000000000011 9040.4000000000015 9962.7500000000018 9652.4000000000015 3339.2791666666672 3303.5229166666668 10084.800000000001 9856.4500000000025 3322.1562500000005 8906.3000000000011 9679.1500000000015 4.5000000000000009 739.25000000000011 8968.2500000000018 9104.1500000000015
decision_type=2 2 2 2 2 2 2 2 2 2 2 2 2 2 2 2 2 2 2 2 2 2 2 2 2 2 2 2 2 2
left_child=3 2 8 12 6 -6 -4 -7 9 10 -2 -12 13 14 15 21 -16 19 -19 20 -14 22 26 -24 -23 -13 29 28 -28 -1
right_child=1 -3 4 -5 5 7 -8 -9 -10 -11 11 25 17 -15 16 -17 -18 18 -20 -21 -22 24 23 -25 -26 -27 27 -29 -30 -31
leaf_value=-0.053895882923665241 1.249979704618454 1.3114193552070195 -2.111788798462261 -1.0129565791475277 1.014245743500559 -1.755494837138964 0.28281041117651123 0.13437523227749448 1.5511489939689636 -1.0314378520716792 0.75672069021966315 -1.3698828594251113 1.7473166621249654 -1.3313579076720823 -0.33972338080406189 -1.4321504029360685 1.6269602784743675 0.84705969492594402 -0.81624281993135817 1.8854084219251359 -0.93421280669129425 0.34481192869799482 0.22544533860683444 2.2368603119892732 -1.6788107231907223 0.026625749655067921 0.093305865066521956 1.3735804556189357 -1.5599364737101964 -1.0554737387879476
leaf_weight=2780 62 36 22 30 38 23 21 33 20 23 32 22 23 31 20 22 26 24 32 21 23 21 25 21 23 20 1049 37 35 37
leaf_count=2780 62 36 22 30 38 23 21 33 20 23 32 22 23 31 20 22 26 24 32 21 23 21 25 21 23 20 1049 37 35 37
internal_value=1.43354e-09 0.251986 0.131291 -0.020724 -0.276796 0.0276525 -0.942333 -0.641821 0.443625 0.304313 0.530212 -0.0728358 -0.01372 -0.0268512 -0.0169782 -0.0259381 0.77188 0.426867 -0.103399 0.870074 0.406552 -0.0182577 -0.0105849 1.1437 -0.712991 -0.704879 -0.0240682 0.0839452 0.0399263 -0.0670511
internal_weight=4632 352 316 4280 137 94 43 56 179 159 136 74 4250 4127 4096 4050 46 123 56 67 46 4028 3984 46 44 42 3938 1121 1084 2817
internal_count=4632 352 316 4280 137 94 43 56 179 159 136 74 4250 4127 4096 4050 46 123 56 67 46 4028 3984 46 44 42 3938 1121 1084 2817
is_linear=0
shrinkage=0.05


Tree=159
num_leaves=31
num_cat=0
split_feature=6 0 1 0 7 6 0 1 7 4 7 0 4 6 7 7 4 5 1 3 3 4 3 6 0 1 4 5 0 4
split_gain=9314.13 18005.1 23828.1 19033.3 19634 18537.2 12499.4 15082.4 10431.2 17466 11567.8 18857 21133.7 15167.8 25959.7 21163.9 44597.7 24248.9 21104 44365.8 41917.2 22085 20717 14071.2 12395.2 16983.7 14721.3 10028.7 9838.77 9997.17
threshold=300.2000000000001 1.5000000000000002 3.5000000000000004 3.5000000000000004 3304.7541666666675 324.45000000000005 6.5000000000000009 1.5000000000000002 3196.420833333334 39.800000000000004 3237.0916666666667 20.500000000000004 44.45000000000001 199.90000000000003 3255.8750000000005 3246.5500000000002 4.4500000000000011 64.65000000000002 3.5000000000000004 15.15 20.250000000000004 67.700000000000003 1.7500000000000002 126.45000000000002 3.5000000000000004 3.5000000000000004 350.95000000000005 64.65000000000002 22.500000000000004 62.350000000000009
decision_type=2 2 2 2 2 2 2 2 2 2 2 2 2 2 2 2 2 2 2 2 2 2 2 2 2 2 2 2 2 2
left_child=8 2 -2 4 -3 -5 7 -7 9 -1 11 23 -13 15 -15 16 -12 -18 20 -20 21 -16 -23 24 25 -10 27 -26 29 -8
right_child=1 3 -4 5 -6 6 28 -9 10 -11 13 12 -14 14 18 -17 17 -19 19 -21 -22 22 -24 -25 26 -27 -28 -29 -30 -31
leaf_value=1.7752448678016663 0.071793516665431004 0.10308452295139432 -2.1562511512211393 1.2578555084764957 1.899329942670362 -1.6840248132293878 0.49779139636987968 -0.14278574857795448 -2.2158018565177922 -0.24508392007454582 2.5443560687750577 -2.4651861342516814 -0.29753567550493326 -2.0200774068417759 -1.061968095406242 -0.04006493419714343 1.2038843714672587 -0.95400705178578693 -0.15520822826553793 -2.5835887019450849 2.2621354031562806 -0.36977701940034569 1.4618855334245242 0.59914232877696427 1.2680514955520632 -0.17991791112082345 -1.1985832482576371 -0.22120763155130241 -0.89923327734264058 0.05238441081235358
leaf_weight=20 28 32 21 32 29 22 134 57 20 23 25 22 23 23 46 1585 23 30 68 26 20 38 26 41 20 21 20 26 26 2105
leaf_count=20 28 32 21 32 29 22 134 57 20 23 25 22 23 23 46 1585 23 30 68 26 20 38 26 41 20 21 20 26 26 2105
internal_value=8.34591e-10 0.0658751 -0.883083 0.0849555 0.957037 0.0625662 0.0462482 -0.571992 -0.0763119 0.694604 -0.0920748 -0.460979 -1.35728 -0.0547981 -0.420403 -0.000496025 0.803564 -0.0175636 -0.256151 -0.826888 0.156536 -0.2263 0.374336 -0.188456 -0.490246 -1.17303 -0.0660914 0.426296 0.0678116 0.0790412
internal_weight=4632 2486 49 2437 61 2376 2344 79 2146 43 2103 193 45 1910 247 1663 78 53 224 94 130 110 64 148 107 41 66 46 2265 2239
internal_count=4632 2486 49 2437 61 2376 2344 79 2146 43 2103 193 45 1910 247 1663 78 53 224 94 130 110 64 148 107 41 66 46 2265 2239
is_linear=0
shrinkage=0.05


Tree=160
num_leaves=31
num_cat=0
split_feature=6 6 0 1 0 1 5 4 4 4 7 3 4 7 5 4 7 4 3 3 3 5 3 7 7 4 1 5 1 4
split_gain=8647.53 44405.1 16608.8 21994.7 11052.2 12399 52235.6 25451.4 34040.8 32570.3 22396.6 21347.4 15861.2 14030.3 13905 12979.9 11818.9 13234.4 11639.8 14679.3 21665 24914.8 24013.7 15338 29666 11042.3 11705.3 18163.3 10992.9 13198.3
threshold=245.35000000000005 227.10000000000002 1.5000000000000002 3.5000000000000004 22.500000000000004 1.0000000180025095e-35 229.25000000000003 9790.6500000000015 5536.0500000000011 7260.1500000000005 3271.6479166666672 797.25000000000011 9728.9000000000015 3342.1437500000006 5388.6500000000005 8938.8500000000022 3330.0083333333337 544.15000000000009 868.70000000000016 848.95000000000016 827.1500000000002 9962.7500000000018 817.55000000000007 3342.7270833333337 3305.8562500000012 9550.0500000000011 4.5000000000000009 9316.3000000000011 2.5000000000000004 429.30000000000001
decision_type=2 2 2 2 2 2 2 2 2 2 2 2 2 2 2 2 2 2 2 2 2 2 2 2 2 2 2 2 2 2
left_child=1 28 3 -2 5 6 -4 8 14 -10 -11 -9 25 15 16 -12 -8 -18 19 20 21 -14 -23 24 -22 -7 27 -27 29 -1
right_child=2 -3 4 -5 -6 12 7 11 9 10 13 -13 18 -15 -16 -17 17 -19 -20 -21 23 22 -24 -25 -26 26 -28 -29 -30 -31
leaf_value=-0.094773432363569735 0.16176144362560341 -1.6309988403320312 2.1164285562540357 -1.637493192065846 -0.80204888207571856 0.012176560533893242 -0.41791831796819512 -1.9818307314230048 2.3545299514134728 1.5306892680625122 0.22217838279902935 0.002505078008680633 0.42990023795469307 1.0540686037229454 -1.1328453817404807 -1.3554944377053868 -0.25207356929779057 1.5065670368464099 1.3674836658514464 -0.59337005033049472 0.60503854092798737 0.16443631384107804 -2.0341280162334443 -0.11815760850906372 2.8504616069297 -0.066936703964515967 0.35103404625602397 -1.8844931168215617 0.063603979033735283 -0.64782431040491373
leaf_weight=750 35 45 38 33 35 1711 55 23 30 36 32 33 162 23 32 22 20 23 26 43 38 27 23 20 24 27 23 28 1089 126
leaf_count=750 35 45 38 33 35 1711 55 23 30 36 32 33 162 23 32 22 20 23 26 43 38 27 23 20 24 27 23 28 1089 126
internal_value=-3.80411e-10 -0.0780279 0.0598155 -0.711406 0.0803492 0.0926096 0.361229 0.158501 0.357678 0.890022 0.501214 -0.81249 0.0467995 0.0199014 -0.2279 -0.420577 0.0675925 0.688595 0.348148 0.269505 0.395708 0.128767 -0.846903 1.08585 1.47423 -0.0143461 -0.596145 -0.992238 -0.0424637 -0.174322
internal_weight=4632 2010 2622 68 2554 2519 367 329 273 143 113 56 2152 77 130 54 98 43 363 337 294 212 50 82 62 1789 78 55 1965 876
internal_count=4632 2010 2622 68 2554 2519 367 329 273 143 113 56 2152 77 130 54 98 43 363 337 294 212 50 82 62 1789 78 55 1965 876
is_linear=0
shrinkage=0.05


Tree=161
num_leaves=31
num_cat=0
split_feature=6 6 1 4 6 5 7 6 7 7 7 4 6 3 6 3 4 1 7 4 5 4 6 7 4 7 1 4 7 6
split_gain=8320.95 17755.5 15150.8 13327 12707.4 14552.3 18576.3 19919.3 11784.6 13982.6 17823.8 11090.4 10972.2 8553.55 19370.8 11135.8 13118.3 21370.1 11538 10380.5 18559.5 21072.5 16068.1 15980.5 10489.7 15300.3 6595.91 12672.5 48891.4 25308.5
threshold=9874.4500000000025 9924.1500000000015 3.5000000000000004 10340.150000000003 9989.3500000000022 9943.4500000000025 3325.0520833333335 10167.750000000002 3352.6583333333342 3315.0250000000005 3277.0166666666673 9756.7000000000025 9808.5000000000018 817.55000000000007 9650.2000000000025 825.80000000000007 10040.150000000003 1.5000000000000002 3333.0791666666669 9756.7000000000025 9371.5500000000011 10084.800000000001 8906.3000000000011 3333.5895833333338 9550.0500000000011 3295.5645833333338 4.5000000000000009 8848.3000000000011 3257.6791666666672 7508.7000000000007
decision_type=2 2 2 2 2 2 2 2 2 2 2 2 2 2 2 2 2 2 2 2 2 2 2 2 2 2 2 2 2 2
left_child=12 -2 3 4 -3 11 7 -7 9 10 -4 -6 13 14 19 -15 17 -17 -18 24 21 23 -23 -21 26 -26 27 -1 -29 -30
right_child=1 2 8 -5 5 6 -8 -9 -10 -11 -12 -13 -14 15 -16 16 18 -19 -20 20 -22 22 -24 -25 25 -27 -28 28 29 -31
leaf_value=-0.081423127739387147 1.3763928757559869 1.308356374502182 0.34099164570079132 1.4815388193130494 1.3846850035519438 -0.94520763243947714 -1.5778502282771198 0.77647122485297071 -1.2704678867459298 0.75258239541734973 -1.2664001015254431 -0.10405199094252154 -0.9720794423421224 1.4468842915126257 -1.2698990173878208 1.0575843620300294 0.055605666410355338 -0.93598477978531902 1.7336440658569339 0.13948062686693102 1.784680396034604 0.31494153312274387 -1.5980128428210385 1.7568396602757277 0.044354752014423238 -1.662329865495364 0.082836170634506531 -1.5193294670270836 1.9982690458114332 0.15982692970169918
leaf_weight=2704 31 24 34 25 29 28 22 42 25 35 35 22 30 21 31 20 21 41 20 42 21 21 23 24 29 24 1110 23 39 36
leaf_count=2704 31 24 34 25 29 28 22 42 25 35 35 22 30 21 31 20 21 41 20 42 21 21 23 24 29 24 1110 23 39 36
internal_value=-9.82232e-10 0.233681 0.123325 0.404891 0.243716 0.0650349 -0.310508 0.0877997 -0.295749 -0.0614414 -0.474352 0.742485 -0.0192186 -0.0124925 -0.0247382 0.398386 0.182519 -0.282356 0.874161 -0.0153144 0.422596 0.162562 -0.685012 0.727611 -0.0297826 -0.728484 -0.0203165 -0.06118 0.497364 1.11582
internal_weight=4632 352 321 192 167 143 92 70 129 104 69 51 4280 4250 4127 123 102 61 41 4096 131 110 44 66 3965 53 3912 2802 98 75
internal_count=4632 352 321 192 167 143 92 70 129 104 69 51 4280 4250 4127 123 102 61 41 4096 131 110 44 66 3965 53 3912 2802 98 75
is_linear=0
shrinkage=0.05


Tree=162
num_leaves=31
num_cat=0
split_feature=6 6 4 4 4 7 1 7 5 5 7 6 1 7 5 6 5 7 5 1 3 1 7 7 6 5 4 1 1 3
split_gain=7824.78 13967.3 11337.8 9763.83 14776.7 11132.1 8518.72 23973.5 8136.45 10753.5 21838.7 13945.3 11247.2 7768.11 7449.94 20926.2 7389.96 13366.7 8812.47 18370.8 28074.4 16258.2 16084.4 17198.5 22342.9 15309.6 7923.62 23012.2 18221.1 15122.7
threshold=9072.7000000000025 8997.1500000000015 9756.7000000000025 9197.4500000000025 9040.4000000000015 3284.1750000000006 1.5000000000000002 3310.9895833333344 9104.1500000000015 8361.4000000000015 3331.1916666666671 8551.6500000000015 2.5000000000000004 3337.1187500000001 8708.7000000000025 9188.1000000000004 7615.7500000000009 3301.6020833333337 7040.0500000000011 5.5000000000000009 620.55000000000007 4.5000000000000009 3330.0083333333337 3258.4854166666669 7089.5000000000009 6968.3000000000002 7474.7000000000016 1.5000000000000002 3.5000000000000004 602.35000000000002
decision_type=2 2 2 2 2 2 2 2 2 2 2 2 2 2 2 2 2 2 2 2 2 2 2 2 2 2 2 2 2 2
left_child=1 2 3 4 8 -5 -4 -8 9 16 11 -11 -13 -7 -2 -16 18 -18 25 20 21 22 23 -20 -25 26 29 -28 -29 -1
right_child=14 -3 6 5 -6 13 7 -9 -10 10 -12 12 -14 -15 15 -17 17 -19 19 -21 -22 -23 -24 24 -26 -27 27 28 -30 -31
leaf_value=-0.032073326588945482 -0.65528201880278414 -1.1014490230878193 -0.19290374206999938 0.034729170799255374 1.2733001877638428 -1.8183865405264357 -0.30774913972074336 1.8652780101696651 -0.79628467752653009 1.9499863261761874 -0.83544391860132627 -0.38162373399192639 1.1413670707631993 -0.45840467015902209 1.4188314221122049 0.12602029922418298 -1.5609236003323037 0.061675101518630981 1.6431996362549919 1.462049097028272 -1.0970703808884872 -0.70276167821884161 1.9184384183450178 1.0878070690013746 -0.80387069599048522 -1.3290874065264413 0.73390927116076154 -2.1074344139099122 -0.21689522335162531 1.2545478613480279
leaf_weight=3254 27 30 24 39 22 21 22 30 34 23 23 22 27 21 33 608 22 30 21 29 38 25 22 27 37 23 24 25 26 23
leaf_count=3254 27 30 24 39 22 21 22 30 34 23 23 22 27 21 33 608 22 30 21 29 38 25 22 27 37 23 24 25 26 23
internal_value=1.16697e-10 -0.0266774 -0.0184814 -0.030395 -0.0187465 -0.573558 0.586292 0.94592 -0.0263165 -0.019281 0.505849 0.934318 0.457575 -1.1384 0.158307 0.192577 -0.0330392 -0.624809 -0.0244293 0.298905 0.100486 0.445238 0.713462 0.401585 -0.00581914 -0.043494 -0.0346728 -0.542818 -1.14363 -0.023043
internal_weight=4632 3964 3934 3858 3777 81 76 52 3755 3721 95 72 49 42 668 641 3626 52 3574 199 170 132 107 85 64 3375 3352 75 51 3277
internal_count=4632 3964 3934 3858 3777 81 76 52 3755 3721 95 72 49 42 668 641 3626 52 3574 199 170 132 107 85 64 3375 3352 75 51 3277
is_linear=0
shrinkage=0.05


Tree=163
num_leaves=31
num_cat=0
split_feature=0 6 5 5 7 6 1 4 1 7 7 5 0 6 6 3 1 5 0 3 6 7 5 3 3 3 5 7 1 3
split_gain=7267.55 12089.3 24812 53069 24673.1 22128.1 26079.4 22320.5 18375.4 45032.5 32036 23470 20566.1 18198.2 31207.3 14753.8 15119.5 13409 22952.8 33684.2 18431.5 26984.2 24208.2 17257.8 12416.1 28056.3 20581 12089.2 11577.4 10749.9
threshold=4.5000000000000009 67.40000000000002 287.15000000000003 325.00000000000006 3333.0791666666669 132.65000000000001 5.5000000000000009 2510.5500000000006 2.5000000000000004 3318.1333333333337 3275.6041666666674 144.15000000000001 19.500000000000004 48.050000000000004 41.150000000000013 10.250000000000002 2.5000000000000004 15.250000000000002 21.500000000000004 17.950000000000003 1.0000000180025095e-35 3322.1562500000005 34.95000000000001 1.0000000180025095e-35 22.350000000000005 1.0000000180025095e-35 130.60000000000002 3174.9083333333333 5.5000000000000009 39.750000000000007
decision_type=2 2 2 2 2 2 2 2 2 2 2 2 2 2 2 2 2 2 2 2 2 2 2 2 2 2 2 2 2 2
left_child=29 2 13 -4 15 6 7 8 9 12 -10 -12 -3 14 17 16 -5 28 20 23 22 -22 -19 -20 25 -24 -27 -7 -2 -1
right_child=1 5 3 4 -6 27 -8 -9 10 -11 11 -13 -14 -15 -16 -17 -18 18 19 -21 21 -23 24 -25 -26 26 -28 -29 -30 -31
leaf_value=-0.15768614461482022 -0.077667464366119904 2.2346166186862524 2.6677423554918041 -1.0431230533123017 -1.2554463539804732 -1.1890884089469911 -0.62423219201041436 -0.75053675499829386 0.23564965509706073 -1.1613483440876007 2.8479801003749556 0.77469089598882768 0.3738894613403263 -1.0979835992953817 1.6151064007178597 1.5382609362187594 0.80129664278030399 -1.4861276191213859 -1.2192213415354491 -2.9743922817707062 -0.17624764740467072 -2.3255675305490908 0.65680293526500466 0.55083802768162327 1.2722138963341714 -1.6931215548515319 0.24934591293334962 0.044799012778748551 1.1381541512229227 0.66023368372448854
leaf_weight=923 178 27 23 20 28 20 41 22 36 30 39 21 33 61 23 23 25 23 40 20 40 23 80 21 25 30 25 2668 22 42
leaf_count=923 178 27 23 20 28 20 41 22 36 30 39 21 33 61 23 23 25 23 40 20 40 23 80 21 25 30 25 2668 22 42
internal_value=-1.0637e-09 0.0321283 -0.14997 0.510551 -0.00627647 0.0773893 0.528315 0.755499 0.933633 0.420362 1.41482 2.12233 1.21122 -0.278614 -0.187739 0.508088 -0.0184454 -0.266421 -0.463665 -1.19369 -0.22329 -0.96092 0.0306484 -0.609857 0.248685 0.0591425 -0.810182 0.0356183 0.0560729 -0.122088
internal_weight=4632 3667 730 119 96 2937 249 208 186 90 96 60 60 611 550 68 45 527 327 81 246 63 183 61 160 135 55 2688 200 965
internal_count=4632 3667 730 119 96 2937 249 208 186 90 96 60 60 611 550 68 45 527 327 81 246 63 183 61 160 135 55 2688 200 965
is_linear=0
shrinkage=0.05


Tree=164
num_leaves=31
num_cat=0
split_feature=6 7 5 4 5 3 4 4 5 4 1 3 4 3 1 3 3 7 7 4 7 6 7 1 3 5 6 5 3 4
split_gain=7223.08 9009.71 7204.22 12979.1 10632.8 8171.59 29604.5 11958.2 9001.73 6853.73 39715.9 27389.5 48925.5 24895.2 23012.4 17676.5 25339.6 26831.5 26525.1 25370.4 21283 15680.6 7870.89 6784.65 6562.98 10902.4 8423.6 20823.6 17503.8 12299.9
threshold=10505.100000000002 3297.5479166666673 10430.500000000002 9907.8500000000022 10298.600000000002 851.95000000000016 9584.8500000000022 10084.800000000001 10029.950000000003 9756.7000000000025 1.0000000180025095e-35 827.1500000000002 8848.3000000000011 815.05000000000007 3.5000000000000004 827.1500000000002 806.90000000000009 3277.0166666666673 3294.5312500000005 10084.800000000001 3305.8562500000012 9386.6500000000015 3337.1187500000001 3.5000000000000004 797.25000000000011 9714.3500000000022 9146.2000000000025 9747.1000000000022 757.60000000000014 9197.4500000000025
decision_type=2 2 2 2 2 2 2 2 2 2 2 2 2 2 2 2 2 2 2 2 2 2 2 2 2 2 2 2 2 2
left_child=2 -2 4 -4 5 9 -7 8 -8 11 21 13 -13 24 -14 16 17 -12 -19 -20 -17 -11 -21 -18 26 -26 29 28 -28 -1
right_child=1 -3 3 -5 -6 6 7 -9 -10 10 15 12 14 -15 -16 20 23 18 19 22 -22 -23 -24 -25 25 -27 27 -29 -30 -31
leaf_value=-0.016571779241906597 -0.11534074544906617 1.3509623788974503 1.3893271613121034 -0.27584728706966749 -0.84521651958164412 1.8502168478789152 -1.3503232450712295 0.86397630870342257 0.13185470700263976 -0.16170831352472306 1.8468889224913814 0.73230172844231134 -0.86534456922894432 1.3529495947288745 -3.1793511516668582 0.16069122182911841 -0.2291809368133545 -1.3711811325766825 1.5171620616546044 0.48186134696006777 1.9807823754019207 -2.0759944770647132 -0.81486853456497199 -1.4331112688237972 -1.4596632094610307 0.085695970058441165 0.33136856727302078 -0.78017080326875055 2.0872309386730197 -0.62125286889630704
leaf_weight=3804 20 22 25 22 38 27 21 20 20 20 31 25 21 33 22 29 25 22 39 22 36 23 25 22 21 25 40 24 22 86
leaf_count=3804 20 22 25 22 38 27 21 20 20 20 31 25 21 33 22 29 25 22 39 22 36 23 25 22 21 25 40 24 22 86
internal_value=7.95731e-10 0.652723 -0.00597263 0.609884 -0.012344 -0.00531868 0.471769 -0.138363 -0.62731 -0.0148237 0.218416 -0.0314554 -1.02662 -0.014767 -2.04925 0.45895 0.210904 0.55026 0.178079 0.574402 1.16874 -1.18563 -0.207889 -0.792723 -0.025989 -0.619794 -0.019119 0.470346 0.954417 -0.0299401
internal_weight=4632 42 4590 47 4543 4505 88 61 41 4417 294 4123 68 4055 43 251 186 139 108 86 65 43 47 47 4022 46 3976 86 62 3890
internal_count=4632 42 4590 47 4543 4505 88 61 41 4417 294 4123 68 4055 43 251 186 139 108 86 65 43 47 47 4022 46 3976 86 62 3890
is_linear=0
shrinkage=0.05


Tree=165
num_leaves=31
num_cat=0
split_feature=6 6 4 4 6 3 6 4 3 4 3 3 6 3 7 7 6 6 6 5 6 5 5 1 4 0 6 7 7 5
split_gain=6636.7 16116.3 13576.8 12150.1 19744.6 18959.6 17244.9 15713.6 13963.6 21258.1 10405.7 14016.3 10110.6 7417.61 18180.1 46295.1 13864 21733.2 16759.7 21350 17463.9 11016.3 8161.83 19954.8 24544.6 5775.23 12264.6 14006.5 20338.2 20730.2
threshold=9874.4500000000025 9924.1500000000015 10365.050000000001 10243.150000000003 9989.3500000000022 797.25000000000011 10505.100000000002 9005.4000000000015 859.55000000000007 9550.0500000000011 831.70000000000016 844.95000000000016 9808.5000000000018 828.80000000000007 3308.8062500000001 3333.0791666666669 9613.2000000000025 9728.9000000000015 9497.9500000000025 9714.3500000000022 9244.2000000000025 9104.1500000000015 9104.1500000000015 4.5000000000000009 7328.1000000000013 2.5000000000000004 540.10000000000014 3211.5770833333336 3264.1458333333344 21.350000000000005
decision_type=2 2 2 2 2 2 2 2 2 2 2 2 2 2 2 2 2 2 2 2 2 2 2 2 2 2 2 2 2 2
left_child=12 -2 3 4 -3 -6 7 -7 9 -9 -11 -12 13 16 -15 -16 18 -18 19 20 22 -22 25 24 -24 26 27 -1 -29 -30
right_child=1 2 -4 -5 5 6 -8 8 -10 10 11 -13 -14 14 15 -17 17 -19 -20 -21 21 -23 23 -25 -26 -27 -28 28 29 -31
leaf_value=1.1889092338085174 1.2973812910818285 1.18907154765394 1.1765791504471392 -1.0983181787573775 1.3290390347892589 0.48540590805442713 0.78485292038983767 -2.4329219922423366 0.14052707812724971 -1.2736875695340775 0.79144827235828752 -0.95577527868251 -0.93184797485669457 1.4428307644526166 -2.0204483722150326 0.95152277601392654 -1.7779744310038432 0.27247503101825715 1.1481388507350798 -1.6484724462032319 0.27923724078215084 1.8401006460189819 -2.2824758524480075 0.79993850350379947 -0.11146992643674214 0.012907567404418945 -1.2646860092878343 -0.75453053393063296 0.45835699055057311 -0.26762309258425593
leaf_weight=20 31 36 27 23 22 38 36 20 39 34 22 24 30 30 20 38 28 24 31 20 26 20 23 20 30 3361 24 113 156 266
leaf_count=20 31 36 27 23 22 38 36 20 39 34 22 24 30 30 20 38 28 24 31 20 26 20 23 20 30 3361 24 113 156 266
internal_value=2.59262e-09 0.208695 0.103557 0.00501442 0.0986552 -0.0683873 -0.212722 -0.415619 -0.661942 -0.974906 -0.610402 -0.120147 -0.0171637 -0.0107071 0.443566 -0.0732949 -0.0203121 -0.831613 -0.0100475 -0.0188496 -0.0108199 0.957874 -0.0219238 -0.545785 -1.0536 -0.0122178 -0.158066 -0.110212 -0.158778 0.000748692
internal_weight=4632 352 321 294 271 235 213 177 139 100 80 46 4280 4250 88 58 4162 52 4110 4079 4059 46 4013 73 53 3940 579 555 535 422
internal_count=4632 352 321 294 271 235 213 177 139 100 80 46 4280 4250 88 58 4162 52 4110 4079 4059 46 4013 73 53 3940 579 555 535 422
is_linear=0
shrinkage=0.05


Tree=166
num_leaves=31
num_cat=0
split_feature=5 5 6 6 3 5 1 0 3 0 3 1 3 4 6 3 7 7 4 4 4 4 0 7 0 6 3 4 5 5
split_gain=6515.4 42243.8 30347.4 25890 21565.8 28485.9 22496.5 18647.8 17284.2 29283.6 20423.1 18049.2 18291.6 21073 22850.4 30924 52072 42358.1 26976.2 23974.3 16771.2 26238.2 20414.7 15880 15691.6 18297.6 28633.8 22993.6 27331.2 21405.5
threshold=100.00000000000001 109.10000000000001 672.30000000000007 563.60000000000014 3.7500000000000004 75.250000000000014 2.5000000000000004 1.0000000180025095e-35 12.250000000000002 21.500000000000004 16.900000000000002 5.5000000000000009 39.750000000000007 445.80000000000007 21.350000000000005 23.450000000000003 3276.6041666666665 3294.0833333333335 136.80000000000004 30.450000000000006 248.00000000000003 21.350000000000005 3.5000000000000004 3263.4750000000004 17.500000000000004 85.950000000000017 31.250000000000004 178.85000000000002 160.10000000000005 183.85000000000005
decision_type=2 2 2 2 2 2 2 2 2 2 2 2 2 2 2 2 2 2 2 2 2 2 2 2 2 2 2 2 2 2
left_child=2 -2 3 4 -1 8 -7 -3 9 20 23 12 13 14 18 17 -17 -16 -12 -18 21 -6 -23 -10 25 26 27 28 -9 -29
right_child=1 7 -4 -5 5 6 -8 24 10 -11 11 -13 -14 -15 15 16 19 -19 -20 -21 -22 22 -24 -25 -26 -27 -28 29 -30 -31
leaf_value=-0.25758072434987883 1.4961813179814087 -0.81486969228946815 -2.0233071812987329 1.6806169280693646 -0.1532229689664619 0.18502559432616603 -1.7950410410761835 2.0981123844782514 0.59970234916323706 2.2662094612121582 0.1983884354244988 1.3780206086057607 1.0800878065682593 -1.5661298785890851 2.273529551142738 -3.1104077458381654 1.1883421766757967 -0.80135947267214458 2.3534939992427826 -1.2598336543142796 -0.47087220079623737 2.6730675643140618 0.66780696074167889 -0.9789018605694626 -0.22836887226750455 0.038671476178811226 2.125569960474968 0.84855648952981699 0.35653850300347106 -0.98882382874395336
leaf_weight=794 49 66 20 21 43 26 32 27 21 25 53 33 42 21 21 21 20 24 20 20 39 22 30 66 480 2362 24 23 136 51
leaf_count=794 49 66 20 21 43 26 32 27 21 25 53 33 42 21 21 21 20 24 20 20 39 22 30 66 480 2362 24 23 136 51
internal_value=4.10831e-09 0.0393086 -0.0894591 -0.0617138 -0.0883627 0.143691 -0.907425 0.016782 0.260706 0.695247 0.0698437 0.281081 0.131498 -0.0677058 0.108087 -0.360725 -1.09424 0.633589 0.788828 -0.0357457 0.402157 0.760559 1.51619 -0.597859 0.0344711 0.0825699 0.479842 0.313186 0.64502 -0.417746
internal_weight=4632 3218 1414 1394 1373 579 58 3169 521 159 362 275 242 200 179 106 61 45 73 40 134 95 52 87 3103 2623 261 237 163 74
internal_count=4632 3218 1414 1394 1373 579 58 3169 521 159 362 275 242 200 179 106 61 45 73 40 134 95 52 87 3103 2623 261 237 163 74
is_linear=0
shrinkage=0.05


Tree=167
num_leaves=31
num_cat=0
split_feature=5 5 3 4 4 7 7 5 6 6 4 1 7 4 3 7 3 3 6 7 5 3 1 3 5 6 5 6 1 6
split_gain=6377.73 10943.8 8392.39 25293.3 18204 13379.6 13908.6 7058.27 20958.5 17388.9 5621.95 27282.4 12677 26020.6 18681 13160.2 35532.4 15794.8 11097.3 10158.4 7472.84 13189.2 23545.5 7207.21 12666.4 18389.3 12942.5 7121.03 6257.12 19339
threshold=10430.500000000002 10595.750000000002 851.95000000000016 9885.0500000000011 10084.800000000001 3331.1916666666671 3298.7229166666671 10162.150000000003 9786.0500000000011 10105.550000000001 9756.7000000000025 1.0000000180025095e-35 3305.8562500000012 10084.800000000001 827.1500000000002 3277.0166666666673 806.90000000000009 795.30000000000007 9613.2000000000025 3348.2604166666674 10051.650000000003 827.1500000000002 2.5000000000000004 813.10000000000002 9747.1000000000022 9704.5000000000018 9371.5500000000011 8906.3000000000011 4.5000000000000009 8870.7000000000025
decision_type=2 2 2 2 2 2 2 2 2 2 2 2 2 2 2 2 2 2 2 2 2 2 2 2 2 2 2 2 2 2
left_child=2 -2 7 5 -5 6 -4 10 -9 -10 20 18 15 27 19 16 -13 -17 -12 -15 21 23 -23 24 25 26 28 -14 -1 -30
right_child=1 -3 3 4 -6 -7 -8 8 9 -11 11 12 13 14 -16 17 -18 -19 -20 -21 -22 22 -24 -25 -26 -27 -28 -29 29 -31
leaf_value=-0.056994567605896509 1.229328498670033 -0.16861604899168015 0.74363963852326087 -1.3809659879207612 0.61591489315032966 -0.0045476818084716798 2.5289671874046329 -1.7575416772261911 0.93465128168463707 -0.73706954768725808 -0.18833490461111069 1.7068937762578331 0.88710624660764426 -0.82750365325382791 1.4777833080291749 -1.4726011104583741 -0.74752546178883517 0.4125584572553635 -1.8156702601909638 0.54361683780496772 0.91778268132890983 0.52675314426422115 -1.660180629347451 0.7418132087876721 -1.1028231479503492 1.3935232545046703 -1.1819683487216632 2.0720419570803643 0.046067964452178894 1.257197786692311
leaf_weight=2814 28 28 24 25 21 20 20 23 28 35 22 30 21 35 20 25 29 20 20 22 21 20 32 31 27 23 24 32 1078 34
leaf_count=2814 28 28 24 25 21 20 20 23 28 35 22 30 21 35 20 25 29 20 20 22 21 20 32 31 27 23 24 32 1078 34
internal_value=-6.18389e-10 0.530356 -0.00649037 0.424962 -0.469346 1.06775 1.55515 -0.0171173 -0.465705 0.00591749 -0.00830938 0.210127 0.420735 0.749901 0.163021 0.00927612 0.500484 -0.634752 -0.963257 -0.298299 -0.0229996 -0.0278383 -0.819052 -0.0176316 -0.0235173 -0.0161825 -0.0243909 1.60254 -0.0173145 0.0830989
internal_weight=4632 56 4576 110 46 64 44 4466 86 63 4380 276 234 130 77 104 59 45 42 57 4104 4083 52 4031 4000 3973 3950 53 3926 1112
internal_count=4632 56 4576 110 46 64 44 4466 86 63 4380 276 234 130 77 104 59 45 42 57 4104 4083 52 4031 4000 3973 3950 53 3926 1112
is_linear=0
shrinkage=0.05


Tree=168
num_leaves=31
num_cat=0
split_feature=6 6 0 3 0 3 7 1 4 5 4 4 7 3 7 5 4 3 7 4 7 4 7 3 3 4 6 7 5 5
split_gain=5957.01 39370.3 13426 20608.6 10675.9 38604.7 22910.6 9426.91 26926.1 18765.3 32086.2 30916.1 20603.7 18443.2 13085.8 13908.7 18653.3 12911.7 11890 11658.6 10699.1 9683.29 12257.4 19508.7 33969.6 24910.7 19543.8 15166.3 38068.5 24425.8
threshold=245.35000000000005 227.10000000000002 1.5000000000000002 1.3500000000000003 3.5000000000000004 14.350000000000003 3289.8020833333335 1.0000000180025095e-35 9790.6500000000015 229.25000000000003 5536.0500000000011 7260.1500000000005 3271.6479166666672 797.25000000000011 3284.5020833333342 5022.9000000000005 544.15000000000009 872.35000000000002 3342.1437500000006 8938.8500000000022 3394.5541666666672 9790.6500000000015 3305.8562500000012 851.95000000000016 831.70000000000016 10084.800000000001 9332.0500000000011 3277.0166666666673 9776.6000000000022 9747.1000000000022
decision_type=2 2 2 2 2 2 2 2 2 2 2 2 2 2 2 2 2 2 2 2 2 2 2 2 2 2 2 2 2 2
left_child=1 -1 3 -2 5 6 -4 8 9 -6 14 -12 -13 -10 -11 16 -16 20 19 -14 21 -9 27 24 25 26 -24 28 -23 -29
right_child=2 -3 4 -5 7 -7 -8 17 13 10 11 12 18 -15 15 -17 -18 -19 -20 -21 -22 22 23 -25 -26 -27 -28 29 -30 -31
leaf_value=-0.03127428741893392 0.01995085865952248 -1.5270451079474556 -1.3079686361810436 -1.7853269612789155 1.5062653447844481 2.2704986337423327 0.6914229156155336 -0.032314134388279292 -1.8127132807088935 -0.96386484545330675 2.2627024292945861 1.4444766342846884 0.19908878393471241 0.031713671846823263 -0.45166434888486506 -0.86153958577376144 1.3204228789517374 1.0049279600381851 0.94744431246881899 -1.2961271613836289 -0.59752689288375349 1.6265038637553944 2.1285087422088345 -0.60804573794205985 2.2296457669697705 -0.27320487499237062 0.094729877653576086 -1.7555209875106812 -0.63632827924519053 0.26664155868347733
leaf_weight=1965 43 45 23 25 38 25 38 1688 23 43 30 36 32 33 27 26 33 32 23 22 74 34 27 30 32 63 21 28 41 32
leaf_count=1965 43 45 23 25 38 25 38 1688 23 43 30 36 32 33 27 26 33 32 23 22 74 34 27 30 32 63 21 28 41 32
internal_value=-3.86603e-10 -0.0647617 0.0496457 -0.643754 0.0681074 0.615736 -0.062446 0.0490247 0.283209 0.465485 0.320082 0.835871 0.457066 -0.725819 -0.251684 0.104407 0.522984 0.00824858 -0.004581 -0.410073 -0.00715903 0.0147284 0.272546 0.551182 0.794376 0.380605 1.23873 -0.0845214 0.389489 -0.677034
internal_weight=4632 2010 2622 68 2554 86 61 2468 366 310 272 143 113 56 129 86 60 2102 77 54 2070 1996 308 173 143 111 48 135 75 60
internal_count=4632 2010 2622 68 2554 86 61 2468 366 310 272 143 113 56 129 86 60 2102 77 54 2070 1996 308 173 143 111 48 135 75 60
is_linear=0
shrinkage=0.05


Tree=169
num_leaves=31
num_cat=0
split_feature=0 6 5 5 7 6 1 7 7 7 7 6 6 4 3 7 6 7 5 0 3 6 7 5 3 0 0 5 0 1
split_gain=5727.84 10147.1 22671.1 47850.4 22293.7 21182.5 23670.2 20178.9 31468.6 23865.1 31439.6 16467.3 28226.9 14062.5 34950 13367.6 18687.4 13129.2 11592.2 20671.5 30787.8 16192.4 24080.6 21364.3 15473.1 11972.4 18464.3 21687.2 18871.9 11831.3
threshold=4.5000000000000009 67.40000000000002 287.15000000000003 325.00000000000006 3333.0791666666669 132.65000000000001 5.5000000000000009 3357.1750000000006 3335.5000000000005 3304.3416666666672 3291.1395833333331 48.050000000000004 41.150000000000013 176.15000000000003 4.0500000000000007 3229.1312500000008 110.80000000000003 3268.6729166666673 15.250000000000002 21.500000000000004 17.950000000000003 1.0000000180025095e-35 3322.1562500000005 34.95000000000001 1.0000000180025095e-35 20.500000000000004 18.500000000000004 103.30000000000003 19.500000000000004 3.5000000000000004
decision_type=2 2 2 2 2 2 2 2 2 2 2 2 2 2 2 2 2 2 2 2 2 2 2 2 2 2 2 2 2 2
left_child=-1 2 11 -4 13 6 7 8 9 10 15 12 18 14 -5 -3 17 -17 -2 21 24 23 -23 -20 -21 26 27 -25 -28 -29
right_child=1 5 3 4 -6 -7 -8 -9 -10 -11 -12 -13 -14 -15 -16 16 -18 -19 19 20 -22 22 -24 25 -26 -27 28 29 -30 -31
leaf_value=-0.10838592993085867 0.050190047159791001 -0.47887859230949764 2.5414569087650469 -0.38536561500458494 -1.1850949210780006 0.029120074214768556 -0.58684713680569722 -0.47198871056238811 2.7983731853961946 -0.4802703657571008 2.7293358065865259 -1.0407070091513337 1.5397624036540156 -0.42262250735209544 2.4993242769014268 -0.36597022286483222 1.9536985663504436 1.227728933095932 -1.3918272868446682 -1.1446819339692593 -2.8282751455903057 -0.15506244318559767 -2.1854540099268376 -0.389512026650565 0.53135370754060296 1.0863895492120224 -1.6591382283430833 2.1746751153469086 0.24591161826482189 0.45484151110053067
leaf_weight=965 200 21 23 21 28 2688 41 30 20 34 22 61 23 26 21 28 29 24 23 40 20 40 23 35 21 33 26 20 26 20
leaf_count=965 200 21 23 21 28 2688 41 30 20 34 22 61 23 26 21 28 29 24 23 40 20 40 23 35 21 33 26 20 26 20
internal_value=1.77193e-09 0.0285226 -0.138308 0.493074 0.00231551 0.0699888 0.511174 0.727611 0.929791 0.693262 1.01504 -0.261277 -0.174832 0.491249 1.05698 0.645286 0.936736 0.369583 -0.249662 -0.433058 -1.12586 -0.204941 -0.896317 0.0330729 -0.567686 0.237902 0.0174293 0.519432 -0.706613 1.31476
internal_weight=4632 3667 730 119 96 2937 249 208 178 158 124 611 550 68 42 102 81 52 527 327 81 246 63 183 61 160 127 75 52 40
internal_count=4632 3667 730 119 96 2937 249 208 178 158 124 611 550 68 42 102 81 52 527 327 81 246 63 183 61 160 127 75 52 40
is_linear=0
shrinkage=0.05


Tree=170
num_leaves=31
num_cat=0
split_feature=7 1 7 0 1 3 6 6 4 1 6 3 4 7 6 6 3 5 4 4 4 4 5 7 5 4 7 4 0 6
split_gain=5679.9 16341.8 13701.4 8770.4 8185.54 7994.59 6055.19 33043.8 14963.8 11183.5 11445.9 13962.4 81507.6 19944 16050.1 27901.5 24356.9 16361.9 14405 29610.4 15126.2 11026.1 15631.3 15518 17173.2 14165.6 18478.7 17598.6 13422.6 28696.4
threshold=3418.2000000000003 5.5000000000000009 3399.479166666667 18.500000000000004 5.5000000000000009 6.6500000000000012 245.35000000000005 227.10000000000002 2978.6000000000004 3.5000000000000004 209.10000000000005 17.950000000000003 273.15000000000003 3358.1250000000005 16.800000000000004 76.90000000000002 27.150000000000002 62.050000000000004 265.45000000000005 364.85000000000008 544.15000000000009 429.30000000000001 264.75000000000006 3374.1062500000007 94.750000000000014 296.35000000000008 3354.9958333333343 140.10000000000002 3.5000000000000004 21.350000000000005
decision_type=2 2 2 2 2 2 2 2 2 2 2 2 2 2 2 2 2 2 2 2 2 2 2 2 2 2 2 2 2 2
left_child=2 3 6 -2 5 -4 7 8 9 21 11 18 13 14 16 -16 -13 -17 -11 -20 -21 23 -23 25 -25 26 28 -28 -1 -30
right_child=1 -3 4 -5 -6 -7 -8 -9 -10 10 -12 12 -14 -15 15 17 -18 -19 19 20 -22 22 -24 24 -26 -27 27 -29 29 -31
leaf_value=-0.37256481557629495 1.5499914202425216 -0.74720092352479694 -1.1145924763246018 0.18757874170939129 -1.4659446001052858 0.066911091419254873 0.055947336979652811 -1.4319858551025391 -1.2978705209234489 0.19080682583862829 -1.0471846634149553 2.0042919717453147 2.8808672462740255 -1.4088512060046197 -1.468638778615881 1.6304260635375976 -0.11951033980758102 -0.28828097057342528 -1.4350045296161071 0.99513906836509713 -0.3328334667132451 -0.30862973156243062 -1.7891830705461047 0.0074909634060329857 1.9405605173110965 0.61052236960484441 -0.42197203944469319 -2.0828170386227693 -0.33132036255965058 0.41396008054877131
leaf_weight=262 27 20 22 21 22 41 2541 43 23 420 20 27 31 20 27 20 27 25 46 32 65 118 21 27 20 65 58 22 242 277
leaf_count=262 27 20 22 21 22 41 2541 43 23 420 20 27 31 20 27 20 27 25 46 32 65 118 21 27 20 65 58 22 242 277
internal_value=3.02191e-09 0.453602 -0.0067583 0.953936 -0.635629 -0.345677 0.00517606 -0.0613925 -0.0302919 -0.0147181 0.133108 0.165008 0.552357 0.0579475 0.290773 -0.197941 0.942391 0.564478 0.0432308 -0.390209 0.105261 -0.115751 -0.53231 -0.056242 0.830074 -0.101228 -0.15496 -0.878704 -0.0808253 0.0664497
internal_weight=4632 68 4564 48 85 63 4479 1938 1895 1872 760 740 177 146 126 72 54 45 563 143 97 1112 139 973 47 926 861 80 781 519
internal_count=4632 68 4564 48 85 63 4479 1938 1895 1872 760 740 177 146 126 72 54 45 563 143 97 1112 139 973 47 926 861 80 781 519
is_linear=0
shrinkage=0.05


Tree=171
num_leaves=31
num_cat=0
split_feature=6 7 5 4 5 7 3 4 5 3 7 5 6 6 6 1 6 7 6 5 5 5 7 5 4 4 6 0 6 7
split_gain=5354.85 7861.8 5577.92 11815.2 9766.58 13504.6 6754.84 24998.1 12169 4981.38 20524.1 29917.4 7916.05 17447.2 13576.9 35774.2 21958.3 18286.4 12877 7378.96 16979.8 13655.1 6911.16 10204.4 6805.51 14229.1 13504.4 4000.45 10481.5 12769.6
threshold=10505.100000000002 3297.5479166666673 10430.500000000002 9907.8500000000022 10269.000000000002 3315.7000000000007 851.95000000000016 9584.8500000000022 9806.6000000000022 834.70000000000016 3292.7666666666669 9920.1500000000015 9899.1500000000015 10105.550000000001 9613.2000000000025 3.5000000000000004 9537.6000000000022 3283.7375000000006 10276.400000000003 9481.7000000000025 9316.3000000000011 9747.1000000000022 3290.2895833333337 9895.2500000000018 10084.800000000001 9931.9500000000025 8906.3000000000011 2.5000000000000004 540.10000000000014 3211.5770833333336
decision_type=2 2 2 2 2 2 2 2 2 2 2 2 2 2 2 2 2 2 2 2 2 2 2 2 2 2 2 2 2 2
left_child=2 -2 4 -4 6 -6 9 -8 -9 12 -11 -12 14 22 16 17 19 -16 -15 20 24 -21 -14 -24 25 27 -26 28 29 -1
right_child=1 -3 3 -5 5 -7 7 8 -10 10 11 -13 13 18 15 -17 -18 -19 -20 21 -22 -23 23 -25 26 -27 -28 -29 -30 -31
leaf_value=1.1501522696018218 -0.15546195983886721 1.214249909195033 1.2804362783432008 -0.30832415060563523 -1.4096381762932086 0.21273266750833264 1.6953687005572851 0.7800479206171903 -0.71257367697026996 0.89019792287246047 -1.8294462532656537 0.36330302570547379 1.5637073017932752 -0.82105074778601939 -2.7002995533602583 0.56094028577208521 1.5713761503046211 -0.58777738504111765 0.56044511718134726 1.5923794925212862 -1.3453343272209168 -0.21277819330042061 -0.27021071076393127 1.3270024824142457 0.28685339036441987 1.0454993445426226 -1.4668670685394951 0.0077510913373981501 -1.1575411225979528 -0.1366550116435947
leaf_weight=20 20 22 25 22 29 23 27 22 36 23 35 28 27 37 21 32 22 20 31 20 24 22 20 20 21 32 23 3369 24 535
leaf_count=20 20 22 25 22 29 23 27 22 36 23 35 28 27 37 21 32 22 20 31 20 24 22 20 20 21 32 23 3369 24 535
internal_value=-2.03512e-09 0.562006 -0.00514254 0.536761 -0.0107489 -0.692051 -0.00286025 0.438628 -0.146407 -0.0113774 -0.388181 -0.854891 -0.0038762 0.372969 -0.0160325 -0.691942 -0.00403314 -1.6698 -0.191251 -0.0125072 -0.0193481 0.646821 0.945611 0.528396 -0.0114396 -0.00460276 -0.629864 -0.0131142 -0.134522 -0.0902836
internal_weight=4632 42 4590 47 4543 52 4491 85 58 4406 86 63 4320 135 4185 73 4112 41 68 4090 4048 42 67 40 4024 3980 44 3948 579 555
internal_count=4632 42 4590 47 4543 52 4491 85 58 4406 86 63 4320 135 4185 73 4112 41 68 4090 4048 42 67 40 4024 3980 44 3948 579 555
is_linear=0
shrinkage=0.05


Tree=172
num_leaves=31
num_cat=0
split_feature=7 7 7 1 7 7 6 3 6 5 6 6 4 4 6 3 6 4 6 3 5 5 3 1 4 3 5 3 1 4
split_gain=5171.84 13020.1 22272.7 12908.8 15448.7 23575.1 16560 13262 11150.8 11567 11169.5 28544.7 14212.5 24406.6 12966.6 12251.8 14669.3 36134.7 13937.8 27028.6 19416.2 25861.3 11003.9 10536 27191.9 23657.5 41941 36397 19330.1 31973.3
threshold=3282.3166666666671 3286.6458333333335 3287.7395833333339 5.5000000000000009 3284.5020833333342 3283.7375000000006 336.4500000000001 9.2500000000000018 10505.100000000002 10430.500000000002 10133.050000000001 10084.35 10084.800000000001 9334.8000000000011 9989.3500000000022 844.95000000000016 9786.0500000000011 9453.4000000000015 9386.6500000000015 788.75000000000011 9962.7500000000018 9606.5500000000011 859.55000000000007 1.0000000180025095e-35 9790.6500000000015 576.10000000000014 160.10000000000005 4.0500000000000007 1.5000000000000002 8938.8500000000022
decision_type=2 2 2 2 2 2 2 2 2 2 2 2 2 2 2 2 2 2 2 2 2 2 2 2 2 2 2 2 2 2
left_child=23 3 -3 4 5 6 -2 -6 9 10 11 14 13 -12 15 16 18 -18 19 -4 21 -20 -17 24 25 26 27 -1 29 -25
right_child=1 2 8 -5 7 -7 -8 -9 -10 -11 12 -13 -14 -15 -16 22 17 -19 20 -21 -22 -23 -24 28 -26 -27 -28 -29 -30 -31
leaf_value=0.16680177253153591 1.8277608012159665 -1.2214060441901289 0.02206362252512609 -0.59309366544087727 0.3986873189608256 -0.89228905518849688 0.0064126124748816868 1.9434056672182951 1.0814970088005065 1.0703961427395161 0.38615891408352626 1.9099054098129273 0.57040853455662732 -1.7480009022193987 -0.94215976817267288 1.3208255645106821 -2.4782900780439379 0.30436147706849237 0.16132715488302296 -1.7795457828612555 -0.59925044831775487 2.332980275612611 -0.13488852183024089 -0.76609500219526983 -1.4939602839946748 1.3653651406951981 -0.7436511550151127 2.6118492966112883 -0.041920306525935008 1.1684790144364039
leaf_weight=45 24 36 2404 24 24 30 26 33 25 26 21 20 20 37 35 34 20 28 29 21 21 26 21 194 20 51 71 23 1219 24
leaf_count=45 24 36 2404 24 24 30 26 33 25 26 21 20 20 37 35 34 20 28 29 21 21 26 21 194 20 51 71 23 1219 24
internal_value=-1.9253e-09 0.0392449 0.0143113 0.47659 0.66398 0.215804 0.88066 1.293 0.0302674 0.0207558 0.0107848 0.0280844 -0.578955 -0.975288 0.0138228 0.026672 0.0107409 -0.855077 0.0273579 0.00646206 0.694102 1.18793 0.765007 -0.0711269 0.259685 0.444279 0.106326 0.993803 -0.119471 -0.553114
internal_weight=4632 2985 2824 161 137 80 50 57 2788 2763 2737 2659 78 58 2639 2604 2549 48 2501 2425 76 55 55 1647 210 190 139 68 1437 218
internal_count=4632 2985 2824 161 137 80 50 57 2788 2763 2737 2659 78 58 2639 2604 2549 48 2501 2425 76 55 55 1647 210 190 139 68 1437 218
is_linear=0
shrinkage=0.05


Tree=173
num_leaves=31
num_cat=0
split_feature=7 1 7 0 1 0 7 7 7 1 7 7 3 0 5 4 6 6 3 6 6 1 7 7 6 3 7 0 4 4
split_gain=4928.21 14566.2 12287.5 7702.42 7328.19 7409.88 5488.34 11230.1 20431.6 11693.1 25693.1 40345.2 67149.8 21689.6 26473.3 20274.8 19024.8 14672.6 27897.1 26392.2 17600.1 11650.2 13942.5 21276.5 14945.4 11969 10496.1 16626 17591.9 17227.3
threshold=3418.2000000000003 5.5000000000000009 3399.479166666667 18.500000000000004 5.5000000000000009 15.500000000000002 3282.3166666666671 3286.6458333333335 3287.7395833333339 5.5000000000000009 3319.4916666666668 3346.6541666666667 751.25000000000011 7.5000000000000009 5303.8500000000013 64.850000000000009 126.45000000000002 56.95000000000001 416.60000000000008 7687.7500000000009 458.40000000000003 5.5000000000000009 3284.5020833333342 3283.7375000000006 336.4500000000001 9.2500000000000018 3290.2895833333337 14.500000000000002 248.00000000000003 147.40000000000003
decision_type=2 2 2 2 2 2 2 2 2 2 2 2 2 2 2 2 2 2 2 2 2 2 2 2 2 2 2 2 2 2
left_child=2 3 6 -2 5 -4 -1 21 -9 26 -11 12 13 -12 16 -13 -15 -17 20 -20 -19 22 23 24 -8 -24 27 28 -10 -29
right_child=1 -3 4 -5 -6 -7 7 8 9 10 11 15 -14 14 -16 17 -18 18 19 -21 -22 -23 25 -25 -26 -27 -28 29 -30 -31
leaf_value=-0.067570543806359823 1.4534790345916042 -0.71116876006126406 0.14212055351171229 0.17670907747177853 -1.3874646035107701 -0.953632743270309 1.736372662583987 -1.1603357474009195 -0.938917088508606 0.77219669679922565 -2.8353662714362144 1.7007544824055263 1.7015681944956835 -1.3443765538930894 -2.2894136905670166 1.372617504907691 0.76417984418247054 -0.073792721430460617 2.05080325137014 -0.10603927816893605 -1.9356952772221783 -0.56343897581100466 0.37875289916992189 -0.84767461697260549 0.0060919871697059048 1.8462353820150552 0.014653574473696862 -0.1961645694006057 1.0241045088768006 -2.1769234999366431
leaf_weight=1647 27 20 36 21 22 27 24 36 21 163 20 28 22 20 24 23 23 30 23 37 22 24 24 30 26 33 2110 21 25 23
leaf_count=1647 27 20 36 21 22 27 24 36 21 163 20 28 22 20 24 23 23 30 23 37 22 24 24 30 26 33 2110 21 25 23
internal_value=-1.11851e-09 0.422521 -0.00629524 0.894892 -0.601835 -0.327488 0.00500659 0.0472151 0.02277 0.0389339 0.275805 -0.021665 -0.766332 -1.3904 -0.959065 0.476302 -0.216544 0.222342 -0.0138755 0.72075 -0.861521 0.45276 0.630781 0.205014 0.836627 1.22835 -0.00790195 -0.536704 0.127942 -1.23156
internal_weight=4632 68 4564 48 85 63 4479 2832 2671 2635 435 272 109 87 67 163 43 135 112 60 52 161 137 80 50 57 2200 90 46 44
internal_count=4632 68 4564 48 85 63 4479 2832 2671 2635 435 272 109 87 67 163 43 135 112 60 52 161 137 80 50 57 2200 90 46 44
is_linear=0
shrinkage=0.05


Tree=174
num_leaves=31
num_cat=0
split_feature=5 5 6 6 5 3 5 6 6 3 7 3 3 4 7 4 3 6 6 5 4 0 6 7 7 5 5 3 0 7
split_gain=4898.34 38297.2 26001.2 22938.1 19102.6 22330.5 36970.9 43867.4 35903.1 29015.5 23194.7 22392.4 29792.8 27068.8 16063.1 16822.2 22242 15781.2 32049.9 17155.5 15565.6 15307.4 15115.4 14437.6 13997.2 13602.6 23182.4 18638.1 17031.6 12653.4
threshold=100.00000000000001 109.10000000000001 672.30000000000007 563.60000000000014 23.550000000000004 3.7500000000000004 9.2500000000000018 21.350000000000005 74.350000000000009 33.150000000000013 3305.8562500000012 30.650000000000002 11.65 100.15000000000002 3323.7916666666674 116.05000000000001 17.150000000000002 36.100000000000009 15.250000000000002 34.95000000000001 94.950000000000017 1.0000000180025095e-35 54.750000000000007 3251.6770833333335 3358.8520833333337 75.250000000000014 90.300000000000026 6.6500000000000012 18.500000000000004 3311.4062500000005
decision_type=2 2 2 2 2 2 2 2 2 2 2 2 2 2 2 2 2 2 2 2 2 2 2 2 2 2 2 2 2 2
left_child=2 -2 3 4 5 22 7 9 10 14 -9 12 20 -14 15 16 -7 18 23 -19 -10 -3 -1 -6 -16 27 -27 28 -21 -25
right_child=1 21 -4 -5 17 6 -8 8 11 -11 -12 -13 13 -15 24 -17 -18 19 -20 25 -22 -23 -24 29 -26 26 -28 -29 -30 -31
leaf_value=-0.45596733706539694 1.4212335089943848 -0.74085686057806022 -1.8675898033380509 1.5881098639397395 0.67951066096623736 2.5002635337057573 1.9045094962258426 -2.4892181792259218 -0.25622808754444126 -0.7038429498672486 -0.335399359703064 1.1644585070701747 0.099360022636560297 -1.7885356841860593 3.0102549469470983 -0.4049999988079071 0.17043228089809417 -0.93516390187044951 -2.0808864449009752 -0.61112822470841588 1.5991388897483167 0.0286613605336637 0.091323123890644231 -1.0467875564420546 1.162019547962007 -1.1727974589665731 0.51666825590906917 1.1209423184394838 0.78145296283670385 -0.14498002767199422
leaf_weight=227 49 66 20 21 27 21 35 25 20 22 25 39 39 37 20 20 20 48 33 54 26 3103 284 74 21 45 37 55 37 82
leaf_count=227 49 66 20 21 27 21 35 25 20 22 25 39 39 37 20 20 20 48 33 54 26 3103 284 74 21 45 37 55 37 82
internal_value=6.24782e-10 0.0340833 -0.0775672 -0.0518854 -0.0769691 0.0624028 0.358232 0.19668 -0.24194 0.943041 -1.41231 0.121529 -0.211867 -0.819747 1.29825 0.783839 1.36376 -0.326536 -0.646635 -0.0760231 0.792458 0.0126348 -0.151798 -0.387999 2.0636 0.104849 -0.410478 0.394279 -0.0449139 -0.572761
internal_weight=4632 3218 1414 1394 1373 881 370 335 211 124 50 161 122 76 102 61 41 492 216 276 46 3169 511 183 41 228 82 146 91 156
internal_count=4632 3218 1414 1394 1373 881 370 335 211 124 50 161 122 76 102 61 41 492 216 276 46 3169 511 183 41 228 82 146 91 156
is_linear=0
shrinkage=0.05


Tree=175
num_leaves=31
num_cat=0
split_feature=5 5 6 6 5 3 5 6 6 3 7 3 3 4 4 0 6 6 5 4 0 6 7 0 6 3 4 5 4 1
split_gain=4420.75 34563.2 23466.1 20701.6 17240.1 20153.2 33366.2 39590.4 32402.6 26186.5 20933.2 20209.1 26888 24429.6 16165.9 16775.9 14242.5 28925.1 15482.9 14047.9 13814.9 13641.6 13029.9 12444.5 17699.8 25574.3 19827.1 24783 19211.7 21453.8
threshold=100.00000000000001 109.10000000000001 672.30000000000007 563.60000000000014 23.550000000000004 3.7500000000000004 9.2500000000000018 21.350000000000005 74.350000000000009 33.150000000000013 3305.8562500000012 30.650000000000002 11.65 100.15000000000002 290.4500000000001 4.5000000000000009 36.100000000000009 15.250000000000002 34.95000000000001 94.950000000000017 1.0000000180025095e-35 54.750000000000007 3251.6770833333335 17.500000000000004 85.950000000000017 31.250000000000004 178.85000000000002 160.10000000000005 1.0000000180025095e-35 4.5000000000000009
decision_type=2 2 2 2 2 2 2 2 2 2 2 2 2 2 2 2 2 2 2 2 2 2 2 2 2 2 2 2 2 2
left_child=2 -2 3 4 5 21 7 9 10 14 -9 12 19 -14 15 -7 17 22 -18 -10 -3 -1 -6 24 25 26 27 -22 29 -26
right_child=1 20 -4 -5 16 6 -8 8 11 -11 -12 -13 13 -15 -16 -17 18 -19 -20 -21 23 -23 -24 -25 28 -27 -28 -29 -30 -31
leaf_value=-0.43316896473783761 1.3501718279050321 -0.70381401903701557 -1.7742102019488812 1.5087042756023861 0.64553512566619453 1.6094147516459956 1.8092840341159275 -2.3647573156356816 -0.24341669082641604 -0.66865081353621048 -0.31862940979003906 1.1062355651305271 0.094392046255943107 -1.6991089253812224 2.4336777112700725 0.16086385108721563 -0.88840570030733945 -1.976842128869259 0.099606255722934745 1.5191819425958855 1.9951254587482525 0.086756969054400085 -0.54412250152001018 -0.20684226746981343 -0.92903330818270191 2.0161141226689021 -0.37544934058914314 0.33672497117453637 0.061719437432548513 0.52673193882493408
leaf_weight=227 49 66 20 21 27 41 35 25 20 22 25 39 39 37 22 39 48 33 228 26 27 284 156 480 99 24 74 136 2229 34
leaf_count=227 49 66 20 21 27 41 35 25 20 22 25 39 39 37 22 39 48 33 228 26 27 284 156 480 99 24 74 136 2229 34
internal_value=1.13367e-09 0.0323791 -0.0736889 -0.0492912 -0.0731207 0.0592827 0.34032 0.186846 -0.229843 0.895889 -1.34169 0.115452 -0.201273 -0.77876 1.23334 0.903246 -0.310209 -0.614303 -0.0722219 0.752835 0.0120031 -0.144208 -0.368599 0.0272283 0.0700624 0.460791 0.30329 0.611429 0.0268871 -0.556883
internal_weight=4632 3218 1414 1394 1373 881 370 335 211 124 50 161 122 76 102 80 492 216 276 46 3169 511 183 3103 2623 261 237 163 2362 133
internal_count=4632 3218 1414 1394 1373 881 370 335 211 124 50 161 122 76 102 80 492 216 276 46 3169 511 183 3103 2623 261 237 163 2362 133
is_linear=0
shrinkage=0.05


Tree=176
num_leaves=31
num_cat=0
split_feature=3 7 1 7 0 5 3 3 7 7 1 5 3 3 5 0 4 3 1 4 7 0 3 3 4 6 5 1 5 0
split_gain=4352.32 4369.79 13582.5 9497.51 7111.27 7093.71 9337.45 6264.54 6170.01 4671.2 12622.9 20362.8 28187.6 18263.2 36186.7 31508.6 17056 26159.3 21970.9 22402.3 18958.3 18741.2 23440.9 34832.6 22894.4 17640.6 22483.1 19251.9 17071.9 15370.4
threshold=886.85000000000002 3418.2000000000003 5.5000000000000009 3394.5541666666672 18.500000000000004 7349.1000000000013 3.1500000000000008 26.150000000000002 3403.1062500000003 3281.3041666666672 1.0000000180025095e-35 160.10000000000005 4.0500000000000007 576.10000000000014 8547.0000000000018 12.500000000000002 9954.9000000000033 806.90000000000009 1.5000000000000002 9453.4000000000015 3265.7770833333338 17.500000000000004 13.950000000000001 19.450000000000003 128.35000000000002 9.2500000000000018 109.10000000000001 3.5000000000000004 181.80000000000004 17.500000000000004
decision_type=2 2 2 2 2 2 2 2 2 2 2 2 2 2 2 2 2 2 2 2 2 2 2 2 2 2 2 2 2 2
left_child=1 3 4 9 -3 6 -5 -8 -9 10 11 12 29 -13 -15 -16 18 -18 20 21 -12 -20 25 -24 -25 28 27 -27 -23 -1
right_child=-2 2 -4 5 -6 -7 7 8 -10 -11 16 13 -14 14 15 -17 17 -19 19 -21 -22 22 23 24 -26 26 -28 -29 -30 -31
leaf_value=-0.74064969778060918 0.73599633783102036 1.3875245774233784 -0.70008106976747519 -1.0031120959917705 0.16072748502095541 -1.2862094141188123 0.7738356760569981 -0.79567994737625125 0.38256149291992192 0.041415506983380784 -0.25697960130466052 -0.61463825845200093 2.4400873857995737 2.1533458552930664 0.95297946855425841 -1.6990328334626696 1.8225124435765403 -0.27017731964588165 0.11861041775515441 -0.90435566139221191 -1.2444242051778698 -1.2390741439966055 -2.8662825204077222 -1.5628234227498374 0.7452407032251358 1.403835875193278 -0.60650141929325307 0.0035347611815841114 0.47986359536647805 1.1745361626148225
leaf_weight=20 20 27 20 30 21 21 21 25 20 2818 129 69 23 23 24 21 28 32 773 75 78 52 21 21 22 45 57 54 20 22
leaf_count=20 20 27 20 30 21 21 21 25 20 2818 129 69 23 23 24 21 28 32 773 75 78 52 21 21 22 45 57 54 20 22
internal_value=4.96384e-10 -0.00319166 0.394659 -0.00914541 0.850801 -0.453795 -0.271704 0.0607542 -0.272017 0.00260611 -0.0653646 0.304245 1.03306 -0.0415421 0.539982 -0.284626 -0.118429 0.706411 -0.15517 -0.0691214 -0.62906 -0.0103021 -0.351567 -1.19712 -0.381953 -0.114218 0.18457 0.640035 -0.761591 0.262543
internal_weight=4632 4612 68 4544 48 117 96 66 45 4427 1609 202 65 137 68 45 1407 60 1347 1140 207 1065 292 64 43 228 156 99 72 42
internal_count=4632 4612 68 4544 48 117 96 66 45 4427 1609 202 65 137 68 45 1407 60 1347 1140 207 1065 292 64 43 228 156 99 72 42
is_linear=0
shrinkage=0.05


Tree=177
num_leaves=31
num_cat=0
split_feature=5 5 6 6 5 6 4 6 6 1 6 6 4 0 4 7 1 6 6 6 6 7 7 3 4 3 6 7 5 0
split_gain=4237.12 31146.8 21000.1 18246.5 15904.1 15779.3 26097.8 19659 18181.4 13643.5 37624.7 26633.2 21385.7 41019.2 28998.6 19119.8 32115.8 20370.3 31217.4 17595.7 25903.5 20334.1 19251 14686.8 17627.8 12895.9 31895 30290.7 12526.2 12429.8
threshold=100.00000000000001 109.10000000000001 672.30000000000007 563.60000000000014 16.800000000000004 36.100000000000009 9.2500000000000018 15.250000000000002 54.750000000000007 5.5000000000000009 245.35000000000005 324.45000000000005 125.15000000000002 21.500000000000004 100.15000000000002 3346.6541666666667 1.5000000000000002 239.60000000000002 199.90000000000003 165.80000000000004 221.80000000000004 3337.6979166666665 3358.8520833333337 4.3500000000000005 70.500000000000014 8.9500000000000011 258.30000000000001 3300.6750000000006 73.000000000000014 1.0000000180025095e-35
decision_type=2 2 2 2 2 2 2 2 2 2 2 2 2 2 2 2 2 2 2 2 2 2 2 2 2 2 2 2 2 2
left_child=2 -2 3 4 9 6 -6 28 -7 11 23 12 14 19 15 17 -17 18 -1 21 -21 -14 -23 24 -11 -10 27 -27 -8 -3
right_child=1 29 -4 -5 5 8 7 -9 25 10 -12 -13 13 -15 -16 16 -18 -19 -20 20 -22 22 -24 -25 -26 26 -28 -29 -30 -31
leaf_value=-0.15981949825958952 1.2826690557051679 -0.66662713108640737 -1.6808315593004228 1.4136341158832824 0.19613603688266179 1.412459053695202 -1.0724297733142458 -2.2315306396484376 -0.37674793467386486 0.63176673867485744 2.551045639514923 -1.0289167610265442 -0.39683446130630645 1.9404992831380743 -1.417293309002388 -0.61610884368419649 1.7451749238702989 1.102495744398662 -2.2148977988958358 1.8893812596797943 -0.12243798468261957 1.9395017692020962 -0.13344115366538364 0.93365153214510743 -1.2748970808806244 0.82654709256056591 1.8651475448608399 -1.3324352584779264 -0.08552810315992318 0.026798471068477787
leaf_weight=243 49 66 20 21 73 20 87 25 194 22 20 59 132 38 41 24 36 28 20 32 32 21 24 34 27 33 25 32 51 3103
leaf_count=243 49 66 20 21 73 20 87 25 194 22 20 59 132 38 41 24 36 28 20 32 32 21 24 34 27 33 25 32 51 3103
internal_value=-2.85791e-10 0.0316995 -0.0721422 -0.049062 -0.0714339 -0.28279 -0.589549 -0.941421 -0.0446484 0.0655799 0.604288 -0.0104297 0.0791243 0.413713 -0.159014 -0.0120357 0.800661 -0.179602 -0.316099 0.172975 0.883472 -0.0839277 0.833932 0.13519 -0.418844 -0.147262 0.347409 -0.236337 -0.707705 0.0123567
internal_weight=4632 3218 1414 1394 1373 540 236 163 304 833 103 730 671 279 392 351 60 291 263 241 64 177 45 83 49 284 90 65 138 3169
internal_count=4632 3218 1414 1394 1373 540 236 163 304 833 103 730 671 279 392 351 60 291 263 241 64 177 45 83 49 284 90 65 138 3169
is_linear=0
shrinkage=0.05


Tree=178
num_leaves=31
num_cat=0
split_feature=5 3 6 7 5 7 3 4 5 3 6 4 6 6 6 1 5 4 5 3 4 4 4 1 3 4 6 5 6 4
split_gain=4029.15 10358.7 6132.89 13525.1 7633.37 10926.5 5110.6 25105.9 12611.7 4866.83 18693.7 10646.5 5532.78 18386.1 12430.4 24857.4 14887.7 26252.7 11531.9 10109.3 15856.7 6589.27 13487.2 17348.2 19122.6 14242.9 15255 12249.7 11719.3 11584.8
threshold=10430.500000000002 851.95000000000016 10431.050000000001 3292.7666666666669 10269.000000000002 3315.7000000000007 851.95000000000016 9584.8500000000022 9806.6000000000022 834.70000000000016 9786.0500000000011 10040.150000000003 9899.1500000000015 10105.550000000001 9650.2000000000025 3.5000000000000004 9481.7000000000025 9283.3500000000022 9316.3000000000011 820.55000000000007 9679.1500000000015 10084.800000000001 9584.8500000000022 4.5000000000000009 727.55000000000007 9197.4500000000025 7508.7000000000007 9104.1500000000015 8906.3000000000011 9040.4000000000015
decision_type=2 2 2 2 2 2 2 2 2 2 2 2 2 2 2 2 2 2 2 2 2 2 2 2 2 2 2 2 2 2
left_child=2 -2 4 -4 6 -6 9 -8 -9 12 -11 -12 14 -14 16 -16 18 -18 21 20 -15 22 25 24 -24 27 -27 29 -23 -1
right_child=1 -3 3 -5 5 -7 7 8 -10 10 11 -13 13 19 15 -17 17 -19 -20 -21 -22 28 23 -25 -26 26 -28 -29 -30 -31
leaf_value=-0.0023307794200721262 0.92840696109665766 -0.49081306219100951 -0.39347135305404662 1.3509887304306032 -1.2804783999919893 0.20855808190324088 1.7057614088058473 0.72210415710102438 -0.82339858069564364 0.59819005016357674 -0.39043408158947446 -1.8223078580129717 0.89399264846275095 -0.8466168605145955 -1.5803762793540956 0.36838050087292995 -0.31068661411603293 1.7329766027855151 -1.0643984867976262 -1.2245309360325338 1.0742175362326882 0.23746437316849117 2.1473048354188604 -0.43390615781148273 0.40626775787576386 0.24360387000170622 -1.4275947921805914 -0.93536426816667828 -1.396243749494138 1.1483808440325614
leaf_weight=3771 36 20 20 25 28 22 25 22 33 31 34 21 67 21 36 30 30 33 26 20 22 21 24 30 46 22 36 35 23 22
leaf_count=3771 36 20 20 25 28 22 25 22 33 31 34 21 67 21 36 30 30 33 26 20 22 21 24 30 46 22 36 35 23 22
internal_value=-2.36293e-09 0.421543 -0.00515874 0.575673 -0.0109273 -0.625302 -0.00407199 0.391977 -0.205197 -0.0112712 -0.383713 -0.93715 -0.0038483 0.31739 -0.013827 -0.694578 -0.00291916 0.759804 -0.0147662 -0.295822 0.136136 -0.00799436 -0.00127707 0.572064 1.00319 -0.0160311 -0.793692 -0.00424836 -0.616519 0.00434353
internal_weight=4632 56 4576 45 4531 50 4481 80 55 4401 86 55 4315 130 4185 66 4119 63 4056 63 43 4030 3986 100 70 3886 58 3828 44 3793
internal_count=4632 56 4576 45 4531 50 4481 80 55 4401 86 55 4315 130 4185 66 4119 63 4056 63 43 4030 3986 100 70 3886 58 3828 44 3793
is_linear=0
shrinkage=0.05


Tree=179
num_leaves=31
num_cat=0
split_feature=3 6 4 6 3 5 7 7 3 3 6 3 3 4 3 6 5 5 5 4 6 4 7 5 4 6 7 7 7 4
split_gain=3958.55 3735.18 4088.73 19954.5 10786.1 26209.1 22674.1 35406.8 27597.5 13211.2 8147.47 9736.01 30751.8 34159 29379.3 7675.06 6913.95 8305.87 10662.2 11919.5 19195.8 10504.6 12188.7 11160.6 19622.6 23664.3 15729.8 13261.6 23562.5 20064.7
threshold=886.85000000000002 10595.750000000002 9756.7000000000025 10300.400000000003 827.1500000000002 9962.7500000000018 3351.9333333333338 3333.0791666666669 848.95000000000016 819.00000000000011 10167.750000000002 827.1500000000002 847.35000000000002 8881.8500000000004 813.10000000000002 9924.1500000000015 9747.1000000000022 9481.7000000000025 9104.1500000000015 7137.4000000000005 8906.3000000000011 9197.4500000000025 3284.1750000000006 7040.0500000000011 8754.3500000000004 6968.3000000000002 3227.2583333333332 3300.9604166666672 3313.4750000000008 8881.8500000000004
decision_type=2 2 2 2 2 2 2 2 2 2 2 2 2 2 2 2 2 2 2 2 2 2 2 2 2 2 2 2 2 2
left_child=1 2 3 10 5 -4 7 8 -6 -7 11 14 13 -13 16 -14 17 18 21 -20 -21 23 -23 24 25 -1 -25 29 -29 -28
right_child=-2 -3 4 -5 6 9 -8 -9 -10 -11 -12 12 15 -15 -16 -17 -18 -19 19 20 -22 22 -24 26 -26 -27 27 28 -30 -31
leaf_value=-0.016791814065358519 0.7019133777916432 0.59455722639193898 0.22153836169176633 -1.3277213080175994 1.0136949349622257 -0.42279587462544443 -0.52471727045570937 2.6996468907310849 -0.88238355091639942 -2.0609397888183594 0.75924037843942649 0.23814942978677298 1.0045413253399043 -2.3570820592343806 1.4364090415409634 -0.29829005777835843 -0.67260304927825931 0.86203507681687686 -1.6716025015711786 0.83800997436046609 -1.2754144645872572 0.13907215118408203 -1.0933867808352127 1.582717330115182 1.5361165791749956 -1.0187625233332316 0.068684522644166024 1.4325952677333609 0.166121409842301 -1.4849229765435061
leaf_weight=3299 20 26 180 29 61 32 41 21 28 20 34 21 26 32 35 20 40 27 20 22 21 35 47 21 20 60 155 47 168 24
leaf_count=3299 20 26 180 29 61 32 41 21 28 20 34 21 26 32 35 20 40 27 20 22 21 35 47 21 20 60 155 47 168 24
internal_value=-1.5771e-09 -0.00304386 -0.00643192 -0.0206836 0.149965 -0.0641007 0.47886 0.85292 0.417176 -1.05285 -0.0116026 -0.0179332 -0.50781 -1.32878 -0.00593177 0.438093 -0.0185333 -0.0119366 -0.0179272 -0.663167 -0.194128 -0.0074396 -0.567337 0.00466151 -0.025392 -0.0346895 0.249362 0.178295 0.442978 -0.13962
internal_weight=4632 4612 4586 4203 383 232 151 110 89 52 4174 4140 99 53 4041 46 4006 3966 3939 63 43 3876 82 3794 3379 3359 415 394 215 179
internal_count=4632 4612 4586 4203 383 232 151 110 89 52 4174 4140 99 53 4041 46 4006 3966 3939 63 43 3876 82 3794 3379 3359 415 394 215 179
is_linear=0
shrinkage=0.05


Tree=180
num_leaves=31
num_cat=0
split_feature=5 4 6 7 5 7 3 4 5 3 7 5 6 6 6 1 6 7 6 7 5 5 5 5 4 4 6 6 4 7
split_gain=3724.71 9907.33 5396.8 12278 6674.56 9803.6 4287.13 22196.4 11501.5 4383.46 17859.1 27611.3 5061.7 16528.7 11284.5 30016.2 17344.5 16221 9262.42 6287.02 8749.01 5228.08 13495.5 11365.8 6161.08 11248.8 10576.7 3178.23 4138.65 32828
threshold=10430.500000000002 9907.8500000000022 10431.050000000001 3292.7666666666669 10269.000000000002 3315.7000000000007 851.95000000000016 9584.8500000000022 9806.6000000000022 834.70000000000016 3292.7666666666669 9920.1500000000015 9899.1500000000015 10105.550000000001 9613.2000000000025 3.5000000000000004 9537.6000000000022 3283.7375000000006 10276.400000000003 3290.2895833333337 9895.2500000000018 9481.7000000000025 9316.3000000000011 9747.1000000000022 10084.800000000001 9931.9500000000025 8906.3000000000011 9244.2000000000025 9584.8500000000022 3310.5354166666671
decision_type=2 2 2 2 2 2 2 2 2 2 2 2 2 2 2 2 2 2 2 2 2 2 2 2 2 2 2 2 2 2
left_child=2 -2 4 -4 6 -6 9 -8 -9 12 -11 -12 14 19 16 17 21 -16 -15 -14 -21 22 24 -23 25 27 -26 28 -1 -30
right_child=1 -3 3 -5 5 -7 7 8 -10 10 11 -13 13 18 15 -17 -18 -19 -20 20 -22 23 -24 -25 26 -27 -28 -29 29 -31
leaf_value=-0.019416995212019124 0.9812545642256737 -0.36262946724891665 -0.38348353624343878 1.2786089867353441 -1.2054647505283356 0.20498472384431143 1.5940936536788941 0.6828206284479662 -0.79309048435904772 0.82847853899002077 -1.735616093572296 0.37092994196074353 1.4399765214158429 -0.78588039762264972 -2.4955381506965275 0.51837109122425318 1.3980338779362766 -0.50589109539985655 0.44556469000302834 -0.2869480174779892 1.1919879120588301 1.407996220588684 -1.1975421826044719 -0.23891024426980453 0.21451422714051749 0.93182672578841452 -1.3375085343485296 0.5415704149466295 1.4138749683604521 -0.97288351020216945
leaf_weight=3863 32 24 20 25 28 22 25 22 33 23 35 28 27 37 21 32 22 20 26 20 20 20 24 22 21 32 23 26 34 25
leaf_count=3863 32 24 20 25 28 22 25 22 33 23 35 28 27 37 21 32 22 20 26 20 20 20 24 22 21 32 23 26 34 25
internal_value=-2.90404e-09 0.405304 -0.00496002 0.539901 -0.0103714 -0.584867 -0.003961 0.35878 -0.202726 -0.0105548 -0.364018 -0.799373 -0.00351012 0.303748 -0.0130546 -0.629264 -0.00211507 -1.52498 -0.277665 0.85045 0.45252 -0.00964643 -0.0154046 0.545331 -0.00835408 -0.00184897 -0.59677 -0.00941676 -0.0130694 0.402537
internal_weight=4632 56 4576 45 4531 50 4481 80 55 4401 86 63 4315 130 4185 73 4112 41 63 67 40 4090 4048 42 4024 3980 44 3948 3922 59
internal_count=4632 56 4576 45 4531 50 4481 80 55 4401 86 63 4315 130 4185 73 4112 41 63 67 40 4090 4048 42 4024 3980 44 3948 3922 59
is_linear=0
shrinkage=0.05


Tree=181
num_leaves=31
num_cat=0
split_feature=5 5 6 6 5 6 4 6 6 3 6 6 3 3 3 4 0 7 7 4 3 4 6 3 6 7 5 0 6 7
split_gain=3611.99 28241.3 18952.6 16467.5 14353.5 14240.8 23553.3 17742.3 16408.8 12372.2 29987.8 38345.7 21951.9 18503 19737.7 22364.3 18300.3 17071 14710.1 35255.2 37048.5 13795 11861.1 11638.5 28785.3 27337.3 11304.9 11120.1 11414.8 14926.1
threshold=100.00000000000001 109.10000000000001 672.30000000000007 563.60000000000014 16.800000000000004 36.100000000000009 9.2500000000000018 15.250000000000002 54.750000000000007 3.7500000000000004 30.200000000000006 67.40000000000002 33.150000000000013 30.650000000000002 23.450000000000003 19.850000000000005 17.500000000000004 3322.7458333333338 3323.7916666666674 116.05000000000001 17.150000000000002 160.65000000000001 50.750000000000007 8.9500000000000011 258.30000000000001 3300.6750000000006 73.000000000000014 1.0000000180025095e-35 94.050000000000011 3291.7187500000005
decision_type=2 2 2 2 2 2 2 2 2 2 2 2 2 2 2 2 2 2 2 2 2 2 2 2 2 2 2 2 2 2
left_child=2 22 3 4 9 6 -6 26 -7 -1 12 -12 18 14 15 -13 -17 -15 19 20 -11 -20 -2 -10 25 -25 -8 28 29 -3
right_child=1 27 -4 -5 5 8 7 -9 23 10 11 13 -14 17 -16 16 -18 -19 21 -21 -22 -23 -24 24 -26 -27 -28 -29 -30 -31
leaf_value=-0.10142704440836868 0.28372427374124526 -1.1228912836313247 -1.5948630416393281 1.3448793470859528 0.18825623433883876 1.3437630825303497 -1.0168812997724819 -2.1180271468162539 -0.35598357646274814 2.8735851657887301 -1.6528595422253465 -0.98576991200447095 -0.55911239437434979 1.9112208233429837 -1.4289134010024693 -0.094167274513909993 1.411801774878251 -0.031799194291234019 0.84061700820922847 -0.78845313191413879 0.032938376272266562 2.5872740993132961 1.8664890083773384 0.78714668967507107 1.7738171920776367 -1.2638865265995265 -0.079324716563318298 0.024509032451944763 -1.5012342194716135 0.76441389755769218
leaf_weight=479 20 20 20 21 73 20 87 25 194 24 33 30 23 26 23 43 38 20 20 26 22 26 29 33 25 32 51 3103 24 22
leaf_count=479 20 20 20 21 73 20 87 25 194 24 33 30 23 26 23 43 38 20 20 26 22 26 29 33 25 32 51 3103 24 22
internal_value=-6.61969e-10 0.0292678 -0.0666081 -0.0446819 -0.0659352 -0.266724 -0.558145 -0.892423 -0.040489 0.0642278 0.288377 -0.0860443 0.853991 0.201205 -0.0958122 0.180416 0.612337 1.06643 1.12943 0.683207 1.51501 1.82786 1.22046 -0.137972 0.331966 -0.222593 -0.670393 0.0108492 -0.631369 -0.134303
internal_weight=4632 3218 1414 1394 1373 540 236 163 304 833 354 213 141 180 134 111 81 46 118 72 46 46 49 284 90 65 138 3169 66 42
internal_count=4632 3218 1414 1394 1373 540 236 163 304 833 354 213 141 180 134 111 81 46 118 72 46 46 49 284 90 65 138 3169 66 42
is_linear=0
shrinkage=0.05


Tree=182
num_leaves=31
num_cat=0
split_feature=7 7 7 5 5 6 3 3 5 7 7 3 7 7 5 1 3 6 7 4 5 4 7 4 5 4 1 0 4 7
split_gain=3530.72 10898.2 16908.2 10903.2 31851.8 11062.4 13823.3 20753.1 20274.6 9121.98 19916.2 24126.2 18379.2 20199 38530.2 19511.7 23209.7 41323.8 27773.6 22179.5 41162.5 25533.5 19934.1 18533.8 36565.9 20617.1 22549.8 19531.9 18633.3 16878.8
threshold=3282.3166666666671 3286.6458333333335 3287.7395833333339 25.750000000000004 86.750000000000014 149.25000000000003 206.50000000000003 430.15000000000003 8868.7500000000018 3263.4750000000004 3259.0125000000003 1.0500000000000003 3253.7562500000008 3249.9625000000005 19.850000000000005 3.5000000000000004 13.550000000000002 105.15000000000002 3191.9708333333338 9386.6500000000015 9220.3500000000022 788.45000000000016 3222.2583333333337 9386.6500000000015 9185.8500000000004 11.800000000000002 1.0000000180025095e-35 20.500000000000004 9969.5000000000018 3267.8666666666668
decision_type=2 2 2 2 2 2 2 2 2 2 2 2 2 2 2 2 2 2 2 2 2 2 2 2 2 2 2 2 2 2
left_child=9 3 -3 -2 -5 -6 -7 -8 -9 10 12 -12 13 15 -15 23 -17 -18 -19 20 21 -20 -23 24 25 27 -27 -1 -25 -11
right_child=1 2 -4 4 5 6 7 8 -10 29 11 -13 -14 14 -16 16 17 18 19 -21 -22 22 -24 28 -26 26 -28 -29 -30 -31
leaf_value=0.78837219725052521 1.3701433961208052 -1.0670520514249802 0.023516783158266798 -1.5896615934371949 1.4795651747630192 -0.74837140207705299 2.0196900177001953 -0.95926969984303367 1.1401386877764828 -0.77591439757834779 -0.53763598049840622 1.0970967694937463 -0.63654750907986335 -1.2284805679321291 1.2414605000217758 -0.26054940523908421 2.7451415669918062 -1.2732841615443646 -0.59074820081392931 1.7830216277030209 -1.7855730000138283 2.2815849869339555 0.53194319220577801 -2.0360366003853936 1.612436967757013 0.43845748990318001 -0.75492459762732966 -0.96236194428943456 -0.037826961874961852 -0.087880205291699862
leaf_weight=66 26 36 2788 20 26 23 20 23 23 110 31 83 116 20 75 136 20 23 27 31 20 27 41 28 27 49 206 21 20 470
leaf_count=66 26 36 2788 20 26 23 20 23 23 110 31 83 116 20 75 136 20 23 27 31 20 27 41 28 27 49 206 21 20 470
internal_value=8.58819e-10 0.0324259 0.00961435 0.432549 0.251976 0.57226 0.307205 0.675057 0.0904345 -0.0587683 0.0279878 0.652564 -0.0467255 0.0350181 0.721473 -0.0528704 0.23756 0.595988 0.341651 0.596058 0.276094 0.710129 1.22665 -0.279225 -0.159001 -0.298851 -0.525608 0.365781 -1.20345 -0.218369
internal_weight=4632 2985 2824 161 135 115 89 66 46 1647 1067 114 953 837 95 742 325 189 169 146 115 95 68 417 369 342 255 87 48 580
internal_count=4632 2985 2824 161 135 115 89 66 46 1647 1067 114 953 837 95 742 325 189 169 146 115 95 68 417 369 342 255 87 48 580
is_linear=0
shrinkage=0.05


Tree=183
num_leaves=31
num_cat=0
split_feature=3 7 4 7 1 0 7 7 0 5 3 6 1 3 0 5 4 1 3 0 6 4 3 3 6 6 4 1 6 5
split_gain=3519.96 3458.73 12446.7 8535.25 5597.88 6690.25 3482.47 12664.1 17863.8 36960.4 31148.6 16989.2 18590.3 28878.7 41362.3 34038.7 21193.8 19031.9 43501.2 21719.6 16920.2 30732.6 29536 28706.1 20650.2 16616.1 19032.8 16505.2 16302 13061
threshold=886.85000000000002 3418.2000000000003 572.50000000000011 3399.479166666667 5.5000000000000009 15.500000000000002 3279.5354166666671 3271.6479166666672 12.500000000000002 9843.0000000000018 774.10000000000014 10167.750000000002 3.5000000000000004 13.550000000000002 4.5000000000000009 4995.7000000000007 157.20000000000002 1.0000000180025095e-35 596.20000000000016 4.5000000000000009 9497.9500000000025 2778.4500000000003 544.1500000000002 10.550000000000002 7574.1500000000005 69.600000000000009 59.70000000000001 1.5000000000000002 117.25000000000001 8740.3000000000011
decision_type=2 2 2 2 2 2 2 2 2 2 2 2 2 2 2 2 2 2 2 2 2 2 2 2 2 2 2 2 2 2
left_child=1 3 -3 6 5 -5 7 8 11 10 29 12 17 14 -14 16 -15 18 19 -1 21 23 -23 -9 -24 26 -19 -25 -27 -10
right_child=-2 2 -4 4 -6 -7 -8 20 9 -11 -12 -13 13 15 -16 -17 -18 25 -20 -21 -22 22 24 27 -26 28 -28 -29 -30 -31
leaf_value=0.76736452617952899 0.66188748121261609 -0.23223799986717031 1.135553768225785 0.16703041725688511 -1.2393341398239137 -0.8741552264602096 0.033495888325429976 -0.080807177829849836 -0.11881489428036873 -1.8201271315415699 1.5585737157751014 1.2374735719627805 -0.69507071366128725 0.92553488924059768 1.2845053713869405 0.16793627597857266 2.6249368290416899 1.077770716547966 2.4607375367121267 -1.1537902412669998 -1.667606625997502 2.1238275807836784 -1.2679894405603411 -2.5444978032793322 0.95189806277101696 -1.7971427347349085 -0.46466150164604186 -0.87411752295494072 -0.38481974792285045 -1.1455238233913076
leaf_weight=31 20 39 29 36 20 27 2906 111 505 33 27 36 92 43 37 80 32 40 22 28 23 23 20 21 22 23 40 50 183 33
leaf_count=31 20 39 29 36 20 27 2906 111 505 33 27 36 92 43 37 80 32 40 22 28 23 23 20 21 22 23 40 50 183 33
internal_value=9.02168e-10 -0.00287028 0.351085 -0.00816715 -0.510552 -0.279192 0.00118006 -0.0592121 0.00619462 -0.193623 -0.0986236 0.180126 0.121655 0.425391 -0.127285 0.885361 1.65061 -0.113388 0.56319 -0.14437 -0.3705 -0.249716 0.683539 -0.583022 -0.105191 -0.305007 0.306555 -1.36817 -0.542506 -0.181791
internal_weight=4632 4612 68 4544 83 63 4461 1555 1285 598 565 687 651 284 129 155 75 367 81 59 270 247 65 182 42 286 80 71 206 538
internal_count=4632 4612 68 4544 83 63 4461 1555 1285 598 565 687 651 284 129 155 75 367 81 59 270 247 65 182 42 286 80 71 206 538
is_linear=0
shrinkage=0.05


Tree=184
num_leaves=31
num_cat=0
split_feature=3 7 1 7 5 3 6 6 7 4 7 7 7 5 7 1 0 3 7 7 1 6 5 0 7 7 5 6 1 1
split_gain=3176.76 3121.5 11985.9 7886.93 9916.72 16020.2 16928 19797.3 12146.7 11965.3 9177.05 19311.8 17766.3 27488 20886.8 18492.1 16962.6 15802 9276.34 8761.37 16829.4 37432.6 12656.8 17776.5 10637.9 6658.2 24463.4 31656.3 19341.8 33886.7
threshold=886.85000000000002 3418.2000000000003 5.5000000000000009 3388.8562500000003 8901.7000000000025 447.55000000000007 2537.1000000000008 149.25000000000003 3399.479166666667 212.60000000000002 3382.8354166666672 3380.1479166666672 3374.1062500000007 100.00000000000001 3369.8625000000006 3.5000000000000004 11.500000000000002 2.5500000000000003 3371.5354166666675 3360.7916666666674 1.5000000000000002 209.10000000000005 7662.7500000000009 15.500000000000002 3358.8520833333337 3345.8145833333338 1.0000000180025095e-35 209.10000000000005 5.5000000000000009 1.0000000180025095e-35
decision_type=2 2 2 2 2 2 2 2 2 2 2 2 2 2 2 2 2 2 2 2 2 2 2 2 2 2 2 2 2 2
left_child=1 3 -3 10 5 6 7 9 -9 -5 11 12 14 -14 19 -15 -12 -16 -19 24 21 -21 23 -22 25 -1 27 -27 29 -28
right_child=-2 2 -4 4 -6 -7 -8 8 -10 -11 16 -13 13 15 17 -17 -18 18 -20 20 22 -23 -24 -25 -26 26 28 -29 -30 -31
leaf_value=-0.017902193871956584 0.62879314512014395 0.76202534697949886 -0.69485641509294516 -1.3487142045157299 -1.283782203992208 0.8881387761660986 -1.7678468418121338 1.5481403237581253 -0.17359626435098197 0.13935885429382325 -0.16088350885792782 -1.1573437074820201 -0.45109678166253231 2.5355428737142813 0.22903093980706257 0.50788938457315624 1.3763900545590064 -2.1540075778961181 -0.76383852618081238 -1.6754450697165268 2.0736222192164391 0.7738013482246644 -0.20668348371982576 0.33558356421334401 -0.86259664549595783 2.0294510042345202 0.71285209626920765 -0.40109374466396519 0.80421034855575402 -0.71878928395528952
leaf_weight=3639 20 48 20 35 24 28 20 20 21 22 38 36 28 23 23 22 34 21 28 26 31 39 20 28 36 37 62 21 58 124
leaf_count=3639 20 48 20 35 24 28 20 20 21 22 38 36 28 23 23 22 34 21 28 26 31 39 20 28 36 37 62 21 58 124
internal_value=-9.23079e-10 -0.00272677 0.333531 -0.00775879 -0.341892 -0.187061 -0.442193 -0.171651 0.666275 -0.77437 0.00522764 -0.0041418 0.00558987 0.778909 -0.00787359 1.54425 0.565051 -0.852138 -1.35963 0.00687696 0.390011 -0.205897 0.880316 1.24879 -0.00699565 0.000820044 0.226417 1.14943 0.00701295 -0.241575
internal_weight=4632 4612 68 4544 170 146 118 98 41 57 4374 4302 4266 73 4193 45 72 72 49 4121 144 65 79 59 3977 3941 302 58 244 186
internal_count=4632 4612 68 4544 170 146 118 98 41 57 4374 4302 4266 73 4193 45 72 72 49 4121 144 65 79 59 3977 3941 302 58 244 186
is_linear=0
shrinkage=0.05


Tree=185
num_leaves=31
num_cat=0
split_feature=5 5 4 6 5 5 1 1 3 4 1 5 3 1 5 3 7 5 5 4 6 4 7 3 5 7 5 5 5 5
split_gain=3120.78 9391.21 4985.49 37951.4 24730.6 11201.1 10502 18940.3 8503.05 27531.9 7612.01 5962.4 15019.4 14343.9 11768 10958.9 50174.1 13361.3 17346.1 15128.5 26150.8 23697.8 12379 5334.3 3724.95 25654.8 15211.9 9312.08 8066.14 12064.4
threshold=10430.500000000002 10595.750000000002 10340.150000000003 10005.300000000001 9714.3500000000022 10217.6 4.5000000000000009 2.5000000000000004 851.95000000000016 9907.8500000000022 4.5000000000000009 9987.0000000000018 830.25000000000011 2.5000000000000004 9920.1500000000015 830.25000000000011 3292.7666666666669 9481.7000000000025 9316.3000000000011 9283.3500000000022 10035.500000000002 8820.6500000000033 3330.0083333333337 782.6500000000002 9025.5000000000018 3337.1187500000001 9141.2500000000018 8931.6500000000033 8836.0500000000011 8616.2000000000025
decision_type=2 2 2 2 2 2 2 2 2 2 2 2 2 2 2 2 2 2 2 2 2 2 2 2 2 2 2 2 2 2
left_child=2 -2 5 4 -4 8 7 -7 11 10 -10 14 13 -13 15 17 -17 18 23 21 -21 -19 -18 24 27 26 -26 28 29 -1
right_child=1 -3 3 -5 -6 6 -8 -9 9 -11 -12 12 -14 -15 -16 16 22 19 -20 20 -22 -23 -24 -25 25 -27 -28 -29 -30 -31
leaf_value=-0.016000629020837483 1.0184892458575112 -0.27650204726627897 0.76691857759769144 2.0461296240488691 -1.3745841673442296 -0.23491308623126575 0.35047459148225335 -2.1071248964829876 1.6185059866484472 -0.76884941128747808 0.38919419527053833 -1.9884589862823487 0.46938186953465144 -0.30094746579142179 0.95299750394187877 1.3043018204825265 -2.5934010598063471 0.89610046914645614 -1.1732957374304533 2.1213373517990113 -0.17918776742049627 -1.3258456286929903 -0.83421404972672475 0.68316059399928364 -1.7553921769062679 1.1869673645496368 -0.11949353615442913 0.74696411395945206 -0.69154038734214263 0.59706085680461507
leaf_weight=3758 28 28 26 24 28 35 21 22 34 28 20 20 30 34 32 21 20 28 32 30 21 21 20 28 27 20 30 41 43 82
leaf_count=3758 28 28 26 24 28 35 21 22 34 28 20 20 30 34 32 21 20 28 32 30 21 21 20 28 27 20 30 41 43 82
internal_value=-3.40108e-10 0.370994 -0.00454013 0.391777 -0.34349 -0.0114127 -0.605368 -0.957521 -0.000931118 0.503479 1.16321 -0.0104658 -0.427618 -0.925952 -0.0022287 -0.00946869 -0.674786 0.00028482 -0.013775 0.571252 1.17406 -0.0561621 -1.71381 -0.00456556 -0.00937844 -0.35378 -0.894393 -0.00262031 -0.0105351 -0.00290921
internal_weight=4632 56 4576 78 54 4498 78 57 4420 82 54 4338 84 54 4254 4222 61 4161 4061 100 51 49 40 4029 4001 77 57 3924 3883 3840
internal_count=4632 56 4576 78 54 4498 78 57 4420 82 54 4338 84 54 4254 4222 61 4161 4061 100 51 49 40 4029 4001 77 57 3924 3883 3840
is_linear=0
shrinkage=0.05


Tree=186
num_leaves=31
num_cat=0
split_feature=5 4 6 5 4 3 4 1 4 6 6 6 3 6 6 6 1 6 7 7 7 7 5 5 5 4 6 4 4 7
split_gain=2859.16 17776.1 50399.2 6661.24 8308.66 6277.26 16167.7 21683.4 13501.8 3595.08 6473.79 7051 6100.05 27859.4 17863.7 10300.3 25856.6 15400.1 13587.7 5786.76 8737.22 5564.59 4126.76 10540.6 9146.37 5919.87 9895.88 9302.89 3008.27 16514.4
threshold=10367.350000000002 10010.050000000001 10084.35 10269.000000000002 9885.0500000000011 851.95000000000016 9885.0500000000011 2.5000000000000004 10084.800000000001 10276.400000000003 10105.550000000001 10197.250000000002 834.70000000000016 9849.1000000000022 9899.1500000000015 9613.2000000000025 3.5000000000000004 9537.6000000000022 3283.7375000000006 3290.2895833333337 3328.7812500000005 3319.4916666666668 9481.7000000000025 9316.3000000000011 9747.1000000000022 10084.800000000001 8906.3000000000011 9931.9500000000025 21.350000000000005 3304.3416666666672
decision_type=2 2 2 2 2 2 2 2 2 2 2 2 2 2 2 2 2 2 2 2 2 2 2 2 2 2 2 2 2 2
left_child=3 2 -2 5 -5 9 7 -7 -8 10 12 -12 14 -14 15 17 18 22 -17 -16 -21 -11 23 25 -24 27 -27 28 29 -1
right_child=1 -3 -4 4 -6 6 8 -9 -10 21 11 -13 13 -15 19 16 -18 -19 -20 20 -22 -23 24 -25 -26 26 -28 -29 -30 -31
leaf_value=-0.10555763494483916 2.6903690598550298 -0.89997767607371015 -0.54997557486806603 -1.2457169809068243 0.1161239817028954 2.2695600682497026 -1.2852157652378082 0.2162191606230206 0.55202654838562015 0.81879754960536966 -1.2783658061708723 -0.011157116682633111 0.43113178840050337 -1.5594386338256301 1.3768391155534321 -2.3200421116181782 0.46474064327776432 1.3181028972972524 -0.49904190421104433 -0.30948687374591827 1.168452652692795 -0.21419460678642449 1.2586057150363923 -1.0581824779510498 -0.21877570165829227 0.20074029082343695 -1.3004993449086728 0.84824556615203628 -0.031335487469302557 0.33165786480250425
leaf_weight=529 21 21 28 24 21 20 20 36 20 32 21 23 39 32 27 21 32 22 20 20 20 22 20 24 22 21 23 32 3054 365
leaf_count=529 21 21 28 24 21 20 20 36 20 32 21 23 39 32 27 21 32 22 20 20 20 22 20 24 22 21 23 32 3054 365
internal_value=1.99786e-09 0.317127 0.838744 -0.00486604 -0.610191 0.00116443 0.401159 0.949555 -0.366595 -0.00752128 -0.0125351 -0.615961 -0.00639337 -0.466027 0.0012816 -0.0116857 -0.600411 -0.00123409 -1.43175 0.811253 0.429483 0.397949 -0.00833077 -0.0134466 0.484739 -0.00721559 -0.583999 -0.000839093 -0.00772124 0.0729476
internal_weight=4632 70 49 4562 45 4517 96 56 40 4421 4367 44 4323 71 4252 4185 73 4112 41 67 40 54 4090 4048 42 4024 44 3980 3948 894
internal_count=4632 70 49 4562 45 4517 96 56 40 4421 4367 44 4323 71 4252 4185 73 4112 41 67 40 54 4090 4048 42 4024 44 3980 3948 894
is_linear=0
shrinkage=0.05


Tree=187
num_leaves=31
num_cat=0
split_feature=0 5 7 5 7 7 0 5 4 6 7 6 4 3 5 5 3 5 6 1 6 6 6 0 3 0 5 5 3 3
split_gain=2879.13 10140.7 28785.3 26676.9 20790.3 17583.5 11845.7 15029.6 14437.1 13132.3 25077 11370 15145.4 13672.8 13077.2 11641.1 8941.11 8407.96 9117 6537.43 4949.81 14697.6 45295.1 31145.8 21757.9 17399.2 15782.4 50694.5 15906.4 29349
threshold=2.5000000000000004 271.30000000000007 3327.2500000000005 195.60000000000005 3282.3166666666671 3293.3750000000005 1.0000000180025095e-35 21.350000000000005 364.85000000000008 2.3500000000000005 3300.2250000000004 61.900000000000006 15.250000000000002 16.900000000000002 42.500000000000007 25.750000000000004 10.550000000000002 103.30000000000003 129.95000000000002 2.5000000000000004 67.40000000000002 48.050000000000004 43.550000000000004 5.5000000000000009 8.9500000000000011 20.500000000000004 287.15000000000003 325.00000000000006 18.950000000000003 11.65
decision_type=2 2 2 2 2 2 2 2 2 2 2 2 2 2 2 2 2 2 2 2 2 2 2 2 2 2 2 2 2 2
left_child=1 3 4 6 -3 -5 7 16 11 -9 -11 12 15 17 -14 -8 19 18 -13 -1 21 22 26 -23 25 -25 28 -28 29 -2
right_child=20 2 -4 5 -6 -7 8 9 -10 10 -12 13 14 -15 -16 -17 -18 -19 -20 -21 -22 23 -24 24 -26 -27 27 -29 -30 -31
leaf_value=-0.23338611240570364 -0.19749719179011718 -0.85537331104278569 -1.6895192871491116 -0.026057413220405581 1.054744798972689 1.915050311812333 -0.20573247516155246 -1.2577679316202799 0.77530485700677954 -0.9214945087432862 1.3661806210227636 -1.5780623067509045 0.1066759981607136 -1.6831284578048415 -1.2050711959502416 1.3053725884510923 1.500397398074468 0.43540503203868869 -0.38544457110307984 0.84984244982401536 0.044547091546592144 0.83400034705797832 2.165423707858376 -1.5642003402113915 -2.6455188536643983 0.43262502744793896 2.3470292744813146 -0.086976195032735473 -0.65311530932364326 0.93784800474460317
leaf_weight=26 458 28 36 20 29 28 25 24 27 25 23 22 38 31 38 26 24 20 59 30 3147 24 23 24 20 20 27 103 142 65
leaf_count=26 458 28 36 20 29 28 25 24 27 25 23 22 38 31 38 26 24 20 59 30 3147 24 23 24 20 20 27 103 142 65
internal_value=-1.3264e-09 -0.104295 -0.58264 -0.0127603 0.116441 1.10626 -0.135392 0.221284 -0.324954 -0.302801 0.174683 -0.439653 -0.101911 -0.764602 -0.549198 0.564635 0.69296 -0.482678 -0.709365 0.346915 0.0148993 -0.0880824 -0.0220293 -0.702076 -1.2781 -0.656552 -0.0853141 0.418548 -0.183813 -0.0563931
internal_weight=4632 579 93 486 57 48 438 152 286 72 48 259 127 132 76 51 80 101 81 56 4053 906 818 88 64 44 795 130 665 523
internal_count=4632 579 93 486 57 48 438 152 286 72 48 259 127 132 76 51 80 101 81 56 4053 906 818 88 64 44 795 130 665 523
is_linear=0
shrinkage=0.05


Tree=188
num_leaves=31
num_cat=0
split_feature=7 7 5 3 5 1 3 5 4 7 7 7 5 7 1 0 4 7 1 6 5 0 7 7 7 4 5 6 6 5
split_gain=2729.67 9989.77 12502 15028.9 11488.3 13869.2 9929.04 10122.4 9983.32 8129.87 17489.1 15748.3 24529 19122.5 15575.1 15228.6 14425.2 7469.06 15579.8 33053.1 11703.7 16270.5 9844.17 6920.83 20330.5 22413.3 17968 32146 24261.9 16468.1
threshold=3388.8562500000003 3412.8145833333342 8901.7000000000025 447.55000000000007 130.60000000000002 5.5000000000000009 65.500000000000014 62.050000000000004 125.15000000000002 3382.8354166666672 3380.1479166666672 3374.1062500000007 100.00000000000001 3369.8625000000006 3.5000000000000004 11.500000000000002 168.40000000000003 3360.7916666666674 1.5000000000000002 209.10000000000005 7662.7500000000009 15.500000000000002 3358.8520833333337 3348.9458333333337 3351.9333333333338 152.35000000000002 4803.3500000000013 311.30000000000007 7462.7500000000009 1.0000000180025095e-35
decision_type=2 2 2 2 2 2 2 2 2 2 2 2 2 2 2 2 2 2 2 2 2 2 2 2 2 2 2 2 2 2
left_child=9 2 3 6 -3 -6 7 -2 -9 10 11 13 -13 17 -14 -11 -15 22 19 -19 21 -20 23 -1 25 -25 27 29 -28 -26
right_child=1 4 -4 -5 5 -7 -8 8 -10 15 -12 12 14 16 -16 -17 -18 18 20 -21 -22 -23 -24 24 26 -27 28 -29 -30 -31
leaf_value=-0.011083124064621301 -0.83182008011000497 1.079174124783483 -1.4521981626749039 0.94962748133617902 0.48606387534562279 -1.1250951835377652 -1.309417200776247 1.1021677119391304 -0.36358313743884746 -0.15192318715547259 -1.0972619560029773 -0.43429992369243076 2.3235893448193869 0.076034588473183784 0.48176588470285592 1.304657723447856 -1.3757171592929147 -1.5897305176808285 1.9797350361823076 0.71178490626506319 -0.20898225627839567 0.31694916955062324 -0.82507603135373864 -0.24125327587127687 0.93403841257095344 1.6117259938666164 -2.0547295245257291 1.8743599587908157 0.052850067863861719 -0.64007665768817623
leaf_weight=3724 35 29 24 23 34 22 26 21 26 38 36 28 24 28 22 34 44 26 31 39 20 28 36 25 24 47 22 26 36 54
leaf_count=3724 35 29 24 23 34 22 26 21 26 38 36 28 24 28 22 34 44 26 31 39 20 28 36 25 24 47 22 26 36 54
internal_value=6.02786e-10 -0.164197 -0.403081 -0.210876 0.271413 -0.146891 -0.45802 -0.188065 0.291327 0.00897254 0.000190303 0.00941259 0.732495 -0.00329716 1.44272 0.535907 -0.811147 0.0107592 0.364537 -0.208821 0.836288 1.19062 -0.00199595 0.00549038 0.26925 0.96833 -0.0414525 0.35179 -0.746577 -0.155734
internal_weight=4632 240 155 131 85 56 108 82 47 4392 4320 4284 74 4210 46 72 72 4138 144 65 79 59 3994 3958 234 72 162 104 58 78
internal_count=4632 240 155 131 85 56 108 82 47 4392 4320 4284 74 4210 46 72 72 4138 144 65 79 59 3994 3958 234 72 162 104 58 78
is_linear=0
shrinkage=0.05


Tree=189
num_leaves=31
num_cat=0
split_feature=3 6 4 6 3 5 7 7 3 3 7 4 6 3 3 1 4 3 1 3 7 3 7 7 5 7 4 7 5 6
split_gain=2734.3 2822.79 3313.82 18795.1 10653.6 20222 19138.9 30720.8 23840.7 12653.6 7032.13 7008.37 8464.75 8258.17 23426.6 21502.8 12510.3 17042 6065.66 18557.6 28547.9 18348.6 20193.8 6197.48 4279.7 29244.8 26242.3 14380.6 10702.7 9486.36
threshold=886.85000000000002 10595.750000000002 9756.7000000000025 10300.400000000003 827.1500000000002 9962.7500000000018 3351.9333333333338 3333.0791666666669 848.95000000000016 819.00000000000011 3281.8729166666676 9704.5000000000018 10167.750000000002 827.1500000000002 815.05000000000007 1.5000000000000002 8848.3000000000011 847.35000000000002 5.5000000000000009 806.90000000000009 3344.4770833333337 779.15000000000009 3306.3958333333335 3277.0166666666673 9025.5000000000018 3340.5520833333335 7168.4000000000005 3282.7708333333335 9481.7000000000025 9146.2000000000025
decision_type=2 2 2 2 2 2 2 2 2 2 2 2 2 2 2 2 2 2 2 2 2 2 2 2 2 2 2 2 2 2
left_child=1 2 3 11 5 18 7 8 10 -7 -6 12 13 14 24 -15 -17 -18 19 20 21 22 23 -4 29 26 -26 28 -28 -1
right_child=-2 -3 4 -5 6 9 -8 -9 -10 -11 -12 -13 -14 15 -16 16 17 -19 -20 -21 -22 -23 -24 -25 25 -27 27 -29 -30 -31
leaf_value=-0.0071453717800594105 0.58336246728897101 0.51698124236785448 0.38766807675361636 -1.2868046719452431 0.31019018840789797 -0.32931240014731888 -0.45983531940274125 2.5260439043953307 -0.807898770059858 -1.9325183534622192 1.4017739082376162 -0.84414147877693191 0.8056037744507194 0.77732317352294933 1.4412225164473058 0.043096647614782511 -2.2506417237795318 -0.30927363693714144 -0.50278492569923405 -1.0818090677261354 -0.77901449427008629 1.9964513503271961 1.4813801046212516 -0.85706868767738342 -2.1438814309510317 1.3294692168633144 -1.4412582699741636 0.50121671050786976 -0.14559183475133536 0.84425623127908411
leaf_weight=3812 20 26 20 29 25 32 41 21 28 20 36 25 32 25 28 22 26 20 28 21 32 29 30 20 22 24 28 40 37 33
leaf_count=3812 20 26 20 29 25 32 41 21 28 20 36 25 32 25 28 22 26 20 28 21 32 29 30 20 22 24 28 40 37 33
internal_value=7.24912e-10 -0.00252976 -0.00547509 -0.0183054 0.135323 -0.0774238 0.462193 0.805858 0.399971 -0.94593 0.954404 -0.00949215 -0.00446293 -0.0107593 6.19721e-06 -0.476569 -0.937559 -1.40657 0.173478 0.298053 0.519252 0.938894 0.500763 -0.2347 -0.0100924 -0.271203 -0.573692 -0.2447 -0.703725 0.000161846
internal_weight=4632 4612 4586 4203 383 232 151 110 89 52 61 4174 4149 4117 4024 93 68 46 180 152 131 99 70 40 3996 151 127 105 65 3845
internal_count=4632 4612 4586 4203 383 232 151 110 89 52 61 4174 4149 4117 4024 93 68 46 180 152 131 99 70 40 3996 151 127 105 65 3845
is_linear=0
shrinkage=0.05


Tree=190
num_leaves=31
num_cat=0
split_feature=5 3 4 6 5 5 6 3 4 5 5 5 7 3 3 7 5 5 5 4 4 4 5 4 4 6 5 7 1 3
split_gain=2653.73 9237.94 4613.56 34043.7 22008.1 9727.99 9807.49 6934.44 23606.7 6702.31 5866.27 21688.1 20202.5 19058.9 13284.7 22718.5 12808.6 14932.8 12243.3 28116.7 6584.11 6450.15 6644.48 7901.49 19813.2 20917.3 16157.8 14323.6 18869.3 10768.2
threshold=10430.500000000002 851.95000000000016 10340.150000000003 10005.300000000001 9714.3500000000022 10217.6 10105.550000000001 851.95000000000016 9907.8500000000022 9962.7500000000018 9943.4500000000025 9895.2500000000018 3269.3083333333338 821.9000000000002 830.25000000000011 3298.7229166666671 9481.7000000000025 9371.5500000000011 9690.8000000000011 9679.1500000000015 9119.0500000000011 10107.700000000003 9270.3500000000022 9584.8500000000022 9197.4500000000025 7508.7000000000007 9104.1500000000015 3339.7770833333338 4.5000000000000009 727.55000000000007
decision_type=2 2 2 2 2 2 2 2 2 2 2 2 2 2 2 2 2 2 2 2 2 2 2 2 2 2 2 2 2 2
left_child=2 -2 5 4 -4 7 -7 10 9 -9 11 14 -12 -14 16 -16 17 21 20 -20 -18 22 23 24 26 -26 -1 28 29 -25
right_child=1 -3 3 -5 -6 6 -8 8 -10 -11 12 -13 13 -15 15 -17 18 -19 19 -21 -22 -23 -24 27 25 -27 -28 -29 -30 -31
leaf_value=0.0076407868712138963 0.82076834506458707 -0.51948014080524441 0.7281833547812242 1.9439286738634109 -1.2920096465519497 -0.0036581811232444571 -1.1249834366333791 0.54817683861173438 -0.72365863834108624 1.6653234842419626 -1.380033718312488 1.6022720329818272 -0.75885946028160323 0.90468782815668325 0.54941179275512697 -1.5743311117677128 0.48306825160980227 -1.3750128635764123 -1.0379649396453585 1.3506532246416265 1.6483296037824067 -0.70157237703149977 0.90940692663192757 2.1577639102935793 0.25188902399756691 -1.7267477533396551 -1.0872201933580286 -0.59046767606185036 -0.43793687405793569 0.71772333238931274
leaf_weight=3794 36 20 26 24 28 39 39 29 28 25 34 21 33 36 20 34 22 20 28 22 27 33 20 21 22 34 34 26 23 34
leaf_count=3794 36 20 26 24 28 39 39 29 28 25 34 21 33 36 20 34 22 20 28 22 27 33 20 21 22 34 34 26 23 34
internal_value=1.09318e-09 0.342108 -0.00418664 0.377061 -0.319324 -0.0107979 -0.564321 -0.00102982 0.454485 1.06537 -0.00964029 -0.000572572 -0.382473 0.109078 -0.00856017 -0.78776 0.00155444 -0.0121441 0.563472 0.0130271 1.12515 -0.00539892 0.000333049 -0.004226 -0.0157426 -0.949426 -0.00208368 0.425874 0.764655 1.26756
internal_weight=4632 56 4576 78 54 4498 78 4420 82 54 4338 4235 103 69 4214 54 4160 4061 99 50 49 4041 4008 3988 3884 56 3828 104 78 55
internal_count=4632 56 4576 78 54 4498 78 4420 82 54 4338 4235 103 69 4214 54 4160 4061 99 50 49 4041 4008 3988 3884 56 3828 104 78 55
is_linear=0
shrinkage=0.05


Tree=191
num_leaves=31
num_cat=0
split_feature=0 5 7 5 7 7 0 4 4 4 7 3 1 7 6 6 7 4 7 5 3 6 6 1 4 6 4 0 7 7
split_gain=2554.03 9238.98 26122.5 23877.1 18763.3 15761.1 10656.2 13889.4 13490.3 33428 21002.6 16372.2 14928.8 13062.8 17400.6 15918.6 5561.22 22126.6 7269.63 12277.3 8971.31 4315 13938.6 44931 30302.9 41441.1 27610 26154.8 23398.6 18046.5
threshold=2.5000000000000004 271.30000000000007 3327.2500000000005 195.60000000000005 3282.3166666666671 3293.3750000000005 1.0000000180025095e-35 208.70000000000002 176.15000000000003 100.15000000000002 3328.2458333333338 1.3500000000000003 5.5000000000000009 3300.2250000000004 64.250000000000014 2.3500000000000005 3322.1562500000005 9.2500000000000018 3276.139583333334 37.050000000000004 5.4500000000000011 67.40000000000002 117.25000000000001 5.5000000000000009 164.10000000000005 108.35000000000001 100.15000000000002 20.500000000000004 3281.3041666666672 3300.6750000000006
decision_type=2 2 2 2 2 2 2 2 2 2 2 2 2 2 2 2 2 2 2 2 2 2 2 2 2 2 2 2 2 2
left_child=1 3 4 6 -3 -5 7 13 9 12 -10 -11 16 14 -1 -15 18 -18 19 -8 -20 -2 23 24 25 26 27 28 -23 -26
right_child=21 2 -4 5 -6 -7 8 -9 10 11 -12 -13 -14 15 -16 -17 17 -19 20 -21 -22 22 -24 -25 29 -27 -28 -29 -30 -31
leaf_value=0.87622171384947645 -0.082118555827777648 -0.81207527858870376 -1.6092536012331646 -0.024225113391876222 1.002536940574646 1.8135415599814484 -0.76422896426584996 -0.67899510685135345 -0.45720445644564744 -0.79764758944511416 1.2674421725734588 -2.8207777830958367 1.0438610951105753 -0.0037259475044582203 -0.81843193146315496 1.699438057576909 1.3048185924347491 -1.047126876115799 -0.43585519598376365 0.69572881956895194 -1.7560673480684106 -1.2245413928196349 0.011207099165959919 -1.1050715386140639 0.57624208248999664 3.1225338969703604 2.3712587873140971 1.830759012060506 0.82085627538186534 -0.93633646242546309
leaf_weight=28 906 28 36 20 29 28 36 34 41 20 31 20 21 23 33 34 20 20 31 24 22 29 2903 41 49 23 21 21 27 33
leaf_count=28 906 28 36 20 29 28 36 34 41 20 31 20 21 23 33 34 20 20 31 24 22 29 2903 41 49 23 21 21 27 33
internal_value=-1.69516e-10 -0.0982309 -0.554814 -0.0108601 0.111148 1.04781 -0.126878 0.211417 -0.306671 -0.505857 0.285352 -1.80921 -0.206235 0.467976 -0.0405581 1.0122 -0.377816 0.128846 -0.557166 -0.180246 -0.983868 0.014033 0.0417144 0.404676 0.7096 1.2125 0.764222 0.32594 -0.238368 -0.0324786
internal_weight=4632 579 93 486 57 48 438 152 286 214 72 40 174 118 61 57 153 40 113 60 53 4053 3147 244 203 121 98 77 56 82
internal_count=4632 579 93 486 57 48 438 152 286 214 72 40 174 118 61 57 153 40 113 60 53 4053 3147 244 203 121 98 77 56 82
is_linear=0
shrinkage=0.05


Tree=192
num_leaves=31
num_cat=0
split_feature=3 6 5 4 5 6 5 6 3 3 5 4 7 5 5 5 3 6 1 7 5 3 3 4 4 4 1 5 7 4
split_gain=2510.33 2457.4 3008.74 3669.29 25183.5 13236.9 27183.8 19229 22841.3 20715.9 11279 9838.02 8802.88 6885.22 32419.2 32350 9984.85 7903.35 26549.4 24133 15370.1 12857.3 7239.98 20332.3 11353.7 6831.32 6122.17 4739.59 24625.1 14437.3
threshold=886.85000000000002 10595.750000000002 10505.100000000002 10064.200000000003 10240.150000000003 9676.1000000000004 9371.5500000000011 9947.6500000000015 820.55000000000007 830.25000000000011 10269.000000000002 9550.0500000000011 3337.1187500000001 10051.650000000003 9987.0000000000018 9920.1500000000015 817.55000000000007 9947.6500000000015 4.5000000000000009 3298.7229166666671 9776.6000000000022 830.25000000000011 782.6500000000002 9119.0500000000011 8723.6500000000015 10227.300000000001 2.5000000000000004 9025.5000000000018 3331.9354166666676 7328.1000000000013
decision_type=2 2 2 2 2 2 2 2 2 2 2 2 2 2 2 2 2 2 2 2 2 2 2 2 2 2 2 2 2 2
left_child=1 2 3 10 5 6 25 9 -9 -7 13 -12 -10 14 15 17 -15 20 19 -19 21 22 27 24 -24 -5 -18 -1 29 -29
right_child=-2 -3 -4 4 -6 7 -8 8 12 -11 11 -13 -14 16 -16 -17 26 18 -20 -21 -22 -23 23 -25 -26 -27 -28 28 -30 -31
leaf_value=-0.0026429926300258204 0.55896029174327855 0.48229911785859331 -0.45422994864953536 0.40328770577907563 1.8905845832824708 -2.1732320837352588 1.6987994225819909 1.6262595081329345 -1.1849609822034837 -0.05109812280406123 -0.089992981652418771 -1.5538067833943803 0.29852100133895876 -0.44169498398190454 -1.806480177640915 1.7245447992174716 1.4592868711070524 1.4743799161911011 -1.8889054947377493 -0.79968124926090245 1.2589799821376801 -1.1404841289520264 0.73360884666442872 1.8437412667274478 -0.95115153789520268 -0.76652177022053647 0.36693790107965474 -1.7275171730253434 1.037023372699817 -0.27674941078145454
leaf_weight=3893 20 26 37 24 20 23 30 20 20 23 24 22 20 21 25 27 23 20 24 28 24 25 20 20 20 26 29 27 24 47
leaf_count=3893 20 26 37 24 20 23 30 20 20 23 24 22 20 21 25 27 23 20 24 28 24 25 20 20 20 26 29 27 24 47
internal_value=-1.14793e-09 -0.00242394 -0.00517204 -0.00151956 0.204669 0.0233877 0.508917 -0.343049 0.246607 -1.11217 -0.0112996 -0.790078 -0.44322 -0.0029627 -0.0112831 -0.000594881 0.478482 -0.0117595 -0.531072 0.147844 -0.00263986 -0.0100684 -0.00309228 0.542066 -0.108771 -0.205013 0.850092 -0.0112881 -0.35471 -0.806084
internal_weight=4632 4612 4586 4549 206 186 80 106 60 46 4343 46 40 4297 4224 4199 73 4172 72 48 4100 4076 4051 60 40 50 52 3991 98 74
internal_count=4632 4612 4586 4549 206 186 80 106 60 46 4343 46 40 4297 4224 4199 73 4172 72 48 4100 4076 4051 60 40 50 52 3991 98 74
is_linear=0
shrinkage=0.05


Tree=193
num_leaves=31
num_cat=0
split_feature=5 3 4 3 4 5 1 1 3 4 5 4 1 4 1 7 7 1 5 3 4 7 5 4 3 7 6 5 7 0
split_gain=2531.08 8490.72 3776.95 32154.5 17517.7 8763.99 9526.63 16250.6 6198.92 21437.1 5731.72 5601.86 30149.9 5500.65 27149.3 21877.5 18066.8 19011.4 17123.7 15784.2 10187.7 24570.6 19729.7 12250.4 16179.9 11185.3 9380.78 8585.91 6619.16 30534.9
threshold=10430.500000000002 851.95000000000016 10340.150000000003 797.25000000000011 10500.450000000003 10217.6 4.5000000000000009 2.5000000000000004 851.95000000000016 9907.8500000000022 9962.7500000000018 10227.300000000001 3.5000000000000004 9756.7000000000025 1.0000000180025095e-35 3305.8562500000012 3343.4562500000006 3.5000000000000004 9636.2500000000018 815.05000000000007 9005.4000000000015 3360.7916666666674 9962.7500000000018 9283.3500000000022 762.90000000000009 3277.3020833333339 8870.7000000000025 9920.1500000000015 3196.420833333334 15.500000000000002
decision_type=2 2 2 2 2 2 2 2 2 2 2 2 2 2 2 2 2 2 2 2 2 2 2 2 2 2 2 2 2 2
left_child=2 -2 5 -4 -5 8 7 -7 11 10 -10 13 -13 20 -15 18 17 -17 -16 -20 27 22 23 25 26 -22 -25 28 29 -1
right_child=1 -3 3 4 -6 6 -8 -9 9 -11 -12 12 -14 14 15 16 -18 -19 19 -21 21 -23 -24 24 -26 -27 -28 -29 -30 -31
leaf_value=1.2550318172637454 0.79300220012664802 -0.4918998467922211 -1.3879258108139039 1.9010128495784906 0.15373806711286309 -0.2015174276488168 0.37492236523401168 -1.9357066875154321 0.53373692487848223 -0.69281949017729083 1.5668325070142748 -1.9799805748462678 0.73258558795565654 -1.3026972938949863 -0.81289753735065462 2.891046119332314 0.19891969904755102 0.84057323795098537 1.643369500041008 -0.34309829473495485 -0.071997379263242095 1.017381636585508 -2.0154088358084361 -0.90022749026056115 1.0404270229431301 -1.4439083573145746 0.31385512329064885 0.78230494720595223 -0.013714913158207441 -0.76652315941549121
leaf_weight=47 36 20 20 26 32 35 21 22 29 28 25 20 21 24 40 20 33 26 20 20 24 28 21 41 26 39 26 35 3796 31
leaf_count=47 36 20 20 26 32 35 21 22 29 28 25 20 21 24 40 20 33 26 20 20 24 28 21 41 26 39 26 35 3796 31
internal_value=1.05741e-09 0.334109 -0.00408874 0.340865 0.936999 -0.0100706 -0.535452 -0.870854 -0.000799146 0.429881 1.01202 -0.00894017 -0.590617 -0.00339007 0.264836 0.501445 1.09165 1.73208 -0.081381 0.650136 -0.0153214 -0.358904 -0.576621 -0.382938 -0.018258 -0.921276 -0.429091 0.00269715 -0.00434629 0.451593
internal_weight=4632 56 4576 78 58 4498 78 57 4420 82 54 4338 41 4297 183 159 79 46 80 40 4114 205 177 156 93 63 67 3909 3874 78
internal_count=4632 56 4576 78 58 4498 78 57 4420 82 54 4338 41 4297 183 159 79 46 80 40 4114 205 177 156 93 63 67 3909 3874 78
is_linear=0
shrinkage=0.05


Tree=194
num_leaves=31
num_cat=0
split_feature=7 7 1 1 6 6 4 6 6 3 7 7 4 5 1 3 0 4 4 0 7 1 7 3 7 7 5 7 7 3
split_gain=2637.49 4442.55 26887.9 29598.4 3199.2 16128.8 15347.5 8761.64 29506.5 12664.8 11180.5 18086.6 37063.1 19599.8 15250 27494.9 8332.63 7601.96 11439.5 7519.42 15274.4 15199.8 15266.4 11372 12939.8 7927.58 24992.8 9222.8 23704.8 32480.2
threshold=3174.9083333333333 3201.3583333333331 4.5000000000000009 2.5000000000000004 300.2000000000001 324.45000000000005 100.15000000000002 227.10000000000002 239.60000000000002 7.8500000000000005 3237.0916666666667 3246.5500000000002 4.4500000000000011 64.65000000000002 2.5000000000000004 2.5500000000000003 5.5000000000000009 57.550000000000004 160.65000000000001 22.500000000000004 3336.5166666666669 2.5000000000000004 3297.1208333333338 49.100000000000009 3249.9625000000005 3253.7562500000008 85.100000000000009 3339.7770833333338 3351.9333333333338 5.7500000000000009
decision_type=2 2 2 2 2 2 2 2 2 2 2 2 2 2 2 2 2 2 2 2 2 2 2 2 2 2 2 2 2 2
left_child=-1 2 3 -2 7 6 -6 10 -9 -10 14 12 -12 -14 15 -3 -11 -16 -19 23 21 -21 -23 24 -13 26 -26 -27 29 -29
right_child=1 4 -4 -5 5 -7 -8 8 9 16 11 19 13 -15 17 -17 -18 18 -20 20 -22 22 -24 -25 25 27 -28 28 -30 -31
leaf_value=-0.41484429858330829 0.68286075881033237 -0.069571375995874415 1.8101648067650586 -1.7547802627086639 2.0048261630535129 0.018241695291441096 0.16250285001901479 -1.8140172561009724 -0.40319491854988709 -0.15538352251052856 2.351880612373352 -1.0278764225980817 1.0883316973845163 -0.82868685285250354 -0.50084507417678836 -2.1514404346202984 1.2138649215698243 1.2758066256841025 -0.16531016983091831 -0.016140652911083117 -0.39381049050225153 0.5788156832967486 2.3875094664096834 0.95345520898699765 -0.61248511319810695 -0.1443740879676155 1.7206493725379308 0.047522844154326643 -0.080190063103939765 1.8418294385422109
leaf_weight=38 33 35 23 20 20 2376 26 30 101 20 25 34 24 30 50 29 25 21 40 37 45 28 20 28 22 1006 24 61 318 43
leaf_count=38 33 35 23 20 20 2376 26 30 101 20 25 34 24 30 50 29 25 21 40 37 45 28 20 28 22 1006 24 61 318 43
internal_value=-4.77283e-10 0.00343145 0.382534 -0.237004 -0.00294566 0.0361948 0.963513 -0.0481738 -0.38582 -0.0923543 -0.017223 0.0209865 0.760207 0.0233214 -0.398226 -1.01292 0.60531 -0.0438083 0.330812 -0.0140666 0.351064 0.74541 1.33244 -0.0449696 -0.063508 -0.0412634 0.604802 -0.0620751 0.134116 0.7894
internal_weight=4632 4594 76 53 4518 2422 46 2096 176 146 1920 1745 79 54 175 64 45 111 61 1666 130 85 48 1536 1508 1474 46 1428 422 104
internal_count=4632 4594 76 53 4518 2422 46 2096 176 146 1920 1745 79 54 175 64 45 111 61 1666 130 85 48 1536 1508 1474 46 1428 422 104
is_linear=0
shrinkage=0.05


Tree=195
num_leaves=31
num_cat=0
split_feature=7 4 6 4 6 0 6 6 4 7 7 7 5 7 6 1 3 4 7 7 1 6 5 4 7 7 7 4 7 0
split_gain=2525.61 9050.52 13740.7 19019.7 18804.5 11292.4 11203.2 25567 14876.5 7546.6 15801.7 14684.1 22479 16985.7 14598.1 14259.5 13475.1 12585.3 8279.24 6685.96 14131.1 29050.5 10811.6 14623.1 8806.06 5911.7 16843.6 19463.5 17229.1 16877.2
threshold=3388.8562500000003 9334.8000000000011 117.25000000000001 212.60000000000002 274.25000000000006 5.5000000000000009 7211.2000000000007 4896.8500000000013 314.85000000000008 3382.8354166666672 3380.1479166666672 3374.1062500000007 100.00000000000001 3369.8625000000006 120.35000000000001 3.5000000000000004 2.5500000000000003 2605.4000000000005 3371.5354166666675 3360.7916666666674 1.5000000000000002 209.10000000000005 7662.7500000000009 364.85000000000008 3358.8520833333337 3348.9458333333337 3351.9333333333338 152.35000000000002 3353.4479166666674 15.500000000000002
decision_type=2 2 2 2 2 2 2 2 2 2 2 2 2 2 2 2 2 2 2 2 2 2 2 2 2 2 2 2 2 2
left_child=9 2 3 5 -4 -2 7 8 -6 10 11 13 -13 19 -11 -14 -15 -16 -18 24 21 -21 23 -22 25 -1 27 -27 -28 -30
right_child=1 -3 4 -5 6 -7 -8 -9 -10 14 -12 12 15 16 17 -17 18 -19 -20 20 22 -23 -24 -25 -26 26 28 -29 29 -31
leaf_value=-0.010394639919374928 -1.9529024759928388 -0.98615658694300168 1.3626286550362905 0.45375850881849022 -0.60821379295417244 -0.41909065643946336 0.82103711852320915 -1.8049215230074798 1.0216689935752326 1.4354404347914238 -1.0429967915018401 -0.40981453572000776 2.2299026727676394 0.23368257672890375 -0.97003530025482176 0.46758404319936581 -1.9838249836649215 0.71272752714157106 -0.67049290708133158 -1.4960227053899031 0.48263720018523082 0.66164401777279691 -0.2107350450754166 2.0850586553414661 -0.78063044034772455 -0.24217089366912845 -0.9987788054678175 1.4845713617953848 -0.11027753043757833 1.1934063650667668
leaf_weight=3724 24 29 30 28 28 24 27 22 28 27 36 28 24 23 20 22 21 25 28 26 35 39 20 24 36 25 36 47 92 34
leaf_count=3724 24 29 30 28 28 24 27 22 28 27 36 28 24 23 20 22 21 25 28 26 35 39 20 24 36 25 36 47 92 34
internal_value=-1.44942e-09 -0.157941 -0.0441103 -0.581876 0.258632 -1.186 -0.0567955 -0.360661 0.206728 0.00863065 0.000169311 0.00893541 0.707158 -0.00333739 0.516311 1.38705 -0.764714 -0.0351671 -1.23335 0.00991035 0.344629 -0.201423 0.793912 1.13447 -0.00215761 0.00492299 0.248696 0.885008 -0.0341096 0.24151
internal_weight=4632 240 211 76 135 48 105 78 56 4392 4320 4284 74 4210 72 46 72 45 49 4138 144 65 79 59 3994 3958 234 72 162 126
internal_count=4632 240 211 76 135 48 105 78 56 4392 4320 4284 74 4210 72 46 72 45 49 4138 144 65 79 59 3994 3958 234 72 162 126
is_linear=0
shrinkage=0.05


Tree=196
num_leaves=31
num_cat=0
split_feature=7 7 0 6 5 7 7 7 5 7 4 7 5 0 6 5 6 5 4 1 5 3 3 3 6 6 1 6 5 5
split_gain=2374.06 4205.88 20809.3 14136.1 20647 4443.04 7820.92 21487.8 14883.2 8700.93 7409.7 6303.5 9183.73 5343.88 4436.3 9880.58 6613.54 16916.2 11893.6 11675.6 11534.6 5809.13 7328.44 7894.84 26712.9 20634.1 10986.1 8194.67 12027.4 16102
threshold=3174.9083333333333 3208.608333333334 13.500000000000002 5143.5000000000009 167.75000000000003 3215.3812499999999 3220.9750000000008 3223.9541666666673 67.700000000000003 3227.2583333333332 2173.2500000000005 3235.0208333333335 86.750000000000014 12.500000000000002 10431.050000000001 10097.200000000003 10105.550000000001 10189.050000000001 9334.8000000000011 3.5000000000000004 10367.350000000002 861.35000000000002 851.95000000000016 834.70000000000016 9849.1000000000022 9899.1500000000015 3.5000000000000004 9786.0500000000011 10078.150000000001 9481.7000000000025
decision_type=2 2 2 2 2 2 2 2 2 2 2 2 2 2 2 2 2 2 2 2 2 2 2 2 2 2 2 2 2 2
left_child=-1 2 3 4 -2 10 8 -8 -7 -9 -3 12 -11 -10 16 -16 20 18 -18 -20 21 22 23 25 26 27 -25 28 29 -13
right_child=1 5 -4 -5 -6 6 7 9 13 11 -12 14 -14 -15 15 -17 17 -19 19 -21 -22 -23 -24 24 -26 -27 -28 -29 -30 -31
leaf_value=-0.39358234134943865 1.249944841278636 -1.1118045608202616 -0.5982311660196723 1.6424316080411279 -0.94667197883129117 -0.59205511882901196 -1.1912358698092009 0.7562215114894667 1.4300737142562867 0.2641307913943341 0.035659859680077614 -0.0038218780197569985 -0.68786146860373654 0.4346002480158439 1.2976500567935763 -0.14842339180133962 0.863397516978198 -1.2048594909906389 0.27901565124248634 -1.2118635065232715 0.9573142316192389 -0.77133235037326819 0.8455899866727683 1.1232688716866754 -1.5180850997992925 0.89670061679986812 -0.4958935144543648 -1.0112149512767792 -1.2192790281772614 0.78417238845969695
leaf_weight=38 23 24 41 30 20 22 38 38 28 38 34 3656 76 26 21 27 29 40 29 24 32 24 26 22 35 65 20 20 20 66
leaf_count=38 23 24 41 30 20 22 38 38 28 38 34 3656 76 26 21 27 29 40 29 24 32 24 26 22 35 65 20 20 20 66
internal_value=9.7805e-10 0.00325558 0.303165 0.809428 0.228263 -0.00437603 0.0013266 -0.00746668 0.504164 0.0029751 -0.439153 -0.00372826 -0.370531 0.950772 0.00633321 0.484234 0.000749176 -0.361878 0.0493324 -0.396099 0.0118482 0.00419643 0.00893248 0.00336048 -0.497908 0.0134461 0.352239 -0.0018148 0.00358017 0.0101512
internal_weight=4632 4594 114 73 43 4480 4422 4346 76 4308 58 4270 114 54 4156 48 4108 122 82 53 3986 3954 3930 3904 77 3827 42 3762 3742 3722
internal_count=4632 4594 114 73 43 4480 4422 4346 76 4308 58 4270 114 54 4156 48 4108 122 82 53 3986 3954 3930 3904 77 3827 42 3762 3742 3722
is_linear=0
shrinkage=0.05


Tree=197
num_leaves=31
num_cat=0
split_feature=3 7 5 4 7 4 4 7 1 6 0 7 5 3 5 6 6 3 3 6 3 7 4 0 6 3 5 0 1 4
split_gain=2347.39 2163.08 10322.6 13102 8570.7 5122.38 3117.16 18327.9 15241.7 15270 15650.7 14940.5 19086.9 18755.2 18082.3 50132.7 17084.8 16231 32970 15228.7 14368.6 12204.4 11810.3 11299.1 9948.26 9504.32 13500.6 9501.26 9148.52 8331.69
threshold=886.85000000000002 3412.8145833333342 130.60000000000002 5288.0000000000009 3399.479166666667 699.00000000000011 21.350000000000005 3304.3416666666672 4.5000000000000009 32.250000000000007 3.5000000000000004 3285.5000000000005 130.60000000000002 2.0500000000000003 437.60000000000008 372.60000000000008 2344.4000000000005 21.850000000000005 10.250000000000002 94.050000000000011 2.2500000000000004 3242.9333333333338 11.800000000000002 22.500000000000004 155.10000000000005 1.7500000000000002 57.550000000000004 5.5000000000000009 1.5000000000000002 157.20000000000002
decision_type=2 2 2 2 2 2 2 2 2 2 2 2 2 2 2 2 2 2 2 2 2 2 2 2 2 2 2 2 2 2
left_child=1 4 -3 -4 6 -6 7 8 11 10 -10 14 13 -13 15 17 -16 18 20 -14 21 -1 23 25 -11 26 -9 -26 -28 -8
right_child=-2 2 3 -5 5 -7 29 22 9 24 -12 12 19 -15 16 -17 -18 -19 -20 -21 -22 -23 -24 -25 27 -27 28 -29 -30 -31
leaf_value=-0.63665097632068912 0.54051482498645786 1.0132375939139004 -0.91376075404030943 0.61582973258835938 -0.93915412548260813 -0.043245525713320132 -0.16499763031865097 0.45562662595304948 1.9074737943135778 -0.61432732105255128 0.11693047440570335 -0.43581567139461125 0.75117393748036454 -2.2048131685103143 -2.0275868188767205 2.5017377567291259 0.014350670576095582 -1.1171546133125529 1.5898283529281618 -0.96522686084111542 -1.2237082950000104 0.37170070050710657 1.4425566484530767 1.3346605926752091 -0.22689753459847492 0.46268445853120793 0.13711829866681779 1.2441051872003648 -1.0190110713074154 0.020553772202407561
leaf_weight=47 20 29 28 28 39 27 770 58 26 40 23 29 28 31 21 20 20 34 30 24 29 83 24 24 23 161 28 21 44 2823
leaf_count=47 20 29 28 28 39 27 770 58 26 40 23 29 28 31 21 20 20 34 30 24 29 83 24 24 23 161 28 21 44 2823
internal_value=-2.60296e-10 -0.00234395 0.247551 -0.148966 -0.00703603 -0.572646 0.00133211 0.086368 -0.0975561 0.36555 1.06701 -0.253094 -0.742147 -1.3498 -0.0602287 0.103652 -1.03152 -0.111423 0.069502 -0.041011 -0.217352 0.00714279 0.373376 0.291915 -0.0436372 0.205915 -0.112083 0.475172 -0.569405 -0.0192109
internal_weight=4632 4612 85 56 4527 66 4461 868 529 133 49 396 112 60 284 243 41 223 189 52 159 130 339 315 84 291 130 44 72 3593
internal_count=4632 4612 85 56 4527 66 4461 868 529 133 49 396 112 60 284 243 41 223 189 52 159 130 339 315 84 291 130 44 72 3593
is_linear=0
shrinkage=0.05


Tree=198
num_leaves=31
num_cat=0
split_feature=5 4 6 5 4 3 5 7 6 7 0 3 3 6 5 5 5 7 3 3 7 3 5 4 7 5 5 4 6 5
split_gain=2217.53 15991.9 42606.6 4776.6 6698.32 3906.82 17238.5 24867.2 8208 2639.77 22126.5 31167.4 13244.6 11419 9264.24 5181.41 25086.8 19159.2 21660 15548.9 12522.9 8601.79 11544.3 9526.28 8441.63 5962.04 13410.2 6624.37 3827.58 18465.7
threshold=10367.350000000002 10010.050000000001 10084.35 10269.000000000002 9885.0500000000011 851.95000000000016 9714.3500000000022 3331.1916666666671 10167.750000000002 3208.608333333334 13.500000000000002 8.1500000000000004 23.450000000000003 8870.7000000000025 10162.150000000003 9895.2500000000018 9943.4500000000025 3269.3083333333338 821.9000000000002 830.25000000000011 3298.7229166666671 819.00000000000011 9714.3500000000022 10299.100000000002 3331.9354166666676 9481.7000000000025 9316.3000000000011 10107.700000000003 8587.3000000000011 9025.5000000000018
decision_type=2 2 2 2 2 2 2 2 2 2 2 2 2 2 2 2 2 2 2 2 2 2 2 2 2 2 2 2 2 2
left_child=3 2 -2 5 -5 9 -7 8 -8 10 11 -1 -12 -13 15 19 -17 -18 -19 21 -21 22 23 25 -22 26 27 28 29 -11
right_child=1 -3 -4 4 -6 6 7 -9 -10 14 12 13 -14 -15 -16 16 17 18 -20 20 24 -23 -24 -25 -26 -27 -28 -29 -30 -31
leaf_value=-0.69903674865210508 2.4765025391465141 -0.87512082145327619 -0.50282131688935416 -1.087501155336698 0.13526687962668282 1.4768802026907604 1.418894356787205 -1.2352864028087684 0.047398922840754198 -0.0076155052024730694 0.2849033165861059 1.8527293782967789 -1.2083262268340951 0.40656315939767024 -0.80094206687566405 1.763737949853142 -1.1739859819412233 -0.5549541841853749 1.1855563545074219 0.18051228523254395 -2.0536608523130417 0.74478061030569842 -0.9721862872762066 0.95038463244071369 -0.60093632698059085 0.5975133599340916 -1.2198028440060824 -0.76178963215186679 0.19097202535436936 -1.5310990058630705
leaf_weight=27 21 21 28 24 21 24 20 28 24 3608 27 39 33 21 37 24 27 33 39 21 20 38 31 26 20 40 23 29 238 20
leaf_count=27 21 21 28 24 21 24 20 28 24 3608 27 39 33 21 37 24 27 33 39 21 20 38 31 26 20 40 23 29 238 20
internal_value=2.70389e-10 0.279286 0.774032 -0.00428541 -0.516876 0.00082121 0.316381 -0.0704522 0.670806 -0.00603103 0.202299 0.711727 -0.536373 1.34657 -0.0131963 -0.00631725 0.313458 -0.0381254 0.387822 -0.0158779 -0.808216 -0.00395271 -0.0110391 -0.00356029 -1.3273 -0.00982673 -0.0160272 -0.00891894 -0.00327144 -0.016014
internal_weight=4632 70 49 4562 45 4517 96 72 44 4421 147 87 60 60 4274 4237 123 99 72 4114 61 4053 4015 3984 40 3958 3918 3895 3866 3628
internal_count=4632 70 49 4562 45 4517 96 72 44 4421 147 87 60 60 4274 4237 123 99 72 4114 61 4053 4015 3984 40 3958 3918 3895 3866 3628
is_linear=0
shrinkage=0.05


Tree=199
num_leaves=31
num_cat=0
split_feature=7 4 6 4 4 3 6 6 4 6 7 7 7 5 7 6 1 3 4 7 7 1 6 7 0 7 4 7 4 1
split_gain=2209.48 8348.64 12314.1 20293.1 13224.1 10405.7 9332.91 23482.2 12247.8 10144 6703.41 14163.8 13248.6 20420.4 15543 13093.1 12645.5 12123.8 11452.3 7578.65 5790.09 12914.6 26046.9 10463.9 16046.4 7928.43 22662.7 10827.7 20784.4 27872
threshold=3388.8562500000003 9334.8000000000011 67.40000000000002 212.60000000000002 93.050000000000026 1.3500000000000003 7211.2000000000007 4989.5500000000002 314.85000000000008 482.7000000000001 3382.8354166666672 3380.1479166666672 3374.1062500000007 100.00000000000001 3369.8625000000006 120.35000000000001 3.5000000000000004 2.5500000000000003 2605.4000000000005 3371.5354166666675 3360.7916666666674 1.5000000000000002 209.10000000000005 3367.4229166666669 9.5000000000000018 3356.5895833333338 7051.6000000000013 3348.9458333333337 2949.6500000000005 1.5000000000000002
decision_type=2 2 2 2 2 2 2 2 2 2 2 2 2 2 2 2 2 2 2 2 2 2 2 2 2 2 2 2 2 2
left_child=10 2 3 5 -4 -2 7 8 -6 -10 11 12 14 -14 20 -12 -15 -16 -17 -19 25 22 -22 24 -23 27 -27 -1 -29 -30
right_child=1 -3 4 -5 6 -7 -8 -9 9 -11 15 -13 13 16 17 18 -18 19 -20 -21 21 23 -24 -25 -26 26 -28 28 29 -31
leaf_value=-0.0094288151582180828 -0.50383812699999131 -0.94317895708412969 1.0600494503974915 0.6012040961872448 -0.88499666452407844 -2.0974168586730957 0.75874985942134154 -1.8077148866653443 -0.24947799861431125 1.2483175800396848 1.3570137533876632 -0.98752546658118578 -0.39298686214855744 2.1133462975422543 0.21543039912762851 -0.92752107203006739 0.45375905362042518 -1.8941230790246104 0.67770885086059574 -0.63758617362805781 -1.4269688419424571 2.2005816686721076 0.61611441866709638 -0.20592268762134372 0.47011918981333034 -0.014495295461486368 -1.8607072960246693 -0.046002509834569529 2.5819602262406125 0.41131800138950353
leaf_weight=3724 21 29 35 22 20 20 27 20 20 26 27 36 28 24 23 20 22 21 25 28 26 21 39 21 37 68 22 109 21 50
leaf_count=3724 21 29 35 22 20 20 27 20 20 26 27 36 28 24 23 20 22 21 25 28 26 21 39 21 37 68 22 109 21 50
internal_value=8.30389e-10 -0.147726 -0.0383981 -0.623848 0.210814 -1.28119 -0.0522238 -0.306832 0.147981 0.597102 0.00807245 9.78072e-05 0.00839716 0.671613 -0.00326032 0.486551 1.31963 -0.731585 -0.0357267 -1.1761 0.00941232 0.320899 -0.201119 0.750408 1.09667 -0.00181807 -0.465792 0.00887804 0.387627 1.05334
internal_weight=4632 240 211 63 148 41 113 86 66 46 4392 4320 4284 74 4210 72 46 72 45 49 4138 144 65 79 58 3994 90 3904 180 71
internal_count=4632 240 211 63 148 41 113 86 66 46 4392 4320 4284 74 4210 72 46 72 45 49 4138 144 65 79 58 3994 90 3904 180 71
is_linear=0
shrinkage=0.05


Tree=200
num_leaves=31
num_cat=0
split_feature=7 7 5 4 5 1 7 7 3 6 7 3 7 7 4 7 7 6 4 6 6 3 6 3 5 6 6 4 3 4
split_gain=2114.9 9227.81 9220.62 11725.7 5152.45 3084.92 11546.8 22134.5 34267.5 29663.2 20762.4 22920.7 14987.7 14814.4 18295 17518.2 13668.4 22910.9 25125.7 14218.7 13597 24740.5 31965.9 18405.5 15980.2 18879.7 11690.4 31220.1 39970.6 25859
threshold=3412.8145833333342 3399.479166666667 130.60000000000002 5288.0000000000009 337.65000000000003 4.5000000000000009 3348.2604166666674 3336.1166666666672 25.750000000000004 85.950000000000017 3330.5437500000012 848.95000000000016 3340.5520833333335 3260.5270833333338 9453.4000000000015 3251.6770833333335 3246.5500000000002 406.45000000000005 3294.5000000000005 38.95000000000001 45.750000000000007 421.35000000000008 7269.9000000000005 34.100000000000009 8616.2000000000025 9899.1500000000015 38.95000000000001 182.10000000000005 3.7500000000000004 157.20000000000002
decision_type=2 2 2 2 2 2 2 2 2 2 2 2 2 2 2 2 2 2 2 2 2 2 2 2 2 2 2 2 2 2
left_child=1 5 -2 -4 -3 -1 7 10 9 -9 11 13 -10 14 15 16 17 19 -19 -7 -8 23 -23 -22 -24 -26 27 28 -15 -28
right_child=2 4 3 -5 -6 6 20 8 12 -11 -12 -13 -14 26 -16 -17 -18 18 -20 -21 21 22 24 -25 25 -27 29 -29 -30 -31
leaf_value=-0.021675139495726706 0.97076774013453526 -0.16009021043777466 -0.8511590502091817 0.5958640013422285 -1.0309346050927133 -0.061907739192247395 1.2144284713559035 -1.1699638381600381 -2.6694753360748291 1.3913110004021574 1.3055534330281346 -1.4061821734463729 -0.92465922795236111 -0.092530575936490847 1.736728413467822 1.1104911915337048 -0.82102312397312471 -1.7482938716808958 0.31816946832757248 1.2636626355214553 0.28725603478295464 2.6086207890510558 -0.81185003334567662 -1.0123579440017543 1.9837035536766052 -0.16281567366705055 -0.74245386824328852 -0.77048877183347941 2.1212232809317739 0.063271142994012458
leaf_weight=3228 29 35 28 28 33 32 41 20 20 26 33 27 32 44 23 48 37 24 38 55 63 20 21 48 20 21 141 40 38 339
leaf_count=3228 29 35 28 28 33 32 41 20 20 26 33 27 32 44 23 48 37 24 38 55 63 20 21 48 20 21 141 40 38 339
internal_value=-3.6143e-10 -0.00461931 0.247106 -0.127648 -0.582706 0.00415718 0.0708132 -0.0020518 -0.716365 0.277713 0.0741209 0.0282549 -1.59574 0.073342 0.391137 0.258878 0.0391071 0.252697 -0.481752 0.776097 0.387496 0.211826 0.87047 -0.274739 0.309776 0.884267 -0.0623281 0.374718 0.933355 -0.173411
internal_weight=4632 4547 85 56 68 4479 1251 1017 98 46 919 886 52 859 257 234 186 149 62 87 234 193 82 111 62 41 602 122 82 480
internal_count=4632 4547 85 56 68 4479 1251 1017 98 46 919 886 52 859 257 234 186 149 62 87 234 193 82 111 62 41 602 122 82 480
is_linear=0
shrinkage=0.05


Tree=201
num_leaves=31
num_cat=0
split_feature=4 4 5 7 5 4 4 7 3 5 7 4 1 4 1 7 7 1 5 3 5 4 5 3 5 6 4 7 4 5
split_gain=2169.14 4169.97 4775.5 15146.7 5188.32 17329.1 18797.9 8549.53 6689.94 15856.9 25463.4 3453.87 7319.29 4935.4 24148.4 20424.4 16960.1 16574 15504.5 13345.4 9648.15 11913.5 11243.7 8562.37 8036.26 12614 5233.55 9839.67 7911.52 12979.8
threshold=10585.200000000003 10427.450000000003 10430.500000000002 3307.5895833333338 10217.6 9991.0500000000011 9652.4000000000015 3271.6479166666672 851.95000000000016 9714.3500000000022 3331.1916666666671 10227.300000000001 3.5000000000000004 9756.7000000000025 1.0000000180025095e-35 3305.8562500000012 3343.4562500000006 3.5000000000000004 9636.2500000000018 815.05000000000007 9987.0000000000018 9005.4000000000015 9895.2500000000018 830.25000000000011 9747.1000000000022 9849.1000000000022 9550.0500000000011 3295.5645833333338 9283.3500000000022 9104.1500000000015
decision_type=2 2 2 2 2 2 2 2 2 2 2 2 2 2 2 2 2 2 2 2 2 2 2 2 2 2 2 2 2 2
left_child=1 2 4 -4 8 6 7 -6 11 -10 -11 13 -13 20 -15 18 17 -17 -16 -20 22 -22 23 24 25 26 28 -28 29 -1
right_child=-2 -3 3 -5 5 -7 -8 -9 9 10 -12 12 -14 14 15 16 -18 -19 19 -21 21 -23 -24 -25 -26 -27 27 -29 -30 -31
leaf_value=0.0037894083746560234 -0.43875129542180469 0.61098924130201349 -0.24126309041054017 1.4741720979863948 0.58058972120285035 0.88399951219558714 -1.9443114125210308 -0.88138922289013866 1.5957075224681336 0.79872977733612061 -1.2891452180302663 -0.93373593076442685 0.19029654328312195 -1.2269563590486845 -0.78465102404356013 2.7474561297893523 0.17987087152220987 0.83293275508599796 1.5207737514004114 -0.30579252004623414 0.054120851240374829 -1.610837420963106 1.0729376209278902 -0.81460030543984796 -1.0056631916761398 1.0566316844097206 0.14186061791011267 -1.2228773050308228 0.73613031572765775 -0.68816838627276222
leaf_weight=3808 28 28 31 22 20 20 23 20 22 40 23 30 28 24 40 20 33 26 20 20 22 21 24 33 20 28 28 25 36 69
leaf_count=3808 28 28 31 22 20 20 23 20 22 40 23 30 28 24 40 20 33 26 20 20 22 21 24 33 20 28 28 25 36 69
internal_value=2.15411e-09 0.00266834 -0.0010539 0.470804 -0.00658308 -0.398255 -0.80532 -0.1504 0.000738712 0.440052 0.0364897 -0.00783571 -0.3911 -0.0026625 0.251408 0.474558 1.04482 1.66533 -0.0885802 0.607491 -0.0139641 -0.758998 -0.00609471 -0.0124937 -0.00589942 -0.000893092 -0.00835923 -0.501884 -0.00167464 -0.00852555
internal_weight=4632 4604 4576 53 4523 83 63 40 4440 85 63 4355 58 4297 183 159 79 46 80 40 4114 43 4071 4047 4014 3994 3966 53 3913 3877
internal_count=4632 4604 4576 53 4523 83 63 40 4440 85 63 4355 58 4297 183 159 79 46 80 40 4114 43 4071 4047 4014 3994 3966 53 3913 3877
is_linear=0
shrinkage=0.05


Tree=202
num_leaves=31
num_cat=0
split_feature=3 1 3 4 4 4 6 3 7 7 7 7 6 3 5 6 6 3 3 6 4 4 3 7 7 5 4 7 5 4
split_gain=2251.96 2233.7 17337.8 16188.1 18041.6 34780.9 15862 25243.1 25176.6 18382.8 20775.6 14817.5 17737.2 23497.3 14803.1 13373.7 20106.2 16097.9 27617.4 16684.2 21393.2 20843.4 12982 10777.6 10554.6 10536.2 8314.18 6035.77 6943.77 5438.33
threshold=886.85000000000002 1.0000000180025095e-35 848.95000000000016 9790.6500000000015 5536.0500000000011 7260.1500000000005 3058.6500000000001 430.15000000000003 3377.3104166666676 3333.5895833333338 3339.2791666666672 3354.9958333333343 209.10000000000005 6.1500000000000012 7014.6500000000005 372.60000000000008 2278.7000000000003 15.15 6.1500000000000012 155.10000000000005 51.45000000000001 208.70000000000002 1.7500000000000002 3298.7229166666671 3329.4604166666668 8547.0000000000018 10200.6 3174.9083333333333 10505.100000000002 9756.7000000000025
decision_type=2 2 2 2 2 2 2 2 2 2 2 2 2 2 2 2 2 2 2 2 2 2 2 2 2 2 2 2 2 2
left_child=1 2 3 4 6 -6 8 -8 9 15 -11 22 13 -13 -9 17 -17 18 19 20 -1 -22 -12 25 -25 -7 -5 -3 29 -29
right_child=-2 27 -4 26 5 23 7 14 -10 10 11 12 -14 -15 -16 16 -18 -19 -20 -21 21 -23 -24 24 -26 -27 -28 28 -30 -31
leaf_value=1.6051671528816223 0.52941412501037122 -0.79104047727584836 1.5322410333156586 -1.5756676365028728 2.1199197518825534 1.4766974042291228 -2.0952475659225298 0.94993076503276841 1.7224669510667976 -1.8984738304501487 -0.63544698476791384 -0.30644220183293025 0.40029863818333705 -2.4871332588649935 -0.92957836335355593 2.2221981823444366 0.054544714222783633 0.98854944606622075 -1.6328395403348486 -0.79824383258819587 -0.86890540325054622 1.0240318053043806 0.93834521174430852 -1.2021687913508643 0.29241218390288176 0.04368096795575372 -0.20104559334841643 -0.023094518403928954 -0.74518611729145057 0.19457111291300794
leaf_weight=30 20 25 20 22 30 23 23 20 22 21 20 30 26 21 22 20 23 39 26 33 33 26 38 21 27 29 22 3576 32 312
leaf_count=30 20 25 20 22 30 23 23 20 22 21 20 30 26 21 22 20 23 39 26 33 33 26 38 21 27 29 22 3576 32 312
internal_value=1.40398e-09 -0.00229581 0.0823291 0.0375096 0.105069 0.626754 -0.038312 -0.763735 0.0772579 -0.0165105 -0.435481 -0.207905 -0.662536 -1.20437 -0.034574 0.267661 1.06276 0.0848316 -0.15331 0.161999 0.518045 -0.0347297 0.395658 0.178804 -0.361467 0.677515 -0.888357 -0.0166037 -0.0116647 -0.00562752
internal_weight=4632 4612 667 647 603 130 473 65 408 386 156 135 77 51 42 230 43 187 148 122 89 59 58 100 48 52 44 3945 3920 3888
internal_count=4632 4612 667 647 603 130 473 65 408 386 156 135 77 51 42 230 43 187 148 122 89 59 58 100 48 52 44 3945 3920 3888
is_linear=0
shrinkage=0.05


Tree=203
num_leaves=31
num_cat=0
split_feature=7 7 7 1 7 7 6 3 7 0 5 3 4 3 6 1 1 4 4 7 4 3 6 1 3 0 6 6 1 3
split_gain=2091.02 10265.9 13345.1 10314.2 13358.9 19128.2 13292 9780.98 8277.28 15799.5 30410 20529.5 14475.5 28833.9 23650.4 19993.2 18154.7 32806.7 28174 23161.9 16832.4 28554.2 13531.4 15858.4 25035.8 37056.9 31893.9 20056 15469.1 37136.5
threshold=3282.3166666666671 3286.6458333333335 3287.7395833333339 5.5000000000000009 3284.5020833333342 3283.7375000000006 336.4500000000001 9.2500000000000018 3271.6479166666672 12.500000000000002 9843.0000000000018 774.10000000000014 130.75000000000003 10.550000000000002 9497.9500000000025 2.5000000000000004 3.5000000000000004 8848.3000000000011 358.65000000000003 3275.6041666666674 278.05000000000001 425.75000000000006 10167.750000000002 3.5000000000000004 13.550000000000002 4.5000000000000009 101.55000000000001 8840.5000000000018 1.0000000180025095e-35 596.20000000000016
decision_type=2 2 2 2 2 2 2 2 2 2 2 2 2 2 2 2 2 2 2 2 2 2 2 2 2 2 2 2 2 2
left_child=8 3 -3 4 5 6 -2 -6 9 22 11 -11 13 -10 16 -15 17 20 -18 -20 -14 -22 23 28 25 -25 -26 -28 29 -1
right_child=1 2 -4 -5 7 -7 -8 -9 12 10 -12 -13 14 15 -16 -17 18 -19 19 -21 21 -23 -24 24 26 -27 27 -29 -30 -31
leaf_value=-0.13520949924901379 1.611435200770696 -0.95370665656195763 0.015165001559612399 -0.54285814960797629 0.39770277142524724 -0.83408795360475774 -0.020333192440179681 1.7242904410217748 -0.12801652848720552 -0.15499837881016465 -1.6490006685256959 1.2578986008961996 -1.0110811193784079 -2.8486057180166249 -1.2188611938672906 -0.79368551558461686 1.2779722583293915 2.4676557040214542 -2.229190144084749 -0.17858543187379838 1.4795023307204247 -0.63575247437865645 1.1214726082152791 -0.64582522809505472 2.4699993686676027 1.2278956131959284 0.87481897757673766 -0.56688582450151448 -0.26418443855705792 2.2717880379069935
leaf_weight=59 24 36 2788 24 24 30 26 33 91 538 33 27 21 20 34 29 20 20 21 40 39 27 36 92 25 37 98 32 286 22
leaf_count=59 24 36 2788 24 24 30 26 33 91 538 33 27 21 20 34 29 20 20 21 40 39 27 36 92 25 37 98 32 286 22
internal_value=-1.83988e-09 0.024954 0.00281395 0.413298 0.5808 0.164039 0.762916 1.16573 -0.0452262 0.0142673 -0.17365 -0.0874794 -0.256412 -0.654561 -0.00532685 -1.63243 0.214142 0.641642 -0.35058 -0.884531 0.221869 0.614171 0.17784 0.125658 0.406191 -0.108401 0.834464 0.519938 -0.0914299 0.518543
internal_weight=4632 2985 2824 161 137 80 50 57 1647 1285 598 565 362 140 222 49 188 107 81 61 87 66 687 651 284 129 155 130 367 81
internal_count=4632 2985 2824 161 137 80 50 57 1647 1285 598 565 362 140 222 49 188 107 81 61 87 66 687 651 284 129 155 130 367 81
is_linear=0
shrinkage=0.05


Tree=204
num_leaves=31
num_cat=0
split_feature=3 4 4 7 7 3 3 3 6 7 4 3 4 7 6 6 0 6 6 1 1 4 7 7 7 4 3 7 7 3
split_gain=2076.37 1984.92 22249.8 15272.1 33563.8 19110.9 27062.5 20318.7 20220.9 14575.1 12903 31214.2 15149.4 12154.6 19640.4 23394.3 14357.2 12026.4 23713.1 21071.6 14306 15008.4 20476.7 23245.1 16333.1 11494.8 19464.9 10221.5 35038.5 17393.1
threshold=886.85000000000002 34.95000000000001 42.800000000000004 3298.7229166666671 3295.5645833333338 21.850000000000005 25.050000000000004 33.150000000000013 482.7000000000001 3274.3979166666672 48.600000000000009 4.3500000000000005 57.550000000000004 3208.608333333334 357.30000000000001 117.25000000000001 19.500000000000004 43.550000000000004 78.90000000000002 5.5000000000000009 2.5000000000000004 11.800000000000002 3324.6937500000008 3341.6833333333338 3367.4229166666669 64.850000000000009 0.35000000000000003 3230.5604166666672 3246.5500000000002 5.4500000000000011
decision_type=2 2 2 2 2 2 2 2 2 2 2 2 2 2 2 2 2 2 2 2 2 2 2 2 2 2 2 2 2 2
left_child=1 3 -3 4 5 13 -7 -8 -9 -10 11 -4 -12 -1 15 27 -17 19 -19 -5 -20 22 -22 -24 -25 26 -14 -15 -29 -30
right_child=-2 2 10 17 -6 6 7 8 9 -11 12 -13 25 14 -16 16 -18 18 20 -21 21 -23 23 24 -26 -27 -28 28 29 -31
leaf_value=1.2039569473266603 0.5083553156256676 -1.0887013433501125 -0.45671145439147953 0.14810934791377947 -1.80676862682615 -2.1746458392928947 1.1026710259643469 -1.6476137222914862 1.0408888559043408 -0.86797929406166086 -0.88934552310680859 2.0418571746349339 1.8589689926667647 -0.58740573724110923 1.140538681808271 -0.2699525453042293 -1.5252855845233975 1.671264762348599 -0.13466577623729353 -1.5409223136447725 1.40038249170458 1.8988988590240479 -1.2198620204572324 1.5535788502544166 -0.16069114786205871 -0.014770097735458065 -0.16181141653886211 1.8755413267761469 0.3993312192174186 -0.74520618712648434
leaf_weight=25 20 48 25 153 28 22 22 29 20 20 49 25 22 33 38 69 34 36 108 21 37 20 27 24 33 3426 26 32 113 47
leaf_count=25 20 48 25 153 28 22 22 29 20 20 49 25 22 33 38 69 34 36 108 21 37 20 27 24 33 3426 26 32 113 47
internal_value=6.51604e-10 -0.00220449 -0.0193646 0.0604965 -0.121823 -0.0282151 -0.600939 -0.220482 -0.642357 0.0864548 -0.004999 0.792573 -0.0163185 0.137303 0.0644445 -0.0602249 -0.684334 0.271812 0.471791 -0.0557393 0.298374 0.630063 0.420339 -0.0113475 0.561107 -0.00400464 0.76438 0.225479 0.365193 0.0631234
internal_weight=4632 4612 3621 991 532 504 113 91 69 40 3573 50 3523 391 366 328 103 459 285 174 249 141 121 84 57 3474 48 225 192 160
internal_count=4632 4612 3621 991 532 504 113 91 69 40 3573 50 3523 391 366 328 103 459 285 174 249 141 121 84 57 3474 48 225 192 160
is_linear=0
shrinkage=0.05


Tree=205
num_leaves=31
num_cat=0
split_feature=7 7 1 1 6 7 7 5 1 5 6 4 4 4 3 6 4 3 4 3 6 4 6 6 5 4 5 1 5 6
split_gain=2107.78 3516.44 23129.1 26588.6 2754.82 2182.94 8219.59 8160.73 11519.7 4648.94 3139.97 15596.9 19389.3 17240 21572 14007 10782.3 10726.2 10492.2 21765.7 14568.4 28721.7 20820.2 8515.7 6389.12 5580.88 16970.5 13467.1 5547.58 5715.75
threshold=3174.9083333333333 3201.3583333333331 4.5000000000000009 2.5000000000000004 10505.100000000002 3412.8145833333342 3399.479166666667 130.60000000000002 5.5000000000000009 337.65000000000003 10035.500000000002 10274.200000000003 9005.4000000000015 9728.9000000000015 831.70000000000016 9968.2000000000025 10040.150000000003 855.10000000000002 10340.150000000003 828.80000000000007 9849.1000000000022 9453.4000000000015 9786.0500000000011 10167.750000000002 10078.150000000001 10040.150000000003 8931.6500000000033 3.5000000000000004 10162.150000000003 9704.5000000000018
decision_type=2 2 2 2 2 2 2 2 2 2 2 2 2 2 2 2 2 2 2 2 2 2 2 2 2 2 2 2 2 2
left_child=-1 2 3 -2 5 6 10 -7 -9 -8 15 12 23 17 -15 18 -16 -14 20 -20 22 -22 25 -12 -17 28 -27 -28 29 -3
right_child=1 4 -4 -5 -6 7 9 8 -10 -11 11 -13 13 14 16 24 -18 -19 19 -21 21 -23 -24 -25 -26 26 27 -29 -30 -31
leaf_value=-0.37085358539694235 0.63758770543517496 -0.0044990097441026918 1.6644357160057712 -1.672793687582016 0.40537965501227036 0.92484328911222269 -0.15518266780035839 0.47911563569849192 -0.99796105623245246 -0.9823822079282819 -0.18192320674657825 1.0213114774745444 -2.1387646257877351 -1.2485130625386391 1.1044895498840899 0.33596073103987656 -0.40613093773523973 -0.64259697302528052 -1.6104403495788575 0.50320778290430712 -0.43004855629470617 1.7688824487454964 -1.4439808892011643 1.2436138413169169 1.5578891789913178 -0.67196248086790256 0.29928470449522138 1.9532193756103517 -0.76264463563760121 0.84296493709087383
leaf_weight=38 33 3835 23 20 41 29 35 33 22 33 20 23 25 31 27 23 21 23 29 21 27 33 25 22 20 24 32 20 24 20
leaf_count=38 33 3835 23 20 41 29 35 33 22 33 20 23 25 31 27 23 21 23 29 21 27 33 25 22 20 24 32 20 24 20
internal_value=-1.44866e-11 0.00306757 0.340349 -0.234254 -0.00260604 -0.00634234 -0.0111702 0.246144 -0.111715 -0.556618 -0.0025944 -0.200256 -0.366504 -0.67449 -0.220398 0.00658802 0.443593 -1.42185 -0.00285002 -0.722708 0.00605911 0.779363 -0.00559874 0.564787 0.9043 0.00349343 0.427821 0.935413 -0.00482028 -0.00010231
internal_weight=4632 4594 76 53 4518 4477 4393 84 55 68 4325 192 169 127 79 4133 48 48 4090 50 4040 60 3980 42 43 3955 76 52 3879 3855
internal_count=4632 4594 76 53 4518 4477 4393 84 55 68 4325 192 169 127 79 4133 48 48 4090 50 4040 60 3980 42 43 3955 76 52 3879 3855
is_linear=0
shrinkage=0.05


Tree=206
num_leaves=31
num_cat=0
split_feature=0 6 7 7 5 3 3 7 5 4 6 6 5 7 3 7 3 4 4 3 7 7 6 6 6 0 3 0 5 5
split_gain=2049.09 9490.17 9567.92 13786.5 13880 28070.1 12753.5 9415.44 8443.7 16320.1 14784.5 14030.2 24946.7 25980.5 15699.9 9641.92 7917.81 8995.3 17920.5 6992.58 6098.09 17003.8 3282.62 12966.8 38617.6 27479.4 18784.8 16085.7 14292.8 44408.5
threshold=2.5000000000000004 540.10000000000014 3211.5770833333336 3264.1458333333344 21.350000000000005 21.250000000000004 11.65 3384.2208333333338 111.70000000000002 25.750000000000004 48.050000000000004 91.800000000000026 259.55000000000007 3321.2354166666669 11.050000000000002 3324.6937500000008 5.4500000000000011 184.15000000000001 28.750000000000004 1.0500000000000003 3246.5500000000002 3233.6312500000008 67.40000000000002 48.050000000000004 43.550000000000004 5.5000000000000009 8.9500000000000011 20.500000000000004 287.15000000000003 325.00000000000006
decision_type=2 2 2 2 2 2 2 2 2 2 2 2 2 2 2 2 2 2 2 2 2 2 2 2 2 2 2 2 2 2
left_child=1 2 -1 20 5 6 16 8 9 19 -11 12 15 -14 -13 -10 17 18 -5 -6 21 -4 23 24 28 -25 27 -27 -2 -30
right_child=22 -3 3 4 7 -7 -8 -9 11 10 -12 14 13 -15 -16 -17 -18 -19 -20 -21 -22 -23 -24 25 -26 26 -28 -29 29 -31
leaf_value=1.0278356599807741 -0.161422366953658 -1.0614247928063074 -0.90145011261889807 0.71294823770339677 -0.33989171892404557 1.8857833248597604 -1.0477015006542207 -1.1649670697748662 0.66919933249873509 -1.8431122002778233 -0.21724160704119455 0.16350565324811375 0.88452704787254344 -1.6335036686488562 -1.6019686532020569 2.0378651667724959 1.1982178370157877 0.80317035644285151 -1.0670302660234514 0.98228263080120082 -0.98151424024619305 0.79852024316787729 0.036713416822412102 0.79482839852571496 2.0105341071667882 -1.4842574318250021 -2.4596254158020021 0.43571706920862197 2.2167704573384039 -0.061337252605019266
leaf_weight=20 665 24 38 26 20 27 20 22 31 27 29 34 20 21 20 22 21 31 31 20 51 24 3147 24 23 24 20 20 27 103
leaf_count=20 665 24 38 26 20 27 20 22 31 27 29 34 20 21 20 22 21 31 31 20 51 24 3147 24 23 24 20 20 27 103
internal_value=4.97409e-10 -0.0879864 -0.0458918 -0.0860311 0.0453109 0.419754 0.112911 -0.174288 -0.084964 -0.450169 -1.00114 0.151926 0.520906 -0.405196 -0.490374 1.23732 0.325868 0.117693 -0.25511 0.321195 -0.57653 -0.243397 0.0125695 -0.0712947 -0.00925247 -0.648005 -1.18907 -0.611542 -0.0676866 0.411808
internal_weight=4632 579 555 535 422 156 129 266 244 96 56 148 94 41 54 53 109 88 57 40 113 62 4053 906 818 88 64 44 795 130
internal_count=4632 579 555 535 422 156 129 266 244 96 56 148 94 41 54 53 109 88 57 40 113 62 4053 906 818 88 64 44 795 130
is_linear=0
shrinkage=0.05


Tree=207
num_leaves=31
num_cat=0
split_feature=7 7 1 1 6 7 6 5 7 5 1 6 4 4 4 3 6 5 3 4 1 6 4 6 6 5 4 5 1 5
split_gain=2003.53 3037.1 20645 23932.3 2460.26 2072.13 7939.29 15037.6 7286.47 4246.94 3576.16 2890.18 14076.2 17498.9 15559.1 19468.8 12583.7 10383.5 9680.42 9523.68 20508.2 13076.8 25921.3 18845.8 7685.42 5766.18 4986.1 15315.9 12154 5035.55
threshold=3174.9083333333333 3201.3583333333331 4.5000000000000009 2.5000000000000004 10505.100000000002 3412.8145833333342 105.15000000000002 276.4500000000001 3399.479166666667 337.65000000000003 4.5000000000000009 10035.500000000002 10274.200000000003 9005.4000000000015 9728.9000000000015 831.70000000000016 9968.2000000000025 10125.750000000002 855.10000000000002 10340.150000000003 2.5000000000000004 9849.1000000000022 9453.4000000000015 9786.0500000000011 10167.750000000002 10078.150000000001 10040.150000000003 8931.6500000000033 3.5000000000000004 10162.150000000003
decision_type=2 2 2 2 2 2 2 2 2 2 2 2 2 2 2 2 2 2 2 2 2 2 2 2 2 2 2 2 2 2
left_child=-1 2 3 -2 5 8 -7 -8 11 -10 -9 16 13 24 18 -16 19 -17 -15 21 -21 23 -23 26 -13 -18 29 -28 -29 -3
right_child=1 4 -4 -5 -6 6 7 10 9 -11 -12 12 -14 14 15 17 25 -19 -20 20 -22 22 -24 -25 -26 -27 27 28 -30 -31
leaf_value=-0.36156547177386916 0.60071692847167002 0.00015174425635293572 1.5674061782982038 -1.5912185418605806 0.38327500006047693 -0.52840181390444441 1.667049830853939 0.4606671929359436 -0.14038485492978778 -0.93101165944879716 -0.48486975073814398 -0.17466266959905627 0.96841025922609425 -2.0336620304584505 -1.1879230929959206 -0.3158198038736979 0.31732704147048624 1.1549753238757452 -0.61230279518210373 -1.7423815846443178 0.28448996188548897 -0.41038178249641705 1.6786026232170337 -1.3736174529194833 1.179597494277087 1.4781590640544893 -0.64020008792867888 0.28248481927439573 1.8537227189540866 -0.72634804546833043
leaf_weight=38 33 3855 23 20 41 24 20 20 35 33 20 20 23 25 31 24 23 24 23 24 26 27 33 25 22 20 24 32 20 24
leaf_count=38 33 3855 23 20 41 24 20 20 35 33 20 20 23 25 31 24 23 24 23 24 26 27 33 25 22 20 24 32 20 24
internal_value=1.52049e-09 0.00299075 0.316442 -0.226429 -0.00228201 -0.00581291 0.240182 0.547616 -0.0105167 -0.524071 -0.0121013 -0.00244228 -0.192078 -0.350015 -0.642602 -0.211214 0.00636734 0.419578 -1.35259 -0.00257836 -0.688408 0.00590964 0.73856 -0.00513534 0.534712 0.857249 0.00351499 0.404594 0.886807 -0.00434323
internal_weight=4632 4594 76 53 4518 4477 84 60 4393 68 40 4325 192 169 127 79 4133 48 48 4090 50 4040 60 3980 42 43 3955 76 52 3879
internal_count=4632 4594 76 53 4518 4477 84 60 4393 68 40 4325 192 169 127 79 4133 48 48 4090 50 4040 60 3980 42 43 3955 76 52 3879
is_linear=0
shrinkage=0.05


Tree=208
num_leaves=31
num_cat=0
split_feature=0 6 7 7 7 3 7 7 3 7 7 7 3 5 4 6 1 7 7 7 6 7 7 5 7 0 3 1 4 4
split_gain=1881.98 8476.26 8602.21 12396.3 12930 11466.7 32627.9 42701.2 17493.5 11971.7 5983.03 20450.3 12250 9241.16 6561.71 6085.06 5640.01 9012.37 5628.5 4744.65 4527.01 3046.97 28918.8 33618.1 24146.2 20523.2 29703.8 16571.8 23454.7 26876.9
threshold=2.5000000000000004 540.10000000000014 3211.5770833333336 3264.1458333333344 3276.139583333334 21.250000000000004 3360.7916666666674 3316.077083333334 15.15 3374.1062500000007 3287.7395833333339 3294.0833333333335 10.550000000000002 1.0000000180025095e-35 220.80000000000004 110.80000000000003 2.5000000000000004 3247.4541666666673 3229.1312500000008 3316.077083333334 64.250000000000014 3263.4750000000004 3267.8666666666668 2738.6000000000008 3259.0125000000003 17.500000000000004 217.70000000000002 3.5000000000000004 9453.4000000000015 9954.9000000000033
decision_type=2 2 2 2 2 2 2 2 2 2 2 2 2 2 2 2 2 2 2 2 2 2 2 2 2 2 2 2 2 2
left_child=1 2 -1 16 -5 8 7 -7 9 10 -6 -12 13 20 15 19 -4 18 -18 -15 -13 24 23 -23 27 26 -26 28 -2 -30
right_child=21 -3 3 4 5 6 -8 -9 -10 -11 11 12 -14 14 -16 -17 17 -19 -20 -21 -22 22 -24 -25 25 -27 -28 -29 29 -31
leaf_value=0.97356030464172361 -0.061547644208994272 -1.0042921761671701 -1.064323248465856 0.92174989686984776 -0.80348126207079218 -0.16130922754605614 -1.2286332401633264 2.6071419737659971 -1.4218393151576703 0.73488482624292384 1.4229953330755234 0.48581407250780045 0.82145436535710881 -0.14509288907051085 -1.4101141353448234 0.14565646858127029 -0.38406836011193018 -0.9145070489715128 0.76033670391355246 -1.1009519801349252 -0.42798137975775674 -0.092048733380802897 0.01546895794649724 -1.9971689860981243 2.734595694749252 -0.37073610623677578 0.58289878210931456 0.2651448659319699 -2.1336830839034051 0.069764165639877321
leaf_weight=20 426 24 36 38 35 30 20 26 26 40 20 33 23 20 24 27 22 34 21 37 23 57 3025 39 23 27 53 347 31 25
leaf_count=20 426 24 36 38 35 30 20 26 26 40 20 33 23 20 24 27 22 34 21 37 23 57 3025 39 23 27 53 347 31 25
internal_value=5.01486e-10 -0.0843223 -0.0445398 -0.0825996 0.0419444 -0.0451197 0.504918 1.12404 -0.180843 -0.0664252 -0.198873 -0.0966447 -0.259173 -0.410724 -0.680992 -0.472671 -0.547711 -0.306178 0.174827 -0.765563 0.110505 0.012046 -0.0116446 -0.866004 0.0913791 0.813393 1.23407 0.00167177 -0.188007 -1.15
internal_weight=4632 579 555 535 422 384 76 56 308 282 242 207 187 164 108 84 113 77 43 57 56 4053 3121 96 932 103 76 829 482 56
internal_count=4632 579 555 535 422 384 76 56 308 282 242 207 187 164 108 84 113 77 43 57 56 4053 3121 96 932 103 76 829 482 56
is_linear=0
shrinkage=0.05


Tree=209
num_leaves=31
num_cat=0
split_feature=7 7 1 1 6 7 7 7 1 7 6 1 3 5 6 6 6 3 3 6 4 6 3 3 7 6 5 3 3 1
split_gain=1902.72 2620.48 18278.5 21945.5 2262.24 1928.94 11555 11712.6 9509.6 10970.6 14927.8 16496.9 8554.68 6836.92 9318.82 21156.6 11079.4 10550.1 6467.14 12582.7 24790 12270.8 11287.4 9952.04 6436.69 15660.4 17123.9 26152.3 19213.5 18181.7
threshold=3174.9083333333333 3201.3583333333331 4.5000000000000009 2.5000000000000004 10505.100000000002 3282.3166666666671 3286.6458333333335 3287.7395833333339 5.5000000000000009 3284.5020833333342 336.4500000000001 2.5000000000000004 9.2500000000000018 10430.500000000002 10133.050000000001 10084.35 9989.3500000000022 840.35000000000002 844.95000000000016 9786.0500000000011 9453.4000000000015 9676.1000000000004 825.80000000000007 859.55000000000007 3271.6479166666672 10167.750000000002 9920.1500000000015 791.6500000000002 823.95000000000016 3.5000000000000004
decision_type=2 2 2 2 2 2 2 2 2 2 2 2 2 2 2 2 2 2 2 2 2 2 2 2 2 2 2 2 2 2
left_child=-1 2 3 -2 5 24 8 -8 9 10 -7 -12 -11 14 15 16 18 -16 19 21 -21 22 -9 -20 25 26 27 29 -28 -3
right_child=1 4 -4 -5 -6 6 7 13 -10 12 11 -13 -14 -15 17 -17 -18 -19 23 20 -22 -23 -24 -25 -26 -27 28 -29 -30 -31
leaf_value=-0.35235226095507022 0.57533262448780464 -0.20671159301898753 1.4711585379165153 -1.5236498999595645 0.36773250335600322 0.9994513399460736 -0.90137644509474435 0.017106030873438368 -0.53028166727586235 0.40059637824694322 0.46756983971595761 -1.4590317019820214 1.6412388501745285 0.81332937570718622 0.012423328074013315 1.6345770192984492 -0.88146855839661198 -1.1521139222222405 1.0790988876539118 -2.1438340029120448 0.16097255407699518 1.1430464173356691 -1.1205007246949457 -0.30529087838672458 -0.2361778310580506 1.0326217076844639 -0.014168156346967144 1.4740647776921589 -1.8385864116527415 0.21571452747285369
leaf_weight=38 33 587 23 20 41 34 36 2455 22 24 25 20 33 26 41 20 35 37 34 20 28 24 22 21 359 36 31 30 27 450
leaf_count=38 33 587 23 20 41 34 36 2455 22 24 25 20 33 26 41 20 35 37 34 20 28 24 22 21 359 36 31 30 27 450
internal_value=8.57331e-11 0.00291454 0.294074 -0.216736 -0.00198323 -0.00536906 0.0181615 -0.00532172 0.434171 0.590185 0.208734 -0.388698 1.11886 0.00635326 -0.00131257 0.014489 0.00221099 -0.539985 0.0140884 0.00251391 -0.799364 0.0179038 0.00700214 0.550514 -0.0511452 0.00606986 -0.0267798 0.0187008 -0.863466 -0.0234023
internal_weight=4632 4594 76 53 4518 4477 2957 2799 158 136 79 45 57 2763 2737 2659 2639 78 2604 2549 48 2501 2477 55 1520 1161 1125 1067 58 1037
internal_count=4632 4594 76 53 4518 4477 2957 2799 158 136 79 45 57 2763 2737 2659 2639 78 2604 2549 48 2501 2477 55 1520 1161 1125 1067 58 1037
is_linear=0
shrinkage=0.05


Tree=210
num_leaves=31
num_cat=0
split_feature=5 5 6 6 5 4 6 3 3 0 6 5 6 1 6 4 7 7 5 7 7 7 1 4 3 4 4 1 4 5
split_gain=1854.36 23694.8 15965.4 13520.1 11319.8 15813.2 13336.7 11992 14188.4 21320 19779.7 31111.5 29949 27859.8 27715.1 14614 19588.4 18917.4 14220.8 12175.3 27279.3 21269.4 15623.5 21535.1 20344.3 11403 14777.4 14664.2 11500.1 10716.8
threshold=100.00000000000001 109.10000000000001 672.30000000000007 563.60000000000014 82.65000000000002 144.45000000000002 71.750000000000014 3.7500000000000004 12.250000000000002 21.500000000000004 258.30000000000001 4.4500000000000011 204.70000000000002 1.0000000180025095e-35 165.80000000000004 248.00000000000003 3334.8958333333335 3286.0854166666672 4.4500000000000011 3339.7770833333338 3324.6937500000008 3376.3729166666676 2.5000000000000004 90.550000000000011 30.650000000000002 34.95000000000001 57.550000000000004 1.5000000000000002 2676.1000000000008 6.6500000000000012
decision_type=2 2 2 2 2 2 2 2 2 2 2 2 2 2 2 2 2 2 2 2 2 2 2 2 2 2 2 2 2 2
left_child=2 -2 3 4 7 6 -6 25 9 15 12 -12 13 -10 19 16 17 -9 -17 20 22 -21 23 -15 -24 -1 -27 -28 29 -29
right_child=1 -3 -4 -5 5 -7 -8 8 10 -11 11 -13 -14 14 -16 18 -18 -19 -20 21 -22 -23 24 -25 -26 26 27 28 -30 -31
leaf_value=0.12744898974107435 1.1120750827296655 0.0040997974591023469 -1.4503826028108597 1.2314817945162455 -1.6848706373146602 0.24598586291074753 -0.27258729692548517 0.94073271657291224 -1.3466873898225673 1.8757204917760995 -0.11189891977442637 2.1841143989562988 -1.7154518944876536 0.2778727324112602 1.9170825996569225 -1.4329631340503692 1.7609881392547064 -0.72364649152563465 0.45256291180849079 1.3844160907977336 -1.8865831085613796 -0.48166505304666662 -0.00022568415446453787 -1.9654879392310978 1.6802864556727202 -1.2047155979275705 -0.6791390129461371 0.29681192597190104 -1.1219819372350519 -0.33561480911272878
leaf_weight=260 49 3169 20 21 35 40 32 38 34 26 36 25 28 23 21 20 28 31 20 37 21 26 83 20 23 40 116 182 22 106
leaf_count=260 49 3169 20 21 35 40 32 38 34 26 36 25 28 23 21 20 28 31 20 37 21 26 83 20 23 40 116 182 22 106
internal_value=-1.20038e-09 0.0209708 -0.0477256 -0.0276014 -0.046859 -0.54069 -1.01035 -0.00512131 0.17331 0.563087 0.00478578 0.82909 -0.154336 -0.00256114 0.177361 0.313974 0.645592 0.192968 -0.4902 0.0205624 -0.199465 0.614287 0.0383166 -0.765551 0.364414 -0.137839 -0.285854 -0.199575 -0.0201258 0.0640438
internal_weight=4632 3218 1414 1394 1373 107 67 1266 540 163 377 61 316 288 254 137 97 69 40 233 170 63 149 43 106 726 466 426 310 288
internal_count=4632 3218 1414 1394 1373 107 67 1266 540 163 377 61 316 288 254 137 97 69 40 233 170 63 149 43 106 726 466 426 310 288
is_linear=0
shrinkage=0.05


Tree=211
num_leaves=31
num_cat=0
split_feature=7 1 7 6 3 7 6 5 7 7 0 7 6 4 7 4 7 1 3 0 5 4 7 4 7 0 7 7 0 7
split_gain=1811.97 7430.6 8428.48 11396.2 11259.7 11167 9522.76 7588.52 5815.31 13512.5 11973.5 10734.8 18046.4 23207.5 13350.6 11312.5 4693.77 10547.4 23244.5 15449.4 9669.39 13632.7 7399.09 21278.6 9369.52 36007.6 13939.6 20282.1 13278.5 12564.8
threshold=3388.8562500000003 5.5000000000000009 3406.5062500000008 78.90000000000002 270.00000000000006 3424.5708333333332 199.90000000000003 319.45000000000005 3382.8354166666672 3380.1479166666672 11.500000000000002 3374.1062500000007 5143.5000000000009 157.20000000000002 3369.8625000000006 168.40000000000003 3360.7916666666674 1.5000000000000002 609.25000000000011 5.5000000000000009 7662.7500000000009 364.85000000000008 3356.5895833333338 7051.6000000000013 3353.4479166666674 11.500000000000002 3351.9333333333338 3349.5375000000008 13.500000000000002 3354.9958333333343
decision_type=2 2 2 2 2 2 2 2 2 2 2 2 2 2 2 2 2 2 2 2 2 2 2 2 2 2 2 2 2 2
left_child=8 2 4 -4 6 -5 -2 -3 9 11 -10 14 13 -13 16 -16 22 18 19 -18 21 -19 24 -24 26 29 27 -1 -29 -26
right_child=1 7 3 5 -6 -7 -8 -9 10 -11 -12 12 -14 -15 15 -17 17 20 -20 -21 -22 -23 23 -25 25 -27 -28 28 -30 -31
leaf_value=-0.0057525827144713155 -0.43998665156012234 -0.0049344371472086227 -0.43659825665610175 1.4137890093028547 -1.0081229903016771 0.0034258723258972171 0.83949393205917799 -1.1240566614902381 -0.15693591131191506 -0.96476794083913175 1.1346243847818938 1.1852067947387697 1.7319914291302365 -0.97093515854615442 0.10814189485141211 -1.1774729789658027 0.10163151432167401 0.37054237207131729 1.1865770215079898 -1.7721926261078229 -0.27224760442972185 1.9177469710508985 -0.011790985614061356 -1.8007345795631409 0.4913429946384647 1.9361135786977308 -0.9804065136031973 1.8468311357001466 0.26894537150859832 -1.2185162669136411
leaf_weight=3742 33 28 28 32 35 25 26 33 38 36 34 24 24 26 28 44 22 35 21 22 20 24 68 22 22 29 36 24 30 21
leaf_count=3742 33 28 28 32 35 25 26 33 38 36 34 24 24 26 28 44 22 35 21 22 20 24 68 22 22 29 36 24 30 21
internal_value=5.71983e-10 -0.133779 0.028632 0.389437 -0.297628 0.795209 0.123852 -0.610361 0.00731032 -0.000117303 0.452968 0.007989 0.604979 0.064013 -0.00250441 -0.677512 0.00924052 0.289693 -0.182065 -0.835281 0.677848 0.999914 -0.000870916 -0.449088 0.00946196 0.574556 -0.00115566 0.00813123 0.970228 -0.343705
internal_weight=4632 240 179 85 94 57 59 61 4392 4320 72 4284 74 50 4210 72 4138 144 65 44 79 59 3994 90 3904 72 3832 3796 54 43
internal_count=4632 240 179 85 94 57 59 61 4392 4320 72 4284 74 50 4210 72 4138 144 65 44 79 59 3994 90 3904 72 3832 3796 54 43
is_linear=0
shrinkage=0.05


Tree=212
num_leaves=31
num_cat=0
split_feature=5 3 4 3 4 5 4 6 5 5 6 5 5 6 4 7 5 1 5 7 7 1 4 4 5 7 7 5 5 3
split_gain=1739.54 8276.11 2906.25 25580.5 13741.5 5807.35 7122.28 21668 4776.77 14396.8 10544.4 28200.7 30423.4 17816.2 18445.6 15970.1 19822.3 9977.82 8356.18 6528.88 4368.35 3218.03 14847.7 31532.1 15811.2 11850.6 13391.8 21194.8 22423.6 26005.4
threshold=10430.500000000002 851.95000000000016 10340.150000000003 797.25000000000011 10500.450000000003 10269.000000000002 10227.300000000001 9704.5000000000018 10051.650000000003 9987.0000000000018 9849.1000000000022 9920.1500000000015 9776.6000000000022 9613.2000000000025 9005.4000000000015 3314.3020833333335 9636.2500000000018 1.5000000000000002 9747.1000000000022 3304.7541666666675 3315.7000000000007 1.0000000180025095e-35 5536.0500000000011 7260.1500000000005 5388.6500000000005 3380.1479166666672 3281.3041666666672 86.750000000000014 181.80000000000004 4.0500000000000007
decision_type=2 2 2 2 2 2 2 2 2 2 2 2 2 2 2 2 2 2 2 2 2 2 2 2 2 2 2 2 2 2
left_child=2 -2 5 -4 -5 6 8 -8 9 10 13 12 15 18 -15 16 -12 -10 21 -19 -7 22 24 -24 25 26 -1 -28 29 -29
right_child=1 -3 3 4 -6 20 7 -9 17 -11 11 -13 -14 14 -16 -17 -18 19 -20 -21 -22 -23 23 -25 -26 -27 27 28 -30 -31
leaf_value=0.45550478021813251 0.73003936012585957 -0.53852052330970768 -1.2427705311775208 1.6847278186908135 0.13719393252395093 -0.97494319059230661 0.30924792146241226 -1.8621104726940396 -0.52660492633779843 -0.98572884202003486 0.3343385631387884 2.1213588378259116 -0.98840060591697698 0.23102643319538663 -1.6760590489953757 -0.065124539865387812 2.5092700195312503 1.1254320164521536 0.9740695124322718 0.16639946154185703 -0.057712591648101809 -0.021381922256266013 2.0083066381017369 0.12281260544762891 -1.0919277667999268 1.2182497455960228 -0.69790222129579327 -0.0016997296234657025 -0.19373941816218937 2.1988418416976927
leaf_weight=117 36 20 20 26 32 27 27 20 24 37 22 21 40 21 32 36 20 36 22 35 25 3465 30 85 32 21 118 29 131 25
leaf_count=117 36 20 20 26 32 27 27 20 24 37 22 21 40 21 32 36 20 36 22 35 25 3465 30 85 32 21 118 29 131 25
internal_value=3.75444e-10 0.276982 -0.00338964 0.299202 0.830916 -0.00863689 -0.00249268 -0.614734 0.00404866 -0.00369213 0.0048233 0.433157 0.132715 -0.00959977 -0.920421 0.707646 1.37002 0.354748 0.0022465 0.652669 -0.533967 -0.00302863 0.105125 0.614681 -0.0187631 0.0591082 0.00115116 -0.174292 0.159686 1.01707
internal_weight=4632 56 4576 78 58 4498 4446 47 4399 4304 4267 139 118 4128 53 78 42 95 4075 71 52 4053 588 115 473 441 420 303 185 54
internal_count=4632 56 4576 78 58 4498 4446 47 4399 4304 4267 139 118 4128 53 78 42 95 4075 71 52 4053 588 115 473 441 420 303 185 54
is_linear=0
shrinkage=0.05


Tree=213
num_leaves=31
num_cat=0
split_feature=7 7 7 5 5 6 1 5 3 3 4 1 5 3 7 7 5 0 3 6 3 5 6 5 4 0 3 7 6 7
split_gain=1793.84 8604.79 10092 9392.95 29547 15406.7 7049.91 19200.5 24950.5 16678.4 29913.2 11796.5 24520.8 38911 20286.7 12836.2 11323.9 10937.3 18294.8 33124.3 26852 13375.7 23031.2 18202.7 16179.6 11291.4 15604.1 14997.9 13624.5 17646.5
threshold=3282.3166666666671 3286.6458333333335 3287.7395833333339 28.750000000000004 118.35000000000001 199.90000000000003 1.0000000180025095e-35 160.10000000000005 4.0500000000000007 576.10000000000014 9790.6500000000015 1.5000000000000002 5303.8500000000013 20.250000000000004 3255.8750000000005 3250.6812500000001 146.80000000000004 17.500000000000004 13.950000000000001 19.850000000000005 21.250000000000004 5213.6000000000013 5211.9500000000016 5050.2500000000009 4906.3000000000002 4.5000000000000009 13.550000000000002 3261.4479166666674 426.4500000000001 3230.5604166666672
decision_type=2 2 2 2 2 2 2 2 2 2 2 2 2 2 2 2 2 2 2 2 2 2 2 2 2 2 2 2 2 2
left_child=6 3 -3 -2 -5 -6 7 8 -1 -9 -11 12 13 16 -15 -14 -8 21 -19 -20 -21 23 -23 25 -24 26 -13 -28 -27 -30
right_child=1 2 -4 4 5 -7 11 9 -10 10 -12 17 15 14 -16 -17 -18 18 19 20 -22 22 24 -25 -26 28 27 -29 29 -31
leaf_value=0.23488004267215731 1.229453918668959 -0.82896077467335594 0.013583683365921875 -1.2055433454184696 1.8460162568092349 0.30362489588120406 -0.64377281718394341 -0.64401186620685413 2.2592702224364749 1.0824383843471022 -1.1991157364845275 -0.30774440902763261 -0.33646547132068211 -1.0544502505549678 -3.1554580447077751 1.1547446950789422 0.37868922485245604 -0.073822650848290858 0.69338308706879614 -3.0659175350552514 -0.66204571723937988 -1.5175029787523995 1.2944193590255013 1.5418626332283021 -0.13730533113902496 0.84661146183636515 0.039453055912798102 1.6150038467801135 1.1743522890152469 -0.15521881588501857
leaf_weight=45 27 36 2788 29 20 85 68 71 23 51 20 189 27 27 20 31 45 234 20 21 26 29 21 25 327 101 44 23 31 128
leaf_count=45 27 36 2788 29 20 85 68 71 23 51 20 189 27 27 20 31 45 234 20 21 26 29 21 25 327 101 44 23 31 128
internal_value=-2.24675e-09 0.0231128 0.00284303 0.378652 0.207222 0.597414 -0.0418893 0.228714 0.9196 -0.102132 0.439747 -0.0814347 -0.420194 -0.739468 -1.9485 0.460561 -0.236598 -0.0208526 -0.282406 -1.01089 -1.73612 0.0649073 -0.163723 0.22423 -0.0509082 0.160391 -0.0753229 0.580314 0.39248 0.104006
internal_weight=4632 2985 2824 161 134 105 1647 210 68 142 71 1437 218 160 47 58 113 1219 301 67 47 918 377 541 348 516 256 67 260 159
internal_count=4632 2985 2824 161 134 105 1647 210 68 142 71 1437 218 160 47 58 113 1219 301 67 47 918 377 541 348 516 256 67 260 159
is_linear=0
shrinkage=0.05


Tree=214
num_leaves=31
num_cat=0
split_feature=7 7 7 4 5 4 4 5 5 6 3 7 6 7 5 6 3 4 7 7 7 7 5 6 7 5 7 5 5 6
split_gain=1889.14 2378.66 18079.7 16661.8 35295.2 13411.7 29884.7 22534.3 19902.3 9832.11 9451.93 7312.8 5696.32 5393.72 8823.3 10741.2 7768.58 6973.45 4127.87 14399.5 16818.7 15513.7 20484.1 20053.6 17595.1 26600 13957.4 36904.8 16469 16858.8
threshold=3174.9083333333333 3220.9750000000008 3223.9541666666673 8518.2000000000025 7014.6500000000005 1.0000000180025095e-35 64.850000000000009 224.15000000000001 5022.9000000000005 89.050000000000011 3.4500000000000006 3227.2583333333332 9613.2000000000025 3235.0208333333335 2925.2500000000005 145.10000000000005 0.35000000000000003 8518.2000000000025 3253.7562500000008 3259.0125000000003 3262.7833333333338 3267.8666666666668 136.30000000000004 85.950000000000017 3269.7541666666671 2532.0500000000006 3250.6812500000001 48.20000000000001 23.550000000000004 120.35000000000001
decision_type=2 2 2 2 2 2 2 2 2 2 2 2 2 2 2 2 2 2 2 2 2 2 2 2 2 2 2 2 2 2
left_child=-1 3 -3 4 5 10 -7 9 -9 -8 -2 -4 -5 14 15 16 -13 -16 26 -20 -21 22 23 -22 25 -23 28 -28 29 -15
right_child=1 2 11 12 -6 6 7 8 -10 -11 -12 13 -14 18 17 -17 -18 -19 19 20 21 24 -24 -25 -26 -27 27 -29 -30 -31
leaf_value=-0.35109210782929473 0.061784200441269643 -1.0915340461229024 0.69443936473444889 -1.3156623679399493 2.1569438384535413 1.8757194867500893 -0.19456226402713406 1.4977041766047479 -0.43054744368014131 -1.5957766578311015 -1.4570052510499956 -0.91378039121627808 -0.22628909627596538 1.3386962482333185 -1.5617679641360329 0.94611411378497179 0.34009904606001723 -0.27322373730795729 -0.55681663323836084 0.66560795614593915 -0.702869665055048 -0.24447536835303674 -0.97685487351634281 1.509378606081009 -0.0025475947885732729 1.9764891356229783 -1.0124377682095482 1.4514872497320175 -0.19027799990560329 -0.41078103951045447
leaf_weight=38 21 38 38 20 24 26 31 32 23 21 20 30 30 40 21 21 21 21 116 95 21 26 88 20 3401 28 21 55 224 21
leaf_count=38 21 38 38 20 24 26 31 32 23 21 20 30 30 40 21 21 21 21 116 95 21 26 88 20 3401 28 21 55 224 21
internal_value=-4.34296e-11 0.00290411 -0.00569041 0.153516 0.359464 0.111536 0.355262 -0.0141944 0.691344 -0.760437 -0.679089 0.0038876 -0.662038 -0.00225782 -0.341559 -0.00559632 -0.397477 -0.917496 0.00704929 -0.00831961 0.00897467 -0.00843051 -0.54679 0.376276 0.0116703 0.907136 0.168614 0.770666 0.00806728 0.736417
internal_weight=4632 4594 4346 248 198 174 133 107 55 52 41 4308 50 4270 114 72 51 42 4156 3795 3679 3584 129 41 3455 54 361 76 285 61
internal_count=4632 4594 4346 248 198 174 133 107 55 52 41 4308 50 4270 114 72 51 42 4156 3795 3679 3584 129 41 3455 54 361 76 285 61
is_linear=0
shrinkage=0.05


Tree=215
num_leaves=31
num_cat=0
split_feature=7 4 6 4 6 3 6 0 5 4 7 7 6 4 7 6 4 7 5 7 5 4 4 5 4 7 1 3 6 7
split_gain=1742.06 6724.64 9961.82 15324.5 14994.1 10459.7 15217.6 8788.63 7026.27 5454.25 5171.74 12274.6 11015.6 11060.8 9873.36 16445.5 20726 11925.7 10382.7 4408.72 15120.2 17744 7726.5 4142.39 3924.92 3637.88 33788.6 13470.6 10764.5 8384.39
threshold=3388.8562500000003 9334.8000000000011 117.25000000000001 212.60000000000002 274.25000000000006 447.55000000000007 2700.2500000000005 5.5000000000000009 7381.3000000000011 128.35000000000002 3382.8354166666672 3380.1479166666672 120.35000000000001 2605.4000000000005 3374.1062500000007 5143.5000000000009 157.20000000000002 3369.8625000000006 109.10000000000001 3363.041666666667 219.20000000000002 125.15000000000002 4613.2000000000016 2765.3000000000006 9040.4000000000015 3356.5895833333338 4.5000000000000009 254.35000000000002 173.65000000000003 3353.4479166666674
decision_type=2 2 2 2 2 2 2 2 2 2 2 2 2 2 2 2 2 2 2 2 2 2 2 2 2 2 2 2 2 2
left_child=10 2 3 7 -4 6 9 -2 -7 -6 11 14 -12 -14 17 16 -16 19 -19 25 21 -21 -22 -20 -24 29 27 28 -27 -1
right_child=1 -3 4 -5 5 8 -8 -9 -10 -11 12 -13 13 -15 15 -17 -18 18 23 20 22 -23 24 -25 -26 26 -28 -29 -30 -31
leaf_value=-0.0010319780799684685 -1.7097737689812977 -0.84507844283663003 1.2105416590472062 0.43866314350494318 -0.45900400161743166 1.2325255429744721 -1.4892060590826948 -0.35664202620585761 -0.062358459559353922 0.70871236324310305 1.2258633540736306 -0.91923869219091214 -0.92802878707647329 0.64952381896972655 1.1235657662153244 1.6562897577881814 -0.91404029222635119 0.11252917519637518 -1.6505643808841706 -1.430795486768087 1.6491916441917418 0.52331045247041263 -0.026950947443644208 -0.67624558210372931 0.95175607919692995 -0.85352303162217147 1.0562979845915521 -1.5066606360512811 0.58321365443142981 0.54357308981319263
leaf_weight=3832 24 29 30 28 20 20 23 24 22 20 27 36 20 25 24 24 26 28 20 21 20 26 21 24 20 32 35 37 22 72
leaf_count=3832 24 29 30 28 20 20 23 24 22 20 27 36 20 25 24 24 26 28 20 21 20 26 21 24 20 32 35 37 22 72
internal_value=-6.37952e-10 -0.131172 -0.0330526 -0.49094 0.224721 -0.0569424 -0.464406 -1.03321 0.554253 0.124854 0.00716789 0.000163322 0.427442 -0.0516107 0.00788939 0.580425 0.0640106 -0.00217419 -0.640144 0.0089263 0.324188 -0.349801 0.843492 -1.11912 0.450467 0.000477586 -0.263953 -0.771742 -0.268186 0.00901197
internal_weight=4632 240 211 76 135 105 63 48 42 40 4392 4320 72 45 4284 74 50 4210 72 4138 108 47 61 44 41 4030 126 91 54 3904
internal_count=4632 240 211 76 135 105 63 48 42 40 4392 4320 72 45 4284 74 50 4210 72 4138 108 47 61 44 41 4030 126 91 54 3904
is_linear=0
shrinkage=0.05


Tree=216
num_leaves=31
num_cat=0
split_feature=3 5 3 5 3 4 6 5 7 3 5 7 5 5 3 7 7 5 5 3 4 5 6 4 6 3 5 7 5 4
split_gain=1716.84 2299.41 4680.26 4545.55 3097.92 8598.81 5686.06 3204.97 21254.1 4453.51 2474.94 7647.84 7479.52 14440.9 10217.7 23917.2 17839.9 8569.1 12842 17630.3 12934.3 9373.02 7471.73 5261.41 9748.13 5941.86 2896.24 15399.9 11548.8 8182.28
threshold=886.85000000000002 10505.100000000002 841.80000000000007 10367.350000000002 851.95000000000016 9550.0500000000011 10227.300000000001 10162.150000000003 3325.0520833333335 825.80000000000007 10051.650000000003 3300.2250000000004 9987.0000000000018 9920.1500000000015 830.25000000000011 3292.7666666666669 3328.7812500000005 9806.6000000000022 9481.7000000000025 806.90000000000009 9197.4500000000025 9371.5500000000011 9537.6000000000022 10084.800000000001 8906.3000000000011 782.6500000000002 9025.5000000000018 3333.0791666666669 9141.2500000000018 9931.9500000000025
decision_type=2 2 2 2 2 2 2 2 2 2 2 2 2 2 2 2 2 2 2 2 2 2 2 2 2 2 2 2 2 2
left_child=1 3 -3 4 7 -6 -7 10 9 -9 12 -12 13 14 17 -16 -17 18 21 20 -20 22 23 25 -25 26 29 28 -28 -1
right_child=-2 2 -4 -5 5 6 -8 8 -10 -11 11 -13 -14 -15 15 16 -18 -19 19 -21 -22 -23 -24 24 -26 -27 27 -29 -30 -31
leaf_value=-0.0031651450638421411 0.46225404918193819 0.14655725047701881 -0.92218345403671265 0.66057016574419469 0.96190178990364084 -0.45665532350540161 0.56364251591942527 0.62195673813422525 -1.5994623466678288 -0.30281488688095759 -0.2766992872411555 1.0572905118976321 -0.70482255565492735 0.99696810146172854 0.73926892497322783 -2.3878441715240477 -0.4015489406310595 -0.90371605341251093 -0.84204604314721154 1.5402112789452076 0.69319139894317183 -1.0126432356627093 0.91851624819365429 0.2570481601215544 -1.2042203733325005 0.83952708102407925 -1.5577331277231377 0.89099740177392972 -0.12519248478552875 0.96383676528930673
leaf_weight=3868 20 21 20 26 31 36 22 30 23 23 22 21 38 36 22 20 26 26 23 32 34 23 22 21 25 21 24 20 34 22
leaf_count=3868 20 21 20 26 31 36 22 30 23 23 22 21 38 36 22 20 26 26 23 32 34 23 22 21 25 21 24 20 34 22
internal_value=-6.55585e-10 -0.00200457 -0.37478 0.00133907 -0.00243211 0.289657 -0.0696458 -0.00826603 -0.33018 0.220641 -0.00268031 0.374784 -0.00642275 -0.000249413 -0.00867067 -0.616665 -1.26516 0.00118478 0.0068282 0.600991 0.0737096 -0.0061327 -0.00042658 -0.00543693 -0.53712 0.000694286 -0.0037451 -0.305413 -0.717968 0.00230376
internal_weight=4632 4612 41 4571 4545 89 58 4456 76 53 4380 43 4337 4299 4263 68 46 4195 4169 89 57 4080 4057 4035 46 3989 3968 78 58 3890
internal_count=4632 4612 41 4571 4545 89 58 4456 76 53 4380 43 4337 4299 4263 68 46 4195 4169 89 57 4080 4057 4035 46 3989 3968 78 58 3890
is_linear=0
shrinkage=0.05


Tree=217
num_leaves=31
num_cat=0
split_feature=7 7 7 5 5 6 6 1 7 6 4 0 4 3 3 0 1 0 5 3 3 4 1 3 0 6 6 3 6 5
split_gain=1708.28 7802.06 9150.93 8455.18 26716.2 14503.9 13251.3 9751.8 7011.4 13134.6 20864.5 13493.3 15145.6 27552.5 26500.4 23470.2 15389.8 12645.7 25561.3 16462.6 12626.7 12195.8 19319.6 26299.6 29366.8 24101.7 22793.8 16608.6 25461.4 14387.7
threshold=3282.3166666666671 3286.6458333333335 3287.7395833333339 28.750000000000004 118.35000000000001 3058.6500000000001 9028.1000000000022 3.5000000000000004 3271.6479166666672 9650.2000000000025 9249.5000000000018 21.500000000000004 2605.4000000000005 544.1500000000002 10.550000000000002 7.5000000000000009 2.5000000000000004 12.500000000000002 9843.0000000000018 774.10000000000014 392.90000000000003 7328.1000000000013 3.5000000000000004 13.550000000000002 4.5000000000000009 85.950000000000017 7508.7000000000007 579.00000000000011 5022.2500000000009 9371.5500000000011
decision_type=2 2 2 2 2 2 2 2 2 2 2 2 2 2 2 2 2 2 2 2 2 2 2 2 2 2 2 2 2 2
left_child=8 3 -3 -2 -5 7 -7 -6 17 10 11 12 14 20 -10 16 -16 21 19 -19 -14 22 26 24 -24 -25 27 28 -1 -23
right_child=1 2 -4 4 5 6 -8 -9 9 -11 -12 -13 13 -15 15 -17 -18 18 -20 -21 -22 29 23 25 -26 -27 -28 -29 -30 -31
leaf_value=-0.032412609083881938 1.1683184897458112 -0.7888197717256844 0.013481324696492464 -1.1449289404112717 1.9900453437458385 -0.52887999189866564 1.0436647137006125 0.54666788673400879 -0.12423671312630176 -1.237165813446045 1.4208412373065951 0.84548993110656745 0.3080710100091022 -0.65344210824240812 -1.7275714140917575 -2.535312785093601 0.037254488766193389 -0.13570130323250276 -1.5068694988886515 1.1295310881402758 2.0258632928133014 1.7424833619076274 -0.59412202320021135 2.4034652168100532 1.0738879948048978 0.58187159994760396 -1.7154635983964672 1.1795250969628492 -1.6800005711041965 0.35154942777967946
leaf_weight=239 27 36 2788 29 22 37 21 25 120 30 20 26 23 46 21 26 30 538 33 27 20 23 92 22 37 104 23 24 26 97
leaf_count=239 27 36 2788 29 22 37 21 25 120 30 20 26 23 46 21 26 30 538 33 27 20 23 92 22 37 104 23 24 26 97
internal_value=3.57791e-10 0.0225548 0.00325369 0.361104 0.198456 0.569487 0.0404896 1.22229 -0.0408781 -0.235245 -0.14471 -0.245066 -0.344207 0.19713 -0.588771 -1.31272 -0.689439 0.0138775 -0.154242 -0.0752389 1.10704 0.160217 0.0633013 0.386139 -0.115701 0.899928 -0.200557 -0.0799932 -0.194063 0.618145
internal_weight=4632 2985 2824 161 134 105 58 47 1647 362 332 312 286 89 197 77 51 1285 598 565 43 687 567 255 129 126 312 289 265 120
internal_count=4632 2985 2824 161 134 105 58 47 1647 362 332 312 286 89 197 77 51 1285 598 565 43 687 567 255 129 126 312 289 265 120
is_linear=0
shrinkage=0.05


Tree=218
num_leaves=31
num_cat=0
split_feature=7 7 1 1 7 6 5 5 7 7 5 7 4 7 5 3 6 7 7 7 4 6 7 4 5 7 0 0 5 6
split_gain=1651.91 2192.97 15344.2 19508.7 1937.08 11794 26398.7 11545.9 6885.85 16450.2 11638.2 6458.9 5229.91 4918.03 8254.04 3655.48 5713.72 3582.25 12978.4 14906.8 14157.3 17669.6 13790.2 18363.2 25799.5 15853.9 20940.9 13101.5 12945.2 12741.6
threshold=3174.9083333333333 3201.3583333333331 4.5000000000000009 2.5000000000000004 3215.3812499999999 114.75000000000001 2494.3500000000008 7155.4000000000005 3220.9750000000008 3223.9541666666673 67.700000000000003 3227.2583333333332 5536.0500000000011 3235.0208333333335 86.750000000000014 235.90000000000001 8816.2500000000018 3253.7562500000008 3259.0125000000003 3262.7833333333338 4868.9500000000007 317.40000000000003 3267.8666666666668 2072.3000000000006 5388.6500000000005 3270.385416666667 16.500000000000004 17.500000000000004 136.30000000000004 132.65000000000001
decision_type=2 2 2 2 2 2 2 2 2 2 2 2 2 2 2 2 2 2 2 2 2 2 2 2 2 2 2 2 2 2
left_child=-1 2 3 -2 5 -3 -7 -8 10 -10 -6 -11 -12 14 -13 -16 -17 29 20 27 21 -19 23 28 -25 26 -24 -20 -21 -15
right_child=1 4 -4 -5 8 6 7 -9 9 11 12 13 -14 17 15 16 -18 18 19 22 -22 -23 25 24 -26 -27 -28 -29 -30 -31
leaf_value=-0.32830913913877391 0.54785109559694933 -1.2112954264101776 1.3475422879600008 -1.4311676549911501 -0.49449359910054647 1.5833200318472727 -1.3871498888189144 0.12089099089304607 -1.0409461115535936 0.65292781026739821 1.2623402784268061 0.27585544837148568 0.25297719552403403 0.51597148042146856 -1.0224990620757595 0.26703933534168062 -0.8859961670908062 -0.61439474500142621 0.98778238381812544 0.64317160452667044 -1.2611886103947958 1.0759907982566141 1.2747264348543608 -2.5846892725853694 -0.35569907146341662 -0.0039024088791610929 -0.62905726909637449 -0.32920578351387614 -0.67994342297315602 -0.088630093007444233
leaf_weight=38 33 23 23 20 22 21 22 30 38 38 33 38 21 147 33 21 22 52 69 38 42 22 52 21 34 3383 20 26 36 214
leaf_count=38 33 23 23 20 22 21 22 30 38 38 33 38 21 147 33 21 22 52 69 38 42 22 52 21 34 3383 20 26 36 214
internal_value=1.3049e-09 0.00271566 0.269068 -0.198948 -0.00176482 -0.223965 0.0871117 -0.517126 0.00305907 -0.00519183 0.47488 0.00394435 0.86981 -0.00183115 -0.325825 -0.626665 -0.322886 0.00705607 -0.00726111 0.00915758 -0.527988 -0.111848 -0.00722849 -0.514804 -1.20677 0.0117229 0.745898 0.627344 -0.000505976 0.157565
internal_weight=4632 4594 76 53 4518 96 73 52 4422 4346 76 4308 54 4270 114 76 43 4156 3795 3679 116 74 3584 129 55 3455 72 95 74 361
internal_count=4632 4594 76 53 4518 96 73 52 4422 4346 76 4308 54 4270 114 76 43 4156 3795 3679 116 74 3584 129 55 3455 72 95 74 361
is_linear=0
shrinkage=0.05


Tree=219
num_leaves=31
num_cat=0
split_feature=7 1 7 3 6 7 5 5 7 7 0 7 5 1 7 4 7 5 4 0 7 1 3 6 7 0 4 7 7 0
split_gain=1625.03 6476.42 7471.29 10179 9869.47 10603.1 8721.26 6575.63 4608.35 11075.6 10387.8 8949.62 15655.8 11537.4 10744.2 10427.9 3908.51 13551.8 16013.9 7438.44 3342.53 30457.4 12231.2 9714.95 7632.2 33318.9 18837.3 12373.8 18321.1 11912.1
threshold=3388.8562500000003 5.5000000000000009 3406.5062500000008 270.00000000000006 78.90000000000002 3424.5708333333332 195.60000000000005 319.45000000000005 3382.8354166666672 3380.1479166666672 11.500000000000002 3374.1062500000007 100.00000000000001 3.5000000000000004 3369.8625000000006 168.40000000000003 3363.041666666667 219.20000000000002 125.15000000000002 13.500000000000002 3356.5895833333338 4.5000000000000009 254.35000000000002 173.65000000000003 3353.4479166666674 8.5000000000000018 7474.7000000000016 3351.9333333333338 3349.5375000000008 13.500000000000002
decision_type=2 2 2 2 2 2 2 2 2 2 2 2 2 2 2 2 2 2 2 2 2 2 2 2 2 2 2 2 2 2
left_child=8 2 3 6 -4 -6 -2 -3 9 11 -10 14 -13 -14 16 -16 20 18 -18 -19 24 22 23 -22 27 -26 -27 28 -1 -30
right_child=1 7 4 -5 5 -7 -8 -9 10 -11 -12 12 13 -15 15 -17 17 19 -20 -21 21 -23 -24 -25 25 26 -28 -29 29 -31
leaf_value=-0.0051980210705359136 -0.40276962490204504 -0.0080467428479875838 -0.40408070598329815 -0.95777865852628441 1.3450100127607585 -0.029283153057098388 0.82743172788620001 -1.0498062292734782 -0.16443834940069602 -0.87303423616621234 1.0385634793954737 -0.37941598892211914 1.8782911265889806 0.29308320609006017 0.14683462807110378 -1.0874901684847744 -1.3595763980100553 1.2266301047645118 0.49682424526948199 0.087376905524212387 -0.81116757210111246 1.0006629661151343 -1.4352198632987772 0.55373227921399204 -0.68370292410254485 2.5659424209594728 0.3958417320251465 -0.92336909166640702 1.7526769662896795 0.25818036595980326
leaf_weight=3742 34 28 28 35 32 25 25 33 38 36 34 28 24 22 28 44 21 38 26 23 32 35 37 22 32 20 20 36 24 30
leaf_count=3742 34 28 28 35 32 25 25 33 38 36 34 28 24 22 28 44 21 38 26 23 32 35 37 22 32 20 20 36 24 30
internal_value=4.25831e-10 -0.12669 0.0249349 -0.282241 0.364635 0.74225 0.118502 -0.571622 0.00692294 0.000310894 0.403646 0.00764993 0.552746 1.12015 -0.00193132 -0.607475 0.00860496 0.305444 -0.332631 0.797076 0.000649971 -0.252819 -0.734927 -0.255097 0.00883058 0.51885 1.48089 -0.000752251 0.00799754 0.922401
internal_weight=4632 240 179 94 85 57 59 61 4392 4320 72 4284 74 46 4210 72 4138 108 47 61 4030 126 91 54 3904 72 40 3832 3796 54
internal_count=4632 240 179 94 85 57 59 61 4392 4320 72 4284 74 46 4210 72 4138 108 47 61 4030 126 91 54 3904 72 40 3832 3796 54
is_linear=0
shrinkage=0.05


Tree=220
num_leaves=31
num_cat=0
split_feature=3 1 3 4 4 4 6 3 7 7 7 5 3 4 4 3 0 7 7 4 7 5 7 7 7 0 4 5 7 5
split_gain=1623.81 2220.22 13704.6 13279.3 12465.6 29053.6 14136.8 22686.9 20790.3 15151.3 17327.2 12695.1 12500.2 23840.2 25929.3 16836.7 11412.5 11436.4 9300.74 14644.8 9063.46 9591.7 9108.01 8020.15 15236.2 17383 7392.02 5055.94 5628.21 5668.51
threshold=886.85000000000002 1.0000000180025095e-35 848.95000000000016 9790.6500000000015 5536.0500000000011 7260.1500000000005 3058.6500000000001 430.15000000000003 3377.3104166666676 3333.0791666666669 3339.2791666666672 7014.6500000000005 15.15 73.15000000000002 341.9500000000001 8.1500000000000004 17.500000000000004 3358.8520833333337 3353.4479166666674 212.60000000000002 3298.7229166666671 8547.0000000000018 3329.4604166666668 3304.7541666666675 3281.8729166666676 17.500000000000004 10200.6 10505.100000000002 3174.9083333333333 9920.1500000000015
decision_type=2 2 2 2 2 2 2 2 2 2 2 2 2 2 2 2 2 2 2 2 2 2 2 2 2 2 2 2 2 2
left_child=1 2 3 4 6 -6 8 -8 9 12 -11 -9 15 -14 -15 23 18 -18 -12 -20 21 -7 -22 24 25 -1 -5 28 -3 -30
right_child=-2 27 -4 26 5 20 7 11 -10 10 16 -13 13 14 -16 -17 17 -19 19 -21 22 -23 -24 -25 -26 -27 -28 -29 29 -31
leaf_value=-0.31904319458537633 0.44955512166023254 -0.77434724693497026 1.3714913463592531 -1.444068552689119 1.9020989449818932 1.3478448209555254 -1.9625570820725482 0.9027150237560273 1.5887213631109758 -1.6363855818043587 0.94367030475820823 -0.8378351016478105 -0.28183701434837921 2.8934450101852418 0.34740366578102111 -1.2567055528814144 -0.12638968496487057 -1.6805625104904174 0.41041842401027684 -1.2611278940737247 -1.1484282493591309 -0.019432106511346227 0.23996010246100249 0.94084596403183485 -0.81038851415117596 1.2458184880869729 -0.14791895367882468 -0.63251094854239265 -0.021441981986016365 0.23446490003039011
leaf_weight=36 20 24 20 22 30 23 23 20 22 23 28 22 28 20 20 22 29 20 38 20 21 29 27 31 36 35 22 33 3658 230
leaf_count=36 20 24 20 22 30 23 23 20 22 23 28 22 28 20 20 22 29 20 38 20 21 29 27 31 36 35 22 33 3658 230
internal_value=-3.10389e-09 -0.0019495 0.0824197 0.042572 0.103761 0.537398 -0.0154207 -0.70026 0.0936836 0.00847419 -0.367831 -0.00900171 0.269247 0.83714 1.62042 0.0278926 -0.151707 -0.760746 0.195304 -0.165977 0.127988 0.585325 -0.36746 0.232684 0.027515 0.452367 -0.795994 -0.0162142 -0.0110154 -0.00630346
internal_weight=4632 4612 667 647 603 130 473 65 408 386 158 42 228 68 40 160 135 49 86 58 100 52 48 138 107 71 44 3945 3912 3888
internal_count=4632 4612 667 647 603 130 473 65 408 386 158 42 228 68 40 160 135 49 86 58 100 52 48 138 107 71 44 3945 3912 3888
is_linear=0
shrinkage=0.05


Tree=221
num_leaves=31
num_cat=0
split_feature=7 7 1 6 3 6 7 7 4 3 6 7 1 7 7 6 6 1 4 3 5 5 5 5 5 0 5 7 3 6
split_gain=1632.66 7092.68 8246.3 11227.8 29481.4 16174.5 8169.57 6330.43 12041.3 23106.8 20211.4 17710.3 15805.7 11370 19860.4 10728.4 26057.7 12291.3 11289.5 8915.55 7693.5 11053.1 12490.6 16598.3 15711.5 7431.19 12530.6 29149.3 47711.4 18727.8
threshold=3282.3166666666671 3286.6458333333335 5.5000000000000009 3058.6500000000001 4.7500000000000009 8670.5000000000018 3287.7395833333339 3271.6479166666672 130.75000000000003 10.550000000000002 9497.9500000000025 3273.8854166666674 2.5000000000000004 3267.8666666666668 3266.5791666666669 2438.2000000000003 4914.9500000000007 3.5000000000000004 350.95000000000005 1.0000000180025095e-35 10240.150000000003 9987.0000000000018 9636.2500000000018 9371.5500000000011 9806.6000000000022 2.5000000000000004 57.550000000000004 3258.4854166666669 1.0500000000000003 199.90000000000003
decision_type=2 2 2 2 2 2 2 2 2 2 2 2 2 2 2 2 2 2 2 2 2 2 2 2 2 2 2 2 2 2
left_child=7 2 3 4 -2 -5 -3 13 9 19 11 -10 -11 14 20 18 -17 -18 -13 -9 21 22 23 25 -24 -1 27 29 -29 -27
right_child=1 6 -4 5 -6 -7 -8 8 10 12 -12 15 -14 -15 -16 16 17 -19 -20 -21 -22 -23 24 -25 -26 26 -28 28 -30 -31
leaf_value=-0.32476229971768911 -0.017867141829596627 -0.7447505353225603 -0.5101092358430227 -0.81106613412980111 1.8603484123181073 0.96161981225013737 0.013310870853186066 -0.42942941858791389 -0.72624045461416253 -2.544507150053978 -1.1174878499087166 0.61669932772715885 -0.71741339091596945 0.50305786905465311 -1.1730472081416363 2.3952408528327944 0.91374390959739693 -0.43822008638546389 -0.76678618655122566 0.66609339977686233 0.76833340525627136 -0.89245719160352432 1.8703135228157046 -1.4507509589195253 -0.045858401319255004 0.38770107911199547 -0.05297797848477797 -0.16113100841641426 3.2511765638987224 -0.81512897071384249
leaf_weight=147 45 36 24 31 39 22 2788 65 40 20 34 30 29 108 37 20 40 29 29 26 32 35 20 20 23 141 639 20 21 42
leaf_count=147 45 36 24 31 39 22 2788 65 40 20 34 30 29 108 37 20 40 29 29 26 32 35 20 20 23 141 639 20 21 42
internal_value=-3.07537e-09 0.02205 0.344842 0.494614 0.854162 -0.0752342 0.0036472 -0.0399631 -0.22465 -0.587783 0.0043521 0.207238 -1.46317 0.0120655 -0.0329873 0.45953 0.806137 0.345527 -0.063319 -0.116423 0.00401466 -0.0180595 0.0104623 -0.0243937 0.845384 0.00385103 0.0598257 0.381618 1.58664 0.111642
internal_weight=4632 2985 161 137 84 53 2824 1647 362 140 222 188 49 1285 1177 148 89 69 59 91 1140 1108 1073 1030 43 1010 863 224 41 183
internal_count=4632 2985 161 137 84 53 2824 1647 362 140 222 188 49 1285 1177 148 89 69 59 91 1140 1108 1073 1030 43 1010 863 224 41 183
is_linear=0
shrinkage=0.05


Tree=222
num_leaves=31
num_cat=0
split_feature=7 7 0 7 4 7 5 7 1 0 3 5 4 0 4 4 7 0 6 7 6 4 6 1 3 5 5 3 6 6
split_gain=1672.88 23311.7 34988.6 15117.8 14303.2 19940.4 11253.9 12119.5 39062.3 18557.6 38077.4 13250.1 11597.4 10393.7 12013.6 20433.7 11547.4 43423.8 10327.5 9059.66 8773.97 8592.16 11154.3 8700.83 11836.9 22555.8 13402 10008.3 8501.19 22634.9
threshold=3318.1333333333337 3321.8104166666667 7.5000000000000009 3315.7000000000007 23.550000000000004 3326.7791666666672 10340.150000000003 3325.514583333334 2.5000000000000004 1.5000000000000002 16.900000000000002 10217.6 341.9500000000001 21.500000000000004 329.15000000000003 136.80000000000004 3327.8020833333335 11.500000000000002 227.10000000000002 3392.8729166666672 126.45000000000002 11.800000000000002 500.00000000000006 1.0000000180025095e-35 2.0500000000000003 57.550000000000004 162.85000000000002 27.150000000000002 10084.35 10276.400000000003
decision_type=2 2 2 2 2 2 2 2 2 2 2 2 2 2 2 2 2 2 2 2 2 2 2 2 2 2 2 2 2 2
left_child=3 2 -2 -1 5 -3 7 8 -6 10 20 13 -10 16 15 -15 17 -11 -5 21 -9 22 23 -7 25 -25 27 -26 -18 -30
right_child=1 4 -4 18 6 19 -8 9 12 11 -12 -13 -14 14 -16 -17 28 -19 -20 -21 -22 -23 -24 24 26 -27 -28 -29 29 -31
leaf_value=0.0075024142735963771 -2.637707861661911 1.8089070022106171 -0.32090517519549894 1.7482282197475436 -1.8829231922690934 -0.27725599545698904 0.99189724826812753 -0.56475199638529028 1.1898363101482392 2.438624077824795 -2.6567615270614624 -1.202838239886544 -0.3544948026057213 -0.085200929357891989 0.52481612433557934 -1.8108347974974537 0.012529355851885603 -0.428760592591378 0.33114485419872736 -0.55364323819384864 0.64510030407797214 1.3106652992963792 -0.57665879341463255 1.126752626484838 1.1298317874179167 -0.72484039797594679 2.0625035592487881 -0.22063367625941402 1.9513087072968482 -0.39900894959767663
leaf_weight=2785 20 21 88 20 37 39 25 47 20 23 20 22 31 42 23 29 975 31 36 34 22 20 36 29 34 38 21 23 20 21
leaf_count=2785 20 21 88 20 37 39 25 47 20 23 20 22 31 42 23 29 975 31 36 34 22 20 36 29 34 38 21 23 20 21
internal_value=5.47876e-10 -0.0378448 -0.749943 0.0238578 0.00785134 0.324027 -0.0593474 -0.0786292 -0.646145 -0.0394595 -0.735802 0.0127956 0.251125 0.0357715 -0.468318 -0.790037 0.080056 0.792533 0.837246 0.210222 -0.179002 0.318437 0.228234 0.385713 0.564029 0.0765954 0.982722 0.584907 0.0421881 0.747487
internal_weight=4632 1791 108 2841 1683 295 1388 1363 88 1275 89 1186 51 1164 94 71 1070 54 56 274 69 240 220 184 145 67 78 57 1016 41
internal_count=4632 1791 108 2841 1683 295 1388 1363 88 1275 89 1186 51 1164 94 71 1070 54 56 274 69 240 220 184 145 67 78 57 1016 41
is_linear=0
shrinkage=0.05


Tree=223
num_leaves=31
num_cat=0
split_feature=7 4 6 1 0 4 0 5 3 7 0 7 7 5 1 7 3 7 7 5 4 4 1 7 1 0 6 3 7 0
split_gain=1513 6214.68 9702.85 10702.1 12372.4 9932.52 10321.3 8843.14 12377.9 5927.73 26048.6 10067.3 8238.36 14167.3 10461.6 9239.93 9670.89 5833.21 3606.91 11957 14733.3 7286.01 3719.54 2959.45 27277.6 11400.2 11517.3 16781.2 6765.35 30181.6
threshold=3387.2583333333341 9334.8000000000011 117.25000000000001 2.5000000000000004 15.500000000000002 212.60000000000002 5.5000000000000009 2532.0500000000006 0.65000000000000002 3382.8354166666672 11.500000000000002 3380.1479166666672 3374.1062500000007 100.00000000000001 3.5000000000000004 3369.8625000000006 2.5500000000000003 3371.5354166666675 3363.041666666667 219.20000000000002 125.15000000000002 4613.2000000000016 2.5000000000000004 3356.5895833333338 4.5000000000000009 4.5000000000000009 8511.1000000000004 211.30000000000004 3353.4479166666674 11.500000000000002
decision_type=2 2 2 2 2 2 2 2 2 2 2 2 2 2 2 2 2 2 2 2 2 2 2 2 2 2 2 2 2 2
left_child=9 2 5 4 -4 6 -2 8 -5 11 -11 12 15 -14 -15 18 -17 -18 23 20 -20 -21 -23 28 25 -25 27 -27 -1 -30
right_child=1 -3 3 7 -6 -7 -8 -9 -10 10 -12 -13 13 14 -16 16 17 -19 19 21 -22 22 -24 24 -26 26 -28 -29 29 -31
leaf_value=-0.00095882492418457332 -1.6180911540985108 -0.79417461792627975 0.24174194641602345 0.073875027894973758 -1.2411784399639476 0.25385259479284289 -0.19522188535103432 0.0029394199973658513 1.7024937432259322 -0.4546639816214641 1.7553378711144132 -0.83220781832933433 -0.35632602316992629 1.7921049651689829 0.28261029720306396 0.28248865708060888 -1.5902635426748368 -0.48787883860724313 -1.2912195920944214 1.5373591542243958 0.48940778741469748 0.86130289435386664 -0.091453156868616742 0.36005037739872936 0.94810779741832185 -0.58287101652887141 -0.041016593304547398 -2.4431860024278818 -0.35245011324106262 1.7347967509565683
leaf_weight=3832 25 30 39 20 22 30 26 38 28 30 24 36 28 24 22 23 21 28 21 20 26 20 21 20 35 27 22 22 43 29
leaf_count=3832 25 30 39 20 22 30 26 38 28 30 24 36 28 24 22 23 21 28 21 20 26 20 21 20 35 27 22 22 43 29
internal_value=5.83223e-10 -0.117662 -0.0286467 0.213476 -0.293082 -0.468055 -0.892707 0.572779 1.0239 0.00694026 0.527559 0.00043252 0.0074295 0.530416 1.07017 -0.00176315 -0.563318 -0.960329 0.00800775 0.293164 -0.306192 0.754963 0.373306 0.000365841 -0.238136 -0.694384 -0.991408 -1.41811 0.00806341 0.488247
internal_weight=4632 258 228 147 61 81 51 86 48 4374 54 4320 4284 74 46 4210 72 49 4138 108 47 61 41 4030 126 91 71 49 3904 72
internal_count=4632 258 228 147 61 81 51 86 48 4374 54 4320 4284 74 46 4210 72 49 4138 108 47 61 41 4030 126 91 71 49 3904 72
is_linear=0
shrinkage=0.05


Tree=224
num_leaves=31
num_cat=0
split_feature=7 5 4 7 5 4 4 7 3 3 7 7 6 1 3 3 3 7 5 6 4 0 0 3 5 1 6 6 5 3
split_gain=1593.45 6932.29 9742.49 6691.73 3650.8 4976.65 2137.11 13969.9 11749 15687.9 20927.8 34574.2 13014.3 10806.5 10572.5 33209.7 28767.3 16409.5 12623.4 9529.57 9148.37 9545.99 8578.15 7602.11 12229.2 7428.07 7140.76 11398.7 11290.6 12434.5
threshold=3412.8145833333342 130.60000000000002 5288.0000000000009 3399.479166666667 124.90000000000002 4976.9500000000007 21.350000000000005 3304.3416666666672 1.0500000000000003 8.5500000000000025 3248.9270833333339 3235.0208333333335 357.30000000000001 5.5000000000000009 23.850000000000005 33.150000000000013 17.650000000000002 3288.4770833333337 319.45000000000005 67.40000000000002 11.800000000000002 22.500000000000004 22.500000000000004 1.7500000000000002 57.550000000000004 1.5000000000000002 64.250000000000014 12.550000000000002 1.0000000180025095e-35 35.000000000000007
decision_type=2 2 2 2 2 2 2 2 2 2 2 2 2 2 2 2 2 2 2 2 2 2 2 2 2 2 2 2 2 2
left_child=3 -2 -3 6 -5 -6 7 8 12 19 11 -11 13 22 16 -16 17 -12 -17 -10 21 23 -1 24 -9 -26 27 -25 -28 -30
right_child=1 2 -4 4 5 -7 -8 20 9 10 14 -13 -14 -15 15 18 -18 -19 -20 -21 -22 -23 -24 26 25 -27 28 -29 29 -31
leaf_value=0.027407047484514009 0.8419616125780961 -0.76994438974985058 0.54904400535992215 -0.96192706296077146 0.33623094189734687 -0.75230831674167087 -0.013469028992491215 0.4296556133519987 -0.43097737813989323 -0.28675452663052464 0.93106302348050196 2.3797088778018956 1.2328326903581619 0.99759395947823171 1.545385148127874 -1.6489981774772919 -2.0673920222397508 -0.94128150367736818 -0.071343874186277398 -1.713547339609691 1.2654863933722178 1.2112285658717157 -0.99412286100180269 0.36281111687421802 0.090714929785047263 -0.95104779565537523 -0.87303008924831049 1.7594736331985112 1.0370585138076229 -0.30066304914653302
leaf_weight=193 29 28 28 26 21 21 3611 58 30 31 22 20 25 26 24 21 29 25 32 28 24 24 23 48 28 44 22 21 38 32
leaf_count=193 29 28 28 26 21 21 3611 58 30 31 22 20 25 26 24 21 29 25 32 28 24 24 23 48 28 44 22 21 38 32
internal_value=8.55321e-11 0.21449 -0.11045 -0.00400961 -0.49629 -0.208039 0.00346418 0.0739087 -0.0866666 -0.32454 -0.11824 0.758917 0.146753 0.0345545 -0.410626 0.00230231 -0.828987 -0.0648649 -0.696452 -1.05015 0.324482 0.252786 -0.081367 0.173739 -0.110662 -0.545918 0.40338 0.787882 0.115004 0.425529
internal_weight=4632 85 56 4547 68 42 4479 868 529 262 204 51 267 242 153 77 76 47 53 58 339 315 216 291 130 72 161 69 92 70
internal_count=4632 85 56 4547 68 42 4479 868 529 262 204 51 267 242 153 77 76 47 53 58 339 315 216 291 130 72 161 69 92 70
is_linear=0
shrinkage=0.05


Tree=225
num_leaves=31
num_cat=0
split_feature=7 7 0 7 4 7 3 7 5 5 5 5 7 1 0 3 4 0 4 4 7 0 6 5 6 7 6 6 0 4
split_gain=1651.85 21083.6 31494.4 13494.3 12237.5 18010.2 24598.6 10417.8 13406.1 20792.7 10026 11087.7 11069 36052.5 17555 34081.8 10011.9 9588.41 10700.7 18319.1 10429 39190 9169.03 8147.78 8022.11 7651.51 7606.09 20310.2 7758.4 24091.1
threshold=3318.1333333333337 3321.8104166666667 7.5000000000000009 3315.7000000000007 23.550000000000004 3334.8958333333335 20.250000000000004 3341.6833333333338 558.60000000000002 187.45000000000002 10340.150000000003 10217.6 3325.514583333334 2.5000000000000004 1.5000000000000002 16.900000000000002 341.9500000000001 21.500000000000004 329.15000000000003 136.80000000000004 3327.8020833333335 11.500000000000002 227.10000000000002 4.4500000000000011 123.7 3387.2583333333341 10084.35 10276.400000000003 2.5000000000000004 168.40000000000003
decision_type=2 2 2 2 2 2 2 2 2 2 2 2 2 2 2 2 2 2 2 2 2 2 2 2 2 2 2 2 2 2
left_child=3 2 -2 -1 5 6 -3 -7 9 25 11 12 13 -6 15 23 -15 20 19 -19 21 -16 -5 -14 -11 -9 28 -28 29 -22
right_child=1 4 -4 22 10 7 -8 8 -10 24 -12 -13 14 16 17 -17 -18 18 -20 -21 26 -23 -24 -25 -26 -27 27 -29 -30 -31
leaf_value=0.0082551174170774032 -2.5058407890796666 0.42629437613905524 -0.30776781592179431 1.650549660921097 -1.8106300589188729 -0.99253204890659874 2.464360876083374 0.53632332134728489 1.1717285826288422 -1.6657705020904541 0.93593502092361458 -1.1396951305369536 0.68264922678470619 1.1310658013820649 2.3174142368461776 -2.5119578897953034 -0.31316869457562768 -0.086427954123133713 0.48713290069414222 -1.7203362218264875 -0.53265988886356352 -0.40660116576379352 0.31530895794017449 -0.51492118324552272 -0.30989470792313423 -0.44264089387655264 1.8480104100704193 -0.3783436525435675 -0.016679930837556003 1.9214733376912774
leaf_weight=2785 20 57 88 20 36 21 20 99 29 20 25 24 20 20 23 20 30 42 23 29 20 31 36 49 24 25 20 21 935 20
leaf_count=2785 20 57 88 20 36 21 20 99 29 20 25 24 20 20 23 20 30 42 23 29 20 31 36 49 24 25 20 21 935 20
internal_value=-1.45214e-09 -0.0376062 -0.714818 0.0237074 0.00585131 0.298305 0.955662 0.0661195 0.178971 0.00760181 -0.0563057 -0.0745053 -0.055413 -0.604144 -0.0177506 -0.694577 0.264525 0.0339998 -0.450167 -0.753799 0.076534 0.753628 0.792181 -0.167799 -0.926202 0.338952 0.0405468 0.707683 0.0124929 0.694407
internal_weight=4632 1791 108 2841 1683 295 77 218 197 168 1388 1363 1339 86 1253 89 50 1164 94 71 1070 54 56 69 44 124 1016 41 975 40
internal_count=4632 1791 108 2841 1683 295 77 218 197 168 1388 1363 1339 86 1253 89 50 1164 94 71 1070 54 56 69 44 124 1016 41 975 40
is_linear=0
shrinkage=0.05


Tree=226
num_leaves=31
num_cat=0
split_feature=7 5 4 7 5 7 7 7 4 1 4 7 6 1 7 7 4 4 4 6 5 0 5 3 4 0 0 0 7 0
split_gain=1527.81 6309.06 8454 5822.8 3822.11 1776.61 6209.5 7656.47 16221.5 20404.2 11915.6 7305.23 6294.84 6082.33 26353.1 46195.7 76716 18164.5 16214.4 16236.8 16460.2 16629.7 14962.6 13787.1 13231.9 12916.9 12660.8 13944.8 10672.8 17413.1
threshold=3412.8145833333342 130.60000000000002 5288.0000000000009 3399.479166666667 337.65000000000003 3282.3166666666671 3286.6458333333335 3284.5020833333342 140.10000000000002 2.5000000000000004 217.20000000000002 3287.7395833333339 10505.100000000002 5.5000000000000009 3325.514583333334 3340.5520833333335 4906.3000000000002 8968.2500000000018 4.4500000000000011 99.050000000000011 2765.3000000000006 14.500000000000002 8740.3000000000011 861.35000000000002 5674.9500000000016 18.500000000000004 3.5000000000000004 19.500000000000004 3290.2895833333337 11.500000000000002
decision_type=2 2 2 2 2 2 2 2 2 2 2 2 2 2 2 2 2 2 2 2 2 2 2 2 2 2 2 2 2 2
left_child=3 -2 -3 5 -5 -1 7 8 -7 -10 -9 -8 13 23 17 16 -16 24 -17 -20 25 22 -22 28 26 -21 -15 -28 29 -13
right_child=1 2 -4 4 -6 6 11 10 9 -11 -12 12 -14 14 15 18 -18 -19 19 20 21 -23 -24 -25 -26 -27 27 -29 -30 -31
leaf_value=-0.038247341530778661 0.80862804075767247 -0.7143014018024717 0.51437387721879146 -0.099144004370485039 -0.84918465171799518 0.8978342894351844 -0.69855636391374798 0.012716620618646797 0.45471973506999874 -1.4541023154876063 1.3036559000993388 0.25458146004300369 0.82461295798420908 1.454004659689963 -2.8519388792131632 1.5628204965591432 0.9707014711130233 -0.68143104470294458 0.9520567563863902 -1.7332453055381778 -1.1687809729576111 1.2944590569734575 0.46376979053020478 -0.9796978061263627 1.7135725622375806 -0.091388328956521089 -0.055703494582377694 1.2977609403395596 0.016710800229851112 -1.1716089292448395
leaf_weight=1647 29 28 28 35 33 33 36 33 28 28 39 38 24 32 35 20 21 23 39 25 25 25 32 37 33 23 71 26 2057 49
leaf_count=1647 29 28 28 35 33 33 36 33 28 28 39 38 24 32 35 20 21 23 39 25 25 25 32 37 33 23 71 26 2057 49
internal_value=6.51021e-10 0.210026 -0.0999638 -0.00392616 -0.463134 0.00304552 0.0270601 0.328621 0.0184924 -0.499691 0.711975 0.0088829 0.0185481 0.0111388 0.183007 -0.157131 -1.41845 0.633459 0.216593 0.0572765 -0.211158 0.2193 -0.252261 -0.0227462 0.820141 -0.946522 0.591589 0.307081 -0.00623164 -0.548675
internal_weight=4632 85 56 4547 68 4479 2832 161 89 56 72 2671 2635 2611 430 245 56 185 189 169 130 82 57 2181 162 48 129 97 2144 87
internal_count=4632 85 56 4547 68 4479 2832 161 89 56 72 2671 2635 2611 430 245 56 185 189 169 130 82 57 2181 162 48 129 97 2144 87
is_linear=0
shrinkage=0.05


Tree=227
num_leaves=31
num_cat=0
split_feature=5 5 6 6 5 4 6 3 5 7 5 3 5 4 3 5 4 5 6 6 1 0 0 3 6 3 6 1 0 7
split_gain=1572.94 20283.2 12993.9 12278 9655.52 13684.7 12035.1 10207.6 23613.6 8443.88 8976 21739 28048.3 26187.6 17084.4 13156.2 11896.7 19712.5 14134.4 30958.8 20911.7 20221.7 17709.3 12887.6 17145.8 12801.8 16950.2 13676.7 12714.5 11001.5
threshold=100.00000000000001 109.10000000000001 672.30000000000007 563.60000000000014 82.65000000000002 144.45000000000002 30.200000000000006 39.750000000000007 1.0000000180025095e-35 3215.3812499999999 15.250000000000002 23.450000000000003 55.250000000000007 2510.5500000000006 18.550000000000004 19.850000000000005 178.85000000000002 9.2500000000000018 120.35000000000001 91.800000000000026 4.5000000000000009 5.5000000000000009 1.0000000180025095e-35 7.3500000000000005 85.950000000000017 29.250000000000004 6.8000000000000016 2.5000000000000004 5.5000000000000009 3322.7458333333338
decision_type=2 2 2 2 2 2 2 2 2 2 2 2 2 2 2 2 2 2 2 2 2 2 2 2 2 2 2 2 2 2
left_child=2 -2 3 4 7 6 -6 9 -9 -1 16 13 -13 14 15 -12 17 18 19 22 21 -20 -11 24 -18 26 -25 -28 -22 -17
right_child=1 -3 -4 -5 5 -7 -8 8 -10 10 11 12 -14 -15 -16 29 23 -19 20 -21 28 -23 -24 25 -26 -27 27 -29 -30 -31
leaf_value=-0.70792711787753637 1.0288178878171104 0.003704795730733729 -1.3093671019375326 1.1740525098074051 -1.7527977581377383 0.23157911241054535 -0.38657889783382421 -0.12256254153592246 2.0311301237344743 1.1119022259005795 -1.2382976189086383 -2.5681084224155972 -0.040696521427320401 -1.7452784928408538 1.3820024902170356 -0.1898936684303616 -0.39015583867250486 1.4825978446006776 -0.085892440782239052 1.480578168800899 -0.30050578364010516 -1.4346640990990582 -0.23930809083355575 2.219443367958069 0.591852833006693 -0.25491498470306401 -0.33047829866409306 1.4534350135109642 1.3382071232795716 0.43963325788389968
leaf_weight=45 49 3169 20 21 27 40 40 35 20 27 22 21 23 22 22 201 86 20 48 35 29 66 238 25 92 20 21 22 20 106
leaf_count=45 49 3169 20 21 27 40 40 35 20 27 22 21 23 22 22 201 86 20 48 35 29 66 238 25 92 20 21 22 20 106
internal_value=-3.89064e-09 0.019314 -0.0439552 -0.0258 -0.0441518 -0.500239 -0.937145 -0.00560412 0.660598 -0.0358611 -0.00992368 -0.195848 -1.24696 -0.0718556 0.0330314 -0.0571734 0.093588 -0.0542919 -0.12068 0.0829542 -0.495467 -0.86676 -0.101638 0.362107 0.117399 0.857083 1.18414 0.582222 0.368357 0.0274674
internal_weight=4632 3218 1414 1394 1373 107 67 1266 55 1211 1166 417 44 373 351 329 749 483 463 300 163 114 265 266 178 88 68 43 49 307
internal_count=4632 3218 1414 1394 1373 107 67 1266 55 1211 1166 417 44 373 351 329 749 483 463 300 163 114 265 266 178 88 68 43 49 307
is_linear=0
shrinkage=0.05


Tree=228
num_leaves=31
num_cat=0
split_feature=7 7 4 3 3 7 4 7 0 4 0 1 7 5 1 0 0 7 5 7 1 7 7 4 4 6 3 7 4 4
split_gain=1690.16 18794.2 28999.7 13123.8 17546.6 11837.8 11183.5 37270.3 9591 12804.2 10957.4 22662 18628.3 37858.1 20183 20942.3 14517.9 15426 22082.6 8335.13 18933.5 21763.3 18444.2 24445.2 19276 18501.5 46944.6 16357.6 14198.3 21842.6
threshold=3318.1333333333337 3321.8104166666667 306.65000000000003 451.55000000000001 755.20000000000016 3315.7000000000007 48.600000000000009 3326.0687499999999 21.500000000000004 350.95000000000005 19.500000000000004 4.5000000000000009 3326.7791666666672 55.250000000000007 1.5000000000000002 9.5000000000000018 17.500000000000004 3382.8354166666672 124.90000000000002 3339.7770833333338 1.5000000000000002 3348.9458333333337 3358.8520833333337 152.35000000000002 278.05000000000001 7089.5000000000009 17.950000000000003 3351.1437500000002 157.20000000000002 5288.0000000000009
decision_type=2 2 2 2 2 2 2 2 2 2 2 2 2 2 2 2 2 2 2 2 2 2 2 2 2 2 2 2 2 2
left_child=5 2 -2 -4 -5 -1 7 -3 10 -10 12 -12 13 -8 -15 -16 19 18 -18 28 22 -22 25 -24 -25 26 -21 -23 -14 -30
right_child=1 6 3 4 -6 -7 8 -9 9 -11 11 -13 16 14 15 -17 17 -19 -20 20 21 27 23 24 -26 -27 -28 -29 29 -31
leaf_value=0.0095079336676552658 -1.8861639615367443 2.2951678264708746 0.68433699210484822 -1.7168279398055306 0.28220308516984399 0.74374133242028106 -2.6629459625482563 0.12374462349646127 -0.921170594417132 0.49896173647471836 -0.16313664728944954 1.4125473827123642 -0.72464822928110761 -1.4387491762638094 1.3962525588770709 -0.5105271031459172 -0.31690644242546778 0.40034114292689732 -2.1778092504441737 0.055480593070387843 -0.91361083242487406 1.2650460308248348 1.6050364176929 -1.6225325936620889 -0.011503581590011341 -0.029581761987585772 2.8329784861926375 -0.14529064378351161 1.0655901656606619 0.049482197232012241
leaf_weight=2785 34 21 30 21 23 56 20 335 65 21 55 39 30 25 24 36 44 28 25 32 94 22 20 22 119 38 29 314 85 140
leaf_count=2785 34 21 30 21 23 56 20 335 65 21 55 39 30 25 24 36 44 28 25 32 94 22 20 22 119 38 29 314 85 140
internal_value=1.54899e-09 -0.0380397 -0.677428 -0.122062 -0.67188 0.0239807 0.00299054 0.251834 -0.0637678 -0.574394 -0.028382 0.490605 -0.0709144 -0.705682 -0.245149 0.252185 -0.00695036 -0.58948 -0.991147 0.0528437 -0.0374289 -0.241092 0.299399 -0.0308318 -0.26287 0.836441 1.37593 -0.0529472 0.297111 0.433345
internal_weight=4632 1791 108 74 44 2841 1683 356 1327 86 1241 94 1147 105 85 60 1042 97 69 945 690 430 260 161 141 99 61 336 255 225
internal_count=4632 1791 108 74 44 2841 1683 356 1327 86 1241 94 1147 105 85 60 1042 97 69 945 690 430 260 161 141 99 61 336 255 225
is_linear=0
shrinkage=0.05


Tree=229
num_leaves=31
num_cat=0
split_feature=3 5 3 5 4 3 4 4 1 5 5 5 5 1 7 6 6 5 4 5 5 1 7 4 7 4 7 7 6 6
split_gain=1576.67 2415.36 4397.16 3571.78 2787.55 21666.7 11623 5927.08 25991.3 4066.84 4123.3 9070.88 9041.79 8877.14 5714.93 5071.29 12419.9 27670.4 7355.07 13609.2 12119.4 17240.4 13904.5 7864.99 10845.9 7754.37 22162.8 15062.7 7031.14 5206.4
threshold=886.85000000000002 10505.100000000002 841.80000000000007 10367.350000000002 10340.150000000003 797.25000000000011 10500.450000000003 10227.300000000001 3.5000000000000004 10269.000000000002 10051.650000000003 9987.0000000000018 9920.1500000000015 1.5000000000000002 3304.7541666666675 10349.800000000001 10058.200000000003 9690.8000000000011 9584.8500000000022 9690.8000000000011 9270.3500000000022 5.5000000000000009 3339.7770833333338 9728.9000000000015 3300.6750000000006 9005.4000000000015 3327.2500000000005 3297.1208333333338 8870.7000000000025 9704.5000000000018
decision_type=2 2 2 2 2 2 2 2 2 2 2 2 2 2 2 2 2 2 2 2 2 2 2 2 2 2 2 2 2 2
left_child=1 3 -3 4 7 -6 -7 9 -9 10 11 12 15 -12 -15 16 18 -18 25 20 21 22 23 -20 -25 29 27 28 -27 -1
right_child=-2 2 -4 -5 5 6 -8 8 -10 -11 13 -13 -14 14 -16 -17 17 -19 19 -21 -22 -23 -24 24 -26 26 -28 -29 -30 -31
leaf_value=-0.0053877360601419094 0.44298179253935815 0.12134382270631337 -0.91456898212432858 0.58587461801675655 -1.1194908332824707 1.6010501198768616 0.16217944892123343 -1.6685084325149657 0.68790608888322657 -0.54577168138588172 -0.48535276403029759 -0.8054831368582589 0.81486701133167916 1.0754460358619691 0.14319576693157995 0.77128486633300786 0.53598350123925653 -1.8336010813713075 1.8276882303506135 1.4507283972657246 -0.70293377926855383 -0.96719599008560186 -0.36272154587965749 0.1284470660345895 1.545201672749086 -0.87464409376445573 0.64722491686897621 -1.974327244541862 0.21850997308890024 0.63504259288311005
leaf_weight=3827 20 21 20 26 20 25 32 25 22 34 24 35 34 35 31 21 22 28 20 23 33 20 26 35 22 38 35 22 24 32
leaf_count=3827 20 21 20 26 20 25 32 25 22 34 24 35 34 35 31 21 22 28 20 23 33 20 26 35 22 38 35 22 24 32
internal_value=-1.47383e-09 -0.001921 -0.383979 0.00150591 -0.00183701 0.296444 0.793263 -0.00697748 -0.565506 -0.00103973 0.00318204 -0.00383328 0.00274995 0.338125 0.637571 -0.00378079 -0.00764967 -0.790984 0.0017722 0.315302 0.1479 0.376172 0.63702 0.974595 0.675265 -0.0123359 -0.40987 -0.850327 -0.451488 -7.70933e-05
internal_weight=4632 4612 41 4571 4545 77 57 4468 47 4421 4387 4297 4262 90 66 4228 4207 50 4157 179 156 123 103 77 57 3978 119 84 62 3859
internal_count=4632 4612 41 4571 4545 77 57 4468 47 4421 4387 4297 4262 90 66 4228 4207 50 4157 179 156 123 103 77 57 3978 119 84 62 3859
is_linear=0
shrinkage=0.05


Tree=230
num_leaves=31
num_cat=0
split_feature=7 7 0 7 4 7 5 7 5 4 6 4 4 5 0 7 4 5 5 7 4 0 7 0 4 6 6 1 4 4
split_gain=1538.52 16827.3 27007.5 10673.3 10142.6 33636.5 9488.79 11685.4 28841.6 23753.8 21478.8 20484.5 17112.4 10329.6 10296.8 17163.4 21333.7 16680.4 16902.2 15506.9 10398 9256.43 14330.4 15060.7 19223.9 8658.02 8199.74 7870.81 27030.4 26405.1
threshold=3318.1333333333337 3321.8104166666667 7.5000000000000009 3315.7000000000007 48.600000000000009 3326.0687499999999 10340.150000000003 3327.2500000000005 19.850000000000005 6951.4000000000005 85.950000000000017 9508.9000000000015 2358.7500000000005 10217.6 17.500000000000004 3339.7770833333338 284.65000000000003 224.15000000000001 146.80000000000004 3328.7812500000005 188.35000000000005 22.500000000000004 3372.8666666666672 18.500000000000004 191.35000000000005 59.350000000000001 227.10000000000002 1.5000000000000002 9679.1500000000015 9756.7000000000025
decision_type=2 2 2 2 2 2 2 2 2 2 2 2 2 2 2 2 2 2 2 2 2 2 2 2 2 2 2 2 2 2
left_child=3 2 -2 -1 5 -3 7 8 -6 10 -10 -11 -12 14 19 16 -16 18 21 -9 -19 22 23 -17 -25 -24 -5 28 -21 -29
right_child=1 4 -4 26 6 -7 -8 13 9 11 12 -13 -14 -15 15 17 -18 20 -20 27 -22 -23 25 24 -26 -27 -28 29 -30 -31
leaf_value=0.0091371869215577904 -2.2998429989814761 2.180678776616142 -0.26435730934820395 1.5180539733171463 -2.2731274413876235 0.11782678172214707 0.90383936834335332 1.2098961891799138 -0.84222887212579911 -2.1276408695656324 2.0486007186499511 -0.097054339117474034 0.027799625918269157 -1.1020147063515402 0.020737412636694704 -0.53270331677936367 -2.0344231090375358 -1.7949401998519896 1.3711344289593399 0.41908673020218734 -0.23610620032186094 -0.91626020303139333 0.073482371807098393 0.19024269183476766 2.2073069705849604 -1.3036588482913518 0.25536055150959225 -0.23182108707402063 -0.95944332865680149 0.7090420356292404
leaf_weight=2785 20 21 88 20 20 335 25 29 22 23 22 27 20 22 23 21 28 20 24 268 23 26 25 27 21 21 36 460 41 89
leaf_count=2785 20 21 88 20 20 335 25 29 22 23 22 27 20 22 23 21 28 20 24 268 23 26 25 27 21 21 36 460 41 89
internal_value=9.21832e-10 -0.0362932 -0.641299 0.0228797 0.00253071 0.239512 -0.0610452 -0.0795722 -0.52181 -0.214562 0.423378 -1.03112 1.08631 -0.028836 -0.00823396 -0.285592 -1.10759 -0.0840449 0.144533 0.0727532 -0.961145 -0.0642504 0.128378 0.584105 1.07271 -0.555213 0.706322 0.0343183 0.236175 -0.079295
internal_weight=4632 1791 108 2841 1683 356 1327 1302 134 114 64 50 42 1168 1146 259 51 208 165 887 43 141 115 69 48 46 56 858 309 549
internal_count=4632 1791 108 2841 1683 356 1327 1302 134 114 64 50 42 1168 1146 259 51 208 165 887 43 141 115 69 48 46 56 858 309 549
is_linear=0
shrinkage=0.05


Tree=231
num_leaves=31
num_cat=0
split_feature=3 5 3 5 3 4 6 5 7 3 5 7 5 3 3 5 5 5 3 6 5 6 4 6 3 7 7 0 5 5
split_gain=1427.83 2336.9 4033.79 3065.77 2706.77 7330.44 4789.5 2341.17 17528.6 3997.46 2339.1 23798.2 16898.9 15011.8 11137.4 9604.03 8881.98 10830.9 15619.3 12495.1 8460.1 6276.71 4067.44 8880.32 5080.34 3457.68 2916.66 18579.1 18800.7 5362.33
threshold=886.85000000000002 10505.100000000002 841.80000000000007 10367.350000000002 851.95000000000016 9550.0500000000011 9989.3500000000022 10162.150000000003 3325.0520833333335 825.80000000000007 9895.2500000000018 3267.4062500000005 9987.0000000000018 821.9000000000002 830.25000000000011 9747.1000000000022 9806.6000000000022 9481.7000000000025 806.90000000000009 9924.1500000000015 9371.5500000000011 9537.6000000000022 10084.800000000001 8870.7000000000025 782.6500000000002 3313.4750000000008 3196.420833333334 15.500000000000002 2765.3000000000006 9068.9000000000033
decision_type=2 2 2 2 2 2 2 2 2 2 2 2 2 2 2 2 2 2 2 2 2 2 2 2 2 2 2 2 2 2
left_child=1 3 -3 4 7 -6 -7 10 9 -9 14 -12 -13 -14 16 25 17 20 19 -19 21 22 24 -24 26 -16 27 28 -1 -28
right_child=-2 2 -4 -5 5 6 -8 8 -10 -11 11 12 13 -15 15 -17 -18 18 -20 -21 -22 -23 23 -25 -26 -27 29 -29 -30 -31
leaf_value=0.020880845908460947 0.4215544093772769 0.10636376539866131 -0.88582395076751708 0.54293776154518125 0.89216087287472146 0.48052394688129429 -0.4420137973392711 0.59829391181468972 -1.4348274772581848 -0.27784960580908735 -0.9252415422131034 1.4888060097289939 -0.76622798089627864 0.83464003046974544 -1.5987743866443633 0.18654667990548271 -1.0008174961263483 0.66470997859449954 1.4361677739769221 -0.84423680720121974 -0.96166415991990462 0.84225125637921416 0.32001911073923117 -1.0813791220004743 0.77643489638964347 -0.66903216838836677 -0.001914004287463052 -0.67889661846622351 1.935119126154029 -0.45990176088534868
leaf_weight=29 20 21 20 26 31 24 34 30 23 23 34 35 27 32 20 21 22 34 32 23 23 22 20 26 21 20 3820 31 23 65
leaf_count=29 20 21 20 26 31 24 34 30 23 23 34 35 27 32 20 21 22 34 32 23 23 22 20 26 21 20 3820 31 23 65
internal_value=9.82473e-10 -0.00182808 -0.37763 0.00154272 -0.00155437 0.271473 -0.060274 -0.00700757 -0.282142 0.218081 -0.00223355 0.208362 0.618389 0.102039 -0.00857321 -0.679322 0.00118954 0.00647718 0.552136 0.0558367 -0.00542566 -4.54426e-06 -0.00459677 -0.472076 0.000794061 -1.1339 -0.00331089 0.28997 0.867563 -0.00957661
internal_weight=4632 4612 41 4571 4545 89 58 4456 76 53 4380 128 94 59 4252 61 4191 4169 89 57 4080 4057 4035 46 3989 40 3968 83 52 3885
internal_count=4632 4612 41 4571 4545 89 58 4456 76 53 4380 128 94 59 4252 61 4191 4169 89 57 4080 4057 4035 46 3989 40 3968 83 52 3885
is_linear=0
shrinkage=0.05


Tree=232
num_leaves=31
num_cat=0
split_feature=4 6 3 5 5 5 6 4 4 4 5 5 6 4 6 4 4 5 5 4 3 5 5 4 3 5 7 3 3 6
split_gain=1490.69 9949.51 17342.2 7881.1 17819.3 13471.7 15422.1 10099.7 18314.3 13589.4 8976.91 21094.5 11473.5 8182.3 12323.8 16037.7 10206.1 8050.04 10791.8 15794.1 16167.2 15453.7 8269.4 7837.87 31124 12646.4 8287.17 9321.54 17362.5 11980
threshold=9679.1500000000015 10300.400000000003 838.80000000000007 9920.1500000000015 9987.0000000000018 9690.8000000000011 9924.1500000000015 9453.4000000000015 9119.0500000000011 8791.9500000000025 9481.7000000000025 9316.3000000000011 9244.2000000000025 9197.4500000000025 7508.7000000000007 9508.9000000000015 9040.4000000000015 9104.1500000000015 8670.5000000000018 7137.4000000000005 727.55000000000007 8503.9500000000025 7936.0500000000002 9885.0500000000011 841.80000000000007 8670.5000000000018 3387.2583333333341 827.1500000000002 820.55000000000007 9704.5000000000018
decision_type=2 2 2 2 2 2 2 2 2 2 2 2 2 2 2 2 2 2 2 2 2 2 2 2 2 2 2 2 2 2
left_child=1 3 -3 5 -5 10 -7 8 9 -6 11 12 13 16 -15 -16 17 18 21 -20 -21 22 -1 24 -2 -25 27 28 -27 -29
right_child=23 2 -4 4 7 6 -8 -9 -10 -11 -12 -13 -14 14 15 -17 -18 -19 19 20 -22 -23 -24 25 -26 26 -28 29 -30 -31
leaf_value=-0.010215588773220183 -0.054324360017652645 0.21913783152898156 -1.838122389316559 1.7652870011329651 -0.45544856805354361 -0.075151691613373928 -1.9070196425914767 1.0498292631723665 -1.3711003252051093 1.2453369125075964 0.74208607181906705 -1.4035131154236971 0.88737209472391343 0.38078794064729116 -2.0464248543693908 -0.13527671357859736 1.074067203023217 -0.80841153052545378 1.5869839250181732 1.1822418315070016 -0.58225004322388596 -1.1616017600585675 0.76205052052225386 1.1613102123850869 1.8923254124820232 -0.070119570777432569 -1.0653115888436637 1.1543642143408457 -1.4725374671129081 0.020205466950742101
leaf_weight=3612 77 21 20 20 24 27 20 22 22 23 40 27 36 23 21 23 22 31 26 21 34 29 35 21 28 146 21 30 26 104
leaf_count=3612 77 21 20 20 24 27 20 22 22 23 40 27 36 23 21 23 22 31 26 21 34 29 35 21 28 146 21 30 26 104
internal_value=-7.82536e-11 -0.00933883 -0.784404 -0.00165936 0.413962 -0.0131155 -0.85467 0.116967 -0.180467 0.376851 -0.00317756 -0.0107437 -0.00113347 -0.00938372 -0.557137 -1.04742 0.000248685 -0.00598785 0.000633157 0.571508 0.091465 -0.011946 -0.00280421 0.0861523 0.464782 -0.0280896 -0.104473 -0.0385331 -0.282113 0.274122
internal_weight=4632 4179 41 4138 111 4027 47 91 69 47 3980 3940 3913 3877 67 44 3810 3788 3757 81 55 3676 3647 453 105 348 327 306 172 134
internal_count=4632 4179 41 4138 111 4027 47 91 69 47 3980 3940 3913 3877 67 44 3810 3788 3757 81 55 3676 3647 453 105 348 327 306 172 134
is_linear=0
shrinkage=0.05


Tree=233
num_leaves=31
num_cat=0
split_feature=7 7 3 7 4 3 6 3 1 0 1 0 3 3 5 5 6 6 4 6 7 6 7 5 0 1 4 4 7 4
split_gain=1403.92 15322.6 15556.8 9556.17 7988.1 13798.6 28855.9 17744 12862.9 9725.97 22919.8 15077.5 7949.23 13059.4 10953.1 19839.9 12248.9 7670.94 40809.9 23894.7 23906.4 17747.6 32122.3 15645 14991.4 14236.3 13982.1 15212.6 25197.2 13021.3
threshold=3318.1333333333337 3321.2354166666669 751.25000000000011 3315.7000000000007 23.550000000000004 32.250000000000007 83.750000000000014 23.450000000000003 2.5000000000000004 1.5000000000000002 3.5000000000000004 1.0000000180025095e-35 13.050000000000002 8.5500000000000025 67.700000000000003 21.350000000000005 117.25000000000001 239.60000000000002 93.050000000000026 177.30000000000004 3339.7770833333338 67.40000000000002 3352.6583333333342 82.65000000000002 17.500000000000004 5.5000000000000009 98.15000000000002 284.65000000000003 3330.5437500000012 176.15000000000003
decision_type=2 2 2 2 2 2 2 2 2 2 2 2 2 2 2 2 2 2 2 2 2 2 2 2 2 2 2 2 2 2
left_child=3 2 -2 -1 5 7 -7 12 -8 10 11 -6 13 14 15 -3 -16 19 -19 20 26 25 -23 -24 -21 -22 -11 -28 -29 -20
right_child=1 4 -4 -5 9 6 8 -9 -10 17 -12 -13 -14 -15 16 -17 -18 18 29 24 21 22 23 -25 -26 -27 27 28 -30 -31
leaf_value=0.0088525065540250806 -1.0668742710893804 0.073354236537759951 0.41965458169579506 0.66854392109837923 0.83723596165577574 2.4588339662551881 -0.68807217207821936 -1.3694172275066376 1.0030343901204026 -1.5797935354461272 -1.6044725432540432 -0.68049553930759432 0.90162488944602748 -1.0550721966702006 -0.91743654854157397 1.7282975252027866 0.38096044055926498 1.9161519352732033 -1.0146172193686167 -0.43308772085153535 -0.26870900247293183 2.3910733886387039 -0.67303511989968168 0.91264399766922011 -2.3048344469070439 0.88778016567230233 0.30973625097261825 0.0054912848131997254 -2.318167359605432 0.046324858905293455
leaf_weight=2785 66 55 24 56 30 20 22 20 23 30 33 36 33 23 34 27 39 29 30 23 158 23 28 35 20 32 46 28 20 804
leaf_count=2785 66 55 24 56 30 20 22 20 23 30 33 36 33 23 34 27 39 29 30 23 158 23 28 35 20 32 46 28 20 804
internal_value=1.47017e-10 -0.0346693 -0.670467 0.0218559 -0.00102922 0.235036 0.878598 0.053947 0.176271 -0.0507625 -0.528569 0.00938242 0.188863 0.0567217 0.221698 0.618275 -0.223772 -0.0145429 0.072277 -0.183675 -0.0632759 0.195816 0.79177 0.207898 -1.30367 -0.0739319 -0.639964 -0.340018 -0.9627 0.00816147
internal_weight=4632 1791 90 2841 1701 296 65 231 45 1405 99 66 211 178 155 82 73 1306 863 443 400 276 86 63 43 190 124 94 48 834
internal_count=4632 1791 90 2841 1701 296 65 231 45 1405 99 66 211 178 155 82 73 1306 863 443 400 276 86 63 43 190 124 94 48 834
is_linear=0
shrinkage=0.05


Tree=234
num_leaves=31
num_cat=0
split_feature=4 4 5 0 4 1 0 7 6 6 0 3 7 7 3 3 4 3 6 5 6 4 6 5 1 7 7 7 6 6
split_gain=1362.62 10896.1 10633.6 16638.8 11986.8 11772.5 11381.2 15269.3 22670.8 19303.2 11922 10901.1 14544.4 10279.2 11273.7 10003.9 31111.9 22640.5 22842.4 20724.9 16114.6 13550.6 12546.8 12329.7 16691.1 12894.6 11899.9 11738 11448.2 17056.5
threshold=157.20000000000002 147.40000000000003 6.6500000000000012 22.500000000000004 178.85000000000002 2.5000000000000004 21.500000000000004 3337.6979166666665 74.350000000000009 6.8000000000000016 5.5000000000000009 16.900000000000002 3259.7562499999999 3255.8750000000005 4.0500000000000007 20.250000000000004 178.85000000000002 4.3500000000000005 83.750000000000014 124.90000000000002 2.3500000000000005 488.35000000000008 311.30000000000007 48.20000000000001 1.5000000000000002 3267.4062500000005 3296.0916666666676 3310.9895833333344 91.800000000000026 346.90000000000003
decision_type=2 2 2 2 2 2 2 2 2 2 2 2 2 2 2 2 2 2 2 2 2 2 2 2 2 2 2 2 2 2
left_child=1 -1 4 15 -2 -5 7 8 13 -9 -11 12 -10 -6 -15 17 -17 22 21 -20 -18 -19 23 -4 -25 -26 -27 -28 -22 -30
right_child=2 -3 3 5 6 -7 -8 9 11 10 -12 -13 -14 14 -16 16 20 18 19 -21 28 -23 -24 24 25 26 27 -29 29 -31
leaf_value=-0.018136917231598843 -0.81949316713620313 -0.94962902809493244 -0.48905339314387392 -0.16560500144958498 0.33170814335346227 -1.8811596202850343 1.2222531318664551 2.1981802380084994 -0.82850751985203142 1.0445869523903419 -0.47976044597833056 1.5636076695844532 0.70958426886913828 -0.38507959470152858 -1.8363428996956868 2.0135403656959534 1.1636846849995275 -0.84304799437522893 1.0015854499958179 -0.8309549439284537 -1.175262110233307 -2.2603348321639576 -0.8416686831336273 -0.38977914023579974 -0.19579470618204639 1.5252020213848505 -0.49512172781902813 0.81155873063732598 1.1907394905244151 0.0089528563466035518
leaf_weight=1659 22 32 65 20 20 20 36 20 22 29 23 20 51 32 23 20 31 48 27 36 20 26 38 66 44 39 23 68 31 2021
leaf_count=1659 22 32 65 20 20 20 36 20 22 29 23 20 51 32 23 20 31 48 27 36 20 26 38 66 44 39 23 68 31 2021
internal_value=1.28407e-09 -0.0357642 0.0205635 -0.0113608 0.303704 -1.02338 0.393235 0.268882 0.00779473 0.878085 0.370356 0.529396 0.24605 -0.63899 -0.991972 0.0041908 0.0507991 -0.201954 -0.745304 -0.0455805 0.032133 -1.34101 0.0150694 0.121811 0.287253 0.544058 0.79447 0.481299 0.0152034 0.0268064
internal_weight=4632 1691 2941 2643 298 40 276 240 168 72 52 93 73 75 55 2603 2123 480 137 63 2103 74 343 305 240 174 130 91 2072 2052
internal_count=4632 1691 2941 2643 298 40 276 240 168 72 52 93 73 75 55 2603 2123 480 137 63 2103 74 343 305 240 174 130 91 2072 2052
is_linear=0
shrinkage=0.05


Tree=235
num_leaves=31
num_cat=0
split_feature=1 7 7 4 6 7 5 0 7 7 7 6 5 5 3 5 6 5 5 7 3 7 7 0 7 3 7 5 7 5
split_gain=1413.41 8492.92 18503.3 28850.5 19392.4 18735.6 31668.5 19158.4 14950 13331 25512.4 12612.5 20775.1 16362.3 10675.8 23936.9 22927.5 10536.6 20936 21392.9 20835.9 11050.5 12386.8 8363.09 6923.48 6128.64 5596.48 4777.24 4836.84 4648.15
threshold=1.0000000180025095e-35 3316.077083333334 3342.1437500000006 8070.6000000000013 199.90000000000003 3357.1750000000006 3048.2000000000003 7.5000000000000009 3308.8062500000001 3333.5895833333338 3328.2458333333338 74.350000000000009 271.30000000000007 73.000000000000014 576.10000000000014 8547.0000000000018 5179.8000000000011 156.00000000000003 100.00000000000001 3277.6645833333337 3.7500000000000004 3284.5020833333342 3264.8333333333335 12.500000000000002 3384.2208333333338 872.35000000000002 3279.5354166666671 10505.100000000002 3174.9083333333333 181.80000000000004
decision_type=2 2 2 2 2 2 2 2 2 2 2 2 2 2 2 2 2 2 2 2 2 2 2 2 2 2 2 2 2 2
left_child=1 8 3 9 11 6 -6 -7 14 10 -3 12 13 -4 16 -16 17 18 19 20 -1 22 -19 26 -9 27 -17 28 -2 -30
right_child=25 2 4 -5 5 7 -8 24 -10 -11 -12 -13 -14 -15 15 23 -18 21 -20 -21 -22 -23 -24 -25 -26 -27 -28 -29 29 -31
leaf_value=-0.035445319116115571 -0.71970019588867828 -0.6387737751007081 -0.25499494927624861 -2.3127693749609448 0.010776751153171064 1.3932019918818366 2.7908178601946152 0.13119019546679087 1.5008721243251455 -1.0074909932272775 1.6040707267466048 -1.4409276864745402 -1.3905064679327466 1.5913007426261903 1.6844936825109251 1.0807235127403623 -1.656486291885376 -0.11735621996042206 1.8715328057607015 -0.84312227623803282 2.0218100571632385 0.53820794353197365 -1.567074515508569 -0.59882284279527331 -0.94596081032202806 0.67777467947453263 -0.087954528480768207 -0.63523196443434693 -0.075144539113974063 0.036789951177079304
leaf_weight=32 24 32 30 21 20 22 21 35 22 35 21 22 21 20 33 21 20 41 21 35 20 29 23 29 26 32 20 31 1539 2334
leaf_count=32 24 32 30 21 20 22 21 35 22 35 21 22 21 20 33 21 20 41 21 35 20 29 23 29 26 32 20 31 1539 2334
internal_value=-1.44817e-09 0.0670475 -0.116076 -0.647574 0.150898 0.560241 1.4347 0.128279 0.239585 -0.250198 0.2499 -0.394891 -0.0707672 0.483523 0.153943 0.574355 -0.0419962 0.11865 0.454582 0.112559 0.755807 -0.271465 -0.638349 0.0510034 -0.327923 -0.0113778 0.510637 -0.016992 -0.012074 -0.00768905
internal_weight=4632 672 326 109 217 124 41 83 346 88 53 93 71 50 324 103 221 201 108 87 52 93 64 70 61 3960 41 3928 3897 3873
internal_count=4632 672 326 109 217 124 41 83 346 88 53 93 71 50 324 103 221 201 108 87 52 93 64 70 61 3960 41 3928 3897 3873
is_linear=0
shrinkage=0.05


Tree=236
num_leaves=31
num_cat=0
split_feature=7 5 4 7 5 4 7 7 0 1 4 4 4 5 7 7 3 1 7 7 7 6 6 0 3 3 4 0 6 0
split_gain=1395.49 5617.71 7395.99 5190.77 3734.48 4526.38 1462.07 9853.79 9453.76 8031.66 19614 18750.7 31012 22218.9 18147.8 17400.3 16675.4 14089 25679.2 20896.3 19736.9 10433.2 17805.5 11082.3 26871.4 27959.2 11276.8 18388.6 16728.2 15469.7
threshold=3412.8145833333342 130.60000000000002 5288.0000000000009 3399.479166666667 124.90000000000002 4976.9500000000007 3279.5354166666671 3277.3020833333339 15.500000000000002 1.0000000180025095e-35 9954.9000000000033 9453.4000000000015 9584.8500000000022 9316.3000000000011 3267.8666666666668 3263.4750000000004 806.90000000000009 1.5000000000000002 3258.4854166666669 3243.9333333333338 3219.7625000000003 9786.0500000000011 8840.5000000000018 17.500000000000004 13.950000000000001 21.250000000000004 118.80000000000001 20.500000000000004 117.25000000000001 21.500000000000004
decision_type=2 2 2 2 2 2 2 2 2 2 2 2 2 2 2 2 2 2 2 2 2 2 2 2 2 2 2 2 2 2
left_child=3 -2 -3 6 -5 -6 7 9 -9 14 11 17 -13 -14 15 -1 -12 18 19 20 -11 22 23 -19 26 -26 27 -25 -29 -28
right_child=1 2 -4 4 5 -7 -8 8 -10 10 16 12 13 -15 -16 -17 -18 21 -20 -21 -22 -23 -24 24 25 -27 29 28 -30 -31
leaf_value=0.27760721563827245 0.76557793165075372 -0.66639919451304852 0.48282302873475214 -0.90826586141036114 0.37327785023621152 -0.66485051420472918 0.023672827935401319 -1.0000913135251221 0.22869592232872613 0.54640830675760899 1.8654470746715863 -2.5411613631248477 0.94930993370387873 -1.0512287357875278 1.272541794651433 -1.2161075275877249 0.069371775644166134 0.15466701076852737 -1.1893012343997686 1.0185010472933451 -1.1092598664098317 0.84453907232535519 -1.123885396473548 1.138142161006513 -2.5378485705541531 -0.28066567883772009 -0.71453991290685304 0.54001793563365941 -0.99373881798237562 0.82307470980144692
leaf_weight=128 29 28 28 26 21 21 2923 49 23 30 24 20 23 35 38 23 28 641 71 36 45 38 34 46 23 34 74 40 32 21
leaf_count=128 29 28 28 26 21 21 2923 49 23 30 24 20 23 35 38 23 28 641 71 36 45 38 34 46 23 34 74 40 32 21
internal_value=-1.98071e-09 0.200725 -0.0917881 -0.00375228 -0.437323 -0.145786 0.00283016 -0.0363235 -0.607562 -0.00860843 -0.0530461 -0.0928462 -0.84336 -0.257912 0.295872 0.0500878 0.89833 -0.0425972 -0.446697 0.0283026 -0.446993 0.0322208 -0.000443883 0.0414848 -0.227218 -1.19146 0.030818 0.357251 -0.141652 -0.374646
internal_weight=4632 85 56 4547 68 42 4479 1556 72 1484 1295 1243 78 58 189 151 52 1165 182 111 75 983 945 911 270 57 213 118 72 95
internal_count=4632 85 56 4547 68 42 4479 1556 72 1484 1295 1243 78 58 189 151 52 1165 182 111 75 983 945 911 270 57 213 118 72 95
is_linear=0
shrinkage=0.05


Tree=237
num_leaves=31
num_cat=0
split_feature=5 3 4 6 5 5 1 7 1 6 6 4 6 6 5 3 3 7 5 1 4 5 3 3 3 6 4 4 4 7
split_gain=1408.71 7296 2971.95 20530.8 19919.9 5186.83 11056.8 14652.3 11844.5 9650.46 19166.4 16094.3 8076.77 8348.67 12607.9 6258.12 3596.58 14858.9 7468.1 20904.2 11840.2 8601.04 3689.15 2903.15 5084.02 11398.1 8053.03 7184.27 16992.9 15832.9
threshold=10430.500000000002 851.95000000000016 10340.150000000003 10005.300000000001 9714.3500000000022 9943.4500000000025 1.5000000000000002 3325.0520833333335 2.5000000000000004 9786.0500000000011 10035.500000000002 9885.0500000000011 10276.400000000003 10133.050000000001 9866.4500000000025 838.80000000000007 830.25000000000011 3334.2270833333337 9481.7000000000025 4.5000000000000009 9197.4500000000025 9316.3000000000011 782.6500000000002 768.00000000000011 753.6500000000002 8816.2500000000018 10107.700000000003 9584.8500000000022 9334.8000000000011 3310.5354166666671
decision_type=2 2 2 2 2 2 2 2 2 2 2 2 2 2 2 2 2 2 2 2 2 2 2 2 2 2 2 2 2 2
left_child=2 -2 5 4 -4 12 7 -7 15 -10 -11 -12 13 14 16 -8 18 -18 21 20 -20 22 23 24 26 -26 27 28 -1 -29
right_child=1 -3 3 -5 -6 6 8 -9 9 10 11 -13 -14 -15 -16 -17 17 -19 19 -21 -22 -23 -24 -25 25 -27 -28 29 -30 -31
leaf_value=-0.0015123468008639783 0.67464057008425404 -0.51643734931945795 0.7587188530999881 1.519735292593638 -1.1632451996207238 -0.22495612987450195 1.3361536026000977 -1.8955617068069324 -1.0771129312186405 0.96542333943070846 0.12397982615690967 -1.4640692251699943 0.72015926532256302 -0.91369803297519692 1.2247883189292184 0.085342314243316661 -0.95925226945143471 0.71701149404048925 -0.75190083671499186 1.8807771292328834 0.72885105874803335 -0.83660571498255587 0.59310273298850424 -0.52113423833140626 1.2782817333936691 -0.27935493303381881 -0.93994129520395531 1.1982263038032934 -1.176917549102537 -0.26503965167535676
leaf_weight=3798 36 20 26 24 28 35 20 21 29 32 39 27 39 25 21 20 39 20 27 20 27 31 26 27 24 23 23 38 31 36
leaf_count=3798 36 20 26 24 28 35 20 21 29 32 39 27 39 25 21 20 39 20 27 20 27 31 26 27 24 23 23 38 31 36
internal_value=3.66807e-09 0.249256 -0.00305033 0.302942 -0.237855 -0.00835655 -0.243443 -0.851433 -0.0395657 -0.275885 -0.0387868 -0.525677 0.00390642 -0.00268797 0.00272054 0.710748 -0.00340438 -0.391027 0.00213175 0.499908 -0.0115249 -0.00694773 -0.000559406 -0.00441821 -0.000906674 0.516034 -0.00709522 -0.00159804 -0.0110286 0.486367
internal_weight=4632 56 4576 78 54 4498 223 56 167 127 98 66 4275 4236 4211 40 4190 59 4131 74 54 4057 4026 4000 3973 47 3926 3903 3829 74
internal_count=4632 56 4576 78 54 4498 223 56 167 127 98 66 4275 4236 4211 40 4190 59 4131 74 54 4057 4026 4000 3973 47 3926 3903 3829 74
is_linear=0
shrinkage=0.05


Tree=238
num_leaves=31
num_cat=0
split_feature=0 6 1 6 3 6 3 6 0 4 7 3 7 7 6 4 1 1 6 3 1 7 4 5 7 7 5 7 7 4
split_gain=1341.36 6393.87 17797.7 22246.3 20868.7 17161.3 16770 19363.4 15232.2 14963.4 14730.4 15925.2 14497.6 14179.1 11519.8 11454 11393.3 29162.5 24725.3 18598.7 12205.5 12092.5 22931.1 10250.5 15058.3 8446.62 9488.26 17722.2 7500.41 6195.28
threshold=4.5000000000000009 89.050000000000011 1.0000000180025095e-35 76.90000000000002 30.650000000000002 123.7 15.550000000000002 16.800000000000004 1.5000000000000002 103.65000000000002 3336.1166666666672 6.6500000000000012 3345.202083333334 3329.4604166666668 4.4500000000000011 76.000000000000014 3.5000000000000004 1.5000000000000002 311.30000000000007 17.950000000000003 2.5000000000000004 3322.7458333333338 182.10000000000005 48.20000000000001 3298.7229166666671 3295.5645833333338 128.05000000000004 3274.3979166666672 3296.6187500000001 121.90000000000002
decision_type=2 2 2 2 2 2 2 2 2 2 2 2 2 2 2 2 2 2 2 2 2 2 2 2 2 2 2 2 2 2
left_child=1 2 12 4 6 13 9 8 -8 15 11 -11 14 29 -1 25 17 21 20 23 -19 -7 -23 24 -18 26 27 -4 -25 -3
right_child=-2 5 3 -5 -6 16 7 -9 -10 10 -12 -13 -14 -15 -16 -17 19 18 -20 -21 -22 22 -24 28 -26 -27 -28 -29 -30 -31
leaf_value=0.57049121503476741 0.01380278723457138 -0.89557282483136214 0.51911919580565558 1.4256466055909793 -1.2574090327087202 -0.8754637477574525 2.0660331687927247 -0.56560563963392507 0.3532524515081335 -0.54462577191794792 0.34031387260465912 -2.0334260017975518 -0.15005975280489242 -1.8952259679635366 2.0932532351949944 1.0804623035284189 -0.25388058141658182 1.078516697883606 2.0165832737761162 -1.3671478198634255 -0.40635985539805503 1.0370061818510294 -1.0599668522111394 0.10832565206068534 1.326152269244194 -0.4831943555311724 0.90557803341320575 -1.3372170715034009 -0.98769765379461083 0.26548102010041474
leaf_weight=27 3667 27 36 24 38 54 25 23 27 82 33 23 28 24 23 26 38 25 31 36 31 32 22 27 25 66 35 20 37 20
leaf_count=27 3667 27 36 24 38 54 25 23 27 82 33 23 28 24 23 26 38 25 31 36 31 32 22 27 25 66 35 20 37 20
internal_value=1.54038e-09 -0.0524506 0.0626917 -0.0562089 -0.138155 -0.196311 -0.0307517 0.642396 1.1767 -0.188029 -0.581143 -0.870744 0.760851 -0.906426 1.27096 0.108417 -0.0554784 0.202409 0.883676 -0.363994 0.256531 -0.34639 0.182684 -0.0796352 0.373117 -0.0525583 0.259771 -0.143858 -0.525313 -0.401507
internal_weight=4632 965 536 458 434 429 396 75 52 321 138 105 78 71 50 183 358 195 87 163 56 108 54 127 63 157 91 56 64 47
internal_count=4632 965 536 458 434 429 396 75 52 321 138 105 78 71 50 183 358 195 87 163 56 108 54 127 63 157 91 56 64 47
is_linear=0
shrinkage=0.05


Tree=239
num_leaves=31
num_cat=0
split_feature=7 6 6 7 4 7 7 0 7 0 3 4 5 5 1 5 6 6 5 6 6 7 3 4 6 5 5 7 6 6
split_gain=1331.68 5269.48 11632.8 4729.79 3715.41 1431.07 8672.4 8408.37 7793.01 9100.5 13417.5 13957.2 12098.8 11868.8 15953.4 24175.6 20867.1 16482.6 23972.9 35869.3 28468.5 22906 29218.9 17852.6 13912.7 15519.4 22643.3 36858.7 21733.5 19205.6
threshold=3412.8145833333342 105.15000000000002 3058.6500000000001 3399.479166666667 699.00000000000011 3279.5354166666671 3277.3020833333339 15.500000000000002 3276.6041666666665 12.500000000000002 806.90000000000009 9954.9000000000033 8740.3000000000011 7271.4500000000016 1.0000000180025095e-35 70.250000000000014 7014.6500000000005 540.10000000000014 2594.6000000000004 2537.1000000000008 4669.2500000000009 3264.1458333333344 9.7500000000000018 7100.6000000000013 209.10000000000005 229.25000000000003 19.850000000000005 3242.9333333333338 99.050000000000011 81.500000000000014
decision_type=2 2 2 2 2 2 2 2 2 2 2 2 2 2 2 2 2 2 2 2 2 2 2 2 2 2 2 2 2 2
left_child=3 -2 -3 5 -5 6 8 -8 9 -1 11 12 13 14 15 -11 17 21 19 -19 -20 24 -23 -22 25 26 27 29 -28 -16
right_child=1 2 -4 4 -6 -7 7 -9 -10 10 -12 -13 -14 -15 16 -17 -18 18 20 -21 23 22 -24 -25 -26 -27 28 -29 -30 -31
leaf_value=0.088138766979420413 -0.43154770433902745 1.1222635182642169 -0.25886689662933349 -0.73623888171636143 0.011064026273530106 0.023238393501577734 -0.9422113965208434 0.21664661632688798 0.71655479752355156 2.0083605390787125 -1.1163201720373972 0.98070706767695293 -1.0500971370273167 0.69377863850704458 -1.3486395028921274 -0.073909105506280201 -1.6788721981048587 2.7243492262704034 -1.4974438514028279 -0.23433557629585267 1.4880246537427109 -0.54349855161180682 -2.7984191417694095 -0.29308155775070194 -0.9589667932553726 0.96276826560497286 -0.28699246332530054 1.8001336054007213 -2.1480868044353669 0.71228275537490848
leaf_weight=778 24 31 30 39 29 2923 49 23 36 20 35 28 36 43 26 46 25 21 28 20 24 51 20 34 44 36 62 30 21 20
leaf_count=778 24 31 30 39 29 2923 49 23 36 20 35 28 36 43 26 46 25 21 28 20 24 51 20 34 44 36 62 30 21 20
internal_value=-9.15157e-10 0.196083 0.443019 -0.0036655 -0.417536 0.00261787 -0.0361185 -0.572021 -0.0101179 -0.0281843 -0.163258 -0.110727 -0.161073 -0.105023 -0.170077 0.557082 -0.273956 -0.193584 0.286173 1.28109 -0.188147 -0.390129 -1.17869 0.443928 -0.155871 0.0253402 -0.186908 0.436645 -0.757872 -0.452586
internal_weight=4632 85 61 4547 68 4479 1556 72 1484 1448 670 635 607 571 528 66 462 437 127 41 86 310 71 58 239 195 159 76 83 46
internal_count=4632 85 61 4547 68 4479 1556 72 1484 1448 670 635 607 571 528 66 462 437 127 41 86 310 71 58 239 195 159 76 83 46
is_linear=0
shrinkage=0.05


Tree=240
num_leaves=31
num_cat=0
split_feature=7 7 3 7 5 5 5 6 7 1 0 7 5 1 4 5 7 7 3 3 3 6 4 6 4 4 5 0 6 1
split_gain=1311.56 13802.9 14109.7 8510.56 7593.81 9099.23 15594.2 9671.65 9825.23 9092.12 46328.1 15583.2 15148.8 21981.7 11241 10739.9 19577.3 10406.3 11345.8 27527.9 27307.1 13870.8 8524.02 18905 25679.1 21733 20201.1 17999.9 15033.4 25470.7
threshold=3318.1333333333337 3321.2354166666669 751.25000000000011 3315.7000000000007 10340.150000000003 9806.6000000000022 9185.8500000000004 9874.4500000000025 3348.9458333333337 5.5000000000000009 1.5000000000000002 3348.2604166666674 8836.0500000000011 2.5000000000000004 9756.7000000000025 5303.8500000000013 3339.2791666666672 3352.6583333333342 26.150000000000002 419.75000000000006 8.1500000000000004 155.10000000000005 130.75000000000003 43.550000000000004 64.850000000000009 11.800000000000002 55.250000000000007 6.5000000000000009 110.80000000000003 2.5000000000000004
decision_type=2 2 2 2 2 2 2 2 2 2 2 2 2 2 2 2 2 2 2 2 2 2 2 2 2 2 2 2 2 2
left_child=3 2 -2 -1 5 6 9 8 -8 12 -11 15 14 -14 22 16 -12 -13 20 -20 21 -19 23 25 28 -3 -26 -28 29 -25
right_child=1 4 -4 -5 -6 -7 7 -9 -10 10 11 17 13 -15 -16 -17 -18 18 19 -21 -22 -23 -24 24 26 -27 27 -29 -30 -31
leaf_value=0.0088533549446819931 -1.014476756254832 0.38064101674090861 0.40122730508446697 0.63140897066997637 0.86341597795486447 -0.43212934055111624 0.43035623878240586 0.05274889741625105 1.861063251644373 -2.5394994590963638 -0.98913626863675974 1.1842966390692671 -1.8588162902891636 0.28302296814711198 1.1447505315144857 -1.465389755037096 0.95254797481355213 -1.0258290306381557 -1.3440615201318586 0.62675055160241966 2.0478734588623051 0.77460148334503176 -0.058281482887113469 -0.030037567564951524 0.20395617049473982 -0.73065994053744199 3.0696704125404359 1.0386689752340317 -0.050721335332125229 2.2735220137096586
leaf_weight=2785 66 87 24 56 25 121 24 35 24 21 34 23 25 23 24 27 21 23 37 34 20 20 694 28 26 89 20 24 151 21
leaf_count=2785 66 87 24 56 25 121 24 35 24 21 34 23 25 23 24 27 21 23 37 34 20 20 694 28 26 89 20 24 151 21
internal_value=7.79239e-10 -0.0335095 -0.636956 0.0211248 -0.00158112 -0.0144838 0.0180146 0.684823 1.14571 -0.0195839 -0.287879 -0.0900383 0.0379712 -0.832518 0.0738677 -0.648691 -0.247766 0.201742 0.0330946 -0.400292 0.521515 -0.188419 0.0513228 0.221873 0.484697 -0.181324 1.30892 1.96185 0.19622 0.957202
internal_weight=4632 1791 90 2841 1701 1676 1555 83 48 1472 260 239 1212 48 1164 82 55 157 134 71 63 43 1140 446 270 176 70 44 200 49
internal_count=4632 1791 90 2841 1701 1676 1555 83 48 1472 260 239 1212 48 1164 82 55 157 134 71 63 43 1140 446 270 176 70 44 200 49
is_linear=0
shrinkage=0.05


Tree=241
num_leaves=31
num_cat=0
split_feature=4 4 5 7 5 4 4 7 5 4 5 4 6 6 5 5 5 7 7 3 7 5 7 5 7 1 0 1 7 7
split_gain=1345.8 3634.96 3284.14 10164.1 3151.18 15015 14927.5 7148.17 4449.75 14533.8 4601.59 17926.9 9564.08 8179.22 9270.02 9474.97 7453.22 17983.7 25115.4 12197.4 4175.47 3811.09 2840.53 13808.6 12161.2 13773 14734.4 17298 11991.5 11305
threshold=10585.200000000003 10427.450000000003 10430.500000000002 3307.5895833333338 10217.6 9991.0500000000011 9652.4000000000015 3271.6479166666672 10125.750000000002 9756.7000000000025 9943.4500000000025 9005.4000000000015 10276.400000000003 10105.550000000001 9866.4500000000025 9806.6000000000022 9481.7000000000025 3324.6937500000008 3294.5312500000005 810.55000000000007 3310.9895833333344 10029.950000000003 3220.9750000000008 67.700000000000003 3215.3812499999999 1.5000000000000002 16.500000000000004 4.5000000000000009 3196.420833333334 3223.9541666666673
decision_type=2 2 2 2 2 2 2 2 2 2 2 2 2 2 2 2 2 2 2 2 2 2 2 2 2 2 2 2 2 2
left_child=1 2 4 -4 8 6 7 -6 10 -10 12 -12 13 14 15 16 19 18 -18 22 -13 -22 23 -1 25 -25 27 28 -27 -24
right_child=-2 -3 3 -5 5 -7 -8 -9 9 -11 11 20 -14 -15 -16 -17 17 -19 -20 -21 21 -23 29 24 -26 26 -28 -29 -30 -31
leaf_value=-0.46533129373565318 -0.34559303756271093 0.57005984953471589 -0.19337786935990858 1.211862880533392 0.5619031834602356 0.88237302362918857 -1.705098785524783 -0.77489984840154646 -0.4004727613358271 1.4828609251976015 0.73910691167773868 -0.34160164747482691 0.77259950160980229 -0.80053696986287837 1.0029229371444039 -1.0156712957050489 0.79236705528723228 1.3832209918535119 -1.2132466018199921 -1.1093813182115555 -1.5347213171777272 -0.57031074702739726 -0.90658554485866005 0.99527104165818958 1.1233051713122879 -0.086489058624614368 0.96205035033433328 0.66274251212244462 -1.61283095382875 -0.0038166783766348578
leaf_weight=64 28 28 31 22 20 20 23 20 21 20 29 39 40 32 23 23 37 33 27 25 21 20 35 36 43 22 23 23 31 3773
leaf_count=64 28 28 31 22 20 20 23 20 21 20 29 39 40 32 23 23 37 33 27 25 21 20 35 36 43 22 23 23 31 3773
internal_value=-1.77136e-10 0.00210178 -0.00137349 0.38993 -0.00595873 -0.311202 -0.690114 -0.106498 -0.000252612 0.518227 -0.00508499 -0.325906 0.0030664 -0.00417627 0.00186535 -0.00362317 0.0019562 0.435116 -0.0537512 -0.00835459 -0.711973 -1.06428 -0.00155813 0.164547 0.39102 0.157774 -0.146771 -0.482335 -0.979255 -0.0121142
internal_weight=4632 4604 4576 53 4523 83 63 40 4440 41 4399 109 4290 4250 4218 4195 4172 97 64 4075 80 41 4050 242 178 135 99 76 53 3808
internal_count=4632 4604 4576 53 4523 83 63 40 4440 41 4399 109 4290 4250 4218 4195 4172 97 64 4075 80 41 4050 242 178 135 99 76 53 3808
is_linear=0
shrinkage=0.05


Tree=242
num_leaves=31
num_cat=0
split_feature=7 5 4 7 5 7 7 1 3 3 4 6 5 6 3 5 6 4 3 5 3 7 7 6 6 3 7 6 3 5
split_gain=1262.17 4921.68 6351.07 4351.33 3595.48 1382.19 5923.74 7252.29 7829.82 30514.5 8593.04 6312.42 6412.48 10908.5 12246.9 8012.97 8960.38 25348.8 21151.4 9476.71 10518.2 21152.9 29035.1 11813.4 8988.58 13863.5 8187 7005.52 17539 31754.3
threshold=3412.8145833333342 130.60000000000002 5288.0000000000009 3399.479166666667 337.65000000000003 3282.3166666666671 3286.6458333333335 4.5000000000000009 416.60000000000008 26.150000000000002 106.65000000000002 10505.100000000002 10430.500000000002 10133.050000000001 837.55000000000007 10189.050000000001 9786.0500000000011 9453.4000000000015 827.1500000000002 8901.7000000000025 774.10000000000014 3337.6979166666665 3323.7916666666674 9497.9500000000025 8997.1500000000015 740.55000000000007 3287.7395833333339 1.0000000180025095e-35 14.850000000000003 62.050000000000004
decision_type=2 2 2 2 2 2 2 2 2 2 2 2 2 2 2 2 2 2 2 2 2 2 2 2 2 2 2 2 2 2
left_child=3 -2 -3 5 -5 -1 7 8 9 10 -7 12 13 15 -15 16 19 -18 -19 26 24 22 -22 -23 25 -21 -8 28 -28 -30
right_child=1 2 -4 4 -6 6 11 -9 -10 -11 -12 -13 -14 14 -16 -17 17 18 -20 20 21 23 -24 -25 -26 -27 27 -29 29 -31
leaf_value=-0.033963770109144538 0.71959952547632422 -0.61537192038127353 0.4495785679136004 -0.047501494203295025 -0.77496577374862907 -0.32391664609313015 -0.8189124491906935 -0.1891669171197074 -0.079935373408453803 2.4474073046729679 0.9276580105225245 0.81312510694066686 0.7651772917420776 0.018615391774055284 -1.251249010377639 0.79451882317662248 -1.5257081530160375 -1.1029027835211971 0.82725973054766655 0.53217429760843515 0.34965114369988443 0.075009712576866158 -1.7496615609952384 1.793542845249176 0.14116950639656611 2.2102759933471683 -0.018399723402915465 -0.044871648011328619 -0.16156673386954426 1.4671830674958608
leaf_weight=1647 29 28 28 35 33 32 31 49 35 21 24 24 27 39 37 32 36 22 40 32 40 20 28 20 35 20 310 1758 57 63
leaf_count=1647 29 28 28 35 33 32 31 49 35 21 24 24 27 39 37 32 36 22 40 32 40 20 28 20 35 20 310 1758 57 63
internal_value=1.00214e-09 0.190896 -0.0828967 -0.00356854 -0.400536 0.00245819 0.02364 0.318181 0.540145 0.822 0.212472 0.00588599 -0.00143314 -0.00933332 -0.599608 0.00830067 -0.00171484 -0.470398 0.142363 0.017312 0.351501 0.0219127 -0.514772 0.934276 0.760644 1.1776 -0.0120556 -0.000623877 0.180277 0.693527
internal_weight=4632 85 56 4547 68 4479 2832 161 112 77 56 2671 2647 2620 76 2544 2512 98 62 2414 195 108 68 40 87 52 2219 2188 430 120
internal_count=4632 85 56 4547 68 4479 2832 161 112 77 56 2671 2647 2620 76 2544 2512 98 62 2414 195 108 68 40 87 52 2219 2188 430 120
is_linear=0
shrinkage=0.05


Tree=243
num_leaves=31
num_cat=0
split_feature=4 4 5 7 5 4 7 5 4 5 4 6 6 5 5 5 7 7 3 7 5 7 5 7 1 0 1 7 7 5
split_gain=1340.84 3280.73 2650.36 8746.72 3007.2 13516.6 13944.1 4093.58 12930.3 4042.94 16426.3 8891.64 7018.57 8376.99 8281.87 6962.4 16480.6 22466 10652.2 3820.7 3342.97 2627.76 12462.2 10975.4 12430.1 13297.8 15611.4 10822.3 10152.7 5591.13
threshold=10585.200000000003 10427.450000000003 10430.500000000002 3307.5895833333338 10217.6 9991.0500000000011 3269.7541666666671 10125.750000000002 9756.7000000000025 9943.4500000000025 9005.4000000000015 10276.400000000003 10105.550000000001 9866.4500000000025 9806.6000000000022 9481.7000000000025 3324.6937500000008 3294.5312500000005 810.55000000000007 3310.9895833333344 10029.950000000003 3220.9750000000008 67.700000000000003 3215.3812499999999 1.5000000000000002 16.500000000000004 4.5000000000000009 3196.420833333334 3223.9541666666673 9316.3000000000011
decision_type=2 2 2 2 2 2 2 2 2 2 2 2 2 2 2 2 2 2 2 2 2 2 2 2 2 2 2 2 2 2
left_child=1 2 4 -4 7 6 -6 9 -9 11 -11 12 13 14 15 18 17 -17 21 -12 -21 22 -1 24 -24 26 27 -26 -23 -30
right_child=-2 -3 3 -5 5 -7 -8 8 -10 10 19 -13 -14 -15 -16 16 -18 -19 -20 20 -22 28 23 -25 25 -27 -28 -29 29 -31
leaf_value=-0.44036654552910481 -0.34495565114276755 0.54167279345648633 -0.19078939883939683 1.1127929365431721 0.35246913866563279 0.8289396971464158 -1.2079150673819752 -0.3689920118876866 1.4074144554138184 0.71436588419922475 -0.32036888721661694 0.74524499565362934 -0.74142372701317072 0.95348832503609049 -0.94953335108964332 0.75277824240761837 1.3281425588058704 -1.1441019782313595 -1.0370213984251022 -1.4522669773726236 -0.54902620255947121 -0.85955811636788515 0.9472056845823924 1.0688381122988324 -0.080466414581645621 0.91564604225366009 0.63130353170892473 -1.5304912305647329 0.00062654491318938493 -0.79879957545887348
leaf_weight=64 28 28 31 22 22 20 41 21 20 29 39 40 32 23 23 37 33 27 25 21 20 35 36 43 22 23 23 31 3751 22
leaf_count=64 28 28 31 22 22 20 41 21 20 29 39 40 32 23 23 37 33 27 25 21 20 35 36 43 22 23 23 31 3751 22
internal_value=-5.382e-10 0.00209791 -0.00120369 0.35032 -0.00532281 -0.303511 -0.663019 0.00025143 0.497548 -0.00438352 -0.3051 0.00325706 -0.00372635 0.00187021 -0.00334724 0.00186903 0.420523 -0.0474681 -0.00809648 -0.674656 -1.01166 -0.00174509 0.158018 0.373167 0.151583 -0.137734 -0.45652 -0.928594 -0.0118981 -0.00403483
internal_weight=4632 4604 4576 53 4523 83 63 4440 41 4399 109 4290 4250 4218 4195 4172 97 64 4075 80 41 4050 242 178 135 99 76 53 3808 3773
internal_count=4632 4604 4576 53 4523 83 63 4440 41 4399 109 4290 4250 4218 4195 4172 97 64 4075 80 41 4050 242 178 135 99 76 53 3808 3773
is_linear=0
shrinkage=0.05


Tree=244
num_leaves=31
num_cat=0
split_feature=5 5 4 3 4 4 1 5 5 6 5 6 6 5 5 6 1 7 5 6 6 6 4 5 4 6 4 4 6 4
split_gain=1309.55 4925.02 2350.46 20273.8 10644 4047.39 22931 5264.6 4841.64 9614.19 9122.45 8763.48 7622.16 19441.6 23935.8 16569.2 16285.2 14094.9 16601.4 5709.53 3623.09 5557.4 5285.11 4311.55 10999.6 22655.7 2939.73 6256.04 11210.1 17520
threshold=10595.750000000002 10430.500000000002 10340.150000000003 797.25000000000011 10500.450000000003 10227.300000000001 3.5000000000000004 10269.000000000002 10051.650000000003 10105.550000000001 9987.0000000000018 9786.0500000000011 9849.1000000000022 9920.1500000000015 9776.6000000000022 9613.2000000000025 2.5000000000000004 3314.3020833333335 9636.2500000000018 9444.6000000000004 9332.0500000000011 9146.2000000000025 8938.8500000000022 9104.1500000000015 7204.9500000000016 8816.2500000000018 9907.8500000000022 9197.4500000000025 7508.7000000000007 9584.8500000000022
decision_type=2 2 2 2 2 2 2 2 2 2 2 2 2 2 2 2 2 2 2 2 2 2 2 2 2 2 2 2 2 2
left_child=1 2 5 -4 -5 7 -7 8 10 11 12 -10 15 14 17 19 -17 18 -14 20 21 23 -23 26 -25 -26 27 -1 -29 -30
right_child=-2 -3 3 4 -6 6 -8 -9 9 -11 -12 -13 13 -15 -16 16 -18 -19 -20 -21 -22 22 -24 24 25 -27 -28 28 29 -31
leaf_value=0.0060976667436377892 -0.34090701511928012 0.66317825253520701 -1.1025932335853577 1.4949557258532598 0.13296311721205711 -1.4423151340749529 0.70611260377842455 -0.51706806091325619 0.077056884077879098 -0.27261258186520759 -0.7854322393198272 1.3128921139985323 0.30220112854784187 1.7689551801908587 -0.87664046466350565 0.11341195002846097 -1.6549866894880934 -0.098241796758439803 2.2926043715327977 0.63808775416442332 -0.64318381818858061 0.068089664459228524 1.1585715932399034 -1.3523809134960176 1.0265463975759654 -1.1277531566827192 0.39828528347222703 0.48823659372329714 -1.7654347759026749 -0.098219276368618019
leaf_weight=3766 28 28 20 26 32 27 23 49 26 37 37 32 22 21 40 23 30 36 20 35 22 25 20 21 26 23 46 25 26 40
leaf_count=3766 28 28 20 26 32 27 23 49 26 37 37 32 22 21 40 23 30 36 20 35 22 25 20 21 26 23 46 25 26 40
internal_value=-8.41337e-10 0.00207328 -0.00197194 0.270151 0.743512 -0.00669084 -0.454038 -0.0016622 0.00407885 0.357151 -0.00371434 0.758897 0.00306409 0.367239 0.117781 -0.00919859 -0.887568 0.627741 1.25001 0.00222561 -0.0032831 0.000220591 0.552748 -0.00603759 -0.394973 0.0153446 0.000937939 -0.00380097 -0.413452 -0.755001
internal_weight=4632 4604 4576 78 58 4498 50 4448 4399 95 4304 58 4267 139 118 4128 53 78 42 4075 4040 4018 45 3973 70 49 3903 3857 91 66
internal_count=4632 4604 4576 78 58 4498 50 4448 4399 95 4304 58 4267 139 118 4128 53 78 42 4075 4040 4018 45 3973 70 49 3903 3857 91 66
is_linear=0
shrinkage=0.05


Tree=245
num_leaves=31
num_cat=0
split_feature=3 5 3 5 4 4 5 7 7 7 3 4 0 3 7 5 7 5 6 6 5 4 5 3 3 4 4 7 6 4
split_gain=1283.72 2753.84 3416.27 2710.1 24260 5315.52 2411.3 1709.2 2832.44 2012.34 6725.87 28977.3 24201.8 8513.82 6143 10569.2 10036.3 4697.54 2956.85 22207.3 17718.1 10834.4 15433.4 16093.6 11280.1 10080.5 9762.65 7364.93 10396.3 9202.52
threshold=886.85000000000002 10505.100000000002 841.80000000000007 10240.150000000003 10064.200000000003 9550.0500000000011 10189.050000000001 3174.9083333333333 3191.9708333333338 3215.3812499999999 425.75000000000006 2173.2500000000005 6.5000000000000009 4.3500000000000005 3220.9750000000008 178.15000000000001 3223.9541666666673 10125.750000000002 9786.0500000000011 9849.1000000000022 9481.7000000000025 9550.0500000000011 9666.6000000000022 844.95000000000016 842.95000000000016 8820.6500000000033 10227.300000000001 3278.8875000000003 9676.1000000000004 9159.5500000000011
decision_type=2 2 2 2 2 2 2 2 2 2 2 2 2 2 2 2 2 2 2 2 2 2 2 2 2 2 2 2 2 2
left_child=1 3 -3 6 5 -5 7 -1 -9 10 11 12 13 -10 15 -11 -16 18 20 -20 -18 24 -23 26 25 -21 -24 -22 29 -29
right_child=-2 2 -4 4 -6 -7 -8 8 9 14 -12 -13 -14 -15 16 -17 17 -19 19 21 27 22 23 -25 -26 -27 -28 28 -30 -31
leaf_value=-0.33871205561869855 0.39971562296152119 0.035724871499197827 -0.87736413508653655 0.23182343436825659 1.7512100605737595 -0.70993326779069577 -0.45769926515118836 0.45055341226714002 -0.46398157165164045 -0.18486181125044823 -0.72374466337808752 1.6659622056143626 -1.8165405587716537 0.97746807694435123 -0.82299796858349361 1.0212300581809801 -0.0083270584687465798 0.68746598815917981 -1.7666432791948319 0.68867727644515764 -0.15393055325063568 0.85398414074019957 0.35147952029579566 -1.5278112916275859 1.3780755509029736 -0.54718139532840615 -0.93662867844104769 -0.17458389678171704 1.7490449096845546 1.0135064240449514
leaf_weight=37 20 21 20 31 21 29 29 35 21 34 41 21 22 20 37 39 3791 25 20 33 24 22 38 32 22 33 24 28 23 39
leaf_count=37 20 21 20 31 21 29 29 35 21 34 41 21 22 20 37 39 3791 25 20 33 24 22 38 32 22 33 24 28 23 39
internal_value=6.2811e-10 -0.00173337 -0.409684 0.00192578 0.288566 -0.223359 -0.00324524 -0.000290931 0.00253944 -0.00103323 -0.198772 0.057465 -0.478701 0.239165 0.00476351 0.459489 -0.00315702 0.00414537 8.04221e-06 -0.176656 0.0101419 -0.0207752 -0.338148 -0.617158 0.39758 0.0707479 -0.147143 0.624317 0.831849 0.516991
internal_weight=4632 4612 41 4571 81 60 4490 4461 4424 4389 125 84 63 41 4264 73 4191 4154 4129 224 3905 204 116 94 88 66 62 114 90 67
internal_count=4632 4612 41 4571 81 60 4490 4461 4424 4389 125 84 63 41 4264 73 4191 4154 4129 224 3905 204 116 94 88 66 62 114 90 67
is_linear=0
shrinkage=0.05


Tree=246
num_leaves=31
num_cat=0
split_feature=7 7 3 7 0 0 3 6 3 7 4 7 3 6 5 6 3 3 6 5 5 6 1 4 3 6 3 1 0 3
split_gain=1284.84 12392.6 12749 8136.05 13092 12648.2 9012.58 38720.5 20468.2 48149.1 23032.6 19701.2 14186.9 9273.5 9064.45 8565.51 21348.1 18879.6 17424.8 9517.49 7773.48 7187.53 13290.9 7150.81 12940.7 26061.1 16188.2 11871.8 8222.4 20846
threshold=3318.1333333333337 3321.2354166666669 751.25000000000011 3300.2250000000004 9.5000000000000018 1.5000000000000002 1.0000000180025095e-35 233.35000000000002 437.00000000000006 3309.233333333334 7523.0000000000009 3307.056250000001 707.55000000000007 9497.9500000000025 9806.6000000000022 258.30000000000001 245.25000000000003 445.00000000000006 126.45000000000002 103.30000000000003 77.350000000000009 5102.4500000000016 2.5000000000000004 23.550000000000004 32.250000000000007 83.750000000000014 23.450000000000003 2.5000000000000004 1.5000000000000002 16.900000000000002
decision_type=2 2 2 2 2 2 2 2 2 2 2 2 2 2 2 2 2 2 2 2 2 2 2 2 2 2 2 2 2 2
left_child=3 2 21 -1 5 -5 20 -8 9 -9 -10 13 -13 -12 -14 18 -17 -18 19 -7 -6 22 -2 24 26 -26 -3 -27 29 -25
right_child=1 23 -4 4 6 15 7 8 10 -11 11 12 14 -15 -16 16 17 -19 -20 -21 -22 -23 -24 28 25 27 -28 -29 -30 -31
leaf_value=-0.020315866819047453 -1.4334764033555984 0.17393434539578537 0.38190209387491147 0.70085054972232919 -0.62303050301141205 -0.78156058944037399 2.0034826940611792 0.93837150537541936 1.7627890553325416 -1.9684837439964558 -1.3557071647047998 1.8971148300170899 -0.16782760637147087 0.043802593931041918 1.0391467768432838 1.0800632111844608 -1.6801458575508812 0.19964752284919515 -1.9036545844305133 0.44754965173612749 0.40226862399201652 -1.7551290988922119 0.26793588291515008 -0.1128260375215457 2.3454336261749269 -0.65415125929443585 -1.314465048313141 0.97049698363179759 -0.016665246128068974 -1.8875944319225493
leaf_weight=2296 24 211 24 39 36 36 38 28 32 29 20 20 35 29 28 32 22 34 21 28 38 20 22 78 20 22 20 23 1306 21
leaf_count=2296 24 211 24 39 36 36 38 28 32 29 20 20 35 29 28 32 22 34 21 28 38 20 22 78 20 22 20 23 1306 21
internal_value=2.0768e-10 -0.0331663 -0.604953 0.0209084 0.19458 -0.112554 0.390113 0.529153 0.275648 -0.540555 0.559328 0.26758 0.736921 -0.527426 0.368605 -0.295923 0.0498503 -0.538843 -0.6539 -0.243825 -0.0965255 -0.963809 -0.619757 -0.00291305 0.220438 0.843673 0.0450686 0.176225 -0.0499678 -0.489292
internal_weight=4632 1791 90 2841 545 212 333 259 221 57 164 132 83 49 63 173 88 56 85 64 74 66 46 1701 296 65 231 45 1405 99
internal_count=4632 1791 90 2841 545 212 333 259 221 57 164 132 83 49 63 173 88 56 85 64 74 66 46 1701 296 65 231 45 1405 99
is_linear=0
shrinkage=0.05


Tree=247
num_leaves=31
num_cat=0
split_feature=4 4 6 5 4 5 4 7 5 4 4 1 3 3 3 6 6 7 6 5 4 7 5 5 1 3 6 6 3 1
split_gain=1269.22 2925.33 2401.48 11464.3 13635.6 8789.71 11380.3 10760.8 8334.05 12009.5 35739.8 8113.21 3143.65 6824.09 5350.27 7496.08 4099.22 15372.1 20468 6729.4 12602.1 5608.79 4912.51 11825.4 16698.1 9426.4 9125.48 51762.1 11440.6 9931.11
threshold=10585.200000000003 10427.450000000003 10105.550000000001 9987.0000000000018 9969.5000000000018 10125.750000000002 9991.0500000000011 3269.7541666666671 10189.050000000001 9386.6500000000015 9931.9500000000025 2.5000000000000004 858.1500000000002 844.95000000000016 834.70000000000016 10005.300000000001 9613.2000000000025 3326.7791666666672 9728.9000000000015 9481.7000000000025 9283.3500000000022 3285.0916666666672 8836.0500000000011 8616.2000000000025 3.5000000000000004 746.15000000000009 8708.7000000000025 8587.3000000000011 744.85000000000002 4.5000000000000009
decision_type=2 2 2 2 2 2 2 2 2 2 2 2 2 2 2 2 2 2 2 2 2 2 2 2 2 2 2 2 2 2
left_child=1 2 8 4 11 -5 7 -7 12 -10 -11 -4 13 14 15 16 19 18 -18 22 -21 -20 23 -1 25 -25 27 28 -24 -28
right_child=-2 -3 3 5 -6 6 -8 -9 9 10 -12 -13 -14 -15 -16 -17 17 -19 21 20 -22 -23 26 24 -26 -27 29 -29 -30 -31
leaf_value=-0.0049505250782825513 -0.33561557243977275 0.51155239939689634 1.4844801329431081 -1.3138909346209122 -0.69685851812362676 0.30102217197418213 0.6568545048435529 -1.131826492046055 -0.28132061136179959 2.4298280943994937 -0.30124095535278322 0.2413493095125471 -0.55090360238145175 0.70609853544875101 -0.60371708225559551 0.92070198709314521 -2.0299192951619625 0.89878700733184813 0.29831640879313154 -0.21445267200469972 1.3731287569999697 -0.72718269471079111 -0.0070603325449187185 -0.64995815396308909 1.5166439025632796 0.68581236462507933 -0.81665280425832387 2.3590433800220487 -1.5394587074007307 0.124997885205916
leaf_weight=3767 28 28 21 26 25 20 24 38 29 23 25 35 26 34 37 22 20 20 30 25 25 24 29 25 31 28 84 20 21 42
leaf_count=3767 28 28 21 26 25 20 24 38 29 23 25 35 26 34 37 22 20 20 30 25 25 24 29 25 31 28 84 20 21 42
internal_value=4.51813e-11 0.0020411 -0.00107654 -0.175586 0.274072 -0.51283 -0.258835 -0.637741 0.00644166 0.522035 1.0074 0.707523 -0.00276965 0.000557029 -0.0050873 0.000170067 -0.00466212 -0.331123 -0.663531 0.00282807 0.579338 -0.157461 -0.00429462 0.00813324 0.594878 0.0557319 -0.248477 0.20925 -0.650668 -0.502769
internal_weight=4632 4604 4576 189 81 108 82 58 4387 77 48 56 4310 4284 4250 4213 4191 94 74 4097 50 54 4047 3851 84 53 196 70 50 126
internal_count=4632 4604 4576 189 81 108 82 58 4387 77 48 56 4310 4284 4250 4213 4191 94 74 4097 50 54 4047 3851 84 53 196 70 50 126
is_linear=0
shrinkage=0.05


Tree=248
num_leaves=31
num_cat=0
split_feature=4 5 0 4 1 3 4 6 5 7 7 3 5 7 1 6 6 3 3 6 3 4 1 5 0 0 6 0 7 6
split_gain=1241.99 10263.9 14957.7 10768 10634 9544.37 23579.4 46071 20719.5 15361 13631.6 12528.3 12175.8 10575.7 19064.4 12760.1 28462.4 16058.1 11747.7 11918.8 14185.7 20834.7 18727.9 10211.2 11435.3 18841.7 11223.1 9440.36 13127.2 19871.7
threshold=157.20000000000002 6.6500000000000012 22.500000000000004 178.85000000000002 2.5000000000000004 19.750000000000004 100.15000000000002 311.30000000000007 160.10000000000005 3235.0208333333335 3250.6812500000001 16.450000000000003 37.050000000000004 3279.5354166666671 3.5000000000000004 43.550000000000004 4.4500000000000011 36.400000000000006 25.050000000000004 135.05000000000004 37.650000000000013 1.0000000180025095e-35 3.5000000000000004 405.55000000000007 5.5000000000000009 20.500000000000004 604.30000000000007 21.500000000000004 3337.6979166666665 74.350000000000009
decision_type=2 2 2 2 2 2 2 2 2 2 2 2 2 2 2 2 2 2 2 2 2 2 2 2 2 2 2 2 2 2
left_child=5 3 -3 -2 -4 11 9 8 -8 -7 -11 23 -13 14 -12 16 17 -15 -17 -20 -21 22 -22 26 -25 -26 -1 28 29 -5
right_child=1 2 4 27 -6 6 7 -9 -10 10 13 12 -14 15 -16 18 -18 -19 19 20 21 -23 -24 24 25 -27 -28 -29 -30 -31
leaf_value=-0.072754328334905735 -0.76675611781803044 0.0030127540466891225 -0.15602083027362823 -0.5782123226324718 -1.7865117287635806 -1.0951180096828577 -0.97916160742441827 -2.7429989619896964 1.0984725010395049 1.3015377369523049 -1.3969512241227289 1.6269864776860115 0.22784003640214601 0.88134346322880863 0.390464644248669 1.3795897188285986 -1.7021563893982343 -0.88569035291671749 1.0834009775827671 -1.191667891632427 -1.3050590991973878 1.0902037482995253 0.67019699627444862 -0.13228779027336521 2.1556034519558862 0.17435298474239452 0.85009328025009701 1.1376945137977601 0.83426645394000742 0.5156682633624603
leaf_weight=1062 22 2603 20 75 20 33 30 26 20 20 35 23 48 36 26 24 28 20 29 22 28 39 21 38 21 28 34 36 72 93
leaf_count=1062 22 2603 20 75 20 33 30 26 20 20 35 23 48 36 26 24 28 20 29 22 28 39 21 38 21 28 34 36 72 93
internal_value=4.81736e-10 0.0196322 -0.0117323 0.297808 -0.971266 -0.0341445 -0.235368 -1.03583 -0.148108 -0.0668495 0.0366044 0.035979 0.681085 -0.0455341 -0.635102 0.100068 -0.400545 0.25026 0.358052 0.181672 -0.056057 0.227846 -0.458521 -0.00273821 0.518651 1.02346 -0.0441258 0.382665 0.26941 0.0273287
internal_weight=4632 2941 2643 298 40 1691 437 76 50 361 328 1254 71 308 61 247 84 56 163 139 110 88 49 1183 87 49 1096 276 240 168
internal_count=4632 2941 2643 298 40 1691 437 76 50 361 328 1254 71 308 61 247 84 56 163 139 110 88 49 1183 87 49 1096 276 240 168
is_linear=0
shrinkage=0.05


Tree=249
num_leaves=31
num_cat=0
split_feature=7 7 3 7 6 4 3 6 3 1 5 3 1 5 7 5 1 7 4 3 3 3 3 3 5 3 7 7 6 6
split_gain=1278.48 10980.4 11853.8 7689.69 6904.88 6554.95 12080.2 23469.6 14227 9974.34 8086.55 25985.7 34487.4 18458.9 20195.4 18335.4 25023.9 17105.3 36445.8 24144.3 11136 39876.5 26277.1 23210 19549.4 12787.6 11900.2 10854.5 11178.9 11088.3
threshold=3318.1333333333337 3321.2354166666669 751.25000000000011 3315.7000000000007 227.10000000000002 23.550000000000004 32.250000000000007 83.750000000000014 23.450000000000003 2.5000000000000004 50.95000000000001 19.750000000000004 3.5000000000000004 6.6500000000000012 3337.1187500000001 82.65000000000002 1.5000000000000002 3368.5437500000003 296.35000000000008 4.0500000000000007 20.850000000000005 25.750000000000004 5.7500000000000009 12.65 190.30000000000004 190.35000000000005 3327.2500000000005 3339.7770833333338 218.45000000000002 71.750000000000014
decision_type=2 2 2 2 2 2 2 2 2 2 2 2 2 2 2 2 2 2 2 2 2 2 2 2 2 2 2 2 2 2
left_child=3 2 -2 -1 -5 6 8 -8 -3 -9 11 13 -13 14 -7 16 -12 19 -19 -16 22 -22 26 -24 -23 -26 -17 -28 29 -29
right_child=1 5 -4 4 -6 10 7 9 -10 -11 15 12 -14 -15 17 20 -18 18 -20 -21 21 24 23 -25 25 -27 27 28 -30 -31
leaf_value=0.0091920802958018726 -0.91733488765629856 0.16060518414064606 0.38027113042771821 1.3458492688834669 0.18713674048582715 -0.69805354264047415 2.2365334939956667 -0.5831311687827111 -1.2347213326208295 0.90603474430415953 -0.14241549326106906 -0.058461892604827884 -2.5873605482853375 -0.85615738851052736 0.37705527014202544 1.1235132217407227 1.8508348426511212 -1.196465977281332 1.484227747008914 2.3408204562962056 1.9752866048079269 -1.5579989302158357 -2.3575414474193868 -0.41880559607555989 0.90758698265521953 -0.021377283953387338 -0.99357168842107058 -0.12249659754095539 -0.84526707338435314 0.97126777010995002
leaf_weight=2785 66 211 24 20 36 45 20 22 20 23 32 28 26 54 45 20 31 32 21 24 26 20 26 38 39 739 32 62 28 37
leaf_count=2785 66 211 24 20 36 45 20 22 20 23 32 28 26 54 45 20 31 32 21 24 26 20 26 38 39 739 32 62 28 37
internal_value=-4.27535e-10 -0.0330842 -0.571307 0.0208567 0.600963 -0.00460685 0.209236 0.811394 0.0397977 0.177998 -0.0496584 -0.292815 -1.27608 -0.0525604 0.207285 0.00951687 0.83839 0.541222 -0.134304 1.0601 -0.0394232 0.0482956 -0.336873 -1.20642 -0.0144886 0.0251903 -0.0259742 -0.170564 0.0368082 0.286284
internal_weight=4632 1791 90 2841 56 1701 296 65 231 45 1405 275 54 221 167 1130 63 122 53 69 1067 824 243 64 798 778 179 159 127 99
internal_count=4632 1791 90 2841 56 1701 296 65 231 45 1405 275 54 221 167 1130 63 122 53 69 1067 824 243 64 798 778 179 159 127 99
is_linear=0
shrinkage=0.05


Tree=250
num_leaves=31
num_cat=0
split_feature=0 4 3 3 4 5 3 3 1 4 4 3 7 7 5 6 7 4 5 1 4 4 5 6 4 7 7 7 7 3
split_gain=1154.58 6156.98 22324 41512.6 17403.5 16862.1 14189.9 31478 26480.4 11772.2 21436.8 10541.4 15547.7 18588.7 25646.1 23310.8 10854.6 10304.3 10196.6 8787.52 16448.8 12156.7 7915.33 7459.02 6076.19 6957.27 11547.8 10941.6 5254.21 5244.86
threshold=4.5000000000000009 172.45000000000002 11.65 7.0500000000000007 130.75000000000003 6.6500000000000012 22.350000000000005 39.750000000000007 4.5000000000000009 273.15000000000003 217.20000000000002 4.7500000000000009 3338.5395833333337 3269.7541666666671 183.85000000000005 41.150000000000013 3219.7625000000003 188.35000000000005 15.250000000000002 2.5000000000000004 82.800000000000026 32.900000000000006 103.30000000000003 108.35000000000001 34.95000000000001 3274.3979166666672 3300.6750000000006 3333.5895833333338 3307.056250000001 0.65000000000000002
decision_type=2 2 2 2 2 2 2 2 2 2 2 2 2 2 2 2 2 2 2 2 2 2 2 2 2 2 2 2 2 2
left_child=1 4 3 17 6 -6 11 8 18 10 -4 16 13 -13 15 -15 -1 -3 -8 20 24 -21 -23 -11 25 -18 -27 -28 -7 -19
right_child=-2 2 9 -5 5 28 7 -9 -10 23 -12 12 -14 14 -16 -17 19 29 -20 21 -22 22 -24 -25 -26 26 27 -29 -30 -31
leaf_value=-1.1200882842143378 0.012805776789463536 1.1853599309921266 1.3959312677383424 -2.1836069042032418 0.26531454741954807 -0.96540287299589689 0.26956944580782544 0.763376514541526 -2.6887790250778201 2.1022268717066339 -0.91906529635190959 0.91559135648939349 1.2645641998984876 0.12163090252876281 1.0579589692029088 -1.9972116925098278 0.9954790055751801 -0.16387848897622181 -1.120099102005814 0.054289989577275571 1.5188013740561226 -1.2299313441282367 -0.036221842538742798 0.75302160620689396 -0.48186074525882039 -0.91176445121350502 1.1783701362609864 -0.31625485221544902 -2.0851557219028471 0.51809589200549666
leaf_weight=24 3667 20 20 22 20 22 22 31 20 21 20 45 39 25 22 27 24 130 33 107 22 41 21 20 39 23 25 24 20 36
leaf_count=24 3667 20 20 22 20 22 22 31 20 21 20 45 39 25 22 27 24 130 33 107 22 41 21 20 39 23 25 24 20 36
internal_value=8.57726e-10 -0.0486619 0.144497 -0.129735 -0.13124 -0.929608 -0.0506233 -0.576827 -1.13078 0.848698 0.238433 0.0591751 0.398169 0.114225 -0.373093 -0.978537 -0.0938566 0.113196 -0.564232 -0.0183058 0.251026 -0.268514 -0.82561 1.44408 0.0444258 0.25823 0.0124799 0.446309 -1.49862 -0.0159804
internal_weight=4632 965 289 208 676 62 614 106 75 81 40 508 158 119 74 52 350 186 55 326 157 169 62 41 135 96 72 49 42 166
internal_count=4632 965 289 208 676 62 614 106 75 81 40 508 158 119 74 52 350 186 55 326 157 169 62 41 135 96 72 49 42 166
is_linear=0
shrinkage=0.05


Tree=251
num_leaves=31
num_cat=0
split_feature=7 7 3 7 0 0 7 7 7 3 6 4 1 6 4 7 1 1 7 3 3 6 1 7 4 1 4 7 0 3
split_gain=1198.73 9904.16 10693.8 7174.23 11834.4 11168.5 8426.07 9485.39 11952.8 14246.5 22341.9 18652.2 11706.3 9393.73 17297.3 12248.1 7696.41 11102.8 19619.7 18568.9 9089.42 6423.53 12279.7 6187.4 21030.1 30040.8 37808.3 29077.6 24347 20523.8
threshold=3318.1333333333337 3321.2354166666669 751.25000000000011 3300.2250000000004 9.5000000000000018 1.5000000000000002 3301.6020833333337 3316.077083333334 3313.4750000000008 3.1500000000000008 8906.3000000000011 9679.1500000000015 2.5000000000000004 7014.6500000000005 7286.0000000000009 3309.8125000000005 5.5000000000000009 3.5000000000000004 3307.056250000001 16.450000000000003 6.6500000000000012 5102.4500000000016 2.5000000000000004 3294.0833333333335 121.90000000000002 2.5000000000000004 321.2000000000001 3297.5479166666673 13.500000000000002 421.35000000000008
decision_type=2 2 2 2 2 2 2 2 2 2 2 2 2 2 2 2 2 2 2 2 2 2 2 2 2 2 2 2 2 2
left_child=3 2 21 23 5 -5 -6 8 9 12 13 -12 -8 14 15 -11 17 18 19 -7 -20 22 -2 -1 27 29 -27 -25 -28 -26
right_child=1 -3 -4 4 6 16 7 -9 -10 10 11 -13 -14 -15 -16 -17 -18 -19 20 -21 -22 -23 -24 24 25 26 28 -29 -30 -31
leaf_value=0.008002716369708323 -1.3287617151935898 -0.0049899112064170185 0.36061727168659369 0.65561528939467217 1.2716565271218618 -0.38238238096237187 -1.1992664585942807 1.2537192020565273 -0.53911722153425223 1.7068423635081242 -0.80995933132121201 0.83067232947796588 0.2448135726567772 1.7579050794724496 -0.49967192092112134 0.20221317609151207 0.46210302320019958 -1.1911432448567616 0.073583902631487161 1.605737898401592 -1.2110023352503778 -1.6199445390701293 0.30664559494365351 -1.7997935067775641 0.21797394401886883 1.2809049558910459 -1.8217695942946843 0.17337964953798238 0.26333824452899751 2.1779116744344886
leaf_weight=2079 24 1701 24 39 24 24 23 24 44 38 41 30 36 31 21 21 29 36 21 23 40 20 22 43 34 22 42 33 21 22
leaf_count=2079 24 1701 24 39 24 24 23 24 44 38 41 30 36 31 21 21 29 36 21 23 40 20 22 43 34 22 42 33 21 22
internal_value=6.00549e-10 -0.0320357 -0.543202 0.0201957 0.183279 -0.108732 0.369184 0.299089 0.218699 0.357056 0.575936 -0.116735 -0.318133 1.01899 0.732667 1.1713 -0.281042 -0.430703 -0.177223 0.590528 -0.768768 -0.871863 -0.54661 -0.0185153 -0.272575 0.0888004 -0.50358 -0.943021 -1.12673 0.987949
internal_weight=4632 1791 90 2841 545 212 333 309 285 241 182 71 59 111 80 59 173 144 108 47 61 66 46 2296 217 141 85 76 63 56
internal_count=4632 1791 90 2841 545 212 333 309 285 241 182 71 59 111 80 59 173 144 108 47 61 66 46 2296 217 141 85 76 63 56
is_linear=0
shrinkage=0.05


Tree=252
num_leaves=31
num_cat=0
split_feature=4 4 6 3 3 6 6 3 3 4 3 6 6 7 4 1 4 7 7 5 3 3 5 4 6 5 6 3 7 7
split_gain=1202.06 2596.53 2319.82 11391.3 9782.49 13985.7 18630.3 7668.52 11867.8 9705.28 9004.6 11159.6 9615.42 8660.7 6102.06 22713 7269.33 18725.6 28858.8 10732.7 8980.79 8400.55 12247.4 6567.13 4388.41 15845 18930.8 5075.96 16642.6 19494.4
threshold=10585.200000000003 10427.450000000003 10035.500000000002 797.25000000000011 844.95000000000016 9849.1000000000022 9676.1000000000004 858.1500000000002 844.95000000000016 9704.5000000000018 836.1500000000002 10105.550000000001 10276.400000000003 3286.0854166666672 10227.300000000001 3.5000000000000004 9954.9000000000033 3339.7770833333338 3313.4750000000008 9666.6000000000022 827.1500000000002 806.90000000000009 9532.1000000000022 8968.2500000000018 9072.7000000000025 8708.7000000000025 9332.0500000000011 717.45000000000016 3313.4750000000008 3294.9625000000001
decision_type=2 2 2 2 2 2 2 2 2 2 2 2 2 2 2 2 2 2 2 2 2 2 2 2 2 2 2 2 2 2
left_child=1 2 4 -4 14 6 -6 8 10 -9 11 -5 -13 -14 16 -16 20 18 19 -18 21 22 24 -22 27 -26 -27 -1 29 -29
right_child=-2 -3 3 7 5 -7 -8 9 -10 -11 -12 12 13 -15 15 -17 17 -19 -20 -21 23 -23 -24 -25 25 26 -28 28 -30 -31
leaf_value=0.0079397195097748278 -0.32661539028797831 0.48201082263674055 0.98684148371219649 0.56675476119631818 1.0280756443738939 1.4094883143901826 -0.98439973216989773 -0.41686720889190154 -1.3019324313849212 0.87670323110731518 0.56703390564237333 -1.3935514176264405 -0.97519042775744491 0.44438939433206209 -1.5224864256602748 0.66999880203178952 -0.55960355663299566 -0.7120271738905174 2.3106377078139264 0.95462820313193575 0.040654158592224127 0.65264224641177115 -0.84532185072122612 -1.1214554012783113 -0.71657292946525253 1.6510112185632029 -0.26677373756061901 -0.23139247372746469 -0.9005566898905315 1.4405734864148227
leaf_weight=3732 28 28 20 21 23 30 23 29 32 29 28 32 21 22 27 21 25 26 23 22 20 49 43 31 23 31 22 84 65 22
leaf_count=3732 28 28 20 21 23 30 23 29 32 29 28 32 21 22 27 21 25 26 23 22 20 49 43 31 23 31 22 84 65 22
internal_value=2.24029e-10 0.00198637 -0.000950846 -0.154304 0.00731367 0.569595 0.021838 -0.260953 -0.443456 0.229918 -0.221914 -0.452023 -0.737281 -0.248894 -0.00270352 -0.563274 0.00367566 0.433788 0.859377 0.149186 -0.00634152 0.00191901 -0.00600875 -0.665726 0.00306148 0.379357 0.85495 -0.00426582 -0.270646 0.115619
internal_weight=4632 4604 4576 234 4342 76 46 214 156 58 124 96 75 43 4266 48 4218 96 70 47 4122 4071 4022 51 3979 76 53 3903 171 106
internal_count=4632 4604 4576 234 4342 76 46 214 156 58 124 96 75 43 4266 48 4218 96 70 47 4122 4071 4022 51 3979 76 53 3903 171 106
is_linear=0
shrinkage=0.05


Tree=253
num_leaves=31
num_cat=0
split_feature=7 7 3 7 6 6 1 4 7 4 6 5 6 3 5 7 7 7 6 5 3 1 5 1 5 7 7 4 3 3
split_gain=1105.37 9057.56 9443.09 6697.85 6146.63 5788.65 11082.4 5750.52 11438.8 8140.68 13291.7 19366.7 9478.42 18589.9 14761.4 12246.9 10378.1 9196.17 8947.53 7211.26 23396.9 30611.8 16600.4 22453 16405.1 17670.8 15483.9 32843 20958.3 10097.5
threshold=3318.1333333333337 3321.2354166666669 751.25000000000011 3315.7000000000007 227.10000000000002 5102.4500000000016 2.5000000000000004 23.550000000000004 3326.0687499999999 11.800000000000002 500.00000000000006 2494.3500000000008 132.65000000000001 30.650000000000002 201.50000000000003 3342.1437500000006 3377.3104166666676 3364.2166666666676 218.45000000000002 50.95000000000001 19.750000000000004 3.5000000000000004 82.65000000000002 1.5000000000000002 6.6500000000000012 3337.1187500000001 3368.5437500000003 296.35000000000008 4.0500000000000007 21.250000000000004
decision_type=2 2 2 2 2 2 2 2 2 2 2 2 2 2 2 2 2 2 2 2 2 2 2 2 2 2 2 2 2 2
left_child=3 2 5 -1 -5 6 -2 8 -3 10 12 -12 13 14 15 -10 18 -17 -14 20 24 -22 23 -21 25 -9 28 -28 -27 -24
right_child=1 7 -4 4 -6 -7 -8 19 9 -11 11 -13 16 -15 -16 17 -18 -19 -20 22 21 -23 29 -25 -26 26 27 -29 -30 -31
leaf_value=0.0085069574607967591 -1.2627206265305482 1.350053291320801 0.32972762212157253 1.2635947279632092 0.17035260134273106 -1.5385892963409424 0.2909163171594793 -0.65064294536908474 0.81107038974761958 1.057972757021586 -1.6759461102485655 0.38372307731991723 1.7730971875398056 1.2617007903077386 -1.3206317543983461 -1.1707679450511932 -0.18999258692447957 0.19946966314315795 0.47150841422619361 -0.13158998065628111 -0.062553283146449506 -2.4451228705736305 -0.31803684576682234 1.7564947805097029 -0.8063152024039516 0.36587688035435151 -1.1424218895379454 1.4023272116978964 2.1954976598421734 0.046636745385575773
leaf_weight=2785 24 20 24 20 36 20 22 45 30 21 25 21 23 22 28 24 26 25 31 32 28 26 247 31 54 45 32 21 24 820
leaf_count=2785 24 20 24 20 36 20 22 45 30 21 25 21 23 22 28 24 26 25 31 32 28 26 247 31 54 45 32 21 24 820
internal_value=-1.17775e-09 -0.030763 -0.519594 0.0193933 0.560796 -0.828438 -0.519677 -0.00489889 0.195393 0.111722 0.0337956 -0.735662 0.20315 -0.0620143 -0.33418 0.0154484 0.630727 -0.471667 1.02589 -0.0470956 -0.276716 -1.20972 0.00878539 0.797468 -0.0487429 0.196221 0.508588 -0.134125 1.00227 -0.0377816
internal_weight=4632 1791 90 2841 56 66 46 1701 296 276 255 46 209 129 107 79 80 49 54 1405 275 54 1130 63 221 167 122 53 69 1067
internal_count=4632 1791 90 2841 56 66 46 1701 296 276 255 46 209 129 107 79 80 49 54 1405 275 54 1130 63 221 167 122 53 69 1067
is_linear=0
shrinkage=0.05


Tree=254
num_leaves=31
num_cat=0
split_feature=5 5 4 6 5 5 1 1 7 3 6 4 5 3 3 3 5 5 5 0 4 4 5 4 7 5 4 6 4 6
split_gain=1109.44 4144.7 2035.82 18002.8 18400.2 3979.63 9785.22 10964.2 10939.8 8945.71 6364.48 11335.5 5574.61 5342.92 5294.09 5635.89 5375.38 17836.6 8536.18 8479.59 13467.8 5305.46 10774.7 6779.33 15321 14889.8 10908.8 13135.5 10473 5298.19
threshold=10595.750000000002 10430.500000000002 10340.150000000003 10005.300000000001 9714.3500000000022 9943.4500000000025 1.5000000000000002 2.5000000000000004 3325.0520833333335 821.9000000000002 10197.250000000002 9508.9000000000015 9895.2500000000018 838.80000000000007 859.55000000000007 844.95000000000016 9481.7000000000025 9371.5500000000011 9572.2500000000018 12.500000000000002 8820.6500000000033 9991.0500000000011 9270.3500000000022 9584.8500000000022 3310.5354166666671 9104.1500000000015 9197.4500000000025 7508.7000000000007 9819.3000000000011 7349.1000000000013
decision_type=2 2 2 2 2 2 2 2 2 2 2 2 2 2 2 2 2 2 2 2 2 2 2 2 2 2 2 2 2 2
left_child=1 2 5 4 -4 12 8 13 -7 -9 11 -11 14 -8 15 16 17 21 -18 20 -20 22 23 25 28 26 29 -28 -25 -1
right_child=-2 -3 3 -5 -6 6 7 9 -10 10 -12 -13 -14 -15 -16 -17 18 -19 19 -21 -22 -23 -24 24 -26 -27 27 -29 -30 -31
leaf_value=-0.0074633218208725888 -0.31378032054219929 0.60838343362723091 0.70284917176916051 1.3908722122510275 -1.1443460008927755 -0.24275419141565049 1.2794425725936891 -0.83420311295708949 -1.6862784593410436 -1.2226512954384088 0.60735772289335732 0.2947568718343973 0.73445155162077691 0.12370465606451037 0.77369949113238945 -0.78449863972871203 1.2646851241588593 -1.3413628129959108 0.54765743352472784 0.6787436062759824 -0.85311354994773869 -0.48499795081360003 1.1627023665839806 1.8932356709525699 -0.27517582415006098 -0.99519536369725281 0.22142858884551309 -1.3760652772841917 0.34883767625559936 0.21669946835752119
leaf_weight=3510 28 28 26 24 28 35 20 43 21 20 32 32 26 20 22 23 20 25 32 45 37 56 20 21 39 38 22 31 23 285
leaf_count=3510 28 28 26 24 28 35 20 43 21 20 32 32 26 20 22 23 20 25 32 45 37 56 20 21 39 38 22 31 23 285
internal_value=1.31696e-10 0.00190831 -0.00180264 0.251453 -0.254956 -0.00619436 -0.212114 -0.0203183 -0.784076 -0.247686 0.0525553 -0.288862 0.00454718 0.701574 8.08289e-05 -0.00394558 0.000324815 -0.00993402 0.311918 0.144766 -0.203481 -0.00170517 0.00507959 -0.000753734 0.446378 -0.0103039 -0.000577834 -0.712955 1.08594 0.00937104
internal_weight=4632 4604 4576 78 54 4498 223 167 56 127 84 52 4275 40 4249 4227 4204 4070 134 114 69 4045 3989 3969 83 3886 3848 53 44 3795
internal_count=4632 4604 4576 78 54 4498 223 167 56 127 84 52 4275 40 4249 4227 4204 4070 134 114 69 4045 3989 3969 83 3886 3848 53 44 3795
is_linear=0
shrinkage=0.05


Tree=255
num_leaves=31
num_cat=0
split_feature=4 4 6 4 4 4 1 6 6 5 5 3 3 6 4 3 3 6 6 6 5 0 5 5 4 5 5 4 7 7
split_gain=1132.38 2253 2303.17 10688.9 15934.5 16462.2 13143.8 12521 9252.95 9154.04 8197.65 6618.94 17241.3 4020.89 4594.39 4673.81 3711.67 6269.53 17817 17206.9 10019.6 4923.81 3307.1 5377.52 10954.5 2639.79 11565 19464.2 18786.9 19963
threshold=10585.200000000003 10427.450000000003 10035.500000000002 9197.4500000000025 9679.1500000000015 9885.0500000000011 1.5000000000000002 10276.400000000003 10133.050000000001 10367.350000000002 10240.150000000003 858.1500000000002 844.95000000000016 9968.2000000000025 10227.300000000001 791.6500000000002 831.70000000000016 9728.9000000000015 9613.2000000000025 9497.9500000000025 9572.2500000000018 11.500000000000002 9270.3500000000022 9104.1500000000015 7328.1000000000013 8616.2000000000025 8740.3000000000011 9334.8000000000011 3292.7666666666669 3319.4916666666668
decision_type=2 2 2 2 2 2 2 2 2 2 2 2 2 2 2 2 2 2 2 2 2 2 2 2 2 2 2 2 2 2
left_child=1 2 9 8 10 -6 -7 -8 -4 11 -5 12 13 14 16 -16 17 18 19 20 22 -19 23 25 -25 -1 27 -27 -28 -30
right_child=-2 -3 3 4 5 6 7 -9 -10 -11 -12 -13 -14 -15 15 -17 -18 21 -20 -21 -22 -23 -24 24 -26 26 28 -29 29 -31
leaf_value=-0.0052870627591521712 -0.31700844551835744 0.44907179900578093 -0.37280116738243541 -0.58596240272745492 0.89779856941279235 0.48273419018449454 -1.4921775063499809 -0.057743890121065337 0.92875101764996859 0.94280142829968383 -1.8763686263561248 -0.75104566113702187 1.0964996175633537 0.62989459741115583 -0.011819897095362346 -1.0798235774040224 -0.4994923417632644 0.088472391026360661 -1.4561195827665783 1.2620617711985553 -1.0449957355209019 1.053877239227295 0.50005470315615341 -1.4211330944299698 0.12276125174981577 -0.16209772586822513 -0.68732424490764499 2.0438168811798096 1.5556179770401546 -0.079501781612634659
leaf_weight=3759 28 28 22 32 34 29 32 29 36 26 20 29 36 25 21 20 37 28 21 27 23 25 33 20 27 20 61 20 28 56
leaf_count=3759 28 28 22 32 34 29 32 29 36 26 20 29 36 25 21 20 37 28 21 27 23 25 33 20 27 20 61 20 28 56
internal_value=2.57869e-09 0.00192794 -0.000808077 -0.153609 -0.347602 -0.0395146 -0.393611 -0.810234 0.435059 0.00742672 -1.08227 0.00179193 0.0068846 -0.00234291 -0.00608307 -0.532797 -0.000922908 0.00352431 -0.00346894 0.00401895 -0.00437422 0.543852 0.00157367 -0.00254808 -0.534215 0.00378771 0.188177 0.94086 -0.0194591 0.465538
internal_weight=4632 4604 4576 234 176 124 90 61 58 4342 52 4316 4287 4251 4226 41 4185 4148 4095 4074 4047 53 4024 3991 47 3944 185 40 145 84
internal_count=4632 4604 4576 234 176 124 90 61 58 4342 52 4316 4287 4251 4226 41 4185 4148 4095 4074 4047 53 4024 3991 47 3944 185 40 145 84
is_linear=0
shrinkage=0.05


Tree=256
num_leaves=31
num_cat=0
split_feature=5 5 4 3 4 5 1 7 1 3 4 1 5 3 3 5 5 5 0 3 3 4 5 4 7 5 4 6 4 6
split_gain=1062.81 3660.56 1889.03 17738.9 9401.55 3446.21 9395.98 9860.47 9755.61 8560.96 6051.19 14807.3 4898.43 4938.27 5523.55 4968.71 16492.2 7625.33 7645.76 12611.3 4890.64 4864.74 9288.76 5771.54 14137.1 12418 9995.78 11998.7 9385.26 5143.68
threshold=10595.750000000002 10430.500000000002 10340.150000000003 797.25000000000011 10500.450000000003 9943.4500000000025 1.5000000000000002 3325.0520833333335 2.5000000000000004 821.9000000000002 9885.0500000000011 4.5000000000000009 9895.2500000000018 859.55000000000007 844.95000000000016 9481.7000000000025 9371.5500000000011 9572.2500000000018 12.500000000000002 806.90000000000009 838.80000000000007 9991.0500000000011 9270.3500000000022 9584.8500000000022 3310.5354166666671 9104.1500000000015 9197.4500000000025 7508.7000000000007 9819.3000000000011 8870.7000000000025
decision_type=2 2 2 2 2 2 2 2 2 2 2 2 2 2 2 2 2 2 2 2 2 2 2 2 2 2 2 2 2 2
left_child=1 2 5 -4 -5 12 7 -7 20 -10 11 -11 13 14 15 16 21 -17 19 -19 -8 22 23 25 28 26 -1 -28 -25 -23
right_child=-2 -3 3 4 -6 6 8 -9 9 10 -12 -13 -14 -15 -16 17 -18 18 -20 -21 -22 29 -24 24 -26 -27 27 -29 -30 -31
leaf_value=0.0090218169184963625 -0.30711607251848494 0.57182243423802515 -1.041724157333374 1.3913404666460478 0.11130493013188243 -0.24401780247688293 1.2242824196815492 -1.6144865343968076 -0.79776680968528568 -0.34877922093046121 -0.47126283184625212 1.3500379334325376 0.68835210376060929 0.74712815122170895 -0.77666490596273674 1.20037409812212 -1.2898352196961642 -0.98267271395387334 0.64893459757169092 0.38677263632416725 0.11854256957769393 0.13128135231408208 1.0796805441379547 1.7905656564803352 -0.2811271091302236 -0.90882064700126652 0.21062152602455836 -1.3161818904261438 0.3285702580990999 -0.8499020232873804
leaf_weight=3795 28 28 20 26 32 35 20 21 43 29 32 23 26 22 23 20 25 29 45 40 20 22 20 21 39 38 22 31 23 34
leaf_count=3795 28 28 20 26 32 35 20 21 43 29 32 23 26 22 23 20 25 29 45 40 20 22 20 21 39 38 22 31 23 34
internal_value=1.54897e-09 0.00186778 -0.00161971 0.242335 0.685114 -0.00585013 -0.197473 -0.757944 -0.00953059 -0.224001 0.0697127 0.402621 0.00414563 -4.10928e-05 -0.00392984 0.000297781 -0.00956537 0.299873 0.14189 -0.188791 0.671412 -0.0016527 0.00484414 -0.000572012 0.411988 -0.00938378 -0.000501603 -0.682414 1.02634 -0.464437
internal_weight=4632 4604 4576 78 58 4498 223 56 167 127 84 52 4275 4249 4227 4204 4070 134 114 69 40 4045 3989 3969 83 3886 3848 53 44 56
internal_count=4632 4604 4576 78 58 4498 223 56 167 127 84 52 4275 4249 4227 4204 4070 134 114 69 40 4045 3989 3969 83 3886 3848 53 44 56
is_linear=0
shrinkage=0.05


Tree=257
num_leaves=31
num_cat=0
split_feature=7 7 1 1 0 5 3 7 1 6 0 4 6 1 1 7 6 4 1 0 5 4 7 3 1 7 5 3 7 4
split_gain=1046.31 2191.12 11584.2 16872.6 1570.72 13265.5 8486.98 9286.2 4004.89 9081.12 3995.42 10875.7 18212.3 25143.6 24184.1 12074.2 14218.4 10200.8 8217.65 7694.15 13309.8 7220.22 6827.71 5008.27 3984.48 3819.12 12996.4 17554.3 8633.71 12637.5
threshold=3174.9083333333333 3201.3583333333331 4.5000000000000009 2.5000000000000004 1.0000000180025095e-35 21.350000000000005 8.1500000000000004 3287.1750000000006 1.5000000000000002 54.750000000000007 2.5000000000000004 176.15000000000003 59.350000000000001 5.5000000000000009 5.5000000000000009 3319.4916666666668 173.65000000000003 226.20000000000002 2.5000000000000004 1.5000000000000002 25.750000000000004 34.95000000000001 3284.5020833333342 0.65000000000000002 2.5000000000000004 3215.3812499999999 229.25000000000003 425.75000000000006 3220.9750000000008 160.65000000000001
decision_type=2 2 2 2 2 2 2 2 2 2 2 2 2 2 2 2 2 2 2 2 2 2 2 2 2 2 2 2 2 2
left_child=-1 2 3 -2 5 8 7 -7 -3 -10 11 12 14 15 19 22 -17 -13 -19 20 -6 -21 24 -20 -14 26 -12 -28 29 -27
right_child=1 4 -4 -5 10 6 -8 -9 9 -11 25 17 13 -15 -16 16 -18 18 23 21 -22 -23 -24 -25 -26 28 27 -29 -30 -31
leaf_value=-0.26128793994062827 0.55626548384175156 0.10704090048869451 1.2054673460514651 -1.2841990077495575 -0.70093560481071471 -0.55929424302144493 -0.88364592537735442 0.55026652460748504 0.29015671523480585 1.6049972051133712 -1.3710516897114842 1.2132778022600259 -0.88576394156976179 -2.3218634823248503 1.6893826889991761 -0.62397330273752638 1.1988753193616868 -0.80196320468729199 -0.21470196247100831 -0.11747766697045528 0.78453661583756151 -1.243980441093445 -1.3800824869424106 0.78573293768126395 0.077109537238166451 1.5275513027025307 1.1758375427939676 -0.59053664941054129 0.0038784927569188868 0.063236098791041029
leaf_weight=38 33 24 23 20 25 33 33 44 29 24 22 23 22 21 20 23 20 22 22 33 38 25 32 29 21 23 22 39 3808 41
leaf_count=38 33 24 23 20 25 33 33 44 29 24 22 23 22 21 20 23 20 22 22 33 38 25 32 29 21 23 22 39 3808 41
internal_value=4.31561e-10 0.00216129 0.268402 -0.138249 -0.00231731 0.139562 -0.212775 0.0747405 0.642902 0.885556 -0.00844326 -0.164196 -0.321653 -0.727793 0.0787261 -0.444102 0.223863 0.295052 0.00574824 -0.187498 0.195064 -0.603039 -0.827069 0.354173 -0.415523 0.0063641 -0.329225 0.0465163 0.0135578 0.589474
internal_weight=4632 4594 76 53 4518 187 110 77 77 53 4331 376 280 139 141 118 43 96 73 121 63 58 75 51 43 3955 83 61 3872 64
internal_count=4632 4594 76 53 4518 187 110 77 77 53 4331 376 280 139 141 118 43 96 73 121 63 58 75 51 43 3955 83 61 3872 64
is_linear=0
shrinkage=0.05


Tree=258
num_leaves=31
num_cat=0
split_feature=7 7 1 0 6 6 7 1 6 3 7 7 6 4 7 3 4 7 4 7 5 4 4 7 1 3 6 7 0 4
split_gain=1013.34 1741.62 9236.4 7152.54 12835.3 17101.7 6536.69 6372.59 10061.1 11468.5 3859.03 9427.7 8804.55 9446.41 6480.91 13213.9 15976.9 9158.01 8789.09 2886.51 10169.9 13638.5 7075.63 3537.38 22089.2 10018.8 8205.24 4615.95 26848.4 17110.8
threshold=3437.7812500000005 3388.8562500000003 5.5000000000000009 12.500000000000002 149.25000000000003 4989.5500000000002 3403.1062500000003 4.5000000000000009 162.10000000000002 476.35000000000008 3382.8354166666672 3380.1479166666672 120.35000000000001 2605.4000000000005 3374.1062500000007 409.95000000000005 157.20000000000002 3369.8625000000006 226.20000000000002 3363.041666666667 219.20000000000002 125.15000000000002 4613.2000000000016 3356.5895833333338 4.5000000000000009 254.35000000000002 173.65000000000003 3353.4479166666674 8.5000000000000018 7474.7000000000016
decision_type=2 2 2 2 2 2 2 2 2 2 2 2 2 2 2 2 2 2 2 2 2 2 2 2 2 2 2 2 2 2
left_child=1 10 3 4 -3 -6 -4 8 -5 -10 11 14 -12 -14 17 16 -16 19 -19 23 21 -21 -22 27 25 26 -25 -1 -29 -30
right_child=-2 2 6 7 5 -7 -8 -9 9 -11 12 -13 13 -15 15 -17 -18 18 -20 20 22 -23 -24 24 -26 -27 -28 28 29 -31
leaf_value=0.0011203199727577401 0.27608255030530876 -0.45712012758961429 -0.077938334508375687 0.40938818097114571 1.7617561924916048 -0.18301014661788942 -1.2208794437605759 0.50732268810272219 -1.7838117367543636 -0.15024536522951992 1.0815462888942826 -0.80710952993896279 -0.87048567622900019 0.58740389537811277 0.91350778515140219 1.4046830265522003 -0.89257874250411984 -0.0093662440362903814 -1.114222299390369 -1.2383897040571485 1.4589994406700135 0.47480154622059606 0.31187529385816765 -0.7479358201846481 0.80688913132463191 -1.3049657670227257 0.50643566304987131 -0.67427974962629378 2.3029305529594422 0.23466812729835512
leaf_weight=3832 33 27 22 20 26 20 29 20 21 22 27 36 20 25 24 25 25 36 36 21 20 26 41 32 35 37 22 32 20 20
leaf_count=3832 33 27 22 20 26 20 29 20 21 22 27 36 20 25 24 25 25 36 36 21 20 26 41 32 35 37 22 32 20 20
internal_value=1.29235e-09 -0.00198102 -0.143711 0.0472563 0.408263 0.916206 -0.727846 -0.270256 -0.517106 -0.948034 0.00469887 -0.00135178 0.367738 -0.060547 0.00541929 0.469281 -0.00796493 -0.0027341 -0.561794 0.00699339 0.262088 -0.290667 0.687982 0.0001571 -0.260595 -0.671166 -0.236896 0.00857277 0.405209 1.2688
internal_weight=4632 4599 207 156 73 46 51 83 63 43 4392 4320 72 45 4284 74 49 4210 72 4138 108 47 61 4030 126 91 54 3904 72 40
internal_count=4632 4599 207 156 73 46 51 83 63 43 4392 4320 72 45 4284 74 49 4210 72 4138 108 47 61 4030 126 91 54 3904 72 40
is_linear=0
shrinkage=0.05


Tree=259
num_leaves=31
num_cat=0
split_feature=7 6 5 7 6 1 3 5 5 4 7 3 4 7 7 7 7 6 5 3 5 0 6 5 5 6 4 7 3 7
split_gain=1022.85 4831.58 11626.2 3373.28 3443.3 2575.24 1203.27 2922.85 3465.47 17887.3 6062.79 2348.46 9640.44 17793.8 11768.6 17234.6 36677.7 17210.9 15566.4 8303.34 17956.8 16134 7238.22 11873.3 11372.2 6780.96 4515.11 3695.52 9858.03 8684.4
threshold=3412.8145833333342 105.15000000000002 276.4500000000001 3399.479166666667 317.40000000000003 3.5000000000000004 879.05000000000007 10505.100000000002 10240.150000000003 10064.200000000003 3271.014583333334 804.20000000000016 8627.9500000000025 3230.5604166666672 3292.7666666666669 3337.1187500000001 3352.6583333333342 9989.3500000000022 9532.1000000000022 847.35000000000002 10000.700000000003 12.500000000000002 10058.200000000003 9714.3500000000022 9481.7000000000025 9849.1000000000022 9819.3000000000011 3382.8354166666672 0.65000000000000002 3380.1479166666672
decision_type=2 2 2 2 2 2 2 2 2 2 2 2 2 2 2 2 2 2 2 2 2 2 2 2 2 2 2 2 2 2
left_child=3 -2 -3 6 -5 -4 7 8 11 10 -10 22 -13 -14 17 18 -17 26 -16 20 21 -20 23 24 27 -18 -15 29 -29 -1
right_child=1 2 5 4 -6 -7 -8 -9 9 -11 -12 12 13 14 15 16 25 -19 19 -21 -22 -23 -24 -25 -26 -27 -28 28 -30 -31
leaf_value=0.00273462767877416 -0.42913791313767435 1.3966294189542534 0.33224296569824219 0.047706251541773478 -0.6688652091904691 -0.46052528562999911 0.32884078468861327 -0.4309143475997142 0.59166493475437165 1.5831166562579928 -0.47907755023393883 0.72214970340331397 -1.5234692603349687 0.58489068126678467 -1.9864537897706034 1.8232334623336794 0.17444831615402587 -0.39903911163932398 -0.47951554847615108 -1.1779209047038524 -1.2822881888259543 1.5047888332605364 0.80938903902258197 -0.84382099305711145 1.1200194369191709 -0.99701940695444746 1.5793873151143394 -0.58687885057713307 0.45929802884226262 -0.7999890356817666
leaf_weight=3739 24 20 20 30 38 21 28 39 20 21 39 30 24 25 20 25 21 38 21 27 22 20 28 41 23 30 21 28 115 34
leaf_count=3739 24 20 20 30 38 21 28 39 20 21 39 30 24 25 20 25 21 38 21 27 22 20 28 41 23 30 21 28 115 34
internal_value=-9.8573e-10 0.171848 0.408302 -0.00321247 -0.352731 -0.0738091 0.0020939 3.84267e-05 0.00384785 0.329934 -0.116114 -0.00217406 -0.131656 -0.218779 -0.102806 -0.324643 0.25439 0.388404 -0.724703 -0.444314 -0.129911 0.488438 0.00829304 0.00265719 0.011468 -0.51465 1.0389 0.00495705 0.254452 -0.00449903
internal_weight=4632 85 61 4547 68 41 4479 4451 4412 80 59 4332 324 294 270 186 76 84 110 90 63 41 4008 3980 3939 51 46 3916 143 3773
internal_count=4632 85 61 4547 68 41 4479 4451 4412 80 59 4332 324 294 270 186 76 84 110 90 63 41 4008 3980 3939 51 46 3916 143 3773
is_linear=0
shrinkage=0.05


Tree=260
num_leaves=31
num_cat=0
split_feature=7 7 7 4 1 4 7 0 7 5 6 4 7 1 3 5 0 3 7 7 3 3 5 5 5 7 4 5 3 6
split_gain=1043.94 6081.56 7173.06 14496.8 16352.1 10667.3 5335.63 11781.8 11542.3 18202.6 23577.7 17113.2 12918 16278.6 13270.5 16864.6 12642.3 12126.6 9982.85 17870.9 9475.27 27799.9 6557.08 9330.54 16046.4 15613.9 17449.4 7140.98 22550.9 28934.7
threshold=3282.3166666666671 3286.6458333333335 3284.5020833333342 140.10000000000002 2.5000000000000004 217.20000000000002 3271.6479166666672 21.500000000000004 3273.8854166666674 37.050000000000004 9650.2000000000025 57.550000000000004 3278.8875000000003 3.5000000000000004 590.85000000000014 2207.1500000000001 17.500000000000004 17.950000000000003 3267.8666666666668 3266.5791666666669 419.75000000000006 3.4500000000000006 10240.150000000003 9776.6000000000022 9572.2500000000018 3222.2583333333337 9790.6500000000015 8740.3000000000011 707.55000000000007 7508.7000000000007
decision_type=2 2 2 2 2 2 2 2 2 2 2 2 2 2 2 2 2 2 2 2 2 2 2 2 2 2 2 2 2 2
left_child=6 2 3 -2 -5 -4 18 8 20 16 11 17 14 -14 15 -13 -10 -11 19 22 21 -8 23 24 27 -25 -27 28 29 -1
right_child=1 -3 5 4 -6 -7 7 -9 9 10 -12 12 13 -15 -16 -17 -18 -19 -20 -21 -22 -23 -24 25 -26 26 -28 -29 -30 -31
leaf_value=0.039093949698027902 0.84763427069692909 0.00059125256047270168 0.025970160238670582 0.38089259330715453 -1.3279145470687324 1.2474146830729951 -0.038348588943481449 0.82391294607749355 -0.30495476766868879 0.12069509737467504 -1.3940949506759646 0.53140228294557146 0.75045137703418741 -0.90037217438220984 -0.12880640654336839 2.2242723858782223 -1.9406896659306119 -1.3472449044386545 0.47587819518866364 -1.1078541287296528 -0.11563002729415894 -2.6746297094225886 0.71430931836366662 -1.7560761725902561 1.3923982938130699 0.92453934496099299 -1.0668877491896802 -0.45434398092789419 1.581287938874701 -1.838446249280657
leaf_weight=898 33 2824 33 28 28 39 20 26 27 34 25 31 32 28 21 28 21 24 108 37 25 20 32 20 21 22 22 81 23 21
leaf_count=898 33 2824 33 28 28 39 20 26 27 34 25 31 32 28 21 28 21 24 108 37 25 20 32 20 21 22 22 81 23 21
internal_value=-5.52118e-11 0.0176319 0.316531 0.0163519 -0.473511 0.687586 -0.0319558 -0.201512 -0.28086 -0.137338 0.0527783 0.235464 0.534658 -0.0199329 0.950602 1.3348 -1.02059 -0.486728 0.0158102 -0.0264051 -0.879236 -1.35649 0.00869459 -0.0116842 0.0242405 -0.597706 -0.0711742 -0.00384481 0.0348924 -0.00380958
internal_weight=4632 2985 161 89 56 72 1647 362 336 271 223 198 140 60 80 59 48 58 1285 1177 65 40 1140 1108 1044 64 44 1023 942 919
internal_count=4632 2985 161 89 56 72 1647 362 336 271 223 198 140 60 80 59 48 58 1285 1177 65 40 1140 1108 1044 64 44 1023 942 919
is_linear=0
shrinkage=0.05


Tree=261
num_leaves=31
num_cat=0
split_feature=7 7 5 6 7 0 3 6 1 3 6 3 6 4 6 7 4 5 3 5 4 5 5 4 7 1 3 7 7 3
split_gain=971.037 7071.49 7147.49 16056.6 6736.81 8850.48 11568.2 13103.2 24926.2 17485.4 11156 20829.7 19718.1 19007.5 26618.3 18036.9 29022.1 16110.9 15490.3 11856.7 10022.9 34582.5 21491.6 16492.2 11211.6 11094.9 10815.4 9194.84 28178.5 13222.9
threshold=3279.5354166666671 3277.3020833333339 5388.6500000000005 101.55000000000001 3276.6041666666665 12.500000000000002 806.90000000000009 8840.5000000000018 2.5000000000000004 617.6500000000002 357.30000000000001 8.5500000000000025 117.25000000000001 164.10000000000005 36.100000000000009 3266.5791666666669 172.45000000000002 229.25000000000003 5.4500000000000011 19.850000000000005 5409.4000000000005 2594.6000000000004 2268.1000000000004 6854.0000000000009 3254.7250000000004 3.5000000000000004 442.40000000000003 3269.7541666666671 3267.8666666666668 2.0500000000000003
decision_type=2 2 2 2 2 2 2 2 2 2 2 2 2 2 2 2 2 2 2 2 2 2 2 2 2 2 2 2 2 2
left_child=1 4 3 -3 5 27 7 9 -9 10 12 -12 13 14 17 16 18 -7 -14 -16 21 22 -13 -22 25 -25 -26 28 -1 -29
right_child=-2 2 -4 -5 -6 6 -8 8 -10 -11 11 20 15 -15 19 -17 -18 -19 -20 -21 23 -23 -24 24 26 -27 -28 29 -30 -31
leaf_value=0.090342104321614325 0.016282284693817897 -1.3185123986005785 -1.31938604593277 0.48744937060400845 0.66692714558707344 -0.57962193966857967 -1.0436607694625855 -0.42526614101460347 1.7859270272254943 -1.1474884518357211 1.6071266424396766 -0.75931090116500854 -0.36397094076330011 -0.60024122386067003 2.1033940460370935 -1.8340375731068275 0.86204737126184949 1.0492360571026802 -2.0139832367897035 0.583227932042089 1.5512538796379454 -2.0994847904552114 1.5308824145793916 -0.10684223969777425 -1.4291499543190005 1.3714536466381766 0.093214060153279987 0.44705609522367784 1.6587337541580203 -0.68801123484780513
leaf_weight=631 3076 20 20 32 36 63 35 26 25 43 23 21 33 81 23 31 29 20 25 29 21 22 20 30 20 22 28 38 30 79
leaf_count=631 3076 20 20 32 36 63 35 26 25 43 23 21 33 81 23 31 29 20 25 29 21 22 20 30 20 22 28 38 30 79
internal_value=2.56727e-09 -0.0321879 -0.516105 -0.207151 -0.00870937 -0.025507 -0.158712 -0.109936 0.658652 -0.177055 -0.099923 0.18849 -0.27867 0.00528089 0.368594 -0.798444 -0.42944 -0.187126 -1.07518 1.25561 0.0111603 -0.500263 0.357857 0.277438 0.00993708 0.518591 -0.541104 0.0892071 0.161525 -0.319357
internal_weight=4632 1556 72 52 1484 1448 670 635 51 584 541 207 334 216 135 118 87 83 58 52 184 63 41 121 100 52 48 778 661 117
internal_count=4632 1556 72 52 1484 1448 670 635 51 584 541 207 334 216 135 118 87 83 58 52 184 63 41 121 100 52 48 778 661 117
is_linear=0
shrinkage=0.05


Tree=262
num_leaves=31
num_cat=0
split_feature=0 4 4 3 3 4 4 4 5 3 3 7 3 3 3 4 3 3 7 1 4 4 4 5 6 4 4 4 4 6
split_gain=1032.18 5882.97 9704.88 17249.3 31226.9 15019.8 14950.6 24799.3 14728.6 13250.2 27806.1 25436.2 12627.2 9536.13 14223.1 25467.8 21693.3 17646.1 9833.02 8102.6 14866.8 10804.7 7423.86 7245.7 6063.46 7225.84 10698.7 9355.93 5248.09 6224.99
threshold=4.5000000000000009 544.15000000000009 172.45000000000002 10.550000000000002 6.1500000000000012 130.75000000000003 273.15000000000003 217.20000000000002 6.6500000000000012 22.350000000000005 39.750000000000007 3324.6937500000008 28.650000000000002 4.7500000000000009 10.250000000000002 4.4500000000000011 15.550000000000002 17.950000000000003 3219.7625000000003 2.5000000000000004 82.800000000000026 32.900000000000006 188.35000000000005 103.30000000000003 258.30000000000001 217.20000000000002 278.05000000000001 364.85000000000008 34.95000000000001 141.50000000000003
decision_type=2 2 2 2 2 2 2 2 2 2 2 2 2 2 2 2 2 2 2 2 2 2 2 2 2 2 2 2 2 2
left_child=1 2 5 4 22 9 7 -5 -7 13 11 12 -11 18 15 -15 -16 -18 -1 20 28 -21 -4 -23 25 -24 -27 -28 29 -20
right_child=-2 -3 3 6 -6 8 -8 -9 -10 10 -12 -13 -14 14 16 -17 17 -19 19 21 -22 23 24 -25 -26 26 27 -29 -30 -31
leaf_value=-1.0633767594893775 0.012107954647382893 -0.70208856842734602 1.1036233804374935 1.4080385045571762 -1.8936759471893312 0.25302314937114717 1.626692102806909 -0.99412586518696378 -1.3955466750122252 0.45865271118554207 0.7039534483225115 -2.4185847620169323 -1.1298857462817224 0.026451678766358285 -0.90095066382334787 2.1269253738500455 1.702001278815062 -0.052703037073737705 0.55117025707588829 0.049344764594162739 1.4491714973341336 -1.1670253433832307 -0.52925590121227761 -0.024924782911936443 -0.53035024320706725 1.389145502836808 -0.56945291448522495 0.68556587298711147 -0.4416227135902796 -0.28534890140805924
leaf_weight=24 3667 33 20 22 20 20 35 21 42 22 31 24 29 31 39 27 23 38 61 107 22 41 23 21 32 23 27 33 39 35
leaf_count=24 3667 33 20 22 20 20 35 21 42 22 31 24 29 31 39 27 23 38 61 107 22 41 23 21 32 23 27 33 39 35
internal_value=-1.27176e-09 -0.0460102 -0.02278 0.239407 -0.0322829 -0.12207 0.859416 0.234888 -0.86375 -0.0471768 -0.555659 -1.0763 -0.444634 0.0589238 0.38135 1.00426 0.0200624 0.608907 -0.0866284 -0.0147206 0.243902 -0.25498 0.203336 -0.780185 0.0728601 0.254961 0.472275 0.120807 0.0474881 0.246189
internal_weight=4632 965 932 256 178 676 78 43 62 614 106 75 51 508 158 58 100 61 350 326 157 169 158 62 138 106 83 60 135 96
internal_count=4632 965 932 256 178 676 78 43 62 614 106 75 51 508 158 58 100 61 350 326 157 169 158 62 138 106 83 60 135 96
is_linear=0
shrinkage=0.05


Tree=263
num_leaves=31
num_cat=0
split_feature=0 7 3 7 4 3 6 3 3 3 1 4 5 4 6 6 5 5 4 5 3 4 5 3 5 7 4 0 7 7
split_gain=935.692 12544.2 19888.6 16130.6 31730.8 25496.3 20216.8 14356.7 10868.9 18974.7 17547.6 15290.7 10868.7 7407.67 3543.66 17167.3 10183.7 15155.6 10683.7 10641.6 9777.23 18942 18241.2 23117.6 9756.37 20818.6 14678 13399.2 12717.2 12168.1
threshold=21.500000000000004 3242.9333333333338 1.0500000000000003 3287.1750000000006 116.05000000000001 1.7500000000000002 28.500000000000004 32.250000000000007 1.0000000180025095e-35 5.7500000000000009 3.5000000000000004 87.100000000000009 55.250000000000007 265.45000000000005 6.8000000000000016 12.550000000000002 190.30000000000004 219.20000000000002 1.0000000180025095e-35 103.30000000000003 15.950000000000001 121.90000000000002 383.45000000000005 4.7500000000000009 6.6500000000000012 3348.9458333333337 90.550000000000011 19.500000000000004 3343.889583333334 3285.5000000000005
decision_type=2 2 2 2 2 2 2 2 2 2 2 2 2 2 2 2 2 2 2 2 2 2 2 2 2 2 2 2 2 2
left_child=14 2 -2 4 6 -6 -3 8 11 -10 -11 12 -5 -13 16 -16 18 -18 19 -1 22 -22 23 -19 25 26 -20 28 29 -26
right_child=1 3 -4 7 5 -7 -8 -9 9 10 -12 13 -14 -15 15 -17 17 20 24 -21 21 -23 -24 -25 27 -27 -28 -29 -30 -31
leaf_value=0.1265741405742509 -0.034964197874069215 -1.4651539540290832 -2.03316097766161 -0.40037742555141453 0.36121469497680669 2.855671196892148 0.49880938404484798 -1.2084491777420046 1.4594381783689772 0.63146367994221775 -1.1247057713270188 -1.4919801330566407 0.91309052152293069 -0.31344811320304872 -1.2931280725277388 -0.0036353999965255527 1.6036278923352558 0.086268029093742371 0.58820251538639978 1.1604574138298631 -0.061533311381936073 2.0219444875558841 0.82964445778301776 -1.9250957402586939 -0.88366247883864824 1.3323470101753871 -0.59412718585559299 0.37490692934345293 -1.3919958864387714 0.12193299100949213
leaf_weight=112 33 20 20 36 20 21 38 30 28 33 25 30 28 24 26 3549 24 50 42 32 24 20 42 20 56 30 70 46 38 65
leaf_count=112 33 20 20 36 20 21 38 30 28 33 25 30 28 24 26 3549 24 50 42 32 24 20 42 20 56 30 70 46 38 65
internal_value=-1.82496e-09 -0.074533 -0.789001 0.0391811 0.574193 1.63886 -0.178419 -0.18717 -0.0369818 0.390522 -0.125506 -0.348553 0.174265 -0.968188 0.00677572 -0.0130135 0.11221 0.433921 -0.00572836 0.356326 0.253966 0.885502 0.00586209 -0.488407 -0.155976 0.162578 -0.150754 -0.376632 -0.594058 -0.343467
internal_weight=4632 386 53 333 99 41 58 234 204 86 58 118 64 54 4246 3575 671 180 491 144 156 44 112 70 347 142 112 205 159 121
internal_count=4632 386 53 333 99 41 58 234 204 86 58 118 64 54 4246 3575 671 180 491 144 156 44 112 70 347 142 112 205 159 121
is_linear=0
shrinkage=0.05


Tree=264
num_leaves=31
num_cat=0
split_feature=0 7 4 7 3 3 7 1 3 4 4 7 3 4 3 6 3 3 3 7 7 6 1 4 5 7 4 0 7 6
split_gain=957.44 5738.17 17641.7 19046.4 39682.5 15617.4 26194.8 17620.2 14845.2 16956.1 19237.2 13832.3 13115.7 12761.8 12781.8 10629 9108.33 18069.5 17740.1 14701.4 14369.1 9007.64 19375.9 16177.2 8528.87 11783.5 8066.37 8732.75 6767.36 6451.92
threshold=4.5000000000000009 3335.5000000000005 544.15000000000009 3326.0687499999999 8.5500000000000025 1.0000000180025095e-35 3343.889583333334 4.5000000000000009 16.900000000000002 226.20000000000002 21.350000000000005 3321.8104166666667 25.050000000000004 445.80000000000007 28.650000000000002 76.90000000000002 15.550000000000002 10.250000000000002 17.950000000000003 3282.3166666666671 3261.4479166666674 59.350000000000001 1.0000000180025095e-35 106.65000000000002 146.80000000000004 3273.2229166666671 164.10000000000005 2.5000000000000004 3358.1250000000005 362.15000000000003
decision_type=2 2 2 2 2 2 2 2 2 2 2 2 2 2 2 2 2 2 2 2 2 2 2 2 2 2 2 2 2 2
left_child=1 2 3 11 -5 7 -7 28 9 10 -8 13 -10 14 16 -16 17 21 -18 -19 -20 22 -1 24 25 -24 29 -28 -3 -23
right_child=-2 5 -4 4 -6 6 8 -9 12 -11 -12 -13 -14 -15 15 -17 18 19 20 -21 -22 26 23 -25 -26 -27 27 -29 -30 -31
leaf_value=1.6702892019635156 0.011661370378717799 -0.45860721122574166 -1.5839453768730163 0.11420353055000305 -2.7424563008546832 2.1161677247002011 -0.045593131333589554 -1.412329348811397 -1.4109469437599182 -0.44766970717388654 1.9196055025765391 0.96463852678026485 0.15084601615260287 1.0706888486941657 -1.5672160221980169 -0.15081708122182777 1.7121851001467026 -0.17168015003204348 -1.0229157540769804 -2.0888009446859361 0.65015971118753613 -0.56321521369310534 0.73072542746861779 -0.62262299447728875 1.0473219597505199 -0.5672465149094077 1.0380491526230522 -0.35535308447751135 0.4372320256062916 0.18512705338967814
leaf_weight=21 3667 37 20 31 20 21 20 27 20 23 33 35 41 24 26 27 21 20 21 20 33 130 36 57 36 34 23 22 49 37
leaf_count=21 3667 37 20 31 20 21 20 27 20 23 33 35 41 24 26 27 21 20 21 20 33 130 36 57 36 34 23 22 49 37
internal_value=-5.38411e-10 -0.0443132 -0.120503 -0.0770776 -1.00606 0.150801 0.471797 -0.298026 0.219741 0.686036 1.17802 -0.00102973 -0.361217 -0.05851 -0.106561 -0.845654 -0.0299036 -0.117456 0.479066 -1.13024 -0.000480748 -0.0151541 0.240815 0.0566492 0.421918 0.100282 -0.237316 0.35683 0.0518128 -0.397415
internal_weight=4632 965 694 674 51 271 158 113 137 76 53 623 61 588 564 53 511 436 75 40 54 396 184 163 106 70 212 45 86 167
internal_count=4632 965 694 674 51 271 158 113 137 76 53 623 61 588 564 53 511 436 75 40 54 396 184 163 106 70 212 45 86 167
is_linear=0
shrinkage=0.05


Tree=265
num_leaves=31
num_cat=0
split_feature=7 6 6 7 1 3 3 3 6 7 4 5 5 5 4 5 6 6 7 5 5 6 4 7 3 4 7 3 6 6
split_gain=984.733 4347.13 12816.9 3141.43 8139.18 5039.54 13660.7 1204.11 10193.1 15998.9 11564.1 9905.38 21638.2 21384.5 17768.7 13120.6 12994 11397.6 21276.2 9374.42 30573 18523.6 12047 26420.3 24169.8 17801.9 9599.79 8446.75 21489.8 21286
threshold=3412.8145833333342 123.7 3058.6500000000001 3394.5541666666672 5.5000000000000009 11.65 240.75000000000003 231.60000000000002 2932.7000000000003 3299.6583333333333 5471.8500000000013 2738.6000000000008 2964.3000000000006 2623.2000000000003 220.80000000000004 2532.0500000000006 2668.2000000000003 984.85000000000002 3281.8729166666676 2594.6000000000004 2426.9500000000003 2466.2500000000005 2632.9500000000003 3285.0916666666672 405.9500000000001 2747.8000000000006 3266.5791666666669 392.90000000000003 4763.7000000000007 4849.2500000000009
decision_type=2 2 2 2 2 2 2 2 2 2 2 2 2 2 2 2 2 2 2 2 2 2 2 2 2 2 2 2 2 2
left_child=3 -2 -3 7 5 -5 -7 8 10 -10 11 13 14 15 -13 16 17 -1 -19 20 -9 -21 23 26 -25 -24 -23 -27 -29 -30
right_child=1 2 -4 4 -6 6 -8 19 9 -11 -12 12 -14 -15 -16 -17 -18 18 -20 21 -22 22 25 24 -26 27 -28 28 29 -31
leaf_value=0.003725075538348983 -0.32827058033696538 1.2384666041685986 -0.27826505978902183 -0.57546898680073877 -1.105273820006329 1.2374675489607312 -0.42525833149751024 -0.3037953701886264 -1.6106840287446975 0.26135472194069909 1.192447645664215 -0.1312470941245556 0.51125176123210359 1.5543290636756204 -2.113575548850573 -1.2559139070056735 1.2089031577110292 0.48800022721290592 -1.631828365654781 -1.4986028850078583 2.0709236096428789 0.26854668418566385 -1.384773824525916 2.3058602019080094 0.34716794821951125 -0.70093765377998363 -1.1065416314385155 1.4075469613075258 -1.6107631826400757 0.031335069259842564
leaf_weight=2399 29 26 30 28 23 21 30 33 25 21 20 20 28 22 26 21 22 20 29 20 23 30 23 28 36 40 22 28 20 1489
leaf_count=2399 29 26 30 28 23 21 30 33 25 21 20 20 28 22 26 21 22 20 29 20 23 30 23 28 36 40 22 28 20 1489
internal_value=-1.83934e-09 0.168616 0.425932 -0.00315204 -0.277504 -0.0365071 0.259394 0.00314354 -0.0182443 -0.756058 -0.00522576 -0.0144849 -0.584633 0.00230416 -1.25169 -0.011403 -0.000822143 -0.0116939 -0.766592 0.0348076 0.671536 0.014268 0.0319005 0.523919 1.2041 -0.00377083 -0.313221 0.0163706 0.0350384 0.00957101
internal_weight=4632 85 56 4547 102 79 51 4445 2653 46 2607 2587 74 2513 46 2491 2470 2448 49 1792 56 1736 1716 116 64 1600 52 1577 1537 1509
internal_count=4632 85 56 4547 102 79 51 4445 2653 46 2607 2587 74 2513 46 2491 2470 2448 49 1792 56 1736 1716 116 64 1600 52 1577 1537 1509
is_linear=0
shrinkage=0.05


Tree=266
num_leaves=31
num_cat=0
split_feature=7 7 3 7 0 7 0 7 7 3 4 6 3 6 6 1 6 6 3 7 6 4 7 5 6 3 7 5 7 5
split_gain=936.449 8333.29 8730.61 6276.95 18153.6 17197.7 11938.9 11667.9 11933.7 13783.2 11352.4 8442.07 8360.52 23074.2 21296.9 14897.9 9844.02 15080.2 14555 14422.8 17564 7831.67 7259.34 29869.9 14904.3 8430.1 35122 41515.7 13606.8 12632.6
threshold=3318.1333333333337 3321.2354166666669 751.25000000000011 3299.6583333333333 9.5000000000000018 3301.6020833333337 1.5000000000000002 3300.9604166666672 3307.056250000001 16.450000000000003 6.6500000000000012 324.45000000000005 2.2500000000000004 233.35000000000002 2505.7000000000003 2.5000000000000004 9280.2000000000025 9728.9000000000015 437.00000000000006 3307.056250000001 8450.2000000000025 9704.5000000000018 3295.5645833333338 5239.6500000000005 6.8000000000000016 1.0500000000000003 3289.2416666666672 94.750000000000014 3294.0833333333335 62.050000000000004
decision_type=2 2 2 2 2 2 2 2 2 2 2 2 2 2 2 2 2 2 2 2 2 2 2 2 2 2 2 2 2 2
left_child=3 2 -2 22 6 -6 -5 -8 9 -9 -10 -12 15 -14 -15 -7 18 -18 -16 -20 -21 -19 25 24 -24 26 -1 -28 29 -27
right_child=1 -3 -4 4 5 12 7 8 10 -11 11 -13 13 14 16 -17 17 21 19 20 -22 -23 23 -25 -26 28 27 -29 -30 -31
leaf_value=0.0410700121609908 -0.79415917414607429 -0.0035064893973436096 0.31945808976888657 0.59418523430824288 1.4620610433466297 -1.0966448681695122 -1.4684925385883876 -0.4329725414514542 0.44976641365459991 1.0233919867060401 -1.6144678192138671 -0.48137580007314684 1.624389055020669 -1.3319979572296143 -0.17320389125277014 0.39229664014918464 -1.1930986461185273 -0.19428277207272393 0.025796935869299847 2.5646719165470291 0.72815599064032233 1.0108320764624155 0.14980074604352317 0.84002506356490292 -1.1663674059667086 0.30407434000917105 0.13014266414027062 2.8686835732460025 -0.99447073873720682 -0.099538263191908269
leaf_weight=576 66 1701 24 40 34 28 21 32 21 33 25 48 34 20 34 42 21 28 23 23 30 26 30 38 76 230 31 25 38 1234
leaf_count=576 66 1701 24 40 34 28 21 32 21 33 25 48 34 20 34 42 21 28 23 23 30 26 30 38 76 230 31 25 38 1234
internal_value=-4.0683e-10 -0.0283149 -0.497195 0.0178501 0.167347 0.394732 -0.187167 -0.360801 -0.214502 0.306413 -0.574709 -0.869421 0.277291 0.418044 0.217967 -0.20328 0.385531 -0.0561781 0.686696 1.07139 1.52513 0.385958 -0.0190975 -0.362701 -0.793867 0.00408849 0.157291 1.35271 -0.0603748 -0.0361292
internal_weight=4632 1791 90 2841 563 343 220 180 159 65 94 73 309 239 205 70 185 75 110 76 53 54 2278 144 106 2134 632 56 1502 1464
internal_count=4632 1791 90 2841 563 343 220 180 159 65 94 73 309 239 205 70 185 75 110 76 53 54 2278 144 106 2134 632 56 1502 1464
is_linear=0
shrinkage=0.05


Tree=267
num_leaves=31
num_cat=0
split_feature=4 4 6 4 4 3 7 3 3 5 1 4 5 5 5 5 7 7 3 6 6 1 7 6 0 5 5 7 4 6
split_gain=939.642 1990.14 2086.88 10653.8 18255.9 16275.6 35273.6 14884 10726.8 7974.9 15237.8 9726.61 8002.95 5851.18 7264.28 5177.22 13613.3 18930 8724.66 4742.3 6335.75 4471.72 2460.62 10857.3 17903.3 10005.6 21485.4 13528.4 13386.4 11033.9
threshold=10585.200000000003 10427.450000000003 10105.550000000001 9334.8000000000011 9679.1500000000015 840.35000000000002 3326.0687499999999 828.80000000000007 808.75000000000011 10051.650000000003 4.5000000000000009 10010.050000000001 9943.4500000000025 9866.4500000000025 9806.6000000000022 9481.7000000000025 3324.6937500000008 3294.5312500000005 810.55000000000007 9947.6500000000015 9704.5000000000018 2.5000000000000004 3220.9750000000008 5143.5000000000009 13.500000000000002 454.30000000000007 224.15000000000001 3208.608333333334 116.05000000000001 78.90000000000002
decision_type=2 2 2 2 2 2 2 2 2 2 2 2 2 2 2 2 2 2 2 2 2 2 2 2 2 2 2 2 2 2
left_child=1 2 9 7 -5 8 -7 -4 -6 12 11 19 13 14 15 18 17 -17 22 20 -11 -14 23 25 -25 26 28 -27 -1 -30
right_child=-2 -3 3 4 5 6 -8 -9 -10 10 -12 -13 21 -15 -16 16 -18 -19 -20 -21 -22 -23 -24 24 -26 27 -28 -29 29 -31
leaf_value=0.38540917364033789 -0.2887722959475858 0.42200675862176085 -0.25263549747138192 -1.3560323563714825 0.25047923021018503 1.6881488609313966 -0.98368636192310432 1.520382504463196 -1.2169970331770001 0.70530027687549601 1.3625227266742339 -0.83667466532100332 -0.20320724406494547 0.79746274688969487 -0.88836809500404024 0.67292362209912904 1.1885783302738813 -1.0682924272837464 -0.93711266314983366 0.92044010639190688 -0.51151377148926258 -1.1717752226374365 -0.010000156384585582 1.5970614604155224 -0.19553815607841199 -1.3086545638243359 1.6677568231310165 0.32373132326386195 -0.059365254640579228 -1.6088469155132772
leaf_weight=66 28 28 29 36 20 30 21 20 33 20 31 22 26 23 23 37 33 27 25 25 23 22 3808 30 26 30 21 22 27 20
leaf_count=66 28 28 29 36 20 30 21 20 33 20 31 22 26 23 23 37 33 27 25 25 23 22 3808 30 26 30 21 22 27 20
internal_value=-7.73247e-10 0.00175622 -0.000815247 -0.163493 -0.385582 -0.0496564 0.587981 0.471045 -0.663232 0.00619322 0.406476 0.0771705 -0.00516032 0.00214522 -0.00221528 0.00267003 0.363684 -0.0616519 -0.00592344 0.372826 0.0544463 -0.647134 -0.000175356 0.154423 0.764783 -0.0293411 0.199105 -0.61803 -0.07383 -0.718719
internal_weight=4632 4604 4576 189 140 104 51 49 53 4387 121 90 4266 4218 4195 4172 97 64 4075 68 43 48 4050 242 56 186 134 52 113 47
internal_count=4632 4604 4576 189 140 104 51 49 53 4387 121 90 4266 4218 4195 4172 97 64 4075 68 43 48 4050 242 56 186 134 52 113 47
is_linear=0
shrinkage=0.05


Tree=268
num_leaves=31
num_cat=0
split_feature=4 4 5 0 7 4 4 0 4 4 4 3 7 5 7 7 7 7 6 4 5 4 4 5 6 5 7 5 4 5
split_gain=951.375 8934.07 8295.8 15380.4 19044.1 24353.5 10201.4 9614.48 9086.75 10192.6 7634.1 7383.93 24999.4 20052.9 21891.6 22581.6 17116.9 17081.8 14025.5 14092.5 11076.2 20395.2 26373.6 26774.3 16638 17226 14164.1 10801 29288.4 10241.4
threshold=157.20000000000002 164.10000000000005 6.6500000000000012 21.500000000000004 3282.3166666666671 364.85000000000008 184.15000000000001 21.500000000000004 172.45000000000002 188.35000000000005 147.40000000000003 20.250000000000004 3333.0791666666669 405.55000000000007 3292.2000000000003 3352.6583333333342 3272.5604166666667 3346.6541666666667 28.500000000000004 528.55000000000007 2268.1000000000004 350.95000000000005 699.00000000000011 2594.6000000000004 2393.4000000000005 2765.3000000000006 3321.2354166666669 4106.2500000000009 5122.5500000000011 97.800000000000011
decision_type=2 2 2 2 2 2 2 2 2 2 2 2 2 2 2 2 2 2 2 2 2 2 2 2 2 2 2 2 2 2
left_child=10 -2 6 8 -5 -6 -3 -8 -4 -10 -1 12 16 14 -13 -16 29 -14 -19 -20 26 -22 -23 -24 -25 -26 -15 28 -27 -11
right_child=1 2 3 4 5 -7 7 -9 9 11 -12 13 17 20 15 -17 -18 18 19 -21 21 22 23 24 25 27 -28 -29 -30 -31
leaf_value=-0.015129262524319564 0.83524660197171297 -0.8003611644109091 -0.98861646548561444 0.376444286108017 -2.2309196406397329 0.0048480470975240074 0.22856942896830279 1.1168431179864067 0.70939162350168417 -1.0881865243117015 -0.79482015147805218 -0.41016447022557262 -1.9186185141128522 -1.4195978315671285 2.5370217576622967 0.42914828989240861 0.3727092777333974 -1.2671403799738203 0.71744503138526794 -0.89638683199882507 1.2172952386311122 -1.6140235172510147 1.0783682603260567 -1.1805622418721518 -1.2967403545379641 -0.56173122240149453 0.29820687115192412 0.0040264927076115722 1.866315142148071 -0.050774207271513397
leaf_weight=1659 33 21 23 26 29 21 235 35 51 39 32 24 27 30 24 27 166 35 31 24 35 25 58 30 25 23 20 1736 27 61
leaf_count=1659 33 21 23 26 29 21 235 35 51 39 32 24 27 30 24 27 166 35 31 24 35 25 58 30 25 23 20 1736 27 61
internal_value=3.06098e-10 0.0171825 0.00789909 -0.0202618 -0.721149 -1.2919 0.261154 0.343716 0.000701347 0.00973801 -0.0298839 -0.00472585 -0.206506 0.0323576 0.835088 1.42109 0.0614032 -0.815599 -0.484693 0.0132275 0.00239005 0.0211462 -0.000613266 0.020627 -0.0126967 0.00664946 -0.732476 0.024894 0.749414 -0.455365
internal_weight=4632 2941 2908 2617 76 50 291 270 2541 2518 1691 2467 383 2084 75 51 266 117 90 55 2009 1959 1924 1899 1841 1811 50 1786 50 100
internal_count=4632 2941 2908 2617 76 50 291 270 2541 2518 1691 2467 383 2084 75 51 266 117 90 55 2009 1959 1924 1899 1841 1811 50 1786 50 100
is_linear=0
shrinkage=0.05


Tree=269
num_leaves=31
num_cat=0
split_feature=5 5 4 3 7 4 1 5 5 7 7 5 6 5 5 6 1 7 5 3 6 3 5 5 4 3 6 6 7 3
split_gain=938.543 3101.62 1649.21 15908.6 8824.48 3326.89 19620.9 4123.12 5054.32 7287.24 15086.3 7256.28 5316.99 17035.1 20180.5 12328 14225.2 12179.9 13990.7 4691.93 4062.82 6876.05 4250.32 14061.8 10725.2 11834.8 8112.7 21784.5 12690 9382.07
threshold=10595.750000000002 10430.500000000002 10340.150000000003 797.25000000000011 3314.3020833333335 10227.300000000001 3.5000000000000004 10269.000000000002 10051.650000000003 3264.1458333333344 3304.7541666666675 9987.0000000000018 9849.1000000000022 9920.1500000000015 9776.6000000000022 9613.2000000000025 2.5000000000000004 3314.3020833333335 9636.2500000000018 851.95000000000016 9386.6500000000015 813.10000000000002 8836.0500000000011 8616.2000000000025 9334.8000000000011 740.55000000000007 8816.2500000000018 8587.3000000000011 3314.3020833333335 746.15000000000009
decision_type=2 2 2 2 2 2 2 2 2 2 2 2 2 2 2 2 2 2 2 2 2 2 2 2 2 2 2 2 2 2
left_child=1 2 5 -4 -5 7 -7 8 11 -10 -11 12 15 14 17 20 -17 18 -14 -12 22 -22 23 -1 25 -25 27 29 -28 -24
right_child=-2 -3 3 4 -6 6 -8 -9 9 10 19 -13 13 -15 -16 16 -18 -19 -20 -21 21 -23 26 24 -26 -27 28 -29 -30 -31
leaf_value=-0.0053282399778347292 -0.28860341991697042 0.52639456370047166 -0.98952335119247437 1.4347365155477416 0.16367679437001548 -1.3251573453346888 0.66216705778370732 -0.45696906374425306 -0.36779612922668459 1.5530079440938103 0.57961332563843049 -0.70092068878380032 0.24957406358285383 1.6185731052908872 -0.84011945143342026 0.16994962005511574 -1.4828230059146881 -0.13364845406160586 2.0767825949192047 -0.46524932763793259 -0.1037572463353475 1.1351261316310792 -0.048784067630767827 1.0033105382323266 1.3245042283194408 -0.69617611226581388 -1.0349377599724552 0.91743209551681171 0.081418527857117035 -1.4468533241748811
leaf_weight=3757 28 28 20 22 36 27 23 49 25 27 21 37 22 21 40 23 30 36 20 22 24 21 30 20 35 21 57 44 46 20
leaf_count=3757 28 28 20 22 36 27 23 49 25 27 21 37 22 21 40 23 30 36 20 22 24 21 30 20 35 21 57 44 46 20
internal_value=2.09928e-09 0.00175519 -0.00145501 0.226488 0.645803 -0.00540779 -0.410988 -0.000848659 0.00423202 0.364976 0.62668 -0.0037305 0.00231498 0.306476 0.0729674 -0.00792689 -0.765582 0.541217 1.11967 0.0450324 0.00192728 0.474388 -0.00334834 0.00829271 0.681634 0.132842 -0.229847 0.106026 -0.536371 -0.608012
internal_weight=4632 4604 4576 78 58 4498 50 4448 4399 95 70 4304 4267 139 118 4128 53 78 42 43 4075 45 4030 3833 76 41 197 94 103 50
internal_count=4632 4604 4576 78 58 4498 50 4448 4399 95 70 4304 4267 139 118 4128 53 78 42 43 4075 45 4030 3833 76 41 197 94 103 50
is_linear=0
shrinkage=0.05


Tree=270
num_leaves=31
num_cat=0
split_feature=3 5 3 5 4 4 5 5 7 5 3 0 7 5 7 6 6 6 7 3 5 4 4 4 3 6 4 1 1 5
split_gain=962.102 2585.16 2888.86 2191.45 16759.7 4103.45 2275.46 1553.28 16562.6 18509.5 11425 10423.4 5272.12 4581.31 9128.65 3182.79 6433.61 2958.35 18494.9 13336.8 9775.36 15437.7 14577.1 4757.94 4444.94 7446.73 10586.4 16993.9 10553.4 6048.37
threshold=886.85000000000002 10505.100000000002 841.80000000000007 10240.150000000003 10064.200000000003 9550.0500000000011 10189.050000000001 9920.1500000000015 3273.2229166666671 9962.7500000000018 821.9000000000002 12.500000000000002 3318.8479166666671 9806.6000000000022 3326.0687499999999 10276.400000000003 10058.200000000003 9146.2000000000025 3348.9458333333337 830.25000000000011 8901.7000000000025 9283.3500000000022 8518.2000000000025 10134.150000000003 774.10000000000014 8997.1500000000015 9907.8500000000022 2.5000000000000004 3.5000000000000004 9141.2500000000018
decision_type=2 2 2 2 2 2 2 2 2 2 2 2 2 2 2 2 2 2 2 2 2 2 2 2 2 2 2 2 2 2
left_child=1 3 -3 6 5 -5 7 13 11 -10 -11 -9 -12 15 -15 16 17 24 19 20 -19 22 -22 -23 25 26 29 -28 -27 -1
right_child=-2 2 -4 4 -6 -7 -8 8 9 10 12 -13 -14 14 -16 -17 -18 18 -20 -21 21 23 -24 -25 -26 28 27 -29 -30 -31
leaf_value=-0.0094940616680059785 0.34603973418474199 0.012826783316476005 -0.82682787895202636 0.2342399706763606 1.4755010638918196 -0.59320783697325608 -0.44407213720782046 0.015562016230363114 1.8609084808826446 -0.5803495122119785 1.2055125829848379 -1.5027208089828492 0.2329107640115054 0.03662427981963029 -1.2495123240080748 0.60053186795928271 -0.67751242092677533 -0.50594561461246379 1.2923724204767497 -0.82883777435009298 0.95447758734226229 1.7697015678882602 -0.78819001992543547 0.69212822545142405 -0.63384012005158841 -1.280042142558981 -0.31085768585855311 1.5461384211267744 0.16095478336016339 0.61634141756938066
leaf_weight=3824 20 21 20 31 21 29 29 26 20 32 22 20 38 37 22 22 35 33 32 39 20 20 30 21 28 27 22 28 24 39
leaf_count=3824 20 21 20 31 21 29 29 26 20 32 22 20 38 37 22 22 35 33 32 39 20 20 30 21 28 27 22 28 24 39
internal_value=1.34953e-10 -0.00150061 -0.396761 0.00204472 0.259802 -0.165693 -0.00260524 0.00026464 0.154235 0.482311 0.182616 -0.644561 0.589531 -0.00538892 -0.442952 0.000694077 -0.00243156 0.00321158 0.193372 -0.0223822 0.231261 0.4986 -0.091123 1.21777 -0.00607733 -0.00164309 0.00618069 0.72906 -0.601926 -0.00317576
internal_weight=4632 4612 41 4571 81 60 4490 4461 158 112 92 46 60 4303 59 4244 4222 4187 195 163 124 91 50 41 3992 3964 3913 50 51 3863
internal_count=4632 4612 41 4571 81 60 4490 4461 158 112 92 46 60 4303 59 4244 4222 4187 195 163 124 91 50 41 3992 3964 3913 50 51 3863
is_linear=0
shrinkage=0.05


Tree=271
num_leaves=31
num_cat=0
split_feature=4 4 6 5 5 4 6 5 3 1 7 6 6 5 7 5 4 5 3 6 4 4 1 6 7 5 1 4 5 7
split_gain=1013.97 1628.58 2076.79 12460.8 12316.2 10085.7 5202.18 4260.17 4040.57 14275.1 7891.29 5165.41 5572.28 4956.84 3978.68 3968.28 4696.75 4276.04 10029.4 2050.01 7487.72 37005.6 12241.4 7374.01 11372.5 4946.31 18146 13170.4 2537.61 10677.4
threshold=10585.200000000003 10427.450000000003 10300.400000000003 9962.7500000000018 10430.500000000002 9856.4500000000025 10505.100000000002 10298.600000000002 851.95000000000016 2.5000000000000004 3331.1916666666671 10105.550000000001 10197.250000000002 10051.650000000003 3319.4916666666668 9943.4500000000025 9885.0500000000011 9866.4500000000025 838.80000000000007 9244.2000000000025 8881.8500000000004 9283.3500000000022 3.5000000000000004 9444.6000000000004 3291.1395833333331 9104.1500000000015 4.5000000000000009 7328.1000000000013 8931.6500000000033 3296.0916666666676
decision_type=2 2 2 2 2 2 2 2 2 2 2 2 2 2 2 2 2 2 2 2 2 2 2 2 2 2 2 2 2 2
left_child=1 2 4 -4 7 -6 -5 8 11 -10 -11 13 -13 15 -15 17 -17 18 19 25 22 -22 -21 -23 -25 28 27 -27 -1 -30
right_child=-2 -3 3 6 5 -7 -8 -9 9 10 -12 12 -14 14 -16 16 -18 -19 -20 20 21 23 -24 24 -26 26 -28 -29 29 -31
leaf_value=-0.0033541633439002419 -0.29997668372733249 0.38198817627770559 0.53517931787406703 -1.1443961299698928 1.671789892911911 0.083889176845550542 -0.21979665718972685 -0.57829234041273592 1.3355150113105774 0.46471501241127655 -0.86248080773012981 -1.1592603707313538 -0.058130892117818203 0.80668387009817022 -0.056260646066882393 -1.0437249387800696 0.026896926334926061 0.7282963371276856 -1.1215412685275079 0.019307215175321024 -1.9920145189762117 1.1307777075767518 1.5614721829240974 -0.80407340072450184 0.73516712172755172 -1.7897625912790713 0.88158723354339608 -0.22116333991289139 -0.45996043384075169 0.86220488064997913
leaf_weight=3870 28 28 34 29 20 20 32 32 25 24 21 20 27 34 22 20 21 20 20 31 20 25 22 21 28 23 20 32 26 37
leaf_count=3870 28 28 34 29 20 20 32 32 25 24 21 20 27 34 22 20 21 20 20 31 20 25 22 21 28 23 20 32 26 37
internal_value=-1.25367e-09 0.00182436 -0.00050182 -0.231841 0.00440271 0.87784 -0.65936 -0.00346432 0.000707718 0.377556 -0.154643 -0.00537188 -0.526697 0.000336937 0.46767 -0.00584121 -0.495358 -0.00105691 -0.00455081 0.000825795 0.184212 -0.0837416 0.659451 0.432008 0.0754926 -0.00590021 -0.408134 -0.877123 0.00177015 0.316549
internal_weight=4632 4604 4576 95 4481 40 61 4441 4409 70 45 4339 47 4292 56 4236 41 4195 4175 4155 147 94 53 74 49 4008 75 55 3933 63
internal_count=4632 4604 4576 95 4481 40 61 4441 4409 70 45 4339 47 4292 56 4236 41 4195 4175 4155 147 94 53 74 49 4008 75 55 3933 63
is_linear=0
shrinkage=0.05


Tree=272
num_leaves=31
num_cat=0
split_feature=4 1 6 6 4 4 5 6 5 5 1 5 6 5 5 7 5 6 4 7 5 7 5 5 1 4 5 7 5 5
split_gain=1001.11 14372.6 16350.8 11575.5 18877.2 4819.63 3168.82 11169.1 3290.92 4371.63 6945.55 6053.92 4909.06 14150 17874.9 11052.9 12820.8 10563 13596.5 4043.36 3427.19 2823.77 2576.66 10770.6 11170.9 8470.72 7618.21 14057 24388 13129.6
threshold=10227.300000000001 2.5000000000000004 10005.300000000001 9704.5000000000018 10365.050000000001 10365.050000000001 10430.500000000002 10105.550000000001 10269.000000000002 10051.650000000003 1.5000000000000002 9987.0000000000018 9849.1000000000022 9920.1500000000015 9776.6000000000022 3314.3020833333335 9636.2500000000018 9613.2000000000025 9679.1500000000015 3304.7541666666675 9747.1000000000022 3315.7000000000007 8836.0500000000011 8616.2000000000025 3.5000000000000004 9334.8000000000011 8931.6500000000033 3325.514583333334 9220.3500000000022 9371.5500000000011
decision_type=2 2 2 2 2 2 2 2 2 2 2 2 2 2 2 2 2 2 2 2 2 2 2 2 2 2 2 2 2 2
left_child=6 2 5 -3 -5 -2 8 -8 9 11 -11 12 17 14 15 16 -14 20 -19 -12 22 -10 23 -1 25 -25 -24 29 -29 -28
right_child=1 3 -4 4 -6 -7 7 -9 21 10 19 -13 13 -15 -16 -17 -18 18 -20 -21 -22 -23 26 24 -26 -27 27 28 -30 -31
leaf_value=-0.0046324893717277554 -0.69846021592617036 1.0312863263216885 0.47676424622535712 -1.3465577816963197 0.71435762023925786 -1.7709060598503461 1.2600333185422989 -0.33485977416453155 -0.76456749026591964 -0.39537151654561364 0.96057145562436852 -0.63975333861402561 0.24083395871249114 1.4906815860952651 -0.77732084430754189 -0.12017141415013209 1.9899773263931273 -0.085131952076247241 -1.7372807335853577 0.20585287877491543 0.6242378760467876 -0.0040100038051605223 -0.76554581980372582 -0.44499852801191397 1.3224649417784908 0.83990054914484868 -0.05799097500064157 -0.16052889687674388 2.0281913039833306 -1.3773359338442486
leaf_weight=3760 20 33 20 20 25 22 21 23 26 24 36 37 22 21 40 36 20 33 20 35 22 23 43 29 31 23 88 35 20 24
leaf_count=3760 20 33 20 20 25 22 21 23 26 24 36 37 22 21 40 36 20 33 20 35 22 23 43 29 31 23 88 35 20 24
internal_value=1.1533e-09 -0.131669 -0.699901 0.320003 -0.201605 -1.26022 0.00410366 0.426339 -7.31341e-05 0.00446594 0.339963 -0.00293932 0.00258262 0.294843 0.0820245 0.522714 1.07376 -0.00725852 -0.708584 0.588527 0.00186302 -0.407571 -0.00151528 0.00780406 0.571195 0.123322 -0.172059 -0.0192452 0.635369 -0.340708
internal_weight=4632 140 62 78 45 42 4492 44 4448 4399 95 4304 4267 139 118 78 42 4128 53 71 4075 49 4053 3843 83 52 210 167 55 112
internal_count=4632 140 62 78 45 42 4492 44 4448 4399 95 4304 4267 139 118 78 42 4128 53 71 4075 49 4053 3843 83 52 210 167 55 112
is_linear=0
shrinkage=0.05


Tree=273
num_leaves=31
num_cat=0
split_feature=3 5 3 5 4 7 5 5 7 5 3 0 3 5 1 7 3 7 6 3 3 3 5 7 5 1 7 4 7 7
split_gain=945.111 2609.35 2661.39 2265.81 15204.8 3571.72 2314.12 1328.35 15073.8 15417.6 9756.02 9011.22 4851.5 4124.48 12595 11040.9 13618.6 10457.9 5921.55 12544.3 18996.6 10566.8 6166.54 16511.1 3905.58 9337.62 19097 14680 15384.9 14335.6
threshold=886.85000000000002 10505.100000000002 841.80000000000007 10240.150000000003 10064.200000000003 3271.014583333334 10189.050000000001 9920.1500000000015 3273.2229166666671 9962.7500000000018 821.9000000000002 12.500000000000002 850.15000000000009 9690.8000000000011 1.5000000000000002 3267.8666666666668 813.10000000000002 3317.0979166666675 9728.9000000000015 836.1500000000002 815.05000000000007 804.20000000000016 9270.3500000000022 3312.1770833333335 8836.0500000000011 2.5000000000000004 3323.7916666666674 7367.7000000000016 3321.8104166666667 3277.0166666666673
decision_type=2 2 2 2 2 2 2 2 2 2 2 2 2 2 2 2 2 2 2 2 2 2 2 2 2 2 2 2 2 2
left_child=1 3 -3 6 5 -5 7 13 11 -10 -11 -9 -12 18 -15 -16 -17 -18 21 20 -20 22 24 -24 -1 26 29 -27 -29 -26
right_child=-2 2 -4 4 -6 -7 -8 8 9 10 12 -13 -14 14 15 16 17 -19 19 -21 -22 -23 23 -25 25 27 -28 28 -30 -31
leaf_value=0.0058717665161321106 0.34297054141759875 -0.0054609124149594991 -0.81138044327497494 0.38461326417468844 1.4221023639043173 -0.42418918273387818 -0.44785493303989549 -0.0056437574900113623 1.7138070213794709 -0.52294932762160895 0.90020926328081841 -1.4173327744007111 -0.032788239825855603 0.56886621050296293 0.42607650227844718 -2.0053909176588056 -1.2774855840773811 0.22269804684015423 0.86227981755810412 1.3576124162673953 -0.9518121981234462 -0.84637796089455897 -0.23474382912671127 1.660698050260544 -0.92081002878106166 0.9495656572282315 -1.7889694974422454 -1.0344652301735349 0.58011872720718383 0.88607581229436971
leaf_weight=3856 20 21 20 21 21 39 29 26 20 32 38 20 22 31 20 20 21 26 31 25 27 37 27 20 23 32 25 36 25 21
leaf_count=3856 20 21 20 21 21 39 29 26 20 32 38 20 22 31 20 20 21 26 31 25 27 37 27 20 23 32 25 36 25 21
internal_value=1.09157e-10 -0.0014873 -0.398592 0.00207457 0.264169 -0.141108 -0.00265362 0.000240534 0.142626 0.45561 0.182089 -0.619422 0.55811 -0.00498767 -0.296513 -0.604866 -0.91261 -0.447597 0.00323214 0.42135 0.0177887 -0.00522807 0.00242816 0.571827 -0.00423231 -0.244734 -0.685439 0.08224 -0.37275 -0.0584327
internal_weight=4632 4612 41 4571 81 60 4490 4461 158 112 92 46 60 4303 118 87 67 47 4185 83 58 4102 4065 47 4018 162 69 93 61 44
internal_count=4632 4612 41 4571 81 60 4490 4461 158 112 92 46 60 4303 118 87 67 47 4185 83 58 4102 4065 47 4018 162 69 93 61 44
is_linear=0
shrinkage=0.05


Tree=274
num_leaves=31
num_cat=0
split_feature=4 1 6 6 4 4 5 7 5 5 7 7 5 6 5 5 7 7 6 1 3 5 7 5 5 1 4 5 7 5
split_gain=975.741 13198.1 14427.6 10358.8 16670.9 4269.82 3034.25 10205.7 2985.47 4041.31 6604.65 13143.3 5447.92 4124.6 12214.1 15752.5 9849.65 12451.6 9344.95 12395.7 3995.35 3137.52 2594.75 2092.92 9720.07 10081.8 7644.83 6774.13 12298.9 21294
threshold=10227.300000000001 2.5000000000000004 10005.300000000001 9704.5000000000018 10365.050000000001 10365.050000000001 10430.500000000002 3286.6458333333335 10269.000000000002 10051.650000000003 3264.1458333333344 3304.7541666666675 9987.0000000000018 9849.1000000000022 9920.1500000000015 9776.6000000000022 3314.3020833333335 3280.0708333333337 9613.2000000000025 2.5000000000000004 851.95000000000016 9747.1000000000022 3315.7000000000007 8836.0500000000011 8616.2000000000025 3.5000000000000004 9334.8000000000011 8931.6500000000033 3325.514583333334 9220.3500000000022
decision_type=2 2 2 2 2 2 2 2 2 2 2 2 2 2 2 2 2 2 2 2 2 2 2 2 2 2 2 2 2 2
left_child=6 2 5 -3 -5 -2 8 -8 9 12 -11 -12 13 18 15 16 17 -15 21 -20 -13 23 -10 24 -1 26 -26 -25 -29 -30
right_child=1 3 -4 4 -6 -7 7 -9 22 10 11 20 -14 14 -16 -17 -18 -19 19 -21 -22 -23 -24 27 25 -27 -28 28 29 -31
leaf_value=-0.0046831175365405998 -0.67209776997566228 0.97569714892994286 0.43079169511795046 -1.2665655246376992 0.67017330932617192 -1.6815209231593393 -0.31040657966033275 1.2141537170679797 -0.73037558541848113 -0.37074814891815189 1.4406282795800103 0.52640936885561262 -0.60693349516069572 0.18561461676250807 1.3813249190648398 -0.7341418137308211 -0.12061042649050553 1.9093935582041741 0.20703710628592453 -1.3357987165451051 -0.43777586655183276 0.59745705154809092 -0.0013120329898336659 -0.71461416524510057 -0.42304218534765581 1.2560481177222345 0.79761193420576015 -0.31155974476465159 -0.14226106899125235 1.9029143877327444
leaf_weight=3760 20 33 20 20 25 22 23 21 26 25 27 21 37 22 21 40 36 20 23 30 22 22 23 43 29 31 23 112 35 20
leaf_count=3760 20 33 20 20 25 22 23 21 26 25 27 21 37 22 21 40 36 20 23 30 22 22 23 43 29 31 23 112 35 20
internal_value=3.26827e-09 -0.12999 -0.674509 0.302834 -0.1906 -1.20084 0.00405133 0.417224 -3.58156e-05 0.00428748 0.326861 0.576007 -0.00283252 0.00240576 0.270299 0.0725741 0.486275 1.00646 -0.00661487 -0.666266 0.0331053 0.00196464 -0.388162 -0.00126773 0.00713136 0.542341 0.116863 -0.154971 -0.0108715 0.601439
internal_weight=4632 140 62 78 45 42 4492 44 4448 4399 95 70 4304 4267 139 118 78 42 4128 53 43 4075 49 4053 3843 83 52 210 167 55
internal_count=4632 140 62 78 45 42 4492 44 4448 4399 95 70 4304 4267 139 118 78 42 4128 53 43 4075 49 4053 3843 83 52 210 167 55
is_linear=0
shrinkage=0.05


Tree=275
num_leaves=31
num_cat=0
split_feature=7 7 3 7 7 4 7 7 4 7 0 4 4 4 0 4 6 3 7 6 6 7 6 7 3 4 5 0 4 5
split_gain=988.165 7608.93 7945.63 5841.8 6107.05 23116.9 14217.8 5830.88 5502.69 14783.4 7705.69 27506.2 15682.1 12110 8515.53 8865.02 6771.74 14479.5 29348.3 13447.4 15394.7 15105.9 14233.9 13644 12367 36090.6 11492 10585.3 10372.3 9728.14
threshold=3318.1333333333337 3321.2354166666669 751.25000000000011 3315.7000000000007 3313.4750000000008 3294.5000000000005 3312.1770833333335 3320.2041666666673 48.600000000000009 3326.0687499999999 1.5000000000000002 121.90000000000002 208.70000000000002 358.65000000000003 2.5000000000000004 176.15000000000003 300.2000000000001 190.35000000000005 3345.202083333334 177.30000000000004 145.10000000000005 3339.7770833333338 233.35000000000002 3334.2270833333337 7.8500000000000005 296.35000000000008 224.15000000000001 17.500000000000004 182.10000000000005 2765.3000000000006
decision_type=2 2 2 2 2 2 2 2 2 2 2 2 2 2 2 2 2 2 2 2 2 2 2 2 2 2 2 2 2 2
left_child=3 2 7 4 6 -6 -1 -2 9 -3 11 -10 -13 -14 15 -12 19 18 -18 20 21 23 -21 -16 26 -26 28 -20 -23 -19
right_child=1 8 -4 -5 5 -7 -8 -9 10 -11 14 12 13 -15 16 -17 17 29 27 22 -22 24 -24 -25 25 -27 -28 -29 -30 -31
leaf_value=0.0054883441974912968 -0.40516473432736738 1.3950363708579023 0.30195049991210304 0.52395868032638526 0.53040678721887102 -1.5200717136263848 1.005758145120409 -1.3821289439996085 -1.9903879525868788 0.084611543740576778 -0.064577012807130824 1.0713528430980186 -1.3659508564255454 0.31268007854620616 -0.27568978698867741 1.4063026666641236 1.8477987157180906 -0.64953099006208881 0.68928719997406018 -1.7205177796738491 1.109298045694828 0.61733209580183035 -0.226315731399164 -1.5208626378214722 -0.34686196634964067 1.7553413748741151 -1.1895454750611234 -0.8835266968478328 -0.40903861294500532 0.025183999163003713
leaf_weight=2694 42 23 24 56 27 28 36 24 23 335 20 23 22 21 66 21 32 58 20 28 25 40 37 33 49 35 26 23 64 677
leaf_count=2694 42 23 24 56 27 28 36 24 23 335 20 23 22 21 66 21 32 58 20 28 25 40 37 33 49 35 26 23 64 677
internal_value=1.34871e-09 -0.0290863 -0.477124 0.0183363 0.00816943 -0.513473 0.0186787 -0.760424 -0.00538057 0.168801 -0.0518117 -0.501376 0.0175224 -0.546154 -0.0199048 0.6888 -0.0438594 0.0394703 0.701256 -0.211346 -0.084687 -0.180053 -0.869972 -0.690747 0.0562025 0.529056 -0.249334 -0.151985 -0.0142806 -0.0280588
internal_weight=4632 1791 90 2841 2785 55 2730 66 1701 358 1343 89 66 43 1254 41 1213 810 75 403 338 313 65 99 214 84 130 43 104 735
internal_count=4632 1791 90 2841 2785 55 2730 66 1701 358 1343 89 66 43 1254 41 1213 810 75 403 338 313 65 99 214 84 130 43 104 735
is_linear=0
shrinkage=0.05


Tree=276
num_leaves=31
num_cat=0
split_feature=4 4 6 5 5 4 6 5 3 3 6 6 6 5 6 5 4 5 3 4 6 6 6 3 5 6 4 5 5 5
split_gain=964.791 1603.8 2105.35 10774.5 10544.4 9007.69 4413.38 3305.32 3747.2 13134.8 6671.67 4799.1 4529.96 3993.5 3765.89 3290.22 4466.23 3382.17 8947.41 2061.95 7287.57 4512.06 6470.46 12555.4 5940.95 10189.6 13884.7 3626.52 6087.67 8194.21
threshold=10585.200000000003 10427.450000000003 10300.400000000003 9962.7500000000018 10430.500000000002 9856.4500000000025 10505.100000000002 10298.600000000002 851.95000000000016 858.1500000000002 10084.35 10105.550000000001 10197.250000000002 10051.650000000003 9786.0500000000011 9943.4500000000025 9885.0500000000011 9866.4500000000025 838.80000000000007 10227.300000000001 9874.4500000000025 9650.2000000000025 9280.2000000000025 755.20000000000016 9104.1500000000015 8816.2500000000018 7367.7000000000016 8953.2000000000025 8836.0500000000011 8616.2000000000025
decision_type=2 2 2 2 2 2 2 2 2 2 2 2 2 2 2 2 2 2 2 2 2 2 2 2 2 2 2 2 2 2
left_child=1 2 4 -4 7 -6 -5 8 11 -10 -11 13 -13 15 -15 17 -17 18 19 20 21 22 24 -24 27 26 -26 28 29 -1
right_child=-2 -3 3 6 5 -7 -8 -9 9 10 -12 12 -14 14 -16 16 -18 -19 -20 -21 -22 -23 23 -25 25 -27 -28 -29 -30 -31
leaf_value=-0.0037554463826876073 -0.29261123239994052 0.3790396903242384 0.47978205803562618 -1.0777464989958139 1.5629031461477281 0.062262741923332213 -0.22612537965178492 -0.50919720418751246 1.4466488522291183 -0.56094656812733612 0.60926311668895539 -1.0778914195299147 -0.085073918380119185 0.0098988494702747891 0.8299473962613515 -0.98557012557983414 0.058448062908081778 0.64792065322399139 -1.0588641834259034 -0.39242405385682078 0.80828697088706714 -0.57470912477549385 -0.35934801205344824 1.1624555196274411 -0.87420148372650142 -1.0850941146121307 0.94607039960947914 0.43664016115168736 -0.54331652849328282 0.52406779897212985
leaf_weight=3754 28 28 34 29 20 20 32 32 20 29 21 20 27 28 28 20 21 20 20 33 28 34 23 33 20 34 22 48 51 75
leaf_count=3754 28 28 34 29 20 20 32 32 20 29 21 20 27 28 28 20 21 20 20 33 28 34 23 33 20 34 22 48 51 75
internal_value=-1.17415e-09 0.00177956 -0.000528847 -0.233453 0.0044093 0.812583 -0.630994 -0.00286991 0.000804958 0.363715 -0.0694585 -0.00504978 -0.507549 0.000452897 0.419923 -0.00509251 -0.450829 -0.000736083 -0.00384342 0.0012349 0.00438646 -0.00111164 0.00369189 0.537429 -0.00377297 -0.441627 0.0792743 0.00469876 -0.000644846 0.00658322
internal_weight=4632 4604 4576 95 4481 40 61 4441 4409 70 50 4339 47 4292 56 4236 41 4195 4175 4155 4122 4094 4060 56 4004 76 42 3928 3880 3829
internal_count=4632 4604 4576 95 4481 40 61 4441 4409 70 50 4339 47 4292 56 4236 41 4195 4175 4155 4122 4094 4060 56 4004 76 42 3928 3880 3829
is_linear=0
shrinkage=0.05


Tree=277
num_leaves=31
num_cat=0
split_feature=3 5 3 5 4 7 5 1 6 6 5 5 5 6 4 4 7 5 5 0 4 6 5 0 7 6 4 4 3 6
split_gain=924.16 2644.83 2498.22 2266.33 13613.7 3397.36 2370.09 1266.57 5978.83 17750 16866.5 20978.9 15475.4 23568.3 13796.8 15315 12709.9 11816.1 10731 9370.82 20308.3 19901.2 8027.78 15464.8 7152.75 7138.54 7110.56 8793.1 8322.7 6913.7
threshold=886.85000000000002 10505.100000000002 841.80000000000007 10240.150000000003 10064.200000000003 3271.014583333334 10189.050000000001 1.0000000180025095e-35 245.35000000000005 99.050000000000011 229.25000000000003 37.050000000000004 241.95000000000002 4.4500000000000011 197.95000000000002 51.45000000000001 3333.0791666666669 85.100000000000009 594.50000000000011 9.5000000000000018 7260.1500000000005 5102.4500000000016 67.700000000000003 4.5000000000000009 3369.8625000000006 177.30000000000004 9005.4000000000015 8563.4000000000015 791.6500000000002 7124.0000000000009
decision_type=2 2 2 2 2 2 2 2 2 2 2 2 2 2 2 2 2 2 2 2 2 2 2 2 2 2 2 2 2 2
left_child=1 3 -3 6 5 -5 7 8 9 12 11 -10 13 22 15 -15 -14 25 -12 29 21 -21 23 -1 26 -11 27 -22 -28 -20
right_child=-2 2 -4 4 -6 -7 -8 -9 10 17 18 -13 16 14 -16 -17 -18 -19 19 20 24 -23 -24 -25 -26 -27 28 -29 -30 -31
leaf_value=0.46870909604159272 0.33914779812097551 -0.020376540507589067 -0.80120015352964402 0.39348181997026721 1.3599141813459852 -0.3953322407526848 -0.45316710554320239 -0.010627855466108282 0.14742829089743956 -2.011370129585266 -1.0642882019281388 2.116476135297368 0.27789490277116952 1.5172288936376572 2.0361953096389769 -0.43948713868856432 -1.3280686598803317 -0.13552888442830344 -0.55561487152026245 0.41147525383008499 0.015568236261606217 2.3386123492604209 0.42531910587001492 -1.2765990599989891 -0.85356090466181433 -0.67546766042709361 -0.732333044239453 1.2816283250848453 0.4130717772862007 0.50745771765708925
leaf_weight=22 20 21 20 21 21 39 29 3817 31 20 20 24 22 20 25 20 28 41 65 37 32 21 37 30 21 20 35 24 29 20
leaf_count=22 20 21 20 21 21 39 29 3817 31 20 20 24 22 20 25 20 28 41 65 37 32 21 37 30 21 20 35 24 29 20
internal_value=-1.46557e-09 -0.00147072 -0.401266 0.00211528 0.264239 -0.119247 -0.00261345 0.000315498 0.065177 -0.105809 0.200918 1.00665 0.142833 0.390975 1.11476 0.538871 -0.621445 -0.732018 0.055144 0.133977 0.321685 1.10923 -0.137636 -0.538199 -0.00227015 -1.34342 0.146706 0.558165 -0.213321 -0.30548
internal_weight=4632 4612 41 4571 81 60 4490 4461 644 285 359 55 204 154 65 40 50 81 304 284 199 58 89 52 141 40 120 56 64 85
internal_count=4632 4612 41 4571 81 60 4490 4461 644 285 359 55 204 154 65 40 50 81 304 284 199 58 89 52 141 40 120 56 64 85
is_linear=0
shrinkage=0.05


Tree=278
num_leaves=31
num_cat=0
split_feature=4 4 6 5 5 4 6 5 3 1 5 6 6 5 7 6 1 6 6 5 7 6 3 6 6 7 6 6 4 5
split_gain=909.549 1447.17 1943.18 9743.25 9735.33 8233.37 3950.38 2990.84 3371.16 12707.4 7530.79 4288.32 4101.9 3571.39 3659.87 3090.7 7499.14 3333.55 2464.6 4115.2 18597.9 17921.2 9388.41 3412.71 5575.39 9186.86 4536.48 7668.86 4652.39 8754.17
threshold=10585.200000000003 10427.450000000003 10300.400000000003 9962.7500000000018 10430.500000000002 9856.4500000000025 10505.100000000002 10298.600000000002 851.95000000000016 2.5000000000000004 9962.7500000000018 10105.550000000001 10197.250000000002 10051.650000000003 3319.4916666666668 9924.1500000000015 2.5000000000000004 9849.1000000000022 9756.2000000000025 9481.7000000000025 3278.8875000000003 9497.9500000000025 795.30000000000007 9386.6500000000015 9146.2000000000025 3320.8041666666668 8997.1500000000015 9072.7000000000025 9907.8500000000022 8836.0500000000011
decision_type=2 2 2 2 2 2 2 2 2 2 2 2 2 2 2 2 2 2 2 2 2 2 2 2 2 2 2 2 2 2
left_child=1 2 4 -4 7 -6 -5 8 11 -10 -11 13 -13 15 -15 17 -17 18 19 22 -21 -22 23 24 26 -26 28 -28 -1 -30
right_child=-2 -3 3 6 5 -7 -8 -9 9 10 -12 12 -14 14 -16 16 -18 -19 -20 20 21 -23 -24 -25 25 -27 27 -29 29 -31
leaf_value=-0.004246964508423756 -0.28411064701420918 0.36009379455021451 0.45400434927467037 -1.0249452130547885 1.4981733977794649 0.063480668514966962 -0.21923252753913403 -0.48435387813951825 1.248828875541687 -0.78973045595314195 0.50423051850362266 -1.0225051355361938 -0.077760482413901225 0.72225885671727807 -0.10539018295027994 0.12728129774332048 -1.0419198670269301 0.6285045941670736 -0.51919399707213698 -0.92792883643082202 -0.06319932103157043 1.6650565330187481 -1.0145422158033952 -0.65299283027648924 1.3122574170430503 -0.18508376002311708 -1.0724058617766088 0.16704169710477193 1.195030234689298 -0.15661959362030031
leaf_weight=3873 28 28 34 29 20 20 32 32 25 23 22 20 27 34 22 32 24 21 23 21 30 30 23 20 21 20 26 24 23 25
leaf_count=3873 28 28 34 29 20 20 32 32 25 23 22 20 27 34 22 32 24 21 23 21 30 30 23 20 21 20 26 24 23 25
internal_value=-2.43183e-09 0.00172786 -0.000464934 -0.224239 0.00427922 0.780827 -0.602276 -0.00271514 0.000780542 0.345 -0.157127 -0.00477266 -0.479779 0.000428949 0.397111 -0.0048152 -0.373805 0.000128208 -0.00304465 -0.000174378 0.352706 0.800929 -0.00722329 -0.00147717 0.00177066 0.581847 -0.00421854 -0.477471 0.0018163 0.491046
internal_weight=4632 4604 4576 95 4481 40 61 4441 4409 70 45 4339 47 4292 56 4236 56 4180 4159 4136 81 60 4055 4032 4012 41 3971 50 3921 48
internal_count=4632 4604 4576 95 4481 40 61 4441 4409 70 45 4339 47 4292 56 4236 56 4180 4159 4136 81 60 4055 4032 4012 41 3971 50 3921 48
is_linear=0
shrinkage=0.05


Tree=279
num_leaves=31
num_cat=0
split_feature=7 4 6 7 3 4 3 5 5 4 6 4 7 7 5 6 3 4 7 7 0 7 5 5 6 6 1 6 5 4
split_gain=912.406 9849.12 30713 9366 8682.57 8487.51 14271.4 16864.5 19266.7 11906.6 9766.41 9358.08 5984.08 3492.49 8022.41 8961.9 6863.87 3647.72 3057.78 11383.4 11747.9 11371.9 31677.6 11435 13188.8 23256.1 17110 12240.5 8452.07 8412.87
threshold=3220.9750000000008 8518.2000000000025 7246.5500000000002 3223.9541666666673 806.90000000000009 5155.1500000000005 211.30000000000004 454.30000000000007 224.15000000000001 116.05000000000001 78.90000000000002 1.0000000180025095e-35 3227.2583333333332 3235.0208333333335 2925.2500000000005 145.10000000000005 0.35000000000000003 8518.2000000000025 3253.7562500000008 3256.6104166666669 13.500000000000002 3250.6812500000001 48.20000000000001 23.550000000000004 2668.2000000000003 141.50000000000003 2.5000000000000004 120.35000000000001 7615.7500000000009 93.050000000000026
decision_type=2 2 2 2 2 2 2 2 2 2 2 2 2 2 2 2 2 2 2 2 2 2 2 2 2 2 2 2 2 2
left_child=1 2 5 -2 -3 6 7 8 9 11 -11 -1 -5 14 15 16 -14 -16 21 20 -20 23 -23 27 25 -25 28 -15 -26 -27
right_child=3 4 -4 12 -6 -7 -8 -9 -10 10 -12 -13 13 18 17 -17 -18 -19 19 -21 -22 22 -24 24 26 29 -28 -29 -30 -31
leaf_value=-0.22881788629474065 -0.78722758293151862 0.025383821896144323 2.0588320941442535 0.62587438633567416 -1.1946326842308046 -0.9011854269674846 1.2216714991463555 -1.2736112226610601 1.5826591315723602 -0.054427069477323037 -1.5121986784040928 0.9619345390435422 -0.80029858320951464 1.1173780640214683 -1.2925312553133284 0.91228481133778905 0.37830913975125269 -0.36059511167307701 -0.13524444235695735 0.00078584883652220634 -1.5818841519563094 -0.96637949560369774 1.3163876061818818 0.0020558580383658411 0.27560067744482136 -0.71975555921142753 0.86315260188723064 -0.37333478814079646 -1.0979430804649988 -2.08739971699922
leaf_weight=33 38 35 21 38 25 21 27 23 21 27 20 33 30 40 21 21 21 21 36 3736 23 21 55 80 21 22 54 21 24 23
leaf_count=33 38 35 21 38 25 21 27 23 21 27 20 33 30 40 21 21 21 21 36 3736 23 21 55 80 21 22 54 21 24 23
internal_value=1.42664e-09 0.0865051 0.23769 -0.00569269 -0.482956 0.0511335 0.159822 -0.022789 0.191904 -0.0665545 -0.674755 0.366558 0.00120107 -0.00435809 -0.277387 0.0429655 -0.31499 -0.826563 0.00313116 -0.0100965 -0.699189 0.142186 0.685623 -0.00272995 -0.168005 -0.509443 0.263103 0.604182 -0.456956 -1.41877
internal_weight=4632 286 226 4346 60 205 184 157 134 113 47 66 4308 4270 114 72 51 42 4156 3795 59 361 76 285 224 125 99 61 45 45
internal_count=4632 286 226 4346 60 205 184 157 134 113 47 66 4308 4270 114 72 51 42 4156 3795 59 361 76 285 224 125 99 61 45 45
is_linear=0
shrinkage=0.05


Tree=280
num_leaves=31
num_cat=0
split_feature=0 7 4 7 3 3 7 1 3 4 4 7 4 3 3 7 4 4 6 0 7 5 0 4 1 4 6 1 4 4
split_gain=921.791 5422.93 16207.7 16125.9 35875.7 14078.9 24539.8 15670.2 13610.4 14856.9 17267.1 11885.6 11326.8 11782.7 11230.1 9991.97 7978.6 18875.8 11559.8 14117.2 16224.5 11074.9 10014.6 8459.58 6890.31 12673 9222.77 16364.5 6774.9 6280.36
threshold=4.5000000000000009 3335.5000000000005 544.15000000000009 3326.0687499999999 8.5500000000000025 1.0000000180025095e-35 3343.889583333334 4.5000000000000009 16.900000000000002 226.20000000000002 21.350000000000005 3321.8104166666667 445.80000000000007 28.650000000000002 25.050000000000004 3283.7375000000006 329.15000000000003 265.45000000000005 59.350000000000001 1.5000000000000002 3241.5291666666676 111.70000000000002 2.5000000000000004 6.6500000000000012 1.5000000000000002 178.85000000000002 110.80000000000003 2.5000000000000004 90.550000000000011 59.70000000000001
decision_type=2 2 2 2 2 2 2 2 2 2 2 2 2 2 2 2 2 2 2 2 2 2 2 2 2 2 2 2 2 2
left_child=1 2 3 11 -5 7 -7 28 9 10 -8 12 13 16 -10 -15 17 18 19 20 -1 23 -21 -22 -20 26 -26 -28 -3 -24
right_child=-2 5 -4 4 -6 6 8 -9 14 -11 -12 -13 -14 15 -16 -17 -18 -19 24 22 21 -23 29 -25 25 -27 27 -29 -30 -31
leaf_value=-0.56833312656907808 0.011442214115678997 -0.41496358899081626 -1.5202512907981873 0.13445245979293702 -2.5817339433729654 2.0425503344762896 -0.045250758826732636 -1.3307861036724515 -1.3206060814857485 -0.40771913217461631 1.8166011258508221 0.88918926443372459 1.0045879771312078 0.00082129781896417796 0.12456562648095736 -1.3924677179705713 -0.9020059843063355 1.3810731172561646 -0.77150374681785194 -0.70351141423595198 1.2051332702636719 1.8381257031972593 0.62216096946171362 -0.10908335944016774 -0.91701120912436063 0.97950283722444009 1.1276013820067696 -0.36034358429147845 0.47356743671000007 -0.29196275262271659
leaf_weight=21 3667 41 20 31 20 21 20 27 20 23 33 35 24 22 41 31 25 24 58 49 25 26 42 24 44 22 23 94 45 34
leaf_count=21 3667 41 20 31 20 21 20 27 20 23 33 35 24 22 41 31 25 24 58 49 25 26 42 24 44 22 23 94 45 34
internal_value=2.47307e-12 -0.0434804 -0.117548 -0.0759248 -0.930719 0.146198 0.450974 -0.279949 0.20701 0.653491 1.11402 -0.00594965 -0.0592317 -0.104501 -0.349261 -0.814121 -0.0309001 0.0139099 -0.0571116 0.204066 0.660069 1.00402 -0.146144 0.561435 -0.296615 -0.146103 -0.299913 -0.0678416 0.0499654 0.213211
internal_weight=4632 965 694 674 51 271 158 113 137 76 53 623 588 564 61 53 511 486 462 221 96 75 125 49 241 183 161 117 86 76
internal_count=4632 965 694 674 51 271 158 113 137 76 53 623 588 564 61 53 511 486 462 221 96 75 125 49 241 183 161 117 86 76
is_linear=0
shrinkage=0.05


Tree=281
num_leaves=31
num_cat=0
split_feature=7 4 6 7 5 4 3 6 3 5 4 7 7 5 3 6 7 0 6 7 0 5 7 4 3 5 7 7 7 0
split_gain=888.289 9012.38 27566.7 8459.29 7942.65 7748.74 12731.7 15305.5 14321.8 18268.9 14623.5 5401.55 3045.27 7505.02 3300.99 5961.06 2802.61 10439.8 18099.1 13359.1 16433.7 15041.4 16897.6 14674.3 24087.5 14817.7 11093.6 10785 10313.8 10573.7
threshold=3220.9750000000008 8518.2000000000025 7246.5500000000002 3223.9541666666673 9776.6000000000022 5155.1500000000005 211.30000000000004 525.6500000000002 19.750000000000004 67.700000000000003 76.000000000000014 3227.2583333333332 3235.0208333333335 86.750000000000014 235.90000000000001 8816.2500000000018 3253.7562500000008 4.5000000000000009 83.750000000000014 3248.2229166666671 9.5000000000000018 70.250000000000014 3241.5291666666676 8723.6500000000015 260.95000000000005 229.25000000000003 3247.4541666666673 3241.5291666666676 3256.6104166666669 13.500000000000002
decision_type=2 2 2 2 2 2 2 2 2 2 2 2 2 2 2 2 2 2 2 2 2 2 2 2 2 2 2 2 2 2
left_child=1 2 5 -2 -3 6 7 8 9 -1 -11 -5 13 -13 -15 -16 17 18 26 20 27 -22 -23 24 25 -21 -14 -19 29 -18
right_child=3 4 -4 11 -6 -7 -8 -9 -10 10 -12 12 16 14 15 -17 28 19 -20 23 21 22 -24 -25 -26 -27 -28 -29 -30 -31
leaf_value=-0.26434250707151713 -0.74835935031112877 0.043684493881814619 1.9553183447747005 0.59442484065106038 -1.1172352084746728 -0.85669829419681021 1.1600157764222887 -1.3074742245674136 -0.96491552435833483 1.7583147202768634 0.19627496415171131 0.31443453635040086 1.1615907271951438 -0.9223136110739274 0.34507090591249012 -0.83265720538117671 -0.13091581335498229 0.037175196834972932 -1.2425013470299104 0.37522023117968017 0.56637575342541646 0.073157704334992621 -1.2141907942295074 1.9599926790595057 -0.7276416010090283 2.1571328690648079 -0.46547373208132659 1.5887466748555503 0.00034106300704528201 -1.5033620678860209
leaf_weight=54 38 34 21 38 26 21 27 20 23 31 29 38 20 33 21 22 36 21 34 28 42 52 50 20 28 20 22 24 3736 23
leaf_count=54 38 34 21 38 26 21 27 20 23 31 29 38 20 33 21 22 36 21 34 28 42 52 50 20 28 20 22 24 3736 23
internal_value=-9.081e-10 0.0853542 0.229974 -0.00561696 -0.459381 0.0532315 0.157082 -0.0153969 0.173228 0.402853 1.00333 0.000934622 -0.00434702 -0.259297 -0.546162 -0.257488 0.0026463 0.135773 -0.384916 0.274624 0.030651 -0.229983 -0.557895 0.754945 0.437827 1.11768 0.309319 0.86468 -0.0100174 -0.665937
internal_weight=4632 286 226 4346 60 205 184 157 137 114 60 4308 4270 114 76 43 4156 361 76 285 189 144 102 96 76 48 42 45 3795 59
internal_count=4632 286 226 4346 60 205 184 157 137 114 60 4308 4270 114 76 43 4156 361 76 285 189 144 102 96 76 48 42 45 3795 59
is_linear=0
shrinkage=0.05


Tree=282
num_leaves=31
num_cat=0
split_feature=4 1 6 6 4 4 5 7 5 5 1 5 7 6 5 5 7 5 6 4 5 5 1 5 3 5 7 7 5 4
split_gain=884.715 12435.3 12945.6 9424.71 14486.2 3976.08 2268.65 9713.48 2126.69 3529.82 6533.41 4622.63 3617.54 3535.59 10852.8 14067.7 8624.23 12213.4 8073.78 11787.3 2630.94 2226.22 6926.13 3870.24 10849.6 4869.04 2198.76 2174.59 13880.9 17323.4
threshold=10227.300000000001 2.5000000000000004 10005.300000000001 9704.5000000000018 10365.050000000001 10365.050000000001 10430.500000000002 3286.6458333333335 10269.000000000002 10051.650000000003 1.5000000000000002 9987.0000000000018 3304.7541666666675 9849.1000000000022 9920.1500000000015 9776.6000000000022 3314.3020833333335 9636.2500000000018 9613.2000000000025 9679.1500000000015 9747.1000000000022 9316.3000000000011 3.5000000000000004 9141.2500000000018 746.15000000000009 9068.9000000000033 3315.7000000000007 3334.8958333333335 7349.1000000000013 7226.4500000000007
decision_type=2 2 2 2 2 2 2 2 2 2 2 2 2 2 2 2 2 2 2 2 2 2 2 2 2 2 2 2 2 2
left_child=6 2 5 -3 -5 -2 8 -8 9 11 -11 13 -12 18 15 16 17 -15 20 -20 21 23 -23 25 -25 27 -10 -1 29 -29
right_child=1 3 -4 4 -6 -7 7 -9 26 10 12 -13 -14 14 -16 -17 -18 -19 19 -21 -22 22 -24 24 -26 -27 -28 28 -30 -31
leaf_value=0.025198121170585477 -0.64066352665424353 0.93816127921595727 0.39466675817966462 -1.1772973775863649 0.62808270978927616 -1.6147462541406807 -0.34874463496000874 1.1385949073802857 -0.64227702193535297 -0.40774220029513047 0.89842736323674532 -0.55914789929583264 0.18455511680671147 0.12854096266356382 1.2974573265938532 -0.69856515793129814 -0.11313621759828595 1.8357489812374117 -0.038860892527031177 -1.5771701916307213 0.54707062610171053 0.19105154138344985 -1.0465831604599953 -0.28110201047814409 1.2908125181105876 -0.68438694408306722 0.028852055448552839 -0.052299989352317215 -0.58778174234940128 0.81106244844775055
leaf_weight=2840 20 33 20 20 25 22 23 21 26 24 36 37 35 22 21 40 36 20 33 20 22 26 20 23 21 26 23 924 111 62
leaf_count=2840 20 33 20 20 25 22 23 21 26 24 36 37 35 22 21 40 36 20 33 20 22 26 20 23 21 26 23 924 111 62
internal_value=2.43286e-12 -0.123778 -0.652328 0.296352 -0.174308 -1.1509 0.00385773 0.361122 0.000323639 0.00397253 0.305442 -0.00268166 0.546519 0.00214357 0.250172 0.0637913 0.454743 0.941497 -0.00620818 -0.619355 0.00176649 -0.00119346 -0.347051 0.00277695 0.46913 -0.00240083 -0.327257 0.00210302 -0.0576874 0.00198852
internal_weight=4632 140 62 78 45 42 4492 44 4448 4399 95 4304 71 4267 139 118 78 42 4128 53 4075 4053 46 4007 44 3963 49 3937 1097 986
internal_count=4632 140 62 78 45 42 4492 44 4448 4399 95 4304 71 4267 139 118 78 42 4128 53 4075 4053 46 4007 44 3963 49 3937 1097 986
is_linear=0
shrinkage=0.05


Tree=283
num_leaves=31
num_cat=0
split_feature=5 5 3 0 5 0 7 5 7 5 0 4 3 0 0 0 3 5 7 4 3 7 7 4 1 1 4 4 4 5
split_gain=850.219 17459.5 29748.7 21517.9 20599.2 17503.6 14121.8 12996.5 15662.1 12968.1 13087.6 11491.1 10823 12810.3 10427.1 9815.58 9414.44 23126.6 10950.1 12409 9324.29 16262.4 11139.9 9207.3 8763 8252.81 7673.45 6919.4 12173.3 12042.2
threshold=234.85000000000005 190.30000000000004 23.450000000000003 18.500000000000004 206.80000000000004 3.5000000000000004 3287.7395833333339 287.15000000000003 3248.9270833333339 302.15000000000003 22.500000000000004 2978.6000000000004 4.3500000000000005 18.500000000000004 17.500000000000004 1.5000000000000002 37.650000000000013 437.60000000000008 3284.5020833333342 76.000000000000014 7.0500000000000007 3303.5229166666668 3296.0916666666676 2808.5000000000005 2.5000000000000004 2.5000000000000004 57.550000000000004 1.0000000180025095e-35 32.900000000000006 2532.0500000000006
decision_type=2 2 2 2 2 2 2 2 2 2 2 2 2 2 2 2 2 2 2 2 2 2 2 2 2 2 2 2 2 2
left_child=1 11 3 4 -3 -6 -5 8 -2 -9 14 23 -10 -14 15 26 17 18 -17 -20 22 -22 24 -1 -16 -19 -11 29 -29 -18
right_child=7 2 -4 6 5 -7 -8 9 12 10 -12 -13 13 -15 20 16 27 25 19 -21 21 -23 -24 -25 -26 -27 -28 28 -30 -31
leaf_value=-0.014533654059160676 0.60906971876437854 1.9325038357377053 2.3020186185127214 0.24223669370015466 -0.72008918432088997 1.1734800495531248 -1.6142082305252552 1.0405624095598858 -0.23166061255794307 -1.3326924453179041 1.1106748342514039 -1.1514196804978631 -0.66524526448668664 -2.2114000160424481 -0.23129397019123041 0.46318082213401796 -1.4311251562574636 0.51460638929296421 -1.5941338497400286 0.12669416882775048 -2.0867652332782747 -0.26926590092480185 -0.72541111499071131 0.99224109545997963 1.1672859242984228 1.6933184098113667 -0.054651265040687895 1.2392775189876557 -0.00026705600932813055 0.033524460924996273
leaf_weight=1798 26 25 21 21 26 23 20 30 52 24 26 22 37 21 24 40 23 27 20 22 20 32 40 23 21 33 23 20 2056 36
leaf_count=1798 26 25 21 21 26 23 20 30 52 24 26 22 37 21 24 40 23 27 20 22 20 32 40 23 21 33 23 20 2056 36
internal_value=1.55723e-09 0.0248026 0.571511 0.255505 0.764599 0.168729 -0.663346 -0.0185014 -0.494588 0.00722277 -0.00524213 -0.0155405 -0.755453 -1.22506 -0.0170316 0.0079568 0.0227199 0.416942 -0.12888 -0.692748 -0.440922 -0.968304 -0.118288 -0.00181766 0.421377 1.1629 -0.707268 -0.00350001 0.0116746 -0.537441
internal_weight=4632 1979 136 115 74 49 41 2653 136 2517 2487 1843 110 58 2461 2324 2277 142 82 42 137 52 85 1821 45 60 47 2135 2076 59
internal_count=4632 1979 136 115 74 49 41 2653 136 2517 2487 1843 110 58 2461 2324 2277 142 82 42 137 52 85 1821 45 60 47 2135 2076 59
is_linear=0
shrinkage=0.05


Tree=284
num_leaves=31
num_cat=0
split_feature=7 7 1 7 0 6 7 6 6 7 3 0 7 7 5 1 7 4 7 0 1 0 7 1 0 4 3 7 0 4
split_gain=847.163 1596.33 7393.67 6304.03 5879.07 12218.9 5623.64 4725.47 6778.29 3630.06 8095.98 10777.1 7556.3 5535.5 11748.1 8473.16 7984.32 7702.92 2694.26 8739.18 11075 3272.34 3022.85 18476.3 9223.9 13268.6 10733.5 4165.06 22428.8 15416.7
threshold=3437.7812500000005 3388.8562500000003 5.5000000000000009 3418.2000000000003 11.500000000000002 173.65000000000003 3403.1062500000003 95.850000000000009 7014.6500000000005 3382.8354166666672 15.15 10.500000000000002 3380.1479166666672 3374.1062500000007 100.00000000000001 3.5000000000000004 3369.8625000000006 226.20000000000002 3363.041666666667 16.500000000000004 3.5000000000000004 5.5000000000000009 3356.5895833333338 4.5000000000000009 13.500000000000002 176.15000000000003 620.55000000000007 3353.4479166666674 8.5000000000000018 7474.7000000000016
decision_type=2 2 2 2 2 2 2 2 2 2 2 2 2 2 2 2 2 2 2 2 2 2 2 2 2 2 2 2 2 2
left_child=1 9 3 4 5 -3 -4 -6 -9 12 -11 -12 13 16 -15 -16 18 -18 22 20 21 -20 27 24 25 -24 -27 -1 -29 -30
right_child=-2 2 6 -5 7 -7 -8 8 -10 10 11 -13 -14 14 15 -17 17 -19 19 -21 -22 -23 23 -25 -26 26 -28 28 29 -31
leaf_value=0.00042064013479701351 0.25243169683398625 -0.56772375336060166 -0.057316774400797757 0.76094168281555186 0.23137518703937532 0.86324448236397344 -1.117432751737792 -1.1533318364620209 0.035004996326752011 -0.4171900601490684 0.022506839867967827 1.5083370835884757 -0.72265165282620325 -0.37401996169771468 1.5747002189358077 0.2162160557779399 -0.0075981080532073978 -1.0419333628482288 0.60836866180533944 -0.42528013894052219 1.4941809719259089 -0.18433844747332237 0.77797699570655832 0.73496598328862872 -1.3918422941808348 -1.4881268521149955 0.080234801173210149 -0.60237991958856585 2.1551870769262318 0.19197919309139252
leaf_weight=3832 33 26 22 25 20 35 29 30 20 23 26 23 36 28 24 22 36 36 23 33 22 30 20 35 27 24 20 32 20 20
leaf_count=3832 33 26 22 25 20 35 29 30 20 23 26 23 36 28 24 22 36 36 23 33 22 30 20 35 27 24 20 32 20 20
internal_value=1.31624e-09 -0.00181132 -0.1375 0.0333585 -0.105493 0.253324 -0.660128 -0.418176 -0.677997 0.00458387 0.356688 0.719937 -0.00128454 0.00477737 0.433473 0.92499 -0.0027579 -0.524766 0.00632489 0.252778 0.551124 0.159667 -0.000279821 -0.241323 -0.616819 -0.289856 -0.775235 0.00749976 0.384266 1.17358
internal_weight=4632 4599 207 156 131 61 51 70 50 4392 72 49 4320 4284 74 46 4210 72 4138 108 75 53 4030 126 91 64 44 3904 72 40
internal_count=4632 4599 207 156 131 61 51 70 50 4392 72 49 4320 4284 74 46 4210 72 4138 108 75 53 4030 126 91 64 44 3904 72 40
is_linear=0
shrinkage=0.05


Tree=285
num_leaves=31
num_cat=0
split_feature=5 4 4 3 5 3 4 5 6 6 7 6 3 4 4 7 1 3 6 3 0 6 6 4 4 4 1 5 7 0
split_gain=894.446 12779.4 51006.6 54112.1 16297.7 13826.1 14947.2 10185.5 9945.79 18789.8 17711.5 15407.1 17616.4 12103.6 16890.7 10137.7 9598.98 15461 15371.6 13844.5 13548.2 20060.9 13139 9546.94 8860.55 7703.35 10729.1 7698.17 12998.9 8638.75
threshold=16.800000000000004 125.15000000000002 100.15000000000002 7.0500000000000007 9.2500000000000018 34.100000000000009 144.45000000000002 6.6500000000000012 311.30000000000007 165.80000000000004 3350.4479166666674 25.350000000000005 10.250000000000002 290.4500000000001 191.35000000000005 3299.6583333333333 4.5000000000000009 23.850000000000005 45.750000000000007 19.450000000000003 3.5000000000000004 108.35000000000001 74.350000000000009 82.800000000000026 1862.3000000000002 48.600000000000009 3.5000000000000004 34.95000000000001 3269.7541666666671 1.5000000000000002
decision_type=2 2 2 2 2 2 2 2 2 2 2 2 2 2 2 2 2 2 2 2 2 2 2 2 2 2 2 2 2 2
left_child=1 2 4 -4 16 6 -3 8 9 11 -11 12 -8 14 -13 -10 17 19 -19 23 22 -22 -18 25 -15 26 -1 28 -2 -30
right_child=27 5 3 -5 -6 -7 7 -9 15 10 -12 13 -14 24 -16 -17 20 18 -20 -21 21 -23 -24 -25 -26 -27 -28 -29 29 -31
leaf_value=0.00032646568157734015 0.58547112058710171 1.4774905182066418 -0.23355487749494355 -3.5662347935494925 1.2656294393424805 1.382430270084968 0.029338832582746235 -0.89022821610172598 -1.2368020078410273 1.7490203387028462 -0.06900910919620877 -0.86057052060961725 1.4306732986912583 -1.5915495778505619 1.147100591659546 0.30239688873291021 0.66740358710289005 -0.19037849359835191 1.6393702138553967 -1.4803329092005026 -0.019973701046359156 1.7937389439344409 -1.0678272008895875 0.77234224806661189 -0.19171197414398194 -0.99044804743984172 -0.99201980522184674 0.0029540016333256675 0.20448930678160293 -0.89658834700342982
leaf_weight=156 27 21 29 21 26 26 70 24 23 37 21 20 33 26 22 20 20 24 22 23 31 30 24 23 20 34 33 3644 23 79
leaf_count=156 27 21 29 21 26 26 70 24 23 37 21 20 33 26 22 20 20 24 22 23 31 30 24 23 20 34 33 3644 23 79
internal_value=3.14494e-09 0.0460479 -0.118936 -1.63328 0.0508338 0.27148 0.185769 0.0999265 0.181309 0.302573 1.09077 0.0632262 0.47831 -0.422611 0.191067 -0.520896 -0.0243678 -0.162374 0.684719 -0.30723 0.38965 0.872016 -0.279086 -0.197549 -0.982925 -0.297583 -0.17294 -0.0104837 -0.390074 -0.648306
internal_weight=4632 859 496 50 446 363 337 316 292 249 58 191 103 88 42 43 420 315 46 269 105 61 44 246 46 223 189 3773 129 102
internal_count=4632 859 496 50 446 363 337 316 292 249 58 191 103 88 42 43 420 315 46 269 105 61 44 246 46 223 189 3773 129 102
is_linear=0
shrinkage=0.05


Tree=286
num_leaves=31
num_cat=0
split_feature=5 5 3 0 1 5 7 5 7 5 0 4 3 0 0 0 3 5 6 3 1 4 7 4 3 5 5 7 3 6
split_gain=844.586 15585.8 26791.1 19324.9 19585.4 20109.4 12716.7 11604.5 14088.7 11809.4 11732.4 10414.8 9787.64 11599.9 9384.98 8862.58 8530.4 20834.5 10228.8 8455.98 8765.03 8155.3 7621.23 7021.4 6849.83 6685.55 6569.75 31101.9 18739.2 6554.24
threshold=234.85000000000005 190.30000000000004 23.450000000000003 18.500000000000004 1.5000000000000002 206.80000000000004 3287.7395833333339 287.15000000000003 3248.9270833333339 302.15000000000003 22.500000000000004 2978.6000000000004 4.3500000000000005 5.5000000000000009 17.500000000000004 1.5000000000000002 37.650000000000013 437.60000000000008 89.050000000000011 25.050000000000004 3.5000000000000004 2808.5000000000005 3283.7375000000006 57.550000000000004 1.7500000000000002 476.80000000000001 2318.4500000000003 3321.2354166666669 201.10000000000005 2466.2500000000005
decision_type=2 2 2 2 2 2 2 2 2 2 2 2 2 2 2 2 2 2 2 2 2 2 2 2 2 2 2 2 2 2
left_child=1 11 3 4 -3 -6 -5 8 -2 -9 14 21 -10 -14 15 23 17 18 24 20 25 -1 -19 -11 -17 -16 27 28 -18 -28
right_child=7 2 -4 6 5 -7 -8 9 12 10 -12 -13 13 -15 19 16 26 22 -20 -21 -22 -23 -24 -25 -26 -27 29 -29 -30 -31
leaf_value=-0.012299859434784753 0.5784474785511311 -0.61277317002415665 2.183495034490313 0.22995612507774715 2.4769146415591243 0.47884008674060602 -1.5317138001322748 0.99196588834126787 -0.21761587752172581 -1.27136247754097 1.0505323116595928 -1.0947716593742371 -0.45520364200246749 -1.8694094750387915 -1.0518088682196463 -0.15492163691027414 -2.3884538024663926 0.38909308806709619 -0.80274571866700151 -1.3694411650300027 0.25288228155398856 0.93521513316942306 1.5481192660090086 -0.04882762276608011 1.0478797308355572 -0.049361286492183298 0.40803124457597734 0.81303799979148372 -0.43745168894529346 -0.006999133479281436
leaf_weight=1798 26 20 21 21 20 34 20 30 52 24 26 22 29 29 39 29 20 23 33 20 49 23 37 23 20 29 100 31 32 1952
leaf_count=1798 26 20 21 21 20 34 20 30 52 24 26 22 29 29 39 29 20 23 33 20 49 23 37 23 20 29 100 31 32 1952
internal_value=-2.84202e-09 0.0247203 0.541262 0.241376 0.72383 1.21887 -0.629395 -0.01844 -0.46831 0.0058676 -0.00602744 -0.0133967 -0.715726 -1.16231 -0.0171898 0.00651701 0.0205451 0.395801 -0.122265 -0.41934 -0.25693 -0.000332344 1.10383 -0.673101 0.336018 -0.624294 -0.00441337 -0.440522 -1.18784 0.0132265
internal_weight=4632 1979 136 115 74 54 41 2653 136 2517 2487 1843 110 58 2461 2324 2277 142 82 137 117 1821 60 47 49 68 2135 83 52 2052
internal_count=4632 1979 136 115 74 54 41 2653 136 2517 2487 1843 110 58 2461 2324 2277 142 82 137 117 1821 60 47 49 68 2135 83 52 2052
is_linear=0
shrinkage=0.05


Tree=287
num_leaves=31
num_cat=0
split_feature=4 6 5 5 4 1 4 6 4 7 5 6 3 3 3 6 4 6 6 3 5 5 7 7 5 5 6 5 6 5
split_gain=829.39 1321.46 7676.69 5840.04 10572.8 4625.38 2180.21 2847.19 15098.2 3769.67 3385.07 19034.7 2534.32 4801.27 3734.03 5740.92 3306.63 4869.67 13617.6 5824.65 5545.09 2102.88 1797.54 13894.8 14035.2 10594.3 15909.1 10398.3 10384.5 9950.99
threshold=10585.200000000003 10300.400000000003 9962.7500000000018 10430.500000000002 9856.4500000000025 3.5000000000000004 10427.450000000003 10105.550000000001 9334.8000000000011 3299.3145833333342 10189.050000000001 9786.0500000000011 858.1500000000002 844.95000000000016 834.70000000000016 10005.300000000001 10227.300000000001 9899.1500000000015 9786.0500000000011 813.10000000000002 9532.1000000000022 10269.000000000002 3284.5020833333342 3285.5000000000005 8931.6500000000033 8901.7000000000025 8816.2500000000018 8836.0500000000011 8785.8000000000011 8708.7000000000025
decision_type=2 2 2 2 2 2 2 2 2 2 2 2 2 2 2 2 2 2 2 2 2 2 2 2 2 2 2 2 2 2
left_child=1 3 -3 6 -5 21 7 10 -9 -10 12 -12 13 14 15 16 17 18 19 20 22 -4 25 -24 27 28 -27 29 -1 -25
right_child=-2 2 5 4 -6 -7 -8 8 9 -11 11 -13 -14 -15 -16 -17 -18 -19 -20 -21 -22 -23 23 24 -26 26 -28 -29 -30 -31
leaf_value=-0.034853608619192636 -0.27130241096019747 0.42453850788228653 0.17304265201091767 1.4223520421981812 -0.18397218783696492 -1.0925757928328081 0.46574490547180175 0.72545836400985719 -0.29551092338562013 -1.1207214866194033 -0.78282219588756563 1.2085488889614742 -0.4939363007362072 0.5930082279969664 -0.50363375396039844 0.80644861513918098 -0.46161548090286741 0.65809746310114869 -1.3050406920909883 0.62732528351448691 -0.62949711152485444 -0.54333833285740452 1.0479507921320019 -0.0080728957344497927 0.65425419017493014 0.12970952093601226 -1.4349417516679477 -1.0016198533658798 0.77220394720391539 0.8937102398564738
leaf_weight=1431 28 34 20 20 21 22 25 25 25 31 20 30 26 34 37 22 39 28 20 37 35 21 33 2322 83 32 33 26 41 31
leaf_count=1431 28 34 20 20 21 22 25 25 25 31 20 30 26 34 37 22 39 28 20 37 35 21 33 2322 83 32 33 26 41 31
internal_value=6.81381e-10 0.00164997 -0.180944 0.00557978 0.599601 -0.507713 0.00012639 -0.00249475 -0.296218 -0.752324 0.00296204 0.412 -0.00178318 0.00120374 -0.00353069 0.000861382 -0.00336742 0.000936931 -0.00352488 0.00281779 -0.00286374 -0.193884 0.00257579 0.0287788 0.0151181 -0.0399594 -0.664652 -0.00718048 -0.0123744 0.0038078
internal_weight=4632 4604 97 4507 41 63 4466 4441 81 56 4360 50 4310 4284 4250 4213 4191 4152 4124 4104 4067 41 4032 2495 2462 1537 65 2379 1472 2353
internal_count=4632 4604 97 4507 41 63 4466 4441 81 56 4360 50 4310 4284 4250 4213 4191 4152 4124 4104 4067 41 4032 2495 2462 1537 65 2379 1472 2353
is_linear=0
shrinkage=0.05


Tree=288
num_leaves=31
num_cat=0
split_feature=5 4 4 3 5 3 4 4 7 1 0 6 4 3 1 3 6 3 0 6 6 4 0 4 1 5 7 0 4 5
split_gain=840.357 11494.3 46073.7 48779.4 14719.1 12550.1 13517.1 9683.18 9918.17 18365.2 17724.3 15569.7 18882.5 12078.7 8678.72 13966.5 13874.4 12481.6 12224.4 18193.4 11859.6 8630.24 8628.08 6958.14 9681.32 6929.86 11784.7 7825.18 8694.03 6659.54
threshold=16.800000000000004 125.15000000000002 100.15000000000002 7.0500000000000007 9.2500000000000018 34.100000000000009 144.45000000000002 178.85000000000002 3337.6979166666665 3.5000000000000004 3.5000000000000004 169.95000000000002 296.35000000000008 9.2500000000000018 4.5000000000000009 23.850000000000005 45.750000000000007 19.450000000000003 3.5000000000000004 95.850000000000009 74.350000000000009 82.800000000000026 18.500000000000004 51.45000000000001 3.5000000000000004 34.95000000000001 3269.7541666666671 1.5000000000000002 2.3500000000000005 28.750000000000004
decision_type=2 2 2 2 2 2 2 2 2 2 2 2 2 2 2 2 2 2 2 2 2 2 2 2 2 2 2 2 2 2
left_child=1 2 4 -4 14 6 -3 -8 9 11 -10 12 -9 22 15 17 -17 21 20 -20 -16 23 -12 24 -1 26 -2 -28 -29 -30
right_child=25 5 3 -5 -6 -7 7 8 10 -11 13 -13 -14 -15 18 16 -18 -19 19 -21 -22 -23 -24 -25 -26 -27 27 28 29 -31
leaf_value=-0.014084789249467553 0.55855519771575934 1.4051447652635121 -0.22212512164280335 -3.3863305466515676 1.2039846303084722 1.316874582033891 -0.65348971893912866 1.0737868243250355 1.9051711332230341 -0.55744691633042842 -0.95719286853616892 1.4194763528889625 -0.53593283186153495 1.1322149207194647 0.63572156548500069 -0.17945036403834821 1.5589072384617546 -1.4047154678193774 -0.13907379750852231 1.5994094738188913 -1.0128592987855276 0.73544241708257929 0.47771946400403975 -1.0188783490232058 -0.94262837841011149 0.0025877393034831691 0.19545816001684771 -0.058449725806713107 -1.7199335410677155 -0.61791792420240554
leaf_weight=161 27 21 29 21 26 26 38 29 21 84 22 29 49 24 20 24 22 23 27 34 24 23 20 28 34 3644 23 24 29 26
leaf_count=161 27 21 29 21 26 26 38 29 21 84 22 29 49 24 20 24 22 23 27 34 24 23 20 28 34 3644 23 24 29 26
internal_value=-6.49955e-10 0.0446339 -0.111835 -1.55109 0.049517 0.258431 0.176771 0.0951382 0.197469 -0.00409224 0.639976 0.430317 0.0625527 0.237414 -0.02195 -0.153174 0.651938 -0.290851 0.371721 0.829917 -0.263504 -0.186709 -0.273901 -0.281819 -0.175985 -0.0101618 -0.370312 -0.616188 -0.85249 -1.19898
internal_weight=4632 859 496 50 446 363 337 316 278 191 87 107 78 66 420 315 46 269 105 61 44 246 42 223 195 3773 129 102 79 55
internal_count=4632 859 496 50 446 363 337 316 278 191 87 107 78 66 420 315 46 269 105 61 44 246 42 223 195 3773 129 102 79 55
is_linear=0
shrinkage=0.05


Tree=289
num_leaves=31
num_cat=0
split_feature=0 7 3 7 3 5 7 5 5 4 5 4 5 6 0 3 7 1 7 3 7 7 6 1 5 6 6 4 7 4
split_gain=828.612 12492.1 17434.2 14687.5 10357.5 20671.9 31801.2 27937.9 22841.7 9896.45 10986.3 6913.58 4948.76 4204.97 3924.08 13121.1 46509.3 29642.6 14218 13429.2 12684.6 17908.8 11214.9 16104 9389.13 7594.52 6971.35 9885.51 9772.94 4591.88
threshold=21.500000000000004 3242.9333333333338 1.0500000000000003 3261.4479166666674 1.0000000180025095e-35 15.250000000000002 3320.8041666666668 100.00000000000001 234.85000000000005 82.800000000000026 55.250000000000007 265.45000000000005 90.300000000000026 67.40000000000002 19.500000000000004 4.3500000000000005 3315.0250000000005 4.5000000000000009 3232.2687500000006 20.850000000000005 3289.2416666666672 3274.3979166666672 16.800000000000004 3.5000000000000004 90.300000000000026 83.750000000000014 357.30000000000001 55.250000000000007 3317.0979166666675 79.600000000000009
decision_type=2 2 2 2 2 2 2 2 2 2 2 2 2 2 2 2 2 2 2 2 2 2 2 2 2 2 2 2 2 2
left_child=14 2 -2 -3 9 6 -6 -7 -9 10 13 12 -11 -5 -1 18 20 19 -16 -18 21 24 23 29 -17 -24 27 -27 -29 -20
right_child=1 3 -4 4 5 7 -8 8 -10 11 -12 -13 -14 -15 15 16 17 -19 22 -21 -22 -23 25 -25 -26 26 -28 28 -30 -31
leaf_value=-0.0088239361950403824 -0.077141093665903271 1.1843884779856755 -1.9479842782020569 -0.96134616084720781 2.237825803403501 -1.4416690794690963 -0.14671484118905562 1.3368298752349803 -0.52436601554646212 -1.7699444746971134 0.68153957327206927 -0.19984749596694421 -0.65765366077423104 -0.033236910746647766 1.6743757441639902 -0.36863744258880615 -0.63065146186522081 2.3342230637868244 0.8075166425853969 1.0201321586966514 -1.9738790429156758 0.63573679894208912 -0.54767465695738793 1.9679769663583664 -1.835496894021829 -0.20597801394760609 -0.48862069407477976 1.5910559631310977 0.19187013568977518 -0.25108444123041063
leaf_weight=3860 33 26 20 23 27 31 29 32 34 20 36 29 20 26 20 20 28 21 20 22 23 20 40 21 24 32 24 26 24 21
leaf_count=3860 33 26 20 23 27 31 29 32 34 20 36 29 20 26 20 20 28 21 20 22 23 20 40 21 24 32 24 26 24 21
internal_value=1.89968e-09 -0.0701387 -0.78312 0.0433387 -0.0532974 0.238071 1.00297 -0.203522 0.378032 -0.342774 0.0183565 -0.787646 -1.2138 -0.46888 0.00637625 0.158378 -0.191809 0.757794 0.401052 0.0956933 -0.966772 -0.604843 0.278617 0.842017 -1.16874 0.0393641 0.260888 0.480257 0.919447 0.265306
internal_weight=4632 386 53 333 307 153 56 97 66 154 85 69 40 49 4246 386 158 71 228 50 87 64 208 62 44 146 106 82 50 41
internal_count=4632 386 53 333 307 153 56 97 66 154 85 69 40 49 4246 386 158 71 228 50 87 64 208 62 44 146 106 82 50 41
is_linear=0
shrinkage=0.05


Tree=290
num_leaves=31
num_cat=0
split_feature=7 7 3 4 4 4 3 6 3 5 3 3 5 5 6 0 4 4 4 7 1 0 0 3 3 7 0 7 5 5
split_gain=849.427 7027.22 7578.22 5397.68 6627.34 5390 8559.4 20982.5 12219 8273.32 6795.1 10033.2 10101.6 16465.6 10018.5 6580.39 15326.8 13554.1 10594.5 5798.32 31387 26914.5 7890.13 29933.1 19976.2 6795.99 13912 18966.8 11228.8 19723.6
threshold=3318.1333333333337 3321.2354166666669 751.25000000000011 5314.1000000000013 244.25000000000003 23.550000000000004 32.250000000000007 83.750000000000014 23.450000000000003 2494.3500000000008 13.050000000000002 8.5500000000000025 67.700000000000003 21.350000000000005 117.25000000000001 1.5000000000000002 121.90000000000002 208.70000000000002 358.65000000000003 3325.514583333334 1.5000000000000002 11.500000000000002 3.5000000000000004 1.7500000000000002 16.900000000000002 3334.8958333333335 9.5000000000000018 3333.0791666666669 9371.5500000000011 5765.1500000000005
decision_type=2 2 2 2 2 2 2 2 2 2 2 2 2 2 2 2 2 2 2 2 2 2 2 2 2 2 2 2 2 2
left_child=-1 2 3 4 -2 6 8 -8 10 -9 11 12 13 -3 -14 16 -7 -18 -19 20 -17 -22 23 -21 -25 26 -24 28 29 -28
right_child=1 5 -4 -5 -6 15 7 9 -10 -11 -12 -13 14 -15 -16 19 17 18 -20 22 21 -23 25 24 -26 -27 27 -29 -30 -31
leaf_value=0.01700046526504807 -0.96242642035851123 0.065916483402252202 0.30331090458979215 -1.419960367679596 0.2482190338894725 -1.317874287113999 2.0441067719459531 -0.59549624432216997 -1.1340579560399056 0.76075753543687907 0.81805075244470071 -0.93761365517326023 -0.87365346165264368 1.5735745527126173 0.30059551818248553 -1.800786026460784 0.98157661220301751 -1.2889689662239769 0.28111454108286477 -0.53881606023486073 -0.86867067917729879 1.0831681532295128 0.98542544922480979 2.2061857777613181 0.20094935868097391 -0.078528563170491353 0.028339262112327249 1.0835259506478907 0.41334865952008654 -1.5880879638716578
leaf_weight=2841 26 55 24 20 20 33 20 22 20 23 33 23 34 27 39 28 23 22 21 41 33 38 48 27 23 920 46 32 38 32
leaf_count=2841 26 55 24 20 20 33 20 22 20 23 33 23 34 27 39 28 23 22 21 41 33 38 48 27 23 920 46 32 38 32
internal_value=-1.23746e-09 -0.0269672 -0.457538 -0.734211 -0.436059 -0.0041857 0.189726 0.696594 0.047101 0.0977001 0.159059 0.0368866 0.18149 0.56234 -0.246315 -0.0450383 -0.438056 0.00185379 -0.522184 -0.0152461 -0.383109 0.175975 0.0149266 0.462609 1.28378 -0.0215779 0.245741 0.00584372 -0.291448 -0.63481
internal_weight=4632 1791 90 66 46 1701 296 65 231 45 211 178 155 82 73 1405 99 66 43 1306 99 71 1207 91 50 1116 196 148 116 78
internal_count=4632 1791 90 66 46 1701 296 65 231 45 211 178 155 82 73 1405 99 66 43 1306 99 71 1207 91 50 1116 196 148 116 78
is_linear=0
shrinkage=0.05


Tree=291
num_leaves=31
num_cat=0
split_feature=5 6 7 6 4 4 3 6 1 6 3 5 7 6 4 1 7 4 3 3 1 3 6 5 3 6 7 5 5 6
split_gain=834.456 1909.73 6972.35 1733 11721.8 10727.6 6425.91 13233 14082.3 6086.42 3942.5 4646.05 2339.9 4214.51 2213.44 21986.5 9000.18 5942.93 16656.2 10032 9301.61 6759.3 5550.69 2946.19 10558.5 2416.63 6353.3 1987.01 5296.67 4879.97
threshold=10595.750000000002 10431.050000000001 3292.7666666666669 9989.3500000000022 9197.4500000000025 10340.150000000003 844.95000000000016 9849.1000000000022 2.5000000000000004 10133.050000000001 859.55000000000007 10340.150000000003 3271.014583333334 10133.050000000001 10227.300000000001 2.5000000000000004 3327.2500000000005 9991.0500000000011 808.75000000000011 827.1500000000002 3.5000000000000004 817.55000000000007 9786.0500000000011 9532.1000000000022 788.75000000000011 9244.2000000000025 3303.5229166666668 9270.3500000000022 9104.1500000000015 8785.8000000000011
decision_type=2 2 2 2 2 2 2 2 2 2 2 2 2 2 2 2 2 2 2 2 2 2 2 2 2 2 2 2 2 2
left_child=1 3 -3 6 9 10 14 8 -8 -5 11 12 -6 -14 17 -16 -17 19 20 21 -19 23 -21 25 -25 27 -27 28 -1 -30
right_child=-2 2 -4 4 5 -7 7 -9 -10 -11 -12 -13 13 -15 15 16 -18 18 -20 22 -22 -23 -24 24 -26 26 -28 -29 29 -31
leaf_value=0.0018284974846051129 -0.27212979750973837 -0.34860672246326102 0.85051818335497831 -0.075463922818501797 -0.18640094757080081 0.62316232764202617 0.98786238091332579 1.4628975217757019 -0.7249730023954597 0.95931095858414972 -0.067738178186118603 -1.3867322471737862 -0.22477167791553906 -1.177121258698977 -1.2889369432003268 1.1646248645487833 -0.28250917593638103 0.5764200218262211 1.6786858436465264 -0.27031204185082708 -0.71984062957763673 0.87639783810485494 -1.360923753231764 -1.1312681193351746 0.23098889431267075 0.97454403205351403 -0.21395986131999806 0.47244980768723926 -1.128751904964447 -0.024218905568122867
leaf_weight=3889 28 22 27 27 30 23 21 23 28 30 32 20 21 26 31 22 21 31 20 28 25 22 20 25 33 22 23 22 20 20
leaf_count=3889 28 22 27 27 30 23 21 23 28 30 32 20 21 26 31 22 21 31 20 28 25 22 20 25 33 22 23 22 20 20
internal_value=1.72562e-10 0.001655 0.312136 -0.00168496 -0.142321 -0.371624 0.00507826 0.473507 0.0090993 0.469154 -0.54899 -0.707753 -0.531395 -0.751603 -0.00281292 -0.273892 0.457885 0.00196324 0.440088 -0.00611085 -0.00226777 0.00235184 -0.724734 -0.00239138 -0.356191 0.00274384 0.367086 -0.00140585 -0.00405915 -0.576485
internal_weight=4632 4604 49 4555 209 152 4346 72 49 57 129 97 77 47 4274 74 43 4200 76 4124 56 4076 48 4054 58 3996 45 3951 3929 40
internal_count=4632 4604 49 4555 209 152 4346 72 49 57 129 97 77 47 4274 74 43 4200 76 4124 56 4076 48 4054 58 3996 45 3951 3929 40
is_linear=0
shrinkage=0.05


Tree=292
num_leaves=31
num_cat=0
split_feature=1 4 4 4 6 3 7 7 7 7 5 7 5 7 5 3 4 3 7 6 3 4 6 5 6 3 3 7 1 3
split_gain=837.858 7011.65 9723.55 22460.2 14600.4 18876.7 18185.5 11784.2 13932.2 11024.4 10318.7 10067.7 11815.5 9966.97 12931 15761.5 10381.4 8500.19 8028.31 11826.8 16642.9 8203.97 5861.25 10573.2 5714.83 5012.74 4918.67 6650.07 10962.3 3739.95
threshold=1.0000000180025095e-35 9885.0500000000011 5536.0500000000011 7260.1500000000005 3058.6500000000001 430.15000000000003 3377.3104166666676 3333.5895833333338 3339.2791666666672 3264.1458333333344 7014.6500000000005 3304.7541666666675 92.450000000000017 3287.7395833333339 160.10000000000005 4.0500000000000007 44.45000000000001 797.25000000000011 3354.9958333333343 209.10000000000005 0.35000000000000003 93.050000000000026 9704.5000000000018 8547.0000000000018 183.05000000000004 872.35000000000002 850.15000000000009 3334.2270833333337 4.5000000000000009 840.35000000000002
decision_type=2 2 2 2 2 2 2 2 2 2 2 2 2 2 2 2 2 2 2 2 2 2 2 2 2 2 2 2 2 2
left_child=1 2 4 -4 6 -6 7 11 -9 -5 -7 13 -13 14 15 16 -1 -3 21 20 -20 -10 23 -11 -16 26 29 28 -28 -2
right_child=25 17 3 9 5 10 -8 8 18 22 -12 12 -14 -15 24 -17 -18 -19 19 -21 -22 -23 -24 -25 -26 -27 27 -29 -30 -31
leaf_value=1.0975734090805054 -0.011784467686450592 -1.3164694530749694 1.6722755481799443 1.0297695018627027 -1.8609469158170016 0.74298973321914685 1.495588348128579 -1.5158581710997083 -0.42073832296806835 0.18929213059800012 -0.82621730457652698 -0.02917779891387276 1.4565458033233882 -0.60141416677208837 -0.87368334066867837 1.7217259274423122 -0.34608020407683926 0.014271727005640666 0.088053376778312362 0.40178399905562401 -1.7271575986806835 0.79488220374499052 0.46892620900581622 -1.1142667340646897 0.15788901219594068 0.61450225040316586 -0.17988554603036713 0.18334895726293327 -1.6551288676261902 0.37972302436828614
leaf_weight=20 3780 20 30 27 23 20 22 21 23 35 22 23 32 43 25 25 33 30 23 26 28 35 29 28 29 32 34 32 20 62
leaf_count=20 3780 20 30 27 23 20 22 21 23 35 22 23 32 43 25 25 33 30 23 26 28 35 29 28 29 32 34 32 20 62
internal_value=8.27775e-11 0.0516219 0.0974134 0.449642 -0.0135423 -0.709519 0.0973364 0.0176433 -0.317807 0.141415 -0.0789759 0.245166 0.835243 0.0597135 0.275081 0.686846 0.198695 -0.518025 -0.131444 -0.466088 -0.908533 0.312826 -0.119298 -0.390067 -0.319691 -0.00876008 -0.0138376 -0.387808 -0.726272 -0.00546654
internal_weight=4632 672 622 149 473 65 408 386 156 119 42 230 55 175 132 78 53 50 135 77 51 58 92 63 54 3960 3928 86 54 3842
internal_count=4632 672 622 149 473 65 408 386 156 119 42 230 55 175 132 78 53 50 135 77 51 58 92 63 54 3960 3928 86 54 3842
is_linear=0
shrinkage=0.05


Tree=293
num_leaves=31
num_cat=0
split_feature=7 7 5 6 5 6 4 4 3 4 4 3 1 6 3 3 6 7 3 7 3 7 1 3 7 7 5 3 3 4
split_gain=855.642 2331.16 1207.41 2649.55 6618.46 2110.93 12371.1 16387.1 10585 4463.66 13812.3 9640.84 21710.9 5171.84 14370.4 8056.36 4619.32 4529.27 5687.91 13688.1 17849.4 27213.9 8998.67 10619.6 12818 22281.7 17278.7 8329.44 7078.77 3261.75
threshold=3174.9083333333333 3191.9708333333338 10595.750000000002 10431.050000000001 10078.150000000001 10105.550000000001 9334.8000000000011 10200.6 842.95000000000016 9453.4000000000015 9623.9500000000025 827.1500000000002 2.5000000000000004 9444.6000000000004 768.00000000000011 806.90000000000009 9874.4500000000025 3232.2687500000006 827.1500000000002 3355.9854166666673 838.80000000000007 3324.6937500000008 5.5000000000000009 732.25000000000011 3327.2500000000005 3269.3083333333338 9141.2500000000018 719.45000000000016 797.25000000000011 9197.4500000000025
decision_type=2 2 2 2 2 2 2 2 2 2 2 2 2 2 2 2 2 2 2 2 2 2 2 2 2 2 2 2 2 2
left_child=-1 -2 3 5 -5 9 -7 8 -8 11 -11 13 -13 14 29 -15 -14 -12 22 20 -20 -22 23 27 25 -25 -26 -19 -27 -3
right_child=1 2 -4 4 -6 6 7 -9 -10 10 17 12 16 15 -16 -17 -18 18 19 -21 21 -23 -24 24 26 28 -28 -29 -30 -31
leaf_value=-0.23628464278421904 0.39195055302820708 0.0037548907700340793 -0.33466765615675187 1.0084637343883516 -0.16987780103316674 0.56297509556538183 -1.5098083660883064 0.69174450744282123 -0.30281345231028706 1.0574998398621878 -0.64690135405177163 0.45882479985555014 -0.81786946880941602 -0.075767133855506 -1.0186091382162912 0.99210665478850868 -1.8467490677535534 0.16834545476096019 1.687125866643844 -0.51473671485637806 -0.97976399552822113 1.4617812724340531 -0.78274173070402719 -1.0010123047828674 0.029819500857386095 0.3878863825247838 -1.8534058372179669 1.4856533086016066 1.5448707759380342 -0.47445593443181783
leaf_weight=38 38 3749 27 22 26 38 34 22 39 39 21 30 24 38 35 33 20 28 31 29 25 21 34 25 29 39 21 21 20 36
leaf_count=38 38 3749 27 22 26 38 34 22 39 39 21 30 24 38 35 33 20 28 31 29 25 21 34 25 29 39 21 21 20 36
internal_value=-1.59805e-10 0.00195447 -0.00129835 0.000689053 0.370195 -0.00326906 -0.199487 -0.504472 -0.864975 0.00273301 0.165735 -0.0130122 -0.578366 -0.00226016 -0.010119 0.420569 -1.28554 0.0646337 0.110895 0.411102 0.759795 0.134854 -0.0357507 0.103034 -0.127292 0.249996 -0.761135 0.732906 0.780084 -0.000793482
internal_weight=4632 4594 4556 4529 48 4481 133 95 73 4348 383 3965 74 3891 3820 71 44 344 323 106 77 46 217 183 134 84 50 49 59 3785
internal_count=4632 4594 4556 4529 48 4481 133 95 73 4348 383 3965 74 3891 3820 71 44 344 323 106 77 46 217 183 134 84 50 49 59 3785
is_linear=0
shrinkage=0.05


Tree=294
num_leaves=31
num_cat=0
split_feature=0 7 3 7 3 5 7 5 5 4 5 4 5 6 0 3 7 1 7 3 7 7 6 1 7 6 6 4 7 4
split_gain=840.218 11134.4 15626.9 13170.7 9295.52 18645.9 28642.2 24915.9 20876.9 8863.53 9928.66 6270.2 4383.08 3763.38 3371.21 11920.5 41967.9 26852.1 12814 11535.1 11375.6 16055.3 10116.9 14637.8 8921.09 6800.26 6231.86 9117.01 8882.4 4043.09
threshold=21.500000000000004 3242.9333333333338 1.0500000000000003 3261.4479166666674 1.0000000180025095e-35 15.250000000000002 3320.8041666666668 100.00000000000001 234.85000000000005 82.800000000000026 55.250000000000007 265.45000000000005 90.300000000000026 67.40000000000002 19.500000000000004 4.3500000000000005 3315.0250000000005 4.5000000000000009 3232.2687500000006 20.850000000000005 3289.2416666666672 3274.3979166666672 16.800000000000004 3.5000000000000004 3247.4541666666673 83.750000000000014 357.30000000000001 55.250000000000007 3317.0979166666675 79.600000000000009
decision_type=2 2 2 2 2 2 2 2 2 2 2 2 2 2 2 2 2 2 2 2 2 2 2 2 2 2 2 2 2 2
left_child=14 2 -2 -3 9 6 -6 -7 -9 10 13 12 -11 -5 -1 18 20 19 -16 -18 21 24 23 29 -17 -24 27 -27 -29 -20
right_child=1 3 -4 4 5 7 -8 8 -10 11 -12 -13 -14 -15 15 16 17 -19 22 -21 -22 -23 25 -25 -26 26 -28 28 -30 -31
leaf_value=-0.0076680168575592768 -0.075365645596475322 1.1170286802145151 -1.846585774421692 -0.91655449452607529 2.1193914757834542 -1.3676389201033501 -0.1436166574215067 1.2674610298126936 -0.5118866864372702 -1.6794905149936676 0.64297825230492489 -0.19047517940915865 -0.6327004170417786 -0.038530677098494309 1.5874352020025253 -0.33389821887016297 -0.58776475432594977 2.2159704594385055 0.75643759985221548 0.94217885949394931 -1.8763535561768905 0.59474246984347701 -0.52035112529993055 1.8709687357857114 -1.7637287879983585 -0.20685074422508479 -0.46387963971743984 1.5142230570316315 0.18030862792705496 -0.23689331838062833
leaf_weight=3860 33 26 20 23 27 31 29 32 34 20 36 29 20 26 20 20 28 21 20 22 23 20 40 21 24 32 24 26 24 21
leaf_count=3860 33 26 20 23 27 31 29 32 34 20 36 29 20 26 20 20 28 21 20 22 23 20 40 21 24 32 24 26 24 21
internal_value=4.06418e-10 -0.0706282 -0.743751 0.0365054 -0.0550047 0.221023 0.947477 -0.198373 0.350827 -0.32924 0.0125255 -0.750255 -1.1561 -0.450664 0.00642075 0.147308 -0.186474 0.715576 0.378613 0.0854104 -0.922629 -0.579884 0.262381 0.797489 -1.11381 0.0351426 0.244763 0.452171 0.873944 0.247658
internal_weight=4632 386 53 333 307 153 56 97 66 154 85 69 40 49 4246 386 158 71 228 50 87 64 208 62 44 146 106 82 50 41
internal_count=4632 386 53 333 307 153 56 97 66 154 85 69 40 49 4246 386 158 71 228 50 87 64 208 62 44 146 106 82 50 41
is_linear=0
shrinkage=0.05


Tree=295
num_leaves=31
num_cat=0
split_feature=0 5 4 7 3 4 0 5 3 3 1 4 1 3 1 3 5 7 7 5 7 3 6 1 4 4 3 5 0 7
split_gain=837.146 15939.3 9866.9 9050.85 4677.31 7076.28 2335.3 9924.63 12373.6 33233 21805.9 10773.4 12108.1 12918.1 7243.79 5217.31 4961.23 2851.65 17220.3 24788.5 15732.1 17737.8 27585.6 12973.7 14173.8 18686.1 17056.5 11500.2 11158.6 18123.6
threshold=1.0000000180025095e-35 259.55000000000007 220.80000000000004 3272.5604166666667 18.950000000000003 46.250000000000007 2.5000000000000004 111.70000000000002 27.850000000000005 17.150000000000002 5.5000000000000009 57.550000000000004 2.5000000000000004 5.4500000000000011 3.5000000000000004 6.6500000000000012 229.25000000000003 3263.4750000000004 3267.8666666666668 2738.6000000000008 3259.0125000000003 12.250000000000002 2932.7000000000003 3.5000000000000004 9453.4000000000015 9954.9000000000033 806.90000000000009 8503.9500000000025 15.500000000000002 3233.6312500000008
decision_type=2 2 2 2 2 2 2 2 2 2 2 2 2 2 2 2 2 2 2 2 2 2 2 2 2 2 2 2 2 2
left_child=1 2 3 -1 5 -5 7 8 9 10 14 15 -13 -14 -2 16 -9 20 19 -19 23 -22 -23 24 26 -26 -8 -24 -25 -30
right_child=6 -3 -4 4 -6 -7 17 11 -10 -11 -12 12 13 -15 -16 -17 -18 18 -20 -21 21 22 27 28 25 -27 -28 -29 29 -31
leaf_value=-0.1506551620287773 -0.24433094838918268 -0.97861834147880833 -0.47969505281159375 0.085872291229866657 1.4137936089720045 1.0850926059133867 -0.13225394077414629 0.62421139049530039 0.76946247660595446 -2.3384504346620467 1.1664203474919002 -0.15484173215668778 0.28016106514703659 2.013897605816072 -0.99602847451513465 -0.67664850375560281 -0.37190393161773683 -0.010850088742741369 0.0047635948603187714 -1.6467646449040143 -0.28933698553027531 2.6862105154991149 -0.2108163277308146 0.46911124548931638 -1.7247646093368532 0.11250118064880371 1.2973582072691485 1.3106485970642257 0.50404665025453721 -0.66100423151338605
leaf_weight=39 118 29 33 37 21 34 404 25 23 21 24 29 21 22 44 34 25 57 3025 39 33 20 27 213 31 25 22 23 63 71
leaf_count=39 118 29 33 37 21 34 404 25 23 21 24 29 21 22 44 34 25 57 3025 39 33 20 27 213 31 25 22 23 63 71
internal_value=2.67494e-10 0.101941 0.293016 0.487668 0.758262 0.564372 -0.00443223 -0.121947 -0.330748 -0.452994 -0.240119 0.1859 0.634704 1.16719 -0.448496 -0.19879 0.126154 0.00675969 -0.0161591 -0.67544 0.083508 0.666301 1.11682 0.0110982 -0.15673 -0.904557 -0.0584242 0.489058 0.24422 -0.113256
internal_weight=4632 193 164 131 92 71 4439 386 230 207 186 156 72 43 162 84 50 4053 3121 96 932 103 70 829 482 56 426 50 347 134
internal_count=4632 193 164 131 92 71 4439 386 230 207 186 156 72 43 162 84 50 4053 3121 96 932 103 70 829 482 56 426 50 347 134
is_linear=0
shrinkage=0.05


Tree=296
num_leaves=31
num_cat=0
split_feature=1 4 4 4 5 7 7 7 7 5 5 3 3 7 5 3 5 3 3 0 6 4 5 3 6 3 7 1 3 7
split_gain=860.101 6256.04 8680.25 20326.6 13710.3 10216.8 8649.23 8571.94 8467.38 12409.8 18581.7 16657.3 19865.4 13819.7 11896.9 13965.3 10398.3 11812.9 12500.1 10285.6 9787.57 7561.11 4778.64 4531.64 4400.41 4292.64 5688.66 9912.17 3558.65 13019.3
threshold=1.0000000180025095e-35 9885.0500000000011 5536.0500000000011 7260.1500000000005 5388.6500000000005 3298.7229166666671 3380.1479166666672 3342.1437500000006 3281.3041666666672 86.750000000000014 115.75000000000001 11.050000000000002 20.250000000000004 3304.3416666666672 160.10000000000005 4.0500000000000007 181.80000000000004 22.350000000000005 0.35000000000000003 17.500000000000004 2537.1000000000008 10243.150000000003 8547.0000000000018 872.35000000000002 183.05000000000004 850.15000000000009 3334.2270833333337 4.5000000000000009 840.35000000000002 3326.0687499999999
decision_type=2 2 2 2 2 2 2 2 2 2 2 2 2 2 2 2 2 2 2 2 2 2 2 2 2 2 2 2 2 2
left_child=1 2 4 -4 6 22 8 -7 14 11 -11 -10 -13 -12 15 19 -15 18 -18 -1 -19 -3 -5 25 -16 28 27 -27 -2 -30
right_child=23 21 3 5 -6 7 -8 -9 9 10 13 12 -14 16 24 -17 17 20 -20 -21 -22 -23 -24 -25 -26 26 -28 -29 29 -31
leaf_value=-0.53703105330467227 -0.012045984594040507 -1.0532673568637283 1.5914649876952174 1.1653008098187654 -1.0086027175188066 -0.81224876584278227 1.0535075851849147 0.40766236707956227 -0.092955071914505652 1.3419721303162753 -0.90835173773138145 -2.4146266352562678 -0.21278556525707246 1.1963404292152042 -0.70517105826217197 1.8163412874159606 0.12973869305390578 1.2916971875862642 -1.5103968183199565 1.0296619167382068 -0.096775169571240743 0.18041097806847617 0.24265895883242289 0.58372349292039871 0.22092340794102899 -0.15655145154279823 0.16519416570663453 -1.5593550590425731 1.0273711870698368 -0.42855959470782967
leaf_weight=20 3780 27 30 23 32 36 21 24 77 27 38 21 20 21 23 23 26 22 21 22 30 23 36 32 29 34 32 20 34 28
leaf_count=20 3780 27 30 23 32 36 21 24 77 27 38 21 20 21 23 23 26 22 21 22 30 23 36 32 29 34 32 20 34 28
internal_value=-1.49366e-09 0.0523026 0.0955565 0.428353 -0.00927784 0.135131 0.0632355 -0.324284 0.0137219 -0.125784 0.129773 -0.526444 -1.34056 -0.0773751 0.375005 0.825966 0.185768 -0.0285964 -0.603088 0.283618 0.490655 -0.485775 0.602333 -0.00887559 -0.188695 -0.0137033 -0.363066 -0.676108 -0.0058831 0.369854
internal_weight=4632 672 622 149 473 119 441 60 420 303 185 118 41 158 117 65 120 99 47 42 52 50 59 3960 52 3928 86 54 3842 62
internal_count=4632 672 622 149 473 119 441 60 420 303 185 118 41 158 117 65 120 99 47 42 52 50 59 3960 52 3928 86 54 3842 62
is_linear=0
shrinkage=0.05


Tree=297
num_leaves=31
num_cat=0
split_feature=0 7 3 7 3 5 7 4 4 4 4 5 4 5 6 0 7 3 4 7 1 7 1 7 4 4 5 7 5 7
split_gain=818.381 9906.82 13854.8 12050.5 8342.52 16628 25344.7 25099.4 16208.8 18618.8 8069.55 8975.45 5631.87 3911.19 3354.88 3033 11374.6 24039.6 25148.2 21783.4 8577.5 19058.2 25602.6 17284.1 10297.5 13104.2 13579.1 10532.9 5248.16 3477.04
threshold=21.500000000000004 3242.9333333333338 1.0500000000000003 3261.4479166666674 1.0000000180025095e-35 15.250000000000002 3320.8041666666668 248.00000000000003 121.90000000000002 6.6500000000000012 82.800000000000026 55.250000000000007 265.45000000000005 90.300000000000026 67.40000000000002 19.500000000000004 3277.0166666666673 5.1500000000000012 130.75000000000003 3238.2812500000005 4.5000000000000009 3303.5229166666668 5.5000000000000009 3291.1395833333331 273.15000000000003 178.85000000000002 109.10000000000001 3328.2458333333338 90.300000000000026 3437.7812500000005
decision_type=2 2 2 2 2 2 2 2 2 2 2 2 2 2 2 2 2 2 2 2 2 2 2 2 2 2 2 2 2 2
left_child=15 2 -2 -3 10 6 -6 8 9 -7 11 14 13 -12 -5 29 17 18 19 -17 23 -22 -23 -18 25 26 27 -25 -19 -1
right_child=1 3 -4 4 5 7 -8 -9 -10 -11 12 -13 -14 -15 -16 16 20 28 -20 -21 21 22 -24 24 -26 -27 -28 -29 -30 -31
leaf_value=-0.010780220913558245 -0.075289335395350598 1.0649028925941539 -1.7430606198310852 -0.87015280879062162 1.9937259135422885 0.73845501652470347 -0.13503339105638965 -1.6757682637734845 1.4638070613145828 -1.1017522948128837 -1.5967405033111572 0.60954612294832877 -0.18717334681543812 -0.60790387153625491 -0.041150418611673206 2.0286903174027153 1.0594425421953202 -0.59483801364898692 -1.0597596338987352 0.024190650428786424 -0.52077989351181753 2.6825628662109375 0.46214921555003602 -0.43523788132633157 -0.95756917410883424 1.2257953036399116 -0.93481903280530665 0.91962981182150549 -1.6915158324874939 0.59292322695255284
leaf_weight=3836 33 26 20 23 27 27 29 22 20 28 20 36 29 20 26 23 40 20 25 33 21 20 37 26 29 21 35 32 24 24
leaf_count=3836 33 26 20 23 27 27 29 22 20 28 20 36 29 20 26 23 40 20 25 33 21 20 37 26 29 21 35 32 24 24
internal_value=-1.0317e-09 -0.0697043 -0.704637 0.031351 -0.0561811 0.205314 0.891333 -0.190738 0.244871 -0.198378 -0.315978 0.0101204 -0.717694 -1.10232 -0.430274 0.00633676 0.139971 -0.252232 0.258817 0.847467 0.327807 0.766851 1.24124 0.140673 -0.116325 0.0976755 -0.157061 0.312275 -1.19303 -0.00702662
internal_weight=4632 386 53 333 307 153 56 97 75 55 154 85 69 40 49 4246 386 125 81 56 261 78 57 183 143 114 93 58 44 3860
internal_count=4632 386 53 333 307 153 56 97 75 55 154 85 69 40 49 4246 386 125 81 56 261 78 57 183 143 114 93 58 44 3860
is_linear=0
shrinkage=0.05


Tree=298
num_leaves=31
num_cat=0
split_feature=7 5 3 6 6 6 7 5 7 3 6 0 1 3 0 4 6 7 7 5 1 4 1 7 1 3 3 7 0 7
split_gain=880.551 10581.2 25558.5 17753.6 13880.2 10183.2 8667.6 7793.13 6976.41 7066.11 5926.69 6983.16 18598.2 15123.1 11164.7 9056.61 5055.77 4589.33 2422.36 8816.33 12144.7 7036.97 2551.02 2543.82 16224.4 8333.84 6764.12 3484.17 19719.4 10889.5
threshold=3379.0291666666676 7349.1000000000013 447.55000000000007 8934.2500000000018 2700.2500000000005 672.30000000000007 3374.1062500000007 454.30000000000007 3369.8625000000006 2.5500000000000003 268.30000000000007 4.5000000000000009 4.5000000000000009 15.15 18.500000000000004 157.20000000000002 9728.9000000000015 3371.5354166666675 3363.041666666667 219.20000000000002 1.5000000000000002 4613.2000000000016 2.5000000000000004 3356.5895833333338 4.5000000000000009 254.35000000000002 8.9500000000000011 3353.4479166666674 11.500000000000002 3351.9333333333338
decision_type=2 2 2 2 2 2 2 2 2 2 2 2 2 2 2 2 2 2 2 2 2 2 2 2 2 2 2 2 2 2
left_child=6 2 4 -3 5 10 8 -8 18 -10 11 12 -2 14 -13 -16 -5 -11 23 20 -20 -21 -23 27 25 26 -25 29 -29 -1
right_child=1 3 -4 16 -6 -7 7 -9 9 17 -12 13 -14 -15 15 -17 -18 -19 19 21 -22 22 -24 24 -26 -27 -28 28 -30 -31
leaf_value=0.009263382021419202 0.27661609915462704 -1.8054464378140189 1.3233225100381034 0.51915631771087645 -0.97258032128214844 1.0352591317632924 0.11352542936801911 1.3054243952035904 0.2332001621308534 -1.3878903706868491 -0.68796404491771357 0.70949336356586878 -1.5863655033565704 1.1749503840099682 0.031926294948373526 -1.3416795475142342 -0.53824705596153555 -0.41008103841117455 -1.1311031322587621 1.4057910569012166 0.47966016292572022 0.6659429173916579 -0.1230891227722168 -0.87802181187130168 0.69413473435810635 -1.1506514464278479 0.26988295397975226 -0.3274136974021446 1.3597215081083365 -0.86445782979329433
leaf_weight=3796 37 22 35 20 40 23 32 24 23 21 33 27 21 33 28 21 26 28 22 20 25 20 21 21 35 37 33 43 29 36
leaf_count=3796 37 22 35 20 40 23 32 24 23 21 33 27 21 33 28 21 26 28 22 20 25 20 21 21 35 37 33 43 29 36
internal_value=-1.3013e-09 -0.0744274 0.0539956 -0.637222 -0.114926 0.0389131 0.00638547 0.624339 -0.00183434 -0.489783 -0.0756667 0.0453262 -0.397912 0.281178 -0.106908 -0.556762 -0.0785065 -0.829142 0.00665582 0.240343 -0.274314 0.636882 0.261805 0.000393236 -0.220728 -0.572598 -0.176524 0.00752983 0.352127 0.00105515
internal_weight=4632 366 298 68 263 223 4266 56 4210 72 200 167 58 109 76 49 46 49 4138 108 47 61 41 4030 126 91 54 3904 72 3832
internal_count=4632 366 298 68 263 223 4266 56 4210 72 200 167 58 109 76 49 46 49 4138 108 47 61 41 4030 126 91 54 3904 72 3832
is_linear=0
shrinkage=0.05


Tree=299
num_leaves=31
num_cat=0
split_feature=0 5 4 7 4 6 0 5 3 3 1 4 4 5 1 3 5 7 7 5 7 0 3 1 4 4 3 5 0 7
split_gain=839.826 14498.6 9077.63 8746.34 5117.3 4758.4 1960.21 8925.74 10901.9 29986.7 19702 9908.59 11844.3 7812.92 6639.34 4678.78 4474.68 2583.12 15563.3 22402.6 13973.8 17202.7 21725.5 11870.3 12793.7 16878.4 15275.7 10153.7 10064.9 15975.7
threshold=1.0000000180025095e-35 259.55000000000007 208.70000000000002 3272.5604166666667 46.250000000000007 64.250000000000014 2.5000000000000004 111.70000000000002 27.850000000000005 17.150000000000002 5.5000000000000009 57.550000000000004 128.35000000000002 252.15000000000001 3.5000000000000004 6.6500000000000012 229.25000000000003 3263.4750000000004 3267.8666666666668 2738.6000000000008 3259.0125000000003 17.500000000000004 217.70000000000002 3.5000000000000004 9453.4000000000015 9954.9000000000033 806.90000000000009 8503.9500000000025 15.500000000000002 3233.6312500000008
decision_type=2 2 2 2 2 2 2 2 2 2 2 2 2 2 2 2 2 2 2 2 2 2 2 2 2 2 2 2 2 2
left_child=1 2 3 -1 5 -5 7 8 9 10 14 15 -13 -14 -2 16 -9 20 19 -19 23 22 -22 24 26 -26 -8 -24 -25 -30
right_child=6 -3 -4 4 -6 -7 17 11 -10 -11 -12 12 13 -15 -16 -17 -18 18 -20 -21 21 -23 27 28 25 -27 -28 -29 29 -31
leaf_value=-0.1453128965277421 -0.22526247165623611 -0.92846494275948099 -0.39303358354066553 0.82135230709205986 1.2315671258313317 -0.15603416204452514 -0.12638887709910326 0.59163576221466074 0.72259385741275295 -2.2158649617717381 1.1143116345008215 1.6096438930148171 0.85514071807265291 -0.38472356443051942 -0.94491479212566376 -0.64161112367668582 -0.35437521266937261 -0.010960200585817037 0.0038920361304825 -1.5661558620440656 2.2965481799581777 -0.45599286732850253 -0.14959623575210573 0.44719041633494028 -1.6399284794445963 0.10621132385730743 1.2265347112308849 1.246759373208751 0.4736709080045185 -0.6201684323414951
leaf_weight=38 118 29 38 33 35 20 404 25 23 21 24 21 24 27 44 34 25 57 3025 39 23 27 30 213 31 25 22 23 63 71
leaf_count=38 118 29 38 33 35 20 404 25 23 21 24 21 24 27 44 34 25 57 3025 39 23 27 30 213 31 25 22 23 63 71
internal_value=-9.86162e-10 0.102104 0.284339 0.488626 0.762373 0.452527 -0.00443932 -0.112104 -0.310118 -0.424864 -0.222655 0.17984 0.610255 0.198742 -0.420724 -0.189086 0.11863 0.00581446 -0.0159985 -0.642758 0.0788599 0.62812 1.01327 0.0106164 -0.149917 -0.860402 -0.0565196 0.456369 0.233605 -0.105901
internal_weight=4632 193 164 126 88 53 4439 386 230 207 186 156 72 51 162 84 50 4053 3121 96 932 103 76 829 482 56 426 53 347 134
internal_count=4632 193 164 126 88 53 4439 386 230 207 186 156 72 51 162 84 50 4053 3121 96 932 103 76 829 482 56 426 53 347 134
is_linear=0
shrinkage=0.05


end of trees

feature_importances:
irradiance=2480
solar_mw_roll_mean_24h=1643
solar_mw_lag_24h=1479
solar_mw_lag_1h=1258
solar_mw_lag_168h=1236
dayofweek=559
hour=345

parameters:
[boosting: gbdt]
[objective: regression]
[metric: l2]
[tree_learner: serial]
[device_type: cpu]
[data_sample_strategy: bagging]
[data: ]
[valid: ]
[num_iterations: 300]
[learning_rate: 0.05]
[num_leaves: 31]
[num_threads: 4]
[seed: 0]
[deterministic: 0]
[force_col_wise: 0]
[force_row_wise: 0]
[histogram_pool_size: -1]
[max_depth: -1]
[min_data_in_leaf: 20]
[min_sum_hessian_in_leaf: 0.001]
[bagging_fraction: 1]
[pos_bagging_fraction: 1]
[neg_bagging_fraction: 1]
[bagging_freq: 0]
[bagging_seed: 3]
[bagging_by_query: 0]
[feature_fraction: 1]
[feature_fraction_bynode: 1]
[feature_fraction_seed: 2]
[extra_trees: 0]
[extra_seed: 6]
[early_stopping_round: 0]
[early_stopping_min_delta: 0]
[first_metric_only: 0]
[max_delta_step: 0]
[lambda_l1: 0]
[lambda_l2: 0]
[linear_lambda: 0]
[min_gain_to_split: 0]
[drop_rate: 0.1]
[max_drop: 50]
[skip_drop: 0.5]
[xgboost_dart_mode: 0]
[uniform_drop: 0]
[drop_seed: 4]
[top_rate: 0.2]
[other_rate: 0.1]
[min_data_per_group: 100]
[max_cat_threshold: 32]
[cat_l2: 10]
[cat_smooth: 10]
[max_cat_to_onehot: 4]
[top_k: 20]
[monotone_constraints: ]
[monotone_constraints_method: basic]
[monotone_penalty: 0]
[feature_contri: ]
[forcedsplits_filename: ]
[refit_decay_rate: 0.9]
[cegb_tradeoff: 1]
[cegb_penalty_split: 0]
[cegb_penalty_feature_lazy: ]
[cegb_penalty_feature_coupled: ]
[path_smooth: 0]
[interaction_constraints: ]
[verbosity: -1]
[saved_feature_importance_type: 0]
[use_quantized_grad: 0]
[num_grad_quant_bins: 4]
[quant_train_renew_leaf: 0]
[stochastic_rounding: 1]
[linear_tree: 0]
[max_bin: 255]
[max_bin_by_feature: ]
[min_data_in_bin: 3]
[bin_construct_sample_cnt: 200000]
[data_random_seed: 1]
[is_enable_sparse: 1]
[enable_bundle: 1]
[use_missing: 1]
[zero_as_missing: 0]
[feature_pre_filter: 1]
[pre_partition: 0]
[two_round: 0]
[header: 0]
[label_column: ]
[weight_column: ]
[group_column: ]
[ignore_column: ]
[categorical_feature: ]
[forcedbins_filename: ]
[precise_float_parser: 0]
[parser_config_file: ]
[objective_seed: 5]
[num_class: 1]
[is_unbalance: 0]
[scale_pos_weight: 1]
[sigmoid: 1]
[boost_from_average: 1]
[reg_sqrt: 0]
[alpha: 0.9]
[fair_c: 1]
[poisson_max_delta_step: 0.7]
[tweedie_variance_power: 1.5]
[lambdarank_truncation_level: 30]
[lambdarank_norm: 1]
[label_gain: ]
[lambdarank_position_bias_regularization: 0]
[eval_at: ]
[multi_error_top_k: 1]
[auc_mu_weights: ]
[num_machines: 1]
[local_listen_port: 12400]
[time_out: 120]
[machine_list_filename: ]
[machines: ]
[gpu_platform_id: -1]
[gpu_device_id: -1]
[gpu_device_id_list: ]
[gpu_use_dp: 0]
[num_gpu: 1]

end of parameters

pandas_categorical:[]
