tree
version=v4
num_class=1
num_tree_per_iteration=1
label_index=0
max_feature_idx=7
objective=regression
feature_names=hour dayofweek is_weekend wind_speed wind_mw_lag_1h wind_mw_lag_24h wind_mw_lag_168h wind_mw_roll_mean_24h
feature_infos=[0:23] [0:6] [0:1] [0.089999999999999997:25] [0:758.60000000000002] [0:758.60000000000002] [0:758.60000000000002] [47.533333333333339:327.8125]
tree_sizes=2624 2653 2643 2643 2626 2633 2628 2634 2628 2630 2620 2627 2623 2645 2624 2601 2628 2649 2622 2626 2634 2633 2654 2626 2612 2638 2653 2648 2646 2637 2606 2612 2649 2621 2638 2643 2642 2658 2641 2667 2634 2633 2665 2648 2637 2679 2635 2662 2679 2659 2658 2653 2671 2660 2641 2657 2652 2651 2665 2655 2666 2651 2637 2661 2685 2653 2641 2687 2662 2681 2669 2679 2667 2636 2682 2661 2665 2664 2661 2672 2647 2654 2654 2676 2658 2689 2648 2667 2675 2707 2701 2658 2669 2718 2673 2697 2678 2679 2668 2668 2698 2694 2705 2678 2678 2702 2679 2684 2683 2691 2688 2704 2694 2697 2711 2692 2706 2711 2709 2722 2737 2716 2732 2713 2700 2723 2733 2717 2721 2728 2730 2700 2751 2705 2703 2706 2715 2768 2736 2703 2698 2737 2719 2702 2746 2714 2726 2728 2701 2734 2738 2698 2734 2748 2732 2747 2712 2737 2728 2739 2714 2721 2684 2753 2726 2720 2727 2725 2709 2727 2719 2719 2728 2761 2739 2744 2716 2702 2728 2718 2741 2731 2719 2713 2732 2729 2700 2729 2735 2707 2699 2726 2702 2730 2723 2717 2694 2728 2742 2715 2719 2715 2727 2723 2736 2707 2704 2757 2742 2688 2724 2712 2736 2727 2763 2699 2726 2734 2723 2684 2721 2725 2724 2730 2763 2759 2720 2740 2732 2712 2725 2725 2713 2709 2699 2720 2748 2748 2703 2723 2738 2720 2696 2724 2726 2741 2782 2712 2711 2686 2716 2704 2739 2729 2743 2709 2710 2688 2702 2736 2704 2712 2728 2710 2710 2720 2735 2741 2717 2715 2717 2715 2743 2724 2727 2741 2741 2731 2714 2696 2718 2726 2724 2697 2730 2704 2729 2727 2732 2724 2700 2733 2724 2703 2724 2745 2735 2745 2720 2738

Tree=0
num_leaves=31
num_cat=0
split_feature=3 3 3 3 3 3 3 3 3 3 3 3 3 3 3 3 3 3 3 3 3 3 3 3 3 4 3 3 3 3
split_gain=1.86154e+08 1.47172e+07 1.42224e+07 2.15795e+06 1.62205e+06 1.48695e+06 1.23036e+06 1.03742e+06 264339 207051 203660 203431 99619.7 82006.7 37540.3 37513.6 34881.4 25639.4 24896.7 24284.5 24066.7 23291.9 20208 10706.7 9575.3 8034.17 7981.65 7261.96 7228.42 6970.58
threshold=9.1650000000000009 6.6350000000000007 11.200000000000001 21.600000000000005 7.9450000000000012 5.035000000000001 10.065000000000003 11.895000000000001 7.2700000000000005 8.4850000000000012 10.605000000000002 5.9350000000000014 9.5650000000000031 4.3350000000000009 11.665000000000001 8.8150000000000031 10.980000000000002 6.3050000000000006 5.5650000000000004 7.705000000000001 6.9650000000000007 9.8100000000000023 10.255000000000001 8.1850000000000005 11.425000000000002 31.250000000000004 7.4450000000000012 4.6550000000000011 12.210000000000003 3.4950000000000006
decision_type=2 2 2 2 2 2 2 2 2 2 2 2 2 2 2 2 2 2 2 2 2 2 2 2 2 2 2 2 2 2
left_child=1 5 6 7 8 13 12 14 20 23 22 18 25 29 24 -11 -12 -13 -7 26 -3 -14 -8 -6 -4 -2 -10 -15 -9 -1
right_child=2 4 3 -5 9 11 10 28 19 15 16 17 21 27 -16 -17 -18 -19 -20 -21 -22 -23 -24 -25 -26 -27 -28 -29 -30 -31
leaf_value=145.37300190596017 160.6574173853287 150.56806473436842 172.74888898224884 164.11838807808556 155.24401190095523 147.16526480455886 165.59955332707722 179.17405144291081 152.65600174428337 157.82304702895809 169.1509182061244 148.80396474495421 162.74575091744151 145.99942996741271 175.53717919926447 159.47367799310544 171.17271505251418 149.76625981085749 147.95658598477533 154.27711686900668 151.65477868535382 164.29542356386671 167.10794936075698 156.15585495355907 173.9942237725175 161.65402925924886 153.42333287114678 146.44460258846576 179.9923391661217 145.60045796466537
leaf_weight=1529 42 125 33 26 53 250 34 29 54 79 64 160 49 172 28 61 32 122 165 69 86 48 64 82 29 39 91 196 389 432
leaf_count=1529 42 125 33 26 53 250 34 29 54 79 64 160 49 172 28 61 32 122 165 69 86 48 64 82 29 39 91 196 389 432
internal_value=152.612 147.669 172.939 178.168 154.203 146.158 165.434 178.887 152.267 157.195 168.188 148.184 162.432 145.552 174.018 158.542 169.825 149.22 147.48 153.505 151.011 163.513 166.585 155.798 173.331 161.137 153.138 146.237 179.936 145.423
internal_weight=4632 3726 906 534 700 3026 372 508 425 275 194 697 178 2329 90 140 96 282 415 214 211 97 98 135 62 81 145 368 418 1961
internal_count=4632 3726 906 534 700 3026 372 508 425 275 194 697 178 2329 90 140 96 282 415 214 211 97 98 135 62 81 145 368 418 1961
is_linear=0
shrinkage=1


Tree=1
num_leaves=31
num_cat=0
split_feature=3 3 3 3 3 3 3 3 3 3 3 3 3 3 3 3 3 3 3 3 3 3 3 3 3 3 3 3 3 3
split_gain=1.68004e+08 1.32823e+07 1.28357e+07 1.94755e+06 1.4639e+06 1.3424e+06 1.1104e+06 936274 238566 186863 183803 162427 95495.7 90205.3 34535.1 33938 31480.4 23310.3 21916.8 21720.2 18644.9 18237.7 17969.9 9662.81 9459.05 8346.86 7203.44 7118.47 6759.5 6523.67
threshold=9.1650000000000009 6.6350000000000007 11.200000000000001 21.600000000000005 7.9450000000000012 5.1150000000000011 10.065000000000003 11.895000000000001 7.2700000000000005 8.4850000000000012 10.605000000000002 5.9350000000000014 4.455000000000001 9.7300000000000022 8.7550000000000008 11.505000000000001 10.980000000000002 6.2650000000000006 7.705000000000001 6.9650000000000007 9.4550000000000018 10.255000000000001 5.5650000000000004 8.1850000000000005 3.8050000000000002 4.9750000000000005 7.4450000000000012 9.9250000000000025 8.9050000000000029 12.210000000000003
decision_type=2 2 2 2 2 2 2 2 2 2 2 2 2 2 2 2 2 2 2 2 2 2 2 2 2 2 2 2 2 2
left_child=1 5 6 7 8 12 13 15 19 23 21 22 24 20 -11 -4 -12 -13 26 -3 -2 -8 -7 -6 -1 -14 -10 -15 -16 -9
right_child=2 4 3 -5 9 11 10 29 18 14 16 17 25 27 28 -17 -18 -19 -20 -21 -22 -23 -24 -25 -26 -27 -28 -29 -30 -31
leaf_value=-6.866521081264378 7.9230455545278708 -1.9418032577753068 19.427054754892985 10.931003101055438 2.5003466183284546 -5.1214604176007787 12.338110800350414 25.233883456526133 0.041736920954038699 4.7779102712869648 15.711907625198364 -3.6735784980612745 -6.0588854579364551 10.328292149135045 5.7704152425130211 21.373261733282181 17.632613468170167 -2.7643767438616074 1.5817962672615398 -0.90942497132129452 9.2223519325256351 13.771087098121644 -4.4227081489562989 3.3665975582308891 -6.5779822466666236 -5.4806670577437799 0.77070151518334407 11.377895609537761 6.7351202923318612 26.011258044402211
leaf_weight=1676 65 125 48 26 53 208 34 29 54 64 64 142 272 35 30 42 32 140 69 86 48 64 165 82 342 81 91 30 46 389
leaf_count=1676 65 125 48 26 53 208 34 29 54 64 64 142 272 35 30 42 32 140 69 86 48 64 165 82 342 81 91 30 46 389
internal_value=6.64508e-08 -4.69557 19.3109 24.2782 1.51127 -6.13139 12.1805 24.9613 -0.32801 4.35379 14.7972 -4.12774 -6.68491 9.32864 5.63367 20.3353 16.3521 -3.2222 0.848278 -1.52102 8.47496 13.2739 -4.81236 3.02651 -6.81762 -5.92621 0.499225 10.8127 6.35432 25.9573
internal_weight=4632 3726 906 534 700 3026 372 508 425 275 194 655 2371 178 140 90 96 282 214 211 113 98 373 135 2018 353 145 65 76 418
internal_count=4632 3726 906 534 700 3026 372 508 425 275 194 655 2371 178 140 90 96 282 214 211 113 98 373 135 2018 353 145 65 76 418
is_linear=0
shrinkage=0.05


Tree=2
num_leaves=31
num_cat=0
split_feature=3 3 3 3 3 3 3 3 3 3 3 3 3 3 3 3 3 3 3 3 3 3 3 3 3 4 3 3 3 3
split_gain=1.51624e+08 1.19873e+07 1.15842e+07 1.75767e+06 1.44413e+06 1.08664e+06 1.00214e+06 844987 224059 196353 165882 136288 81702.8 67033.3 31487.8 31168 28411.1 25079.7 24977.8 19099.1 16655.6 13890.5 13723.3 10477.6 7969.04 7040.97 6116.58 6100.45 5912.56 5887.59
threshold=9.1650000000000009 6.535000000000001 11.200000000000001 21.600000000000005 7.9050000000000011 5.035000000000001 10.065000000000003 11.895000000000001 7.2700000000000005 8.4850000000000012 10.605000000000002 5.8150000000000004 9.5650000000000031 4.3350000000000009 11.665000000000001 8.7550000000000008 10.980000000000002 6.9650000000000007 6.1350000000000007 9.8100000000000023 10.390000000000002 8.1850000000000005 7.4450000000000012 5.5650000000000004 11.425000000000002 31.250000000000004 4.6550000000000011 8.9050000000000029 7.705000000000001 12.210000000000003
decision_type=2 2 2 2 2 2 2 2 2 2 2 2 2 2 2 2 2 2 2 2 2 2 2 2 2 2 2 2 2 2
left_child=1 5 6 7 8 13 12 14 17 21 20 23 25 -1 24 -11 -12 -3 -13 -14 -8 -6 -10 -7 -4 -2 -15 -17 -24 -9
right_child=2 4 3 -5 9 11 10 29 22 15 16 18 19 26 -16 27 -18 -19 -20 -21 -22 -23 28 -25 -26 -27 -28 -29 -30 -31
leaf_value=-6.488281651117072 7.2407420930408293 -1.9262238825962044 18.158627180619671 10.384453876201924 2.2393196048055377 -4.9153729576110843 12.156356106382429 23.972189751986804 0.039650083402240716 4.5390145063400267 14.926311922073365 -3.7846699964915609 9.1466959194261204 -5.9704608695451604 20.7101925441197 5.4818944295247398 16.75098352432251 -0.86395372793424974 -2.8745441494164647 10.549972343444825 13.546360874176026 3.1982675598888863 0.73216641506814695 -4.3334348827600477 19.294717512459592 8.1737210591634106 -5.5619007587432865 6.3983641582986586 1.400515847080029 24.710694002676135
leaf_weight=1961 42 157 33 26 70 250 66 29 54 64 64 141 49 172 28 30 32 86 162 48 32 82 91 112 29 39 196 46 52 389
leaf_count=1961 42 157 33 26 70 250 66 29 54 64 64 141 49 172 28 30 32 86 162 48 32 82 91 112 29 39 196 46 52 389
internal_value=-5.65414e-08 -4.46079 18.3454 23.0643 1.27482 -5.86308 11.5715 23.7132 -0.534368 4.00099 14.0573 -4.08045 8.86221 -6.37208 19.3185 5.35199 15.5345 -1.55028 -3.29807 9.8411 12.6102 2.75665 0.718757 -4.73533 18.69 7.68995 -5.75286 6.0366 0.975203 24.6595
internal_weight=4632 3726 906 534 732 2994 372 508 440 292 194 665 178 2329 90 140 96 243 303 97 98 152 197 362 62 81 368 76 143 418
internal_count=4632 3726 906 534 732 2994 372 508 440 292 194 665 178 2329 90 140 96 243 303 97 98 152 197 362 62 81 368 76 143 418
is_linear=0
shrinkage=0.05


Tree=3
num_leaves=31
num_cat=0
split_feature=3 3 3 3 3 3 3 3 3 3 3 3 3 3 3 3 3 3 3 3 3 3 3 6 3 3 3 3 3 3
split_gain=1.3684e+08 1.08213e+07 1.04547e+07 1.58629e+06 1.19289e+06 1.09361e+06 904429 762601 193569 151856 149709 132691 77697.4 73962.5 28417.7 28129.1 25641 22312 17790.1 17661 15630 15339.6 11230.4 8751.89 8270.14 8094.76 7192.06 6852.52 5992.77 5867.25
threshold=9.1650000000000009 6.6350000000000007 11.200000000000001 21.600000000000005 7.9450000000000012 5.1150000000000011 10.065000000000003 11.895000000000001 7.2700000000000005 8.4850000000000012 10.605000000000002 6.0550000000000006 4.455000000000001 9.7300000000000022 11.665000000000001 8.7550000000000008 10.980000000000002 5.6050000000000013 7.0250000000000012 7.705000000000001 10.255000000000001 9.4550000000000018 6.3050000000000006 32.850000000000001 3.8050000000000002 8.2150000000000016 11.425000000000002 4.9750000000000005 9.9250000000000025 7.4450000000000012
decision_type=2 2 2 2 2 2 2 2 2 2 2 2 2 2 2 2 2 2 2 2 2 2 2 2 2 2 2 2 2 2
left_child=1 5 6 7 8 12 13 14 18 25 20 17 24 21 26 -11 -12 -7 -3 29 -8 -2 -13 -19 -1 -6 -4 -14 -15 -10
right_child=2 4 3 -5 9 11 10 -9 19 15 16 22 27 28 -16 -17 -18 23 -20 -21 -22 -23 -24 -25 -26 -27 -28 -29 -30 -31
leaf_value=-6.198781050133535 7.1454791729266836 -1.6937968498848854 17.250695662064985 9.8652310591477619 2.3610092120404755 -4.5881409189157321 11.113386984432445 23.426485169333134 0.037667583550016093 4.312063997983933 14.179996836185456 -3.1306924949992787 -5.4692093456492712 9.3184587751116066 19.67468229021345 5.7347698788893853 15.913434696197511 -3.5229593562096668 -0.71871285915374761 1.4223475787950601 12.439964759349824 8.3240034977595023 -2.4340088826711064 -4.1929047224472979 -5.9289841579414952 3.1358871005131648 18.329981310614226 -4.9453005284438909 10.281501973470053 0.69555809975980409
leaf_weight=1676 65 141 33 26 70 228 34 418 54 64 64 110 272 35 28 76 32 97 70 69 64 48 122 98 342 65 29 81 30 91
leaf_count=1676 65 141 33 26 70 228 34 418 54 64 64 110 272 35 28 76 32 97 70 69 64 48 122 98 342 65 29 81 30 91
internal_value=-3.68386e-08 -4.23775 17.4281 21.911 1.36465 -5.53375 10.9929 22.5276 -0.295679 3.93061 13.3544 -3.72527 -6.03335 8.4191 18.3526 5.08439 14.7578 -4.25231 -1.37031 0.763887 11.9797 7.64609 -2.76433 -3.85965 -6.15306 2.7341 17.7555 -5.34899 9.76294 0.450551
internal_weight=4632 3726 906 534 700 3026 372 508 425 275 194 655 2371 178 90 140 96 423 211 214 98 113 232 195 2018 135 62 353 65 145
internal_count=4632 3726 906 534 700 3026 372 508 425 275 194 655 2371 178 90 140 96 423 211 214 98 113 232 195 2018 135 62 353 65 145
is_linear=0
shrinkage=0.05


Tree=4
num_leaves=31
num_cat=0
split_feature=3 3 3 3 3 3 3 3 3 3 3 3 3 3 3 3 3 3 3 3 3 3 3 3 3 3 3 5 4 3
split_gain=1.235e+08 1.03059e+07 8.86623e+06 1.43163e+06 1.16429e+06 1.02355e+06 732628 688247 148456 139173 123455 111966 106579 81739 25647 22060.7 21001.6 16382.2 15809 15402.6 15222.5 12059.4 9202.25 9048.3 8952.84 8915.05 8780.3 7508.44 7093.75 6490.83
threshold=9.2350000000000012 6.7750000000000012 11.200000000000001 21.600000000000005 5.3050000000000006 8.0450000000000017 10.255000000000001 11.895000000000001 8.6050000000000022 7.2700000000000005 6.1350000000000007 4.5950000000000006 9.8100000000000023 10.775 11.665000000000001 7.705000000000001 8.9050000000000029 8.4100000000000019 5.8150000000000004 10.475000000000003 9.5650000000000031 3.8050000000000002 7.0250000000000012 10.980000000000002 4.9750000000000005 6.535000000000001 9.9950000000000028 67.700000000000003 31.250000000000004 11.425000000000002
decision_type=2 2 2 2 2 2 2 2 2 2 2 2 2 2 2 2 2 2 2 2 2 2 2 2 2 2 2 2 2 2
left_child=1 4 6 7 11 9 12 14 17 22 18 21 20 19 29 -11 27 -7 -6 -8 28 -1 -3 -15 -13 -12 -14 -10 -2 -4
right_child=2 5 3 -5 10 8 13 -9 16 15 25 24 26 23 -16 -17 -18 -19 -20 -21 -22 -23 -24 -25 -26 -27 -28 -29 -30 -31
leaf_value=-5.8888419551894886 6.5583666682243349 -1.4453130114864519 16.388160566850143 9.3719693697415867 -4.0872710595572048 2.5919840570825801 11.583065255482992 22.255161011618291 5.078397390004751 0.42802307825663999 -2.5936345842885387 -5.1169504341712369 9.3235904115619075 13.928730225563051 18.690948159354075 1.4425192311230828 5.9275213118522396 3.7167933890160096 -3.4131711266564988 12.849731079737346 8.255910390737105 -5.5889386875817202 -0.68277721141065872 15.117762112617493 -4.6235817032298829 -1.9538078441852478 10.378649108263913 3.9567151794433593 7.6031652623956862 17.413481982000942
leaf_weight=1676 32 91 33 26 227 104 48 418 37 145 162 195 33 32 28 85 62 47 141 48 49 419 70 32 174 82 49 25 33 29
leaf_count=1676 32 91 33 26 227 104 48 418 37 145 162 195 33 32 28 85 62 47 141 48 49 419 70 32 174 82 49 25 33 29
internal_value=-3.44457e-08 -3.98164 16.7408 20.8155 -5.20261 1.65757 10.6287 21.4012 3.99484 0.0137074 -3.25073 -5.68741 8.57931 13.1391 17.435 0.802946 5.27681 2.94209 -3.82899 12.2164 7.59045 -5.82886 -1.11378 14.5232 -4.88431 -2.37861 9.95405 4.62611 7.0888 16.8677
internal_weight=4632 3742 890 534 3076 666 356 508 275 391 612 2464 196 160 90 230 124 151 368 96 114 2095 161 64 369 244 82 62 65 62
internal_count=4632 3742 890 534 3076 666 356 508 275 391 612 2464 196 160 90 230 124 151 368 96 114 2095 161 64 369 244 82 62 65 62
is_linear=0
shrinkage=0.05


Tree=5
num_leaves=31
num_cat=0
split_feature=3 3 3 3 3 3 3 3 3 3 3 3 3 3 3 3 3 3 3 3 3 3 3 3 3 3 3 3 3 3
split_gain=1.11462e+08 8.81335e+06 8.514e+06 1.29205e+06 971863 891105 737167 621143 157332 123499 122161 108498 63594.4 60173.8 23146.4 23043.2 21465.3 15951.9 14611.9 14235.6 12907.4 12387.5 11995.6 7047.51 6796.37 5857.97 5313.55 5295.19 4926.74 4807.73
threshold=9.1650000000000009 6.6350000000000007 11.200000000000001 21.600000000000005 7.9450000000000012 5.1150000000000011 10.065000000000003 11.895000000000001 7.2700000000000005 8.4850000000000012 10.605000000000002 5.9350000000000014 4.3350000000000009 9.7300000000000022 11.665000000000001 8.7550000000000008 10.880000000000001 6.3050000000000006 6.9650000000000007 7.705000000000001 10.390000000000002 9.4550000000000018 5.5650000000000004 4.8450000000000006 8.2150000000000016 11.425000000000002 12.210000000000003 7.4450000000000012 8.9850000000000012 9.9250000000000025
decision_type=2 2 2 2 2 2 2 2 2 2 2 2 2 2 2 2 2 2 2 2 2 2 2 2 2 2 2 2 2 2
left_child=1 5 6 7 8 12 13 14 18 24 20 22 -1 21 25 -11 -12 -13 -3 27 -8 -2 -7 -14 -6 -4 -9 -10 -17 -15
right_child=2 4 3 -5 9 11 10 26 19 15 16 17 23 29 -16 28 -18 -19 -20 -21 -22 -23 -24 -25 -26 -27 -28 -29 -30 -31
leaf_value=-5.5636261085537493 6.4511734595665562 -1.5812764951229097 15.568752913041548 8.903370666503907 2.126496254205704 -4.173858438317593 10.41257895267371 20.489497954269936 0.014383052544306135 3.8888492479920389 12.573990058898927 -2.9500517851114276 -5.0289861551447874 8.4122857666015616 17.756400735037669 4.8514260540837828 14.069306675593058 -2.1910178815732237 -0.73451764758589666 1.2791042593942175 11.636224603652956 7.5102400143941246 -3.6029567316084199 -4.5925768534342444 2.8365148969796987 16.542807848700161 21.191077303457384 0.63937905139320506 5.6750271606445315 9.2748712666829434
leaf_weight=1961 65 125 33 26 70 208 66 29 54 64 48 160 269 35 28 46 48 122 86 69 32 48 165 141 65 29 389 91 30 30
leaf_count=1961 65 125 33 26 70 208 66 29 54 64 48 160 269 35 28 46 48 122 86 69 32 48 165 141 65 29 389 91 30 30
internal_value=4.10889e-08 -3.82465 15.7292 19.7747 1.23132 -4.99424 9.92194 20.3311 -0.267317 3.54739 12.054 -3.36178 -5.44522 7.59828 16.5632 4.58788 13.3216 -2.62168 -1.23615 0.687936 10.8121 6.90104 -3.92131 -4.8789 2.46836 16.0244 21.1424 0.406622 5.17653 8.8104
internal_weight=4632 3726 906 534 700 3026 372 508 425 275 194 655 2371 178 90 140 96 282 211 214 98 113 373 410 135 62 418 145 76 65
internal_count=4632 3726 906 534 700 3026 372 508 425 275 194 655 2371 178 90 140 96 282 211 214 98 113 373 410 135 62 418 145 76 65
is_linear=0
shrinkage=0.05


Tree=6
num_leaves=31
num_cat=0
split_feature=3 3 3 3 3 3 3 3 3 3 3 3 3 3 3 3 3 3 3 3 3 3 3 3 3 3 3 5 4 6
split_gain=1.00596e+08 8.39567e+06 7.22256e+06 1.20194e+06 948774 833262 704325 399101 121004 112728 100883 94973.2 91353.2 86311.9 17835 17001.5 13321.6 13108.2 12757.7 12395.8 12286.2 11343.3 10288.2 7524.21 7272.45 7198.72 6959.43 6731.44 6240.13 5423.36
threshold=9.2350000000000012 6.7750000000000012 11.305000000000001 21.600000000000005 5.3050000000000006 8.0450000000000017 10.255000000000001 11.895000000000001 8.6050000000000022 7.2700000000000005 6.1350000000000007 10.775 4.5950000000000006 9.8100000000000023 7.705000000000001 8.9050000000000029 8.4100000000000019 10.980000000000002 5.8150000000000004 9.5650000000000031 10.475000000000003 11.665000000000001 3.9850000000000008 7.0250000000000012 6.4350000000000014 4.9750000000000005 9.9950000000000028 67.700000000000003 31.250000000000004 32.000000000000007
decision_type=2 2 2 2 2 2 2 2 2 2 2 2 2 2 2 2 2 2 2 2 2 2 2 2 2 2 2 2 2 2
left_child=1 4 6 7 12 9 13 21 16 23 18 20 22 19 -11 27 -7 -13 -6 28 -8 -4 -1 -3 -12 -14 -15 -10 -2 -20
right_child=2 5 3 -5 10 8 11 -9 15 14 24 17 25 26 -16 -17 -18 -19 29 -21 -22 -23 -24 -25 -26 -27 -28 -29 -30 -31
leaf_value=-5.3069470811704056 5.9012704849243169 -1.3014275802698521 15.586791585286457 8.4582026554987984 -3.6882985410711315 2.338992280856921 10.462888590494792 20.085283281244159 4.6053201830064934 0.38629082726057751 -2.411516355133057 12.566211867332459 -4.6163675318008819 8.4171920660770301 1.2984626145923839 5.3480062607795968 3.3533037713233464 13.867310613515427 -2.7704369929858617 7.4519548377212219 11.594174639383953 16.868580300467354 -4.9940551547261034 -0.61191246156181611 -1.8654106282597767 -4.1739636925445209 9.3565015676070242 3.5432602081298827 6.8811923865116 -3.3906424468671776
leaf_weight=1787 32 91 45 26 227 104 48 418 37 145 125 32 195 33 85 62 47 49 70 49 48 28 308 70 119 174 49 25 33 71
leaf_count=1787 32 91 45 26 227 104 48 418 37 145 125 32 195 33 85 62 47 49 70 49 48 28 308 70 119 174 49 25 33 71
internal_value=1.34018e-08 -3.59352 15.1089 18.9348 -4.69554 1.4963 9.80605 19.4896 3.60515 0.0130888 -2.93355 12.0924 -5.13318 7.74134 0.723398 4.76254 2.65471 13.3533 -3.45628 6.85145 11.0285 16.0784 -5.26095 -1.00164 -2.14518 -4.40775 8.97849 4.17707 6.39877 -3.08274
internal_weight=4632 3742 890 517 3076 666 373 491 275 391 612 177 2464 196 230 124 151 81 368 114 96 73 2095 161 244 369 82 62 65 141
internal_count=4632 3742 890 517 3076 666 373 491 275 391 612 177 2464 196 230 124 151 81 368 114 96 73 2095 161 244 369 82 62 65 141
is_linear=0
shrinkage=0.05


Tree=7
num_leaves=31
num_cat=0
split_feature=3 3 3 3 3 3 3 3 3 3 3 3 3 3 3 3 3 3 3 3 3 3 3 3 3 6 3 3 3 0
split_gain=9.07906e+07 7.18055e+06 6.93591e+06 1.05251e+06 866059 650424 600523 505016 134123 116656 93255.7 91718 59875.2 31311.9 18989.3 18880.7 15831.3 15004.8 13109.2 11552.6 11088.2 8708.13 8539.86 6752.14 6300.89 4894.58 4795.49 4437.04 4036.7 3730.74
threshold=9.1650000000000009 6.535000000000001 11.200000000000001 21.600000000000005 7.9050000000000011 4.9750000000000005 10.255000000000001 11.895000000000001 7.1950000000000012 8.4850000000000012 9.8100000000000023 5.8150000000000004 10.775 4.3350000000000009 11.505000000000001 8.7550000000000008 9.4550000000000018 6.1350000000000007 7.4450000000000012 6.8850000000000007 10.475000000000003 8.1850000000000005 5.4150000000000009 10.980000000000002 10.065000000000003 32.000000000000007 12.210000000000003 3.4950000000000006 8.9850000000000012 14.500000000000002
decision_type=2 2 2 2 2 2 2 2 2 2 2 2 2 2 2 2 2 2 2 2 2 2 2 2 2 2 2 2 2 2
left_child=1 5 6 7 8 13 10 14 19 21 16 22 20 27 -4 -11 -2 25 -10 -3 -8 -6 29 -14 -12 -13 -9 -1 -17 -7
right_child=2 4 3 -5 9 11 12 26 18 15 24 17 23 -15 -16 28 -18 -19 -20 -21 -22 -23 -24 -25 -26 -27 -28 -29 -30 -31
leaf_value=-5.0614632451199029 5.8245311502309951 -1.6052155054032298 14.272645123799643 8.0352919651911812 1.729738630141531 -3.7310213450967833 9.9397445678710952 18.460758025070717 -0.072022460495502177 3.507057519257069 8.1606846332550056 -2.6319151588848659 11.937901091575624 -4.4943704958744695 15.728442092168899 4.3783709919970972 6.9280678675724916 -2.223195143577493 0.75910385038469219 -0.88954936599841838 11.014465777079266 2.4890123617358326 -3.4309520405923539 12.965043330192566 9.0503315645105697 -3.2211103748267806 19.127258944082381 -4.8799911503438596 5.1238755416870125 -4.1362769687298648
leaf_weight=1529 65 118 48 26 70 137 48 29 71 64 48 70 32 329 42 46 65 162 143 108 48 82 167 32 34 71 389 432 30 97
leaf_count=1529 65 118 48 26 70 137 48 29 71 64 48 70 32 329 42 46 65 162 143 108 48 82 167 32 34 71 389 432 30 97
internal_value=-4.56782e-08 -3.45183 14.1959 17.8473 0.987302 -4.53714 8.95441 18.3495 -0.413747 3.09847 7.20917 -3.20799 11.2669 -4.94576 14.952 4.13981 6.3763 -2.55145 0.483356 -1.26322 10.4771 2.13935 -3.70408 12.4515 8.52956 -2.9286 19.081 -5.02149 4.67265 -3.89901
internal_weight=4632 3726 906 534 732 2994 372 508 440 292 212 704 160 2290 90 140 130 303 214 226 96 152 401 64 82 141 418 1961 76 234
internal_count=4632 3726 906 534 732 2994 372 508 440 292 212 704 160 2290 90 140 130 303 214 226 96 152 401 64 82 141 418 1961 76 234
is_linear=0
shrinkage=0.05


Tree=8
num_leaves=31
num_cat=0
split_feature=3 3 3 3 3 3 3 3 3 3 3 3 3 3 3 3 3 3 3 3 3 3 3 3 5 3 3 3 4 6
split_gain=8.19406e+07 6.83839e+06 5.88557e+06 979227 773322 678868 572220 323595 98561.7 91654.7 81803.6 76811.3 74769.1 70099.8 14846.4 13754.6 10850.9 10571.2 10297.8 10276.4 10007.2 9411.58 8407.84 6300.46 6036.62 6035.71 5853.9 5612.03 5473.53 4417.36
threshold=9.2350000000000012 6.7750000000000012 11.305000000000001 21.600000000000005 5.3050000000000006 8.0450000000000017 10.255000000000001 11.895000000000001 8.6050000000000022 7.2700000000000005 6.1350000000000007 10.775 4.5950000000000006 9.8100000000000023 7.705000000000001 8.9050000000000029 8.4100000000000019 11.095000000000001 5.8150000000000004 9.5650000000000031 10.475000000000003 11.665000000000001 3.8050000000000002 7.0250000000000012 67.700000000000003 6.4350000000000014 9.9950000000000028 4.9750000000000005 31.250000000000004 32.000000000000007
decision_type=2 2 2 2 2 2 2 2 2 2 2 2 2 2 2 2 2 2 2 2 2 2 2 2 2 2 2 2 2 2
left_child=1 4 6 7 12 9 13 21 16 23 18 20 22 19 -11 24 -7 -13 -6 28 -8 -4 -1 -3 -10 -12 -15 -14 -2 -20
right_child=2 5 3 -5 10 8 11 -9 15 14 25 17 27 26 -16 -17 -18 -19 29 -21 -22 -23 -24 -25 -26 -27 -28 -29 -30 -31
leaf_value=-4.7985938979219425 5.3080834031105049 -1.1777226787019561 14.071174316406251 7.6335277263934804 -3.3262280079236639 2.1110983550548554 9.4427569071451831 18.12696756974362 4.177329615000132 0.34449721740237599 -2.1797807945251466 11.570330556233724 -4.1608306170732545 7.5882984161376958 1.176742562125711 4.8249909523994701 3.0265311241149906 12.732843849875712 -2.5003194117546084 6.7329538306411436 10.463742510477703 15.238729531424386 -4.5481790274026004 -0.54676650684592987 3.1715754280090334 -1.6822720820412915 8.4497769102758298 -3.7702134055652836 6.2258419383655905 -3.0600548482277024
leaf_weight=1676 32 91 45 26 227 104 48 418 37 145 125 48 195 33 85 62 47 33 70 49 48 28 419 70 25 119 49 174 33 71
leaf_count=1676 32 91 45 26 227 104 48 418 37 145 125 48 195 33 85 62 47 33 70 49 48 28 419 70 25 119 49 174 33 71
internal_value=-5.18228e-08 -3.24323 13.6362 17.0898 -4.23781 1.35035 8.8492 17.5905 3.25382 0.0115826 -2.64706 10.91 -4.63292 6.98816 0.652066 4.29839 2.39603 12.0439 -3.11777 6.18619 9.95325 14.519 -4.74851 -0.903394 3.77178 -1.93714 8.10308 -3.97664 5.77402 -2.78217
internal_weight=4632 3742 890 517 3076 666 373 491 275 391 612 177 2464 196 230 124 151 81 368 114 96 73 2095 161 62 244 82 369 65 141
internal_count=4632 3742 890 517 3076 666 373 491 275 391 612 177 2464 196 230 124 151 81 368 114 96 73 2095 161 62 244 82 369 65 141
is_linear=0
shrinkage=0.05


Tree=9
num_leaves=31
num_cat=0
split_feature=3 3 3 3 3 3 3 3 3 3 3 3 3 3 3 3 3 3 3 3 3 3 3 3 3 3 3 6 3 4
split_gain=7.39528e+07 5.84927e+06 5.64904e+06 857316 705680 529880 489175 411087 109039 94762.4 81428.4 66413.9 40394 33356.1 15660.7 15474.3 14671.3 12133.6 11070.4 9515.78 9438.25 7210.66 5865.77 5755.24 5459.17 4327.93 4065.42 3986.67 3629.88 3563.57
threshold=9.1650000000000009 6.535000000000001 11.200000000000001 21.600000000000005 7.9050000000000011 5.035000000000001 10.065000000000003 11.895000000000001 7.1950000000000012 8.4850000000000012 10.685 5.8150000000000004 9.6350000000000033 4.3350000000000009 11.665000000000001 8.7550000000000008 10.390000000000002 6.1350000000000007 7.4450000000000012 10.980000000000002 6.8850000000000007 8.1850000000000005 9.8100000000000023 5.5650000000000004 9.3950000000000014 12.210000000000003 11.425000000000002 32.000000000000007 3.4950000000000006 6.3500000000000005
decision_type=2 2 2 2 2 2 2 2 2 2 2 2 2 2 2 2 2 2 2 2 2 2 2 2 2 2 2 2 2 2
left_child=1 5 6 7 8 13 12 14 20 21 16 23 24 28 26 -11 -8 27 -10 -12 -3 -6 -14 -7 -2 -9 -4 -13 -1 -25
right_child=2 4 3 -5 9 11 10 25 18 15 19 17 22 -15 -16 -17 -18 -19 -20 -21 -22 -23 -24 29 -26 -27 -28 -29 -30 -31
leaf_value=-4.5684602913316992 5.1157036463419594 -1.4485376130536958 12.672546363599373 7.2518509791447574 1.5597209027835301 -3.4406627097964293 8.4766645431518555 16.631372649094157 -0.074976138760086519 3.1626085188239816 10.596093368530275 -2.3753034414989607 6.5013953713809745 -4.0135254248328831 14.476792607988632 4.2178283264762477 9.6255168596903502 -2.008727758019059 0.68879205412589595 11.709212160110475 -0.80166755379350096 2.2506339912734381 7.3597751061121635 -3.4978651898247857 5.8698011636734009 17.264548372793321 13.483997423895474 -2.9070521079318627 -4.4043221129311458 -2.8465319241796223
leaf_weight=1529 48 118 33 26 70 250 66 29 71 64 48 70 34 368 28 76 48 162 143 32 108 82 48 28 48 389 29 71 432 84
leaf_count=1529 48 118 33 26 70 250 66 29 71 64 48 70 34 368 28 76 48 162 143 32 108 82 48 28 48 389 29 71 432 84
internal_value=5.87309e-08 -3.11534 12.8121 16.1074 0.891203 -4.0949 8.08175 16.5606 -0.373485 2.7969 9.81852 -2.85008 6.18888 -4.45033 13.4953 3.73544 8.96039 -2.30391 0.435392 11.0413 -1.13941 1.93245 7.00386 -3.30722 5.49275 17.2206 13.0521 -2.64306 -4.5323 -3.00937
internal_weight=4632 3726 906 534 732 2994 372 508 440 292 194 665 178 2329 90 140 114 303 214 80 226 152 82 362 96 418 62 141 1961 112
internal_count=4632 3726 906 534 732 2994 372 508 440 292 194 665 178 2329 90 140 114 303 214 80 226 152 82 362 96 418 62 141 1961 112
is_linear=0
shrinkage=0.05


Tree=10
num_leaves=31
num_cat=0
split_feature=3 3 3 3 3 3 3 3 3 3 3 3 3 3 3 3 3 3 3 3 3 3 3 5 3 3 4 3 3 0
split_gain=6.67432e+07 5.57032e+06 4.79554e+06 797726 630704 553226 466718 262988 80374.9 74513.4 66244.1 62294.5 61233.5 56585.2 19114.8 12418.9 11469.1 8841.3 8544.89 8468.62 8271.95 8045.53 6770.71 5403.91 5283.38 5025.13 4854.86 4794.71 4476.39 3811.45
threshold=9.2350000000000012 6.7750000000000012 11.305000000000001 21.600000000000005 5.3050000000000006 8.0450000000000017 10.255000000000001 12.070000000000002 8.6050000000000022 7.2700000000000005 6.1350000000000007 10.775 4.5950000000000006 9.8100000000000023 11.775 7.6650000000000009 8.9050000000000029 8.4100000000000019 10.980000000000002 9.5650000000000031 5.8150000000000004 10.475000000000003 3.9850000000000008 67.700000000000003 7.0250000000000012 6.3050000000000006 31.250000000000004 9.9950000000000028 4.9750000000000005 7.5000000000000009
decision_type=2 2 2 2 2 2 2 2 2 2 2 2 2 2 2 2 2 2 2 2 2 2 2 2 2 2 2 2 2 2
left_child=1 4 6 7 12 9 13 14 17 24 20 21 22 19 -4 29 23 -7 -13 26 -6 -8 -1 -10 -3 -12 -2 -15 -14 -11
right_child=2 5 3 -5 10 8 11 -9 16 15 25 18 28 27 -16 -17 -18 -19 -20 -21 -22 -23 -24 -25 -26 -27 -28 -29 -30 -31
leaf_value=-4.3234464505563315 4.7715763330459593 -1.0659579566383099 12.883291768219511 6.8892588982215308 -2.998523397592721 1.9053019865201071 8.5276384989420588 16.416996848435318 3.7832393233840529 0.69736849388905942 -2.0999716401100161 10.232684803009034 -3.7521128737620821 6.8408946759773022 14.451021286536909 0.99214529332060097 4.361264438013877 2.7316269444024313 11.283176499970105 6.0809037422647281 -2.510910233876384 9.4431032180786136 -4.0696173937289748 2.8316514339447023 -0.48816890462168633 -1.6024544600570618 5.6359130628181227 7.6205503969776389 -3.4032495720633147 0.083400879641879699
leaf_weight=1787 32 91 59 26 227 104 48 403 37 35 72 32 195 33 29 104 62 47 49 49 141 48 308 25 70 172 33 49 174 91
leaf_count=1787 32 91 59 26 227 104 48 403 37 35 72 32 195 33 29 104 62 47 49 49 141 48 308 25 70 172 33 49 174 91
internal_value=6.04791e-09 -2.92707 12.3068 15.4243 -3.8247 1.21879 7.98583 15.8763 2.93712 0.0102468 -2.38811 9.84699 -4.18152 6.30508 13.3999 0.587741 3.8804 2.1625 10.8682 5.58456 -2.81169 8.98537 -4.28613 3.39953 -0.814745 -1.74926 5.21039 7.30679 -3.58761 0.253947
internal_weight=4632 3742 890 517 3076 666 373 491 275 391 612 177 2464 196 88 230 124 151 81 114 368 96 2095 62 161 244 65 82 369 126
internal_count=4632 3742 890 517 3076 666 373 491 275 391 612 177 2464 196 88 230 124 151 81 114 368 96 2095 62 161 244 65 82 369 126
is_linear=0
shrinkage=0.05


Tree=11
num_leaves=31
num_cat=0
split_feature=3 3 3 3 3 3 3 3 3 3 3 3 3 3 3 3 3 3 3 3 3 3 3 3 3 0 7 6 6 0
split_gain=6.02376e+07 4.76609e+06 4.60189e+06 698373 574955 431331 398647 335007 88382.9 76893.5 62328.1 60209.1 39613 20998.7 13008.8 12697 9737.19 9187.26 7922.73 7632.52 7554.24 6844.17 6047.06 5944.11 4213.78 4148.6 4926.06 3741.42 3597.97 3339.48
threshold=9.1650000000000009 6.535000000000001 11.200000000000001 21.600000000000005 7.9050000000000011 4.9750000000000005 10.255000000000001 11.895000000000001 7.1950000000000012 8.4850000000000012 9.7300000000000022 5.8150000000000004 10.685 4.3350000000000009 11.505000000000001 8.8150000000000031 6.1350000000000007 7.4450000000000012 9.9950000000000028 6.8850000000000007 10.980000000000002 9.3950000000000014 5.4150000000000009 8.2150000000000016 10.390000000000002 11.500000000000002 186.37500000000003 4.2500000000000009 32.000000000000007 14.500000000000002
decision_type=2 2 2 2 2 2 2 2 2 2 2 2 2 2 2 2 2 2 2 2 2 2 2 2 2 2 2 2 2 2
left_child=1 5 6 7 8 13 10 14 19 23 21 22 24 -1 -4 -11 28 -10 -12 -3 -14 -2 29 -6 -8 26 27 -9 -13 -7
right_child=2 4 3 -5 9 11 12 25 17 15 18 16 20 -15 -16 -17 -18 -19 -20 -21 -22 -23 -24 -25 -26 -27 -28 -29 -30 -31
leaf_value=-4.0906400744736287 4.6164735833803814 -1.3041718766803587 11.617018095652263 6.544795344426082 1.4761337009997204 -3.0205243824172197 7.9466213703155519 14.570643833705359 -0.073310724157892485 2.9521110956050176 6.3448956756591803 -2.1309927516324181 9.5678140004475907 -3.6589743779423025 12.821956089564734 3.9124092227122826 -1.8171127160114271 0.62247051310341261 7.2395229106046717 -0.72246350713281171 10.559592509269715 5.4036865498469426 -2.7855963829748647 2.1081363940238953 8.6873436927795407 15.69459501195837 15.68116296838831 15.304770935058594 -2.6361540001882635 -3.4039411456314563
leaf_weight=1961 48 118 48 26 87 137 32 21 71 79 50 70 48 329 42 61 162 143 49 108 32 65 167 65 48 216 81 100 71 97
leaf_count=1961 48 118 48 26 87 137 32 21 71 79 50 70 48 329 42 61 162 143 49 108 32 65 167 65 48 216 81 100 71 97
internal_value=3.58174e-08 -2.81166 11.5632 14.5374 0.80494 -3.69587 7.2937 14.9465 -0.336614 2.52509 5.87175 -2.61349 9.17779 -4.02862 12.1793 3.37053 -2.08155 0.391627 6.78769 -1.02619 9.96453 5.0693 -3.01543 1.7464 8.39105 15.5423 15.3794 15.1774 -2.38536 -3.17946
internal_weight=4632 3726 906 534 732 2994 372 508 440 292 212 704 160 2290 90 140 303 214 99 226 80 113 401 152 80 418 202 121 141 234
internal_count=4632 3726 906 534 732 2994 372 508 440 292 212 704 160 2290 90 140 303 214 99 226 80 113 401 152 80 418 202 121 141 234
is_linear=0
shrinkage=0.05


Tree=12
num_leaves=31
num_cat=0
split_feature=3 3 3 3 3 3 3 3 3 3 3 3 3 3 3 3 3 3 3 3 3 3 3 5 3 4 3 3 5 3
split_gain=5.43644e+07 4.53736e+06 3.90825e+06 649919 514079 451070 379277 215331 65692.8 60907.8 53722.9 50856.6 50147 46325.6 15082.6 10567 10045.9 9345.91 7088.02 6997.21 6677.01 5810.23 5391.32 4806.16 4328.87 4297.98 3924.91 3670.45 3559.1 3478.74
threshold=9.2350000000000012 6.7750000000000012 11.305000000000001 21.600000000000005 5.3050000000000006 8.0450000000000017 10.255000000000001 12.070000000000002 8.6050000000000022 7.4450000000000012 6.1350000000000007 10.880000000000001 4.5950000000000006 9.8100000000000023 11.775 7.0250000000000012 10.475000000000003 8.9050000000000029 8.4100000000000019 9.5650000000000031 5.8150000000000004 3.4950000000000006 7.7650000000000006 67.700000000000003 6.4350000000000014 31.250000000000004 10.065000000000003 11.095000000000001 122.2 4.9750000000000005
decision_type=2 2 2 2 2 2 2 2 2 2 2 2 2 2 2 2 2 2 2 2 2 2 2 2 2 2 2 2 2 2
left_child=1 4 6 7 12 9 13 14 18 15 20 16 21 19 -4 -3 -8 23 -7 25 -6 -1 28 -10 -12 -2 -15 -13 -11 -14
right_child=2 5 3 -5 10 8 11 -9 17 22 24 27 29 26 -16 -17 -18 -19 -20 -21 -22 -23 -24 -25 -26 -27 -28 -29 -30 -31
leaf_value=-3.9193330203418721 4.2861836552619934 -0.96503055731018828 11.629684318930416 6.2175564399132366 -2.7041857359167767 1.7210378540249971 7.6915802001953129 14.818654880571012 3.4321970656111436 0.68592930668166707 -1.7850485105350615 9.6150080204010013 -3.3815584886991061 6.3063360055287685 13.022277121708312 -0.25556207090435973 8.6484718561172489 3.9384960543724805 2.4609076768793958 5.4903470993041994 -2.2660964844286022 -3.73181340146823 1.0431129820968794 2.5347808332443238 -1.3637171190325954 5.0994389331702035 7.008488913143383 10.36655238758434 0.079637263805882361 -3.0740179489398827
leaf_weight=1529 32 91 59 26 227 104 48 403 37 70 125 32 195 48 29 124 64 62 47 49 141 566 69 25 119 33 34 33 37 174
leaf_count=1529 32 91 59 26 227 104 48 403 37 70 125 32 195 48 29 124 64 62 47 49 141 566 69 25 119 33 34 33 37 174
internal_value=-4.42353e-08 -2.64172 11.1071 13.9214 -3.45186 1.10004 7.20626 14.3294 2.65163 0.00876969 -2.15487 8.88404 -3.77401 5.69112 12.0886 -0.555849 8.23838 3.50442 1.95133 5.03918 -2.53633 -3.86867 0.698502 3.07034 -1.57956 4.69907 6.59747 9.99656 0.476277 -3.23654
internal_weight=4632 3742 890 517 3076 666 373 491 275 391 612 177 2464 196 88 215 112 124 151 114 368 2095 176 62 244 65 82 65 107 369
internal_count=4632 3742 890 517 3076 666 373 491 275 391 612 177 2464 196 88 215 112 124 151 114 368 2095 176 62 244 65 82 65 107 369
is_linear=0
shrinkage=0.05


Tree=13
num_leaves=31
num_cat=0
split_feature=3 3 3 3 3 3 3 3 3 3 3 3 3 3 3 3 3 3 3 3 3 3 3 3 0 7 3 3 7 6
split_gain=4.9066e+07 3.88246e+06 3.74796e+06 568847 468208 351495 324671 273300 72409.8 62517.1 54771.4 38970.9 28760.4 26920.3 10991.4 10608.2 9605.68 7230.76 6131.07 5684.3 5577.14 5072.47 4896.82 4129.91 3706.54 4356.51 3606.12 3493.13 3374.16 3296.35
threshold=9.1650000000000009 6.535000000000001 11.200000000000001 21.600000000000005 7.9050000000000011 5.1150000000000011 10.065000000000003 11.895000000000001 7.1950000000000012 8.4850000000000012 10.605000000000002 5.9350000000000014 4.455000000000001 9.6350000000000033 11.665000000000001 8.7550000000000008 10.880000000000001 7.4450000000000012 6.8850000000000007 5.5650000000000004 10.390000000000002 8.1850000000000005 6.2650000000000006 9.9250000000000025 11.500000000000002 186.37500000000003 9.3950000000000014 3.4950000000000006 225.68750000000003 4.2500000000000009
decision_type=2 2 2 2 2 2 2 2 2 2 2 2 2 2 2 2 2 2 2 2 2 2 2 2 2 2 2 2 2 2
left_child=1 5 6 7 8 12 13 14 18 21 20 19 27 26 -4 -11 -12 -10 -3 -7 -8 -6 -13 -15 25 29 -2 -1 -29 -9
right_child=2 4 3 -5 9 11 10 24 17 15 16 22 -14 23 -16 -17 -18 -19 -20 -21 -22 -23 -24 -25 -26 -27 -28 28 -30 -31
leaf_value=-3.7233663202189713 4.1661226948102321 -1.1768590855775243 10.618641391877205 5.9066784491905802 1.2641152519839152 -2.776344681246421 6.9037116079619443 13.114009530203683 -0.056867088660807676 2.5668968189507724 8.3465538978576657 -1.9886952387824863 -3.1969651084446031 5.4366569152245159 11.812199074881418 3.4405872326148188 9.346849854787191 0.56039813119475246 -0.6554970708158282 -2.3833475659336107 7.7080557703971868 1.8436047721199875 -1.5419696033552841 6.1733470535278325 14.171427691424336 14.157280957257306 4.7790156404177351 -3.6074187029779488 -3.1107840641124831 13.803089851379395
leaf_weight=1529 48 118 62 26 70 208 66 21 71 64 48 142 353 52 28 76 48 143 108 165 32 82 108 30 216 81 48 452 37 100
leaf_count=1529 48 118 62 26 70 208 66 21 71 64 48 142 353 52 28 76 48 143 108 165 32 82 108 30 216 81 48 452 37 100
internal_value=2.39693e-08 -2.53757 10.436 13.1201 0.726593 -3.33563 6.58296 13.4893 -0.303554 2.27887 7.99787 -2.27875 -3.61333 5.04086 10.99 3.04119 8.8467 0.355605 -0.927713 -2.6025 7.16635 1.57673 -1.79571 5.70618 14.0274 13.8735 4.47257 -3.68616 -3.56984 13.6835
internal_weight=4632 3726 906 534 732 2994 372 508 440 292 194 623 2371 178 90 140 96 214 226 373 98 152 250 82 418 202 96 2018 489 121
internal_count=4632 3726 906 534 732 2994 372 508 440 292 194 623 2371 178 90 140 96 214 226 373 98 152 250 82 418 202 96 2018 489 121
is_linear=0
shrinkage=0.05


Tree=14
num_leaves=31
num_cat=0
split_feature=3 3 3 3 3 3 3 3 3 3 3 3 3 3 3 3 3 3 3 6 3 3 3 3 3 3 5 0 3 7
split_gain=4.42821e+07 3.50436e+06 3.38503e+06 529538 386936 354538 343480 176143 61907.6 49271.8 45957.9 43541.6 41262.7 25956.3 11672.7 7403.62 6861.08 6368.78 6071.03 5977.81 5800.75 5572.6 5372.29 5177.51 4982.56 4911.94 4321.24 3358.88 3152.55 3045.18
threshold=9.1650000000000009 6.6350000000000007 11.305000000000001 21.600000000000005 7.9450000000000012 5.1150000000000011 10.255000000000001 12.070000000000002 7.2700000000000005 8.6050000000000022 9.7300000000000022 6.0250000000000012 10.775 4.455000000000001 11.775 8.3650000000000002 5.6050000000000013 7.6650000000000009 6.9650000000000007 48.250000000000007 9.9250000000000025 11.095000000000001 8.9050000000000029 10.475000000000003 9.3950000000000014 6.3050000000000006 65.850000000000009 4.5000000000000009 3.4950000000000006 225.68750000000003
decision_type=2 2 2 2 2 2 2 2 2 2 2 2 2 2 2 2 2 2 2 2 2 2 2 2 2 2 2 2 2 2
left_child=1 5 6 7 8 13 10 14 18 15 24 16 23 28 -4 -6 -7 27 -3 -18 -12 -14 26 -8 -2 -13 -11 -10 -1 -30
right_child=2 4 3 -5 9 11 12 -9 17 22 20 25 21 -15 -16 -17 19 -19 -20 -21 -22 -23 -24 -25 -26 -27 -28 -29 29 -31
leaf_value=-3.5371980264188418 3.9578165690104168 -0.99835567388534552 10.503107297218452 5.6113445575420675 1.4415201094574654 -2.6193696685788925 6.9484098116556812 13.375994390293625 0.76438891670920639 3.122079348564148 5.3022039849417553 -1.8156068109914543 8.5040822188059497 -3.0371168367585786 11.728208134092135 2.1283721893552747 -1.9578758516357941 0.75744160895066504 -0.45254979481877283 -2.5446916790405911 6.102785509824753 9.3481240706010293 3.4804961163064712 7.6827966690063478 4.629489787175106 -1.3713702534310155 2.2761539271244637 0.084364429474450081 -3.427047821483781 -2.9552448014955264
leaf_weight=1529 48 125 59 26 104 228 48 403 22 36 35 127 48 353 29 63 103 88 86 75 64 33 46 48 65 122 26 104 452 37
leaf_count=1529 48 125 59 26 104 228 48 403 22 36 35 127 48 353 29 63 103 88 86 75 64 33 46 48 65 122 26 104 452 37
internal_value=-1.1203e-08 -2.4107 9.91418 12.5652 0.77745 -3.1482 6.39082 12.9335 -0.168161 2.23885 5.03324 -2.1185 8.01685 -3.43266 10.9068 1.70063 -2.43776 0.431053 -0.775895 -2.20513 5.81975 8.84795 3.07109 7.3156 4.34418 -1.59795 2.76734 0.203099 -3.50186 -3.39135
internal_weight=4632 3726 906 517 700 3026 389 491 425 275 212 655 177 2371 88 167 406 214 211 178 99 81 108 96 113 249 62 126 2018 489
internal_count=4632 3726 906 517 700 3026 389 491 425 275 212 655 177 2371 88 167 406 214 211 178 99 81 108 96 113 249 62 126 2018 489
is_linear=0
shrinkage=0.05


Tree=15
num_leaves=31
num_cat=0
split_feature=3 3 3 3 3 3 3 3 3 3 3 3 3 3 3 3 3 3 3 3 3 3 3 3 4 5 3 6 5 4
split_gain=3.99653e+07 3.33626e+06 2.87482e+06 477908 378497 331811 278750 158969 48166.4 44764.6 39519.7 37239.6 37141 34027.1 10543 7823 7326.96 5285.2 5253.14 5029.27 4829.2 4672.71 4324.7 4125.64 3751.13 3145.88 3131.58 3116.82 3034.42 2927.87
threshold=9.2350000000000012 6.7750000000000012 11.305000000000001 21.600000000000005 5.3050000000000006 8.0450000000000017 10.255000000000001 12.070000000000002 8.6050000000000022 7.4450000000000012 6.1350000000000007 10.775 4.5950000000000006 9.8100000000000023 11.665000000000001 7.0250000000000012 8.9850000000000012 8.4100000000000019 9.5650000000000031 11.095000000000001 5.8150000000000004 10.475000000000003 3.8050000000000002 7.7650000000000006 31.250000000000004 122.2 6.3050000000000006 32.000000000000007 126.60000000000001 33.250000000000007
decision_type=2 2 2 2 2 2 2 2 2 2 2 2 2 2 2 2 2 2 2 2 2 2 2 2 2 2 2 2 2 2
left_child=1 4 6 7 12 9 13 14 17 15 20 21 22 18 -4 -3 28 -7 24 -13 -6 -8 -1 25 -2 -11 -12 -22 -10 -16
right_child=2 5 3 -5 10 8 11 -9 16 23 26 19 -14 -15 29 -17 -18 -19 -20 -21 27 -23 -24 -25 -26 -27 -28 -29 -30 -31
leaf_value=-3.3535089334326318 3.6395847678184512 -0.82857201685617266 9.826510501437717 5.3307768601637626 -2.316732603757917 1.4757544496419053 6.6009893178939825 12.70719473107577 2.8924570917055528 0.60155663079449118 -1.6302339508301682 8.078878021240234 -2.7735731063102724 5.6555231303703497 10.536620297639267 -0.21813011353895551 3.5049660558285924 2.1146407167962256 4.7109187768430125 8.8807176069779832 -1.7074082585743497 7.2986569325129196 -3.173913306325034 0.90030598152374874 4.3993437969323361 0.03154599819634412 -1.2374838535175767 -2.1775806329619716 2.1782467484474184 11.363802642822266
leaf_weight=1676 32 91 45 26 227 104 48 403 58 70 72 48 369 82 23 124 46 47 49 33 70 48 419 69 33 37 172 71 20 20
leaf_count=1676 32 91 45 26 227 104 48 403 58 70 72 48 369 82 23 124 46 47 49 33 70 48 419 69 33 37 172 71 20 20
internal_value=9.73401e-09 -2.26501 9.52323 11.937 -2.9597 0.943501 6.17766 12.2868 2.27426 0.00754243 -1.84681 7.616 -3.23612 4.87874 10.3615 -0.476503 3.00448 1.67461 4.32 8.40555 -2.17398 6.94982 -3.31759 0.598848 4.02531 0.40445 -1.35338 -1.94416 2.70933 10.9214
internal_weight=4632 3742 890 517 3076 666 373 491 275 391 612 177 2464 196 88 215 124 151 114 81 368 96 2095 176 65 107 244 141 78 43
internal_count=4632 3742 890 517 3076 666 373 491 275 391 612 177 2464 196 88 215 124 151 114 81 368 96 2095 176 65 107 244 141 78 43
is_linear=0
shrinkage=0.05


Tree=16
num_leaves=31
num_cat=0
split_feature=3 3 3 3 3 3 3 3 3 3 3 3 3 3 3 3 3 3 3 3 3 6 3 4 1 3 5 3 3 5
split_gain=3.60687e+07 3.01097e+06 2.59452e+06 431312 341594 299460 251572 143469 43470.2 40764.7 35666.5 33774.3 33519.8 30709.5 9736.27 6987.79 6636.45 6612.58 4807.97 4740.96 4500.24 4526.44 3972.07 3385.4 2956.53 2920.9 3285.75 2882.25 2837.66 2773.45
threshold=9.2350000000000012 6.7750000000000012 11.305000000000001 21.600000000000005 5.3050000000000006 8.0450000000000017 10.255000000000001 12.070000000000002 8.6050000000000022 7.2700000000000005 6.1350000000000007 10.880000000000001 4.5950000000000006 9.8100000000000023 11.775 7.7650000000000006 10.605000000000002 8.9850000000000012 8.3650000000000002 9.5650000000000031 5.6050000000000013 46.550000000000004 3.9850000000000008 31.250000000000004 2.5000000000000004 6.4350000000000014 16.450000000000003 10.065000000000003 7.0250000000000012 65.850000000000009
decision_type=2 2 2 2 2 2 2 2 2 2 2 2 2 2 2 2 2 2 2 2 2 2 2 2 2 2 2 2 2 2
left_child=1 4 6 7 12 9 13 14 18 28 20 16 22 19 -4 -11 -8 29 -7 23 -6 -22 -1 -2 -18 26 -12 -15 -3 -10
right_child=2 5 3 -5 10 8 11 -9 17 15 25 -13 -14 27 -16 -17 24 -19 -20 -21 21 -23 -24 -25 -26 -27 -28 -29 -30 -31
leaf_value=-3.1802927912982675 3.4576055288314822 -0.78714342703531082 9.4746963888911875 5.064237946730394 -2.2949897199475933 1.3521611607633532 6.3757188677787786 12.071835113222487 2.8095669666926071 0.25388674770036473 -1.8214275080983233 8.1418316239577067 -2.6348944514262969 5.1232603589693708 10.5935740240689 0.85529068117232443 7.5984134674072266 3.3297177273294203 1.9243343949317933 4.4753729022279076 -1.7427655340575461 -2.1885824005712164 -2.9858763800813009 4.1793765559340974 6.8073886447482641 -1.1084059884067343 -1.2754050381126858 5.7249635808608117 -0.36370198360511236 2.1967287051677706
leaf_weight=1787 32 91 59 26 135 88 64 403 48 161 41 65 369 48 29 69 21 46 63 49 134 99 308 33 27 119 84 34 70 30
leaf_count=1787 32 91 59 26 135 88 64 403 48 161 41 65 369 48 29 69 21 46 63 49 134 99 308 33 27 119 84 34 70 30
internal_value=2.30167e-08 -2.15176 9.04707 11.3401 -2.81172 0.896326 5.86877 11.6724 2.16055 0.0071653 -1.75447 7.2352 -3.07431 4.6348 9.84342 0.434308 6.70904 2.85426 1.59088 4.104 -2.06528 -1.93219 -3.15171 3.82404 7.15346 -1.28571 -1.4545 5.37275 -0.603038 2.57386
internal_weight=4632 3742 890 517 3076 666 373 491 275 391 612 177 2464 196 88 230 112 124 151 114 368 233 2095 65 48 244 125 82 161 78
internal_count=4632 3742 890 517 3076 666 373 491 275 391 612 177 2464 196 88 230 112 124 151 114 368 233 2095 65 48 244 125 82 161 78
is_linear=0
shrinkage=0.05


Tree=17
num_leaves=31
num_cat=0
split_feature=3 3 3 3 3 3 3 3 3 3 3 3 3 3 3 3 3 3 3 3 3 3 0 7 3 3 5 5 6 0
split_gain=3.25525e+07 2.57807e+06 2.48837e+06 366895 311034 235602 232851 185630 47469.1 42385.1 32178.7 25679.2 17773.5 11468.5 11400.8 7317.79 5244.75 4764.81 4017.99 3983.3 3936.18 3817.09 3237.73 3695.6 3095.66 3026.59 3153.12 3298.18 2744.8 2728.96
threshold=9.1650000000000009 6.535000000000001 11.095000000000001 21.600000000000005 7.8450000000000006 4.9750000000000005 11.895000000000001 10.065000000000003 8.4850000000000012 7.1950000000000012 5.9350000000000014 10.605000000000002 9.6350000000000033 11.305000000000001 4.0950000000000006 8.7550000000000008 5.5650000000000004 8.1850000000000005 6.8850000000000007 11.665000000000001 7.4450000000000012 10.390000000000002 11.500000000000002 186.37500000000003 10.880000000000001 6.2650000000000006 114.75000000000001 31.750000000000004 4.2500000000000009 14.500000000000002
decision_type=2 2 2 2 2 2 2 2 2 2 2 2 2 2 2 2 2 2 2 2 2 2 2 2 2 2 2 2 2 2
left_child=1 5 7 6 9 14 13 12 17 18 16 21 -2 -4 -1 -10 29 -6 -3 -15 -11 -9 23 28 -13 -12 27 -27 -8 -7
right_child=2 4 3 -5 8 10 22 11 15 20 25 24 -14 19 -16 -17 -18 -19 -20 -21 -22 -23 -24 -25 -26 26 -28 -29 -30 -31
leaf_value=-3.018167954650945 3.6398012399673463 -0.95688429402140118 8.0295907107266515 4.8110259716327377 0.97709670923222081 -2.1698061435894913 10.588391113281251 5.6251660086891873 2.085858688503504 -0.049560497082035304 -1.6134514562890563 6.7957887729008988 4.6421631301321638 8.8614503309461821 -2.7369309550716676 2.8115088876925021 -1.9432062801447783 1.5083106464592786 -0.53482255758545194 9.6210199628557476 0.41594663776812102 6.2905958533287052 11.561503657588254 11.54442408055435 7.4306753635406499 -1.2827335152029993 -1.5642999134957791 -0.49634440928697593 11.217185523986817 -2.4828178442441504
leaf_weight=1842 96 118 33 26 87 172 21 66 64 71 142 48 82 45 448 76 165 82 108 28 126 32 216 81 32 40 48 20 100 117
leaf_count=1842 96 118 33 26 87 172 21 66 64 71 142 48 82 45 448 76 165 82 108 28 126 32 216 81 32 40 48 20 100 117
internal_value=-9.68199e-09 -2.06691 8.50032 10.6085 0.593 -2.71722 10.8962 5.24331 1.79889 -0.287902 -1.91727 6.38505 4.10156 8.80312 -2.96315 2.47978 -2.16812 1.23485 -0.755191 9.15279 0.248175 5.84245 11.4269 11.283 7.04974 -1.46173 -1.26225 -1.0206 11.1081 -2.29653
internal_weight=4632 3726 906 550 732 2994 524 356 309 423 704 178 178 106 2290 140 454 169 226 73 197 98 418 202 80 250 108 60 121 289
internal_count=4632 3726 906 550 732 2994 524 356 309 423 704 178 178 106 2290 140 454 169 226 73 197 98 418 202 80 250 108 60 121 289
is_linear=0
shrinkage=0.05


Tree=18
num_leaves=31
num_cat=0
split_feature=3 3 3 3 3 3 3 3 3 3 3 3 3 3 3 3 3 3 3 3 3 3 3 3 4 5 3 6 0 7
split_gain=2.93807e+07 2.45224e+06 2.11254e+06 351306 312208 214102 205224 117986 35323.5 34239.1 27639.6 27455.8 25678.1 25219.5 7705.1 5910.65 4616 4011.8 3869.12 3811.29 3641.57 3631.62 3567.78 3450.09 3055.32 2839.15 2649.49 2622.44 2472.71 3202.99
threshold=9.2350000000000012 6.8850000000000007 11.305000000000001 21.600000000000005 5.3050000000000006 8.1850000000000005 10.255000000000001 12.070000000000002 6.1350000000000007 7.4450000000000012 4.6550000000000011 10.775 8.7550000000000008 9.8100000000000023 11.665000000000001 7.7650000000000006 8.4100000000000019 10.980000000000002 3.8050000000000002 9.5650000000000031 7.1950000000000012 5.8150000000000004 6.535000000000001 10.475000000000003 31.250000000000004 122.2 8.9850000000000012 32.000000000000007 15.500000000000002 153.86875000000003
decision_type=2 2 2 2 2 2 2 2 2 2 2 2 2 2 2 2 2 2 2 2 2 2 2 2 2 2 2 2 2 2
left_child=1 4 6 7 10 9 13 14 21 20 18 23 16 19 -4 25 -7 -13 -1 24 -3 -6 -10 -8 -2 -11 -14 -23 29 -9
right_child=2 5 3 -5 8 12 11 28 22 15 -12 17 26 -15 -16 -17 -18 -19 -20 -21 -22 27 -24 -25 -26 -27 -28 -29 -30 -31
leaf_value=-2.8759105825836735 3.102735197544098 -0.50808144223151941 8.418377821180556 4.5704754169170672 -1.9871806779359407 1.3681253313740243 5.659805162747702 10.544106518780744 -1.2704914012348947 0.5379871131692614 -2.3496727968450761 6.7740740180015564 2.4716062182965488 4.8516221348832298 9.3543435562488639 0.87751990747901631 1.9323190770571745 7.4938696102220197 -2.7117850434206248 4.0348383144456514 -0.047082472760492655 -1.4469252980500462 -0.90904006617522592 6.2592917998631803 3.788417712124911 -0.0035229774141633838 3.0082514223845109 -1.8782003134069312 11.064480332925287 10.922713788350423
leaf_weight=1676 32 108 45 26 227 67 48 81 162 70 331 32 46 82 43 106 79 49 457 49 71 70 118 48 33 37 46 71 142 180
leaf_count=1676 32 108 45 26 227 67 48 81 162 70 331 32 46 82 43 106 79 49 457 49 71 70 118 48 33 37 46 71 142 180
internal_value=-4.02757e-08 -1.94205 8.16533 10.2345 -2.51795 0.902732 5.2974 10.5344 -1.54138 0.184516 -2.77478 6.53156 2.08568 4.18288 8.87572 0.612891 1.67341 7.20951 -2.84075 3.70186 -0.325227 -1.86339 -1.11817 5.95955 3.45085 0.350736 2.73993 -1.66409 10.8966 10.8052
internal_weight=4632 3742 890 517 3112 630 373 491 648 392 2464 177 238 196 88 213 146 81 2133 114 179 368 280 96 65 107 92 141 403 261
internal_count=4632 3742 890 517 3112 630 373 491 648 392 2464 177 238 196 88 213 146 81 2133 114 179 368 280 96 65 107 92 141 403 261
is_linear=0
shrinkage=0.05


Tree=19
num_leaves=31
num_cat=0
split_feature=3 3 3 3 3 3 3 3 3 3 3 3 3 3 3 3 3 3 3 3 3 3 6 6 1 7 3 7 0 5
split_gain=2.65161e+07 2.21336e+06 1.90657e+06 317054 251366 220644 185214 106483 31960 29819.1 26196.8 24944.7 24818.5 22891.5 7109.71 5288.97 4903.35 4864.98 4011.44 3547.91 3474.08 3368.97 3918.95 2680.68 2637.41 2626.41 2609.05 2598.96 3060.93 2562.34
threshold=9.2350000000000012 6.7750000000000012 11.305000000000001 21.600000000000005 5.3050000000000006 8.0450000000000017 10.255000000000001 12.070000000000002 8.6050000000000022 7.4450000000000012 6.1350000000000007 4.6550000000000011 10.880000000000001 9.7300000000000022 11.775 7.0250000000000012 8.9850000000000012 10.605000000000002 9.9950000000000028 3.9850000000000008 8.3650000000000002 5.6050000000000013 23.950000000000003 9.6500000000000004 2.5000000000000004 122.17708333333334 7.7650000000000006 145.58958333333337 9.5000000000000018 122.2
decision_type=2 2 2 2 2 2 2 2 2 2 2 2 2 2 2 2 2 2 2 2 2 2 2 2 2 2 2 2 2 2
left_child=1 4 6 7 11 9 13 14 20 15 21 19 17 -2 -4 25 -10 -8 -15 -1 -7 -6 23 -23 -19 -3 29 -24 -29 -11
right_child=2 5 3 -5 10 8 12 -9 16 26 -12 -13 -14 18 -16 -17 -18 24 -20 -21 -22 22 27 -25 -26 -27 -28 28 -30 -31
leaf_value=-2.7270840475695324 3.4278434940220155 -1.1158095946311952 8.1168535135560127 4.3419509887695318 -1.9689684912893508 1.1622127338566564 5.4685549199581152 10.351740607552729 2.2069586371764163 0.51108773580619271 -1.1021045044805 -2.2321891987322071 6.9821684910700874 4.193532930374146 9.0729732118803881 -0.17743134567393892 2.8578388048254926 6.5547075725737081 4.8301154701077209 -2.5521591512281772 1.648582675343468 -1.6041383489743986 -1.6410197065273922 -1.0590382680735169 5.8075918833414715 -0.51404029880509228 0.72752129858818604 -1.6592819452285767 -2.4013969479185167 -0.003346809503194448
leaf_weight=1787 97 25 59 26 135 88 64 403 78 70 244 331 65 50 29 124 46 21 49 346 63 67 75 34 27 66 69 24 33 37
leaf_count=1787 97 25 59 26 135 88 64 403 78 70 244 331 65 50 29 124 46 21 49 346 63 67 75 34 27 66 69 24 33 37
internal_value=-3.50357e-08 -1.84495 7.75707 9.72273 -2.41078 0.768418 5.03253 10.0077 1.8536 0.00518643 -1.50385 -2.63604 6.20498 3.97374 8.43194 -0.389876 2.44841 5.75394 4.50861 -2.69871 1.36514 -1.77022 -1.65506 -1.42064 6.13445 -0.679362 0.487791 -1.83443 -2.08893 0.333199
internal_weight=4632 3742 890 517 3076 666 373 491 275 391 612 2464 177 196 88 215 124 112 99 2133 151 368 233 101 48 91 176 132 57 107
internal_count=4632 3742 890 517 3076 666 373 491 275 391 612 2464 177 196 88 215 124 112 99 2133 151 368 233 101 48 91 176 132 57 107
is_linear=0
shrinkage=0.05


Tree=20
num_leaves=31
num_cat=0
split_feature=3 3 3 3 3 3 3 3 3 3 3 3 3 3 3 3 3 3 6 3 5 3 3 3 3 0 4 4 3 7
split_gain=2.39308e+07 1.99805e+06 1.72068e+06 286141 215236 210231 167156 96100.7 30703.4 28843.9 28808.7 22420.9 20661.1 13940.5 6458.7 4608.99 4486.88 3962.94 4357.16 3509.62 3359.12 3276.96 3186.91 3061.35 2953.81 2913.72 2757.43 2391.56 2332.47 2589.08
threshold=9.2350000000000012 6.7250000000000005 11.305000000000001 21.600000000000005 5.1150000000000011 8.0450000000000017 10.255000000000001 12.070000000000002 7.2700000000000005 8.6050000000000022 6.0550000000000006 10.775 9.8100000000000023 4.455000000000001 11.665000000000001 7.6650000000000009 8.9050000000000029 5.6050000000000013 48.250000000000007 11.095000000000001 65.850000000000009 9.5650000000000031 8.4100000000000019 6.3050000000000006 10.390000000000002 7.5000000000000009 31.250000000000004 33.250000000000007 7.0250000000000012 131.4666666666667
decision_type=2 2 2 2 2 2 2 2 2 2 2 2 2 2 2 2 2 2 2 2 2 2 2 2 2 2 2 2 2 2
left_child=1 4 6 7 13 8 12 14 28 22 17 24 21 -1 -4 25 20 -6 -19 -13 -11 26 -7 -12 -8 -10 -2 -16 29 -3
right_child=2 5 3 -5 10 9 11 -9 15 16 23 19 -14 -15 27 -17 -18 18 -20 -21 -22 -23 -24 -25 -26 -27 -28 -29 -30 -31
leaf_value=-2.5752679385207928 2.7762062698602676 -1.0127385769867236 7.5916161939832909 4.1248533982496998 -1.9176658766442225 1.1424602111228384 4.9855934858322151 9.8341536850846438 0.53816256840314192 2.3379939186904166 -1.3129999881237746 6.2344784657160446 4.3803446002122834 -2.2346812032268679 8.1008244058360219 0.60017576341947121 2.6267612795675959 -1.405043072917977 -1.8823393221412386 6.904309093590939 1.5921619419868176 3.6484218753114037 1.6385701466113964 -0.96810485088777165 5.5739381909370422 0.0013479563847675429 3.4276046088247591 8.8484184837341306 -0.2959904257793512 -0.49341560398331946
leaf_weight=2018 32 36 45 26 228 104 32 403 35 36 110 48 82 353 23 104 62 111 84 33 26 49 47 155 64 91 33 20 70 72
leaf_count=2018 32 36 45 26 228 104 32 403 35 36 110 48 82 353 23 104 62 111 84 33 26 49 47 155 64 91 33 20 70 72
internal_value=-2.3867e-09 -1.7527 7.36921 9.2366 -2.29863 0.692423 4.78091 9.50728 -0.0277628 1.76092 -1.52004 5.89474 3.77505 -2.52456 8.01034 0.353811 2.32599 -1.77613 -1.61065 6.50737 2.02523 3.33967 1.29688 -1.11127 5.37782 0.150463 3.10692 8.44854 -0.520808 -0.666523
internal_weight=4632 3742 890 517 3059 683 373 491 408 275 688 177 196 2371 88 230 124 423 195 81 62 114 151 265 96 126 65 43 178 108
internal_count=4632 3742 890 517 3059 683 373 491 408 275 688 177 196 2371 88 230 124 423 195 81 62 114 151 265 96 126 65 43 178 108
is_linear=0
shrinkage=0.05


Tree=21
num_leaves=31
num_cat=0
split_feature=3 3 3 3 3 3 3 3 3 3 3 3 3 3 3 3 3 3 3 3 3 3 1 5 0 0 4 5 5 0
split_gain=2.15975e+07 1.80343e+06 1.55291e+06 258242 209674 174992 150858 86730.9 30130.5 29494.1 26199.3 20383.8 18762.4 7554.52 5923.59 4430.45 4089.69 4044.15 3834.76 3611.72 3264.77 3188.89 2627.21 2617.8 3361.9 3835.45 2488.58 2379.82 3889.96 2231.62
threshold=9.2350000000000012 6.6350000000000007 11.305000000000001 21.600000000000005 7.9450000000000012 4.9750000000000005 10.255000000000001 12.070000000000002 7.1950000000000012 8.6050000000000022 5.9350000000000014 10.880000000000001 9.9250000000000025 4.0950000000000006 11.775 9.5650000000000031 8.9850000000000012 10.475000000000003 7.4450000000000012 8.3650000000000002 5.5650000000000004 6.3050000000000006 3.5000000000000004 683.25000000000011 14.500000000000002 21.500000000000004 31.250000000000004 25.450000000000003 404.2000000000001 15.500000000000002
decision_type=2 2 2 2 2 2 2 2 2 2 2 2 2 2 2 2 2 2 2 2 2 2 2 2 2 2 2 2 2 2
left_child=1 5 6 7 8 13 12 14 -3 19 20 17 15 -1 -4 26 -11 -8 -10 -6 23 27 -19 24 -7 -26 -2 -12 -29 -9
right_child=2 4 3 -5 9 10 11 29 18 16 21 -13 -14 -15 -16 -17 -18 22 -20 -21 -22 -23 -24 -25 25 -27 -28 28 -30 -31
leaf_value=-2.4593471272962812 2.6373959332704544 -0.57590732759287222 7.3222207602808034 3.9186109689565805 1.0107934304154838 -1.7662076553718355 4.8443017244338993 9.255659619327707 -0.036522923189569532 1.9891798264323137 -1.5297401995842275 6.3043327918419472 4.2888610541820524 -2.2304146879834921 8.1949489593505866 3.5309816801725931 2.5836088346398398 5.7339560826619476 0.4050025998312049 1.4905248382025296 -1.5859690456634219 -0.95724517458775016 5.0881874629429413 -1.340486860817129 -2.2827781345470846 -1.5263877618880501 3.2562243750601105 -0.92502570682854357 -1.6197837123069272 9.5019620223784127
leaf_weight=1842 32 194 59 26 104 163 48 261 71 78 65 65 64 448 29 67 46 36 160 63 165 122 28 22 83 21 33 66 29 142
leaf_count=1842 32 194 59 26 104 163 48 261 71 78 65 65 64 448 29 67 46 36 160 63 165 122 28 22 83 21 33 66 29 142
internal_value=-2.7819e-10 -1.66506 7.00075 8.77477 0.591493 -2.199 4.54186 9.03192 -0.116515 1.62552 -1.52831 5.6 3.5863 -2.41456 7.60982 3.24567 2.20969 5.19123 0.269296 1.19177 -1.76342 -1.1498 5.45143 -1.86473 -1.90793 -2.13005 2.95157 -1.29662 -1.13711 9.34245
internal_weight=4632 3742 890 517 716 3026 373 491 425 291 736 177 196 2290 88 132 124 112 231 167 454 282 64 289 267 104 65 160 95 403
internal_count=4632 3742 890 517 716 3026 373 491 425 291 736 177 196 2290 88 132 124 112 231 167 454 282 64 289 267 104 65 160 95 403
is_linear=0
shrinkage=0.05


Tree=22
num_leaves=31
num_cat=0
split_feature=3 3 3 3 3 3 3 3 3 3 3 3 3 3 3 3 1 3 3 3 5 5 5 0 1 7 4 5 0 0
split_gain=1.9492e+07 1.54587e+06 1.49276e+06 219854 186703 141905 139340 112138 28371.8 24990.2 19069.6 14917.6 10568.8 6909.43 6817.95 4551.91 2971.03 2946.46 2893.47 2565.58 2508.56 4285.87 3479.85 2468.51 3324.9 2526.53 2378.23 2362.56 3034.12 3461.49
threshold=9.1650000000000009 6.535000000000001 11.095000000000001 21.600000000000005 7.8450000000000006 4.9750000000000005 11.895000000000001 10.065000000000003 8.4850000000000012 7.1950000000000012 5.9350000000000014 10.605000000000002 9.7300000000000022 11.505000000000001 4.0950000000000006 8.7550000000000008 1.0000000180025095e-35 5.5650000000000004 8.2150000000000016 9.3950000000000014 534.20000000000016 34.400000000000006 74.600000000000009 11.500000000000002 5.5000000000000009 195.94375000000002 45.45000000000001 683.25000000000011 14.500000000000002 21.500000000000004
decision_type=2 2 2 2 2 2 2 2 2 2 2 2 2 2 2 2 2 2 2 2 2 2 2 2 2 2 2 2 2 2
left_child=1 5 7 6 9 14 13 12 18 16 17 -9 19 -4 -1 -10 -3 27 -6 -2 21 -12 -23 24 25 -8 -27 28 -7 -30
right_child=2 4 3 -5 8 10 23 11 15 -11 20 -13 -14 -15 -16 -17 -18 -19 -20 -21 -22 22 -24 -25 -26 26 -28 -29 29 -31
leaf_value=-2.3363797696211237 2.5981556038061782 -1.0534965174979178 6.4870410382747652 3.7226804293118989 0.79497192421784768 -1.6778972560642686 8.5223695139731142 4.5288462522078534 1.6103120478335768 0.18944406703795275 -1.2724935450242914 5.449023270606995 3.675594059870793 7.3123744419642867 -2.1188939497540042 2.1826255180333791 -0.5114385612034783 -1.5066705960486875 1.2202268465207173 3.0801311588287357 -1.5114763578853092 -0.31335863602161407 -0.99684800093304615 8.9612691261150221 9.3136627197265636 9.2772095900315517 8.6287742368636593 -1.2734625015407801 -2.1686391790229158 -1.4500683682305473
leaf_weight=1842 48 29 64 26 104 163 124 98 64 197 115 80 65 42 448 76 197 165 65 65 37 25 73 216 21 26 31 22 83 21
leaf_count=1842 48 29 64 26 104 163 124 98 64 197 115 80 65 42 448 76 197 165 65 65 37 25 73 216 21 26 31 22 83 21
internal_value=-1.18755e-08 -1.5994 6.57766 8.2105 0.46031 -2.10297 8.43318 4.05501 1.3946 -0.222185 -1.48214 4.94241 3.1676 6.81406 -2.29383 1.921 -0.580995 -1.67525 0.958532 2.8754 -1.13146 -1.06545 -0.822488 8.84377 8.71812 8.64902 8.92455 -1.77149 -1.81253 -2.02354
internal_weight=4632 3726 906 550 732 2994 524 356 309 423 704 178 178 106 2290 140 226 454 169 113 250 213 98 418 202 181 57 289 267 104
internal_count=4632 3726 906 550 732 2994 524 356 309 423 704 178 178 106 2290 140 226 454 169 113 250 213 98 418 202 181 57 289 267 104
is_linear=0
shrinkage=0.05


Tree=23
num_leaves=31
num_cat=0
split_feature=3 3 3 3 3 3 3 3 3 3 3 3 3 3 3 3 6 3 3 4 5 3 3 6 7 3 5 3 6 4
split_gain=1.75918e+07 1.55704e+06 1.18099e+06 210415 186501 144038 108334 70988.9 20849 20272.8 19259.2 17001.7 16306 13522.4 4689.87 3572.71 2630.29 2623.64 2610.05 2401.96 2292.87 2175.7 2175.57 2144.49 2460.58 2116 2112.7 2093.28 2075.19 3149.72
threshold=9.3150000000000031 6.8850000000000007 11.305000000000001 21.600000000000005 5.3050000000000006 8.1850000000000005 10.315000000000003 12.070000000000002 6.1350000000000007 7.4450000000000012 8.7550000000000008 4.6550000000000011 9.9250000000000025 10.880000000000001 11.665000000000001 7.7650000000000006 23.050000000000004 3.4950000000000006 8.4100000000000019 41.800000000000004 122.2 5.8150000000000004 9.5650000000000031 74.90000000000002 168.7479166666667 8.9850000000000012 36.050000000000004 6.535000000000001 189.05000000000004 67.700000000000003
decision_type=2 2 2 2 2 2 2 2 2 2 2 2 2 2 2 2 2 2 2 2 2 2 2 2 2 2 2 2 2 2
left_child=1 4 6 7 11 9 12 14 21 23 18 17 22 16 -4 20 -8 -1 -7 -18 -11 -6 -2 -3 -25 26 -12 -10 -9 -30
right_child=2 5 3 -5 8 10 13 28 27 15 25 -13 -14 -15 -16 -17 19 -19 -20 -21 -22 -23 -24 24 -26 -27 -28 -29 29 -31
leaf_value=-2.2340401962116858 2.7438634435335798 -0.1051441993808078 6.5087336815728083 3.536546149620643 -1.5373706779254004 1.0667938949456857 4.4475136804580684 8.4986752920592874 -0.98570232306043681 0.43921011447906494 2.2413205583890279 -1.8140394609145751 3.9338015568407281 5.6903152817946214 7.2389495494753824 0.68049147051390058 5.2633205652236938 -2.1109579554308726 1.4910418809214727 4.6092190856933595 -0.047422712115017147 -1.2872951728021 3.1848729325764218 -0.66476784359353291 -0.044715080363675955 2.3629523973616346 1.562974580309608 -0.70883988289762356 7.9815104883367374 8.5421797379203479
leaf_weight=1529 48 107 45 26 227 67 40 302 162 70 24 331 79 65 43 106 32 604 79 25 37 141 67 48 24 63 22 118 55 46
leaf_count=1529 48 107 45 26 227 67 40 302 162 70 24 331 79 65 43 106 32 604 79 25 37 141 67 48 24 63 22 118 55 46
internal_value=-1.342e-08 -1.48495 6.39396 7.92 -1.94895 0.746832 4.17778 8.15212 -1.19416 0.145127 1.67181 -2.14745 3.38073 5.13227 6.86554 0.474752 4.75832 -2.19919 1.29635 4.97643 0.270935 -1.44155 3.0008 -0.247109 -0.458084 2.17471 1.91689 -0.869025 8.43306 8.23686
internal_weight=4632 3759 873 517 3112 647 356 491 648 392 255 2464 194 162 88 213 97 2133 146 57 107 368 115 179 72 109 46 280 403 101
internal_count=4632 3759 873 517 3112 647 356 491 648 392 255 2464 194 162 88 213 97 2133 146 57 107 368 115 179 72 109 46 280 403 101
is_linear=0
shrinkage=0.05


Tree=24
num_leaves=31
num_cat=0
split_feature=3 3 3 3 3 3 3 3 3 3 3 3 3 3 3 3 3 0 3 3 3 0 7 5 7 6 3 4 3 3
split_gain=1.58769e+07 1.3285e+06 1.14258e+06 184260 168317 115876 94743.6 88819.5 18816.3 18296.2 17826.9 15344 14051.5 6935.05 3782.12 3224.37 3129.7 2390.26 2367.84 2355.57 2248.28 2226.25 2880.76 2069.31 2047.78 2817.05 2110.61 2508.65 2776.03 2312.17
threshold=9.2350000000000012 6.8850000000000007 11.200000000000001 21.600000000000005 5.3050000000000006 8.1850000000000005 10.065000000000003 11.895000000000001 6.1350000000000007 7.4450000000000012 10.685 4.6550000000000011 8.7550000000000008 9.7300000000000022 11.505000000000001 7.7650000000000006 10.390000000000002 16.500000000000004 3.4950000000000006 8.4100000000000019 10.980000000000002 15.500000000000002 146.04583333333338 122.2 153.86875000000003 436.00000000000006 12.945000000000002 131.80000000000004 15.470000000000001 15.985000000000001
decision_type=2 2 2 2 2 2 2 2 2 2 2 2 2 2 2 2 2 2 2 2 2 2 2 2 2 2 2 2 2 2
left_child=1 4 6 7 11 9 13 14 -6 -3 16 18 19 -2 -4 23 17 -8 -1 -7 -12 24 -23 -11 -9 26 -26 28 -28 -29
right_child=2 5 3 -5 8 12 10 21 -10 15 20 -13 -14 -15 -16 -17 -18 -19 -20 -21 -22 22 -24 -25 25 -27 27 29 -30 -31
leaf_value=-2.1223382059077838 2.6478515605336614 -0.23475320890087989 5.9472772200902311 3.3597194965069108 -1.3694760328540883 1.0134541928100942 4.1271179116290551 7.6922856512523836 -0.82557336113016522 0.41724960336727757 4.9093733827273054 -1.7233374867374445 2.0204861882588139 3.3152877756265497 6.5969785054524737 0.64646688791273066 4.4593277494112646 3.4723745775222783 -2.0054100502600019 1.4164897846647457 5.4504326820373539 8.5350916399274563 8.0148508982615425 -0.045051571122697885 7.7441021709907352 7.4282769775390625 8.6479316092826224 7.5915991289862284 8.047039003372193 8.2804986136300229
leaf_weight=1529 97 179 48 26 368 67 46 84 280 70 48 331 92 65 42 106 48 20 604 79 32 35 111 37 41 20 37 29 40 21
leaf_count=1529 97 179 48 26 368 67 46 84 280 70 48 331 92 65 42 106 48 20 604 79 32 35 111 37 41 20 37 29 40 21
internal_value=-9.63539e-09 -1.42762 6.00241 7.46517 -1.8515 0.666245 3.80826 7.67529 -1.13446 0.13787 4.55364 -2.04008 1.53651 2.91565 6.25047 0.451014 4.15213 3.92871 -2.08923 1.23154 5.1258 7.98207 8.13957 0.257388 7.89753 7.98923 8.05601 8.15671 8.33578 7.88094
internal_weight=4632 3742 890 534 3112 630 356 508 648 392 194 2464 238 162 90 213 114 66 2133 146 80 418 146 107 272 188 168 127 77 50
internal_count=4632 3742 890 534 3112 630 356 508 648 392 194 2464 238 162 90 213 114 66 2133 146 80 418 146 107 272 188 168 127 77 50
is_linear=0
shrinkage=0.05


Tree=25
num_leaves=31
num_cat=0
split_feature=3 3 3 3 3 3 3 3 3 3 3 3 3 3 3 3 5 3 5 5 3 3 6 0 3 6 6 7 1 3
split_gain=1.43303e+07 1.26776e+06 962088 171423 151999 117142 88211.9 58156.1 18713.4 18006.2 13729.5 13513.1 13163.2 10067.8 3810.08 3721.76 2532.22 2225.28 2323.01 2691.88 2183.78 2136.97 2076.54 2271.67 2179.34 1978.94 1935.4 2220.67 1883.18 1873.23
threshold=9.3150000000000031 6.8850000000000007 11.305000000000001 21.600000000000005 5.4150000000000009 8.2150000000000016 10.255000000000001 12.070000000000002 7.4450000000000012 4.6550000000000011 6.2650000000000006 10.775 8.7550000000000008 9.9250000000000025 7.8450000000000006 11.775 411.05000000000001 5.9350000000000014 25.450000000000003 429.90000000000003 10.980000000000002 3.4950000000000006 56.300000000000004 11.500000000000002 7.6150000000000011 71.850000000000009 74.90000000000002 168.7479166666667 5.5000000000000009 10.390000000000002
decision_type=2 2 2 2 2 2 2 2 2 2 2 2 2 2 2 2 2 2 2 2 2 2 2 2 2 2 2 2 2 2
left_child=1 4 6 7 9 8 13 15 26 21 17 29 -7 -2 22 -4 -11 -6 25 -20 -13 -1 23 -10 -25 -19 -3 -28 -12 -8
right_child=2 5 3 -5 10 12 11 -9 14 16 28 20 -14 -15 -16 -17 -18 18 19 -21 -22 -23 -24 24 -26 -27 27 -29 -30 -31
leaf_value=-2.0162212299955358 2.7082102027146715 -0.088149330305440407 5.9652927915928728 3.1917327880859379 -1.3254440128803253 1.2137256801128389 3.8484453320503236 7.6120406612273186 0.42581583321094513 -1.6724852413876108 -0.67269926876285857 4.7164504289627081 1.9600556869025625 3.4906048074364664 0.68271873116206672 6.6570613334918853 -1.3307076815916943 -1.0690665454477877 -0.69796849724921317 -1.3237051668167115 5.247510754332251 -1.9051395604066206 0.50445885354822328 -0.52027977719902996 0.20900926249367849 -1.6449197075366975 -0.61979178718741723 -0.030741667499144872 -1.0980840786298116 4.3169742912054065
leaf_weight=1529 115 107 59 26 220 129 32 403 30 326 196 32 109 64 104 29 65 37 55 25 49 604 55 20 21 25 48 24 30 64
leaf_count=1529 115 107 59 26 220 129 32 403 30 326 196 32 109 64 104 29 65 37 55 25 49 604 55 20 21 25 48 24 30 64
internal_value=4.37959e-09 -1.34024 5.77088 7.14825 -1.75893 0.673575 3.7706 7.35776 0.160358 -1.92759 -1.03495 4.5621 1.55553 2.98795 0.458722 6.19326 -1.61567 -1.22585 -1.07154 -0.893511 5.03771 -1.98477 0.273836 0.0951841 -0.146741 -1.30127 -0.223016 -0.423442 -0.729166 4.1608
internal_weight=4632 3759 873 517 3112 647 356 491 409 2524 588 177 238 179 230 88 391 362 142 80 81 2133 126 71 41 62 179 72 226 96
internal_count=4632 3759 873 517 3112 647 356 491 409 2524 588 177 238 179 230 88 391 362 142 80 81 2133 126 71 41 62 179 72 226 96
is_linear=0
shrinkage=0.05


Tree=26
num_leaves=31
num_cat=0
split_feature=3 3 3 3 3 3 3 3 3 3 3 3 3 3 3 7 1 0 0 5 3 4 5 5 5 0 1 7 4 4
split_gain=1.2935e+07 1.10339e+06 928314 145945 100278 94723.6 92217.5 89902.3 14821.9 14224.5 12578.1 12405.4 7645.35 4551.96 4512.81 3137.01 2629.83 2435.94 2396.95 2338.73 2326.17 2162.65 2054.01 3535.19 3127.28 2012.77 2974.56 2026.29 2058.53 1985.58
threshold=8.9850000000000012 11.095000000000001 6.535000000000001 21.600000000000005 7.7650000000000006 4.9750000000000005 11.895000000000001 9.9950000000000028 7.1950000000000012 8.4100000000000019 10.475000000000003 5.9350000000000014 9.5650000000000031 11.505000000000001 4.0950000000000006 194.99583333333337 1.0000000180025095e-35 14.500000000000002 21.500000000000004 22.150000000000002 5.5050000000000008 30.100000000000005 534.20000000000016 34.400000000000006 74.600000000000009 11.500000000000002 5.5000000000000009 195.94375000000002 45.45000000000001 444.35000000000008
decision_type=2 2 2 2 2 2 2 2 2 2 2 2 2 2 2 2 2 2 2 2 2 2 2 2 2 2 2 2 2 2
left_child=2 7 5 6 8 14 13 12 16 -6 -9 17 15 -3 -1 -2 -4 -7 20 -11 -19 -20 23 -13 -25 26 27 -8 -29 -27
right_child=1 3 4 -5 9 11 25 10 -10 19 -12 22 -14 -15 -16 -17 -18 18 21 -21 -22 -23 -24 24 -26 29 -28 28 -30 -31
leaf_value=-1.903913733245447 2.0431027197575831 5.2874395877122886 -0.91974835704112889 3.0321468646709739 0.70897780599104876 -1.2684445143938066 6.9118394297938197 3.562768515360724 0.13482081307035484 1.6695276386597577 4.370066585143408 -1.051597707455411 2.8043329192370905 5.9573354902721594 -1.7269731197406406 2.7347006177902227 -0.40976496201556956 -1.7696400701955839 -0.86547095583130929 1.229465695168521 -1.3370903487108192 -1.560261825152806 -1.2671568735225782 -0.16024832409620285 -0.80818908049227434 7.3710609312980413 7.6539133889334536 7.6001122988187353 6.9968333213560046 6.9327086893717453
leaf_weight=1842 91 64 29 26 173 275 124 97 178 51 96 115 82 42 448 20 197 85 24 74 49 21 37 25 73 186 21 26 31 30
leaf_count=1842 91 64 29 26 173 275 124 97 178 51 96 115 82 42 448 20 197 85 24 74 49 21 37 25 73 186 21 26 31 30
internal_value=2.54001e-09 5.25046 -1.32966 6.68862 0.306811 -1.71336 6.87005 3.20126 -0.206431 1.00262 3.96433 -1.20613 2.4382 5.55287 -1.8693 2.16771 -0.475205 -1.36189 -1.50544 1.40901 -1.61147 -1.18971 -0.92329 -0.863557 -0.642898 7.20408 7.09062 7.02526 7.27201 7.31018
internal_weight=4632 936 3696 550 702 2994 524 386 404 298 193 704 193 106 2290 111 226 454 179 125 134 45 250 213 98 418 202 181 57 216
internal_count=4632 936 3696 550 702 2994 524 386 404 298 193 704 193 106 2290 111 226 454 179 125 134 45 250 213 98 418 202 181 57 216
is_linear=0
shrinkage=0.05


Tree=27
num_leaves=31
num_cat=0
split_feature=3 3 3 3 3 3 3 3 3 3 3 3 3 3 3 7 1 7 5 7 0 3 0 7 0 3 1 0 4 4
split_gain=1.16745e+07 926734 894057 131716 112008 85488.1 83226.3 67214.2 19314.6 12939.9 11195.9 9066.08 6437.17 4187.09 4076.47 2452.1 2373.42 2278.7 2253.63 2253.54 2198.44 2165.22 2419.69 2139.14 2099.18 2081.01 3390.31 1988.87 1950.98 2154.7
threshold=9.1650000000000009 6.535000000000001 11.095000000000001 21.600000000000005 7.9450000000000012 4.9750000000000005 11.895000000000001 10.065000000000003 7.1950000000000012 8.6050000000000022 5.9350000000000014 10.605000000000002 9.5650000000000031 11.425000000000002 4.3350000000000009 130.09375000000003 1.0000000180025095e-35 132.04166666666671 158.00000000000003 85.020833333333357 14.500000000000002 5.7750000000000012 21.500000000000004 179.93750000000003 7.5000000000000009 4.6250000000000009 2.5000000000000004 15.500000000000002 26.150000000000002 72.750000000000014
decision_type=2 2 2 2 2 2 2 2 2 2 2 2 2 2 2 2 2 2 2 2 2 2 2 2 2 2 2 2 2 2
left_child=1 5 7 6 8 14 13 12 16 -6 20 17 23 24 -1 19 -3 -9 -11 -16 28 22 -22 -2 -4 -21 -27 -19 -7 -30
right_child=2 4 3 -5 9 10 -8 11 -10 18 -12 -13 -14 -15 15 -17 -18 27 -20 25 21 -23 -24 -25 -26 26 -28 -29 29 -31
leaf_value=-1.8031579247780796 1.9554338149857102 -0.87376092353771484 4.5422176742553715 2.8805389404296875 0.87846978627546823 -1.3575045744411085 6.8438718266464313 3.938239719556726 0.19870026339323249 1.7061364327568604 -0.87712569351792335 4.2202119684219364 2.7259729677868876 5.5665892818517859 -1.8659343885338826 -1.7116965101272972 -0.3892767154865161 3.5246109979802913 1.1646171698570251 -1.5571952895684678 -1.6055814284486933 -0.95317270202296123 -1.151772708312059 2.5181501537561419 5.2080713535177301 -0.6652438672880332 -1.5245573550462723 2.9423631858825683 -0.80997018621613592 -1.2125881194240518
leaf_weight=1961 57 29 20 26 167 119 418 23 231 83 250 80 97 57 23 216 197 55 25 44 119 21 39 24 29 24 22 20 48 108
leaf_count=1961 57 29 20 26 167 119 418 23 231 83 250 80 97 57 23 216 197 55 25 44 119 21 39 24 29 24 22 20 48 108
internal_value=9.52478e-09 -1.23779 5.09053 6.35419 0.35697 -1.6277 6.52655 3.13824 -0.122816 1.15429 -1.14583 3.82527 2.45121 5.27523 -1.77583 -1.61297 -0.451445 3.50286 1.58078 -1.42424 -1.29379 -1.43017 -1.49357 2.12216 4.93629 -1.31136 -1.07622 3.36934 -1.20502 -1.08871
internal_weight=4632 3726 906 550 732 2994 524 356 457 275 704 178 178 106 2290 329 226 98 108 113 454 179 158 81 49 90 46 75 275 156
internal_count=4632 3726 906 550 732 2994 524 356 457 275 704 178 178 106 2290 329 226 98 108 113 454 179 158 81 49 90 46 75 275 156
is_linear=0
shrinkage=0.05


Tree=28
num_leaves=31
num_cat=0
split_feature=3 3 3 3 3 3 3 3 3 3 3 3 3 3 3 4 3 1 0 5 3 0 4 6 0 1 5 5 5 7
split_gain=1.0538e+07 897990 755536 118874 81979.1 77153 75420.3 73234.4 11918.2 11611.6 10430.3 10104.3 6157.98 6101.67 3741.42 3662.8 2352.02 2142.01 1984.09 1978.39 1954.11 2183.77 1895.59 1986.57 1988.95 2010.15 1853.74 3190.51 2822.37 1782.54
threshold=8.9850000000000012 11.095000000000001 6.535000000000001 21.600000000000005 7.7650000000000006 4.9750000000000005 12.070000000000002 9.9950000000000028 7.1950000000000012 8.4100000000000019 10.390000000000002 5.9350000000000014 11.505000000000001 9.4550000000000018 4.0950000000000006 63.550000000000004 10.685 1.0000000180025095e-35 14.500000000000002 22.150000000000002 5.7750000000000012 21.500000000000004 542.15000000000009 653.90000000000009 11.500000000000002 2.5000000000000004 534.20000000000016 34.400000000000006 74.600000000000009 179.93750000000003
decision_type=2 2 2 2 2 2 2 2 2 2 2 2 2 2 2 2 2 2 2 2 2 2 2 2 2 2 2 2 2 2
left_child=2 7 5 6 8 14 12 13 17 -6 -9 18 29 -2 -1 -14 -12 -4 22 -11 21 -20 23 24 -7 -26 27 -13 -29 -3
right_child=1 3 4 -5 9 11 -8 10 -10 19 16 26 15 -15 -16 -17 -18 -19 20 -21 -22 -23 -24 -25 25 -27 -28 28 -30 -31
leaf_value=-1.7185601211564532 1.9161658975952554 4.5844605157541674 -0.83007288164105908 2.736512404221755 0.64001808522021497 -1.2193319881711502 6.5289145694477089 3.1468977704460239 0.11814476065128372 1.5121045519908272 3.6271299084027611 -0.95516153114645386 5.1887705261642871 2.4785047456318021 -1.5574501904891804 6.0286133193969729 4.0901388138532644 -0.36981288124878092 -1.5253023555298815 1.1073604621798605 -0.90551406443119054 -1.0941840662788123 -0.73852585330605514 -1.6650768423080444 -0.5616557258826036 -1.2284031391143799 -1.15994275615022 -0.10837962019443513 -0.72392333130518061 5.1464601789202007
leaf_weight=1842 95 43 29 26 173 183 403 81 178 51 48 115 37 98 448 20 64 197 119 74 21 39 26 20 26 20 37 25 73 21
leaf_count=1842 95 43 29 26 173 183 403 81 178 51 48 115 37 98 448 20 64 197 119 74 21 39 26 20 26 20 37 25 73 21
internal_value=9.17924e-09 4.73907 -1.20015 6.03648 0.276196 -1.54631 6.20022 2.89041 -0.18786 0.905319 3.57912 -1.08854 5.10549 2.20171 -1.68704 5.48345 3.89171 -0.428873 -1.2291 1.2725 -1.35866 -1.41889 -1.14477 -1.18719 -1.14545 -0.851546 -0.833269 -0.776523 -0.566897 4.76887
internal_weight=4632 936 3696 550 702 2994 524 386 404 298 193 704 121 193 2290 57 112 226 454 125 179 158 275 249 229 46 250 213 98 64
internal_count=4632 936 3696 550 702 2994 524 386 404 298 193 704 121 193 2290 57 112 226 454 125 179 158 275 249 229 46 250 213 98 64
is_linear=0
shrinkage=0.05


Tree=29
num_leaves=31
num_cat=0
split_feature=3 3 3 7 3 3 3 3 3 3 3 3 3 3 3 3 3 0 7 5 1 6 0 6 5 5 5 6 5 5
split_gain=9.51084e+06 842970 638783 117845 696872 167068 100760 78297.4 58663.3 26057.6 16109.6 11946.1 10878.7 10239.8 9088.71 9038.72 6659.17 3821.72 2330.56 2209.65 1990.43 1915.15 2147.16 1876.79 2845.06 3025.56 2962.52 1840.04 1820.82 1788.49
threshold=9.3150000000000031 6.8850000000000007 11.305000000000001 154.84166666666667 19.910000000000004 19.095000000000002 5.4150000000000009 8.1850000000000005 10.255000000000001 12.070000000000002 11.895000000000001 4.6550000000000011 7.4450000000000012 8.7550000000000008 6.3050000000000006 10.880000000000001 9.9250000000000025 14.500000000000002 132.04166666666671 411.05000000000001 5.5000000000000009 23.950000000000003 10.500000000000002 48.95000000000001 108.50000000000001 351.80000000000001 23.650000000000002 357.10000000000008 56.400000000000006 18.650000000000002
decision_type=2 2 2 2 2 2 2 2 2 2 2 2 2 2 2 2 2 2 2 2 2 2 2 2 2 2 2 2 2 2
left_child=1 6 8 4 10 9 11 12 16 -5 -4 -1 -3 -9 -8 18 -2 29 -10 -13 -16 -20 -23 24 26 -26 -14 -11 -29 -12
right_child=2 7 3 5 -6 -7 14 13 15 27 17 19 23 -15 20 -17 -18 -19 21 -21 -22 22 -24 -25 25 -27 -28 28 -30 -31
leaf_value=-1.6171592379116575 2.205718183828437 -0.18068467597971416 4.7772074664080586 5.0748416699861227 -4.008651657104493 10.073692376273019 -0.98924513470381514 0.95847324380931787 3.8494186577973544 6.3182000634794555 6.1945609664917001 -1.3695965058873036 0.1579509550402331 1.5989390503734762 -0.52093985625873507 4.1859477996826175 2.8420265510678293 6.4359591605446553 3.0325150844029021 -1.0503289345594553 -0.99658096485584979 3.7935763523496435 3.1297127405802412 0.51195823509867 -0.55334504313766952 0.25803664028644563 0.82619260417090534 5.6269666035970056 6.2935752868652344 5.7024310231208801
leaf_weight=2133 115 179 27 57 20 28 380 146 27 211 30 326 43 109 183 65 64 55 35 65 25 29 21 96 20 27 27 21 20 48
leaf_count=2133 115 179 27 57 20 28 380 146 27 211 30 326 43 109 183 65 64 55 35 65 25 29 21 96 20 27 27 21 20 48
internal_value=6.28565e-09 -1.09186 4.70137 5.82369 4.79079 6.37539 -1.43326 0.550272 3.07147 6.04027 5.89072 -1.57059 0.106644 1.23224 -0.843809 3.71693 2.43323 6.11678 3.44473 -1.31652 -0.578108 3.31618 3.51475 0.348109 0.213668 -0.0872322 0.415701 6.25864 5.95214 5.89171
internal_weight=4632 3759 873 517 180 337 3112 647 356 309 160 2524 392 255 588 177 179 133 112 391 208 85 50 213 117 47 70 252 41 78
internal_count=4632 3759 873 517 180 337 3112 647 356 309 160 2524 392 255 588 177 179 133 112 391 208 85 50 213 117 47 70 252 41 78
is_linear=0
shrinkage=0.05


Tree=30
num_leaves=31
num_cat=0
split_feature=3 3 3 7 3 3 3 3 3 3 3 3 3 3 3 3 0 3 3 7 0 4 0 6 4 0 6 4 1 6
split_gain=8.58518e+06 731398 615485 102948 618728 159141 74477.4 59487.8 55610.8 39364.8 25419.7 11979 9443.54 6886.88 6788.55 6557.65 3778.65 3152.91 2717.56 2595.81 2066.12 2164.01 2032.22 3135.83 4058.96 1920.42 1868.42 1839.01 1813.55 2327.43
threshold=8.9850000000000012 11.095000000000001 6.4350000000000014 154.84166666666667 19.910000000000004 19.095000000000002 7.7650000000000006 10.065000000000003 4.9750000000000005 12.070000000000002 11.775 7.0250000000000012 8.4100000000000019 10.685 9.5650000000000031 5.8150000000000004 14.500000000000002 4.0950000000000006 11.425000000000002 194.99583333333337 14.500000000000002 542.15000000000009 16.500000000000004 21.350000000000005 41.800000000000004 21.500000000000004 36.050000000000004 70.950000000000017 3.5000000000000004 27.450000000000003
decision_type=2 2 2 2 2 2 2 2 2 2 2 2 2 2 2 2 2 2 2 2 2 2 2 2 2 2 2 2 2 2
left_child=2 7 8 4 10 9 11 14 17 18 -3 -4 -8 22 19 20 -12 -1 -5 -2 21 -10 23 -9 -25 -22 -16 -20 -11 -30
right_child=1 3 6 5 -6 -7 12 13 15 28 16 -13 -14 -15 26 -17 -18 -19 27 -21 25 -23 -24 24 -26 -27 -28 -29 29 -31
leaf_value=-1.551774217222335 1.6545121242548086 4.2771201869419642 -0.47851617651326317 4.2610213552202501 -3.8082192611694339 9.5700076511928014 0.57877876809394435 2.8116914404763116 -1.0886976819733778 5.8276551716764216 5.569610021172501 0.043260290175353815 1.149163018667698 3.6951641932129862 2.140510846983712 -0.81155520658099789 6.1024258000510088 -1.4038771400590901 4.6241298083601334 2.2836301136016846 -1.3625933354809172 -0.59659695839881899 2.6770781840596882 3.931931582364169 3.024378834451948 -0.96493835968896746 2.581297646869313 5.2473563194274906 5.8552120062021116 6.3158805781397334
leaf_weight=1842 91 35 210 28 20 28 173 36 210 142 82 231 125 64 53 266 56 448 29 20 126 25 28 22 28 40 44 20 52 58
leaf_count=1842 91 35 210 28 20 28 173 36 210 142 82 231 125 64 53 266 56 448 29 20 126 25 28 22 28 40 44 20 52 58
internal_value=-1.24979e-08 4.27748 -1.08326 5.44839 4.51802 5.95136 0.207414 2.6091 -1.40582 5.64339 5.4806 -0.205205 0.818034 3.28008 2.03489 -1.00405 5.78583 -1.52284 4.65397 1.76787 -1.13173 -1.03635 3.04705 3.16751 3.4237 -1.26677 2.34046 4.87851 5.94571 6.09811
internal_weight=4632 936 3696 550 193 357 739 386 2957 329 173 441 298 178 208 667 138 2290 77 111 401 235 114 86 50 166 97 49 252 110
internal_count=4632 936 3696 550 193 357 739 386 2957 329 173 441 298 178 208 667 138 2290 77 111 401 235 114 86 50 166 97 49 252 110
is_linear=0
shrinkage=0.05


Tree=31
num_leaves=31
num_cat=0
split_feature=3 3 3 7 3 3 3 3 3 3 3 3 3 3 3 3 0 3 0 7 5 1 4 3 7 5 6 5 7 4
split_gain=7.74812e+06 660086 555614 92910.5 558402 143625 60749 56804.9 53821.9 35526.7 22941.2 10198.5 8095.15 7741.1 7309.44 4554.17 3410.23 2862.38 2505.64 2342.72 2069.93 1931.88 1881.04 2557.44 1808.89 1801.6 1809.24 2773.91 2401.34 1744.13
threshold=8.9850000000000012 11.095000000000001 6.535000000000001 154.84166666666667 19.910000000000004 19.095000000000002 7.8450000000000006 4.9750000000000005 9.9950000000000028 12.070000000000002 11.775 7.1950000000000012 10.390000000000002 6.0250000000000012 8.4850000000000012 9.5650000000000031 14.500000000000002 3.9850000000000008 14.500000000000002 194.99583333333337 15.850000000000003 1.0000000180025095e-35 372.70000000000005 10.775 160.23125000000002 173.25000000000003 227.30000000000004 25.450000000000003 133.44166666666669 684.55000000000007
decision_type=2 2 2 2 2 2 2 2 2 2 2 2 2 2 2 2 2 2 2 2 2 2 2 2 2 2 2 2 2 2
left_child=2 8 7 4 10 9 11 17 15 18 -3 21 -10 29 25 19 -12 -1 20 -2 -5 -4 23 -14 -25 26 27 28 -8 -9
right_child=1 3 6 5 -6 -7 14 13 12 -11 16 -13 22 -15 -16 -17 -18 -19 -20 -21 -22 -23 -24 24 -26 -27 -28 -29 -30 -31
leaf_value=-1.4763562598047342 1.5717865410086873 4.0632641601562502 -0.75103388726711273 4.6225337696075446 -3.6178082466125492 9.0915072577340279 0.1721122058955106 -1.0693322645239778 2.6882801179532656 5.6484252657209133 5.2911295239518337 0.12215596194459399 3.2028484745025638 -0.68476449603446621 1.1268781857294117 2.1708164366280163 5.7973044054848808 -1.3413341531578162 4.8326226348876951 2.169448599815369 3.9741085350513461 -0.31393261134463746 2.9178893861316499 3.3952769088745116 4.0596974599929085 0.34399220527460184 0.33643624232365538 1.1239707727730275 0.84650004027467785 -0.69285450613859934
leaf_weight=1787 91 35 29 20 20 28 22 454 81 252 82 197 50 217 110 82 56 503 25 20 32 197 21 20 21 48 26 40 33 33
leaf_count=1787 91 35 29 20 20 28 22 454 81 252 82 197 50 217 110 82 56 503 25 20 32 197 21 20 21 48 26 40 33 33
internal_value=6.93248e-09 4.06361 -1.0291 5.17597 4.29212 5.65379 0.236945 -1.32594 2.47864 5.36122 5.20657 -0.140804 3.06906 -0.933146 0.809661 1.88823 5.49653 -1.4467 4.42127 1.67947 4.2235 -0.370021 3.34444 3.44287 3.73559 0.603188 0.706009 0.807156 0.576745 -1.04382
internal_weight=4632 936 3696 550 193 357 702 2994 386 329 173 423 193 704 279 193 138 2290 77 111 52 226 112 91 41 169 121 95 55 487
internal_count=4632 936 3696 550 193 357 702 2994 386 329 173 423 193 704 279 193 138 2290 77 111 52 226 112 91 41 169 121 95 55 487
is_linear=0
shrinkage=0.05


Tree=32
num_leaves=31
num_cat=0
split_feature=3 3 3 7 3 3 3 3 3 3 3 3 3 3 3 3 3 0 7 7 7 5 1 1 6 7 7 6 3 7
split_gain=6.99362e+06 620186 470266 86593.9 512475 122711 74573.6 57842.8 43222.4 18869.1 11880 9205.19 8740.48 8172.07 6603.99 6348.45 3919.2 2790.82 2613.65 2540.88 2400.67 2097.44 2034.27 1839.2 1755.14 2292.7 2231.54 1709.11 1708.99 2282.05
threshold=9.3150000000000031 6.8850000000000007 11.305000000000001 154.84166666666667 19.910000000000004 19.095000000000002 5.4150000000000009 8.2150000000000016 10.390000000000002 12.070000000000002 11.895000000000001 7.4450000000000012 4.5950000000000006 9.9250000000000025 6.3050000000000006 8.8150000000000031 10.980000000000002 14.500000000000002 81.177083333333343 122.17708333333334 93.256250000000009 22.150000000000002 1.5000000000000002 5.5000000000000009 25.650000000000002 157.35208333333335 159.10625000000005 357.10000000000008 7.9450000000000012 191.34583333333336
decision_type=2 2 2 2 2 2 2 2 2 2 2 2 2 2 2 2 2 2 2 2 2 2 2 2 2 2 2 2 2 2
left_child=1 6 8 4 10 9 12 11 13 -5 -4 24 -1 -2 -8 21 -10 -12 -14 -15 -20 -9 -23 -16 26 -26 -3 -11 -13 -30
right_child=2 7 3 5 -6 -7 14 15 16 27 17 28 18 19 23 -17 -18 -19 20 -21 -22 22 -24 -25 25 -27 -28 -29 29 -31
leaf_value=-1.3893639198656869 1.8920017115966132 0.26888260163721583 4.0960671884042252 4.3586396535237633 -3.4369179725646974 8.6369316646030967 -0.84598821043380001 1.1371626614378048 3.1118956059217453 5.4234030972159877 5.0540891671792059 0.23070886111818256 -1.6997435283660889 3.0029999664851599 -0.44057451778503715 1.4116022481563244 3.6614602770124165 5.5191745896772915 -0.61809877960578263 2.3807613026301069 -1.1439222375732012 0.39334112028109619 0.89939700691472924 -0.89779018989205361 -0.48693887542505732 -0.016475667423672149 -0.29039592925579316 5.0706087251988858 0.34002116646389574 0.96300149105844035
leaf_weight=2095 115 42 27 57 20 28 380 52 96 211 78 160 20 21 183 94 49 55 23 75 386 29 63 25 61 45 31 41 49 21
leaf_count=2095 115 42 27 57 20 28 380 52 96 211 78 160 20 21 183 94 49 55 23 75 386 29 63 25 61 45 31 41 49 21
internal_value=5.37899e-09 -0.936284 4.03149 4.99447 4.10905 5.46739 -1.22912 0.472234 2.63302 5.18018 5.0523 0.111598 -1.34726 2.1763 -0.722016 1.09198 3.29761 5.24642 -1.14164 2.51688 -1.11435 0.883343 0.739879 -0.495528 -0.157284 -0.287214 0.0313808 5.366 0.320859 0.526915
internal_weight=4632 3759 873 517 180 337 3112 647 356 309 160 409 2524 211 588 238 145 133 429 96 409 144 92 208 179 106 73 252 230 70
internal_count=4632 3759 873 517 180 337 3112 647 356 309 160 409 2524 211 588 238 145 133 429 96 409 144 92 208 179 106 73 252 230 70
is_linear=0
shrinkage=0.05


Tree=33
num_leaves=31
num_cat=0
split_feature=3 3 3 7 3 3 3 3 3 3 3 3 3 3 3 3 0 3 5 5 7 3 7 7 7 7 7 3 6 6
split_gain=6.3118e+06 537506 452727 75714.8 454813 116965 54958 43882 40958 28877.6 18818.2 8023.25 7907.95 5215.38 5166.41 5094.09 2774.29 2451.69 2296.44 1940.15 1964.76 1918.77 1903.13 2161.19 1824.87 1812.98 1723.36 1758.95 1713.21 1655.97
threshold=8.9850000000000012 11.095000000000001 6.4350000000000014 154.84166666666667 19.910000000000004 19.095000000000002 7.705000000000001 10.065000000000003 4.9750000000000005 12.070000000000002 11.775 7.0250000000000012 8.3650000000000002 10.475000000000003 9.7300000000000022 5.6450000000000005 14.500000000000002 3.4950000000000006 5.6500000000000012 65.850000000000009 170.91875000000002 11.425000000000002 190.43958333333333 91.314583333333346 225.68750000000003 132.55208333333337 191.34583333333336 9.3950000000000014 36.050000000000004 89.750000000000014
decision_type=2 2 2 2 2 2 2 2 2 2 2 2 2 2 2 2 2 2 2 2 2 2 2 2 2 2 2 2 2 2
left_child=2 7 8 4 10 9 11 14 17 18 -3 -4 -8 25 26 22 -12 -1 -5 20 -14 -20 23 -10 -19 -9 27 -2 -16 -25
right_child=1 3 6 5 -6 -7 12 13 15 -11 16 -13 19 -15 28 -17 -18 24 21 -21 -22 -23 -24 29 -26 -27 -28 -29 -30 -31
leaf_value=-1.3423959199298952 1.3210238428299244 3.6633689607892723 -0.41232248057954302 4.4372271038237079 -3.2650721359252928 8.2050850936344695 0.45322996781051511 2.8974225396695346 -0.55418080925941471 5.0977037952059794 4.7762052047543406 0.02219841906887501 1.2722572806580315 3.0638494064410526 1.8687535033506508 -0.72474923260553936 5.2327511038099024 -1.2535337109084548 3.4602709293365481 0.7291948297194073 0.7559139645210019 4.059544625001795 -0.72984661993881073 -1.1894058586229668 -0.94666398213459901 2.374083687087237 1.9444584919856145 1.711173853507409 2.3826930722882671 -0.92315002847667582
leaf_weight=1529 65 35 210 21 20 28 173 23 20 252 82 215 58 96 34 339 56 709 22 56 27 34 54 163 52 59 26 52 31 91
leaf_count=1529 65 35 210 21 20 28 173 23 20 252 82 215 58 96 34 339 56 709 22 56 27 34 54 163 52 59 26 52 31 91
internal_value=-5.97208e-09 3.66767 -0.928826 4.67145 3.87357 5.10279 0.178118 2.23742 -1.20547 4.83876 4.69885 -0.192506 0.679759 2.81371 1.74425 -0.860667 4.96147 -1.3059 3.99133 0.957699 1.10824 3.82412 -1.00114 -1.05461 -1.23256 2.52087 1.57625 1.49442 2.11386 -1.09401
internal_weight=4632 936 3696 550 193 357 739 386 2957 329 173 425 314 178 208 667 138 2290 77 141 85 56 328 274 761 82 143 117 65 254
internal_count=4632 936 3696 550 193 357 739 386 2957 329 173 425 314 178 208 667 138 2290 77 141 85 56 328 274 761 82 143 117 65 254
is_linear=0
shrinkage=0.05


Tree=34
num_leaves=31
num_cat=0
split_feature=3 3 3 7 3 3 3 3 3 3 3 3 3 3 3 3 3 0 0 7 1 7 7 7 0 5 4 3 7 1
split_gain=5.6964e+06 485099 408712 68332.6 410468 105561 46539.9 40749.2 39637.2 26062 17015.6 8108.95 5982.57 5895.15 4001.19 3595.02 3407.9 2265.18 2242.45 2191.63 2444.75 2298.44 1937.47 1913.9 1823.1 1686.06 1679.48 2154.43 1662.78 1633.48
threshold=8.9850000000000012 11.095000000000001 6.6350000000000007 154.84166666666667 19.910000000000004 19.095000000000002 5.1150000000000011 7.9450000000000012 9.9950000000000028 12.070000000000002 11.895000000000001 7.2700000000000005 10.390000000000002 6.0550000000000006 8.4850000000000012 4.3350000000000009 9.5650000000000031 14.500000000000002 14.500000000000002 128.82708333333338 1.5000000000000002 85.020833333333357 209.47291666666669 194.99583333333337 14.500000000000002 15.850000000000003 372.70000000000005 10.775 160.23125000000002 3.5000000000000004
decision_type=2 2 2 2 2 2 2 2 2 2 2 2 2 2 2 2 2 2 2 2 2 2 2 2 2 2 2 2 2 2
left_child=2 8 6 4 10 9 15 11 16 18 -3 -4 -10 24 -9 -1 23 -12 25 21 -21 -17 -13 -2 -8 -5 27 -14 -29 -11
right_child=1 3 7 5 -6 -7 13 14 12 29 17 22 26 -15 -16 19 -18 -19 -20 20 -22 -23 -24 -25 -26 -27 -28 28 -30 -31
leaf_value=-1.2610088434468096 1.3409620082640386 3.5597034645080572 -0.28099254640393062 3.9648047828674318 -3.1018184280395511 7.7948309319359925 -0.78521082886857885 0.56619870729882416 2.3048843419110336 4.7307771266346244 4.5625744501749672 0.20803056887755689 2.7416726455688476 -0.55417564895188698 0.97244053976102307 -1.3794076621532441 1.8633294431174674 4.9815784176913178 4.1809116668701174 -1.4424627121482323 -1.0947685897350312 -0.84063979965197833 -0.27772066308104476 1.8811631584167481 -0.99825701240631881 3.3795858144760134 2.4659138452439082 2.904360547065735 3.5413828259422666 4.9874539600719103
leaf_weight=1961 91 40 211 20 20 28 259 135 81 142 78 191 50 232 110 24 82 55 25 67 206 113 23 20 164 32 21 20 21 110
leaf_count=1961 91 40 211 20 20 28 259 135 81 142 78 191 50 232 110 24 82 55 25 67 206 113 23 20 164 32 21 20 21 110
internal_value=-7.83647e-09 3.48429 -0.882385 4.43787 3.67989 4.84765 -1.12979 0.235018 2.12555 4.59683 4.46391 -0.0610427 2.63223 -0.756721 0.748593 -1.23286 1.61888 4.73585 3.79176 -1.09821 -1.1801 -0.935022 0.155824 1.4383 -0.86781 3.60467 2.86896 2.96198 3.23064 4.84282
internal_weight=4632 936 3696 550 193 357 3026 670 386 329 173 425 193 655 245 2371 193 133 77 410 273 137 214 111 423 52 112 91 41 252
internal_count=4632 936 3696 550 193 357 3026 670 386 329 173 425 193 655 245 2371 193 133 77 410 273 137 214 111 423 52 112 91 41 252
is_linear=0
shrinkage=0.05


Tree=35
num_leaves=31
num_cat=0
split_feature=3 3 3 7 3 3 3 3 3 3 3 3 3 3 3 3 3 0 5 6 6 7 0 7 5 7 0 4 4 7
split_gain=5.1418e+06 456563 346604 63594.5 376918 90125.1 62289.8 36987.8 31767.8 13646.2 8623.64 8018.18 4816.46 4758.75 4758.06 4679.79 3691.46 2242.55 2159.88 2205.42 2189.5 3114.87 2044.32 1981.06 1890.46 1768.02 1761.44 2437.49 1727.28 1701
threshold=9.3150000000000031 6.9650000000000007 11.305000000000001 154.84166666666667 19.910000000000004 19.095000000000002 5.5650000000000004 8.2150000000000016 10.255000000000001 12.070000000000002 11.895000000000001 4.6550000000000011 6.3050000000000006 8.7550000000000008 10.685 7.6650000000000009 9.7300000000000022 4.5000000000000009 683.25000000000011 687.25000000000011 55.150000000000013 151.90000000000003 14.500000000000002 122.17708333333334 16.450000000000003 170.32708333333338 7.5000000000000009 9.6500000000000004 122.2 163.30625000000001
decision_type=2 2 2 2 2 2 2 2 2 2 2 2 2 2 2 2 2 2 2 2 2 2 2 2 2 2 2 2 2 2
left_child=1 6 8 4 10 9 11 15 16 -5 -4 -1 29 -9 24 26 -2 -17 19 20 -13 -22 -12 -18 -10 28 27 -3 -14 -8
right_child=2 7 3 5 -6 -7 12 13 14 -11 22 18 25 -15 -16 17 23 -19 -20 -21 21 -23 -24 -25 -26 -27 -28 -29 -30 -31
leaf_value=-1.1898754890178551 1.5339144732616843 0.58827398383617402 3.5189607267026548 3.7440011158324129 -2.9467277145385746 7.4050893953868329 -0.62305030009812779 0.73238065685181652 2.1319219430287677 4.6006777044326546 4.3344457589662992 -1.0578758116554599 -0.5742683141444721 1.1811225782567207 2.9665908651253616 -0.13628339824222385 2.4351450479030614 0.4185978772186667 -0.55417219020666619 -1.4739989172328603 -1.0284550427082217 -0.58818645923362156 4.7324993272261189 1.8780779338335689 2.6339787073135379 -0.17531789913773538 -0.11261215443241186 -0.035294901757013233 -0.22572578396648169 -0.87089108192641285
leaf_weight=2133 80 25 27 57 20 28 225 129 30 252 78 232 137 109 97 21 20 137 31 22 84 77 55 79 50 62 145 42 48 100
leaf_count=2133 80 25 27 57 20 28 225 129 30 252 78 232 137 109 97 21 20 137 31 22 84 77 55 79 50 62 145 42 48 100
internal_value=-4.26179e-09 -0.802813 3.45678 4.28351 3.52473 4.68879 -1.04487 0.451647 2.25618 4.44265 4.33366 -1.14956 -0.572823 0.937897 2.73116 0.138869 1.7865 0.344848 -0.95676 -0.986833 -0.959562 -0.817892 4.49905 1.99062 2.44571 -0.406394 -0.0146429 0.19738 -0.483836 -0.699309
internal_weight=4632 3759 873 517 180 337 3151 608 356 309 160 2579 572 238 177 370 179 158 446 415 393 161 133 99 80 247 212 67 185 325
internal_count=4632 3759 873 517 180 337 3151 608 356 309 160 2579 572 238 177 370 179 158 446 415 393 161 133 99 80 247 212 67 185 325
is_linear=0
shrinkage=0.05


Tree=36
num_leaves=31
num_cat=0
split_feature=3 3 3 7 3 3 3 3 3 3 3 3 3 3 3 3 3 7 7 3 0 4 0 0 6 0 0 5 0 7
split_gain=4.64071e+06 395347 333218 55679.5 334377 85938.3 36588.7 34324.9 32261 21093.4 13984.5 7042.68 4376.62 3874.06 3791.1 3773.31 2333.66 2373.94 2228.86 2103.91 2032.62 2018.73 1998.46 1648.37 2380.45 1634.88 1969.75 1560.54 2337.88 1556.91
threshold=8.9850000000000012 11.095000000000001 6.535000000000001 154.84166666666667 19.910000000000004 19.095000000000002 7.9050000000000011 5.035000000000001 10.065000000000003 12.070000000000002 11.775 7.2700000000000005 6.0250000000000012 8.4850000000000012 10.475000000000003 9.7300000000000022 4.3350000000000009 128.82708333333338 103.95625000000001 4.5950000000000006 14.500000000000002 684.55000000000007 14.500000000000002 16.500000000000004 9.6500000000000004 16.500000000000004 21.500000000000004 18.650000000000002 7.5000000000000009 194.14375000000004
decision_type=2 2 2 2 2 2 2 2 2 2 2 2 2 2 2 2 2 2 2 2 2 2 2 2 2 2 2 2 2 2
left_child=2 8 7 4 10 9 11 16 15 22 -3 -4 21 -8 23 -2 -1 18 -18 -20 27 25 -5 24 -10 -9 -27 -12 -29 -13
right_child=1 3 6 5 -6 -7 13 12 14 -11 20 29 -14 -15 -16 -17 17 -19 19 -21 -22 -23 -24 -25 -26 26 -28 28 -30 -31
leaf_value=-1.1384646324196728 1.3518410822311484 3.1365255737304687 -0.27464246849448964 3.2484491274907037 -2.7993909072875978 7.0348349043301175 0.48824676844830583 -0.76255843614026453 1.8692874170484999 4.3706438231089759 4.3767516351515248 0.19523233501357029 -0.52518698505731087 0.8778166980364106 2.6256637891133625 1.8112911108823924 -1.0510468271217848 -1.0912276859915986 -0.94308674047733188 -0.37429211095378206 4.4877626725605557 -0.40948962896100938 3.792440155029297 1.7925132420929994 2.5295752341930684 -1.1080683959986677 -0.67731586020243795 3.5534037921739663 4.2337387902396069 -0.16466086583363046
leaf_weight=1961 143 35 243 52 20 28 152 291 21 252 31 160 217 110 96 65 57 245 29 37 56 31 25 22 39 88 38 23 28 37
leaf_count=1961 143 35 243 52 20 28 152 291 21 252 31 160 217 110 96 65 57 245 29 37 56 31 25 22 39 88 38 23 28 37
internal_value=-6.80955e-09 3.14489 -0.796434 4.00576 3.32154 4.37565 0.184017 -1.02632 1.91828 4.14934 4.02916 -0.0945305 -0.709492 0.651807 2.4124 1.49542 -1.11678 -1.00125 -0.822016 -0.624217 4.25556 -0.798765 3.42507 2.16273 2.29847 -0.827704 -0.978159 4.09698 3.92692 0.127638
internal_weight=4632 936 3696 550 193 357 702 2994 386 329 173 440 665 262 178 208 2329 368 123 66 138 448 77 82 60 417 126 82 51 197
internal_count=4632 936 3696 550 193 357 702 2994 386 329 173 440 665 262 178 208 2329 368 123 66 138 448 77 82 60 417 126 82 51 197
is_linear=0
shrinkage=0.05


Tree=37
num_leaves=31
num_cat=0
split_feature=3 3 3 7 3 3 3 3 3 3 3 3 3 3 3 3 3 6 4 4 5 7 7 5 1 7 7 6 6 7
split_gain=4.18932e+06 372277 282615 51829.1 307074 73347.9 44851 34744.5 25632.5 10946.6 7049.53 5318.15 4991.78 4517.41 3952.26 3893.67 3022.77 1931.87 2114.28 1869.34 1806.55 1684.13 1982.81 1678.53 1655.42 2655.42 2856.42 1712.39 2286.67 1768.69
threshold=9.3150000000000031 6.8850000000000007 11.305000000000001 154.84166666666667 19.910000000000004 19.095000000000002 5.4150000000000009 8.1850000000000005 10.255000000000001 12.070000000000002 11.895000000000001 4.455000000000001 7.4450000000000012 8.7550000000000008 6.1350000000000007 10.685 9.8100000000000023 20.250000000000004 559.60000000000014 61.350000000000001 98.600000000000009 81.177083333333343 92.216666666666683 16.450000000000003 1.5000000000000002 139.22916666666669 201.57916666666668 55.150000000000013 357.10000000000008 151.90000000000003
decision_type=2 2 2 2 2 2 2 2 2 2 2 2 2 2 2 2 2 2 2 2 2 2 2 2 2 2 2 2 2 2
left_child=1 6 8 4 10 9 11 12 16 -5 -4 -1 -3 -9 17 23 20 -8 19 -19 -2 -13 -23 -10 25 -24 -27 -26 29 -29
right_child=2 7 3 5 -6 -7 14 13 15 -11 -12 21 -14 -15 -16 -17 -18 18 -20 -21 -22 22 24 -25 27 26 -28 28 -30 -31
leaf_value=-1.0794930157869154 1.2367349168387327 -0.1235294315235575 3.1752917607625326 3.3848349203143204 -2.6594216537475588 6.6830933698586055 -0.53135867319882857 0.63907921273669566 1.9088579853375753 4.1521116305911354 4.0614320116831841 -1.3069993207852046 0.23466976904813117 1.064476746641988 -0.42230423882271034 2.675732321837514 1.837684606488158 -0.85407851722602757 -1.2579151284127008 -0.50048779380523556 1.6722217449120114 -0.41413625031709672 -0.77877740292054298 2.3819369277954103 -0.94133420381191613 -1.419026798375866 -0.7245243166387082 -0.82788488555167405 -0.95856005770334018 -0.36988572230878869
leaf_weight=2018 55 179 27 57 20 28 126 146 30 252 133 24 213 109 280 97 82 102 21 59 42 22 53 50 185 57 20 35 57 53
leaf_count=2018 55 179 27 57 20 28 126 146 30 252 133 24 213 109 280 97 82 102 21 59 42 22 53 50 185 57 20 35 57 53
internal_value=-2.4791e-10 -0.724651 3.12023 3.86675 3.18175 4.23262 -0.951532 0.366625 2.0361 4.01058 3.9119 -1.04315 0.0711043 0.820916 -0.558261 2.46276 1.61421 -0.681858 -0.786049 -0.724502 1.4253 -0.898209 -0.877855 2.20453 -0.900032 -1.05116 -1.23864 -0.840499 -0.711847 -0.552044
internal_weight=4632 3759 873 517 180 337 3112 647 356 309 160 2524 392 255 588 177 179 308 182 161 97 506 482 80 460 130 77 330 145 88
internal_count=4632 3759 873 517 180 337 3112 647 356 309 160 2524 392 255 588 177 179 308 182 161 97 506 482 80 460 130 77 330 145 88
is_linear=0
shrinkage=0.05


Tree=38
num_leaves=31
num_cat=0
split_feature=3 3 3 7 3 3 3 3 3 3 3 3 3 3 3 3 5 7 7 6 3 5 7 7 5 0 7 7 0 4
split_gain=3.78091e+06 352908 238777 46775.8 277134 66196.5 45969.3 29843.1 20617.2 9879.34 6362.2 5917.32 4159.6 3548.04 3485.52 3461.14 2616.8 2517.68 3017.87 3295.35 3465.27 2468.16 2206.77 2008.43 2004.53 2002.37 1981.38 1758.19 1655.17 1644.51
threshold=9.3950000000000014 6.9650000000000007 11.305000000000001 154.84166666666667 19.910000000000004 19.095000000000002 5.5650000000000004 8.2150000000000016 10.390000000000002 12.070000000000002 11.895000000000001 4.8450000000000006 8.9050000000000029 9.9250000000000025 6.3050000000000006 7.6650000000000009 683.25000000000011 127.07708333333335 154.23958333333334 233.10000000000002 10.880000000000001 67.700000000000003 156.85000000000002 133.44166666666669 30.700000000000006 4.5000000000000009 122.17708333333334 201.57916666666668 14.500000000000002 112.05000000000003
decision_type=2 2 2 2 2 2 2 2 2 2 2 2 2 2 2 2 2 2 2 2 2 2 2 2 2 2 2 2 2 2
left_child=1 6 8 4 10 9 11 15 13 -5 -4 -1 21 -2 -8 29 27 -10 -19 20 -20 22 23 -9 -14 -17 -15 -13 -12 -3
right_child=2 7 3 5 -6 -7 14 12 17 -11 28 16 24 26 -16 25 -18 18 19 -21 -22 -23 -24 -25 -26 -27 -28 -29 -30 -31
leaf_value=-1.016017216439004 1.42611461879313 0.09432046275460787 3.0165271405820495 3.2155931740476378 -2.5264504623413089 6.3489385047129225 -0.59820007578455481 0.74112423743520472 2.8887754360834759 3.9445060139610657 3.7102452272023911 -0.87699235750126181 0.82590406729680732 2.2809486594938098 -0.34902108874141807 -0.15740195739836921 -0.32179742959372193 1.9519299017416465 1.9814123398917063 3.0363241888227921 2.7276814835412164 0.43801995916153075 0.53841289507376178 1.3455167317831958 1.2915007830790755 0.36692298990963235 1.7314724159240722 -0.5148496539969194 4.0684146915782584 -0.19445212750862806
leaf_weight=2230 100 134 27 57 20 28 325 28 24 252 78 284 41 21 247 21 27 37 35 21 28 67 37 27 53 137 75 38 55 78
leaf_count=2230 100 134 27 57 20 28 325 28 24 252 78 284 41 21 247 21 27 37 35 21 28 67 37 27 53 137 75 38 55 78
internal_value=-4.00065e-09 -0.681125 2.996 3.67341 3.02266 4.02099 -0.896116 0.406253 1.96895 3.81005 3.7163 -0.986055 0.824746 1.63455 -0.4906 0.120094 -0.794609 2.42096 2.32817 2.4939 2.31309 0.668862 0.836975 1.03783 1.08842 0.297234 1.85167 -0.834255 3.85836 -0.0119261
internal_weight=4632 3774 858 517 180 337 3151 623 341 309 160 2579 253 196 572 370 349 145 121 84 63 159 92 55 94 158 96 322 133 212
internal_count=4632 3774 858 517 180 337 3151 623 341 309 160 2579 253 196 572 370 349 145 121 84 63 159 92 55 94 158 96 322 133 212
is_linear=0
shrinkage=0.05


Tree=39
num_leaves=31
num_cat=0
split_feature=3 3 3 7 3 3 3 3 3 3 3 3 3 3 3 3 3 1 1 7 1 7 7 5 7 6 0 0 7 7
split_gain=3.41252e+06 272069 261996 42215.1 250113 59742.4 31043.7 27722.9 26510.4 8916.11 5741.89 4523.95 4229.66 3831.7 3517.36 3255.91 2304.78 1819.75 2187.76 2535.81 1771.59 2162.39 1966.14 1761.17 1698.23 1660.76 1859.32 1970.55 1780.69 1645.88
threshold=9.1650000000000009 6.7250000000000005 11.305000000000001 154.84166666666667 19.910000000000004 19.095000000000002 5.1150000000000011 8.0450000000000017 10.255000000000001 12.070000000000002 11.895000000000001 7.3850000000000007 6.0550000000000006 9.7300000000000022 8.6050000000000022 10.880000000000001 3.8050000000000002 5.5000000000000009 3.5000000000000004 155.5854166666667 1.5000000000000002 207.32916666666668 153.28958333333335 134.40000000000003 132.04166666666671 48.95000000000001 11.500000000000002 18.500000000000004 136.47291666666669 122.17708333333334
decision_type=2 2 2 2 2 2 2 2 2 2 2 2 2 2 2 2 2 2 2 2 2 2 2 2 2 2 2 2 2 2
left_child=1 6 8 4 10 9 16 11 13 -5 -4 -3 -8 -2 17 24 -1 18 19 -9 21 22 -18 -16 -10 26 28 -28 -13 -15
right_child=2 7 3 5 -6 -7 12 14 15 -11 -12 25 -14 29 23 -17 20 -19 -20 -21 -22 -23 -24 -25 -26 -27 27 -29 -30 -31
leaf_value=-0.98627073723258263 1.1958631385612277 -0.17193518138680414 2.8657008206402814 3.0548135364264777 -2.4001278686523442 6.0314915961452895 -0.67115842607929144 0.67071945363620555 2.4058036058037371 3.7472807426301262 3.6654424348271881 -0.077975440621376041 -0.41640268595713492 2.0271109527349473 0.98767905650660404 2.5052165192824147 -0.93822048850681472 0.15979933813214303 0.93802588540129372 0.11748281136593397 -0.82776390096416042 -0.51208979785442355 -1.2875374188826931 0.52693650403193071 1.950620927810669 0.32617997967226564 -0.37817459749057891 0.17778159454464915 0.54956413355584333 1.5193515319612962
leaf_weight=1676 113 211 27 57 20 28 423 53 27 252 133 20 265 20 80 65 115 32 32 34 498 20 62 28 85 86 37 28 26 79
leaf_count=1676 113 211 27 57 20 28 423 53 27 252 133 20 265 20 80 65 115 32 32 34 498 20 62 28 85 86 37 28 26 79
internal_value=6.2468e-09 -0.669216 2.75221 3.48974 2.87153 3.81994 -0.868724 0.245771 1.77198 3.61954 3.53049 -0.0110595 -0.573033 1.39483 0.650353 2.22372 -0.954526 0.494523 0.584533 0.454512 -0.877973 -1.0049 -1.06058 0.868227 2.06035 0.161249 0.0334647 -0.138686 0.276721 1.62193
internal_weight=4632 3726 906 517 180 337 3059 667 389 309 160 408 688 212 259 177 2371 151 119 87 695 197 177 108 112 197 111 65 46 99
internal_count=4632 3726 906 517 180 337 3059 667 389 309 160 408 688 212 259 177 2371 151 119 87 695 197 177 108 112 197 111 65 46 99
is_linear=0
shrinkage=0.05


Tree=40
num_leaves=31
num_cat=0
split_feature=3 3 3 7 3 3 3 3 3 3 3 3 3 3 3 3 3 7 7 6 3 5 5 1 5 1 7 7 4 1
split_gain=3.08036e+06 287647 194266 38141.6 167817 73053.1 37541.6 24235.6 16903.1 7397.83 4854.61 4485.59 4387.13 3387.75 2862.87 2828.4 2810.18 2175.36 2751.81 2966.44 2887.54 2168.59 1848.64 1701.21 1694.49 1665.2 1628.16 1618.49 1622.68 1543.29
threshold=9.3950000000000014 6.9650000000000007 11.305000000000001 141.7416666666667 17.845000000000002 19.910000000000004 5.5650000000000004 8.2150000000000016 10.390000000000002 11.775 4.455000000000001 18.320000000000004 12.070000000000002 8.9050000000000029 9.9250000000000025 7.4450000000000012 6.3050000000000006 127.07708333333335 154.23958333333334 233.10000000000002 10.880000000000001 22.150000000000002 30.700000000000006 3.5000000000000004 704.55000000000007 1.5000000000000002 122.17708333333334 170.32708333333338 33.250000000000007 2.5000000000000004
decision_type=2 2 2 2 2 2 2 2 2 2 2 2 2 2 2 2 2 2 2 2 2 2 2 2 2 2 2 2 2 2
left_child=1 6 8 4 12 9 10 15 14 -5 -1 23 -4 21 -2 -3 -8 -10 -19 20 -20 -9 -15 -11 -12 -23 -16 28 -18 -14
right_child=2 7 3 5 -6 -7 16 13 17 11 24 -13 29 22 26 -17 27 18 19 -21 -22 25 -24 -25 -26 -27 -28 -29 -30 -31
leaf_value=-0.92633860461244033 1.2878314065337182 -0.068159465542329212 2.7367684954688665 2.7569111790767935 -1.6483915996551515 6.1655928611755373 -0.5390434000337353 0.84703205289511851 2.6219753781954451 3.3977626546600166 -0.77761811756335397 2.7804731016573698 3.7848136128606025 0.72989336702881791 2.0592341362010864 0.21688535452860852 -0.53828136588715059 1.7416012061608805 1.7848106891768323 2.7737723169582233 2.4660366160529001 0.15110068023204803 1.1770202717691098 3.6339048056293737 -0.3299402049319311 0.59539784825288922 1.5611364835103354 -0.09421388407448128 -0.24211428758277687 3.3367829525470736
leaf_weight=2018 100 140 21 43 20 25 325 58 24 169 539 23 37 41 21 230 92 37 35 21 28 30 53 139 22 71 75 62 93 40
leaf_count=2018 100 140 21 43 20 25 325 58 24 169 539 23 37 41 21 230 92 37 35 21 28 30 53 139 22 71 75 62 93 40
internal_value=-1.39917e-08 -0.614794 2.70423 3.31525 2.52554 3.5488 -0.808891 0.366907 1.77785 3.37388 -0.890169 3.45403 3.37736 0.744039 1.47506 0.109031 -0.442428 2.18713 2.10087 2.25913 2.08758 0.603359 0.981997 3.50433 -0.760062 0.463428 1.6701 -0.315303 -0.389397 3.55207
internal_weight=4632 3774 858 517 118 399 3151 623 341 374 2579 331 98 253 196 370 572 145 121 84 63 159 94 308 561 101 96 247 185 77
internal_count=4632 3774 858 517 118 399 3151 623 341 374 2579 331 98 253 196 370 572 145 121 84 63 159 94 308 561 101 96 247 185 77
is_linear=0
shrinkage=0.05


Tree=41
num_leaves=31
num_cat=0
split_feature=3 3 3 7 3 3 3 3 3 3 3 3 3 3 3 3 5 5 7 7 7 6 3 0 7 5 7 0 7 6
split_gain=2.78003e+06 259601 175325 35557.9 215828 50014.5 33881.3 21872.6 15255.1 7515.37 4904.69 4469.42 3057.45 2633.86 2583.74 2536.19 2239.72 2031.05 1966.45 1963.26 2483.51 2677.21 2606 1817.37 1751.51 1668.4 1556.33 1556.11 1540.17 1537.38
threshold=9.3950000000000014 6.9650000000000007 11.305000000000001 154.84166666666667 19.910000000000004 19.095000000000002 5.5650000000000004 8.2150000000000016 10.390000000000002 12.070000000000002 11.775 4.8450000000000006 8.9050000000000029 7.6650000000000009 9.9250000000000025 6.3050000000000006 683.25000000000011 65.850000000000009 156.85000000000002 127.07708333333335 154.23958333333334 233.10000000000002 10.880000000000001 4.5000000000000009 133.44166666666669 30.700000000000006 201.57916666666668 15.500000000000002 140.70208333333338 357.10000000000008
decision_type=2 2 2 2 2 2 2 2 2 2 2 2 2 2 2 2 2 2 2 2 2 2 2 2 2 2 2 2 2 2
left_child=1 6 8 4 10 9 11 13 14 -5 -4 -1 17 -3 -2 -8 26 18 24 -10 -21 22 -22 -15 -9 -14 -13 -12 -29 -11
right_child=2 7 3 5 -6 -7 15 12 19 29 27 16 25 23 -16 -17 -18 -19 -20 20 21 -23 -24 -25 -26 -27 -28 28 -30 -31
leaf_value=-0.8716999920788786 1.2234398273825646 -0.011587510738556959 2.5009065693075008 2.7507057189941406 -2.3149116516113284 5.4760410977261413 -0.5120912294622797 0.63530423023082605 2.4908765832583111 3.4408953549172647 3.1782155952670359 -0.75616479042628915 0.69339869147302902 -0.17501956962403797 1.586590582629045 -0.29953759920440221 -0.24185566951486248 0.36646371564882646 0.44687585460173118 1.6545211585792334 1.6955701455048153 2.6350836958203998 2.3427347838878632 0.32449784169830109 1.2048246692728115 1.1181692488350958 -0.41544495326908015 3.8163540760676065 3.2609019499558674 3.1062937131742157
leaf_weight=2230 100 212 22 57 20 28 325 27 24 211 88 284 41 21 96 247 27 68 37 37 35 21 28 137 27 53 38 24 26 41
leaf_count=2230 100 212 22 57 20 28 325 27 24 211 88 284 41 21 96 247 27 68 37 37 35 21 28 137 27 53 38 24 26 41
internal_value=8.47158e-10 -0.584054 2.56902 3.14949 2.58211 3.45254 -0.768446 0.348562 1.68895 3.26918 3.19424 -0.845661 0.706837 0.103579 1.40131 -0.420307 -0.679277 0.573191 0.727669 2.07777 1.99583 2.14617 1.9832 0.258106 0.920064 0.932897 -0.715956 3.30477 3.52752 3.38646
internal_weight=4632 3774 858 517 180 337 3151 623 341 309 160 2579 253 370 196 572 349 159 91 145 121 84 63 158 54 94 322 138 50 252
internal_count=4632 3774 858 517 180 337 3151 623 341 309 160 2579 253 370 196 572 349 159 91 145 121 84 63 158 54 94 322 138 50 252
is_linear=0
shrinkage=0.05


Tree=42
num_leaves=31
num_cat=0
split_feature=3 3 3 7 3 3 3 3 3 3 3 3 0 3 3 4 3 3 3 7 1 3 1 1 7 7 7 6 3 0
split_gain=2.50899e+06 214571 180711 32733.7 134250 68473.1 20715.1 18229.4 14775 12388.3 8594.76 4569.08 3876.2 3578.64 2641.05 2060.17 1976.77 1797.53 1616.43 1610.22 1551.45 1551.18 1504.78 1353.65 1333.26 1359.62 2437.32 1974.22 1454.74 1368.21
threshold=8.9850000000000012 10.980000000000002 6.6350000000000007 141.7416666666667 17.845000000000002 19.910000000000004 5.035000000000001 7.9450000000000012 9.9950000000000028 11.775 12.070000000000002 18.320000000000004 1.0000000180025095e-35 7.2700000000000005 6.0250000000000012 684.55000000000007 8.4850000000000012 10.390000000000002 3.4950000000000006 209.47291666666669 3.5000000000000004 9.4550000000000018 3.5000000000000004 2.5000000000000004 225.68750000000003 171.38958333333338 181.72083333333339 10.350000000000003 4.8150000000000004 6.5000000000000009
decision_type=2 2 2 2 2 2 2 2 2 2 2 2 2 2 2 2 2 2 2 2 2 2 2 2 2 2 2 2 2 2
left_child=2 8 6 4 10 9 18 13 21 -5 -3 20 -8 -4 15 -14 -9 -10 -1 22 -11 -2 -15 -12 25 28 -27 -28 -20 -30
right_child=1 3 7 5 -6 -7 12 16 17 11 23 -13 14 19 -16 -17 -18 -19 24 -21 -22 -23 -24 -25 -26 26 27 -29 29 -31
leaf_value=-0.85181767604343639 0.9295285839469809 2.2873143338843396 -0.1867359284108496 2.4006802708307902 -1.5358137702941894 5.6770026710033425 0.15800803701082866 0.37270140615878283 1.5325447103123606 3.0613681519525291 3.4242540617246888 2.4325747821642008 -0.63432740491245143 0.039430964860714908 -0.39812856588715295 -0.20498407825827603 0.65824225387789992 1.8523730105604046 -0.77750893419837908 -0.29178878716800527 3.2868772139652176 1.2130623602289328 0.32751186373517727 3.0046516495943072 -0.52653708522970033 -1.1750931439921259 -0.43211054494904899 -0.89285105851388757 -0.83376608675923836 -0.41191490940880354
leaf_weight=1529 95 38 211 75 20 25 21 135 81 169 37 23 407 117 239 30 110 96 479 23 139 98 74 40 55 56 31 93 29 57
leaf_count=1529 95 38 211 75 20 25 21 135 81 169 37 23 407 117 239 30 110 96 479 23 139 98 74 40 55 56 31 93 29 57
internal_value=5.98674e-09 2.3124 -0.585608 2.92448 2.24508 3.13729 -0.750121 0.1574 1.37608 2.9809 2.90262 3.11238 -0.510983 -0.0406191 -0.531766 -0.604853 0.500903 1.70601 -0.821687 0.103449 3.16314 1.0735 0.151043 3.20628 -0.764101 -0.781639 -0.90131 -0.777666 -0.743514 -0.554167
internal_weight=4632 936 3696 566 135 431 3026 670 370 406 115 331 697 425 676 437 245 177 2329 214 308 193 191 77 800 745 180 124 565 86
internal_count=4632 936 3696 566 135 431 3026 670 370 406 115 331 697 425 676 437 245 177 2329 214 308 193 191 77 800 745 180 124 565 86
is_linear=0
shrinkage=0.05


Tree=43
num_leaves=31
num_cat=0
split_feature=3 3 3 7 3 3 3 3 3 3 3 3 3 3 3 0 3 7 7 6 0 7 7 1 4 0 6 4 7 4
split_gain=2.26459e+06 211662 143122 29913.8 186592 41780.5 27699.8 17797 12301 6284.66 4074.42 3610.15 2917.65 2121.99 2041.2 2066.39 1869.72 1844.49 1775.86 2339.03 2305.8 1724.77 1682.28 1910.32 2054.9 1565.81 1547.03 1760.26 1467.72 1463.06
threshold=9.3950000000000014 6.9650000000000007 11.305000000000001 154.84166666666667 19.910000000000004 19.095000000000002 5.5650000000000004 8.1850000000000005 10.390000000000002 12.070000000000002 11.775 4.455000000000001 8.7550000000000008 9.9250000000000025 6.2650000000000006 21.500000000000004 7.4450000000000012 170.32708333333338 127.07708333333335 165.90000000000001 13.500000000000002 194.99583333333337 163.30625000000001 2.5000000000000004 70.950000000000017 7.5000000000000009 1.6500000000000001 67.700000000000003 122.17708333333334 15.850000000000003
decision_type=2 2 2 2 2 2 2 2 2 2 2 2 2 2 2 2 2 2 2 2 2 2 2 2 2 2 2 2 2 2
left_child=1 6 8 4 10 9 11 16 13 -5 -4 -1 -9 -2 22 17 -3 -16 -10 20 -20 -14 25 -24 -25 -8 -12 -28 -15 -19
right_child=2 7 3 5 -6 -7 14 12 18 -11 26 -13 21 28 15 -17 -18 29 19 -21 -22 -23 23 24 -26 -27 27 -29 -30 -31
leaf_value=-0.79464257875583399 1.1040247679799797 -0.06067877178213426 2.2599495866081933 2.4793694349757414 -2.230567893981934 4.9705314802271978 -0.58343128339520522 0.46906964295122722 2.2655589640140534 3.0607392398137896 3.3877762749081572 -0.65125340528772913 0.71228915512853985 1.8025976703280495 -0.31667506751500901 -0.74121854088523176 0.17455050989049772 0.35097341269254684 1.4787916197615156 2.132528207037184 2.0439594103739811 1.2004188769242981 -0.92294237146506442 -0.73194948232943013 -0.12268096417188645 -0.29514988999451613 2.7845650900632908 3.1959717848362068 1.3296787547866504 -0.1666595911563829
leaf_weight=2018 100 140 22 57 20 28 70 146 24 252 21 561 102 21 180 22 213 20 59 36 26 22 37 31 25 144 78 39 75 43
leaf_count=2018 100 140 22 57 20 28 70 146 24 252 21 561 102 21 180 22 213 20 59 36 26 22 37 31 25 144 78 39 75 43
internal_value=-7.84827e-09 -0.527137 2.31866 2.84312 2.32272 3.12108 -0.693635 0.314978 1.52352 2.9535 2.89188 -0.763452 0.620544 1.26522 -0.378852 -0.277189 0.0812584 -0.235179 1.87266 1.79473 1.65167 0.798893 -0.466606 -0.644154 -0.459955 -0.389448 2.99263 2.9217 1.43313 -0.00233165
internal_weight=4632 3774 858 517 180 337 3151 623 341 309 160 2579 270 196 572 265 353 243 145 121 85 124 307 93 56 214 138 117 96 63
internal_count=4632 3774 858 517 180 337 3151 623 341 309 160 2579 270 196 572 265 353 243 145 121 85 124 307 93 56 214 138 117 96 63
is_linear=0
shrinkage=0.05


Tree=44
num_leaves=31
num_cat=0
split_feature=3 3 3 7 3 3 3 3 3 3 3 3 0 3 3 3 4 6 0 4 7 7 0 1 3 3 5 6 5 7
split_gain=2.0441e+06 175159 147261 27168.7 111683 60991 16953 14943.1 11902.5 9782.79 7077.64 4602.74 3448.4 2236.68 2176.73 2116.42 1856.19 1660.66 2403.21 2729.26 1498.74 2020.08 1685.91 1417.1 1371.72 1363.25 1340.85 1554.38 2689.12 1948.04
threshold=8.9850000000000012 10.980000000000002 6.6350000000000007 141.7416666666667 17.845000000000002 19.910000000000004 5.035000000000001 7.8450000000000006 9.9950000000000028 11.775 12.070000000000002 18.320000000000004 1.0000000180025095e-35 7.2700000000000005 8.4850000000000012 6.0250000000000012 684.55000000000007 15.450000000000001 10.500000000000002 41.800000000000004 194.14375000000004 127.07708333333335 7.5000000000000009 3.5000000000000004 1.0750000000000004 10.685 173.25000000000003 227.30000000000004 25.450000000000003 133.44166666666669
decision_type=2 2 2 2 2 2 2 2 2 2 2 2 2 2 2 2 2 2 2 2 2 2 2 2 2 2 2 2 2 2
left_child=2 8 6 4 10 9 24 13 -2 -5 -3 23 -8 -4 26 16 -14 -10 19 -19 21 -15 -23 -11 -1 -20 27 28 29 -9
right_child=1 3 7 5 -6 -7 12 14 17 11 -12 -13 15 20 -16 -17 -18 18 25 -21 -22 22 -24 -25 -26 -27 -28 -29 -30 -31
leaf_value=-0.84891842185642641 0.96965039507558315 2.0626274011637036 -0.16776901473648742 2.1708931887944543 -1.4272456693649294 5.2310392365455627 0.17024488136881877 -0.099839616092768591 1.3313394139683437 2.757019227637342 2.8965506743301046 2.1210333782693613 -0.57375587685450147 -0.13582384367675887 0.59479426438835536 -0.36072221942651228 -0.16622209226091703 2.2081438350677494 1.2191344334360432 1.5217600439276016 -0.23811883106827736 0.57821385771036149 0.13208432685375254 2.9725427768213288 -0.72807869662787017 1.7242614106698468 0.085403948960204923 0.055161436389272039 0.80340409748256203 0.5075704217860193
leaf_weight=265 193 38 211 75 20 25 21 22 63 169 77 23 407 46 110 239 30 30 34 28 32 30 72 139 2064 22 48 26 40 33
leaf_count=265 193 38 211 75 20 25 21 22 63 169 77 23 407 46 110 239 30 30 34 28 32 30 72 139 2064 22 48 26 40 33
internal_value=8.99679e-10 2.0872 -0.528577 2.64022 2.02125 2.8341 -0.677085 0.142149 1.24123 2.6865 2.62099 2.80333 -0.46075 -0.0573158 0.421686 -0.480352 -0.545779 1.53736 1.65121 1.87679 0.0721599 0.139247 0.263299 2.85428 -0.741828 1.41758 0.309012 0.397717 0.491469 0.264606
internal_weight=4632 936 3696 566 135 431 3026 670 370 406 115 331 697 391 279 676 437 177 114 58 180 148 102 308 2329 56 169 121 95 55
internal_count=4632 936 3696 566 135 431 3026 670 370 406 115 331 697 391 279 676 437 177 114 58 180 148 102 308 2329 56 169 121 95 55
is_linear=0
shrinkage=0.05


Tree=45
num_leaves=31
num_cat=0
split_feature=3 3 3 7 3 3 3 3 3 3 3 3 3 3 6 0 6 3 0 4 3 4 4 4 0 1 6 5 4 4
split_gain=1.84575e+06 172275 116544 25185.1 161539 34838.9 22647.8 14379.9 9977.47 5267.65 3410.23 3008.64 2019.88 1830.05 1798.06 1594.48 1589.71 1559.8 1721.43 1826.02 1519.83 1425.32 4510.22 2787.38 2154.28 2114.91 1402.48 1389.81 1387.52 2270.84
threshold=9.3950000000000014 6.9650000000000007 11.305000000000001 154.84166666666667 19.910000000000004 19.095000000000002 5.5650000000000004 8.2150000000000016 10.315000000000003 12.070000000000002 11.895000000000001 4.455000000000001 8.8150000000000031 7.6650000000000009 708.95000000000016 4.5000000000000009 1.6500000000000001 6.3050000000000006 15.500000000000002 33.250000000000007 10.980000000000002 112.05000000000003 52.70000000000001 9.1500000000000004 8.5000000000000018 1.5000000000000002 23.050000000000004 704.55000000000007 140.20000000000002 47.100000000000009
decision_type=2 2 2 2 2 2 2 2 2 2 2 2 2 2 2 2 2 2 2 2 2 2 2 2 2 2 2 2 2 2
left_child=1 6 8 4 10 9 11 13 -2 -5 -4 -1 -9 21 17 -15 -12 -8 -19 -20 26 22 23 24 -3 -23 -10 -13 29 -17
right_child=2 7 3 5 -6 -7 14 12 20 -11 16 27 -14 15 -16 28 -18 18 19 -21 -22 25 -24 -25 -26 -27 -28 -29 -30 -31
leaf_value=-0.71771307556890651 1.1184668093630341 0.53687145096063615 2.1063032865524294 2.2344937848417383 -2.147551040649414 4.5104352116584776 -0.39804635671392896 0.45141592003508574 1.3426774745517307 2.7667493029246257 3.1335262107849124 -0.60271285975728617 0.7367136177666691 -0.19169594134603229 -0.80720013871788976 0.32118873634895723 2.6499099714566121 -0.12872342366193021 -0.70728355012834077 -0.22896323080332773 1.8926286448021328 0.16718411089054175 0.70913148323694875 -0.32310313019156456 -0.070833835761461947 -0.37556465970352293 1.7025065905031036 -0.19727526903152467 0.55314259998062087 -0.21925412622781904
leaf_weight=2018 179 25 27 57 20 28 313 144 45 252 20 539 109 21 20 77 113 154 32 53 49 28 24 50 35 50 68 22 34 26
leaf_count=2018 179 25 27 57 20 28 313 144 45 252 20 539 109 21 20 77 113 154 32 53 49 28 24 50 35 50 68 22 34 26
internal_value=2.73348e-09 -0.475899 2.09329 2.56655 2.08905 2.8216 -0.62611 0.283832 1.37576 2.66857 2.61863 -0.689239 0.574331 0.0851937 -0.341476 0.214001 2.72263 -0.324602 -0.228416 -0.409037 1.66006 -0.0108041 0.088109 -0.0473869 0.182377 -0.180732 1.55921 -0.586813 0.276188 0.184766
internal_weight=4632 3774 858 517 180 337 3151 623 341 309 160 2579 253 370 572 158 133 552 239 85 162 212 134 110 60 78 113 561 137 103
internal_count=4632 3774 858 517 180 337 3151 623 341 309 160 2579 253 370 572 158 133 552 239 85 162 212 134 110 60 78 113 561 137 103
is_linear=0
shrinkage=0.05


Tree=46
num_leaves=31
num_cat=0
split_feature=3 3 3 7 3 3 3 3 3 3 3 3 3 6 3 1 1 7 3 0 5 3 6 6 4 4 6 5 3 6
split_gain=1.6658e+06 148419 112347 22729.5 145789 31442.1 18050.7 14028.3 10354.7 4754.06 3093.88 2532.67 2254.39 1668.46 1689.36 1649.6 1984.91 2117.02 1639.33 1628.98 1582.98 1491.76 1466.88 1408.39 1509.77 1504.76 1383.64 1643.35 1366.23 1365.93
threshold=9.3150000000000031 6.8850000000000007 11.305000000000001 154.84166666666667 19.910000000000004 19.095000000000002 5.4150000000000009 8.0450000000000017 10.255000000000001 12.070000000000002 11.775 8.6050000000000022 4.3350000000000009 707.25000000000011 6.0250000000000012 5.5000000000000009 3.5000000000000004 155.5854166666667 10.775 22.500000000000004 3.5500000000000003 7.4450000000000012 20.250000000000004 1.6500000000000001 67.700000000000003 5.6500000000000012 357.10000000000008 56.400000000000006 9.7300000000000022 233.10000000000002
decision_type=2 2 2 2 2 2 2 2 2 2 2 2 2 2 2 2 2 2 2 2 2 2 2 2 2 2 2 2 2 2
left_child=1 6 8 4 10 9 12 19 28 -5 -4 15 -1 14 22 16 17 -9 -10 21 -13 -3 -8 -12 25 -25 -11 -28 -2 -30
right_child=2 7 3 5 -6 -7 13 11 18 26 23 20 -14 -15 -16 -17 -18 -19 -20 -21 -22 -23 -24 24 -26 -27 27 -29 29 -31
leaf_value=-0.68364576036556945 0.86219563441351055 -0.11436721344788869 1.9370292479341682 2.1227690880758723 -2.0401734161376957 4.2849134216085076 -0.2920776401375908 0.50591022436911215 1.415412825307188 2.6800572969902188 2.9525139763241723 0.98543643228433764 -0.57013516159559441 -0.79956157945096495 -0.25953997455606737 0.027818715851753953 0.76891437610611324 0.00041822988320799437 1.7208432214495577 0.4187023172775905 0.55965875374774143 0.097926501726664339 -0.5389266420340707 2.6004205691508759 2.7618205755184859 2.1611966817806927 2.0537053809279491 2.6869941139221192 1.0436697390981209 1.4979713474001204
leaf_weight=1961 80 165 22 57 20 28 105 53 96 211 21 27 563 20 322 32 32 34 81 24 114 166 141 39 39 39 21 20 78 21
leaf_count=1961 80 165 22 57 20 28 105 53 96 211 21 27 563 20 322 32 32 34 81 24 114 166 141 39 39 39 21 20 78 21
internal_value=-2.97097e-09 -0.456949 1.96755 2.43823 1.9846 2.68052 -0.600204 0.232094 1.28401 2.53514 2.4877 0.488804 -0.658326 -0.350714 -0.33491 0.346509 0.432208 0.308362 1.55519 0.020941 0.641191 -0.00789967 -0.433564 2.57548 2.50781 2.38081 2.62841 2.36263 1.01586 1.14004
internal_weight=4632 3759 873 517 180 337 3112 647 356 309 160 292 2524 588 568 151 119 87 177 355 141 331 246 138 117 78 252 41 179 99
internal_count=4632 3759 873 517 180 337 3112 647 356 309 160 292 2524 588 568 151 119 87 177 355 141 331 246 138 117 78 252 41 179 99
is_linear=0
shrinkage=0.05


Tree=47
num_leaves=31
num_cat=0
split_feature=3 3 3 7 3 3 3 3 3 3 3 3 3 3 7 4 7 7 6 3 3 7 1 1 7 0 3 6 7 7
split_gain=1.50352e+06 140435 94886.6 20513.4 131575 28376.5 16327.3 13747.2 8216.75 4290.54 2824.65 2589.96 1778.01 1760.48 1914.48 1603.3 1599.54 2213.1 2123.67 1712.35 1501.24 1722.27 1488.76 1791.38 1910.61 1470.16 1346.31 1360.71 1985.14 1778.76
threshold=9.3950000000000014 6.8850000000000007 11.305000000000001 154.84166666666667 19.910000000000004 19.095000000000002 5.3050000000000006 8.0450000000000017 10.390000000000002 12.070000000000002 11.895000000000001 8.6050000000000022 6.0550000000000006 3.4950000000000006 225.68750000000003 79.950000000000017 127.07708333333335 154.23958333333334 233.10000000000002 10.880000000000001 9.8100000000000023 119.4979166666667 5.5000000000000009 3.5000000000000004 155.5854166666667 22.500000000000004 7.4450000000000012 25.650000000000002 159.10625000000005 157.35208333333335
decision_type=2 2 2 2 2 2 2 2 2 2 2 2 2 2 2 2 2 2 2 2 2 2 2 2 2 2 2 2 2 2
left_child=1 6 8 4 10 9 13 25 20 -5 -4 22 -8 -1 -15 -16 -10 -18 19 -19 -2 -22 23 24 -9 26 27 28 -3 -29
right_child=2 7 3 5 -6 -7 12 11 16 -11 -12 -13 -14 14 15 -17 17 18 -20 -21 21 -23 -24 -25 -26 -27 -28 29 -30 -31
leaf_value=-0.66197565519013379 0.86758246109253023 0.30960758223726947 1.8970432294739616 2.0166306349269134 -1.9381650161743165 4.0706677714628832 -0.42817014488645583 0.48061471178003079 1.9000838606928785 2.4969912449577976 2.4579681749630691 0.61967647799696679 -0.2624961562677281 -0.59411107507970085 -0.50656904218097532 0.012839864442745845 1.1310493075364345 1.2168598994186945 2.0306081363133024 1.7414541543794 1.5570797545569284 1.0557522446958609 0.026427784422412517 0.73046864829957492 0.00039731700192479529 0.39776720106601715 0.093030181821121508 -0.40361790592814312 -0.2542547078044326 0.020748255904330767
leaf_weight=1529 82 37 27 57 20 28 330 53 24 252 133 156 318 872 39 24 37 35 21 28 21 93 32 32 34 24 166 58 27 43
leaf_count=1529 82 37 27 57 20 28 330 53 24 252 133 156 318 872 39 24 37 35 21 28 21 93 32 32 34 24 166 58 27 43
internal_value=-8.64991e-09 -0.429519 1.88928 2.31632 1.88537 2.54649 -0.570194 0.23178 1.24185 2.40838 2.36331 0.476796 -0.346867 -0.628926 -0.57488 -0.308699 1.5272 1.45324 1.59516 1.45001 1.03074 1.1481 0.329184 0.410597 0.292944 0.019894 -0.00750468 -0.108649 0.0717282 -0.222947
internal_weight=4632 3774 858 517 180 337 3112 662 341 309 160 307 648 2464 935 63 145 121 84 63 196 114 151 119 87 355 331 165 64 101
internal_count=4632 3774 858 517 180 337 3112 662 341 309 160 307 648 2464 935 63 145 121 84 63 196 114 151 119 87 355 331 165 64 101
is_linear=0
shrinkage=0.05


Tree=48
num_leaves=31
num_cat=0
split_feature=3 3 3 0 3 6 5 0 3 3 3 3 3 3 0 3 1 5 5 3 1 7 5 4 0 4 6 3 5 7
split_gain=1.35725e+06 116219 97985.8 20197.8 59441.5 30079.6 17926.5 12668 10830.1 10395.7 9444.4 6407.86 3122.36 2603.02 2490.16 1789.07 1691.83 1608.92 1716.64 2216.18 1642.84 2151.79 2398.52 2276.22 1550.23 2000.25 2224.92 1470.51 1422.69 2024.15
threshold=8.9850000000000012 11.095000000000001 6.535000000000001 17.500000000000004 19.910000000000004 0.65000000000000002 1.9500000000000002 19.500000000000004 7.8450000000000006 4.8450000000000006 10.065000000000003 11.665000000000001 14.175000000000002 18.320000000000004 1.0000000180025095e-35 7.1950000000000012 1.0000000180025095e-35 699.80000000000007 629.50000000000011 5.6450000000000005 5.5000000000000009 91.314583333333346 34.400000000000006 313.75000000000006 10.500000000000002 98.450000000000017 7.6500000000000012 8.4850000000000012 90.100000000000009 136.8104166666667
decision_type=2 2 2 2 2 2 2 2 2 2 2 2 2 2 2 2 2 2 2 2 2 2 2 2 2 2 2 2 2 2
left_child=2 10 9 4 11 -5 -7 -8 15 -1 -2 -3 -9 -13 -11 16 -4 18 19 -16 21 -21 23 -23 25 26 -12 -10 -24 -30
right_child=1 3 8 5 -6 6 7 12 27 14 24 13 -14 -15 17 -17 -18 -19 -20 20 -22 22 28 -25 -26 -27 -28 -29 29 -31
leaf_value=-0.60990750053905851 0.80691631214890203 1.6905877036973835 -0.51109954889478348 4.2085773000350368 -0.2834998121968022 1.1709227580290575 3.3620720022603088 2.5107596741003153 0.25016489791623236 0.075418239611166504 1.2160788953304291 2.2784465423092297 1.7828771536166852 1.688619841337204 -0.50277285138473793 0.051598738564348538 -0.10205553584368098 -0.092145128991152792 -0.78820486459881067 -0.74893541877919978 -0.59086411353200674 -0.28475501154035587 0.14123373081286747 -0.82924773327034451 1.146969317325524 1.1686457037161559 1.8771673143601846 0.48505622616715049 0.15095858812332152 -0.40798897516468302
leaf_weight=2230 208 64 29 26 27 26 38 34 169 27 20 289 26 20 340 197 197 37 32 22 48 116 48 23 84 39 35 110 25 46
leaf_count=2230 208 64 29 26 27 26 38 34 169 27 20 289 26 20 340 197 197 37 32 22 48 116 48 23 84 39 35 110 25 46
internal_value=-5.79321e-09 1.70077 -0.430713 2.16751 1.98197 2.66231 2.33809 2.64775 0.100958 -0.555374 1.03571 2.14595 2.19534 2.24027 -0.396198 -0.0585387 -0.154543 -0.413475 -0.43046 -0.413322 -0.3206 -0.274268 -0.233793 -0.374851 1.30306 1.44255 1.63677 0.342774 -0.0690278 -0.211176
internal_weight=4632 936 3696 550 400 150 124 98 702 2994 386 373 60 309 764 423 226 737 700 668 328 280 258 139 178 94 55 279 119 71
internal_count=4632 936 3696 550 400 150 124 98 702 2994 386 373 60 309 764 423 226 737 700 668 328 280 258 139 178 94 55 279 119 71
is_linear=0
shrinkage=0.05


Tree=49
num_leaves=31
num_cat=0
split_feature=3 3 3 7 3 3 3 3 3 3 7 3 3 4 5 6 7 7 7 4 7 6 0 0 6 3 7 4 0 3
split_gain=1.22554e+06 114282 77644.1 18743.5 114429 26735.9 15009.4 9582.04 7805.46 2579.72 2215.94 2117.92 2031.87 1710.69 1607.68 1475.44 1419.36 1391.57 3316.34 1408.43 1382.41 2094.51 1590.57 1338.42 3274.83 1539.28 1327.69 2284.89 1301.79 1333.42
threshold=9.3950000000000014 6.9650000000000007 11.425000000000002 154.84166666666667 19.910000000000004 19.095000000000002 5.5650000000000004 8.4850000000000012 10.390000000000002 12.070000000000002 96.022916666666674 4.6550000000000011 7.8450000000000006 38.45000000000001 411.05000000000001 708.95000000000016 215.00000000000003 138.30208333333334 122.64583333333334 19.950000000000003 127.07708333333335 165.90000000000001 14.500000000000002 19.500000000000004 48.250000000000007 6.2650000000000006 119.89375000000001 9.6500000000000004 3.5000000000000004 9.6350000000000033
decision_type=2 2 2 2 2 2 2 2 2 2 2 2 2 2 2 2 2 2 2 2 2 2 2 2 2 2 2 2 2 2
left_child=1 6 8 4 17 9 11 12 28 13 -9 -1 16 -5 -13 23 26 18 -4 -19 -10 22 -22 25 -25 -8 27 -3 -2 -30
right_child=2 7 3 5 -6 -7 15 10 20 -11 -12 14 -14 -15 -16 -17 -18 19 -20 -21 21 -23 -24 24 -26 -27 -28 -29 29 -31
leaf_value=-0.5822403999116279 1.197482674669575 0.2765897499024868 1.9814092521057571 1.5448205802751627 -1.8710842514038086 3.8061817697116305 -0.31217725638037402 0.03175443887710571 1.7266101600947203 2.2554284687553134 0.5885013933648312 -0.50304404940920577 0.23765665421471793 2.1367960104575525 -0.24053605648054593 -0.70029171049594885 -0.38911822959780695 2.2823525562286378 2.6099207005849703 1.8104118053303209 1.0778160672963544 1.6321675047641848 1.5442220149040224 -0.1433487539490064 -0.7099718390726576 -0.12675881239643508 0.11412899049271626 -0.38073736774997835 0.62652962718691141 0.95495281476750338
leaf_weight=2133 37 20 43 23 20 28 241 20 27 252 168 377 169 26 69 20 20 25 41 43 68 41 25 51 51 209 187 39 42 117
leaf_count=2133 37 20 43 23 20 28 241 20 27 252 168 377 169 26 69 20 20 25 41 43 68 41 25 51 51 209 187 39 42 117
internal_value=2.83021e-09 -0.387786 1.70572 2.10723 1.68426 2.32835 -0.510129 0.230995 1.14225 2.19088 0.529273 -0.561521 0.102085 1.85893 -0.462432 -0.278413 0.0159504 2.15206 2.28818 1.98392 1.40021 1.33445 1.20319 -0.263128 -0.42666 -0.226061 0.0488828 -0.157915 0.93036 0.8682
internal_weight=4632 3774 858 501 172 329 3151 623 357 301 188 2579 435 49 446 572 266 152 84 68 161 134 93 552 102 450 246 59 196 159
internal_count=4632 3774 858 501 172 329 3151 623 357 301 188 2579 435 49 446 572 266 152 84 68 161 134 93 552 102 450 246 59 196 159
is_linear=0
shrinkage=0.05


Tree=50
num_leaves=31
num_cat=0
split_feature=3 3 3 7 3 3 3 3 3 3 3 0 5 7 0 3 0 3 4 7 7 1 3 3 5 5 4 7 5 0
split_gain=1.1062e+06 88416.9 85245.5 17869.9 100883 24950.8 10271 8971.71 7340.41 4342.02 3400.22 2681.23 1629.79 2323.65 1490.51 1383.79 1441.17 1325.13 1727.11 1323.27 2379.55 1801.18 1314.45 1293.03 1248.48 4317.58 1794.02 1511.14 2126.93 1193.81
threshold=9.1650000000000009 6.7250000000000005 11.200000000000001 154.84166666666667 19.910000000000004 19.095000000000002 5.035000000000001 8.0450000000000017 10.065000000000003 11.665000000000001 12.070000000000002 1.0000000180025095e-35 131.80000000000004 176.99791666666667 22.500000000000004 7.3850000000000007 19.500000000000004 6.0250000000000012 684.55000000000007 138.30208333333334 130.09375000000003 1.5000000000000002 8.7550000000000008 10.685 19.050000000000004 49.350000000000001 79.15000000000002 150.5229166666667 222.80000000000004 16.500000000000004
decision_type=2 2 2 2 2 2 2 2 2 2 2 2 2 2 2 2 2 2 2 2 2 2 2 2 2 2 2 2 2 2
left_child=1 6 8 4 9 10 -1 14 -2 -4 -5 -8 22 -14 15 16 -3 18 -13 20 21 -11 -9 29 26 -26 -17 28 -27 -10
right_child=2 7 3 5 -6 -7 11 12 23 19 -12 17 13 -15 -16 24 -18 -19 -20 -21 -22 -23 -24 -25 25 27 -28 -29 -30 -31
leaf_value=-0.54604524617431671 0.75400799638853311 -0.068171245587820367 1.3710719764232637 1.7395087470610937 -1.7775297164916992 3.6158726552767413 0.21249816742810337 0.35948966780969921 1.1828187069958511 2.418399604884061 2.1426570395273821 -0.42884939103558922 -0.0030870934327443442 0.57995725491642947 0.37675097336371743 0.088605075269132055 -0.46697574972103423 -0.26113144558651641 -0.03574083467324575 1.9186764001846315 2.6944335222244264 1.8441508173942567 0.64733526353108684 1.3527222672104837 0.6604135316796601 -0.113399518461063 -0.49000622232755026 -0.23986117458198131 0.53856043287298894 0.80692789490733829
leaf_weight=2329 178 176 25 66 20 28 22 121 86 22 252 407 54 25 24 37 26 271 30 65 20 36 59 80 32 29 21 41 22 28
leaf_count=2329 178 176 25 66 20 28 22 121 86 22 252 407 54 25 24 37 26 271 30 65 20 36 59 80 32 29 21 41 22 28
internal_value=-5.68618e-09 -0.381018 1.56697 1.97177 1.57938 2.18498 -0.494752 0.140589 0.985881 1.97901 2.05898 -0.331104 0.370746 0.181421 -0.00551608 -0.0294078 -0.119503 -0.347995 -0.401863 2.08529 2.22414 2.06197 0.453839 1.19863 0.0705875 0.160151 -0.120892 -0.013854 0.167838 1.09049
internal_weight=4632 3726 906 534 188 346 3059 667 372 168 318 730 259 79 408 384 202 708 437 143 78 58 180 194 182 124 58 92 51 114
internal_count=4632 3726 906 534 188 346 3059 667 372 168 318 730 259 79 408 384 202 708 437 143 78 58 180 194 182 124 58 92 51 114
is_linear=0
shrinkage=0.05


Tree=51
num_leaves=31
num_cat=0
split_feature=3 3 3 0 3 5 3 3 5 3 0 3 3 4 7 3 4 0 3 7 4 4 7 1 7 6 7 7 3 7
split_gain=998730 92993.6 63155.2 18589.1 52728.7 32876.1 19103.8 10897.5 10326.7 9046.65 6821.04 6328.18 2322.79 3552.63 1931.1 2137.5 1905.44 1951.85 1615.13 1614.56 1596.42 2170.34 3247.65 1409.43 1756.65 1386.2 1383.32 1346.97 2830.2 2409.6
threshold=9.3950000000000014 6.8850000000000007 11.425000000000002 17.500000000000004 19.095000000000002 124.90000000000002 14.345000000000001 5.4150000000000009 0.95000000000000007 8.0450000000000017 19.500000000000004 10.390000000000002 12.070000000000002 69.40000000000002 94.091666666666683 8.5550000000000015 378.75000000000006 6.5000000000000009 3.4950000000000006 225.68750000000003 6.3500000000000005 234.45000000000002 158.31250000000003 1.5000000000000002 79.881250000000009 707.25000000000011 174.89166666666668 141.7416666666667 4.5250000000000012 201.57916666666668
decision_type=2 2 2 2 2 2 2 2 2 2 2 2 2 2 2 2 2 2 2 2 2 2 2 2 2 2 2 2 2 2
left_child=1 7 11 4 12 8 -7 18 -5 -3 -10 -2 13 -4 -11 -16 -14 -18 -1 23 26 22 -22 27 -25 -9 -17 28 -20 -29
right_child=2 9 3 5 -6 6 -8 25 10 14 -12 -13 16 -15 15 20 17 -19 19 -21 21 -23 -24 24 -26 -27 -28 29 -30 -31
leaf_value=-0.54196720249552532 0.8408397476263233 0.016175351961397789 1.34419510333966 1.1455764539539814 -0.13196991273335049 2.512126463109797 4.6204805856659297 -0.25628397160924604 2.8907110519409183 -0.043795303379495942 1.8378965300321579 1.2639001710537059 2.0350094055587595 2.1277050308559251 0.26884928801059721 0.57203563197570684 1.9927789449691773 1.3260556186948504 -0.66061633978499457 -0.22116228044033051 0.59948332225148737 0.7660749510833712 -0.077445831982528468 -0.82508989785398767 -0.42035019888882608 -0.67981281328946352 1.0960867872834206 -0.81830933333738987 -0.22852336154742675 -0.25574513177076974
leaf_weight=1529 196 355 39 32 35 22 21 568 25 24 40 161 220 23 125 34 23 21 89 66 37 33 34 28 630 20 20 92 66 24
leaf_count=1529 196 355 39 32 35 22 21 568 25 24 40 161 220 23 125 34 23 21 89 66 37 33 34 28 630 20 20 92 66 24
internal_value=-4.18475e-09 -0.350068 1.53981 1.90192 1.71226 2.39099 3.54179 -0.464541 1.88085 0.188061 2.24283 1.03163 1.91026 1.63485 0.386822 0.42334 1.97494 1.67457 -0.509702 -0.46012 0.545564 0.43104 0.27532 -0.477097 -0.437573 -0.27069 0.766129 -0.573062 -0.476628 -0.701917
internal_weight=4632 3774 858 501 361 140 43 3112 97 662 65 357 326 62 307 283 264 44 2524 995 158 104 71 929 658 588 54 271 155 116
internal_count=4632 3774 858 501 361 140 43 3112 97 662 65 357 326 62 307 283 264 44 2524 995 158 104 71 929 658 588 54 271 155 116
is_linear=0
shrinkage=0.05


Tree=52
num_leaves=31
num_cat=0
split_feature=3 3 3 7 3 3 3 3 3 3 3 3 0 7 3 0 4 0 3 0 6 3 7 0 0 1 1 4 6 6
split_gain=901376 80233.7 60895.9 16254.8 63569.1 55510.5 8901.07 8424.52 4893.83 4713.42 3055.41 2324.67 1887.8 1440.52 1695.55 1335.19 1957.84 1330.57 1329.75 1241.8 1880.51 1804.44 1236.95 1747.23 1235.68 1210.48 2948.84 1587.8 1199.75 1646.68
threshold=9.3150000000000031 6.7250000000000005 11.200000000000001 141.7416666666667 17.845000000000002 19.910000000000004 8.0450000000000017 4.8450000000000006 18.320000000000004 10.255000000000001 11.775 12.070000000000002 1.0000000180025095e-35 94.091666666666683 8.4850000000000012 4.5000000000000009 444.35000000000008 22.500000000000004 6.0250000000000012 15.500000000000002 683.25000000000011 7.7650000000000006 127.86666666666667 4.5000000000000009 8.5000000000000018 5.5000000000000009 3.5000000000000004 30.100000000000005 26.350000000000005 251.25000000000003
decision_type=2 2 2 2 2 2 2 2 2 2 2 2 2 2 2 2 2 2 2 2 2 2 2 2 2 2 2 2 2 2
left_child=1 7 9 4 11 8 17 -1 10 -2 -5 -4 -9 -8 25 -12 -17 19 -14 20 22 -21 23 -3 -25 26 27 -15 -20 -30
right_child=2 6 3 5 -6 -7 13 12 -10 -11 15 -13 18 14 -16 16 -18 -19 28 21 -22 -23 -24 24 -26 -27 -28 -29 29 -31
leaf_value=-0.49722567371468607 0.74694675387835463 -0.47509879782086328 1.3830247581005097 1.4783250550054154 -1.3024950456619262 4.2154853091239932 -0.022276631645534353 0.093016300137553909 1.0767709958812464 1.1204132039542312 1.6731949804158046 1.9150362565919954 -0.3707170952998875 0.40188770326120515 0.49520942779092847 1.9977887281369715 1.6037512028539505 0.35710465582087636 -0.35345642299962643 -0.24322394379636361 -0.40411691394719212 0.22943499311059715 0.15858653105406351 0.36183093502407981 -0.13176981490105391 -0.082745407197786419 0.7483315727540425 -0.11368417739868164 0.0046381550106932143 -0.326835574988109
leaf_weight=2230 179 21 28 53 20 25 23 28 23 160 58 77 530 28 158 213 37 24 119 105 22 25 158 21 32 23 28 32 85 67
leaf_count=2230 179 21 28 53 20 25 23 28 23 160 58 77 530 28 158 213 37 24 119 105 22 25 158 21 32 23 28 32 85 67
internal_value=-1.66068e-09 -0.336132 1.44733 1.78006 1.28106 1.93256 0.146764 -0.446634 1.78393 0.923214 1.82899 1.77317 -0.310544 0.35752 0.389993 1.88933 1.93947 -0.00407178 -0.324651 -0.0266453 0.0376805 -0.152328 0.0795751 -0.0891251 0.0638078 0.240226 0.324639 0.126916 -0.234557 -0.141472
internal_weight=4632 3759 873 534 125 409 700 3059 384 339 361 105 829 292 269 308 250 408 801 384 254 130 232 74 53 111 88 60 271 152
internal_count=4632 3759 873 534 125 409 700 3059 384 339 361 105 829 292 269 308 250 408 801 384 254 130 232 74 53 111 88 60 271 152
is_linear=0
shrinkage=0.05


Tree=53
num_leaves=31
num_cat=0
split_feature=3 3 3 0 3 5 3 3 5 0 3 3 3 7 7 7 5 6 5 6 4 4 5 4 6 5 7 7 1 6
split_gain=813661 75926.5 51577.7 16183 48509.9 28877.2 16989 10595.6 9600.01 8822.34 5997.79 5939.04 1718.14 1665.45 1591.4 1532.84 1593.92 2227.26 2106.58 1895.41 1819.29 2752.86 1518.46 2641.52 1277.61 1568.33 1572.42 1532.91 1199.35 1156.69
threshold=9.3950000000000014 7.0250000000000012 11.505000000000001 17.500000000000004 19.095000000000002 124.90000000000002 14.345000000000001 5.6450000000000005 6.0500000000000007 19.500000000000004 10.475000000000003 8.4850000000000012 3.9850000000000008 96.022916666666674 223.79166666666671 215.00000000000003 122.2 178.35000000000002 14.850000000000003 118.95000000000002 44.350000000000001 15.850000000000003 404.2000000000001 70.950000000000017 707.25000000000011 445.05000000000007 90.666666666666671 136.15833333333336 1.0000000180025095e-35 298.50000000000006
decision_type=2 2 2 2 2 2 2 2 2 2 2 2 2 2 2 2 2 2 2 2 2 2 2 2 2 2 2 2 2 2
left_child=1 7 10 4 -4 8 -7 12 -5 -10 29 15 -1 -13 -14 16 18 22 20 -20 21 -3 -18 -24 25 26 -9 -27 -12 -2
right_child=2 11 3 5 -6 6 -8 24 9 -11 28 13 14 -15 -16 -17 17 -19 19 -21 -22 -23 23 -25 -26 27 -28 -29 -30 -31
leaf_value=-0.48365844132344304 0.71513423230716888 -0.0008915997717691504 1.7447196694799125 1.071271113447241 -0.21804730994360788 2.2912502359260212 4.2794820226019343 -0.47447201086110191 2.9205583424795245 1.6374437499690702 1.4628053760528565 -0.0015380227565765382 -0.4141452066304589 0.48112653251293874 -0.12317415619641543 -0.22523895793727466 -0.31196018176258739 0.37906490351472583 0.46169898359311951 0.0581545138081839 -0.18781323687732221 0.70176017701625826 0.33297969069989292 -0.39118878841400151 -0.59690603095860717 -0.14301332831382751 -0.13870171263778747 -0.62791625200173806 1.1120775919006423 1.0108371292672507
leaf_weight=1787 171 46 313 37 35 22 21 38 21 37 30 20 781 168 50 35 53 28 90 43 50 20 34 20 21 28 423 39 130 41
leaf_count=1787 171 46 313 37 35 22 21 38 21 37 30 20 781 168 50 35 53 28 90 43 50 20 34 20 21 28 423 39 130 41
internal_value=-8.64055e-09 -0.315973 1.38984 1.729 1.54731 2.18718 3.26225 -0.414156 1.70057 2.10202 0.946738 0.196293 -0.456037 0.429779 -0.396638 0.0915303 0.120402 -0.0179447 0.19541 0.33123 0.0396856 0.212033 -0.121835 0.0647691 -0.214442 -0.199231 -0.166379 -0.42527 1.17784 0.772322
internal_weight=4632 3774 858 486 348 138 43 3167 95 58 372 607 2618 188 831 419 384 135 249 133 116 66 107 54 549 528 461 67 160 212
internal_count=4632 3774 858 486 348 138 43 3167 95 58 372 607 2618 188 831 419 384 135 249 133 116 66 107 54 549 528 461 67 160 212
is_linear=0
shrinkage=0.05


Tree=54
num_leaves=31
num_cat=0
split_feature=3 3 3 7 3 3 3 3 3 3 3 3 7 7 0 5 7 7 3 1 1 5 7 7 7 6 6 5 5 7
split_gain=734613 63650.9 53372.3 14223.9 54397.3 53124.1 6473.72 5010.44 4552.51 3842.83 3789.68 2585.95 2202.83 1633.03 2225.81 1564.23 1560.12 1375.55 1359.94 1304.23 1268.13 1770.56 1512.32 2544.91 1779.02 1315.33 2302.85 1359.33 1414.02 1356.76
threshold=8.9850000000000012 10.980000000000002 6.4350000000000014 141.7416666666667 17.845000000000002 19.910000000000004 7.705000000000001 4.8450000000000006 9.8100000000000023 18.320000000000004 11.775 12.070000000000002 109.70625000000001 78.579166666666694 1.0000000180025095e-35 29.550000000000004 139.22916666666669 90.666666666666671 10.255000000000001 3.5000000000000004 1.5000000000000002 704.55000000000007 155.15833333333336 181.04583333333335 110.41666666666667 10.550000000000002 16.850000000000005 211.10000000000002 13.15 169.8041666666667
decision_type=2 2 2 2 2 2 2 2 2 2 2 2 2 2 2 2 2 2 2 2 2 2 2 2 2 2 2 2 2 2
left_child=2 8 7 4 11 9 -4 -1 15 10 -5 -3 -10 -9 -15 -2 -17 -16 -14 -12 22 25 24 -24 -19 27 -27 28 29 -22
right_child=1 3 6 5 -6 -7 -8 13 12 -11 19 -13 18 14 17 16 -18 20 -20 -21 21 -23 23 -25 -26 26 -28 -29 -30 -31
leaf_value=-0.44902196790413273 0.34887880246387798 1.2178084346808886 -0.064004991046426929 1.3061223926941554 -1.2699644613265992 3.9619215426445011 0.23536607631753573 -0.69496854019165044 1.3801865657170616 0.95942856099294582 1.6091477277319459 1.7218798552240646 0.6674843828862822 0.2112526519732042 0.043418734414236888 0.40189999631473 0.82067959206026109 -0.6905642970154684 0.9444274839929353 1.815909839019501 -0.75283863852100996 0.14726122319698334 -0.91894967450815102 -0.32350501707313878 -0.20370615563073824 0.24418896358946096 -0.27564761506644914 -0.774468035283296 -0.1876002576450507 -0.22462281525135042
leaf_weight=2230 64 38 425 75 20 25 314 25 21 23 169 77 71 22 28 35 61 24 118 139 31 24 34 38 86 23 289 23 60 20
leaf_count=2230 64 38 425 75 20 25 314 25 21 23 169 77 71 22 28 35 61 24 118 139 31 24 34 38 86 23 289 23 60 20
internal_value=3.29049e-09 1.25125 -0.316874 1.58462 1.13676 1.7249 0.0631973 -0.41186 0.741281 1.58715 1.62485 1.55532 0.89437 -0.29787 -0.283728 0.540351 0.668 -0.299742 0.840391 1.70246 -0.314479 -0.271087 -0.426537 -0.604687 -0.30993 -0.293599 -0.237326 -0.424621 -0.35213 -0.545695
internal_weight=4632 936 3696 566 135 431 739 2957 370 406 383 115 210 727 702 160 96 680 189 308 652 470 182 72 110 446 312 134 111 51
internal_count=4632 936 3696 566 135 431 739 2957 370 406 383 115 210 727 702 160 96 680 189 308 652 470 182 72 110 446 312 134 111 51
is_linear=0
shrinkage=0.05


Tree=55
num_leaves=31
num_cat=0
split_feature=3 3 3 7 3 3 3 3 3 3 3 5 7 5 5 3 6 7 7 1 7 0 5 1 0 7 3 4 4 4
split_gain=663124 60500.5 45551.3 13139.7 78893.3 22669.5 5263.13 4521.92 4488.9 3703.39 2976.69 2121.96 1988.05 1881.61 1562.87 2003.73 1558.84 1527.77 2576.12 1882.88 1473.81 2008.79 1429.08 2559.41 1534.19 1273.3 1227.35 1225.25 1213.65 1766.21
threshold=8.9050000000000029 10.980000000000002 6.4350000000000014 154.84166666666667 19.910000000000004 19.095000000000002 7.4450000000000012 4.8450000000000006 9.8100000000000023 12.070000000000002 11.665000000000001 67.700000000000003 109.70625000000001 29.550000000000004 46.350000000000001 8.5550000000000015 272.40000000000003 138.30208333333334 130.09375000000003 1.5000000000000002 78.579166666666694 1.0000000180025095e-35 572.75000000000011 3.5000000000000004 18.500000000000004 96.76666666666668 10.255000000000001 22.150000000000002 38.45000000000001 227.90000000000003
decision_type=2 2 2 2 2 2 2 2 2 2 2 2 2 2 2 2 2 2 2 2 2 2 2 2 2 2 2 2 2 2
left_child=2 8 7 4 10 9 -4 -1 13 28 -3 14 -10 -2 15 -8 22 18 19 -12 -9 -22 24 -24 -13 -23 -14 -19 -5 -30
right_child=1 3 6 5 -6 -7 11 20 12 -11 17 16 26 -15 -16 -17 -18 27 -20 -21 21 25 23 -25 -26 -27 -28 -29 29 -31
leaf_value=-0.42657087178919628 0.31081921089854508 1.1223551974034844 -0.094113803293533679 1.0840998900961132 -1.7988209915161133 3.0517349009002963 0.15039487822191014 -0.66022010731697089 1.3111772423698789 1.666783351632249 1.9600358995524321 -0.23073926521586136 0.63411016553430499 0.64333202083451813 0.66182930568854026 0.54839939739555121 0.40372634598842033 1.7107190217971802 2.2536804318428039 1.3729086971945232 0.20069000707431273 -0.049425698057660519 -0.13298414297725844 0.64039929345250135 0.20145547491764382 -0.30464753612721462 0.89720611077244006 1.2645099228620529 1.7538228342930477 1.1176181545853614
leaf_weight=2230 72 39 334 40 20 28 151 25 21 252 22 77 71 104 24 40 26 25 20 36 22 53 23 20 28 627 118 40 24 20
leaf_count=2230 72 39 334 40 20 28 151 25 21 252 22 77 71 104 24 40 26 25 20 36 22 53 23 20 28 627 118 40 24 20
internal_value=2.35415e-09 1.17622 -0.304283 1.50539 1.18199 1.68485 0.0514738 -0.391267 0.693555 1.57094 1.50956 0.176477 0.849652 0.507304 0.281533 0.233747 0.046667 1.61516 1.76435 1.59561 -0.282976 -0.269542 -0.0160596 0.226729 -0.115487 -0.284755 0.798371 1.43613 1.28343 1.46464
internal_weight=4632 952 3680 566 202 364 723 2957 386 336 182 389 210 176 215 191 174 143 78 58 727 702 148 43 105 680 189 65 84 44
internal_count=4632 952 3680 566 202 364 723 2957 386 336 182 389 210 176 215 191 174 143 78 58 727 702 148 43 105 680 189 65 84 44
is_linear=0
shrinkage=0.05


Tree=56
num_leaves=31
num_cat=0
split_feature=3 3 3 0 3 3 3 3 3 4 5 7 3 7 7 1 6 5 7 7 7 7 5 6 0 6 3 3 4 4
split_gain=598534 56143.2 37974.2 14497.4 43075.1 28934.2 7877.72 4426.88 4377.5 2582.91 1883.64 1553.21 1386.43 1810 1355.95 1181.37 1181.25 1404.56 1430.53 1413.97 1148.9 1342.09 1881.48 2219.51 1082.84 1610.52 1287.32 931.504 3122.94 1645.55
threshold=9.3950000000000014 7.0250000000000012 11.505000000000001 17.500000000000004 19.095000000000002 17.845000000000002 5.6450000000000005 8.3650000000000002 10.475000000000003 31.250000000000004 53.550000000000004 95.089583333333351 3.3350000000000004 225.68750000000003 182.17916666666667 4.5000000000000009 707.25000000000011 452.80000000000001 90.666666666666671 136.15833333333336 190.43958333333333 127.07708333333335 35.150000000000013 30.250000000000004 5.5000000000000009 7.2500000000000009 9.6350000000000033 12.070000000000002 56.400000000000006 378.75000000000006
decision_type=2 2 2 2 2 2 2 2 2 2 2 2 2 2 2 2 2 2 2 2 2 2 2 2 2 2 2 2 2 2
left_child=1 6 8 4 27 9 12 -3 24 10 -5 -9 -1 -14 -11 -13 17 18 -8 -19 21 -10 23 -23 25 -2 -26 28 -4 -29
right_child=2 7 3 5 -6 -7 16 11 20 14 -12 15 13 -15 -16 -17 -18 19 -20 -21 -22 22 -24 -25 26 -27 -28 29 -30 -31
leaf_value=-0.42429983105747482 0.50601347075267278 0.068054006160380917 0.96539901823833074 1.5701591525759016 -0.35244993822915216 3.4946212768554688 -0.43166884121141935 -0.070796308740973465 1.2472048679987591 1.6047657220065596 0.93483501911163336 0.32464262010907041 -0.36760331131388557 -0.11680747266713676 2.0685836645273064 0.61362109799747888 -0.5509841972873325 -0.11475285589694978 -0.11143667041977544 -0.58301767079453726 1.2535473117957245 0.69991809405725114 0.62683161633710072 1.3822900496996366 0.335848058840713 1.0462285834389764 0.67455837510783101 1.5900893500625073 1.7775477099977435 1.2551314068111508
leaf_weight=1446 22 388 29 28 35 24 38 20 27 40 20 153 1095 77 26 46 21 28 424 38 37 22 48 26 37 37 116 220 20 44
leaf_count=1446 22 388 29 28 35 24 38 20 27 40 20 153 1095 77 26 46 21 28 424 38 37 22 48 26 37 37 116 220 20 44
internal_value=2.0719e-09 -0.271002 1.19203 1.48305 1.31108 1.91671 -0.35543 0.169499 0.811826 1.58452 1.30544 0.349228 -0.391542 -0.351126 1.78748 0.391442 -0.183226 -0.168599 -0.137776 -0.38436 1.00926 0.935774 0.848184 1.06954 0.66282 0.844792 0.592648 1.4971 1.29689 1.53426
internal_weight=4632 3774 858 486 348 138 3167 607 372 114 48 219 2618 1172 66 199 549 528 462 66 160 123 96 48 212 59 153 313 49 264
internal_count=4632 3774 858 486 348 138 3167 607 372 114 48 219 2618 1172 66 199 549 528 462 66 160 123 96 48 212 59 153 313 49 264
is_linear=0
shrinkage=0.05


Tree=57
num_leaves=31
num_cat=0
split_feature=3 3 3 7 3 3 3 3 7 3 3 3 3 5 5 6 5 7 7 7 5 6 5 1 4 0 6 3 5 5
split_gain=540509 49414 37334 12118.8 37885.9 22665.9 5269.59 4842.76 5397.99 19162.8 10831.5 3600.49 2874.1 1672.03 1594.28 1432.47 1758.88 1711.49 2325.12 1401.99 1387.43 1610.17 1736.02 1356.72 1342.72 1316.7 2195.44 1312.37 1915.47 1232.22
threshold=8.9050000000000029 10.980000000000002 6.2650000000000006 223.79166666666671 21.600000000000005 16.975000000000005 7.3850000000000007 11.895000000000001 146.04583333333338 18.320000000000004 16.975000000000005 9.9250000000000025 4.8450000000000006 67.700000000000003 29.550000000000004 53.20000000000001 675.15000000000009 125.46875000000001 155.5854166666667 119.4979166666667 698.55000000000007 687.25000000000011 593.30000000000007 2.5000000000000004 137.55000000000004 19.500000000000004 66.300000000000026 8.5550000000000015 32.750000000000007 53.550000000000004
decision_type=2 2 2 2 2 2 2 2 2 2 2 2 2 2 2 2 2 2 2 2 2 2 2 2 2 2 2 2 2 2
left_child=2 11 12 4 7 24 25 -3 10 -10 23 14 -1 27 -2 16 -15 -17 -19 -13 21 22 -14 -9 -5 -4 -27 28 -8 -16
right_child=1 3 6 5 -6 -7 13 8 9 -11 -12 19 20 15 29 17 -18 18 -20 -21 -22 -23 -24 -25 -26 26 -28 -29 -30 -31
leaf_value=-0.38531076279473009 0.30450296459926501 1.0710638579455289 -0.062009557912934499 1.6428779713809492 -0.8094349815731956 3.3917412233352664 0.10109243467450142 1.7199993132336719 1.4614365441155734 -0.080653964118524046 2.8047493532299996 1.0871258949079823 -0.24286277839058426 -0.2056206298109732 0.91310720096031828 -0.13065617680549621 0.25795389967305321 0.790017570257187 0.10680007961663335 0.71992931856039144 0.040040262767246794 -0.59887140363356783 -0.63339642157157261 1.3023903840255537 1.1481382076938949 -0.067477082747679495 -0.65400538935705477 0.48940666229887447 0.49611269468680413 0.50941342332327133
leaf_weight=2230 81 110 318 32 21 20 144 37 239 22 20 31 553 76 24 26 28 20 33 161 35 38 30 41 24 39 27 44 39 89
leaf_count=2230 81 110 318 32 21 20 144 37 239 22 20 31 553 76 24 26 28 20 33 161 35 38 30 41 24 39 27 44 39 89
internal_value=-1.3997e-10 1.06192 -0.274715 1.3594 1.26829 1.94687 0.0289094 1.36132 1.45026 1.33145 1.76666 0.625717 -0.358248 0.153568 0.4738 0.0411106 -0.0808121 0.201616 0.364618 0.779216 -0.266251 -0.283514 -0.262959 1.50049 1.43085 -0.10419 -0.30742 0.244227 0.185277 0.595154
internal_weight=4632 952 3680 566 490 76 794 469 359 261 98 386 2886 410 194 183 104 79 53 192 656 621 583 78 56 384 66 227 183 113
internal_count=4632 952 3680 566 490 76 794 469 359 261 98 386 2886 410 194 183 104 79 53 192 656 621 583 78 56 384 66 227 183 113
is_linear=0
shrinkage=0.05


Tree=58
num_leaves=31
num_cat=0
split_feature=3 3 3 7 3 3 3 3 3 3 3 7 7 5 5 3 7 1 6 7 7 1 0 0 0 7 6 6 5 4
split_gain=487809 44596.1 33693.9 11629.4 49669.3 43362.2 4755.81 3725.53 3266.14 2630.46 2593.88 1790.47 1671.95 1550.74 1509.01 1479.02 1668.73 1467.87 1313.22 1276.97 1949.89 1652.83 1754.43 2953.99 1425.71 1613.38 1528.69 2396.93 1347.72 1295.29
threshold=8.9050000000000029 10.980000000000002 6.2650000000000006 141.7416666666667 19.910000000000004 17.845000000000002 7.3850000000000007 17.845000000000002 9.8100000000000023 11.775 4.8450000000000006 137.33958333333337 109.70625000000001 29.550000000000004 67.700000000000003 11.665000000000001 122.64583333333334 3.5000000000000004 272.40000000000003 78.579166666666694 90.666666666666671 1.5000000000000002 21.500000000000004 17.500000000000004 4.5000000000000009 139.22916666666669 12.300000000000002 94.050000000000011 10.350000000000003 1.0000000180025095e-35
decision_type=2 2 2 2 2 2 2 2 2 2 2 2 2 2 2 2 2 2 2 2 2 2 2 2 2 2 2 2 2 2
left_child=2 8 10 5 7 11 -4 9 13 -5 -1 15 -10 -2 -8 -3 -17 -11 -16 -12 -21 24 23 29 -22 -26 -27 -28 -25 -23
right_child=1 3 6 4 -6 -7 14 -9 12 17 19 -13 -14 -15 18 16 -18 -19 -20 20 21 22 -24 28 25 26 27 -29 -30 -31
leaf_value=-0.36604523445170528 0.25718412174739774 1.029308237020786 -0.09898008109497218 1.0654630018075308 3.5813362617492679 -1.262309160232544 0.23201594488522947 0.77587311448472918 1.150826795328231 1.2977928008570012 -0.6109201193166276 0.83019318312406554 0.68055328196062459 0.55904913159230585 -0.016667739044015223 1.2431310370161728 1.7362039398401976 1.5211913895200599 0.36100892479772922 0.18465608100478467 -0.69638756756340303 -0.36957643290551812 0.11862281843235618 -0.82594486276308698 -0.12008882203492627 -0.14044623363018036 -0.96205511414087741 -0.30614435877030099 -0.37432639655077238 -0.11963980282598641
leaf_weight=2230 72 26 384 75 25 20 227 33 21 166 24 20 189 104 156 37 32 132 27 26 31 65 38 24 58 25 26 30 53 256
leaf_count=2230 72 26 384 75 25 20 227 33 21 166 24 20 189 104 156 37 32 132 27 26 31 65 38 24 58 25 26 30 53 256
internal_value=-5.6913e-09 1.00883 -0.260979 1.29143 1.41828 0.886475 0.0274639 1.28508 0.594431 1.33014 -0.340336 1.26018 0.727581 0.435559 0.145889 1.3507 1.4718 1.39675 0.039055 -0.252939 -0.239344 -0.257536 -0.205974 -0.236965 -0.389777 -0.321396 -0.465542 -0.610674 -0.515091 -0.17025
internal_weight=4632 952 3680 566 431 135 794 406 386 373 2886 115 210 176 410 95 69 298 183 656 632 606 436 398 170 139 81 56 77 321
internal_count=4632 952 3680 566 431 135 794 406 386 373 2886 115 210 176 410 95 69 298 183 656 632 606 436 398 170 139 81 56 77 321
is_linear=0
shrinkage=0.05


Tree=59
num_leaves=31
num_cat=0
split_feature=3 3 3 0 3 3 3 3 3 4 0 5 4 6 3 3 4 7 3 0 0 6 3 1 7 5 1 6 6 5
split_gain=440350 41496.2 27946.7 13145.6 38680.5 27484.8 4957.72 4116.49 3322.14 2368.21 1916.93 1683.85 1494.96 1559.88 2521.13 2010.39 1331.12 1306.17 1300.02 1210.93 1126.2 1538.27 1238.03 1090.68 1085.94 1244.51 1342.4 1296.31 1180.44 1072
threshold=9.3950000000000014 6.7250000000000005 11.505000000000001 17.500000000000004 19.910000000000004 17.845000000000002 8.0450000000000017 5.035000000000001 10.475000000000003 31.250000000000004 1.0000000180025095e-35 53.550000000000004 9.1500000000000004 160.15000000000001 12.645000000000001 15.470000000000001 15.450000000000001 94.091666666666683 13.780000000000001 22.500000000000004 15.500000000000002 683.25000000000011 7.7650000000000006 5.5000000000000009 127.86666666666667 100.80000000000003 1.5000000000000002 20.250000000000004 102.15000000000002 21.150000000000002
decision_type=2 2 2 2 2 2 2 2 2 2 2 2 2 2 2 2 2 2 2 2 2 2 2 2 2 2 2 2 2 2
left_child=1 7 8 4 12 9 19 -1 -2 11 -9 -5 13 14 -4 -16 -14 -8 -11 20 21 23 -22 24 28 27 -27 -26 -3 -18
right_child=2 6 3 5 -6 -7 17 10 -10 18 -12 -13 16 -15 15 -17 29 -19 -20 -21 22 -23 -24 -25 25 26 -28 -29 -30 -31
leaf_value=-0.34507770423550271 0.56647663762378897 0.0096945196567546771 1.041417977064848 1.3443463919285152 -0.70924199068987814 3.222936650117239 -0.09188467000300686 0.25063636275854978 0.86827885400853122 1.7520916030213642 -0.22328572713869943 0.74365878820419318 0.79743740037083632 1.0800680041313171 1.9779701026280723 1.3941535777059095 1.3649831337509333 0.29230039831343052 1.3049784232830179 0.34083166771257917 -0.22023835123294877 -0.36357733031565492 0.17127175819873811 0.3665166258811951 0.46615881140742987 -0.38643528393336707 0.1116869978606701 0.066021060256753125 -0.45701714888215061 1.1275157947514367
leaf_weight=2329 212 42 20 28 27 24 24 22 160 37 708 20 20 26 30 29 81 283 29 24 105 22 25 28 35 21 38 48 20 115
leaf_count=2329 212 42 20 28 27 24 24 22 160 37 708 20 20 26 30 29 81 283 29 24 105 22 25 28 35 21 38 48 20 115
internal_value=-9.03679e-10 -0.232449 1.02245 1.27211 1.10835 1.68505 0.110485 -0.312605 0.696284 1.36129 -0.209003 1.09406 1.26123 1.416 1.52656 1.69101 1.186 0.262266 1.55563 -0.0037234 -0.0252581 0.0360005 -0.144948 0.0738915 0.0337273 0.109954 -0.0656108 0.234754 -0.140858 1.22565
internal_weight=4632 3774 858 486 348 138 715 3059 372 114 730 48 321 105 79 59 216 307 66 408 384 254 130 232 204 142 59 83 62 196
internal_count=4632 3774 858 486 348 138 715 3059 372 114 730 48 321 105 79 59 216 307 66 408 384 254 130 232 204 142 59 83 62 196
is_linear=0
shrinkage=0.05


Tree=60
num_leaves=31
num_cat=0
split_feature=3 3 3 7 3 3 3 3 7 3 3 3 3 5 0 5 6 5 4 4 3 6 1 4 4 7 6 6 4 7
split_gain=397798 36337.7 27503.9 10696.3 32994 20221 3827.95 3676.06 5148.66 17234.4 10550.1 2676.46 2097.19 1308.75 1294.57 1277.94 1442.64 1577.94 1261.21 1641.76 1583.41 1310.58 1235.36 1228.18 1515.67 1509.2 1358.8 1222.39 1178.23 1170.66
threshold=8.9050000000000029 10.980000000000002 6.2650000000000006 223.79166666666671 21.600000000000005 16.975000000000005 7.6650000000000009 11.895000000000001 146.04583333333338 18.320000000000004 16.975000000000005 9.9250000000000025 4.8450000000000006 29.550000000000004 15.500000000000002 698.55000000000007 687.25000000000011 593.30000000000007 31.250000000000004 98.450000000000017 6.7750000000000012 109.95000000000002 2.5000000000000004 3.2500000000000004 691.75000000000011 140.98958333333334 683.25000000000011 98.450000000000017 137.55000000000004 119.4979166666667
decision_type=2 2 2 2 2 2 2 2 2 2 2 2 2 2 2 2 2 2 2 2 2 2 2 2 2 2 2 2 2 2
left_child=2 11 12 4 7 28 14 27 10 -10 22 13 -1 -2 23 16 17 -14 20 -20 -16 -21 -9 25 26 -4 -25 -3 -5 -13
right_child=1 3 6 5 -6 -7 -8 8 9 -11 -12 29 15 -15 18 -17 -18 -19 19 21 -22 -23 -24 24 -26 -27 -28 -29 -30 -31
leaf_value=-0.33048907998314486 0.25257547483032133 0.80532422576631824 -0.10208014597495396 1.4292429676279426 -0.85843927292596733 3.0827419602870942 0.1596009565335155 1.5005958843875575 1.2520561683022857 -0.21038345586169852 2.5783392414450645 0.95065194118407481 -0.20673832705658721 0.51591562597097551 -0.69093802896412937 0.06517154046467373 -0.5438549298989146 -0.57906695663928986 0.19626631407361284 -0.38809966901090087 -0.17519865806983867 0.083458871685940295 1.1021020804963462 -0.057413708355219265 0.35595101973041898 0.3557530855470234 -0.48114371242977327 1.1690450950102373 0.96579702148834867 0.61511416640248362
leaf_weight=2230 81 77 30 32 21 20 317 37 239 22 20 31 553 113 22 35 38 30 38 41 46 23 41 191 20 45 21 33 24 161
leaf_count=2230 81 77 30 32 21 20 317 37 239 22 20 31 553 113 22 35 38 30 38 41 46 23 41 191 20 45 21 33 24 161
internal_value=-6.87614e-10 0.911008 -0.235674 1.16611 1.08051 1.71802 0.0249305 1.16733 1.24481 1.12879 1.55383 0.536945 -0.307372 0.405964 -0.0645675 -0.228786 -0.245354 -0.225898 -0.17526 -0.0640629 -0.342056 -0.218633 1.29113 -0.00327209 -0.0601337 0.17262 -0.099387 0.91444 1.23062 0.66929
internal_weight=4632 952 3680 566 490 76 794 469 359 261 98 386 2886 194 477 656 621 583 170 102 68 64 78 307 232 75 212 110 56 192
internal_count=4632 952 3680 566 490 76 794 469 359 261 98 386 2886 194 477 656 621 583 170 102 68 64 78 307 232 75 212 110 56 192
is_linear=0
shrinkage=0.05


Tree=61
num_leaves=31
num_cat=0
split_feature=3 3 3 4 7 3 4 3 1 3 5 6 4 7 0 3 6 3 3 3 7 5 0 1 6 5 7 5 1 5
split_gain=359012 32794.8 24838.7 10501.2 30671.8 28591.4 15828.8 24438.3 17648.4 29453 10906.7 14306.8 27128.6 20037 4717.03 4618.35 2802.99 2720.07 2636.13 2427.46 1430.95 1394.45 1351.44 1313.84 2587.59 1269.97 1193.71 1148.72 1242.79 1356.63
threshold=8.9050000000000029 10.980000000000002 6.535000000000001 3.8500000000000001 109.44583333333334 18.320000000000004 31.750000000000004 16.975000000000005 4.5000000000000009 15.790000000000001 516.85000000000014 108.50000000000001 142.80000000000004 155.5854166666667 17.500000000000004 12.070000000000002 3.5500000000000003 4.8450000000000006 7.9450000000000012 9.8100000000000023 109.70625000000001 14.850000000000003 1.0000000180025095e-35 4.5000000000000009 66.300000000000026 29.550000000000004 96.022916666666674 704.55000000000007 5.5000000000000009 629.50000000000011
decision_type=2 2 2 2 2 2 2 2 2 2 2 2 2 2 2 2 2 2 2 2 2 2 2 2 2 2 2 2 2 2
left_child=2 19 17 5 -5 21 7 15 10 -10 11 13 -13 -8 16 -6 -15 -1 -4 25 -21 -3 -19 24 -23 -2 -20 28 29 -24
right_child=1 3 18 4 6 -7 8 -9 9 -11 -12 12 -14 14 -16 -17 -18 22 26 20 -22 23 27 -25 -26 -27 -28 -29 -30 -31
leaf_value=-0.3139646279577149 0.21171230485714557 1.4617354570116317 -0.021895239529703264 -0.9295662972331048 0.34466551199244955 3.2300507456064227 -0.19286363775079901 -0.87215471267700195 1.3241311671687108 3.5880659347772603 -0.030507089694341023 3.0248850107192995 0.90534581806924619 1.3828148259056938 1.7428444585492535 1.146972044001163 0.71652449667453766 0.14278761876953974 -0.17332177391896647 1.0164417250170594 0.58138013544773304 1.4496393055450625 -0.18501480217478419 0.78175726008415225 0.79594146187106773 0.484886805806309 0.22222239470037702 0.070942099166638933 -0.38868101741767158 -0.51964749023318291
leaf_weight=2230 72 35 457 20 24 20 33 23 51 20 21 26 36 27 31 71 38 27 21 21 189 41 566 25 24 104 208 33 106 32
leaf_count=2230 72 35 457 20 24 20 33 23 51 20 21 26 36 27 31 71 38 27 21 21 189 41 566 25 24 104 208 33 106 32
internal_value=-2.90708e-09 0.865458 -0.22389 1.10781 0.981412 1.47478 1.07672 0.590232 1.27957 1.96186 1.05107 1.16998 1.79418 0.869981 1.23533 0.944284 0.993291 -0.286069 0.0474874 0.510098 0.624886 1.19394 -0.204648 1.0898 1.20827 0.373134 0.18595 -0.217376 -0.230891 -0.202922
internal_weight=4632 952 3680 566 421 145 401 118 283 71 212 191 62 129 96 95 65 2994 686 386 210 125 764 90 65 176 229 737 704 598
internal_count=4632 952 3680 566 421 145 401 118 283 71 212 191 62 129 96 95 65 2994 686 386 210 125 764 90 65 176 229 737 704 598
is_linear=0
shrinkage=0.05


Tree=62
num_leaves=31
num_cat=0
split_feature=3 3 3 0 7 3 3 3 3 3 0 0 6 3 4 5 3 4 3 6 3 5 7 6 3 0 3 0 3 5
split_gain=324033 26267 25188.6 10150.8 16125.2 63699.5 33525.7 3120.65 3110.12 2758.11 1857.98 1756.95 1960.41 1710.09 1679.56 1653.4 1412.84 1357.12 1306.39 1556.9 1306.23 1259.65 1791.37 1216.92 1567.62 1161.2 1108.77 1103.52 1070.09 1026.97
threshold=9.1650000000000009 6.7250000000000005 10.980000000000002 22.500000000000004 141.7416666666667 17.300000000000001 19.910000000000004 5.4150000000000009 17.845000000000002 8.0450000000000017 4.5000000000000009 10.500000000000002 16.850000000000005 9.6350000000000033 21.550000000000004 50.45000000000001 13.075000000000001 444.35000000000008 11.775 28.050000000000004 10.065000000000003 204.25000000000003 162.10208333333335 127.65000000000002 12.070000000000002 15.500000000000002 1.0750000000000004 22.500000000000004 13.250000000000002 387.75000000000006
decision_type=2 2 2 2 2 2 2 2 2 2 2 2 2 2 2 2 2 2 2 2 2 2 2 2 2 2 2 2 2 2
left_child=1 7 11 4 5 23 8 26 10 27 15 12 -2 25 -14 16 -6 18 19 -12 -16 -11 -23 24 -4 -13 -1 -3 -19 -9
right_child=2 9 3 -5 6 -7 -8 29 -10 21 17 13 14 -15 20 -17 -18 28 -20 -21 -22 22 -24 -25 -26 -27 -28 -29 -30 -31
leaf_value=-0.38821456303319213 0.40780306721943016 -0.023480509747726808 0.64594981285004782 2.0812546496805937 0.79896233260631566 -1.8015149732430775 2.977262244621913 -0.12989680193631079 0.5792302422225476 0.26690204098369136 0.64278276122751699 -0.12199694663286209 0.97807218069615576 0.5020637733246619 0.3418849259366592 0.62904674311478936 1.3932775545120242 1.1429880231618881 1.2572475741905069 1.2216159384984238 0.79774555148500381 -0.22649756133556367 0.32141017942474437 1.3030507519841195 1.1115534814229855 0.35297553914208568 -0.28010732207388339 0.32599601882199447 0.6257626408338548 -0.32619709969522104
leaf_weight=265 69 384 29 23 20 24 24 457 32 198 21 22 46 109 30 36 20 20 191 26 33 35 26 32 48 31 2259 24 20 78
leaf_count=265 69 384 29 23 20 24 24 457 32 198 21 22 46 109 30 36 20 20 191 26 33 35 26 32 48 31 2259 24 20 78
internal_value=3.67409e-10 -0.206216 0.848082 1.05242 1.00884 0.530439 1.16402 -0.268207 1.05128 0.0780858 1.09396 0.507927 0.616359 0.388786 0.74838 0.874875 1.09612 1.15385 1.19914 0.962988 0.580669 0.205698 0.00703689 1.0439 0.936196 0.155817 -0.291458 -0.00292307 0.884375 -0.158516
internal_weight=4632 3726 906 566 543 133 410 3059 386 667 354 340 178 162 109 76 40 278 238 47 63 259 61 109 77 53 2524 408 40 535
internal_count=4632 3726 906 566 543 133 410 3059 386 667 354 340 178 162 109 76 40 278 238 47 63 259 61 109 77 53 2524 408 40 535
is_linear=0
shrinkage=0.05


Tree=63
num_leaves=31
num_cat=0
split_feature=3 3 3 4 3 3 3 3 4 3 1 3 7 1 7 7 6 4 5 4 3 0 5 1 4 4 5 5 6 5
split_gain=292607 26649.8 20351.1 9934.32 29344.1 26717.9 2950.96 2774.2 2412.79 1991.51 1650.34 1642.94 1546 1461.33 1526.65 3436.33 1892.08 1477.21 2568.8 1717.93 1464.59 1369.87 1673.69 1569.57 1533.86 2199.04 1270.34 1227.02 1213.75 1628.51
threshold=8.9050000000000029 10.980000000000002 6.2650000000000006 3.8500000000000001 19.095000000000002 18.320000000000004 7.3850000000000007 11.775 35.150000000000013 9.9950000000000028 1.5000000000000002 3.8650000000000007 81.177083333333343 1.5000000000000002 155.15833333333336 202.87916666666669 10.350000000000003 8.3500000000000032 361.65000000000003 14.050000000000002 4.5950000000000006 7.5000000000000009 50.45000000000001 1.5000000000000002 444.35000000000008 67.700000000000003 67.700000000000003 14.850000000000003 53.20000000000001 404.2000000000001
decision_type=2 2 2 2 2 2 2 2 2 2 2 2 2 2 2 2 2 2 2 2 2 2 2 2 2 2 2 2 2 2
left_child=2 9 11 5 7 27 -4 8 -5 -2 -10 -1 -13 14 20 16 -16 18 -15 -19 -14 22 23 -9 25 -23 -8 -3 29 -28
right_child=1 3 6 4 -6 -7 26 21 10 -11 -12 12 13 17 15 -17 -18 19 -20 -21 -22 24 -24 -25 -26 -27 28 -29 -30 -31
leaf_value=-0.29504072197656384 0.35647216273124138 1.3364482223136085 -0.077557705280560191 0.28409558151449477 -0.44838799410744717 3.0535142934322361 0.19435220330067407 1.4425465604290366 0.57169668539003893 0.58439863854966601 1.1243447188820157 -0.46992940941247446 -0.40531805609503108 -0.3563471669590742 -0.2453912900044368 -0.039584458613386136 -0.7535488580744113 0.17298231643031947 0.10044617733439885 -0.15201411493845396 -0.10886123134840764 1.0502780937231504 0.65962986961791392 0.86678250087746267 0.84007162345307218 1.4002084922186937 -0.24817999702018617 0.98755206215712765 0.16505227569915071 0.16050836998396195
leaf_weight=1712 209 35 384 21 38 20 227 20 22 177 35 58 62 183 26 39 62 44 37 536 127 104 38 29 35 79 65 90 79 39
leaf_count=1712 209 35 384 21 38 20 227 20 22 177 35 58 62 183 26 39 62 44 37 536 127 104 38 29 35 79 65 90 79 39
internal_value=-4.10645e-09 0.781329 -0.202126 0.999795 0.87686 1.35673 0.0220441 1.00835 0.742249 0.460988 0.911042 -0.2638 -0.218244 -0.205163 -0.2962 -0.430268 -0.603411 -0.169204 -0.279523 -0.127359 -0.206112 1.0764 0.908662 1.10179 1.14334 1.20134 0.11533 1.08524 0.0173074 -0.0949219
internal_weight=4632 952 3680 566 421 145 794 383 78 386 57 2886 1174 1116 316 127 88 800 220 580 189 305 87 49 218 183 410 125 183 104
internal_count=4632 952 3680 566 421 145 794 383 78 386 57 2886 1174 1116 316 127 88 800 220 580 189 305 87 49 218 183 410 125 183 104
is_linear=0
shrinkage=0.05


Tree=64
num_leaves=31
num_cat=0
split_feature=3 3 3 0 7 3 3 3 3 3 0 4 3 7 7 7 1 7 7 7 3 5 0 0 7 6 6 5 6 5
split_gain=264078 24051.4 18366.9 9169.09 14592.3 57808.8 31788 2889.48 2663.24 1801.93 1590.89 1506.46 1482.75 1395.26 1358.27 2560.21 2891.66 2509.69 1940.97 2403.37 1662.23 1610.83 1549.94 1416.87 1604.8 1308.99 1913.31 1298.4 1493.18 2692.3
threshold=8.9050000000000029 10.980000000000002 6.2650000000000006 22.500000000000004 141.7416666666667 17.300000000000001 19.910000000000004 17.845000000000002 7.3850000000000007 9.8100000000000023 4.5000000000000009 444.35000000000008 3.8650000000000007 81.177083333333343 161.33750000000001 182.62708333333339 2.5000000000000004 176.99791666666667 151.90000000000003 143.50625000000002 5.9650000000000007 31.750000000000004 16.500000000000004 3.5000000000000004 103.95625000000001 11.300000000000002 102.15000000000002 56.400000000000006 21.750000000000004 3.5500000000000003
decision_type=2 2 2 2 2 2 2 2 2 2 2 2 2 2 2 2 2 2 2 2 2 2 2 2 2 2 2 2 2 2
left_child=2 9 12 4 5 -3 7 10 -4 -2 11 -6 -1 -14 18 16 25 -18 19 20 23 -22 -21 24 -15 -16 -27 28 29 -17
right_child=1 3 8 -5 6 -7 -8 -9 -10 -11 -12 -13 13 14 15 27 17 -19 -20 22 21 -23 -24 -25 -26 26 -28 -29 -30 -31
leaf_value=-0.28028867863223095 0.31993383923122154 0.94243613236387258 -0.073679816173777599 1.9276296238840112 0.6516072914802602 -1.768217198053996 2.8216358840465547 0.49123281575739386 0.10956328693777323 0.5368372521975211 1.0427853489254448 1.1571363824978471 -0.44643293485559266 -0.75817151486873635 -0.35870276079291391 -0.2002481649701412 -0.12878219428357116 -0.6575899799664815 0.05037858075240978 -0.29039859016176683 -0.14513882855574289 0.3821752118745021 -0.73547018722251611 -0.13550999396103056 -0.23253073422413953 -1.1961218458414078 -0.5204100327058272 -0.29827817567080878 -0.18475721228396758 0.52646022415161131
leaf_weight=1712 176 109 384 23 56 24 24 32 410 210 278 20 58 20 21 26 89 30 101 71 30 28 27 370 53 20 22 96 87 25
leaf_count=1712 176 109 384 23 56 24 24 32 410 210 278 20 58 20 21 26 89 30 101 71 30 28 27 370 53 20 22 96 87 25
internal_value=-7.21976e-10 0.742262 -0.19202 0.949805 0.908387 0.453296 1.05601 0.946234 0.0209419 0.437938 0.987365 0.784641 -0.25061 -0.207332 -0.194905 -0.266459 -0.407107 -0.262095 -0.152382 -0.18657 -0.142274 0.109427 -0.41302 -0.175229 -0.376542 -0.681019 -0.842178 -0.157066 -0.0588321 0.155981
internal_weight=4632 952 3680 566 543 133 410 386 794 386 354 76 2886 1174 1116 416 182 119 700 599 501 58 98 443 73 63 42 234 138 51
internal_count=4632 952 3680 566 543 133 410 386 794 386 354 76 2886 1174 1116 416 182 119 700 599 501 58 98 443 73 63 42 234 138 51
is_linear=0
shrinkage=0.05


Tree=65
num_leaves=31
num_cat=0
split_feature=3 3 3 0 3 3 3 4 3 3 5 7 5 5 4 4 5 3 4 3 6 0 6 5 4 7 0 6 5 6
split_gain=238399 21615.1 16584.2 10531.9 32866.1 25889.9 3309.86 2053.96 2053.04 1853.41 1551.79 1414.15 1244.08 1292.01 1987.99 2264.07 1321.29 2564.92 1220.52 1198.13 1136.15 1061.39 2901.38 1496.03 1462.5 1260.52 1239.28 1185.06 1037.11 1922.7
threshold=9.3150000000000031 7.0250000000000012 11.505000000000001 17.500000000000004 19.910000000000004 17.845000000000002 5.5650000000000004 31.250000000000004 10.390000000000002 8.4850000000000012 53.550000000000004 215.00000000000003 445.05000000000007 18.650000000000002 409.85000000000008 148.00000000000003 145.15000000000003 12.945000000000002 30.700000000000006 13.780000000000001 100.80000000000003 17.500000000000004 44.20000000000001 98.600000000000009 20.450000000000003 120.96875 4.5000000000000009 152.95000000000002 122.2 178.35000000000002
decision_type=2 2 2 2 2 2 2 2 2 2 2 2 2 2 2 2 2 2 2 2 2 2 2 2 2 2 2 2 2 2
left_child=1 6 8 4 12 7 -1 10 -2 11 -5 28 13 -4 15 16 17 -15 -14 -9 -19 25 23 -23 -24 26 -8 -26 -3 -30
right_child=2 9 3 5 -6 -7 21 19 -10 -11 -12 -13 18 14 -16 -17 -18 20 -20 -21 -22 22 24 -25 27 -27 -28 -29 29 -31
leaf_value=-0.24911094667067149 0.39493892824197835 0.13583934452070531 1.0073512627872139 0.98559518520321177 -0.88319888026626026 2.8010159820318226 -0.44047682672375593 1.3637853168152476 0.62621298621154642 0.24213315624894435 0.40894351385533811 -0.25665437476975578 1.4313761130623197 0.49532818418741231 0.35251624123616654 1.3553903664648534 0.51893048707176659 1.3614786113301913 0.91627363698638009 0.93455079980194578 0.85121522396802907 0.14630473116222695 -0.76046110059206307 -0.32292572182531543 -0.58065887629985813 -0.027479971672252097 -0.1009379856957075 -0.068721504796009802 -0.13278759637168636 0.33260765118258345
leaf_weight=2579 211 249 130 28 27 24 41 37 176 173 20 35 23 25 22 20 34 24 23 29 20 49 26 26 20 322 78 26 107 28
leaf_count=2579 211 249 130 28 27 24 41 37 176 173 20 35 23 25 22 20 34 24 23 29 20 49 26 26 20 322 78 26 107 28
internal_value=-4.81022e-10 -0.172866 0.744333 0.9388 0.792227 1.30842 -0.224704 0.994189 0.500118 0.104451 0.745324 0.0476034 0.933151 0.892893 0.790274 0.868573 0.774045 0.899754 1.17382 1.17518 1.12954 -0.117654 -0.234007 -0.0163618 -0.460721 -0.0788691 -0.217922 -0.291303 0.0753353 -0.0362612
internal_weight=4632 3759 873 486 348 138 3167 114 387 592 48 419 321 275 145 123 103 69 46 66 44 588 147 75 72 441 119 46 384 135
internal_count=4632 3759 873 486 348 138 3167 114 387 592 48 419 321 275 145 123 103 69 46 66 44 588 147 75 72 441 119 46 384 135
is_linear=0
shrinkage=0.05


Tree=66
num_leaves=31
num_cat=0
split_feature=3 3 3 4 3 3 3 3 3 6 4 3 7 5 1 4 5 5 7 4 4 7 7 6 5 5 1 6 1 5
split_gain=215238 21565.8 13032 9826.55 27571.7 23190.5 2987.15 2018.77 1444.6 1361.18 1424.05 1412.53 1297.12 1508.55 1288.45 1576.95 1514.58 1286 1276.27 1238.81 1311.4 2403.33 1927.29 1201.97 1338.54 1471.48 1197.07 1650.46 1184.3 1138.15
threshold=9.4550000000000018 7.0250000000000012 11.505000000000001 3.8500000000000001 19.095000000000002 18.320000000000004 5.5650000000000004 8.4850000000000012 10.475000000000003 592.20000000000016 81.050000000000011 12.070000000000002 195.94375000000002 65.850000000000009 3.5000000000000004 225.05000000000004 6.0500000000000007 2.5500000000000003 215.00000000000003 221.05000000000004 6.3500000000000005 158.31250000000003 179.93750000000003 298.50000000000006 222.80000000000004 16.450000000000003 4.5000000000000009 66.300000000000026 3.5000000000000004 516.85000000000014
decision_type=2 2 2 2 2 2 2 2 2 2 2 2 2 2 2 2 2 2 2 2 2 2 2 2 2 2 2 2 2 2
left_child=1 6 8 5 9 17 -1 18 23 10 11 -5 13 -13 16 -16 -12 -4 -3 20 22 28 -9 24 25 -2 27 -19 -22 -26
right_child=2 7 3 4 -6 -7 -8 19 -10 -11 14 12 -14 -15 15 -17 -18 26 -20 -21 21 -23 -24 -25 29 -27 -28 -29 -30 -31
leaf_value=-0.23665539760058785 0.21687911681982938 0.071568492867906272 1.3039904353411302 0.42716780197620391 -0.5128826539767416 2.8369994521141053 -0.11177093554509893 0.17446803428232671 0.60469808300491423 1.2573204729419489 1.2215090392724328 0.56005841654305366 1.0918482197655572 0.98279863248268762 1.4818880782307438 0.95865157405949297 0.75299627219421283 1.2222459351315218 -0.24382166658129012 0.48633874580264091 0.087527416296529048 -0.23343042542294756 0.755223183631897 0.66286904613176989 -0.17401719719171527 0.57413035872791496 0.57546265799066298 0.66644951614805248 0.56784873854901108 0.35940358608961109
leaf_weight=2579 49 384 23 25 38 20 588 50 160 26 23 51 36 36 24 36 69 34 35 40 33 41 20 36 20 70 23 22 21 20
leaf_count=2579 49 384 23 25 38 20 588 50 160 26 23 51 36 36 24 36 69 34 35 40 33 41 20 36 20 70 23 22 21 20
internal_value=4.28183e-10 -0.160534 0.723642 0.89186 0.761699 1.28021 -0.213469 0.108129 0.493349 0.91027 0.880192 0.769794 0.839433 0.734985 0.987686 1.16795 0.870124 0.974958 0.0452233 0.236702 0.176185 0.0551851 0.340398 0.401986 0.342918 0.427027 0.879163 1.0039 0.274319 0.0926932
internal_weight=4632 3791 841 486 364 122 3167 624 355 326 300 148 123 87 152 60 92 102 419 205 165 95 70 195 159 119 79 56 54 40
internal_count=4632 3791 841 486 364 122 3167 624 355 326 300 148 123 87 152 60 92 102 419 205 165 95 70 195 159 119 79 56 54 40
is_linear=0
shrinkage=0.05


Tree=67
num_leaves=31
num_cat=0
split_feature=3 3 3 7 3 3 7 3 3 3 3 0 0 5 0 3 0 7 3 6 0 6 4 5 4 4 3 4 7 7
split_gain=194323 17750 13606.2 8577.01 26299.7 17372.6 4449.86 8028.87 7991.28 2043.74 1854.94 1401.26 2110.02 1314.49 1257.96 1250.38 1183.13 1379.68 1816.79 1315.15 1563.93 1535.21 1262.92 1233.4 1196.96 1463.35 1246.02 1171.78 1102.38 3003.21
threshold=8.9050000000000029 10.980000000000002 6.2650000000000006 223.79166666666671 21.600000000000005 16.975000000000005 138.30208333333334 15.985000000000001 18.320000000000004 7.7650000000000006 11.895000000000001 10.500000000000002 12.500000000000002 35.150000000000013 8.5000000000000018 3.3350000000000004 15.500000000000002 136.47291666666669 7.4450000000000012 138.80000000000004 6.5000000000000009 23.950000000000003 2.5500000000000003 56.400000000000006 31.250000000000004 98.450000000000017 6.7750000000000012 47.100000000000009 155.5854166666667 139.22916666666669
decision_type=2 2 2 2 2 2 2 2 2 2 2 2 2 2 2 2 2 2 2 2 2 2 2 2 2 2 2 2 2 2
left_child=2 11 15 4 6 -5 7 -3 10 16 13 14 -13 -8 -2 -1 17 19 22 21 -21 -4 -19 -20 26 -26 -18 -24 29 -11
right_child=1 3 9 5 -6 -7 8 -9 -10 28 -12 12 -14 -15 -16 -17 24 18 23 20 -22 -23 27 -25 25 -27 -28 -29 -30 -31
leaf_value=-0.24798971966938224 0.40557381884194915 0.89149621584634675 -0.17082570076596981 0.85747160491134444 -0.99274386451357888 2.574194902777672 0.79696036883302646 2.0024970197677612 -0.14946489708963781 0.092574635342199119 0.85890078166428097 -0.14092891899725565 0.34451002018838567 0.38590303179694385 0.72226662893707938 -0.18216729356603334 -0.61392920694567943 0.30432217077862833 0.63259668544582703 -0.66159839510917662 -0.068400573730468747 0.27444377229548994 -0.23489101242560606 0.10259705384572347 0.20704764731419392 -0.17818937179312777 -0.16504446440018142 0.070750872696502307 0.01180464826601868 0.60063771196598148
leaf_weight=1446 160 87 49 56 21 20 37 20 24 124 260 26 161 41 39 1440 22 31 23 20 25 32 52 21 39 67 52 79 120 38
leaf_count=1446 160 87 49 56 21 20 37 20 24 124 260 26 161 41 39 1440 22 31 23 20 25 32 52 21 39 67 52 79 120 38
internal_value=-1.9418e-09 0.636726 -0.164718 0.81502 0.738365 1.30924 0.815878 1.09916 0.732145 0.0185774 0.794745 0.375291 0.277016 0.580892 0.467639 -0.215147 -0.0409562 0.015009 0.0947244 -0.115319 -0.332044 0.00508323 0.0173393 0.379642 -0.144181 -0.0364512 -0.298497 -0.0505726 0.126667 0.21175
internal_weight=4632 952 3680 566 490 76 469 107 362 794 338 386 187 78 199 2886 512 332 206 126 45 81 162 44 180 106 74 131 282 162
internal_count=4632 952 3680 566 490 76 469 107 362 794 338 386 187 78 199 2886 512 332 206 126 45 81 162 44 180 106 74 131 282 162
is_linear=0
shrinkage=0.05


Tree=68
num_leaves=31
num_cat=0
split_feature=3 3 3 0 3 5 3 0 5 5 3 3 3 7 7 5 5 4 4 5 3 4 6 4 7 4 6 5 4 3
split_gain=175716 17406.7 10600.2 9675.64 27284.4 24858.8 14727.6 9009.62 32307.6 3987.38 2520.3 1634.97 1215.48 1173.79 1135.78 1103.87 1102.66 1766.25 2053.93 1229.4 2219.67 1035.83 1018.56 2119.42 1018.15 1006.44 968.608 1618.12 1593.94 962.065
threshold=9.4550000000000018 7.0250000000000012 11.505000000000001 17.500000000000004 19.910000000000004 124.90000000000002 14.345000000000001 21.500000000000004 0.95000000000000007 23.650000000000002 5.6450000000000005 8.4850000000000012 10.390000000000002 96.022916666666674 215.00000000000003 445.05000000000007 18.650000000000002 409.85000000000008 148.00000000000003 145.15000000000003 12.945000000000002 30.700000000000006 5.6500000000000012 19.050000000000004 158.02083333333334 3.8500000000000001 239.45000000000002 367.2000000000001 208.25000000000003 1.0750000000000004
decision_type=2 2 2 2 2 2 2 2 2 2 2 2 2 2 2 2 2 2 2 2 2 2 2 2 2 2 2 2 2 2
left_child=1 10 12 4 15 7 -7 8 -5 -10 29 14 22 -13 -3 16 -4 18 19 20 -18 -17 -2 25 -22 -24 27 -12 -28 -1
right_child=2 11 3 5 -6 6 -8 -9 9 -11 26 13 -14 -15 -16 21 17 -19 -20 -21 24 -23 23 -25 -26 -27 28 -29 -30 -31
leaf_value=-0.30334956467151647 0.16282131707668304 0.064563570470879003 0.86128046716635043 -1.0720445533593497 -0.86147637190642179 1.2532266307960858 3.1044105041239942 1.5015730869311552 1.725786100625992 0.77860080984234814 -0.016480373597761753 -0.15185079991817474 0.53944380488246679 0.25136829214850187 -0.23296181487185616 1.2574355353479802 0.38954436254501346 0.24811817922375423 1.1982176396250726 0.3984251167625189 0.71605515222996474 0.78290399053822401 0.50088545451721833 0.2647763890047104 1.1990943849086761 0.95582351804245269 -0.31858477552527009 -0.29530632564278897 0.067134681706492963 -0.2028594920025403
leaf_weight=265 50 384 130 24 27 22 21 26 20 25 354 20 176 185 35 23 25 22 20 34 20 23 31 78 24 20 97 61 37 2353
leaf_count=265 50 384 130 24 27 22 21 26 20 25 354 20 176 185 35 23 25 22 20 34 20 23 31 78 24 20 97 61 37 2353
internal_value=-1.51242e-09 -0.145048 0.653838 0.805551 0.665063 1.15983 2.15729 0.708343 0.409445 1.19957 -0.192606 0.0963219 0.44614 0.21203 0.0397106 0.793463 0.755541 0.660741 0.734543 0.644509 0.765768 1.02017 0.3544 0.428655 0.979531 0.679293 -0.0952031 -0.0574644 -0.21208 -0.213031
internal_weight=4632 3791 841 486 348 138 43 95 69 45 3167 624 355 205 419 321 275 145 123 103 69 46 179 129 44 51 549 415 134 2618
internal_count=4632 3791 841 486 348 138 43 95 69 45 3167 624 355 205 419 321 275 145 123 103 69 46 179 129 44 51 549 415 134 2618
is_linear=0
shrinkage=0.05


Tree=69
num_leaves=31
num_cat=0
split_feature=3 3 3 0 3 3 3 5 3 3 0 0 3 0 0 1 7 7 3 5 1 7 0 5 6 7 6 6 7 5
split_gain=158584 15737.4 9566.65 8732.26 24624.1 24122.5 2250.45 2380.88 2089.3 1635.21 1266.3 1159.07 1123.53 1090.24 1413.57 1693.56 1059.62 1467.69 1050.7 1040.35 1291.34 1559.62 2025.63 1840.97 1970.35 1553.72 1373.37 1240.39 1161.6 1766.33
threshold=9.4550000000000018 6.7250000000000005 11.505000000000001 17.500000000000004 19.910000000000004 17.845000000000002 14.175000000000002 62.150000000000013 8.1150000000000002 4.8450000000000006 22.500000000000004 1.0000000180025095e-35 10.685 2.5000000000000004 5.5000000000000009 2.5000000000000004 127.07708333333335 167.88125000000005 18.320000000000004 704.55000000000007 5.5000000000000009 138.30208333333334 3.5000000000000004 584.30000000000007 687.25000000000011 132.55208333333337 427.30000000000007 10.850000000000003 116.99791666666668 53.550000000000004
decision_type=2 2 2 2 2 2 2 2 2 2 2 2 2 2 2 2 2 2 2 2 2 2 2 2 2 2 2 2 2 2
left_child=1 9 12 4 18 6 -5 -8 10 -1 -3 -11 -2 -10 15 -15 -14 -18 -4 20 21 22 -13 24 26 28 -23 -22 -24 -30
right_child=2 8 3 5 -6 -7 7 -9 13 11 -12 19 16 14 -16 -17 17 -19 -20 -21 27 23 25 -25 -26 -27 -28 -29 29 -31
leaf_value=-0.20991873948670917 0.35703839179095587 -0.022912662891671064 0.77710775156873613 0.98458501033818546 -0.81840250050580066 2.5425843636194867 0.8531053845699017 0.13730522110348656 0.42054300120002347 0.18854392862745695 0.343889544993639 -0.36096388888664738 0.85806642540476552 -0.46483406543731692 0.1844290405363504 0.16427429201810256 0.26829555541911027 0.64280684428699952 0.40285693692043428 0.13616859768376208 -0.50614928363457978 -0.16365994095370445 0.080905421084683876 -0.65369393661618236 -0.58103744731499596 0.37793070610080448 0.16260396871301863 -0.17095675762148874 -0.36836509367694026 0.11101932661664304
leaf_weight=2230 227 400 301 67 27 24 26 21 38 28 25 39 22 20 226 23 47 59 20 33 46 310 115 20 26 28 36 69 46 33
leaf_count=2230 227 400 301 67 27 24 26 21 38 28 25 39 22 20 226 23 47 59 20 33 46 310 115 20 26 28 36 69 46 33
internal_value=1.93536e-09 -0.137796 0.621146 0.765274 0.631809 1.10184 0.798521 0.53328 0.0704582 -0.18763 -0.00133606 -0.127672 0.423833 0.169848 0.134433 -0.128334 0.542289 0.47675 0.75379 -0.138726 -0.150538 -0.12333 -0.0286305 -0.186382 -0.161258 0.0297524 -0.129713 -0.305034 -0.0205002 -0.168116
internal_weight=4632 3791 841 486 348 138 114 47 732 3059 425 829 355 307 269 43 128 106 321 801 768 653 261 392 372 222 346 115 194 79
internal_count=4632 3791 841 486 348 138 114 47 732 3059 425 829 355 307 269 43 128 106 321 801 768 653 261 392 372 222 346 115 194 79
is_linear=0
shrinkage=0.05


Tree=70
num_leaves=31
num_cat=0
split_feature=3 3 3 6 5 4 5 3 7 5 3 6 3 6 3 6 4 1 5 5 4 0 1 5 5 6 4 5 5 6
split_gain=143159 15678.5 7410.44 8475.91 18191.2 17521.3 35063.6 18337.3 16825.7 17067.5 55200.3 22582.9 2436.43 1578.33 1298.72 1260.64 1550.79 1233.71 2054.23 1228.72 1197.93 1556.37 1310.22 1032.19 2292.06 1068.25 1630.71 1123.87 1301.25 1108.52
threshold=9.6350000000000033 7.1950000000000012 11.665000000000001 3.8500000000000001 605.75000000000011 1.3500000000000003 1.9500000000000002 15.470000000000001 115.81458333333335 258.90000000000003 19.910000000000004 64.050000000000011 5.7750000000000012 233.10000000000002 8.4850000000000012 174.45000000000002 487.2000000000001 1.5000000000000002 47.750000000000007 72.750000000000014 221.05000000000004 3.5000000000000004 1.5000000000000002 584.30000000000007 698.55000000000007 186.40000000000003 14.050000000000002 9.1500000000000004 31.750000000000004 448.05000000000007
decision_type=2 2 2 2 2 2 2 2 2 2 2 2 2 2 2 2 2 2 2 2 2 2 2 2 2 2 2 2 2 2
left_child=1 12 13 5 8 -4 -7 -8 -5 10 15 -11 -1 -2 -3 16 -10 -15 -19 -17 21 -16 -23 25 -25 -14 -27 -28 -29 -30
right_child=2 14 3 4 -6 6 7 -9 9 11 -12 -13 23 17 20 19 -18 18 -20 -21 -22 22 -24 24 -26 26 27 28 29 -31
leaf_value=-0.19140582583763163 0.36098775385767223 0.047273493919501218 2.4267800410588585 2.1082641610077451 -0.44462018145455257 -0.94290543397267668 0.7686277230110552 2.6665134994685653 0.83734555011805234 0.54737426847219461 -2.030474464893341 2.8015146470069889 -0.0086987584413698894 0.33315276844160902 0.49298275907834371 0.65118096892176014 0.42507724309409112 1.0585341784689162 0.47046137592106158 0.20482021953378404 0.42359926253557206 -0.14285579605594925 0.17249394789787717 -0.58653251631506564 0.059982314476600067 -0.44628886049374555 0.26117281005496074 -0.49613738685846331 -0.27731993816454303 0.20492132088312737
leaf_weight=2674 250 366 21 21 36 21 35 20 147 25 20 20 363 28 27 58 27 27 33 21 47 46 116 29 26 39 21 20 22 26
leaf_count=2674 250 366 21 21 36 21 35 20 147 25 20 20 363 28 27 58 27 27 33 21 47 46 116 29 26 39 21 20 22 26
internal_value=-3.09725e-09 -0.127965 0.603807 0.731785 0.624024 1.14839 0.795148 1.45877 0.737508 0.646987 0.498268 1.54921 -0.171753 0.425091 0.106245 0.698168 0.773373 0.607204 0.735094 0.532528 0.197702 0.141526 0.0829502 -0.0755019 -0.280907 -0.0524931 -0.176691 -0.0585528 -0.157292 -0.0161059
internal_weight=4632 3822 810 472 375 97 76 55 339 318 273 45 3220 338 602 253 174 88 60 79 236 189 162 546 55 491 128 89 68 48
internal_count=4632 3822 810 472 375 97 76 55 339 318 273 45 3220 338 602 253 174 88 60 79 236 189 162 546 55 491 128 89 68 48
is_linear=0
shrinkage=0.05


Tree=71
num_leaves=31
num_cat=0
split_feature=3 3 3 7 3 3 3 7 7 3 4 0 6 6 3 7 5 6 5 7 7 6 6 4 7 6 6 5 5 1
split_gain=129210 11686.7 8990.16 8361.08 44597.8 22133.5 1618.43 1430.29 2562.25 1283.4 1254.98 1160.18 1189.47 2044.08 1306.15 1092.07 1057.94 998.09 1113.62 996.19 1435.38 1070.75 2567.21 1430.38 2795.83 2108.39 1374.5 1836.69 1919.09 2050.06
threshold=9.3150000000000031 6.6350000000000007 11.425000000000002 154.84166666666667 19.910000000000004 19.095000000000002 7.9450000000000012 138.30208333333334 122.64583333333334 4.0950000000000006 19.950000000000003 18.500000000000004 259.95000000000005 100.80000000000003 10.775 94.091666666666683 13.65 708.95000000000016 27.350000000000005 81.177083333333343 87.687500000000014 87.300000000000026 251.25000000000003 195.40000000000001 179.38333333333335 457.00000000000006 1.0000000180025095e-35 92.300000000000026 129.85000000000002 4.5000000000000009
decision_type=2 2 2 2 2 2 2 2 2 2 2 2 2 2 2 2 2 2 2 2 2 2 2 2 2 2 2 2 2 2
left_child=1 9 11 4 7 -5 -3 8 -4 -1 -9 12 13 -2 -14 -8 -13 19 -19 -11 -21 26 -23 -24 25 -25 -22 -28 -29 -30
right_child=2 6 3 5 -6 -7 15 10 -10 17 -12 16 14 -15 -16 -17 -18 18 -20 20 21 22 23 24 -26 -27 27 28 29 -31
leaf_value=-0.19676097567192199 0.41039102664453736 -0.011383952660595671 0.56413851058067277 0.70884603762108078 -1.8158317756652833 2.178552979124444 -0.18473479822278024 0.80702722334861754 1.1165899738305953 -0.33700272166078876 0.36153703222787659 -0.083001654148101817 0.43545046217587535 -0.0094188136212966025 0.89219316088634992 0.1665072555417641 0.32431153211403979 -0.63926176458597184 -0.13408503929773968 0.27989404279252755 -0.049630667461615777 0.11438439815149953 -0.24191819921233298 -0.05091092245509992 -0.43289488865570586 0.6226832628250123 -0.13335380726193008 -0.73303088620305068 -0.40756879674948077 -0.0013487941275040309
leaf_weight=1842 197 425 43 301 20 28 24 25 41 51 43 25 49 34 23 284 44 20 24 23 213 144 153 26 22 21 325 26 88 48
leaf_count=1842 197 425 43 301 20 28 24 25 41 51 43 25 49 34 23 284 44 20 24 23 213 144 153 26 22 21 325 26 88 48
internal_value=8.61755e-11 -0.127264 0.547978 0.686238 0.40374 0.833927 0.0518639 0.695789 0.833787 -0.170655 0.52532 0.361771 0.403909 0.348601 0.581354 0.139138 0.176734 -0.13004 -0.363711 -0.121021 -0.110906 -0.119338 -0.0500359 -0.156687 0.032304 0.250057 -0.155573 -0.201909 -0.339442 -0.264197
internal_weight=4632 3759 873 501 172 329 733 152 84 3026 68 372 303 231 72 308 69 1184 44 1140 1089 1066 366 222 69 47 700 487 162 136
internal_count=4632 3759 873 501 172 329 733 152 84 3026 68 372 303 231 72 308 69 1184 44 1140 1089 1066 366 222 69 47 700 487 162 136
is_linear=0
shrinkage=0.05


Tree=72
num_leaves=31
num_cat=0
split_feature=3 3 5 5 3 3 3 7 3 3 3 7 6 3 5 4 0 5 4 4 6 7 7 5 6 7 7 0 7 5
split_gain=116787 13431.5 7160.4 15653.1 23735.8 20036 4181.57 3955.35 19666.2 15574.1 2018.5 1395.24 1366.96 1332.23 1250.92 1359.66 1317.45 1234.88 2139.42 1253.37 1229.23 1126.96 1419.42 1038.42 1509.06 1032.97 1988.56 985.126 975.009 1350.32
threshold=9.7300000000000022 7.1950000000000012 704.55000000000007 605.75000000000011 21.600000000000005 14.175000000000002 10.980000000000002 148.75416666666669 18.320000000000004 16.975000000000005 5.9350000000000014 93.256250000000009 15.450000000000001 8.4850000000000012 4.2500000000000009 580.50000000000011 4.5000000000000009 63.550000000000004 95.950000000000017 129.85000000000002 29.750000000000004 107.41666666666669 121.50416666666668 534.20000000000016 82.65000000000002 194.14375000000004 176.99791666666667 15.500000000000002 152.86875000000001 10.050000000000002
decision_type=2 2 2 2 2 2 2 2 2 2 2 2 2 2 2 2 2 2 2 2 2 2 2 2 2 2 2 2 2 2
left_child=1 10 3 4 6 -5 12 9 14 -8 -1 -3 -2 21 25 16 -16 19 27 -18 -14 -13 -23 -12 -25 26 -9 -19 29 -24
right_child=2 11 -4 5 -6 -7 7 8 -10 -11 23 13 20 -15 15 -17 17 18 -20 -21 -22 22 28 24 -26 -27 -28 -29 -30 -31
leaf_value=-0.17159998214969266 0.17311745620257146 -0.14867775950294276 1.4633660962893851 0.51658187125410349 2.2027793537486686 -1.5554787093400957 0.61833648730202451 0.90235748924314985 -0.72080325998108963 2.1330654510110616 -0.032284776380227552 0.37403086951145759 0.78286503905599769 0.21369600981841655 0.36745094025418878 0.2431527928069786 0.65533479151410479 0.8138329828778903 1.1387548739789055 0.2219292923808098 0.3731348049066483 -0.25925656794696245 -0.10719577623186288 -0.4808513363202413 0.028485985214893636 0.99852040490588634 0.27618710455440343 0.3840525768386821 -0.0016288760112740143 0.30665544875680584
leaf_weight=2744 74 52 21 28 22 20 112 32 29 20 417 26 22 233 42 27 69 30 32 22 109 37 27 33 26 37 21 24 171 73
leaf_count=2744 74 52 21 28 22 20 112 32 29 20 417 26 22 233 42 27 69 30 32 22 109 37 27 33 26 37 21 24 171 73
internal_value=2.08034e-09 -0.114107 0.552403 0.527623 0.585594 -0.346777 0.534913 0.613286 0.528461 0.847841 -0.155112 0.0992007 0.344904 0.121934 0.636285 0.577931 0.619205 0.678943 0.814795 0.550555 0.441944 0.0579202 0.0312355 -0.0600635 -0.256398 0.795785 0.654252 0.622819 0.0708968 0.194916
internal_weight=4632 3839 793 772 724 48 702 497 365 132 3220 619 205 567 336 246 219 177 86 91 131 334 308 476 59 90 53 54 271 100
internal_count=4632 3839 793 772 724 48 702 497 365 132 3220 619 205 567 336 246 219 177 86 91 131 334 308 476 59 90 53 54 271 100
is_linear=0
shrinkage=0.05


Tree=73
num_leaves=31
num_cat=0
split_feature=3 3 0 7 3 3 3 3 7 3 5 4 4 7 5 1 3 4 3 6 0 5 5 1 0 3 1 3 4 4
split_gain=105400 12130.2 7082.95 10021.2 61342.2 19478.8 2963.81 2748.64 2120.31 1940.27 1411.02 2171.21 1482.96 1339.87 1252.53 1190.23 1391.97 1178.79 1952.18 1975.81 1419.85 1116.95 1307.63 1634.21 1096.4 1053.96 1052.48 1895.03 1550.85 1615.47
threshold=9.7300000000000022 7.2700000000000005 22.500000000000004 154.84166666666667 19.095000000000002 19.095000000000002 10.775 11.665000000000001 118.51875 5.4150000000000009 4.2500000000000009 580.50000000000011 240.80000000000004 93.256250000000009 36.050000000000004 3.5000000000000004 8.2750000000000004 102.40000000000002 12.070000000000002 192.15000000000003 11.500000000000002 170.05000000000004 19.950000000000003 3.5000000000000004 14.500000000000002 13.780000000000001 2.5000000000000004 7.705000000000001 208.25000000000003 321.20000000000005
decision_type=2 2 2 2 2 2 2 2 2 2 2 2 2 2 2 2 2 2 2 2 2 2 2 2 2 2 2 2 2 2
left_child=1 9 3 4 7 6 21 8 -2 -1 12 14 25 -3 24 26 -17 18 -16 -20 -19 22 23 -5 -12 -8 28 -28 -15 -30
right_child=2 13 -4 5 -6 -7 10 -9 -10 -11 11 -13 -14 15 17 16 -18 20 19 -21 -22 -23 -24 -25 -26 -27 27 -29 29 -31
leaf_value=-0.16730433855048588 0.60795396095098453 -0.14749036735179377 1.2917700379059234 -0.049693822674453263 -2.2129566980444868 1.9684357413878808 0.4767975195543841 0.63776921954061561 0.18264092098638093 -0.073896606597490352 0.32116211600601674 0.15688538721629552 1.1399545833468439 0.039406934883245218 0.24159065485000611 0.085269354243536266 0.33624019442634151 0.60078550991804702 0.9082046426978766 0.33194987745512106 1.1229463446140291 0.06946050643920898 0.67193677946925168 0.57479236200451855 0.72669808807969094 0.88586728092162836 -0.4687008582055569 0.059581133864563089 0.69801799908280371 0.15203870513609477
leaf_weight=2524 43 51 29 22 23 26 32 134 92 713 50 28 24 186 27 111 110 23 51 21 30 30 32 20 25 31 24 58 20 42
leaf_count=2524 43 51 29 22 23 26 32 134 92 713 50 28 24 186 27 111 110 23 51 21 30 30 32 20 25 31 24 58 20 42
internal_value=-2.84566e-09 -0.108401 0.524783 0.495669 0.265439 0.6381 0.560547 0.477346 0.318111 -0.14673 0.631624 0.572303 0.805498 0.0976941 0.623543 0.120388 0.210187 0.706045 0.604165 0.74013 0.896348 0.326811 0.431143 0.247681 0.456341 0.678086 0.0602502 -0.095038 0.111595 0.328161
internal_weight=4632 3839 793 764 292 472 446 269 135 3237 342 255 87 602 227 551 221 152 99 72 53 104 74 42 75 63 330 82 248 62
internal_count=4632 3839 793 764 292 472 446 269 135 3237 342 255 87 602 227 551 221 152 99 72 53 104 74 42 75 63 330 82 248 62
is_linear=0
shrinkage=0.05


Tree=74
num_leaves=31
num_cat=0
split_feature=3 3 0 7 3 3 3 3 3 3 0 4 5 4 7 4 5 0 7 0 3 6 6 1 4 5 3 3 5 3
split_gain=95130 10414.2 6589.54 9091.92 43564.8 38140.2 3283.16 3416.42 1778.69 1678.18 1227.44 1501.5 1134.52 1110.02 1239.68 1080.76 1047.3 1447.01 1029.72 964.837 1260.68 1313.45 1212.11 1116.46 1092.14 1069.16 1278.61 1902.42 1126.12 1419.96
threshold=9.6350000000000033 7.1950000000000012 22.500000000000004 141.7416666666667 17.300000000000001 19.910000000000004 10.880000000000001 17.845000000000002 10.065000000000003 5.7750000000000012 4.5000000000000009 444.35000000000008 498.15000000000003 82.65000000000002 181.04583333333335 53.550000000000004 18.650000000000002 7.5000000000000009 194.14375000000004 14.500000000000002 5.1150000000000011 697.85000000000002 472.00000000000006 3.5000000000000004 559.60000000000014 18.150000000000002 1.2250000000000003 1.7950000000000002 13.65 4.995000000000001
decision_type=2 2 2 2 2 2 2 2 2 2 2 2 2 2 2 2 2 2 2 2 2 2 2 2 2 2 2 2 2 2
left_child=1 9 3 4 8 6 13 10 -2 19 11 15 16 18 -15 -8 17 -10 -5 20 21 -1 -22 -23 25 26 -21 -28 29 -29
right_child=2 -3 -4 5 -6 -7 7 -9 12 -11 -12 -13 -14 14 -16 -17 -18 -19 -20 24 22 23 -24 -25 -26 -27 27 28 -30 -31
leaf_value=-0.137217359247301 0.087550434271494559 0.086569452995165219 1.2071029145030245 0.50211166730913959 -1.8216527864336969 2.518790262937546 0.45745775101440289 0.060372154600918299 0.95506532698869706 -0.060119245897282618 0.64578643372199185 0.79201083779335024 0.82410102710127831 -0.085455754925222963 0.36834813533005895 0.0037400018601190482 0.32869742392611351 0.42963846686639284 0.10309399989518253 -0.36697548457554413 -0.058562972625486209 -0.53232357859611512 0.32362504601478581 -0.13943837601127049 -0.33777143007205501 -0.21999523766758522 0.32008234517914907 -0.087833520686468214 0.1722778965388575 -0.38559076559543609
leaf_weight=1412 30 602 31 61 24 24 35 32 20 546 291 20 24 34 27 21 76 38 22 42 153 40 24 33 118 542 28 201 31 50
leaf_count=1412 30 602 31 61 24 24 35 32 20 546 291 20 24 34 27 21 76 38 22 42 153 40 24 33 118 542 28 201 31 50
internal_value=-5.56132e-10 -0.104314 0.492207 0.463758 0.184405 0.568207 0.481993 0.555853 0.440497 -0.140001 0.599056 0.420129 0.507513 0.277339 0.115408 0.287314 0.45081 0.61082 0.396348 -0.156312 -0.132875 -0.147909 -0.00674087 -0.354718 -0.194801 -0.17593 -0.10808 -0.0730037 -0.112034 -0.147148
internal_weight=4632 3822 810 779 212 567 543 399 188 3220 367 76 158 144 61 56 134 58 83 2674 1662 1485 177 73 1012 894 352 310 282 251
internal_count=4632 3822 810 779 212 567 543 399 188 3220 367 76 158 144 61 56 134 58 83 2674 1662 1485 177 73 1012 894 352 310 282 251
is_linear=0
shrinkage=0.05


Tree=75
num_leaves=31
num_cat=0
split_feature=3 3 0 7 3 3 3 4 0 3 0 0 4 7 0 1 3 5 4 6 4 5 3 0 7 7 7 6 6 5
split_gain=86100.1 8629.05 9595.6 12690.1 43014.5 13164.7 5853.02 2099.24 1691 1891.25 1578.03 2346.43 1545.2 2229.5 1440.78 1220.71 1188.55 1924.88 1151.26 1878.28 1485.03 1903.54 1050.59 1173.14 1407.97 1331.97 3386.46 2879.64 2442.74 1515.58
threshold=8.8150000000000031 11.200000000000001 22.500000000000004 129.22291666666669 15.985000000000001 19.910000000000004 5.9350000000000014 15.850000000000003 3.5000000000000004 17.845000000000002 10.500000000000002 12.500000000000002 9.6500000000000004 181.04583333333335 8.5000000000000018 1.5000000000000002 12.645000000000001 47.750000000000007 0.65000000000000002 227.30000000000004 437.65000000000003 234.95000000000002 7.6150000000000011 5.5000000000000009 129.22291666666669 155.5854166666667 179.38333333333335 189.05000000000004 31.450000000000003 6.0500000000000007
decision_type=2 2 2 2 2 2 2 2 2 2 2 2 2 2 2 2 2 2 2 2 2 2 2 2 2 2 2 2 2 2
left_child=6 10 3 4 7 8 -1 -3 16 12 14 -12 13 -10 18 -13 -5 -18 -2 20 21 -20 -8 24 -24 27 -27 29 -28 -25
right_child=1 2 -4 5 -6 -7 22 -9 9 -11 11 15 -14 -15 -16 -17 17 -19 19 -21 -22 -23 23 25 -26 26 28 -29 -30 -31
leaf_value=-0.14733633367015006 0.51002250292966533 0.36038231402635579 1.6017432871319 0.043656664907932283 -2.0752305385470389 1.6429119225206048 -0.041099133891922324 0.98776326527198166 1.0832972908631351 0.19478797210114343 -0.27066693806222508 0.029237908490917144 0.56044865140587474 0.53763929183284442 0.606459467910057 0.30844034261107445 0.82918658003743217 0.1959285028811012 0.16633784845471383 0.56311196779211359 0.50394134014844905 -0.36400543088498327 -0.41704120533540845 -0.23610680803656578 0.043227306953458874 -0.38813194001191542 0.56996236355216412 0.65851455310980489 -0.048718674175250228 0.20504415449263022
leaf_weight=2744 43 30 21 25 20 29 596 24 39 28 28 57 233 36 43 125 21 28 64 30 20 23 24 25 54 38 27 30 39 88
leaf_count=2744 43 30 21 25 20 29 596 24 39 28 28 57 233 36 43 125 21 28 64 30 20 23 24 25 54 38 27 30 39 88
internal_value=1.27266e-09 0.419673 0.55417 0.511287 -0.0944165 0.613387 -0.11073 0.639218 0.540567 0.588221 0.253804 0.155443 0.623987 0.821381 0.346432 0.220998 0.324194 0.467325 0.284315 0.213472 0.115442 0.0261322 -0.00166472 0.0706519 -0.0983938 0.124035 -0.0121159 0.223054 0.204378 0.107444
internal_weight=4632 967 534 513 74 439 3665 54 410 336 433 210 308 75 223 182 74 49 180 137 107 87 921 325 78 247 104 143 66 113
internal_count=4632 967 534 513 74 439 3665 54 410 336 433 210 308 75 223 182 74 49 180 137 107 87 921 325 78 247 104 143 66 113
is_linear=0
shrinkage=0.05


Tree=76
num_leaves=31
num_cat=0
split_feature=3 3 7 5 7 3 3 3 7 3 0 5 6 7 3 0 5 7 3 6 1 3 6 1 3 4 5 4 7 6
split_gain=77725.2 8886.96 6635.68 10929.4 10900.9 27318.8 21522.7 3258.63 3093.38 3620.36 1798.83 1722.82 1637.95 1736.79 1437.84 1356.02 1212.38 1202.86 1048.59 1265.55 1048.11 1137.81 964.505 959.747 1655.64 1413.43 1480.44 1426.84 974.932 888.367
threshold=9.7300000000000022 7.2700000000000005 107.41666666666669 18.150000000000002 129.22291666666669 14.935 19.910000000000004 11.305000000000001 138.30208333333334 17.845000000000002 18.500000000000004 140.20000000000002 259.95000000000005 164.86250000000004 5.4150000000000009 1.5000000000000002 516.85000000000014 93.256250000000009 10.255000000000001 32.000000000000007 3.5000000000000004 8.2750000000000004 21.350000000000005 2.5000000000000004 7.705000000000001 208.25000000000003 137.55000000000004 321.20000000000005 126.36875000000002 708.95000000000016
decision_type=2 2 2 2 2 2 2 2 2 2 2 2 2 2 2 2 2 2 2 2 2 2 2 2 2 2 2 2 2 2
left_child=1 14 3 -2 5 18 7 10 -9 15 11 12 13 -6 -1 -10 -13 22 -4 -20 23 -22 -3 25 -25 26 28 -27 -19 -16
right_child=2 17 4 -5 6 -7 -8 8 9 -11 -12 16 -14 -15 29 -17 -18 20 19 -21 21 -23 -24 24 -26 27 -28 -29 -30 -31
leaf_value=-0.14360640143598144 1.8752714412552969 0.081633925500015414 0.047950564026832586 0.3416426819104415 0.030625467905492493 -1.7293321018293502 1.794589664141337 1.0438607020378112 0.16144998723268511 -0.030916141199343133 -0.082445064745843413 -0.10741543383337558 0.74165051766941625 0.48222348332405096 -0.053238525387444217 0.54334493692165242 0.38150974831410817 0.36710382327437402 0.73141661584377293 0.2419778055378369 0.076147702510829446 0.30305217419666325 -0.35399824012484821 -0.44916846596946319 0.044619528563885853 0.6517590915039182 -0.1551859206803467 0.13864469613347735 0.046363489312075436 -0.37598431428725071
leaf_weight=2524 21 24 20 26 33 20 30 25 25 33 32 32 31 60 691 331 21 33 25 28 111 110 27 24 58 20 69 42 84 22
leaf_count=2524 21 24 20 26 33 20 30 25 25 33 32 32 31 60 691 331 21 33 25 28 111 110 27 24 58 20 69 42 84 22
internal_value=-4.25579e-10 -0.0930881 0.45065 1.02688 0.414346 -0.0921165 0.486476 0.423485 0.504734 0.470085 0.262543 0.324913 0.426897 0.321979 -0.125895 0.516526 0.0863096 0.0833167 0.356436 0.472845 0.104819 0.189087 -0.148995 0.0483857 -0.0999038 0.0974169 0.0285007 0.304165 0.136829 -0.063197
internal_weight=4632 3839 793 47 746 93 653 623 414 389 209 177 124 93 3237 356 53 602 73 53 551 221 51 330 82 248 186 62 117 713
internal_count=4632 3839 793 47 746 93 653 623 414 389 209 177 124 93 3237 356 53 602 73 53 551 221 51 330 82 248 186 62 117 713
is_linear=0
shrinkage=0.05


Tree=77
num_leaves=31
num_cat=0
split_feature=3 3 4 3 3 3 5 3 5 3 6 5 6 1 1 5 4 7 7 7 5 7 7 7 5 0 5 3 4 4
split_gain=70147 8020.48 6461.55 21014.2 17860.8 3756.46 1679.78 2174.7 2370.88 1331.16 1219.73 1409.47 1148.76 1271.53 2317.18 1892.18 1218.01 1085.59 1045.94 1971.82 2071.63 951.374 2419.24 1699.82 1510.68 2411.56 1873.52 2142.17 1458.05 1242.33
threshold=9.7300000000000022 7.2700000000000005 3.2500000000000004 17.845000000000002 19.095000000000002 11.775 411.05000000000001 12.645000000000001 57.650000000000013 4.3350000000000009 708.95000000000016 79.15000000000002 19.350000000000005 1.5000000000000002 1.0000000180025095e-35 140.20000000000002 41.800000000000004 93.256250000000009 128.2104166666667 164.86250000000004 67.700000000000003 158.31250000000003 167.88125000000005 139.22916666666669 108.50000000000001 11.500000000000002 16.450000000000003 8.6050000000000022 14.850000000000003 6.3500000000000005
decision_type=2 2 2 2 2 2 2 2 2 2 2 2 2 2 2 2 2 2 2 2 2 2 2 2 2 2 2 2 2 2
left_child=1 9 3 6 5 12 7 -2 -9 -1 -11 -12 18 14 -14 16 -15 -3 -4 -20 -21 23 -23 24 26 -26 27 -19 -25 -27
right_child=2 17 4 -5 -6 -7 -8 8 -10 10 11 -13 13 15 -16 -17 -18 21 19 20 -22 22 -24 28 25 29 -28 -29 -30 -31
leaf_value=-0.1454645260352801 0.23489245233229467 -0.14154511918039883 0.46799758087843657 2.0026927186892585 -0.70150293582364132 0.53605922712617882 0.81879808721614289 0.89044233287019381 0.20801451593637466 -0.070612662354472958 -0.60893421833929817 -0.042367202256407055 0.45217776718334513 0.93564257621765146 -0.26368038073182104 0.19513475408257788 0.47607950205388277 -0.30284576204515279 -0.22499881386756898 0.57143754225510823 -0.10542917490005493 -0.30330586036046348 0.09984770570903323 0.1173927768760798 -0.4626275690978971 -0.13545724835123457 0.36656421362873048 0.36087621677666903 0.48640813655772458 0.4151668509840965
leaf_weight=1961 81 51 20 26 38 308 29 35 20 1232 23 21 26 21 20 43 46 31 34 26 20 45 215 49 29 21 62 20 59 20
leaf_count=1961 81 51 20 26 38 308 29 35 20 1232 23 21 26 21 20 43 46 31 34 26 20 45 215 49 29 21 62 20 59 20
internal_value=-6.07591e-10 -0.0884337 0.428117 0.681504 0.347724 0.418417 0.473316 0.399648 0.642287 -0.1196 -0.0798511 -0.338527 0.276878 0.361679 0.140935 0.45399 0.620122 0.0791509 0.144588 0.0637354 0.277148 0.0995783 0.0300711 0.161681 0.068846 -0.113678 0.181914 -0.0425626 0.318985 0.13314
internal_weight=4632 3839 793 191 602 564 165 136 55 3237 1276 44 256 156 46 110 67 602 100 80 46 551 260 291 183 70 113 51 108 41
internal_count=4632 3839 793 191 602 564 165 136 55 3237 1276 44 256 156 46 110 67 602 100 80 46 551 260 291 183 70 113 51 108 41
is_linear=0
shrinkage=0.05


Tree=78
num_leaves=31
num_cat=0
split_feature=3 7 3 3 3 7 3 3 3 0 0 0 4 1 0 4 1 3 1 5 5 0 5 4 7 5 4 7 4 4
split_gain=63386.1 6864.54 17769.1 15109.3 6338.24 4594.63 9249.93 7327.52 4409.37 1924.51 1611.95 1889.59 1533.7 1491.95 1488.92 1286.34 1247.41 1095.4 1031.86 1127.02 927.902 904.234 1354.3 1183.38 1765.75 1162.51 1170.36 860.128 822.327 1074.05
threshold=8.8150000000000031 223.79166666666671 16.975000000000005 21.600000000000005 11.200000000000001 138.30208333333334 15.985000000000001 17.845000000000002 5.9350000000000014 3.5000000000000004 10.500000000000002 12.500000000000002 0.65000000000000002 1.5000000000000002 6.5000000000000009 55.300000000000004 2.5000000000000004 9.3950000000000014 1.5000000000000002 45.45000000000001 46.350000000000001 21.500000000000004 211.10000000000002 6.0500000000000007 159.10625000000005 38.750000000000007 262.75000000000006 185.69791666666671 720.6500000000002 372.70000000000005
decision_type=2 2 2 2 2 2 2 2 2 2 2 2 2 2 2 2 2 2 2 2 2 2 2 2 2 2 2 2 2 2
left_child=8 3 13 4 10 6 15 9 28 20 12 -12 -2 -3 17 -6 -16 -14 19 -13 -7 22 23 -11 -25 26 -26 -20 29 -1
right_child=1 2 -4 -5 5 7 -8 -9 -10 21 11 18 14 -15 16 -17 -18 -19 27 -21 -22 -23 -24 24 25 -27 -28 -29 -30 -31
leaf_value=-0.1161929915399183 0.54536418251845298 0.12692895105906896 2.0832414907217025 -1.010908435639881 0.39007176335256261 0.40492570537328726 1.7389349773526193 -0.30526572360711945 -0.00034402272574013014 0.75073427794610759 -0.30517099350690846 -0.21772572955777569 -0.22627866148948669 0.57393550023968731 0.70975377145020868 0.82080384406905904 0.23835732142130533 0.18960354015427203 0.320048862724994 0.23865808912863337 -0.021702365691845235 0.24395087453035208 0.76657278284822639 0.14094643995165826 0.49367215448617935 0.24535310056347115 0.91266379845142365 0.0023099000166569438 0.12130858200517568 -0.20258742875007335
leaf_weight=2284 49 28 20 21 52 25 20 34 921 34 25 31 20 56 23 26 36 76 89 24 26 26 57 40 50 26 25 28 33 427
leaf_count=2284 49 28 20 21 52 25 20 34 921 34 25 31 20 56 23 26 36 76 89 24 26 26 57 40 50 26 25 28 33 427
internal_value=1.94276e-09 0.360086 0.743839 0.31384 0.34688 0.477693 0.779626 0.391427 -0.0950077 0.468086 0.203018 0.101005 0.301531 0.424933 0.224448 0.533649 0.422122 0.102961 0.160043 -0.0185764 0.187429 0.523564 0.5549 0.485955 0.422108 0.533459 0.633336 0.244009 -0.126781 -0.129801
internal_weight=4632 967 104 863 842 441 98 343 3665 309 401 197 204 84 155 78 59 96 172 55 51 258 232 175 141 101 75 117 2744 2711
internal_count=4632 967 104 863 842 441 98 343 3665 309 401 197 204 84 155 78 59 96 172 55 51 258 232 175 141 101 75 117 2744 2711
is_linear=0
shrinkage=0.05


Tree=79
num_leaves=31
num_cat=0
split_feature=3 3 5 5 3 3 3 7 3 3 6 7 5 1 6 3 6 0 7 3 3 6 0 1 6 0 0 0 7 7
split_gain=57241.6 6650.9 6511.38 13677.8 22394.8 17742.8 2113.17 6643.37 19372.2 14252.8 1001.59 955.326 1078.89 1421.34 1626.08 1284.24 2204.47 1299.77 976.983 949.359 932.249 1098.88 1242.08 1240.57 1279.85 763.676 1093.11 1088.07 731.593 674.603
threshold=9.7300000000000022 6.7250000000000005 704.55000000000007 605.75000000000011 21.600000000000005 14.175000000000002 11.775 148.75416666666669 18.320000000000004 16.975000000000005 707.25000000000011 152.86875000000001 4.2500000000000009 1.0000000180025095e-35 4.2500000000000009 13.445000000000002 66.300000000000026 16.500000000000004 176.64375000000004 1.0750000000000004 8.4850000000000012 298.50000000000006 3.5000000000000004 3.5000000000000004 19.350000000000005 1.0000000180025095e-35 1.5000000000000002 3.5000000000000004 197.04166666666669 107.41666666666669
decision_type=2 2 2 2 2 2 2 2 2 2 2 2 2 2 2 2 2 2 2 2 2 2 2 2 2 2 2 2 2 2
left_child=1 19 3 4 6 -5 29 9 11 -8 20 -9 18 -14 -15 17 -17 -16 -13 -1 25 22 -22 -24 -25 -3 -27 -28 -20 -2
right_child=2 10 -4 5 -6 -7 7 8 -10 -11 -12 12 13 14 15 16 -18 -19 28 -21 21 -23 23 24 -26 26 27 -29 -30 -31
leaf_value=-0.20356318272905038 0.5364356716925448 -0.27997122779488565 1.2554336100816728 0.35818716029503517 1.9881353204900567 -1.5916940525174141 0.49389518263112564 0.12773432374000548 -0.89966814682401464 1.9940446013212203 -0.24877150399541414 0.92783876684578981 0.079175311785477862 0.17456712372162764 0.55398886459214347 0.73878898319921327 0.13968935867442805 1.0515573024749756 0.31223306141116403 -0.10453955592881255 0.37534558006069241 0.40554533914169844 -0.063298985624597182 0.42186326043946409 -0.0088622228187673242 0.37968143156983636 -0.27758045227363193 0.038617418059571224 0.6975334614515305 0.24907344363401074
leaf_weight=265 22 20 21 28 22 20 76 20 29 20 27 22 26 34 35 28 34 21 22 2794 34 34 105 35 34 22 29 440 28 285
leaf_count=265 22 20 21 28 22 20 76 20 29 20 27 22 26 34 35 28 34 21 22 2794 34 34 105 35 34 22 29 440 28 285
internal_value=-8.19587e-10 -0.0798858 0.386736 0.363105 0.417295 -0.454263 0.368067 0.444545 0.328356 0.806426 0.0504441 0.460255 0.486857 0.420796 0.479231 0.567016 0.41025 0.740577 0.650174 -0.113118 0.0611729 0.142016 0.0989387 0.0449282 0.209622 0.0228873 0.0352237 0.0190657 0.528001 0.269666
internal_weight=4632 3839 793 772 724 48 702 395 299 96 780 270 250 178 152 118 62 56 72 3059 753 242 208 174 69 511 491 469 50 307
internal_count=4632 3839 793 772 724 48 702 395 299 96 780 270 250 178 152 118 62 56 72 3059 753 242 208 174 69 511 491 469 50 307
is_linear=0
shrinkage=0.05


Tree=80
num_leaves=31
num_cat=0
split_feature=3 3 7 5 7 3 3 0 3 3 3 6 6 0 7 3 7 6 7 6 6 5 4 7 0 6 0 1 6 7
split_gain=51729 6626.72 6455.15 11625.8 10779.7 25075 19592.7 2207.19 2845.93 2254.56 1876.59 1510.17 2719.16 1764.74 1191.88 1098.97 1013.69 1108.71 1073.64 985.362 982.721 970.902 957.529 3235.9 1265.87 865.722 1337.29 1636.08 1839.97 2016.31
threshold=9.9250000000000025 7.2700000000000005 107.41666666666669 25.450000000000003 129.22291666666669 14.935 19.910000000000004 20.500000000000004 14.175000000000002 11.505000000000001 12.070000000000002 24.650000000000002 2.8500000000000001 9.5000000000000018 93.256250000000009 3.3350000000000004 179.38333333333335 243.70000000000002 165.23958333333334 27.450000000000003 21.350000000000005 29.550000000000004 10.65 160.23125000000002 17.500000000000004 1.6500000000000001 17.500000000000004 1.5000000000000002 11.750000000000002 202.87916666666669
decision_type=2 2 2 2 2 2 2 2 2 2 2 2 2 2 2 2 2 2 2 2 2 2 2 2 2 2 2 2 2 2
left_child=1 15 3 -2 5 19 7 10 9 -9 11 12 13 -6 20 -1 18 -18 21 -4 -3 -13 23 -12 -24 -17 27 28 -27 -30
right_child=2 14 4 -5 6 -7 -8 8 -10 -11 22 16 -14 -15 -16 25 17 -19 -20 -21 -22 -23 24 -25 -26 26 -28 -29 29 -31
leaf_value=-0.13534330679557802 1.8558384469151499 0.074327257394790652 0.510046049207449 0.22358776703476907 0.11162475853255301 -1.7336785544455051 1.6607294003168744 -0.084628548082851238 -0.36719808384128244 0.60071743966213298 1.0644355712113558 0.63078988200426112 -0.19293420494366917 0.67511384673416619 0.094107918128409518 -0.011812696365504187 0.38511494629912907 0.84942452266812341 0.016941869258880617 0.12127495129138997 -0.3569673465298755 0.20209661951022492 0.34828377995937149 0.39994672381956331 0.64528985088286195 -0.53223218385490678 -0.17959198788210581 -0.028125876777157294 -0.17740557210386865 0.24689093544147911
leaf_weight=1446 20 25 28 24 33 20 30 21 23 28 27 25 39 24 584 399 36 20 27 39 28 28 163 57 46 31 352 753 224 32
leaf_count=1446 20 25 28 24 33 20 30 21 23 28 27 25 39 24 584 399 36 20 27 39 28 28 163 57 46 31 352 753 224 32
internal_value=6.25672e-10 -0.0739108 0.377744 0.96552 0.341523 -0.180029 0.413891 0.351236 0.0916296 0.306998 0.38684 0.280605 0.12877 0.348883 0.0735041 -0.10292 0.387783 0.55094 0.273574 0.283746 -0.153526 0.40431 0.470957 0.613532 0.413654 -0.0767426 -0.095354 -0.0668426 -0.168423 -0.124369
internal_weight=4632 3874 758 44 714 87 627 597 72 49 525 232 96 57 637 3237 136 56 80 67 53 53 293 84 209 1791 1392 1040 287 256
internal_count=4632 3874 758 44 714 87 627 597 72 49 525 232 96 57 637 3237 136 56 80 67 53 53 293 84 209 1791 1392 1040 287 256
is_linear=0
shrinkage=0.05


Tree=81
num_leaves=31
num_cat=0
split_feature=3 7 3 3 3 7 3 3 3 0 0 0 4 6 3 4 0 5 4 1 1 5 7 7 5 7 5 4 4 4
split_gain=46820.9 6089.39 15754.3 15228.5 5021.88 4207.01 8114.82 6300.67 3352.16 1775.79 1394.44 1688.68 1419.09 1799.84 1513.04 1372.98 2317.29 1146.6 1402.09 1046.79 898.81 1049.33 884.129 867.546 802.316 775.364 741.828 740.091 972.054 1462.39
threshold=8.8150000000000031 223.79166666666671 16.975000000000005 21.600000000000005 11.200000000000001 138.30208333333334 15.985000000000001 17.845000000000002 5.9350000000000014 3.5000000000000004 10.500000000000002 12.500000000000002 21.550000000000004 7.2500000000000009 9.3150000000000031 335.65000000000003 13.500000000000002 100.80000000000003 10.65 2.5000000000000004 1.5000000000000002 45.45000000000001 150.5229166666667 161.33750000000001 46.350000000000001 185.69791666666671 24.850000000000005 720.6500000000002 372.70000000000005 341.50000000000006
decision_type=2 2 2 2 2 2 2 2 2 2 2 2 2 2 2 2 2 2 2 2 2 2 2 2 2 2 2 2 2 2
left_child=8 3 15 4 10 6 17 9 27 24 12 -12 13 -2 -14 16 -3 18 -6 23 21 -13 -21 -16 -7 26 -22 28 29 -1
right_child=1 2 -4 -5 5 7 -8 -9 -10 -11 11 20 14 -15 19 -17 -18 -19 -20 22 25 -23 -24 -25 -26 -27 -28 -29 -30 -31
leaf_value=-0.10441173782115608 0.055109847903251657 0.22114792635043462 1.932094522416592 -1.0640429905482702 0.059702885647614806 0.33671674251556399 1.6029687003046273 -0.31305194146492904 0.00088385889654520034 0.45735999997994004 -0.30782052361965184 -0.22690246220557922 -0.2478271756321192 0.55651430747811759 0.6113524590929349 0.092249279494943298 0.87294231021404267 0.75317982006073003 0.57634627346334788 -0.18405119046568871 0.094482913342389202 0.21347097434724371 0.24234879586485125 0.17129708663338708 -0.059991522477223329 -0.019147939554282598 0.39334136279565945 0.12599932560414981 -0.18146756625705918 0.21250658812555107
leaf_weight=2247 25 30 20 21 24 25 20 34 921 258 25 31 20 63 24 29 25 25 29 20 33 24 31 21 26 28 56 33 427 37
leaf_count=2247 25 30 20 21 24 25 20 34 921 258 25 31 20 63 24 29 25 25 29 20 33 24 31 21 26 28 56 33 427 37
internal_value=-2.0079e-09 0.309478 0.670915 0.265921 0.299091 0.415531 0.704447 0.332983 -0.0816549 0.404068 0.171037 0.076156 0.262662 0.41407 0.147801 0.370634 0.517418 0.474056 0.342395 0.230224 0.131966 -0.0347395 0.0751331 0.405993 0.134473 0.210333 0.282529 -0.109358 -0.112223 -0.0992778
internal_weight=4632 967 104 863 842 441 98 343 3665 309 401 197 204 88 116 84 55 78 53 96 172 55 51 45 51 117 89 2744 2711 2284
internal_count=4632 967 104 863 842 441 98 343 3665 309 401 197 204 88 116 84 55 78 53 96 172 55 51 45 51 117 89 2744 2711 2284
is_linear=0
shrinkage=0.05


Tree=82
num_leaves=31
num_cat=0
split_feature=3 7 7 3 3 3 0 3 3 3 7 3 1 3 0 5 0 7 3 5 7 7 0 3 5 7 6 4 4 5
split_gain=42283.2 5760.48 6514.85 41191 41155 2598.69 2395.67 2970.98 2970.19 1962.34 2086.88 1883.56 1077.01 883.218 807.211 1157.22 1148.88 762.19 715.115 688.054 677.044 611.754 772.242 1154.37 799.647 604.678 598.388 597.647 737.19 701.217
threshold=8.6050000000000022 85.020833333333357 141.7416666666667 19.910000000000004 17.300000000000001 5.9350000000000014 20.500000000000004 14.175000000000002 10.880000000000001 12.070000000000002 132.55208333333337 11.425000000000002 1.5000000000000002 10.685 10.500000000000002 150.85000000000005 8.5000000000000018 123.84583333333336 0.85500000000000009 204.25000000000003 114.17291666666667 249.00416666666669 4.5000000000000009 16.150000000000002 50.45000000000001 176.99791666666667 32.000000000000007 0.65000000000000002 409.85000000000008 234.95000000000002
decision_type=2 2 2 2 2 2 2 2 2 2 2 2 2 2 2 2 2 2 2 2 2 2 2 2 2 2 2 2 2 2
left_child=5 -2 4 6 9 18 8 11 14 10 13 -8 -11 19 16 -16 27 -14 26 20 -3 22 24 -24 -10 -26 -1 -4 29 -29
right_child=1 2 3 -5 -6 -7 7 -9 21 12 -12 -13 17 -15 15 -17 -18 -19 -20 -21 -22 -23 23 -25 25 -27 -28 28 -30 -31
leaf_value=-0.11735986022665951 1.1048480107670737 0.099203611165285116 0.39611063702748373 2.3407466449737551 -1.9641240854626116 -0.0048906204353624241 -0.051227985705648155 -0.48969673074427106 0.41104507603143392 0.7500068954799487 -0.17082541130091017 0.49367247439663986 0.11728207794102757 0.44907980106579953 -0.026112345799610217 0.37806223067252537 0.53910989640280604 0.51715708076953892 -0.097047227803850555 -0.064814847211043039 0.3959552209119539 0.66301082693749958 0.47352883671559909 0.19537479268180002 0.28515673518180845 -0.10364835023880006 -0.29856498866196141 0.14104425687580666 0.34102232019816126 -0.21243959426879885
leaf_weight=101 21 40 26 25 23 874 35 21 38 23 38 29 22 39 77 23 28 26 2560 24 37 21 218 45 20 20 83 47 28 20
leaf_count=101 21 40 26 25 23 874 35 21 38 23 38 29 22 39 77 23 28 26 2560 24 37 21 218 45 20 20 83 47 28 20
internal_value=-5.4057e-11 0.285355 0.268024 0.346686 0.059512 -0.079975 0.27506 0.0263517 0.309659 0.246434 0.157785 0.19568 0.468682 0.246979 0.176738 0.0668478 0.250489 0.333881 -0.10389 0.16894 0.241799 0.401089 0.384959 0.425936 0.246793 0.0907542 -0.199099 0.183701 0.125568 0.0355267
internal_weight=4632 1014 993 721 272 3618 696 85 611 249 178 64 71 140 249 100 149 48 2744 101 77 362 341 263 78 40 184 121 95 67
internal_count=4632 1014 993 721 272 3618 696 85 611 249 178 64 71 140 249 100 149 48 2744 101 77 362 341 263 78 40 184 121 95 67
is_linear=0
shrinkage=0.05


Tree=83
num_leaves=31
num_cat=0
split_feature=3 4 3 3 3 3 0 3 3 6 0 1 7 4 7 7 6 3 5 5 5 1 5 0 7 1 0 3 7 3
split_gain=38330.3 6007.82 18051.2 16651.8 5194.34 1980.77 1334.62 1395.82 935.081 904.25 1185.67 1495.31 1635.67 1102.7 1285.2 4116.36 2157.64 1904.32 1809.65 1475.56 1270.35 1015.18 1212.96 1532.13 1125.83 1040.2 1191.77 1550.85 1161.92 1058.17
threshold=9.9950000000000028 3.2500000000000004 17.845000000000002 19.095000000000002 7.4450000000000012 11.775 16.500000000000004 12.945000000000002 3.3350000000000004 1.6500000000000001 17.500000000000004 1.5000000000000002 202.87916666666669 559.60000000000014 110.41666666666667 120.96875 291.10000000000008 5.4150000000000009 36.050000000000004 13.15 41.800000000000004 5.5000000000000009 19.050000000000004 4.5000000000000009 90.666666666666671 3.5000000000000004 8.5000000000000018 4.785000000000001 156.85000000000002 5.3850000000000007
decision_type=2 2 2 2 2 2 2 2 2 2 2 2 2 2 2 2 2 2 2 2 2 2 2 2 2 2 2 2 2 2
left_child=4 2 6 5 8 -3 7 -2 -1 21 11 12 13 14 16 -16 18 19 -11 -17 -19 22 23 -10 -24 26 27 -26 -27 -28
right_child=1 3 -4 -5 -6 -7 -8 -9 9 10 -12 -13 -14 -15 15 17 -18 20 -20 -21 -22 -23 24 -25 25 28 29 -29 -30 -31
leaf_value=-0.11760594556932524 0.31350979528565337 0.2061240376140665 1.7991141328444848 -0.76205461652655349 0.072691065011612988 0.40334896297714151 0.11303140907674224 0.66461158124729991 -0.37877976519591883 0.15618637430553253 -0.16090397768093079 -0.019721059352279673 0.15914141819686503 -0.53487492887811228 0.58789202546700836 -0.59770415262742482 -0.68214172539966444 0.24624838297022508 -0.43960757219791413 -0.15541139421137898 -0.21065402981536141 -0.19252517218219822 0.46554022967815406 0.01049675567213584 0.46615627112984659 0.049425785537018922 -0.25983661331881125 -0.090772937655448915 0.49635710799350186 0.10559932477772237
leaf_weight=1446 69 217 26 38 598 308 37 48 33 26 362 775 37 22 20 33 28 32 25 44 29 58 20 108 25 33 52 25 26 32
leaf_count=1446 69 217 26 38 598 308 37 48 33 26 362 775 37 22 20 33 28 32 25 44 29 58 20 108 25 33 52 25 26 32
internal_value=-1.60447e-09 0.329065 0.580515 0.248672 -0.0628683 0.321829 0.374777 0.457552 -0.0875005 -0.0639057 -0.0826747 -0.0562331 -0.151831 -0.196255 -0.164822 -0.0824906 -0.329485 -0.179648 -0.135869 -0.344965 0.0290325 0.00137586 0.033145 -0.0806105 0.108448 0.0714435 -0.00558017 0.187692 0.246379 -0.120623
internal_weight=4632 743 180 563 3889 525 154 117 3291 1845 1433 1071 296 259 237 158 79 138 51 77 61 412 354 141 213 193 134 50 59 84
internal_count=4632 743 180 563 3889 525 154 117 3291 1845 1433 1071 296 259 237 158 79 138 51 77 61 412 354 141 213 193 134 50 59 84
is_linear=0
shrinkage=0.05


Tree=84
num_leaves=31
num_cat=0
split_feature=3 0 7 3 3 3 5 1 4 3 5 4 4 3 1 7 5 4 4 5 4 3 6 6 0 7 0 3 6 5
split_gain=34593.1 5590.61 6884.2 51343.4 13048.8 4687.89 1449.97 1030.31 1367.27 1590.47 1187.97 1025.98 1459.88 1006.12 1039.27 882.062 872.056 1930.71 1252.46 1209.21 1157.26 1402.87 1759.2 1081.2 1021.89 984.55 979.878 849.887 982.332 1291.25
threshold=9.9950000000000028 22.500000000000004 154.84166666666667 19.095000000000002 19.095000000000002 7.4450000000000012 683.25000000000011 1.0000000180025095e-35 0.65000000000000002 11.095000000000001 24.850000000000005 85.90000000000002 225.05000000000004 10.775 2.5000000000000004 93.256250000000009 4.2500000000000009 580.50000000000011 240.80000000000004 36.050000000000004 102.40000000000002 12.070000000000002 192.15000000000003 26.350000000000005 12.500000000000002 181.04583333333335 14.500000000000002 3.8650000000000007 708.95000000000016 92.300000000000026
decision_type=2 2 2 2 2 2 2 2 2 2 2 2 2 2 2 2 2 2 2 2 2 2 2 2 2 2 2 2 2 2
left_child=5 2 3 6 13 27 7 10 -9 -10 -2 -11 -13 14 -4 -7 18 19 25 26 21 -21 24 -22 -23 -15 -18 -1 -29 -30
right_child=1 -3 4 -5 -6 15 -8 8 9 11 -12 12 -14 16 -16 -17 17 -19 -20 20 23 22 -24 -25 -26 -27 -28 28 29 -31
leaf_value=-0.10752752672534567 0.76333887517452248 1.0188960658179391 -0.030350138948244211 -2.1727978581967564 1.4936002442469964 -0.12771568316249893 0.70524586636573083 0.45278398629955269 -0.10006343685090542 0.10527014250629674 0.23643810062304788 0.73237278241486781 0.13548084139823913 0.63166766235461602 0.33770823356780144 0.087796722136731287 0.085879502685042103 -0.06209601451243673 0.82033326973517751 0.050717713380301448 0.39933450669050219 0.83477828130126008 0.088179947364897968 0.85302207274683595 0.38498279685559483 0.23018060624599457 0.46926141104102137 -0.048966902824583936 -0.44305095126231508 0.043162970481948421
leaf_weight=1712 20 27 34 23 26 52 20 44 48 51 23 21 20 26 44 546 50 28 24 27 24 28 21 29 23 37 25 1521 36 22
leaf_count=1712 20 27 34 23 26 52 20 44 48 51 23 21 20 26 44 546 50 28 24 27 24 28 21 29 23 37 25 1521 36 22
internal_value=-9.2417e-10 0.312611 0.285978 0.0867152 0.406608 -0.0597249 0.297115 0.261157 0.209661 0.133251 0.481508 0.254981 0.441206 0.339317 0.177273 0.0690565 0.376275 0.329639 0.512966 0.377959 0.459021 0.358076 0.473336 0.647579 0.631929 0.395874 0.213673 -0.0831255 -0.0566681 -0.258625
internal_weight=4632 743 716 270 446 3889 247 227 184 140 43 92 41 420 78 598 342 255 87 227 152 99 72 53 51 63 75 3291 1579 58
internal_count=4632 743 716 270 446 3889 247 227 184 140 43 92 41 420 78 598 342 255 87 227 152 99 72 53 51 63 75 3291 1579 58
is_linear=0
shrinkage=0.05


Tree=85
num_leaves=31
num_cat=0
split_feature=3 7 7 3 3 0 3 3 3 3 3 7 1 0 5 0 7 3 4 4 4 5 7 0 5 7 7 7 5 5
split_gain=31331.3 5408.48 5409.47 37631.1 35133.2 2284.25 2852.36 2045.24 1938.46 1564.69 1496.44 1875.41 981.765 718.061 1059.35 1043.11 700.59 690.093 670.017 868.837 1303.8 626.62 616.763 1887.62 1980.84 3124.79 1858.42 1350.72 1451.72 1109.72
threshold=8.6050000000000022 85.020833333333357 141.7416666666667 19.910000000000004 17.300000000000001 20.500000000000004 14.175000000000002 10.880000000000001 5.9350000000000014 11.425000000000002 12.070000000000002 132.55208333333337 1.5000000000000002 10.500000000000002 150.85000000000005 8.5000000000000018 123.84583333333336 10.685 720.6500000000002 372.70000000000005 341.50000000000006 204.25000000000003 151.49583333333337 22.500000000000004 16.450000000000003 127.86666666666667 173.16666666666671 148.02708333333337 21.550000000000004 6.8500000000000005
decision_type=2 2 2 2 2 2 2 2 2 2 2 2 2 2 2 2 2 2 2 2 2 2 2 2 2 2 2 2 2 2
left_child=8 -2 4 5 10 7 9 13 18 -7 11 17 -12 15 -15 -4 -14 21 19 20 -1 -3 23 24 25 -10 -24 28 -26 -28
right_child=1 2 3 -5 -6 6 -8 -9 22 -11 12 -13 16 14 -16 -17 -18 -19 -20 -21 -22 -23 26 -25 27 -27 29 -29 -30 -31
leaf_value=-0.084832804979481688 1.0396957627364569 0.21923667904618502 0.16146520546768323 2.2064664323329928 -1.8308934214322463 -0.069921662126268658 -0.51643727414664775 0.3417146743342116 -0.34865355487912897 0.42671823912653428 0.67422448604003249 -0.17738252815447356 0.06926292296160351 -0.037040952186692844 0.34966431967914108 0.50011954249015877 0.45263855549005366 0.3973320077531613 0.13444027553002041 -0.1576889409838502 0.21440801954752692 -0.073368369291226074 -0.1777038099019822 0.46690375283360486 0.46523030444979674 0.12868178695440294 0.22216924094865398 0.46997174294221972 0.023460127398995508 -0.023818116914480925
leaf_weight=2247 21 77 121 25 23 35 21 362 80 29 23 38 22 77 23 28 26 39 33 427 37 24 166 24 20 60 62 21 265 176
leaf_count=2247 21 77 121 25 23 35 21 362 80 29 23 38 22 77 23 28 26 39 33 427 37 24 166 24 20 60 62 21 265 176
internal_value=-3.44388e-10 0.245635 0.228842 0.300521 0.0388412 0.23206 -0.0107954 0.265845 -0.068843 0.155118 0.211548 0.134134 0.405627 0.155545 0.0519013 0.225105 0.276925 0.218688 -0.0894981 -0.092224 -0.0799852 0.149707 -0.00399436 0.0349474 0.0117031 -0.144081 -0.0492978 0.0829769 0.0544615 0.0402626
internal_weight=4632 1014 993 721 272 696 85 611 3618 64 249 178 71 249 100 149 48 140 2744 2711 2284 101 874 470 446 140 404 306 285 238
internal_count=4632 1014 993 721 272 696 85 611 3618 64 249 178 71 249 100 149 48 140 2744 2711 2284 101 874 470 446 140 404 306 285 238
is_linear=0
shrinkage=0.05


Tree=86
num_leaves=31
num_cat=0
split_feature=3 7 5 7 3 3 3 0 6 5 6 3 3 3 4 6 7 4 7 7 5 6 5 0 6 5 5 7 5 6
split_gain=28364.3 5563.67 10967.5 8417.85 20583.9 15459 3801.29 1692.53 1160.82 2286.76 2254.1 1779.08 2215.94 1314.16 1172.57 1069.04 1242.97 1015.99 921.383 888.517 842.875 2694.16 3377.88 1068.48 993.505 1320.59 1993.4 1404 1140.42 1083.9
threshold=9.9950000000000028 107.41666666666669 26.750000000000004 129.22291666666669 14.935 19.910000000000004 7.4450000000000012 22.500000000000004 24.250000000000004 187.75000000000003 2.8500000000000001 13.575000000000001 15.140000000000002 10.315000000000003 167.30000000000004 38.550000000000004 168.7479166666667 18.150000000000002 116.40208333333335 93.256250000000009 201.10000000000005 233.10000000000002 329.80000000000001 17.500000000000004 365.20000000000005 31.250000000000004 61.350000000000001 203.95833333333334 96.200000000000017 26.350000000000005
decision_type=2 2 2 2 2 2 2 2 2 2 2 2 2 2 2 2 2 2 2 2 2 2 2 2 2 2 2 2 2 2
left_child=6 2 -2 4 18 7 -1 8 9 11 -11 14 -13 -10 17 16 -15 -5 -3 -8 24 22 -22 -24 25 27 29 -21 -28 -27
right_child=1 3 -4 5 -6 -7 19 -9 13 10 -12 12 -14 15 -16 -17 -18 -19 -20 20 21 -23 23 -25 -26 26 28 -29 -30 -31
leaf_value=-0.075153204635342016 1.689459741814062 -0.059933421835303306 0.071666662395000455 0.22675230345555716 -1.6207002478837969 1.4201972057422003 -0.13560635177239488 -0.16385237496832145 -0.037304462627931072 0.24551040768623353 -0.35332806218754165 0.90652840875443952 0.29626096939923718 0.30274071499535982 0.38523612668116891 0.32196556298216816 0.81338980862727528 -0.15156743087702329 0.3508483929343002 0.11673845406621695 -0.55264741335854384 0.46699361218058544 0.16531816911801958 -0.23237843637665115 -0.065977690204338621 0.72002367952040269 -0.15189169717055781 -0.28369050359725956 0.23650215440799319 0.27602073373617947
leaf_weight=3291 20 20 22 35 20 30 52 23 22 30 33 21 51 22 36 253 26 36 43 176 33 23 57 24 63 28 27 25 63 27
leaf_count=3291 20 20 22 35 20 30 52 23 22 30 33 21 51 22 36 253 26 36 43 176 33 23 57 24 63 28 27 25 63 27
internal_value=1.03292e-09 0.283072 0.842044 0.249581 -0.223207 0.313079 -0.0540813 0.256593 0.273709 0.19091 -0.0681669 0.282094 0.474256 0.335743 0.152789 0.363009 0.579342 0.0349282 0.220441 0.0618845 0.0806931 -0.0266457 -0.12624 0.0474821 0.116648 0.1499 0.264909 0.0669339 0.119984 0.502059
internal_weight=4632 743 42 701 83 618 3889 588 565 242 63 179 72 323 107 301 48 71 63 598 546 137 114 81 409 346 145 201 90 55
internal_count=4632 743 42 701 83 618 3889 588 565 242 63 179 72 323 107 301 48 71 63 598 546 137 114 81 409 346 145 201 90 55
is_linear=0
shrinkage=0.05


Tree=87
num_leaves=31
num_cat=0
split_feature=3 0 5 3 3 7 3 3 3 7 7 7 5 4 6 1 0 1 7 5 1 4 3 7 0 5 7 4 7 7
split_gain=25630.7 4930.29 5657.05 15915.2 2808.5 3753.7 19802.7 17569.9 1640.18 1090.47 1375.96 989.783 1221.65 1321.26 1176.72 1796.85 1675.26 1563.41 972.453 938.775 1264.17 936.362 1140.53 934.173 1182.98 885.089 752.373 866.866 1343.66 1307.38
threshold=8.6050000000000022 22.500000000000004 709.25000000000011 21.600000000000005 10.475000000000003 148.75416666666669 18.320000000000004 16.975000000000005 5.9350000000000014 152.86875000000001 157.35208333333335 249.00416666666669 4.2500000000000009 444.35000000000008 27.450000000000003 3.5000000000000004 9.5000000000000018 3.5000000000000004 183.64166666666668 7.5500000000000007 2.5000000000000004 240.80000000000004 13.920000000000002 127.07708333333335 7.5000000000000009 211.10000000000002 92.216666666666683 3.2500000000000004 188.82291666666669 208.32500000000005
decision_type=2 2 2 2 2 2 2 2 2 2 2 2 2 2 2 2 2 2 2 2 2 2 2 2 2 2 2 2 2 2
left_child=8 2 3 4 26 7 9 19 -1 -7 -11 12 21 14 15 16 -14 25 -19 20 -6 22 -12 -21 -25 -16 -2 -28 -29 -30
right_child=1 -3 -4 -5 5 6 -8 -9 -10 10 11 -13 13 -15 17 -17 -18 18 -20 23 -22 -23 -24 24 -26 -27 27 28 29 -31
leaf_value=-0.081265563706539409 -0.19503950924612581 0.79682063716981144 1.0128018333798363 -1.1161577971085259 0.36994292825460434 -0.0032104910484382085 -1.0363069065411885 1.8339574890477317 -0.0026150231256023971 0.68647159114480027 0.13320745295689751 0.61102361730907273 -0.020979372092655726 -0.057449588973663361 0.068538671999405595 -0.14797991801585472 0.56541198666753434 0.34021494541317227 0.80797756466269499 0.53399786317641751 -0.18549991022972834 0.68468126150277953 0.59187310027039575 -0.055776195634495131 0.40276679457762299 0.46516800380565909 0.26515177667518203 0.14409122912051239 -0.38638858728938635 0.068656465646467713
leaf_weight=2744 20 36 21 23 20 28 30 21 874 24 33 23 21 38 39 35 29 20 25 47 21 26 23 22 39 22 79 184 27 38
leaf_count=2744 20 36 21 23 20 28 30 21 874 24 33 23 21 38 39 35 29 20 25 47 21 26 23 22 39 22 79 184 27 38
internal_value=-1.44154e-09 0.222168 0.201015 0.183202 0.215199 0.282014 0.201117 0.479972 -0.062266 0.29729 0.320793 0.294517 0.27111 0.21181 0.26538 0.126789 0.319128 0.376514 0.600083 0.289142 0.0854478 0.436715 0.321588 0.36647 0.237391 0.211585 0.102688 0.120842 0.0750572 -0.120362
internal_weight=4632 1014 978 957 934 586 416 170 3618 386 358 334 311 229 191 85 50 106 45 149 41 82 56 108 61 61 348 328 249 65
internal_count=4632 1014 978 957 934 586 416 170 3618 386 358 334 311 229 191 85 50 106 45 149 41 82 56 108 61 61 348 328 249 65
is_linear=0
shrinkage=0.05


Tree=88
num_leaves=31
num_cat=0
split_feature=3 4 3 3 3 3 0 3 5 5 1 7 7 5 3 1 5 5 5 3 4 4 6 1 0 6 4 7 1 6
split_gain=23305.7 5251.25 17419.4 14421.5 3013.42 1538.27 1261.76 1220.29 1044.96 1270.09 1550.28 1373.12 1197.43 842.684 878.7 726.35 1139.22 1545.74 1293.68 1411.06 1034.8 1554.75 1914.61 1543.7 2156.19 1353.47 2202.81 1798.34 1306.41 1238.23
threshold=9.9250000000000025 3.2500000000000004 17.845000000000002 19.095000000000002 6.6350000000000007 11.775 16.500000000000004 12.945000000000002 140.20000000000002 60.300000000000004 1.5000000000000002 151.11875000000003 174.26875000000001 229.30000000000004 11.200000000000001 3.5000000000000004 23.650000000000002 36.750000000000007 6.3500000000000005 8.0450000000000017 195.40000000000001 8.7500000000000018 42.650000000000013 2.5000000000000004 6.5000000000000009 14.350000000000003 16.450000000000003 157.75416666666669 1.5000000000000002 41.95000000000001
decision_type=2 2 2 2 2 2 2 2 2 2 2 2 2 2 2 2 2 2 2 2 2 2 2 2 2 2 2 2 2 2
left_child=4 2 6 5 -1 8 7 13 9 10 -3 -12 -10 14 -2 20 18 -18 -17 -20 21 22 28 24 -22 27 -27 -23 -6 -28
right_child=1 3 -4 -5 15 -7 -8 -9 12 -11 11 -13 -14 -15 -16 16 17 -19 19 -21 23 25 -24 -25 -26 26 29 -29 -30 -31
leaf_value=-0.072954681231934201 0.31159730468477526 -0.083113195829921299 1.6858638639633474 -0.76180418745467549 0.090647374655840537 0.31912480488407441 0.037392611487915638 0.56284075093766051 0.14254770737854724 0.51967272018564159 -0.0036943533590861732 0.42643895463509995 -0.28033616118706189 0.50981869459152218 -0.11066749421032994 0.10159261675506104 0.58024281024932856 0.11823697687365622 -0.46917167646741426 0.042010619905259873 -0.16186631958310804 0.22423354172706605 0.29086934402289372 -0.16942736101336778 0.39888750389528771 -0.63249404888886673 -0.44205739021301271 -0.26543870707352957 -0.29651377837400178 -0.049027021258774374
leaf_weight=3026 28 45 26 38 53 308 38 48 47 29 28 55 26 20 22 82 20 191 27 27 24 50 63 32 60 26 25 30 37 101
leaf_count=3026 28 45 26 38 53 308 38 48 47 29 28 55 26 20 22 82 20 191 27 27 24 50 63 32 60 26 25 30 37 101
internal_value=1.44318e-09 0.253549 0.487671 0.179573 -0.0496103 0.246064 0.287972 0.368668 0.148227 0.220899 0.153208 0.281334 -0.00806846 0.23552 0.125801 0.0336919 0.089295 0.162029 -0.0235497 -0.213581 -0.00481964 -0.0442634 0.0794645 0.126093 0.238672 -0.12586 -0.213474 0.0406064 -0.0685189 -0.127009
internal_weight=4632 758 182 576 3874 538 156 118 230 157 128 83 73 70 50 848 347 211 136 54 501 385 153 116 84 232 152 80 90 126
internal_count=4632 758 182 576 3874 538 156 118 230 157 128 83 73 70 50 848 347 211 136 54 501 385 153 116 84 232 152 80 90 126
is_linear=0
shrinkage=0.05


Tree=89
num_leaves=31
num_cat=0
split_feature=3 0 5 3 3 3 3 4 3 4 3 5 6 5 3 7 7 0 6 6 3 3 7 0 0 6 5 5 7 5
split_gain=21047.5 5267.58 6572.43 40165.9 13774.2 2823.37 1380.04 2201.79 777.315 876.704 659.995 641.248 603.103 1051.33 1300.93 947.899 842.008 1033.72 787.382 1346.37 1321.49 1291.22 1252.61 1118.24 1111.22 1089.96 1085.26 1067.7 892.31 690.926
threshold=9.9950000000000028 22.500000000000004 1.0000000180025095e-35 17.300000000000001 19.910000000000004 6.4350000000000014 13.075000000000001 8.7500000000000018 10.255000000000001 663.70000000000016 1.0750000000000004 46.350000000000001 697.85000000000002 92.300000000000026 4.6550000000000011 141.29375000000002 138.86875000000001 13.500000000000002 87.300000000000026 136.65000000000003 2.2050000000000005 3.8650000000000007 137.78125000000003 14.500000000000002 10.500000000000002 81.050000000000011 37.650000000000013 351.80000000000001 107.41666666666669 16.850000000000005
decision_type=2 2 2 2 2 2 2 2 2 2 2 2 2 2 2 2 2 2 2 2 2 2 2 2 2 2 2 2 2 2
left_child=5 2 3 6 8 10 7 -2 -4 -10 -1 -11 18 14 16 -15 -14 -18 25 21 27 23 -23 26 -24 -12 -20 28 -21 -22
right_child=1 -3 4 -5 -6 -7 -8 -9 9 11 12 -13 13 15 -16 -17 17 -19 19 20 29 22 24 -25 -26 -27 -28 -29 -30 -31
leaf_value=-0.14579286143746015 -0.3157542251405262 0.92941914200782783 0.021995391371922617 -2.1633576572686435 1.3554277757118489 0.029297846570221161 0.46200458353462937 0.28761379707742624 0.27402915467877842 0.24019428158090231 -0.072025607717352419 -0.14195741363193679 -0.41784721450372181 0.26076200610917549 -0.59507827298207727 -0.18401029980182648 -0.25076105427478662 0.19285215487082799 0.384717853491505 0.43269321620464329 -0.15069083657755727 0.60349434748291975 -0.13267009204084224 -0.21418728768825532 0.33196962206594405 -0.36228390205087085 -0.06982084800457132 -0.23403053513982078 0.080973613210022458 -0.038813826947642321
leaf_weight=265 21 27 39 20 29 932 48 54 461 21 1625 23 22 23 22 25 29 24 24 22 227 20 22 40 31 33 29 22 100 352
leaf_count=265 21 27 39 20 29 932 48 54 461 21 1625 23 22 23 22 25 29 24 24 22 227 20 22 40 31 33 29 22 100 352
internal_value=-6.76813e-10 0.243843 0.21799 -0.0852491 0.293668 -0.0465866 0.252655 0.118671 0.237067 0.253676 -0.0705042 0.0404332 -0.0630928 -0.162281 -0.256989 0.0291098 -0.157817 -0.0498796 -0.0574461 -0.0194806 -0.0489645 0.108935 0.266332 -0.0146136 0.1391 -0.0778028 0.136008 0.0865829 0.144398 -0.0826758
internal_weight=4632 743 716 143 573 3889 123 75 544 505 2957 44 2692 145 97 48 75 53 2547 889 723 166 73 93 53 1658 53 144 122 579
internal_count=4632 743 716 143 573 3889 123 75 544 505 2957 44 2692 145 97 48 75 53 2547 889 723 166 73 93 53 1658 53 144 122 579
is_linear=0
shrinkage=0.05


Tree=90
num_leaves=31
num_cat=0
split_feature=3 3 3 3 3 0 6 3 5 6 6 6 5 3 5 7 5 1 7 5 0 6 3 4 3 5 1 3 6 4
split_gain=19037.5 5366.67 3066.71 2696.89 1088.79 1065.68 1435.6 970.787 871.846 1474.72 1045.19 1328.97 1027.91 1281.52 1029.4 816.701 799.098 1422.32 1427.74 1407.94 1222.28 1159.64 1744.66 1699.17 1146.24 1110.34 1287.03 2209.93 2408.83 1506.02
threshold=8.4850000000000012 21.600000000000005 19.095000000000002 11.665000000000001 5.035000000000001 18.500000000000004 291.10000000000008 4.995000000000001 4.2500000000000009 4.2500000000000009 10.850000000000003 1.9500000000000002 94.200000000000003 13.250000000000002 329.80000000000001 99.883333333333354 158.00000000000003 3.5000000000000004 155.15833333333336 247.40000000000003 13.500000000000002 87.300000000000026 5.8550000000000013 85.90000000000002 6.6850000000000014 16.450000000000003 1.5000000000000002 5.4150000000000009 306.80000000000001 75.90000000000002
decision_type=2 2 2 2 2 2 2 2 2 2 2 2 2 2 2 2 2 2 2 2 2 2 2 2 2 2 2 2 2 2
left_child=4 2 3 5 7 6 15 -1 9 -5 11 -10 -12 14 -14 -2 25 18 21 -19 -20 22 -18 -23 -24 26 27 -6 29 -29
right_child=1 -3 -4 8 16 -7 -8 -9 10 -11 12 -13 13 -15 -16 -17 17 19 20 -21 -22 23 24 -25 -26 -27 -28 28 -30 -31
leaf_value=-0.071982042296580256 -0.17533066570013764 0.8970507108248198 -0.36645590754655694 0.76798051812432033 -0.36361205103722488 -0.033378193085538403 0.3174199433725638 -0.42183842390542853 0.20696173907732063 0.30868034859790527 0.18876825312092421 -0.26303549607594812 0.87596772193908701 0.26969736257746613 0.38033488934690302 0.12045150225785724 -0.54294087498084365 -0.23668125893140363 -0.16797564041380789 0.11543004726838382 -0.55500117586377795 -0.11208998375925526 0.26526327189945043 0.48697210878133773 -0.21316676966605652 0.062979291661714135 -0.10234459410793484 0.50285895702211147 -0.24558867203692594 0.039637731601084983
leaf_weight=2309 25 26 26 22 22 102 96 20 53 85 124 21 20 73 22 351 23 37 51 122 34 29 21 20 31 455 313 47 24 28
leaf_count=2309 25 26 26 22 22 102 96 20 53 85 124 21 20 73 22 351 23 37 51 122 34 29 21 20 31 455 313 47 24 28
internal_value=-4.77645e-10 0.187685 0.169604 0.183625 -0.0547459 0.113176 0.144846 -0.0749864 0.279906 0.403116 0.237786 0.0735841 0.288627 0.396301 0.616351 0.100785 -0.0172439 -0.0792065 -0.164944 0.0334922 -0.322786 -0.0567456 -0.180337 0.132425 -0.0199546 0.00840535 -0.0488093 0.0896747 0.190405 0.329923
internal_weight=4632 1046 1020 994 3586 574 472 2329 420 107 313 74 239 115 42 376 1257 368 209 159 85 124 75 49 52 889 434 121 99 75
internal_count=4632 1046 1020 994 3586 574 472 2329 420 107 313 74 239 115 42 376 1257 368 209 159 85 124 75 49 52 889 434 121 99 75
is_linear=0
shrinkage=0.05


Tree=91
num_leaves=31
num_cat=0
split_feature=3 0 5 3 7 3 3 3 7 3 5 4 5 6 4 4 0 1 4 6 4 1 0 3 4 4 5 5 0 6
split_gain=17217 5487.09 7029.47 15088.3 2241.27 17709.5 15178.1 1801.58 1526.76 972.796 846.017 1709.88 1257.88 1087.67 915.804 1321.72 1443.04 831.479 1244.13 828.473 978.998 1057.73 1384.93 813.635 775.273 1387.68 1163.72 1153.8 767.961 686.536
threshold=9.4550000000000018 22.500000000000004 704.55000000000007 21.600000000000005 147.35000000000002 16.975000000000005 18.320000000000004 6.4350000000000014 150.5229166666667 10.605000000000002 12.750000000000002 580.50000000000011 17.550000000000004 436.00000000000006 240.80000000000004 4.9500000000000011 9.5000000000000018 3.5000000000000004 47.750000000000007 108.50000000000001 262.75000000000006 4.5000000000000009 9.5000000000000018 13.075000000000001 33.250000000000007 19.050000000000004 92.300000000000026 19.050000000000004 15.500000000000002 707.25000000000011
decision_type=2 2 2 2 2 2 2 2 2 2 2 2 2 2 2 2 2 2 2 2 2 2 2 2 2 2 2 2 2 2
left_child=7 2 3 4 5 23 8 -1 -6 17 14 12 -12 19 15 -11 -17 18 -10 20 21 22 -14 24 25 27 -26 -2 -24 -9
right_child=1 -3 -4 -5 6 -7 -8 29 9 10 11 -13 13 -15 -16 16 -18 -19 -20 -21 -22 -23 28 -25 26 -27 -28 -29 -30 -31
leaf_value=-0.063708501187386857 -0.15325301993976942 0.85750195521020123 1.1054165578796529 -1.1056133436120075 -0.18538944969574611 1.7459215489029885 -0.9362571510576434 0.02810987719456139 0.21184059754014017 0.58468074500560763 -0.104416301173412 -0.19998782782450966 0.15613244195202633 0.00054266232031363029 0.59220136517987532 -0.10507385645593917 0.38294619646939365 0.25059933557931802 -0.21663971924119527 0.55495817826853855 -0.037875604089349507 0.089935087524354473 0.7916555972099304 0.35792178591644325 0.12233916328329107 -0.30692344768480823 0.57154325842857368 0.28261417792159688 0.40353370870535193 -0.21951124082351556
leaf_weight=2957 22 31 20 23 24 20 31 805 32 26 22 23 28 27 34 28 33 52 36 36 20 30 25 54 46 22 21 49 26 29
leaf_count=2957 22 31 20 23 24 20 31 805 32 26 22 23 28 27 34 28 33 52 36 36 20 30 25 54 46 22 21 49 26 29
internal_value=6.9098e-10 0.204665 0.17968 0.156244 0.194083 0.323079 0.137451 -0.0454032 0.203755 0.223294 0.264591 0.20967 0.253699 0.294733 0.372163 0.286171 0.158937 0.100092 -0.0150019 0.342873 0.283686 0.342688 0.438671 0.190103 0.133464 0.0400453 0.263134 0.147557 0.59379 0.0194996
internal_weight=4632 841 810 790 767 234 533 3791 502 478 358 237 214 192 121 87 61 120 68 165 129 109 79 214 160 93 67 71 51 834
internal_count=4632 841 810 790 767 234 533 3791 502 478 358 237 214 192 121 87 61 120 68 165 129 109 79 214 160 93 67 71 51 834
is_linear=0
shrinkage=0.05


Tree=92
num_leaves=31
num_cat=0
split_feature=3 3 7 3 3 3 5 0 7 4 0 4 1 6 4 0 7 7 7 5 6 6 4 7 4 7 3 4 3 6
split_gain=15612.3 5066.72 3163.06 19891.6 9534.04 2154.82 2039.4 1423.52 1105.4 976.901 1277.06 981.544 883.389 936.868 1228.7 874.602 1048.8 868.717 856.613 872.292 1367.68 2270.87 1340.27 1309.73 2262.66 1293.85 1009.89 985.604 1353.49 1720.74
threshold=9.9950000000000028 21.600000000000005 138.30208333333334 19.095000000000002 15.985000000000001 7.6150000000000011 498.15000000000003 22.500000000000004 152.86875000000001 9.1500000000000004 9.5000000000000018 62.150000000000013 1.0000000180025095e-35 291.10000000000008 100.80000000000003 14.500000000000002 239.01458333333332 157.35208333333335 249.00416666666669 3.5500000000000003 10.850000000000003 2.8500000000000001 240.80000000000004 207.32916666666668 45.45000000000001 193.58958333333337 13.920000000000002 42.550000000000004 11.505000000000001 108.50000000000001
decision_type=2 2 2 2 2 2 2 2 2 2 2 2 2 2 2 2 2 2 2 2 2 2 2 2 2 2 2 2 2 2
left_child=5 2 4 7 6 15 12 8 9 -4 -11 -12 -2 14 -14 16 -1 -10 19 22 21 25 26 27 -25 -21 -19 -22 -29 -30
right_child=1 -3 3 -5 -6 -7 -8 -9 17 10 11 -13 13 -15 -16 -17 -18 18 -20 20 23 -23 -24 24 -26 -27 -28 28 29 -31
leaf_value=-0.041199470533449488 0.37966836495324974 0.8956763047438403 0.32672334367578681 -1.3446114889600063 1.4022602976486089 0.05167703083996239 0.68948816798982171 -0.20438845177943055 0.49376315458287157 -0.36707853918725797 -0.14048542693257332 0.35487920410931112 -0.1623805843617605 0.36330199337874852 0.30704960346221927 -0.087960738214806877 0.17628591220106996 0.045751635190099477 0.49642729667516855 -0.074232022382784632 0.17102536452959663 -0.48291440457105639 0.60649670501550046 0.39855563857338649 -0.26446316434491063 0.405838544100523 0.4460308299614833 0.14982943877025887 0.32758053311934843 0.94446615412831303
leaf_weight=2017 32 26 22 22 20 549 21 22 31 22 20 20 46 21 20 1266 57 40 26 32 73 20 30 22 31 25 26 27 26 20
leaf_count=2017 32 26 22 22 20 549 21 22 31 22 20 20 46 21 20 1266 57 40 26 32 73 20 30 22 31 25 26 27 26 20
internal_value=-1.13311e-09 0.210012 0.185148 0.128862 0.381092 -0.0401231 0.23521 0.189454 0.206344 0.0404769 -0.0610944 0.107197 0.155044 0.0724233 -0.020129 -0.0552124 -0.0352223 0.238821 0.218964 0.199571 0.154416 -0.0245162 0.329393 0.223651 0.0107522 0.136325 0.203437 0.300936 0.430847 0.595792
internal_weight=4632 743 717 557 160 3889 140 535 513 84 62 40 119 87 66 3340 2074 429 398 372 276 77 96 199 53 57 66 146 73 46
internal_count=4632 743 717 557 160 3889 140 535 513 84 62 40 119 87 66 3340 2074 429 398 372 276 77 96 199 53 57 66 146 73 46
is_linear=0
shrinkage=0.05


Tree=93
num_leaves=31
num_cat=0
split_feature=3 3 3 3 0 6 3 0 0 5 6 7 7 6 5 6 5 6 7 7 3 6 5 3 3 4 1 7 4 7
split_gain=14132.5 5065.64 2007.91 1908.49 991.757 1235.12 894.181 751.544 1324.57 1064.74 3097.05 1467.04 1179.56 1215.42 1408.98 1168.04 1836.74 1841.09 1692.72 1577.81 2139.27 2667.77 1467.63 2043.79 1679.93 1278.08 1158.46 1770.06 1581.04 1446.23
threshold=8.4850000000000012 21.600000000000005 19.095000000000002 11.665000000000001 18.500000000000004 291.10000000000008 4.8450000000000006 22.500000000000004 17.500000000000004 690.30000000000007 34.400000000000006 78.579166666666694 90.666666666666671 707.25000000000011 629.50000000000011 42.650000000000013 14.450000000000001 32.000000000000007 215.00000000000003 178.26666666666668 6.0950000000000006 13.65 106.55000000000001 7.3450000000000006 7.5050000000000008 137.55000000000004 3.5000000000000004 110.41666666666667 313.75000000000006 156.85000000000002
decision_type=2 2 2 2 2 2 2 2 2 2 2 2 2 2 2 2 2 2 2 2 2 2 2 2 2 2 2 2 2 2
left_child=6 2 3 4 5 -2 -1 8 9 11 -11 -8 -13 14 15 16 19 22 26 20 21 -14 24 -24 -18 -21 27 -17 -28 -29
right_child=1 -3 -4 -5 -6 -7 7 -9 -10 10 -12 12 13 -15 -16 18 17 -19 -20 25 -22 -23 23 -25 -26 -27 28 29 -30 -31
leaf_value=-0.06663840705896372 0.085906873114327806 0.85089263916015634 -0.28961718437763362 0.23648142073569553 -0.045156365779100684 0.28684658079097669 -0.3420120544265956 0.1549042566168693 -0.11721533803186057 0.71675013482570649 -0.039212371905644736 0.30061644231900575 -0.32459136357432916 -0.33870315993273703 -0.40241373152959919 -0.30461333674011809 0.093685287871630871 -0.42314669638872149 -0.25629042991570067 0.33263757613797984 -0.46800362110610999 0.33269646994483015 0.062870370373129855 -0.44022787094668109 0.52067526065070058 -0.20148402878216337 0.12247430240702735 0.22695889124210847 0.50256218177576861 -0.06530685368683431
leaf_weight=2230 376 26 26 420 102 96 32 62 291 20 42 32 38 27 21 33 112 20 35 24 63 26 80 27 29 21 114 94 36 77
leaf_count=2230 376 26 26 420 102 96 32 62 291 20 42 32 38 27 21 33 112 20 35 24 63 26 80 27 29 21 114 94 36 77
internal_value=7.05026e-10 0.161709 0.144142 0.155487 0.0962235 0.126776 -0.0471689 -0.0151505 -0.0232984 0.00394974 0.204647 -0.00927364 0.00243992 -0.00843995 0.00205076 0.0122965 -0.0435081 0.0383316 0.0754175 -0.171026 -0.26117 -0.0575682 0.0755476 -0.0640797 0.181506 0.0833808 0.108213 0.0306533 0.213695 0.0953538
internal_weight=4632 1046 1020 994 574 472 3586 1356 1294 1003 62 941 909 877 850 829 440 268 389 172 127 64 248 107 141 45 354 204 150 171
internal_count=4632 1046 1020 994 574 472 3586 1356 1294 1003 62 941 909 877 850 829 440 268 389 172 127 64 248 107 141 45 354 204 150 171
is_linear=0
shrinkage=0.05


Tree=94
num_leaves=31
num_cat=0
split_feature=3 4 3 7 7 7 1 3 3 3 0 6 0 5 5 6 0 4 4 4 5 4 3 7 0 3 4 0 0 7
split_gain=12770.7 4705.32 15852.6 13153.1 9900.73 11185.9 6328.8 34602.2 15712.1 1770.72 1495.86 1828.22 1057.03 1036.92 1336.57 1100.74 1283.13 825.674 773.213 1008.06 609.75 957.209 597.493 596.692 1007.56 1566.45 1312.28 1835.95 813.836 574.791
threshold=9.9950000000000028 3.2500000000000004 17.845000000000002 109.44583333333334 118.90000000000001 126.74791666666668 2.5000000000000004 18.320000000000004 17.300000000000001 6.6350000000000007 3.5000000000000004 28.450000000000003 16.500000000000004 411.05000000000001 14.050000000000002 18.950000000000003 5.5000000000000009 12.450000000000001 497.05000000000001 28.350000000000005 1.0000000180025095e-35 131.80000000000004 0.85500000000000009 159.10625000000005 8.5000000000000018 13.780000000000001 72.750000000000014 16.500000000000004 13.500000000000002 181.72083333333339
decision_type=2 2 2 2 2 2 2 2 2 2 2 2 2 2 2 2 2 2 2 2 2 2 2 2 2 2 2 2 2 2
left_child=9 2 12 -3 -5 -6 8 10 18 22 11 -8 13 14 -2 -16 -17 -12 19 -7 -21 -22 -1 28 -25 26 -26 -28 -19 -23
right_child=1 3 -4 4 5 6 7 -9 -10 -11 17 -13 -14 -15 15 16 -18 23 -20 20 21 29 -24 24 25 -27 27 -29 -30 -31
leaf_value=-0.14162431931244615 0.49655856586271718 -0.88236869352479141 1.5544488536623808 1.2684918233752251 -1.0246423536539078 -0.026719156551090157 -0.33651760758033822 2.2428935437039899 -1.1993210795521738 0.02688798293307303 0.53954896152019505 0.28939023077487946 -0.013272331534205256 0.62114273225888617 0.35181358502461363 0.21710705369710925 -0.34927032098174093 -0.11238922695318859 -0.095396396421617083 0.50539855085313323 0.35447551977634428 0.19733367374596689 -0.048652786670757668 0.56252244190191447 0.038747381259288109 -0.13883180091014277 0.14706923754318901 0.76606345039606094 0.25590332090854645 -0.15437050234703792
leaf_weight=184 31 31 26 20 20 44 28 22 25 863 20 20 37 20 26 20 20 30 31 20 50 26 2842 23 28 26 23 25 30 21
leaf_count=184 31 31 26 20 20 44 28 22 25 863 20 20 37 20 26 20 20 30 31 20 50 26 2842 23 28 26 23 25 30 21
internal_value=-6.83216e-10 0.18994 0.41247 0.118794 0.177133 0.134501 0.181621 0.34092 -0.0202549 -0.0362884 0.17553 -0.0757227 0.219669 0.293334 0.225744 0.0985438 -0.0660816 0.23436 0.133269 0.177298 0.254023 0.202192 -0.054306 0.201367 0.26358 0.196171 0.310778 0.469462 0.071757 0.0401893
internal_weight=4632 743 180 563 532 512 492 275 217 3889 253 48 154 117 97 66 40 205 192 161 117 97 3026 185 125 102 76 48 60 47
internal_count=4632 743 180 563 532 512 492 275 217 3889 253 48 154 117 97 66 40 205 192 161 117 97 3026 185 125 102 76 48 60 47
is_linear=0
shrinkage=0.05


Tree=95
num_leaves=31
num_cat=0
split_feature=3 7 7 5 3 3 0 5 3 5 3 3 5 4 4 4 1 6 0 6 5 5 3 0 6 0 6 3 4 6
split_gain=11597.3 4334.92 5073.92 4516.3 37364.3 34485.8 1468.66 1129.83 1117.73 1020.28 834.865 771.279 695.959 1055.51 932.867 1054.48 846.974 2154.16 1204.24 1099.23 2066.15 1000.24 685.195 866.995 647.768 1752.72 1362.62 1380.17 1288.73 1690.18
threshold=8.4850000000000012 84.25833333333334 95.089583333333351 1.3500000000000003 17.300000000000001 19.910000000000004 21.500000000000004 62.150000000000013 11.425000000000002 683.25000000000011 13.075000000000001 3.3350000000000004 4.9500000000000011 580.50000000000011 148.00000000000003 252.30000000000004 4.5000000000000009 26.950000000000003 3.5000000000000004 174.45000000000002 37.650000000000013 215.30000000000004 9.3150000000000031 11.500000000000002 203.25000000000003 20.500000000000004 87.300000000000026 3.7750000000000004 50.45000000000001 572.75000000000011
decision_type=2 2 2 2 2 2 2 2 2 2 2 2 2 2 2 2 2 2 2 2 2 2 2 2 2 2 2 2 2 2
left_child=11 -2 -3 4 10 6 8 -8 -5 12 22 -1 -10 14 16 -16 18 -18 -14 20 -20 -22 -4 -24 26 -26 -13 -28 29 -27
right_child=1 2 3 5 -6 -7 7 -9 9 -11 -12 24 13 -15 15 -17 17 -19 19 -21 21 -23 23 -25 25 28 27 -29 -30 -31
leaf_value=-0.070938493891356369 0.85761491996901373 -0.65666486725211148 0.3124169115509306 0.098898754816777235 -2.1147887790203095 1.8939412803485476 0.13306805387787199 -0.34382030588609203 0.48363485574722298 0.53092088377475732 0.32780012342165099 -0.027446530917791163 -0.086598846087088954 -0.1251491326552171 0.66916933485439856 0.22334239184856416 -0.40692830823716664 0.23715435292790918 0.056718223517940897 0.04370355181621783 0.72833463464464465 0.28507818132638935 0.19274368026155109 -0.097330225977981299 -0.035500152634358718 -0.79754332758131485 -0.29842516601085667 0.13468938443858552 -0.060856262594461447 -0.15529327300377191
leaf_weight=1446 21 20 28 393 20 29 23 27 20 25 53 1343 26 26 21 36 21 34 31 33 35 20 47 57 475 21 20 229 32 20
leaf_count=1446 21 20 28 393 20 29 23 27 20 25 53 1343 26 26 21 36 21 34 31 33 35 20 47 57 475 21 20 229 32 20
internal_value=1.07769e-09 0.146488 0.131919 0.147612 -0.0617735 0.201267 0.1376 -0.124452 0.155772 0.223917 0.160174 -0.0427291 0.198586 0.178442 0.209155 0.387594 0.1583 -0.00876812 0.22167 0.289023 0.383157 0.56715 0.0928697 0.0337609 -0.023668 -0.0705552 -0.00752847 0.0999011 -0.298653 -0.484251
internal_weight=4632 1046 1025 1005 205 800 771 50 721 328 185 3586 303 283 257 57 200 55 145 119 86 55 132 104 2140 548 1592 249 73 41
internal_count=4632 1046 1025 1005 205 800 771 50 721 328 185 3586 303 283 257 57 200 55 145 119 86 55 132 104 2140 548 1592 249 73 41
is_linear=0
shrinkage=0.05


Tree=96
num_leaves=31
num_cat=0
split_feature=3 7 5 7 3 3 0 3 6 6 5 6 5 3 3 7 4 0 6 3 0 0 3 5 3 5 4 5 7 7
split_gain=10523.5 4988.89 10975.3 7638.62 19245.3 13363.6 1846.07 1519.01 1336.51 829.571 2181.68 1612.37 1413.15 1664.2 1293.6 909.723 764.364 1010.18 723.095 775.238 721.628 1047.81 964.83 1632.93 1342.57 976.265 939.282 758.027 919.429 757.564
threshold=10.065000000000003 107.41666666666669 26.750000000000004 129.22291666666669 14.935 19.910000000000004 22.500000000000004 7.7650000000000006 32.000000000000007 24.250000000000004 187.75000000000003 2.8500000000000001 106.55000000000001 13.250000000000002 15.470000000000001 156.0604166666667 182.90000000000001 9.5000000000000018 29.050000000000004 10.475000000000003 14.500000000000002 10.500000000000002 4.9150000000000009 57.650000000000013 5.4750000000000005 280.55000000000007 32.350000000000001 704.55000000000007 239.01458333333332 143.50625000000002
decision_type=2 2 2 2 2 2 2 2 2 2 2 2 2 2 2 2 2 2 2 2 2 2 2 2 2 2 2 2 2 2
left_child=7 2 -2 4 8 6 9 20 -3 10 12 -12 13 15 -15 -5 17 -17 -11 -20 21 27 -23 24 -24 26 -25 28 -1 -22
right_child=1 3 -4 5 -6 -7 -8 -9 -10 18 11 -13 -14 14 -16 16 -18 -19 19 -21 29 22 23 25 -26 -27 -28 -29 -30 -31
leaf_value=-0.061502094069375783 1.5512248080968858 0.40552019110092757 -0.067141083966601983 -0.29613083444890526 -1.6615561252832416 1.2304335157076518 -0.29081381235433662 0.048277967826651023 -0.080579540133476263 0.46651165154245167 0.11684168103550162 -0.399017853086645 0.5696752443200066 0.61569527325530848 0.15553245707636787 -0.25861619164546334 0.33114792200781051 0.20509705789711163 -0.040333473009447895 0.22413736545834048 -0.033329638465622209 -0.013128093574099589 0.61832478344440467 -0.41909884525970975 0.167923881395314 0.18305235399353892 0.014155311933879195 0.13265841895980496 0.1731141518714816 -0.11022309698536584
leaf_weight=1446 20 26 22 21 20 30 23 506 31 27 28 33 21 24 42 24 21 23 31 261 604 386 21 22 78 31 29 56 43 682
leaf_count=1446 20 26 22 21 20 30 23 506 31 27 28 33 21 24 42 24 21 23 31 261 604 386 21 22 78 31 29 56 43 682
internal_value=-4.48124e-10 0.174524 0.703509 0.142137 -0.327085 0.201464 0.14815 -0.0325444 0.14115 0.166308 0.0954515 -0.16223 0.184762 0.132612 0.322864 -0.00847413 0.080361 -0.0316927 0.218951 0.19606 -0.0445798 -0.0265998 0.0315351 0.126784 0.263463 -0.0382323 -0.172739 -0.0479348 -0.0547267 -0.0741083
internal_weight=4632 728 42 686 77 609 579 3904 57 556 237 61 176 155 66 89 68 47 319 292 3398 2112 567 181 99 82 51 1545 1489 1286
internal_count=4632 728 42 686 77 609 579 3904 57 556 237 61 176 155 66 89 68 47 319 292 3398 2112 567 181 99 82 51 1545 1489 1286
is_linear=0
shrinkage=0.05


Tree=97
num_leaves=31
num_cat=0
split_feature=3 0 5 3 3 3 3 5 5 6 1 6 6 3 4 7 4 0 5 6 6 0 7 3 6 0 6 7 7 4
split_gain=9503.43 5238.69 5571.27 32720.2 10066.6 1236.15 954.51 922.259 1426.9 1523.85 1600.22 1285.46 1738.14 1604.88 1100.38 1742.31 1403.8 1351.33 986.982 985.441 954.582 1328.24 925.038 1580.92 1642.23 878.217 1697.22 849.98 1955.68 759.743
threshold=9.2350000000000012 22.500000000000004 1.0000000180025095e-35 17.300000000000001 19.910000000000004 13.075000000000001 6.2650000000000006 65.850000000000009 38.45000000000001 697.85000000000002 1.5000000000000002 37.800000000000004 84.40000000000002 8.6750000000000025 7.9500000000000011 158.02083333333334 14.450000000000001 4.5000000000000009 17.550000000000004 43.550000000000004 341.10000000000008 10.500000000000002 119.89375000000001 7.705000000000001 38.550000000000004 7.5000000000000009 71.850000000000009 120.96875 151.49583333333337 8.7500000000000018
decision_type=2 2 2 2 2 2 2 2 2 2 2 2 2 2 2 2 2 2 2 2 2 2 2 2 2 2 2 2 2 2
left_child=6 2 3 5 -4 29 -1 8 9 10 22 13 -13 18 15 -9 -16 -18 -12 -19 21 -14 -8 -24 -25 -10 -27 -21 -29 -2
right_child=1 -3 4 -5 -6 -7 7 14 25 -11 11 12 20 -15 16 -17 17 19 -20 27 -22 -23 23 24 -26 26 -28 28 -30 -31
leaf_value=-0.048680601800838393 -0.18980271180470787 0.76503957390333666 0.14628457936676259 -2.0329248219169678 1.098154382870115 0.32930178493261342 -0.043214008212089539 -0.048624230518765833 0.48667699937467224 -0.40463531106710438 -0.25461133925551643 0.40708083654894978 -0.45748448414461951 0.29271842420101163 -0.48621711297468706 0.3535605739324521 -0.3609479211709079 -0.13551204910083695 0.11432348896156659 -0.17212010097503663 0.2021119840683476 0.048271356610690846 0.5251443131189597 -0.20562664114910625 0.41387515693902971 0.44019968393056291 -0.15494873180612923 0.45919553682659614 -0.036729643583297729 0.10968331597331499
leaf_weight=2886 30 33 658 20 29 48 28 87 27 20 103 33 21 20 22 39 34 98 22 25 31 34 38 23 20 23 25 33 50 72
leaf_count=2886 30 33 658 20 29 48 28 87 27 20 103 33 21 20 22 39 34 98 22 25 31 34 38 23 20 23 25 33 50 72
internal_value=-1.18496e-10 0.146853 0.123049 -0.133229 0.186465 0.120064 -0.0349276 0.0114405 0.058696 0.0205562 0.0433547 -0.0231905 0.0985982 -0.123141 -0.0455584 0.0758615 -0.103951 -0.0689102 -0.189679 -0.0207098 -0.019773 -0.144835 0.204528 0.290168 0.0825137 0.258549 0.130227 0.0834627 0.160445 0.0215992
internal_weight=4632 890 857 170 687 150 3742 856 468 393 373 264 119 145 388 126 262 240 125 206 86 55 109 81 43 75 48 108 83 102
internal_count=4632 890 857 170 687 150 3742 856 468 393 373 264 119 145 388 126 262 240 125 206 86 55 109 81 43 75 48 108 83 102
is_linear=0
shrinkage=0.05


Tree=98
num_leaves=31
num_cat=0
split_feature=3 0 3 7 3 3 6 7 4 1 4 4 0 1 4 6 1 6 4 7 6 5 4 0 5 5 6 7 3 7
split_gain=8674.12 4620.48 5831.06 57991.7 1238.31 721.546 620.48 1128.84 1105.68 614.364 691.01 1223.77 1207.22 1590.55 1152.36 1632.35 1097.2 1052.51 1599.28 1575 1110.85 1913.27 1077.76 731.108 678.257 1387.42 1102.34 1609.44 1106.78 1524.58
threshold=10.065000000000003 22.500000000000004 19.095000000000002 156.85000000000002 6.6350000000000007 12.070000000000002 165.90000000000001 179.38333333333335 47.750000000000007 3.5000000000000004 195.40000000000001 306.95000000000005 6.5000000000000009 1.0000000180025095e-35 8.7500000000000018 42.650000000000013 1.5000000000000002 14.350000000000003 16.450000000000003 157.75416666666669 41.95000000000001 10.65 49.350000000000001 16.500000000000004 23.650000000000002 67.700000000000003 44.20000000000001 147.35000000000002 7.705000000000001 149.80833333333337
decision_type=2 2 2 2 2 2 2 2 2 2 2 2 2 2 2 2 2 2 2 2 2 2 2 2 2 2 2 2 2 2
left_child=4 2 5 -4 -1 6 -2 8 -8 10 14 -12 -13 -14 15 16 -6 19 -19 -16 -20 -22 -23 -15 26 -26 28 -28 -11 -30
right_child=1 -3 3 -5 9 -7 7 -9 -10 24 11 12 13 23 17 -17 -18 18 20 -21 21 22 -24 -25 25 -27 27 -29 29 -31
leaf_value=-0.044715180739555577 0.070130647267302823 0.80028583219757798 -2.2211511114369271 1.2255238675154174 0.066446731849150217 0.22033846885768585 0.31218551150683704 0.51202065515518191 -0.14660969376564026 -0.35755600561246731 0.38180797642895153 -0.30068542721370856 0.48676120631396769 0.12489984237721988 0.2048293308019638 0.25214455532339902 -0.28570046072473398 -0.54001455836825907 -0.41610201549530035 -0.2534286207954089 0.35755428464516353 -0.35807193872090937 0.0080673672936179431 -0.26537461067949025 0.33735263175491631 0.052603675123372697 0.5145770171284676 -0.028333562196687215 -0.24691345620155336 0.32379238293929535
leaf_weight=3026 212 27 23 26 55 362 29 25 24 33 28 24 20 28 50 65 37 27 25 30 23 37 44 21 58 163 20 43 25 22
leaf_count=3026 212 27 23 26 55 362 29 25 24 33 28 24 20 28 50 65 37 27 25 30 23 37 44 21 58 163 20 43 25 22
internal_value=-1.19404e-10 0.158448 0.133727 -0.392303 -0.0295467 0.17326 0.114493 0.235067 0.104429 0.022731 -0.012466 0.0920143 0.00476454 0.111008 -0.0446342 0.0603379 -0.0751777 -0.114467 -0.190083 0.0329826 -0.116841 -0.0449034 -0.159181 -0.0423606 0.0724321 0.127334 -0.0124165 0.144019 -0.135609 0.0202254
internal_weight=4632 728 701 49 3904 652 290 78 53 878 514 121 93 69 393 157 92 236 156 80 129 104 81 49 364 221 143 63 80 47
internal_count=4632 728 701 49 3904 652 290 78 53 878 514 121 93 69 393 157 92 236 156 80 129 104 81 49 364 221 143 63 80 47
is_linear=0
shrinkage=0.05


Tree=99
num_leaves=31
num_cat=0
split_feature=3 7 5 7 3 3 0 6 3 6 5 6 5 3 3 7 4 0 7 7 5 6 0 6 5 4 6 5 4 4
split_gain=7828.39 4636.49 10161.9 6520.51 16588.8 11727.8 2195.53 1190.01 1125.05 747.229 2003.3 1468.73 1291.03 1459.14 1119.51 821.326 682.283 914.317 656.605 863.091 1435.25 1173.08 1294.81 1015.85 944.68 1633.53 791.701 819.004 626.049 1130.41
threshold=10.065000000000003 107.41666666666669 26.750000000000004 129.22291666666669 14.935 19.910000000000004 22.500000000000004 32.000000000000007 6.2650000000000006 24.250000000000004 187.75000000000003 2.8500000000000001 106.55000000000001 13.250000000000002 15.140000000000002 156.0604166666667 182.90000000000001 9.5000000000000018 139.65625000000003 178.90833333333336 469.65000000000003 45.050000000000004 18.500000000000004 457.00000000000006 140.20000000000002 108.50000000000001 357.10000000000008 17.550000000000004 372.70000000000005 341.50000000000006
decision_type=2 2 2 2 2 2 2 2 2 2 2 2 2 2 2 2 2 2 2 2 2 2 2 2 2 2 2 2 2 2
left_child=8 2 -2 4 7 6 9 -3 28 10 12 -12 13 15 -15 -5 17 -17 -11 20 24 -21 23 -23 25 26 27 -20 29 -1
right_child=1 3 -4 5 -6 -7 -8 -9 -10 18 11 -13 -14 14 -16 16 -18 -19 19 21 -22 22 -24 -25 -26 -27 -28 -29 -30 -31
leaf_value=-0.037976621611689972 1.4761825254559517 0.36996090841981083 -0.081056106632406075 -0.29297001759211222 -1.5531699997186661 1.1380548254648846 -0.35453937805217245 -0.088724141015160476 0.017124138200108496 0.46416154149032779 0.096155412325502509 -0.39619007589239064 0.53021412520181566 0.5920531153678894 0.14993411963184675 -0.25699129893134037 0.30170203560874581 0.18417029056860054 -0.071611235618591312 0.55820722005985401 0.48391437214799232 0.20699808740917641 0.56184281576192008 -0.17058001963988595 -0.22828087726874011 -0.19533085618168117 0.5019783329963684 0.33730596636111537 -0.095633505608649846 0.23007036663591862
leaf_weight=2358 20 26 22 21 20 30 23 31 1018 21 28 33 21 21 45 24 21 23 25 27 20 79 20 23 28 32 20 24 488 40
leaf_count=2358 20 26 22 21 20 30 23 31 1018 21 28 33 21 21 45 24 21 23 25 27 20 79 20 23 28 32 20 24 488 40
internal_value=-1.2458e-09 0.150526 0.660486 0.119304 -0.314219 0.174117 0.124172 0.120501 -0.0280694 0.143975 0.0767267 -0.170195 0.162308 0.112462 0.290608 -0.0196461 0.0647628 -0.0411037 0.193937 0.174894 0.0898018 0.259986 0.193987 0.121858 0.028699 0.099941 0.236879 0.128675 -0.0440108 -0.0335054
internal_weight=4632 728 42 686 77 609 579 57 3904 556 237 61 176 155 66 89 68 47 319 298 149 149 122 102 129 101 69 49 2886 2398
internal_count=4632 728 42 686 77 609 579 57 3904 556 237 61 176 155 66 89 68 47 319 298 149 149 122 102 129 101 69 49 2886 2398
is_linear=0
shrinkage=0.05


Tree=100
num_leaves=31
num_cat=0
split_feature=3 7 7 4 3 3 0 3 6 4 4 5 7 5 5 6 5 6 7 1 0 0 3 5 3 3 3 4 5 7
split_gain=7153.16 5865.46 6703.71 16415.3 26697.6 10273.7 2195.65 1238.95 772.942 1694.75 2112.67 2166.83 2021.31 1466.2 1539.99 1311.85 1136.35 1079.27 719.81 694.525 646.306 925.431 793.632 1453.37 1314.39 1008.75 868.193 955.942 684.577 822.996
threshold=10.475000000000003 105.13958333333333 129.22291666666669 74.600000000000009 12.645000000000001 19.910000000000004 22.500000000000004 7.7650000000000006 27.450000000000003 15.450000000000001 140.20000000000002 9.6500000000000004 158.71875000000003 170.05000000000004 14.850000000000003 4.6500000000000012 116.85000000000001 38.550000000000004 232.28958333333335 1.0000000180025095e-35 14.500000000000002 10.500000000000002 4.9150000000000009 57.650000000000013 5.7750000000000012 7.2700000000000005 5.7750000000000012 98.450000000000017 704.55000000000007 239.01458333333332
decision_type=2 2 2 2 2 2 2 2 2 2 2 2 2 2 2 2 2 2 2 2 2 2 2 2 2 2 2 2 2 2
left_child=7 -2 3 4 -3 6 8 20 9 12 13 -12 -4 14 -11 -14 -13 -10 -9 -19 21 28 -23 24 -24 -26 -25 -28 29 -1
right_child=1 2 5 -5 -6 -7 -8 18 17 10 11 16 15 -15 -16 -17 -18 19 -20 -21 -22 22 23 26 25 -27 27 -29 -30 -31
leaf_value=-0.052509222840932158 0.86215874797531544 0.10796251176826416 0.59337773700555174 0.87923478901386254 -2.2351600776612761 1.0811520942052206 -0.371364749897094 0.054598301899251203 0.49622695456291066 -0.36466170263290409 0.56755506371458375 -0.25704770187536874 -0.19179293339451153 -0.56511584099382162 0.15559222492756267 0.32573666816949842 0.23477222595525826 0.41718569913735754 -0.20088517583649734 0.14344687456955932 -0.064554875726488589 -0.0054668755864077899 0.49138129582214685 -0.29482772130033247 -0.023796819358371024 0.40601953655481343 -0.08228801265358926 0.33806123052324571 0.13197637141815252 0.16946257983529292
leaf_weight=1446 28 31 30 20 20 30 21 559 29 25 24 24 24 20 33 25 23 26 29 213 1286 386 36 23 43 20 38 21 56 43
leaf_count=1446 28 31 30 20 20 30 21 559 29 25 24 24 24 20 33 25 23 26 29 213 1286 386 36 23 43 20 38 21 56 43
internal_value=1.1061e-10 0.154343 0.122274 -0.334812 -0.810909 0.181603 0.129405 -0.025014 0.150607 0.0829357 -0.0163247 0.181013 0.270148 -0.195953 -0.0686552 0.0722528 -0.0163699 0.208178 0.0419979 0.173226 -0.0366099 -0.0195941 0.0350405 0.121426 0.250372 0.112653 -0.0342524 0.0673278 -0.0396445 -0.046099
internal_weight=4632 646 618 71 51 547 517 3986 496 228 149 71 79 78 58 49 47 268 588 239 3398 2112 567 181 99 63 82 59 1545 1489
internal_count=4632 646 618 71 51 547 517 3986 496 228 149 71 79 78 58 49 47 268 588 239 3398 2112 567 181 99 63 82 59 1545 1489
is_linear=0
shrinkage=0.05


Tree=101
num_leaves=31
num_cat=0
split_feature=3 6 3 3 7 0 7 4 4 3 4 3 0 6 6 4 5 1 0 7 4 4 7 7 4 4 3 7 7 7
split_gain=6455.73 5728.28 18800.2 13652.8 1335.31 1395.91 1954.3 1524.55 1249.77 1118.16 993.566 2032.48 2189.76 1629.86 1517.25 928.004 1024.12 1548.62 1846.25 803.15 777.631 856.629 768.105 649.629 610.52 879.624 602.462 626.505 1345.67 1182.56
threshold=10.475000000000003 3.8500000000000001 17.845000000000002 19.095000000000002 209.47291666666669 7.5000000000000009 173.16666666666671 16.450000000000003 702.35000000000014 7.7650000000000006 31.750000000000004 12.945000000000002 15.500000000000002 26.950000000000003 34.400000000000006 112.05000000000003 452.80000000000001 4.5000000000000009 15.500000000000002 179.93750000000003 67.700000000000003 45.45000000000001 169.8041666666667 232.28958333333335 720.6500000000002 715.75000000000011 1.0750000000000004 85.020833333333357 87.687500000000014 62.256250000000016
decision_type=2 2 2 2 2 2 2 2 2 2 2 2 2 2 2 2 2 2 2 2 2 2 2 2 2 2 2 2 2 2
left_child=9 2 4 8 5 -2 7 -7 10 24 11 13 14 -3 -13 20 17 18 -17 -15 21 -12 -16 -11 25 26 -1 29 -29 -28
right_child=1 3 -4 -5 -6 6 -8 -9 -10 23 15 12 -14 19 22 16 -18 -19 -20 -21 -22 -23 -24 -25 -26 -27 27 28 -30 -31
leaf_value=-0.10796789253846957 -0.15584722275243088 -0.44436999162038165 1.7699819478121672 -0.85750537836873864 0.53468521129001267 0.76338793218135836 -0.10992258882522583 0.1534191790081206 -0.2109405970821778 0.051868389662161923 0.41335290187391743 0.61038307828061722 -0.13993730612339514 -0.074795567015042683 0.039366819972501084 -0.19776601667674085 0.47843196690082551 0.40529094585056963 0.28800979001868154 0.29157311064856395 0.52464381185097575 0.0095217781762282072 0.42986826449632648 -0.19084092029209795 0.15467063964655003 -0.32684674675648034 0.16740265584761096 0.31604226362602467 -0.026284777550213235 -0.16950199662542054
leaf_weight=260 34 24 22 37 22 20 25 21 24 559 29 34 31 52 34 53 20 29 31 21 39 24 20 29 42 26 31 29 2847 163
leaf_count=260 34 24 22 37 22 20 25 21 24 559 29 34 31 52 34 53 20 29 31 21 39 24 20 29 42 26 31 29 2847 163
internal_value=-6.71369e-10 0.146626 0.424621 0.0668824 0.182014 0.104427 0.238508 0.450965 0.140436 -0.0237633 0.159558 0.0829611 0.221435 -0.0869197 0.348737 0.233092 0.148637 0.0902667 -0.0184916 0.0305982 0.355183 0.230486 0.183997 0.039898 -0.0347794 -0.0371503 -0.0348884 -0.0286993 -0.0228329 -0.115667
internal_weight=4632 646 144 502 122 100 66 41 465 3986 441 216 119 97 88 225 133 113 84 73 92 53 54 588 3398 3356 3330 3070 2876 194
internal_count=4632 646 144 502 122 100 66 41 465 3986 441 216 119 97 88 225 133 113 84 73 92 53 54 588 3398 3356 3330 3070 2876 194
is_linear=0
shrinkage=0.05


Tree=102
num_leaves=31
num_cat=0
split_feature=3 7 7 3 3 7 3 3 4 6 6 7 1 0 5 3 6 3 3 5 4 4 4 6 6 6 7 5 6 4
split_gain=5829.27 5403.7 6217.84 40250 11267.3 1175.57 2259.42 981.064 970.649 885.506 1263.51 1745.02 1888.56 1182.68 875.844 1351.76 865.068 798.866 789.008 694.387 588.92 713 1040.35 561.56 789.571 1163.6 855.98 1077.12 1164.33 1784.62
threshold=10.390000000000002 105.13958333333333 154.84166666666667 19.095000000000002 19.095000000000002 138.30208333333334 12.945000000000002 5.9350000000000014 702.35000000000014 27.450000000000003 436.00000000000006 167.29375000000005 3.5000000000000004 19.500000000000004 191.10000000000002 12.210000000000003 0.95000000000000007 14.660000000000002 13.445000000000002 36.050000000000004 720.6500000000002 372.70000000000005 341.50000000000006 707.25000000000011 693.85000000000014 683.25000000000011 86.689583333333346 208.55000000000004 213.50000000000003 17.550000000000004
decision_type=2 2 2 2 2 2 2 2 2 2 2 2 2 2 2 2 2 2 2 2 2 2 2 2 2 2 2 2 2 2
left_child=7 -2 3 5 8 6 -3 20 9 13 11 -11 -13 14 15 16 -4 -17 -12 -14 21 22 -1 24 25 26 -9 -28 29 -29
right_child=1 2 4 -5 -6 -7 -8 23 -10 10 18 12 19 -15 -16 17 -18 -19 -20 -21 -22 -23 -24 -25 -26 -27 27 28 -30 -31
leaf_value=-0.035317724933595737 0.81711465125637395 0.057860398548307705 0.20224297297000887 -2.190833881923131 1.1880981742271357 -0.017843937101877396 0.54899244369525046 -0.15663340156897904 -0.17276589938185433 -0.023292773775756361 0.20951189154928385 0.22916416515772409 0.44369905292987827 -0.21180949317557471 -0.073374245166778568 0.53994788508862257 -0.2389376501739025 0.18080500741799674 -0.21896158378748667 0.81276086950302118 0.17043006895392232 -0.10137854953595292 0.23198646371429033 -0.17240730566092027 0.27366232514381411 -0.33823803300442906 0.060540194823122485 0.062768976502521071 0.17051331251859667 -0.22550877603357586
leaf_weight=2247 28 67 25 21 28 90 36 64 22 32 22 74 26 28 35 32 20 30 21 25 33 427 37 39 30 23 803 93 47 127
leaf_count=2247 28 67 25 21 28 90 36 64 22 32 22 74 26 28 35 32 20 30 21 25 33 427 37 39 30 23 803 93 47 127
internal_value=3.62673e-11 0.13736 0.107339 -0.112024 0.219109 0.114168 0.229518 -0.0229048 0.149896 0.169081 0.240395 0.306165 0.390507 0.0851826 0.143744 0.214765 0.0061627 0.366169 0.000257404 0.624612 -0.0395189 -0.0420745 -0.0309875 0.0142804 0.0204142 0.0138477 0.0209888 0.0316129 -0.0553857 -0.103646
internal_weight=4632 662 634 214 420 193 103 3970 392 370 200 157 125 170 142 107 45 62 43 51 2744 2711 2284 1226 1187 1157 1134 1070 267 220
internal_count=4632 662 634 214 420 193 103 3970 392 370 200 157 125 170 142 107 45 62 43 51 2744 2711 2284 1226 1187 1157 1134 1070 267 220
is_linear=0
shrinkage=0.05


Tree=103
num_leaves=31
num_cat=0
split_feature=3 3 3 7 3 7 7 5 4 7 7 7 4 4 3 6 6 6 3 6 7 0 4 5 3 3 7 5 5 7
split_gain=5732.58 3955.38 3561.79 1464.95 1251.58 1445.19 1101.83 965.316 796.668 837.517 1600.83 1110.3 998.804 1390.32 1196.37 930.919 1224.82 2392.59 1217.96 1124.91 1038.01 1144.29 836.851 807.496 788.703 1453.38 787.053 759.193 3262.09 1041.62
threshold=21.600000000000005 7.9050000000000011 19.095000000000002 96.022916666666674 11.895000000000001 138.30208333333334 102.46875000000001 18.650000000000002 705.1500000000002 179.38333333333335 185.69791666666671 160.82916666666671 349.35000000000008 72.750000000000014 9.7300000000000022 146.20000000000002 76.800000000000026 36.050000000000004 9.2350000000000012 377.4500000000001 146.04583333333338 10.500000000000002 117.10000000000001 98.600000000000009 10.255000000000001 9.1650000000000009 152.86875000000001 41.800000000000004 13.15 205.06458333333333
decision_type=2 2 2 2 2 2 2 2 2 2 2 2 2 2 2 2 2 2 2 2 2 2 2 2 2 2 2 2 2 2
left_child=1 -1 3 -3 6 7 -5 -6 9 11 -11 15 13 14 -13 16 17 20 -17 -20 22 -22 24 -18 25 -8 -7 28 -12 -29
right_child=-2 2 -4 4 5 26 8 -9 -10 10 27 12 -14 -15 -16 18 23 -19 19 -21 21 -23 -24 -25 -26 -27 -28 29 -30 -31
leaf_value=-0.031247736642437671 0.74034827305720408 -0.16114465608427833 -0.50355704335065987 0.39453705425063768 0.6507824623066446 -0.051520226754248145 0.052373773404737804 0.24426322368904951 -0.21132777514202253 0.45226989950452534 0.24279298345247904 -0.27029388108674218 0.19920717307499478 -0.49291093710523387 0.15231960298437064 0.52523144263288246 -0.0070915398001670836 0.4238329213399154 -0.20720231920480728 0.26286653569766455 0.42216900455951695 -0.051598880382684564 -0.33353334863980616 -0.45639540880918505 0.1752719275215093 -0.45138928944414314 0.16438083404269607 -0.013608459801208684 -0.41169538497924807 0.32066213218150319
leaf_weight=3434 26 56 26 24 23 50 41 40 28 35 45 34 21 26 33 23 20 39 20 35 25 26 27 20 34 22 271 41 33 54
leaf_count=3434 26 56 26 24 23 50 41 40 28 35 45 34 21 26 33 23 20 39 20 35 25 26 27 20 34 22 271 41 33 54
internal_value=-3.90042e-10 -0.00417913 0.0751328 0.0882619 0.101075 0.173723 0.0615617 0.392675 0.0498441 0.0610257 0.14388 0.0223853 -0.112244 -0.182571 -0.062141 0.0686133 0.0222166 0.0696857 0.2197 0.0919324 -0.00923852 0.18064 -0.0873338 -0.231743 -0.0188041 -0.123543 0.130751 0.0814887 -0.0341059 0.176398
internal_weight=4632 4606 1172 1146 1090 384 706 63 682 654 208 446 114 93 67 332 254 214 78 55 175 51 124 40 97 63 321 173 78 95
internal_count=4632 4606 1172 1146 1090 384 706 63 682 654 208 446 114 93 67 332 254 214 78 55 175 51 124 40 97 63 321 173 78 95
is_linear=0
shrinkage=0.05


Tree=104
num_leaves=31
num_cat=0
split_feature=3 3 3 7 3 7 7 5 4 7 7 7 4 4 3 6 5 3 6 6 6 7 3 4 7 3 3 5 5 7
split_gain=5173.65 3569.73 3214.51 1322.11 1129.55 1304.28 994.404 871.198 718.993 755.859 1444.75 1002.04 901.42 1254.77 1079.72 840.154 1210.38 1099.2 1015.23 916.303 1798.88 971.356 1150.68 924.782 710.315 701.751 1182.23 685.172 2944.03 940.064
threshold=21.600000000000005 7.9050000000000011 19.095000000000002 96.022916666666674 11.895000000000001 138.30208333333334 102.46875000000001 18.650000000000002 705.1500000000002 179.38333333333335 185.69791666666671 160.82916666666671 349.35000000000008 72.750000000000014 9.7300000000000022 146.20000000000002 678.1500000000002 9.2350000000000012 377.4500000000001 76.800000000000026 36.750000000000007 146.04583333333338 9.7300000000000022 117.10000000000001 152.86875000000001 10.255000000000001 9.1650000000000009 41.800000000000004 13.15 205.06458333333333
decision_type=2 2 2 2 2 2 2 2 2 2 2 2 2 2 2 2 2 2 2 2 2 2 2 2 2 2 2 2 2 2
left_child=1 -1 3 -3 6 7 -5 -6 9 11 -11 15 13 14 -13 16 19 -17 -19 20 21 23 -23 25 -7 26 -8 28 -12 -29
right_child=-2 2 -4 4 5 24 8 -9 -10 10 27 12 -14 -15 -16 17 -18 18 -20 -21 -22 22 -24 -25 -26 -27 -28 29 -30 -31
leaf_value=-0.02968534840101102 0.70333075890174279 -0.15308742082810828 -0.47837917243058864 0.37481020713845892 0.61824334160141325 -0.048944221779704096 0.085503598969233666 0.23205006757751107 -0.20076138377189637 0.42965640442711966 0.23065333250496123 -0.2567791877424016 0.18924681146939595 -0.46826538609770635 0.14470362270420248 0.49896987987601238 -0.34245974790482298 -0.19684219658374788 0.24972320863178799 -0.17807607501745226 0.42708055072957107 0.46119965165853505 -0.033711472801540208 -0.31309981873402232 0.15616179087175217 0.21340682209702211 -0.38942387402057649 -0.012928028222991201 -0.3911106167417584 0.30462902320755858
leaf_weight=3434 26 56 26 24 23 50 38 40 28 35 45 34 21 26 33 23 21 20 35 36 34 24 23 26 271 32 20 41 33 54
leaf_count=3434 26 56 26 24 23 50 38 40 28 35 45 34 21 26 33 23 21 20 35 36 34 24 23 26 271 32 20 41 33 54
internal_value=5.00184e-10 -0.00397017 0.0713762 0.0838488 0.0960217 0.165037 0.0584836 0.373041 0.0473519 0.0579744 0.136686 0.021266 -0.106631 -0.173443 -0.0590339 0.0651826 0.0211057 0.208715 0.0873358 0.0538734 0.0962601 0.0272547 0.219009 -0.0504389 0.124214 0.0254409 -0.0782645 0.0774143 -0.0324006 0.167578
internal_weight=4632 4606 1172 1146 1090 384 706 63 682 654 208 446 114 93 67 332 254 78 55 233 197 163 47 116 321 90 58 173 78 95
internal_count=4632 4606 1172 1146 1090 384 706 63 682 654 208 446 114 93 67 332 254 78 55 233 197 163 47 116 321 90 58 173 78 95
is_linear=0
shrinkage=0.05


Tree=105
num_leaves=31
num_cat=0
split_feature=3 3 3 7 0 3 7 7 7 0 7 4 6 5 7 7 6 7 3 5 3 7 7 5 7 5 6 6 3 6
split_gain=4669.22 3222 2927.57 1045.87 1082.33 935.672 899.954 726.613 692.207 1198.2 790.221 710.345 1743.75 1126.05 1107.28 1978.02 846.026 812.53 673.838 664.937 651.148 589.161 843.632 1354.09 1139.38 1191.36 1023.92 776.338 628.159 599.059
threshold=21.600000000000005 8.1150000000000002 19.095000000000002 94.091666666666683 21.500000000000004 12.070000000000002 195.94375000000002 148.02708333333337 139.65625000000003 14.500000000000002 152.86875000000001 53.550000000000004 192.15000000000003 25.450000000000003 218.63750000000002 194.14375000000004 14.050000000000002 193.58958333333337 13.575000000000001 65.850000000000009 15.470000000000001 62.256250000000016 85.020833333333357 106.55000000000001 90.666666666666671 60.300000000000004 3.2500000000000004 341.10000000000008 1.0750000000000004 21.750000000000004
decision_type=2 2 2 2 2 2 2 2 2 2 2 2 2 2 2 2 2 2 2 2 2 2 2 2 2 2 2 2 2 2
left_child=1 21 3 19 5 -5 7 -6 9 -7 -10 12 13 20 15 16 -13 -15 -18 -3 -12 -1 23 26 25 -24 -23 -28 29 -26
right_child=-2 2 -4 4 6 8 -8 -9 10 -11 11 14 -14 17 -16 -17 18 -19 -20 -21 -22 22 24 -25 28 -27 27 -29 -30 -31
leaf_value=0.17660482287406923 0.66816431192251358 0.024003571725409966 -0.45446023214608433 0.070482454540891734 0.019251809641718867 0.1716425206215883 0.19281560693468369 -0.34232147390192208 -0.063968355644766869 0.63068706818989351 0.37163853632367178 -0.21902339713914054 -0.086246263289025848 0.74792285911414935 -0.15422357864239639 0.59099624156951902 -0.032331827878952023 0.33204189389944078 0.37810647845268253 -0.3701954933255911 -0.0088494321162050412 -0.45648440304729676 0.38183985080037797 0.051418086420744663 -0.019697790393339739 -0.0438069821365418 -0.051034618748558892 -0.4085947319120169 -0.021583583712965478 -0.17664474449435574
leaf_weight=35 26 23 26 632 24 44 21 33 41 21 23 21 28 23 34 22 20 24 20 20 22 36 35 64 112 31 63 20 2955 133
leaf_count=35 26 23 26 632 24 44 21 33 41 21 23 21 28 23 34 22 20 24 20 20 22 36 35 64 112 31 63 20 2955 133
internal_value=-4.26122e-10 -0.00377166 0.0699192 0.0823588 0.092229 0.106567 -0.0869928 -0.19008 0.173054 0.319949 0.138708 0.173771 0.259244 0.364394 0.0861053 0.184553 0.0379672 0.535558 0.172887 -0.159345 0.185622 -0.0275033 -0.0295746 -0.134042 -0.0237211 0.181915 -0.233786 -0.137194 -0.0279623 -0.104898
internal_weight=4632 4606 1122 1096 1053 975 78 57 343 65 278 237 120 92 117 83 61 47 40 43 45 3484 3449 183 3266 66 119 83 3200 245
internal_count=4632 4606 1122 1096 1053 975 78 57 343 65 278 237 120 92 117 83 61 47 40 43 45 3484 3449 183 3266 66 119 83 3200 245
is_linear=0
shrinkage=0.05


Tree=106
num_leaves=31
num_cat=0
split_feature=3 3 3 7 3 7 7 3 0 4 5 5 1 6 7 4 4 7 7 6 4 4 4 4 5 7 5 4 6 7
split_gain=4213.97 2916.4 2619.33 1091.84 933.038 1077.21 899.831 874.222 665.588 650.08 722.416 651.934 610.072 1128.74 1640.22 1259.6 917.638 792.831 1008.37 913.741 674.064 583.913 646.51 572.002 596.583 830.946 905.302 771.828 716.824 535.632
threshold=21.600000000000005 7.9050000000000011 19.095000000000002 96.022916666666674 11.895000000000001 138.30208333333334 102.46875000000001 14.935 11.500000000000002 702.35000000000014 710.35000000000014 683.25000000000011 3.5000000000000004 4.9500000000000011 171.38958333333338 31.750000000000004 225.05000000000004 156.0604166666667 173.16666666666671 192.15000000000003 22.150000000000002 131.80000000000004 20.450000000000003 542.15000000000009 173.25000000000003 125.46875000000001 367.2000000000001 31.250000000000004 112.05000000000003 62.256250000000016
decision_type=2 2 2 2 2 2 2 2 2 2 2 2 2 2 2 2 2 2 2 2 2 2 2 2 2 2 2 2 2 2
left_child=1 29 3 8 6 7 -5 -6 -3 10 11 23 17 -14 15 -15 20 -7 -19 21 -16 22 -20 24 -8 -26 28 -28 -27 -1
right_child=-2 2 -4 4 5 12 9 -9 -10 -11 -12 -13 13 14 16 -17 -18 18 19 -21 -22 -23 -24 -25 25 26 27 -29 -30 -31
leaf_value=0.16777457986559188 0.63475613227257366 -0.3385802077750365 -0.43173721558772604 0.35363298120597997 0.19248815633547611 -0.16236988693475723 0.066514662169603583 0.57603031421701123 0.0097460327204316865 -0.17787517067044975 -0.22866148515181109 0.29436181578142889 -0.088409721029215849 -0.2302716483888419 0.37685221698549065 0.29301286236099572 0.13545095860958098 0.34093950715135124 0.046936300137768623 -0.22963197002044092 0.75982912659645085 -0.032040225924589695 0.42606663378802212 0.23935789391398432 -0.33632894273508684 -0.25590235779159948 0.40199282333254821 -0.014734128177165984 0.11391176402568817 -0.028830074346765423
leaf_weight=35 26 24 26 24 39 35 436 24 32 32 22 29 29 23 27 23 20 34 23 26 20 39 22 38 22 38 20 25 20 3399
leaf_count=35 26 24 26 24 39 35 436 24 32 32 22 29 29 23 27 23 20 34 23 26 20 39 22 38 22 38 20 25 20 3399
internal_value=-7.21614e-11 -0.00358308 0.0645202 0.0757791 0.0868412 0.149567 0.0527243 0.338599 -0.139537 0.0421351 0.0529664 0.0628323 0.112467 0.189858 0.261271 0.0313706 0.419114 0.0510726 0.102951 0.0293909 0.539821 0.109565 0.232289 0.051623 0.0389066 -0.0573903 0.00218882 0.170478 -0.12838 -0.0268262
internal_weight=4632 4606 1172 1146 1090 384 706 63 56 682 650 628 321 142 113 46 67 179 144 110 47 84 45 599 561 125 103 45 58 3434
internal_count=4632 4606 1172 1146 1090 384 706 63 56 682 650 628 321 142 113 46 67 179 144 110 47 84 45 599 561 125 103 45 58 3434
is_linear=0
shrinkage=0.05


Tree=107
num_leaves=31
num_cat=0
split_feature=3 3 3 7 3 7 7 3 0 6 6 6 0 4 1 4 6 0 4 0 4 4 5 5 3 0 7 1 6 7
split_gain=3803.11 2632.05 2363.95 985.382 842.066 972.185 812.098 788.985 624.367 776.618 944.277 803.838 1472.23 768.987 700.924 1321.28 628.862 730.333 1510.5 975.726 1046.9 1087.07 1322.77 959.589 724.061 600.693 579.505 550.59 1018.68 1480.3
threshold=21.600000000000005 7.9050000000000011 19.095000000000002 96.022916666666674 11.895000000000001 138.30208333333334 102.46875000000001 14.935 19.500000000000004 239.45000000000002 117.25000000000001 697.85000000000002 14.500000000000002 262.75000000000006 1.5000000000000002 47.750000000000007 44.20000000000001 14.500000000000002 106.55000000000001 10.500000000000002 58.650000000000013 444.35000000000008 12.750000000000002 102.40000000000002 8.5550000000000015 11.500000000000002 133.91458333333335 3.5000000000000004 4.9500000000000011 171.38958333333338
decision_type=2 2 2 2 2 2 2 2 2 2 2 2 2 2 2 2 2 2 2 2 2 2 2 2 2 2 2 2 2 2
left_child=1 -1 3 25 6 7 -5 -6 9 10 16 12 14 -10 -11 -16 17 19 -19 20 -8 22 -22 -21 -18 -3 -26 -7 -29 -30
right_child=-2 2 -4 4 5 27 8 -9 13 11 -12 -13 -14 -15 15 -17 24 18 -20 23 21 -23 -24 -25 26 -27 -28 28 29 -31
leaf_value=-0.025484927902912131 0.60301807110126204 -0.3216511969765028 -0.41015036507294733 0.33595132821549978 0.18286373642010567 0.048518985211062272 0.14744284444560227 0.54722880323727929 -0.0041491165205284402 -0.12764934536069633 -0.16898742211314868 -0.073527263270484075 0.57552863545715816 -0.34367845399039137 0.47013391526760878 -0.011994346699987848 0.41400418488875684 -0.015084253775106894 0.50808664397759873 -0.32374459104168984 0.099377722740173341 0.15624821895155416 -0.41307499673874948 0.090205994390306021 -0.13656258314847947 0.0092587319202721129 0.18478292196672014 -0.083989234833881779 0.029802073781257089 0.3981579307967158
leaf_weight=3434 26 24 26 24 39 179 104 24 81 20 53 27 24 21 27 30 23 37 22 42 20 29 34 21 20 32 47 29 46 67
leaf_count=3434 26 24 26 24 39 179 104 24 81 20 53 27 24 21 27 30 23 37 22 42 20 29 34 21 20 32 47 29 46 67
internal_value=-5.38462e-10 -0.00340392 0.0612942 0.0719901 0.0824991 0.142088 0.0500881 0.321669 0.0400283 0.0600908 0.0293018 0.168814 0.233599 -0.0740522 0.127023 0.216382 0.055641 0.0217641 0.179996 -0.0155788 0.0417554 -0.0906723 -0.223278 -0.185761 0.171952 -0.13256 0.0888589 0.106843 0.180365 0.248208
internal_weight=4632 4606 1172 1146 1090 384 706 63 682 580 452 128 101 102 77 57 399 309 59 250 187 83 54 63 90 56 67 321 142 113
internal_count=4632 4606 1172 1146 1090 384 706 63 682 580 452 128 101 102 77 57 399 309 59 250 187 83 54 63 90 56 67 321 142 113
is_linear=0
shrinkage=0.05


Tree=108
num_leaves=31
num_cat=0
split_feature=6 3 3 3 0 7 4 3 3 5 7 5 6 6 5 6 4 7 6 4 4 0 4 5 7 5 0 6 5 7
split_gain=3652.41 12784.2 2298.77 2146.48 819.392 914.114 907.7 839.961 798.475 742.593 730.103 963.087 698.279 1159.26 769.641 781.072 713.034 622.097 635.143 1225.01 1457.31 1305.12 879.089 815.647 1217.24 787.505 605.674 586.207 633.7 1028.78
threshold=728.05000000000007 21.600000000000005 8.1150000000000002 19.095000000000002 21.500000000000004 96.76666666666668 5.2500000000000009 11.425000000000002 12.070000000000002 69.40000000000002 139.65625000000003 15.450000000000001 702.10000000000014 239.45000000000002 24.550000000000004 393.40000000000003 35.150000000000013 152.86875000000001 349.00000000000006 58.650000000000013 140.20000000000002 6.5000000000000009 444.35000000000008 25.450000000000003 185.26666666666671 56.400000000000006 9.5000000000000018 117.25000000000001 14.850000000000003 164.86250000000004
decision_type=2 2 2 2 2 2 2 2 2 2 2 2 2 2 2 2 2 2 2 2 2 2 2 2 2 2 2 2 2 2
left_child=1 2 -1 4 5 9 -6 -8 12 -4 11 -10 13 27 15 -15 -16 -12 19 23 -21 -22 -23 26 -25 -20 -19 28 29 -7
right_child=-2 -3 3 -5 6 8 7 -9 10 -11 17 -13 -14 14 16 -17 -18 18 25 20 21 22 -24 24 -26 -27 -28 -29 -30 -31
leaf_value=-0.023161842097786281 -0.64270930395207626 1.1306711578369142 0.030973595939576628 -0.38964282526419713 -0.35823363363742833 -0.16208058016685148 -0.16604340055893207 0.22149324737213277 0.58559997283986642 -0.36235431492328646 -0.062065366627648479 0.16745394818484782 -0.2240360526811509 0.59624739346050082 0.28204935110848528 0.18626235493530449 -0.057783112526257445 0.0047229252479694507 -0.24170641849493785 -0.27716996173063913 0.45553883589231053 0.20823090505599975 -0.23651053130626681 0.69910761213302619 0.21492640177408853 0.19668706625699997 0.35814556411721488 -0.11411520374056541 0.094905956445201764 0.12512065084143117
leaf_weight=3469 22 25 30 26 22 72 29 27 21 20 40 40 21 21 29 26 33 27 21 24 26 25 20 25 27 20 22 57 310 55
leaf_count=3469 22 25 30 26 22 72 29 27 21 20 40 40 21 21 29 26 33 27 21 24 26 25 20 25 27 20 22 57 310 55
internal_value=-1.17862e-10 0.00306716 -0.00308117 0.059338 0.0700477 0.0820831 -0.0861036 0.0208046 0.0929168 -0.126358 0.154811 0.311406 0.059391 0.0692616 0.21685 0.369447 0.101171 0.120326 0.151109 0.188545 0.0596578 0.173515 0.010568 0.309776 0.447706 -0.0278559 0.163402 0.0366966 0.0563677 -0.0377021
internal_weight=4632 4610 4585 1116 1090 1012 78 56 962 50 338 61 624 603 109 47 62 277 237 196 95 71 45 101 52 41 49 494 437 127
internal_count=4632 4610 4585 1116 1090 1012 78 56 962 50 338 61 624 603 109 47 62 277 237 196 95 71 45 101 52 41 49 494 437 127
is_linear=0
shrinkage=0.05


Tree=109
num_leaves=31
num_cat=0
split_feature=6 3 3 7 3 3 4 7 4 0 6 6 0 0 6 1 5 0 5 0 1 0 6 6 4 7 4 0 5 3
split_gain=3296.3 11537.8 2077.78 2072.61 20473.8 17137.2 1191.14 1126.33 1248.61 2457.17 1248.64 1268.76 1065.44 1314.8 1022.18 1739.73 965.62 1385.54 927.281 921.887 1036.22 1292.97 876.303 864.213 828.168 780.047 1202.6 1138.89 1343.33 1501.05
threshold=728.05000000000007 21.600000000000005 7.9050000000000011 158.31250000000003 17.300000000000001 18.320000000000004 468.45000000000005 153.59375000000003 92.050000000000026 4.5000000000000009 136.65000000000003 82.65000000000002 4.5000000000000009 20.500000000000004 4.6500000000000012 3.5000000000000004 4.2500000000000009 20.500000000000004 22.850000000000005 6.5000000000000009 5.5000000000000009 15.500000000000002 1.6500000000000001 1.3500000000000003 43.45000000000001 167.88125000000005 187.75000000000003 3.5000000000000004 37.650000000000013 9.8100000000000023
decision_type=2 2 2 2 2 2 2 2 2 2 2 2 2 2 2 2 2 2 2 2 2 2 2 2 2 2 2 2 2 2
left_child=1 2 -1 4 6 16 7 8 10 -10 11 12 -4 19 -11 -16 23 25 -9 -14 21 22 -21 -5 -12 26 -18 -27 29 -29
right_child=-2 -3 3 5 -6 -7 -8 18 9 14 24 -13 13 -15 15 -17 17 -19 -20 20 -22 -23 -24 -25 -26 27 -28 28 -30 -31
leaf_value=-0.022583336442963387 -0.61057386493141008 1.0741374816894531 0.19692456786121643 0.44323412247973942 1.6199454096907919 -1.194602957676197 -0.23260686695575716 0.047791106502215075 -0.243083888952705 0.66480787739157687 0.24130293024579685 -0.36030425614324113 -0.41568871917931932 0.2742220412939787 0.51407579067680576 -0.077690878121749227 -0.26111903561448513 -0.237086850039813 0.45130837014743258 0.39268564270301298 -0.36398641367753348 -0.24445587690262235 -0.00018679537810385228 0.10931568700002461 -0.10757475034757094 -0.12344227822150214 0.20648665383458137 -0.35557153774080458 0.1918894994931945 0.099637398083101625
leaf_weight=3419 22 25 49 23 22 29 32 24 22 20 75 29 23 24 27 23 44 49 35 22 24 34 40 123 22 59 20 27 190 55
leaf_count=3419 22 25 49 23 22 29 32 24 22 20 75 29 23 24 27 23 44 49 35 22 24 34 40 123 22 59 20 27 190 55
internal_value=-3.03126e-10 0.0029138 -0.00292711 0.0547098 0.125624 -0.00795557 0.0630044 0.0821922 0.0543271 0.217842 0.0103406 -0.0497738 -0.00808226 -0.068234 0.362704 0.241863 0.0503712 0.0136909 0.287166 -0.125709 -0.0701297 0.00333451 0.13922 0.161919 0.162176 0.0448001 -0.114992 0.0756965 0.118892 -0.0502485
internal_weight=4632 4610 4585 1166 547 619 525 493 434 92 342 245 216 167 70 50 590 444 59 143 120 96 62 146 97 395 64 331 272 82
internal_count=4632 4610 4585 1166 547 619 525 493 434 92 342 245 216 167 70 50 590 444 59 143 120 96 62 146 97 395 64 331 272 82
is_linear=0
shrinkage=0.05


Tree=110
num_leaves=31
num_cat=0
split_feature=6 3 3 7 3 3 5 7 5 0 4 7 7 0 7 7 3 1 5 0 1 7 5 7 0 4 5 4 3 3
split_gain=2974.91 10412.8 1876.3 1803.65 18454.2 15548.4 1112.68 1285.86 1018.9 1147.33 1014.38 924.632 1248.17 902.909 1066.08 985.664 961.082 1340.67 913.461 897.772 896.774 845.669 774.372 773.636 907.622 2353.44 1157.78 1016.18 954.466 653.585
threshold=728.05000000000007 21.600000000000005 8.1150000000000002 158.31250000000003 17.300000000000001 18.320000000000004 4.9500000000000011 99.883333333333354 39.350000000000001 7.5000000000000009 292.15000000000003 96.76666666666668 107.41666666666669 20.500000000000004 167.88125000000005 205.06458333333333 11.505000000000001 3.5000000000000004 19.950000000000003 9.5000000000000018 5.5000000000000009 170.91875000000002 17.250000000000004 154.84166666666667 8.5000000000000018 22.850000000000005 116.85000000000001 76.800000000000026 11.305000000000001 8.9050000000000029
decision_type=2 2 2 2 2 2 2 2 2 2 2 2 2 2 2 2 2 2 2 2 2 2 2 2 2 2 2 2 2 2
left_child=1 2 -1 4 6 13 7 -4 9 22 19 -10 -13 14 16 18 17 -5 -15 -9 21 -16 -8 24 25 -14 -26 28 -28 -11
right_child=-2 -3 3 5 -6 -7 8 10 11 29 -12 12 23 15 20 -17 -18 -19 -20 -21 -22 -23 -24 -25 26 -27 27 -29 -30 -31
leaf_value=-0.020922581475859247 -0.58004519262097098 1.0204307403564454 -0.42929370630355113 -0.51253665147916139 1.5389481054110963 -1.1348728019615699 0.21624640859663488 0.31170678000364987 -0.24451323288679122 0.57358311925615579 -0.30618514787583129 0.43381223705681893 0.1265790330397116 -0.012353066603342693 0.38920289664751007 0.16868158943951131 0.1037228322029114 0.033424031734466557 -0.46390316138664889 -0.043205699507071052 0.31466295408165973 0.062711043330300753 -0.20370366090819952 0.29867603778839114 -0.16231562218657047 -0.46402197033166886 -0.067466971748753601 0.49831666588783269 0.33529516626149419 0.24728002966495982
leaf_weight=3469 22 25 21 23 22 29 23 28 25 21 21 22 37 21 21 20 35 22 24 49 46 357 21 25 33 31 38 20 24 57
leaf_count=3469 22 25 21 23 22 29 23 28 25 21 21 22 37 21 21 20 35 22 24 49 46 357 21 25 33 31 38 20 24 57
internal_value=7.35714e-10 0.00276811 -0.00278076 0.0536117 0.121908 -0.0055483 0.0590558 -0.0742382 0.10113 0.219968 0.00184513 0.0442743 0.0756642 0.0520095 0.0746287 -0.123376 -0.0927839 -0.245623 -0.25318 0.0858534 0.106216 0.0808495 0.0158157 0.0377832 0.00214208 -0.142666 0.0877675 0.188411 0.088441 0.335131
internal_weight=4632 4610 4585 1116 518 598 496 119 377 122 98 255 230 569 504 65 80 45 45 77 424 378 44 208 183 68 115 82 62 78
internal_count=4632 4610 4585 1116 518 598 496 119 377 122 98 255 230 569 504 65 80 45 45 77 424 378 44 208 183 68 115 82 62 78
is_linear=0
shrinkage=0.05


Tree=111
num_leaves=31
num_cat=0
split_feature=6 3 3 7 3 3 4 7 4 0 6 6 6 6 6 1 1 3 7 7 7 3 3 0 6 3 6 4 4 5
split_gain=2684.86 9397.59 1697.44 1705.02 16513.1 12781.5 1059.07 1404.88 1089.02 2072.5 1102.66 1127.89 1059.24 1145.19 1034.49 1391.61 834.481 1005.39 1509.56 854.543 885 820.152 813.288 1033.4 806.874 769.477 767.437 2099.95 1257.63 794.619
threshold=728.05000000000007 21.600000000000005 7.9050000000000011 157.35208333333335 17.300000000000001 18.320000000000004 506.05000000000007 153.59375000000003 92.050000000000026 4.5000000000000009 136.65000000000003 82.65000000000002 48.250000000000007 30.850000000000005 4.6500000000000012 2.5000000000000004 3.5000000000000004 11.200000000000001 167.88125000000005 173.16666666666671 181.72083333333339 13.075000000000001 14.345000000000001 10.500000000000002 4.9500000000000011 13.250000000000002 14.050000000000002 27.950000000000003 23.650000000000002 50.45000000000001
decision_type=2 2 2 2 2 2 2 2 2 2 2 2 2 2 2 2 2 2 2 2 2 2 2 2 2 2 2 2 2 2
left_child=1 2 -1 4 6 16 7 8 10 -10 11 12 13 21 -11 -16 17 18 -5 -19 -21 -4 -18 -24 -22 -26 28 -28 -20 -29
right_child=-2 -3 3 5 -6 -7 -8 -9 9 14 -12 -13 -14 -15 15 -17 22 19 26 20 24 -23 23 -25 25 -27 27 29 -30 -31
leaf_value=-0.020408041433641774 -0.55104291926730764 0.96940922546386732 -0.041449914198807059 -0.39434804311304383 1.4899002603122167 -1.0129878675937654 -0.24566643414673983 0.35239625076452891 -0.22600632987239144 0.63401079371571545 0.15072476559693052 -0.34123458369024873 0.31159910875494068 -0.3205569263547659 0.50459106434946477 -0.01235124925772349 0.14871457856265421 0.29376899479208768 -0.48773095130920413 -0.28456461966037749 0.32654553294181826 0.2701452763527632 0.15138964766547794 -0.35080504532903434 0.17647353576289282 -0.13071624712741123 0.37524078593534582 -0.27226310606513704 0.060097346048463479 0.062311760315464607
leaf_weight=3419 22 25 136 33 21 30 27 42 22 20 97 29 23 32 23 30 223 37 20 20 25 25 21 20 36 47 34 35 22 36
leaf_count=3419 22 25 136 33 21 30 27 42 22 20 97 29 23 32 23 30 223 37 20 20 25 25 21 20 36 47 34 35 22 36
internal_value=-2.02913e-10 0.00262971 -0.00264172 0.0494535 0.116031 -0.00545506 0.0590132 0.0761872 0.0496408 0.199401 0.00804065 -0.0484506 -0.00914166 -0.0473647 0.327606 0.211982 0.0441771 -0.00702197 -0.0887431 0.0821284 0.020951 0.00693443 0.111085 -0.0935834 0.077528 0.00252269 -0.0201379 0.0521162 -0.200773 -0.10262
internal_weight=4632 4610 4585 1166 527 639 506 479 437 95 342 245 216 193 73 53 609 345 180 165 128 161 264 41 108 83 147 105 42 71
internal_count=4632 4610 4585 1166 527 639 506 479 437 95 342 245 216 193 73 53 609 345 180 165 128 161 264 41 108 83 147 105 42 71
is_linear=0
shrinkage=0.05


Tree=112
num_leaves=31
num_cat=0
split_feature=6 3 3 7 3 3 5 7 4 5 0 7 7 5 6 4 1 7 7 7 6 0 5 7 7 5 7 7 3 7
split_gain=2423.08 8481.32 1538.07 1618.15 15039.3 12699 1008.19 1427.24 964.809 739.73 895.74 768.241 909.056 738.813 1340.77 2214.95 1248.93 1401.43 1241.98 1097.8 798.219 723.482 715.466 623.347 1650.44 850.66 824.168 825.985 786.439 603.962
threshold=728.05000000000007 21.600000000000005 8.1850000000000005 158.31250000000003 17.300000000000001 18.320000000000004 4.9500000000000011 99.883333333333354 292.15000000000003 39.350000000000001 7.5000000000000009 96.76666666666668 107.41666666666669 4.2500000000000009 12.300000000000002 12.450000000000001 1.5000000000000002 218.63750000000002 183.64166666666668 192.41458333333335 1.9500000000000002 9.5000000000000018 17.250000000000004 193.58958333333337 210.40416666666667 126.60000000000001 178.90833333333336 185.26666666666671 11.425000000000002 154.84166666666667
decision_type=2 2 2 2 2 2 2 2 2 2 2 2 2 2 2 2 2 2 2 2 2 2 2 2 2 2 2 2 2 2
left_child=1 2 -1 4 6 13 7 -4 21 10 22 -11 -13 20 15 -15 17 19 -17 -16 -5 -9 -8 26 -25 -26 28 -28 -18 -14
right_child=-2 -3 3 5 -6 -7 9 8 -10 11 -12 12 29 14 16 18 23 -19 -20 -21 -22 -23 -24 24 25 -27 27 -29 -30 -31
leaf_value=-0.018740579478890271 -0.52349074699661946 0.92093853759765631 -0.45622218690812588 0.42985535973594308 1.3931940837339922 -1.0274797932855015 0.21653027514165102 0.29314863628574778 -0.29147900570006596 -0.22073864502211415 0.30282389390233316 0.39011074403921764 0.012962307040039348 -0.45079692312189057 -0.12365379285735963 -0.18704757583446993 -0.058019626268038631 -0.42932610978250924 0.20479594444235169 0.33197347864508631 0.095068728976333755 -0.027911556020696112 -0.1914861423628671 -0.20581937968367484 0.044383611004142204 0.42858992791175843 0.57358090082804369 0.16681112555357128 0.27562404909368715 0.27514194631576538
leaf_weight=3489 22 25 20 21 22 29 22 28 21 24 76 21 181 37 39 39 38 23 42 20 117 47 21 41 34 25 24 26 33 25
leaf_count=3489 22 25 20 21 22 29 22 28 21 24 76 21 181 37 39 39 38 23 42 20 117 47 21 41 34 25 24 26 33 25
internal_value=-1.64541e-09 0.00249822 -0.00250963 0.0491599 0.114523 -0.00730999 0.0566404 -0.0719757 0.00807562 0.0969632 0.199639 0.0482842 0.0767271 0.0456147 0.0127046 -0.130279 0.0683879 -0.0982625 0.0161305 0.0307961 0.146015 0.0919509 0.0172664 0.130222 0.037852 0.207183 0.206561 0.362061 0.0970542 0.0447802
internal_weight=4632 4610 4585 1096 508 588 486 116 96 370 119 251 227 559 421 118 303 82 81 59 138 75 43 221 100 59 121 50 71 206
internal_count=4632 4610 4585 1096 508 588 486 116 96 370 119 251 227 559 421 118 303 82 81 59 138 75 43 221 100 59 121 50 71 206
is_linear=0
shrinkage=0.05


Tree=113
num_leaves=31
num_cat=0
split_feature=6 3 3 3 3 5 6 6 3 1 7 4 3 4 6 6 0 4 1 3 4 1 4 4 0 0 3 5 5 7
split_gain=2186.83 7654.39 1421.96 1106.4 735.031 580.518 1022.47 1013.31 1440.08 860.02 2002.71 3159.49 794.042 738.199 1877.53 1345.46 972.426 686.408 1613.04 628.769 569.205 1169.38 530.124 662.466 530.053 1041.39 908.22 862.98 963.575 1003.47
threshold=728.05000000000007 21.600000000000005 6.0250000000000012 19.095000000000002 11.895000000000001 4.2500000000000009 4.2500000000000009 5.2500000000000009 15.470000000000001 3.5000000000000004 171.38958333333338 31.750000000000004 13.250000000000002 10.65 62.600000000000009 35.150000000000013 12.500000000000002 6.8500000000000005 1.5000000000000002 13.780000000000001 705.1500000000002 3.5000000000000004 720.6500000000002 715.75000000000011 3.5000000000000004 14.500000000000002 5.6950000000000012 18.150000000000002 12.450000000000001 140.98958333333334
decision_type=2 2 2 2 2 2 2 2 2 2 2 2 2 2 2 2 2 2 2 2 2 2 2 2 2 2 2 2 2 2
left_child=1 2 22 4 20 6 -6 8 12 13 11 -11 -7 14 -9 -15 -17 -8 -19 -12 -4 -22 23 24 26 -26 -1 28 -27 -30
right_child=-2 -3 3 -5 5 7 17 9 -10 10 19 -13 -14 15 -16 16 -18 18 -20 -21 21 -23 -24 -25 25 27 -28 -29 29 -31
leaf_value=-0.058543182060729421 -0.49731619141318584 0.87489176940917968 0.026115990651418119 -0.29182415696290825 0.51196295562244598 -0.16424640587397987 0.34710827152366225 0.5378727164296877 -0.46702395379543304 -0.44185385656627746 0.67307264208793649 0.36534957620832653 0.2759626052901149 -0.31823569247799538 -0.13073048818679084 -0.11545453922402474 0.27747323550283909 0.37724093548953536 -0.18865366753409893 0.30017235227502309 -0.34657681385676065 0.1272955656375574 0.17427019669363897 -0.30708579846790862 0.015713223058161013 -0.024769344167441303 -0.3950305517230715 -0.08974197292398034 0.44310790722568827 -0.0052407184472450848
leaf_weight=445 22 25 1347 26 21 21 23 21 20 22 20 27 20 31 21 31 32 20 34 26 30 23 33 21 1235 348 21 616 24 26
leaf_count=445 22 25 1347 26 21 21 23 21 20 22 20 27 20 31 21 31 32 20 34 26 30 23 33 21 1235 348 21 616 24 26
internal_value=5.12408e-11 0.00237331 -0.00238415 0.0319992 0.0367028 0.0974083 0.202707 0.0620682 -0.119187 0.109932 0.225364 0.00293171 0.0504897 0.0292995 0.203571 -0.0485665 0.0841278 0.118365 0.0209369 0.462303 0.019792 -0.140934 -0.0249339 -0.0273365 -0.0251727 -0.0151163 -0.0737068 -0.0526651 0.0047201 0.209967
internal_weight=4632 4610 4585 1816 1790 390 98 292 61 231 95 49 41 136 42 94 63 77 54 46 1400 53 2769 2736 2715 2249 466 1014 398 50
internal_count=4632 4610 4585 1816 1790 390 98 292 61 231 95 49 41 136 42 94 63 77 54 46 1400 53 2769 2736 2715 2249 466 1014 398 50
is_linear=0
shrinkage=0.05


Tree=114
num_leaves=31
num_cat=0
split_feature=6 3 3 7 3 3 5 7 3 4 4 0 0 4 4 3 4 7 4 5 5 0 4 4 5 5 5 7 3 0
split_gain=1973.62 6908.09 1285.27 1252.12 13537.4 10283.7 1462.2 1428.11 2093.3 1464.2 1679.13 1687.94 1284.75 2065.23 2048.78 1138.51 1570.73 1720.82 1126.4 1114.56 1100.97 983.844 960.428 1662.48 956.213 2357.18 1050.17 1196.68 1162.21 1305.64
threshold=728.05000000000007 21.600000000000005 5.9350000000000014 148.75416666666669 16.975000000000005 18.320000000000004 14.450000000000001 126.74791666666668 7.5550000000000006 3.8500000000000001 161.60000000000005 8.5000000000000018 16.500000000000004 38.45000000000001 58.650000000000013 9.9950000000000028 559.60000000000014 176.64375000000004 4.9500000000000011 19.950000000000003 32.350000000000001 17.500000000000004 677.20000000000016 700.75000000000011 715.75000000000011 698.55000000000007 653.90000000000009 146.43958333333339 6.3450000000000006 12.500000000000002
decision_type=2 2 2 2 2 2 2 2 2 2 2 2 2 2 2 2 2 2 2 2 2 2 2 2 2 2 2 2 2 2
left_child=1 2 -1 4 6 12 7 9 -9 -4 11 -11 18 20 -15 -16 17 -17 -5 -8 -14 -13 -20 -24 25 26 27 28 29 -21
right_child=-2 -3 3 5 -6 -7 19 8 -10 10 -12 21 13 14 15 16 -18 -19 22 24 -22 -23 23 -25 -26 -27 -28 -29 -30 -31
leaf_value=-0.024027374568184271 -0.47245037772438742 0.8311472320556641 -0.47722302009661999 0.16653611305159299 1.3306047314689273 -0.90239824479626085 0.33954378133866847 0.40601114450079029 -0.085568451644882332 0.31999499385555585 -0.48872179150581357 -0.3675003750966146 -0.066386219277046618 0.52513842672109612 -0.14540684702806175 -0.062548925763084781 -0.24213570944964885 0.53176217908039691 -0.002183768448046965 0.02520226414004962 -0.35636475557711589 0.076441215972105667 0.51271099998400771 0.010502444373236762 -0.26195401531599821 0.54554010257124907 -0.24653315897341127 0.44304936929339811 0.023243536266950315 0.54674544955293347
leaf_weight=2736 22 25 30 178 21 31 41 33 63 30 20 26 64 20 78 21 20 29 497 24 67 24 26 45 21 26 27 21 342 24
leaf_count=2736 22 25 30 178 21 31 41 33 63 30 20 26 64 20 78 21 20 29 497 24 67 24 26 45 21 26 27 21 342 24
internal_value=-5.35108e-10 0.00225464 -0.00226495 0.0299373 0.0784819 -0.00493719 0.0435157 -0.0628502 0.083412 -0.170859 -0.0789501 0.0234929 0.0216861 -0.0658838 0.0501541 -0.0140329 0.132355 0.282152 0.0567844 0.0892167 -0.214696 -0.154408 0.0223904 0.19441 0.068055 0.0829908 0.0555335 0.0753773 0.0555796 0.285974
internal_weight=4632 4610 4585 1849 773 1076 752 226 96 130 100 80 1045 299 168 148 70 50 746 526 131 50 568 71 485 464 438 411 390 48
internal_count=4632 4610 4585 1849 773 1076 752 226 96 130 100 80 1045 299 168 148 70 50 746 526 131 50 568 71 485 464 438 411 390 48
is_linear=0
shrinkage=0.05


Tree=115
num_leaves=31
num_cat=0
split_feature=6 3 3 7 3 3 7 7 7 6 3 0 1 4 5 7 4 6 7 0 4 6 4 6 4 5 5 3 6 4
split_gain=1781.19 6234.55 1212.49 1442.12 22192.1 11270.1 962.53 926.795 912.349 940.95 1169.16 1176.29 604.518 766.714 1024.34 754.221 1123.59 714.507 1002.33 855.805 606.111 569.424 862.47 1878.05 847.729 826.443 1470.32 487.907 677.591 530.36
threshold=728.05000000000007 21.600000000000005 8.4850000000000012 147.35000000000002 19.095000000000002 16.975000000000005 153.59375000000003 89.106250000000003 157.35208333333335 698.95000000000016 15.985000000000001 6.5000000000000009 3.5000000000000004 279.95000000000005 46.350000000000001 179.93750000000003 4.9500000000000011 7.2500000000000009 205.06458333333333 17.500000000000004 170.35000000000002 24.250000000000004 23.650000000000002 3.8500000000000001 3.2500000000000004 60.300000000000004 14.450000000000001 13.075000000000001 62.600000000000009 27.950000000000003
decision_type=2 2 2 2 2 2 2 2 2 2 2 2 2 2 2 2 2 2 2 2 2 2 2 2 2 2 2 2 2 2
left_child=1 2 -1 5 6 7 -5 -4 -8 10 12 -12 15 17 -15 16 -10 -14 19 -19 -18 22 -17 -24 -23 26 -26 29 -29 -9
right_child=-2 -3 3 4 -6 -7 8 27 9 -11 11 -13 13 14 -16 21 20 18 -20 -21 -22 24 23 -25 25 -27 -28 28 -30 -31
leaf_value=-0.015853075312113576 -0.44882787682793357 0.78958985900878909 -0.21667029485771702 -0.13518906313864912 -1.6366642895340922 1.2818517860770227 0.30712822966086561 -0.019393658737341564 0.18752268876718439 -0.2561623480008996 0.57249283841387788 0.097554700542241343 -0.13096564929736287 0.49779450101777911 0.028285303853806999 -0.29855013291041055 -0.34734824685236587 0.12214620533509574 0.40682834237813953 -0.24545028761029242 -0.056194152005694137 0.37608445791097789 0.41380829271816072 -0.2472460560161959 0.14188360099134775 0.22288128435611726 -0.41537937045097356 0.43418842540545904 0.06620468908342822 0.13021124620786592
leaf_weight=3571 22 25 28 61 20 20 39 120 23 23 22 32 38 26 21 24 39 76 24 20 33 26 21 22 29 39 20 22 29 117
leaf_count=3571 22 25 28 61 20 20 39 120 23 23 22 32 38 26 21 24 39 76 24 20 33 26 21 22 29 39 20 22 29 117
internal_value=3.72851e-10 0.00214191 -0.0021517 0.0461004 0.00412386 0.130803 0.0539958 0.0579519 0.0733263 0.0569853 0.0704477 0.291048 0.0456818 0.110722 0.288014 -0.00262683 -0.116715 0.0579829 0.117817 0.0455636 -0.213903 0.0572539 -0.0584275 0.0755944 0.125242 0.0511296 -0.0855707 0.0846512 0.224943 0.0544619
internal_weight=4632 4610 4585 1014 678 336 658 316 597 558 535 54 481 205 47 276 95 158 120 96 72 181 67 43 114 88 49 288 51 237
internal_count=4632 4610 4585 1014 678 336 658 316 597 558 535 54 481 205 47 276 95 158 120 96 72 181 67 43 114 88 49 288 51 237
is_linear=0
shrinkage=0.05


Tree=116
num_leaves=31
num_cat=0
split_feature=6 3 3 7 3 3 7 3 5 7 0 0 1 7 1 5 5 6 6 0 6 5 7 3 4 6 5 0 4 4
split_gain=1607.52 5626.68 1112.6 1118.65 12275.6 9027.56 952.248 1442.55 1002.84 956.188 1155.7 1621.24 1428.45 1295.71 1069.51 1608.96 1038.64 962.512 2176.29 852.165 1108.86 841.315 1558.27 1576.86 1407.38 1308.92 1554.94 1406.89 2074.66 1436.44
threshold=728.05000000000007 21.600000000000005 6.6350000000000007 158.31250000000003 17.300000000000001 18.320000000000004 167.88125000000005 11.425000000000002 6.0500000000000007 257.30208333333337 3.5000000000000004 8.5000000000000018 4.5000000000000009 202.87916666666669 3.5000000000000004 112.05000000000003 23.150000000000002 31.450000000000003 218.65000000000001 1.5000000000000002 42.650000000000013 14.850000000000003 120.39375000000003 7.705000000000001 21.150000000000002 17.750000000000004 40.100000000000009 8.5000000000000018 252.30000000000004 13.15
decision_type=2 2 2 2 2 2 2 2 2 2 2 2 2 2 2 2 2 2 2 2 2 2 2 2 2 2 2 2 2 2
left_child=1 2 -1 4 19 6 7 -5 -8 10 13 17 14 -10 16 -16 -13 -12 -19 20 -4 22 -21 -24 -25 26 -23 29 -29 -27
right_child=-2 -3 3 5 -6 -7 8 -9 9 -11 11 12 -14 -15 15 -17 -18 18 -20 21 -22 25 23 24 -26 27 -28 28 -30 -31
leaf_value=-0.019817771626590826 -0.42638650373979053 0.75011010742187501 0.037620389775567975 -0.22595460175272125 1.2385763656009328 -0.87597752028498166 0.15257303458666374 0.14744627169872587 -0.018819683790206911 0.28281362940867744 0.38388886233655417 -0.30545494496822356 -0.2491445056132732 -0.48738311171531684 -0.057412532430428723 0.4988384210146391 0.020015645202304894 -0.23570911144388132 0.38808484516210029 -0.25082438281724151 0.42991266763213298 0.42620771628889176 0.33305078534518973 0.15742038557695789 -0.2186904530403978 0.056633545506907551 0.082330377801106525 0.0046361013970204765 0.43685021490761733 -0.31750872176269007
leaf_weight=3015 22 25 43 81 22 29 167 38 36 30 41 30 62 25 26 26 134 29 27 71 31 44 34 43 59 46 130 175 33 58
leaf_count=3015 22 25 43 81 22 29 167 38 36 30 41 30 62 25 26 26 134 29 27 71 31 44 34 43 59 46 130 175 33 58
internal_value=-1.66893e-09 0.00203481 -0.00204411 0.0320881 0.0740789 -0.0103329 0.0230497 -0.106717 0.0474451 0.0097705 -0.00901687 0.0238153 -0.0375951 -0.210854 0.0231274 0.220713 -0.0395217 0.199816 0.0650487 0.0406775 0.201959 0.0234555 -0.0609588 0.0381623 -0.0601339 0.0594097 0.169288 -0.00186855 0.0732085 -0.152023
internal_weight=4632 4610 4585 1570 789 781 752 119 633 466 436 375 278 61 216 52 164 97 56 767 74 693 207 136 102 486 174 312 208 104
internal_count=4632 4610 4585 1570 789 781 752 119 633 466 436 375 278 61 216 52 164 97 56 767 74 693 207 136 102 486 174 312 208 104
is_linear=0
shrinkage=0.05


Tree=117
num_leaves=31
num_cat=0
split_feature=7 3 3 3 7 6 3 3 4 7 5 7 5 3 1 5 5 5 3 0 7 7 0 7 4 3 5 4 3 7
split_gain=1608.51 20199.7 15950.9 1472.8 1204.87 1190.53 5787.44 1529.45 1422.27 1198.39 984.937 760.98 758.105 724.553 1260.94 1343.56 1929.44 1380.71 1959.44 722.964 659.181 2379.32 1253.05 1454.91 1250.27 1179.38 1327.11 1501.98 1085.24 1042.29
threshold=223.79166666666671 21.600000000000005 16.975000000000005 7.705000000000001 215.00000000000003 138.80000000000004 16.560000000000006 18.320000000000004 252.30000000000004 149.09375000000003 72.750000000000014 111.74583333333335 704.55000000000007 3.3750000000000004 4.5000000000000009 300.25000000000006 39.350000000000001 1.6500000000000001 5.8950000000000005 11.500000000000002 182.62708333333339 176.99791666666667 2.5000000000000004 194.14375000000004 33.250000000000007 4.0950000000000006 36.750000000000007 151.25000000000003 3.8650000000000007 187.30000000000004
decision_type=2 2 2 2 2 2 2 2 2 2 2 2 2 2 2 2 2 2 2 2 2 2 2 2 2 2 2 2 2 2
left_child=1 3 13 4 20 7 8 12 9 11 -10 -7 -5 -2 15 16 17 -15 -19 -18 21 -1 24 25 -22 26 -24 -28 -23 -27
right_child=2 -3 -4 5 -6 6 -8 -9 10 -11 -12 -13 -14 14 -16 -17 19 18 -20 -21 22 28 23 -25 -26 29 27 -29 -30 -31
leaf_value=-0.012951619454808286 -0.10749782197886991 -1.5550033569335939 1.4752435111999513 0.038172225596249269 -0.30947307654789519 -0.018242394511361379 0.95477021716535093 -0.41506399273872374 0.13313231601246767 -0.064146964183102728 0.59254282921552659 0.26829251310517716 -0.21042083697393538 0.11366114827493828 0.26749342764204925 -0.35121821885307636 0.034981222315268089 0.043503670170903209 -0.64801322505587633 0.39344867773545095 0.08310770712792874 -0.091474815896328762 -0.21589606771695205 -0.0078233021497726447 -0.45216873238484068 0.15296384323210943 0.52549939042045957 -0.059364401646282365 -0.37833806094713512 0.51436745198933698
leaf_weight=2597 84 21 20 737 35 37 20 20 28 146 20 62 32 36 57 24 22 20 21 39 20 68 29 225 24 42 21 23 64 38
leaf_count=2597 84 21 20 737 35 37 20 20 28 146 20 62 32 36 57 24 22 20 21 39 20 68 29 225 24 42 21 23 64 38
internal_value=5.12876e-10 -0.00806698 0.107618 -0.000491033 -0.0177249 0.0493338 0.131846 0.016601 0.0756733 0.0269131 0.324553 0.161204 0.0278277 0.0173457 0.0652309 -0.00593552 0.0541136 -0.112291 -0.310688 0.264165 -0.0144842 -0.0234772 0.0436716 0.073067 -0.208861 0.192023 0.0467003 0.219775 -0.23056 0.324631
internal_weight=4632 4309 323 4288 3186 1102 313 789 293 245 48 99 769 303 219 162 138 77 41 61 3151 2729 422 378 44 153 73 44 132 80
internal_count=4632 4309 323 4288 3186 1102 313 789 293 245 48 99 769 303 219 162 138 77 41 61 3151 2729 422 378 44 153 73 44 132 80
is_linear=0
shrinkage=0.05


Tree=118
num_leaves=31
num_cat=0
split_feature=7 3 3 3 7 3 3 7 6 3 6 6 6 5 0 4 5 3 7 7 7 0 6 5 7 6 0 7 6 1
split_gain=1451.68 18230.3 14395.7 1345.96 3492.51 6707.76 4788.02 1009.35 806.602 766.056 687.478 955.256 732.115 618.508 1776.64 966.127 798.837 645.45 601.141 582.024 1968.39 724.024 2167.56 2776.29 1829.68 1412.92 1864.98 1189.76 1110.45 2670.71
threshold=223.79166666666671 21.600000000000005 16.975000000000005 11.895000000000001 146.04583333333338 16.975000000000005 17.845000000000002 215.00000000000003 14.350000000000003 5.6450000000000005 29.050000000000004 2.8500000000000001 683.25000000000011 33.250000000000007 15.500000000000002 313.75000000000006 13.65 5.7550000000000008 123.84583333333336 69.69583333333334 78.579166666666694 17.500000000000004 349.00000000000006 98.600000000000009 151.49583333333337 1.0000000180025095e-35 22.500000000000004 116.99791666666668 349.00000000000006 1.5000000000000002
decision_type=2 2 2 2 2 2 2 2 2 2 2 2 2 2 2 2 2 2 2 2 2 2 2 2 2 2 2 2 2 2
left_child=1 3 10 7 5 8 -6 9 -5 -1 11 -2 13 16 15 -15 17 -12 -10 -11 -21 28 23 25 27 -23 -27 -25 -22 -30
right_child=2 -3 -4 4 6 -7 -8 -9 18 19 12 -13 -14 14 -16 -17 -18 -19 -20 20 21 22 -24 24 -26 26 -28 -29 29 -31
leaf_value=-0.023076393622965357 0.061547445319592956 -1.4772531781877791 1.4014813113212587 -0.13656456649303436 0.075266752030659967 1.1636298999190331 -0.58668069541454315 -0.22361314534037202 0.040072235465049746 0.29075595021247863 -0.056732121840204035 -0.21497473667879574 -0.20541988104581832 0.20817672447724778 0.4936230847329805 -0.20875204003726444 -0.22289529085159301 0.33080616483376146 0.36690601741566375 -0.45014108832586897 0.023320161095296693 0.40296334502024528 -0.34522044786005002 -0.29894357006996869 -0.44845957795112601 -0.020704849783034454 0.48247533034194601 0.14635772463865579 -0.14462886773622954 0.2788891406232164
leaf_weight=2431 64 21 20 20 230 20 31 54 24 20 22 61 20 33 33 24 25 21 34 22 891 39 49 24 41 113 22 40 52 131
leaf_count=2431 64 21 20 20 230 20 31 54 24 20 22 61 20 33 33 24 25 21 34 22 891 39 49 24 41 113 22 40 52 131
internal_value=3.26317e-10 -0.00766363 0.102237 -0.000466482 0.0922064 0.346713 -0.00335536 -0.00893417 0.137247 -0.00594252 0.0164784 -0.0733954 0.0795921 0.11567 0.201659 0.0326278 0.00185942 0.132531 0.231664 0.0229027 0.0191407 0.0265046 -0.038514 0.015352 -0.187687 0.137876 0.0612949 -0.0206303 0.0463613 0.158545
internal_weight=4632 4309 323 4288 359 98 261 3929 78 3875 303 125 178 158 90 57 68 43 58 1444 1424 1402 328 279 105 174 135 64 1074 183
internal_count=4632 4309 323 4288 359 98 261 3929 78 3875 303 125 178 158 90 57 68 43 58 1444 1424 1402 328 279 105 174 135 64 1074 183
is_linear=0
shrinkage=0.05


Tree=119
num_leaves=31
num_cat=0
split_feature=6 3 3 7 0 7 3 3 5 5 0 7 3 6 4 4 5 4 3 7 5 7 0 3 1 5 5 7 5 3
split_gain=1412.04 6486.81 784.801 961.004 1316.22 1225.4 11674.7 8376.6 1304.47 2226.66 1655.89 1288.06 1580.56 1542.51 1329.28 1196.75 1191.62 1617.53 1211.73 1829.71 1100.21 1021.25 1008.96 1456.41 1104.79 1029.9 1554.61 1242.37 1177.61 1024.13
threshold=728.05000000000007 21.600000000000005 3.8650000000000007 81.177083333333343 7.5000000000000009 161.33750000000001 17.300000000000001 18.320000000000004 714.05000000000007 698.55000000000007 16.500000000000004 181.72083333333339 5.035000000000001 2.8500000000000001 704.1500000000002 531.65000000000009 6.3500000000000005 82.65000000000002 9.3150000000000031 195.94375000000002 664.30000000000007 69.69583333333334 19.500000000000004 13.920000000000002 2.5000000000000004 18.650000000000002 118.85000000000001 167.88125000000005 55.300000000000004 6.2650000000000006
decision_type=2 2 2 2 2 2 2 2 2 2 2 2 2 2 2 2 2 2 2 2 2 2 2 2 2 2 2 2 2 2
left_child=1 2 -1 4 -4 6 8 11 9 20 -11 12 13 -7 15 16 17 18 19 -13 -5 -6 23 24 29 27 28 -26 -27 -14
right_child=-2 -3 3 5 21 7 -8 -9 -10 10 -12 14 22 -15 -16 -17 -18 -19 -20 -21 -22 -23 -24 -25 25 26 -28 -29 -30 -31
leaf_value=-0.029332693295409291 -0.39962137287313287 0.80512780761718761 -0.41532457421223329 0.036863999263617594 0.22951311182517273 0.13504935815930366 1.2191232999165855 -0.85840870106014722 -0.26953540163380757 0.64487638152562665 0.039726680964231494 0.70673254507559324 -0.41854403960704806 -0.36284963326794761 -0.19821724790447165 0.23963021344942859 -0.0065666172021003654 -0.086698376037636582 0.04131067184413352 0.18387635964688592 -0.19516842983803662 -0.16102346349903879 -0.21697030075722271 0.41932104002861748 -0.37343950892488165 0.16540338056428094 -0.014689709435809743 0.067151084262877705 0.66774393677711485 -0.053495598683156169
leaf_weight=1707 22 25 30 1416 26 20 21 29 35 26 20 27 25 70 53 83 430 49 41 44 53 47 54 21 24 28 55 48 20 83
leaf_count=1707 22 25 30 1416 26 20 21 29 35 26 20 27 25 70 53 83 430 49 41 44 53 47 54 21 24 28 55 48 20 83
internal_value=3.99723e-10 0.00190709 -0.00247252 0.0134588 -0.13651 0.0190252 0.0481125 -0.0189284 0.0322471 0.039219 0.381768 0.0017907 -0.0648972 -0.252205 0.0428858 0.061845 0.0368768 0.152906 0.257733 0.382709 0.0284925 -0.0219282 -0.0178085 0.0175689 -0.0122431 0.0653654 0.166779 -0.0797124 0.374712 -0.137998
internal_weight=4632 4610 4585 2878 103 2775 1571 1204 1550 1515 46 1175 448 90 727 674 591 161 112 71 1469 73 358 304 283 175 103 72 48 108
internal_count=4632 4610 4585 2878 103 2775 1571 1204 1550 1515 46 1175 448 90 727 674 591 161 112 71 1469 73 358 304 283 175 103 72 48 108
is_linear=0
shrinkage=0.05


Tree=120
num_leaves=31
num_cat=0
split_feature=4 3 3 7 7 3 4 7 7 4 4 5 6 1 3 3 0 7 1 7 7 5 7 5 5 0 7 4 6 3
split_gain=1336.18 15240.3 12760.3 1242.66 2142.1 1038.8 851.228 968.419 1656.86 1290.36 2967.01 989.959 973.964 911.938 1244.79 2267.18 906.55 1380.97 876.09 1055.29 1429.14 1272.32 1345.76 1511.52 1025.68 1009.6 1353.57 1313.54 1227.51 1379.9
threshold=3.2500000000000004 17.845000000000002 19.095000000000002 71.702083333333348 103.95625000000001 10.390000000000002 3.8500000000000001 160.82916666666671 182.62708333333339 36.750000000000007 62.150000000000013 17.550000000000004 76.800000000000026 1.5000000000000002 3.0850000000000004 7.2700000000000005 1.5000000000000002 148.39375000000004 1.5000000000000002 110.41666666666667 113.13125000000001 109.95000000000002 101.24375000000002 28.350000000000005 10.350000000000003 17.500000000000004 105.13958333333333 13.15 5.6500000000000012 4.455000000000001
decision_type=2 2 2 2 2 2 2 2 2 2 2 2 2 2 2 2 2 2 2 2 2 2 2 2 2 2 2 2 2 2
left_child=1 3 5 -1 -5 6 -2 16 13 11 12 -10 -11 14 -9 -16 17 -8 19 21 -21 22 23 24 -18 27 -27 28 -20 -30
right_child=2 -3 -4 4 -6 -7 7 8 9 10 -12 -13 -14 -15 15 -17 18 -19 25 20 -22 -23 -24 -25 -26 26 -28 -29 29 -31
leaf_value=0.40958269551396376 -0.29505939174581458 1.2444413684881652 -0.92620075721489759 -0.16245813518762589 0.041181123401027912 0.06520132300114527 0.048823380380147892 -0.031893925233320762 0.042221087046131929 0.54671444897140775 -0.00091098479111964927 -0.19805143683634957 0.13316457041849691 -0.080897621681474297 -0.56168273275299951 0.040068678493085118 -0.19674387030741747 0.41723921782104301 -0.038951734205087025 0.40372077822685243 -0.031948770551243802 0.060146328743467939 -0.50241942612661261 -0.50299806367783317 0.2119071992912463 0.11268786313744744 -0.11587273084848118 0.025348782729704474 0.079433286438385653 0.49273881363156047
leaf_weight=20 27 26 38 151 892 458 124 44 68 35 407 116 24 373 49 23 34 32 36 20 320 47 36 21 28 89 238 774 36 46
leaf_count=20 27 26 38 151 892 458 124 44 68 35 407 116 24 373 49 23 34 32 36 20 320 47 36 21 28 89 238 774 36 46
internal_value=-8.98782e-11 0.0484385 -0.0148884 0.0191854 0.0116993 -0.00500824 -0.0155616 -0.0130627 -0.0494484 0.00285731 0.0471249 -0.109255 0.378491 -0.118976 -0.241416 -0.369457 0.00896985 0.124396 -0.00146868 -0.0567752 -0.00632115 -0.160115 -0.247109 -0.136372 -0.0121918 0.0214888 -0.0536651 0.0490396 0.204435 0.311288
internal_weight=4632 1089 3543 1063 1043 3505 3047 3020 1139 650 466 184 59 489 116 72 1881 156 1725 506 340 166 119 83 62 1219 327 892 118 82
internal_count=4632 1089 3543 1063 1043 3505 3047 3020 1139 650 466 184 59 489 116 72 1881 156 1725 506 340 166 119 83 62 1219 327 892 118 82
is_linear=0
shrinkage=0.05


Tree=121
num_leaves=31
num_cat=0
split_feature=7 3 3 3 3 7 7 7 4 0 5 6 3 0 3 7 4 4 3 3 4 4 3 1 1 6 6 5 0 6
split_gain=1313.19 16977.3 13342.7 1261.32 816.808 675.186 672.382 1207.53 2194.6 1094.1 1852.68 1895.73 1754.1 1663.35 1105.22 1213 1070.88 913.288 894.476 958.623 898.419 1136.55 834.311 820.332 628.913 623.424 853.533 669.246 1355.32 1211.17
threshold=223.79166666666671 21.600000000000005 16.975000000000005 18.320000000000004 5.6450000000000005 215.00000000000003 93.256250000000009 69.69583333333334 21.550000000000004 19.500000000000004 534.20000000000016 239.45000000000002 13.250000000000002 20.500000000000004 6.1650000000000009 181.04583333333335 341.50000000000006 74.600000000000009 5.7550000000000008 13.575000000000001 378.75000000000006 65.850000000000009 16.560000000000006 4.5000000000000009 1.5000000000000002 29.050000000000004 2.8500000000000001 38.45000000000001 15.500000000000002 109.95000000000002
decision_type=2 2 2 2 2 2 2 2 2 2 2 2 2 2 2 2 2 2 2 2 2 2 2 2 2 2 2 2 2 2
left_child=1 3 25 4 -1 6 7 -6 24 18 11 12 14 -13 -11 16 17 -16 -8 -20 21 22 23 -21 -9 26 -2 -27 29 -29
right_child=2 -3 -4 -5 5 -7 9 8 -10 10 -12 13 -14 -15 15 -17 -18 -19 19 20 -22 -23 -24 -25 -26 27 -28 28 -30 -31
leaf_value=-0.021351382768840497 0.056646736309630796 -1.4254776000976563 1.3480638706684114 0.32828834899540604 0.26980089589953427 -0.17049845314838671 0.37078503170474009 -0.59393693680564563 0.046907901840990994 0.46656856775283817 -0.43284308715113284 0.079541881680488591 -0.34782284835110544 -0.50172230009920893 -0.025178593666189249 0.32860851253782003 -0.34010092645883561 0.33673545225806861 0.034261080926908341 0.344554453378632 -0.13600283690861292 0.44247464027542338 -0.14819568666544827 -0.0048354029655456546 -0.21429762840270997 -0.036260163716294549 -0.20473803962107567 0.32069959721781993 0.40031939277777806 -0.13725884038777578
leaf_weight=2455 64 21 20 29 20 44 22 24 58 20 29 20 23 32 72 35 20 23 1190 42 21 39 22 28 20 77 61 22 37 42
leaf_count=2455 64 21 20 29 20 44 22 24 58 20 29 20 23 32 72 35 20 23 1190 42 21 39 22 28 20 77 61 22 37 42
internal_value=3.03898e-10 -0.00728892 0.0972382 -0.000343499 -0.00258119 0.0229625 0.027799 -0.0854407 -0.155096 0.0362332 -0.0549414 -0.0102102 0.0619833 -0.278159 0.117428 0.0708756 -0.00756489 0.0624427 0.0545484 0.0493642 0.167606 0.216276 0.120387 0.204799 -0.421374 0.0146755 -0.070909 0.074777 0.159429 0.0201644
internal_weight=4632 4309 323 4288 4259 1804 1760 122 102 1638 274 245 193 52 170 150 115 95 1364 1342 152 131 92 70 44 303 125 178 101 64
internal_count=4632 4309 323 4288 4259 1804 1760 122 102 1638 274 245 193 52 170 150 115 95 1364 1342 152 131 92 70 44 303 125 178 101 64
is_linear=0
shrinkage=0.05


Tree=122
num_leaves=31
num_cat=0
split_feature=6 3 3 7 7 0 6 4 1 4 6 4 6 5 7 6 6 1 7 1 0 3 5 6 4 4 0 3 3 6
split_gain=1276.68 6874.24 610.29 640.215 1235.44 802.659 733.397 1262.08 1390.43 1211.95 1004.53 743.534 1454.41 1251.84 1494.99 1202.76 1119.81 1514.86 809.545 901.629 1258.51 1083.07 787.908 1090.85 777.821 1973.81 1326.75 3650.27 3356.32 842.465
threshold=728.05000000000007 21.600000000000005 3.3350000000000004 81.177083333333343 62.256250000000016 11.500000000000002 697.85000000000002 14.450000000000001 3.5000000000000004 106.55000000000001 690.20000000000016 358.35000000000008 472.00000000000006 43.550000000000004 193.58958333333337 674.05000000000007 3.8500000000000001 5.5000000000000009 136.15833333333336 2.5000000000000004 11.500000000000002 6.0250000000000012 15.450000000000001 24.250000000000004 164.05000000000004 182.90000000000001 8.5000000000000018 17.300000000000001 17.845000000000002 87.300000000000026
decision_type=2 2 2 2 2 2 2 2 2 2 2 2 2 2 2 2 2 2 2 2 2 2 2 2 2 2 2 2 2 2
left_child=1 2 -1 4 -4 -6 10 -8 9 -9 11 15 13 14 -13 24 -15 18 -18 20 -20 -21 23 -16 26 -26 27 -5 -28 -27
right_child=-2 -3 3 6 5 -7 7 8 -10 -11 -12 12 -14 16 22 -17 17 -19 19 21 -22 -23 -24 -25 25 29 28 -29 -30 -31
leaf_value=-0.029626477216228315 -0.37998413931239738 0.82867227172851576 0.23500184186480266 0.05670934830199123 -0.35192400444298988 -0.060782190759120315 -0.31562383524245691 0.055761418157610404 0.21689540341843005 -0.4192898170948029 0.31241439693960649 -0.061945022461731315 0.33246246790885925 0.074553679634371525 -0.16373415873809294 -0.21184145418890551 -0.019950416992450582 0.18559333736246283 -0.22459349745306476 0.072333508014678957 -0.69040881837236467 -0.3433295666550597 0.4746744060516358 0.29363188948482277 0.45137527987763693 -0.0072629058516464357 0.0023334334229823585 0.72537093190919788 -0.62066169326955622 0.18401169130641426
leaf_weight=1442 22 25 22 727 40 58 45 29 43 25 29 173 25 46 22 51 29 22 29 25 29 42 20 32 37 163 1248 21 22 89
leaf_count=1442 22 25 22 727 40 58 45 29 43 25 29 173 25 46 22 51 29 22 29 25 29 42 20 32 37 163 1248 21 22 89
internal_value=5.57356e-10 0.00181337 -0.00269513 0.00966091 -0.103602 -0.179616 0.014157 -0.0967728 0.00475606 -0.16417 0.0196245 0.0166473 -0.0391295 -0.0589372 0.0185063 0.0283326 -0.145102 -0.202512 -0.257955 -0.313173 -0.457501 -0.188231 0.206589 0.107298 0.033642 0.11036 0.0226551 0.0754819 -0.00845861 0.0602904
internal_weight=4632 4610 4585 3143 120 98 3023 142 97 54 2881 2852 494 469 247 2358 222 176 154 125 58 67 74 54 2307 289 2018 748 1270 252
internal_count=4632 4610 4585 3143 120 98 3023 142 97 54 2881 2852 494 469 247 2358 222 176 154 125 58 67 74 54 2307 289 2018 748 1270 252
is_linear=0
shrinkage=0.05


Tree=123
num_leaves=31
num_cat=0
split_feature=4 3 3 7 7 3 6 5 0 5 3 5 5 7 5 4 0 5 5 4 5 5 6 5 7 7 4 0 1 6
split_gain=1251.96 13709.9 11762.5 1122.86 1833.74 829.583 826.516 954.853 803.818 796.189 914.733 874.766 1466.7 1097.24 1088.11 980.275 1280.1 1082.53 964.796 1025.45 747.557 850.435 1948.22 717.749 710.703 1399.49 1238.55 1090.76 1130.31 942.333
threshold=3.2500000000000004 17.845000000000002 19.095000000000002 71.702083333333348 103.95625000000001 9.5650000000000031 51.750000000000007 17.250000000000004 10.500000000000002 322.90000000000003 17.300000000000001 60.300000000000004 38.750000000000007 185.69791666666671 14.850000000000003 30.700000000000006 14.500000000000002 112.05000000000003 19.950000000000003 129.85000000000002 452.80000000000001 664.30000000000007 98.450000000000017 53.550000000000004 160.82916666666671 182.62708333333339 8.3500000000000032 4.5000000000000009 1.5000000000000002 10.550000000000002
decision_type=2 2 2 2 2 2 2 2 2 2 2 2 2 2 2 2 2 2 2 2 2 2 2 2 2 2 2 2 2 2
left_child=1 3 5 -1 6 24 23 -8 -9 10 11 12 14 -14 -7 17 -17 -13 -16 -20 -11 -22 -23 -5 -2 -26 -27 28 -28 -29
right_child=2 -3 -4 4 -6 9 7 8 -10 20 -12 15 13 -15 18 16 -18 -19 19 -21 21 22 -24 -25 25 26 27 29 -30 -31
leaf_value=0.39024304396472875 0.0031823289185137524 1.18125344586487 -0.88936787028061726 -0.13533370748738802 0.039302911686046979 -0.0021075113595110701 -0.25722715646028521 -0.11096124506515007 0.29861586856842043 -0.29687802450997486 0.40758377432823184 0.2716212630271912 -0.50108151070096285 0.010622804611921312 0.46518043050399194 0.12464169452212892 0.52913560590917064 -0.21001160703599453 0.29264035756389301 -0.14094821256399157 0.19626598096255102 -0.45501984409663987 0.21973285913467408 -0.45251842967925537 -0.11321571622267207 -0.29199360170785121 -0.39207263999971853 0.1727763556037881 -0.027093616085527818 0.010421395147203735
leaf_weight=20 1833 26 38 42 892 206 30 23 25 28 20 20 22 20 26 53 31 28 30 25 33 23 20 31 467 34 29 119 79 359
leaf_count=20 1833 26 38 42 892 206 30 23 25 28 20 20 22 20 26 53 31 28 30 25 33 23 20 31 467 34 29 119 79 359
internal_value=3.91099e-10 0.0468871 -0.0144115 0.0191415 0.0120255 -0.00492555 -0.14911 -0.0359426 0.10236 0.0494207 0.0765441 0.0621823 0.0185554 -0.257413 0.0589409 0.170919 0.273919 -0.00933124 0.2142 0.0955546 -0.0760251 0.00534182 -0.141181 -0.270029 -0.0158134 -0.0478458 0.00139255 0.018415 -0.125097 0.0508403
internal_weight=4632 1089 3543 1063 1043 3505 151 78 48 585 481 461 329 42 287 132 84 48 81 55 104 76 43 73 2920 1087 620 586 108 478
internal_count=4632 1089 3543 1063 1043 3505 151 78 48 585 481 461 329 42 287 132 84 48 81 55 104 76 43 73 2920 1087 620 586 108 478
is_linear=0
shrinkage=0.05


Tree=124
num_leaves=31
num_cat=0
split_feature=0 3 3 5 4 6 3 1 3 7 3 3 1 7 0 3 3 7 7 0 4 4 5 5 4 5 4 4 1 5
split_gain=1215.51 9231.68 7040.96 1092.78 1221.89 932.947 1250.85 780.028 743.013 857.073 2451.05 1265.3 1199.57 940.561 650.918 641.282 614.536 481.918 776.667 1071.31 905.52 1496.17 661.967 1212.16 1412.25 1403.35 1103.26 749.18 1443.1 897.605
threshold=22.500000000000004 11.305000000000001 21.600000000000005 21.150000000000002 18.650000000000002 233.10000000000002 6.8850000000000007 3.5000000000000004 8.1150000000000002 216.29583333333338 15.790000000000001 18.320000000000004 1.5000000000000002 249.00416666666669 10.500000000000002 11.505000000000001 4.8750000000000009 178.90833333333336 182.62708333333339 12.500000000000002 38.45000000000001 6.0500000000000007 710.35000000000014 498.15000000000003 28.850000000000005 134.40000000000003 27.350000000000005 487.2000000000001 3.5000000000000004 92.300000000000026
decision_type=2 2 2 2 2 2 2 2 2 2 2 2 2 2 2 2 2 2 2 2 2 2 2 2 2 2 2 2 2 2
left_child=2 3 8 4 -2 6 7 -5 -1 11 12 17 14 15 -11 -14 -6 22 -19 -20 21 -21 23 25 -25 27 -27 29 -29 -10
right_child=1 -3 -4 5 16 -7 -8 -9 9 10 -12 -13 13 -15 -16 -17 -18 18 19 20 -22 -23 -24 24 -26 26 -28 28 -30 -31
leaf_value=-0.012370466347637193 0.47580000194055699 1.1124976132597242 -0.85942991574605321 -0.49147347520137652 -0.15198863402009011 0.16794389927387238 0.1200226552784443 -0.11801849294591833 0.041011975068427929 -0.41180118143558508 -0.57920926170689724 0.38940702853379427 0.18222508119500203 0.37177675801974081 -0.0084037876129150393 -0.19115014076232911 0.21490736348288403 0.31725849393341277 0.16574470636637317 0.071960114349018445 0.098037101068468982 -0.5047953454048737 -0.26270051062107086 0.44433651831414966 -0.0016998907923698424 -0.28649325914680962 0.020872067449227819 -0.46385956376791004 0.12959255462601071 0.29253393319936899
leaf_weight=3335 21 21 24 29 25 25 24 27 392 20 21 27 23 26 20 23 21 36 115 22 43 23 20 36 35 65 53 20 21 39
leaf_count=3335 21 21 24 29 25 25 24 27 392 20 21 27 23 26 20 23 21 36 115 22 43 23 20 36 35 65 53 20 21 39
internal_value=-5.85847e-11 0.122837 -0.00534073 0.0020061 0.159778 -0.0986675 -0.181984 -0.311415 -0.000697889 0.0353466 -0.0835081 0.052039 0.00943589 0.131402 -0.210102 -0.00446253 0.0155074 0.0421379 0.103223 0.0652663 -0.0660406 -0.222826 0.0206998 0.0292747 0.224459 0.00578632 -0.148439 0.0443427 -0.159896 0.0637715
internal_weight=4632 193 4439 172 67 105 80 56 4415 1080 133 947 112 72 40 46 46 920 239 203 88 45 681 661 71 590 118 472 41 431
internal_count=4632 193 4439 172 67 105 80 56 4415 1080 133 947 112 72 40 46 46 920 239 203 88 45 681 661 71 590 118 472 41 431
is_linear=0
shrinkage=0.05


Tree=125
num_leaves=31
num_cat=0
split_feature=7 3 3 3 6 0 0 1 0 3 3 5 1 7 3 0 3 6 7 0 7 6 6 7 6 3 3 4 4 3
split_gain=1191.65 15096.9 12491.5 1025.03 679.22 607.852 923.071 1738.52 1009.34 864.878 1027.81 1158.78 863.607 596.016 674.112 588.535 1958.7 2391.32 2102.24 1314.68 1286.93 1029.81 1065.61 988.991 982.166 828.058 779.177 711.434 1005.81 832.257
threshold=223.79166666666671 21.600000000000005 16.975000000000005 18.320000000000004 724.85000000000002 18.500000000000004 5.5000000000000009 1.5000000000000002 3.5000000000000004 3.3750000000000004 4.5250000000000012 38.45000000000001 2.5000000000000004 215.00000000000003 5.6450000000000005 19.500000000000004 14.175000000000002 66.300000000000026 181.04583333333335 20.500000000000004 93.256250000000009 102.15000000000002 239.45000000000002 145.21666666666673 466.45000000000005 5.7550000000000008 13.575000000000001 378.75000000000006 65.850000000000009 16.560000000000006
decision_type=2 2 2 2 2 2 2 2 2 2 2 2 2 2 2 2 2 2 2 2 2 2 2 2 2 2 2 2 2 2
left_child=1 3 5 4 13 6 7 -2 -9 -8 -11 -12 -7 14 -1 20 17 18 19 -17 -16 -19 -23 -21 -24 -22 -27 28 29 -28
right_child=2 -3 -4 -5 -6 12 9 8 -10 10 11 -13 -14 -15 15 16 -18 21 -20 23 25 22 24 -25 -26 26 27 -29 -30 -31
leaf_value=-0.018849586799905546 -0.48992025315761567 -1.3442900703066873 1.3028995224833491 0.29586064959394526 0.22707820758223535 -0.29181444968496051 -0.076497652158141138 0.18666811826683227 -0.23787750694013776 0.48442363242308306 -0.11373409416307421 0.25758259769190445 0.067567725596018133 -0.15209063651846416 -0.13719251108088412 -0.23098777805055892 -0.46608332464098928 -0.48881062424701194 0.50888681697792248 0.26808197147466922 0.35208578658374878 0.14589626121300239 -0.48466463354618655 -0.044264028617676275 -0.043699062841811354 0.029084284693958552 0.18827429486172542 -0.12029979001908075 0.40975079159987599 -0.16428502649068832
leaf_weight=2418 20 21 20 29 32 35 40 42 21 24 34 55 32 67 101 35 25 23 28 55 22 27 23 47 28 1177 70 21 38 22
leaf_count=2418 20 21 20 29 32 35 40 42 21 24 34 55 32 67 101 35 25 23 28 55 22 27 23 47 28 1177 70 21 38 22
internal_value=3.71957e-10 -0.00694343 0.0926292 -0.000393921 -0.00241115 0.0127433 0.050477 -0.0837804 0.0451529 0.123309 0.194038 0.115731 -0.120169 -0.00414847 -0.00176575 0.0219476 -0.0429486 -0.00318026 0.114111 0.0334272 0.0349627 -0.194795 -0.108098 0.124158 -0.242566 0.0478424 0.0428022 0.14973 0.19335 0.103967
internal_weight=4632 4309 323 4288 4259 303 236 83 63 153 113 89 67 4227 4160 1742 291 266 165 137 1451 101 78 102 51 1350 1328 151 130 92
internal_count=4632 4309 323 4288 4259 303 236 83 63 153 113 89 67 4227 4160 1742 291 266 165 137 1451 101 78 102 51 1350 1328 151 130 92
is_linear=0
shrinkage=0.05


Tree=126
num_leaves=31
num_cat=0
split_feature=3 6 6 6 3 6 0 7 3 3 3 7 5 3 6 6 7 4 6 7 7 7 6 5 3 3 7 0 0 4
split_gain=1304.76 571.778 1332.24 1305.38 1519.94 1202.9 953.69 1472.02 7165.93 5075.09 1440.87 1436.36 1372.21 1193.57 1771.59 1800.39 1606.72 997.984 990.263 957.438 1049.22 1149.96 1127.05 1441.6 1058.98 930.863 915.208 1654.99 1412.18 1108.19
threshold=21.600000000000005 53.20000000000001 57.750000000000007 29.750000000000004 17.300000000000001 28.050000000000004 20.500000000000004 161.33750000000001 16.150000000000002 16.560000000000006 5.4750000000000005 150.82083333333335 247.40000000000003 4.6550000000000011 117.25000000000001 98.450000000000017 200.42291666666668 42.550000000000004 192.15000000000003 149.80833333333337 111.74583333333335 105.99166666666669 136.65000000000003 58.650000000000013 6.0950000000000006 13.575000000000001 126.74791666666668 8.5000000000000018 5.5000000000000009 19.050000000000004
decision_type=2 2 2 2 2 2 2 2 2 2 2 2 2 2 2 2 2 2 2 2 2 2 2 2 2 2 2 2 2 2
left_child=1 3 -3 4 5 -1 7 8 11 13 -8 19 -13 -9 15 16 -15 18 -12 20 21 -4 -23 -24 -22 -5 29 28 -28 -26
right_child=-2 2 6 25 -6 -7 10 9 -10 -11 17 12 -14 14 -16 -17 -18 -19 -20 -21 24 22 23 -25 26 -27 27 -29 -30 -31
leaf_value=-0.002726094667777056 0.35320512331449072 0.28669275866614446 0.0071194432883623596 -0.11384573473116084 -0.33800463432615457 0.21915438645888888 0.01970672878962593 -0.088537024221226682 0.99855018764734271 -0.7981050264267695 -0.12739419281482697 0.27304554286233168 -0.06424262123863872 0.31590685799717905 -0.010416500256552053 0.63605511412024507 -0.18328310262273861 -0.078958602746327725 -0.59158575325100515 -0.29938932229643284 0.022110334753321786 0.10346686094999313 -0.55844291044819749 -0.035993764193161679 0.51079358884266446 0.18904883571796949 0.14381427426229826 0.24394479496265525 -0.41078166725734877 0.088773052181516376
leaf_weight=2009 26 45 251 419 33 63 147 274 20 21 20 114 41 40 300 22 27 54 27 23 379 20 31 23 35 27 22 67 24 28
leaf_count=2009 26 45 251 419 33 63 147 274 20 21 20 114 41 40 300 22 27 54 27 23 379 20 31 23 35 27 22 67 24 28
internal_value=-4.03819e-10 -0.00199378 0.017634 -0.0178053 -0.00134164 0.00402027 0.0116103 0.0245314 0.0609348 -0.0328413 -0.0801918 0.0432105 0.183827 -0.00860219 0.0477015 0.243605 0.114741 -0.225589 -0.394057 0.0190736 0.0273971 -0.0439485 -0.217166 -0.335918 0.069176 -0.0955091 0.170528 0.0853934 -0.14554 0.323229
internal_weight=4632 4606 2055 2551 2105 2072 2010 1762 1078 684 248 1058 155 663 389 89 67 101 47 903 880 325 74 54 555 446 176 113 46 63
internal_count=4632 4606 2055 2551 2105 2072 2010 1762 1078 684 248 1058 155 663 389 89 67 101 47 903 880 325 74 54 555 446 176 113 46 63
is_linear=0
shrinkage=0.05


Tree=127
num_leaves=31
num_cat=0
split_feature=6 3 7 3 3 7 7 4 4 6 1 4 5 7 0 5 7 0 4 6 1 1 3 3 4 3 6 3 0 5
split_gain=1229.31 7492.57 477.232 8683.02 8477.05 1044.25 2021.03 1213.63 1166.13 1196.39 957.952 774.508 677.786 828.575 778.254 810.034 1091.9 1098.12 932.349 742.109 815.839 682.061 857.006 689.174 681.856 660.619 726.614 591.464 520.501 453.641
threshold=728.05000000000007 21.600000000000005 162.10208333333335 18.320000000000004 17.300000000000001 179.93750000000003 176.99791666666667 689.80000000000007 704.1500000000002 17.750000000000004 3.5000000000000004 715.75000000000011 0.95000000000000007 166.10833333333338 17.500000000000004 18.150000000000002 173.66458333333335 14.500000000000002 148.00000000000003 14.350000000000003 2.5000000000000004 1.5000000000000002 5.1150000000000011 7.5550000000000006 112.05000000000003 5.4150000000000009 29.450000000000003 4.5550000000000006 6.5000000000000009 6.3500000000000005
decision_type=2 2 2 2 2 2 2 2 2 2 2 2 2 2 2 2 2 2 2 2 2 2 2 2 2 2 2 2 2 2
left_child=1 2 4 5 -1 6 7 12 29 -10 -8 -11 13 -4 15 18 17 21 27 -15 -21 -17 24 -24 -23 -16 -27 -14 -18 -7
right_child=-2 -3 3 -5 -6 8 10 -9 9 11 -12 -13 14 19 25 16 28 -19 -20 20 -22 22 23 -25 -26 26 -28 -29 -30 -31
leaf_value=0.001939299006722841 -0.37286899035627191 0.86502571105957038 -0.13715425904308048 -0.89685876561062683 0.96576805244321418 0.089800330905146261 -0.41579153042919237 0.26102642638342721 0.15859415168347568 -0.4319123213941401 -0.089304840956360876 -0.091877046982100349 -0.12621545657515526 0.38011636602878573 -0.079235045075416566 -0.29044527135005127 0.031511939316987994 0.22856714293874544 0.088143038153648379 0.28924654041017805 -0.11438338907375452 0.035482639074325563 0.28651009094715119 -0.066329789113613868 -0.33897737913554715 -0.14025275254888195 -0.55618933822427485 -0.49799829112446831 0.34391220152378082 0.014746767009071862
leaf_weight=2808 22 25 35 28 23 277 53 35 23 33 39 34 20 25 50 38 24 29 20 21 31 20 25 31 31 21 21 23 30 737
leaf_count=2808 22 25 35 28 23 277 53 35 23 33 39 34 20 25 50 38 24 29 20 21 31 20 25 31 31 21 21 23 30 737
internal_value=-2.10782e-10 0.00177942 -0.00292749 -0.0234212 0.00976977 -0.00925185 -0.0610651 -0.0235144 0.01994 -0.152547 -0.27739 -0.259357 -0.0436335 0.0645607 -0.0752725 -0.0351971 0.00865378 -0.0523022 -0.193895 0.156249 0.048621 -0.108476 -0.0438516 0.091188 -0.19213 -0.202033 -0.348221 -0.325076 0.205068 0.0352496
internal_weight=4632 4610 4585 1754 2831 1726 622 530 1104 90 92 67 495 112 383 291 228 174 63 77 52 145 107 56 51 92 42 43 54 1014
internal_count=4632 4610 4585 1754 2831 1726 622 530 1104 90 92 67 495 112 383 291 228 174 63 77 52 145 107 56 51 92 42 43 54 1014
is_linear=0
shrinkage=0.05


Tree=128
num_leaves=31
num_cat=0
split_feature=5 3 5 3 3 4 7 6 6 3 7 6 6 6 0 7 4 3 7 3 4 7 5 0 3 6 6 6 6 3
split_gain=1132.85 4595.24 3634 24574.5 12282.9 1871.07 1094.13 1030.74 1025.96 1202.68 774.366 1063.31 950.358 1297.28 747.344 1112.2 800.893 740.103 690.578 1102.07 1528.7 678.62 663.125 665.958 628.107 668.188 1222.17 998.004 3010.42 2265.29
threshold=704.55000000000007 9.7300000000000022 605.75000000000011 14.175000000000002 21.600000000000005 1.0000000180025095e-35 99.279166666666683 29.050000000000004 69.850000000000009 3.6250000000000004 85.020833333333357 0.65000000000000002 21.350000000000005 53.20000000000001 15.500000000000002 144.30208333333334 112.05000000000003 7.9450000000000012 90.666666666666671 5.7550000000000008 36.050000000000004 124.99375000000002 1.3500000000000003 14.500000000000002 1.0750000000000004 697.85000000000002 721.95000000000016 87.300000000000026 84.40000000000002 16.975000000000005
decision_type=2 2 2 2 2 2 2 2 2 2 2 2 2 2 2 2 2 2 2 2 2 2 2 2 2 2 2 2 2 2
left_child=2 14 4 5 10 7 -7 -4 9 -8 11 -1 -13 -14 16 -16 21 -11 19 20 -12 -2 -15 -24 -20 27 -27 28 -26 -29
right_child=1 -3 3 -5 -6 6 8 -9 -10 17 18 12 13 22 15 -17 -18 -19 24 -21 -22 -23 23 -25 25 26 -28 29 -30 -31
leaf_value=-0.29410611052066088 -0.17359867921242347 0.81812139891442792 0.50387803912162787 -1.8695555633306506 1.184762833335183 0.19971504881978036 -0.054157019287813461 0.040479431450366976 -0.019701964065835284 -0.54585616286541971 0.6372397941350938 0.15927680897268845 -0.47356894612312317 -0.26730146101554453 0.1303753832106789 -0.27929845597292924 0.33574885716040931 -0.17964635076509283 -0.079349537428080763 -0.098429593443870547 0.033249588446183635 0.16163008709748586 0.14584721979498863 -0.16613408659513182 -0.00093794428029066916 -0.14725252493823832 0.16977590542090568 0.040623643144459022 -0.57585375419129503 0.56464784769784837
leaf_weight=50 26 21 20 20 22 24 40 30 74 37 20 47 20 23 30 37 30 22 221 25 22 36 50 26 2275 152 38 1150 23 21
leaf_count=50 26 21 20 20 22 24 40 30 74 37 20 47 20 23 30 37 30 22 221 25 22 36 50 26 2275 152 38 1150 23 21
internal_value=1.01048e-09 0.122974 -0.004972 -0.183817 0.00643818 -0.0473199 -0.11665 0.225839 -0.160538 -0.26581 0.000211146 -0.091971 -0.0310869 -0.106273 0.0311623 -0.0958624 0.123669 -0.409303 0.00525582 0.164411 0.320864 0.0210503 -0.0320713 0.0391168 0.00250752 0.00745161 -0.0838468 0.0124521 -0.00669211 0.0500212
internal_weight=4632 180 4452 267 4185 247 197 50 173 99 4163 216 166 119 159 67 92 59 3947 67 42 62 99 76 3880 3659 190 3469 2298 1171
internal_count=4632 180 4452 267 4185 247 197 50 173 99 4163 216 166 119 159 67 92 59 3947 67 42 62 99 76 3880 3659 190 3469 2298 1171
is_linear=0
shrinkage=0.05


Tree=129
num_leaves=31
num_cat=0
split_feature=6 3 6 6 6 3 6 3 0 3 7 3 3 7 5 3 6 6 7 7 4 6 3 7 6 6 4 4 7 3
split_gain=1162.96 6115.05 444.7 1230.92 1112.55 1341.15 1074.23 945.036 874.915 1264.06 1251.2 6075.34 4239.13 1193.67 1433.55 1144.26 1607.66 1624.13 1448.82 1003.16 966.641 1035.25 945.794 1465.93 1109.46 867.102 851.193 1541.15 903.478 1169.06
threshold=728.05000000000007 21.600000000000005 53.20000000000001 57.750000000000007 29.750000000000004 17.300000000000001 28.050000000000004 13.575000000000001 20.500000000000004 5.4750000000000005 161.33750000000001 16.150000000000002 16.560000000000006 150.82083333333335 351.80000000000001 4.6550000000000011 117.25000000000001 98.450000000000017 202.03541666666669 149.80833333333337 42.550000000000004 192.15000000000003 3.4950000000000006 155.15833333333336 592.20000000000016 114.75000000000001 700.75000000000011 476.50000000000006 168.28750000000002 7.9050000000000011
decision_type=2 2 2 2 2 2 2 2 2 2 2 2 2 2 2 2 2 2 2 2 2 2 2 2 2 2 2 2 2 2
left_child=1 2 4 -4 5 6 -1 -6 10 -10 11 13 15 19 22 -12 17 18 -17 -5 21 -11 23 -15 25 -24 27 28 29 -18
right_child=-2 -3 3 8 7 -7 -8 -9 9 20 12 -13 -14 14 -16 16 26 -19 -20 -21 -22 -23 24 -25 -26 -27 -28 -29 -30 -31
leaf_value=-0.0025656416402845064 -0.36266650720076132 0.78159547424316411 0.27351257271236845 0.025154032669918731 -0.10663706401723097 -0.31746950050195061 0.20711283104287254 0.1985546511632425 0.014906767500114852 -0.11414905412122607 -0.087760209248688839 0.91850299611687669 -0.73091227923120772 0.35856496436255325 -0.12904872559010983 0.29530043254901722 0.024456581615266346 0.60528403337706216 -0.18182853712485389 -0.31671005324883894 -0.072690325809849632 -0.59263647794723517 0.19966871023178101 -0.22547091381116346 0.03208670675754547 0.608295432407711 -0.27744634749574798 0.3829191444298396 0.021332633808845342 -0.50968526035547257
leaf_weight=2009 22 25 45 872 419 33 63 27 145 20 272 20 21 21 32 41 21 22 26 22 54 26 20 22 20 37 27 26 202 20
leaf_count=2009 22 25 45 872 419 33 63 27 145 20 272 20 21 21 32 41 21 22 26 22 54 26 20 22 20 37 27 26 202 20
internal_value=1.80544e-10 0.00173073 -0.00252153 0.0149172 -0.016426 -0.00122696 0.00380972 -0.0881613 0.00906658 -0.0794095 0.0214958 0.0552709 -0.0316077 0.0387655 0.168303 -0.00925545 0.0462077 0.23254 0.110146 0.0167413 -0.216168 -0.384598 0.247596 0.0597559 0.352494 0.464918 -0.00981783 0.0170445 -0.0221026 -0.2361
internal_weight=4632 4610 4585 2034 2551 2105 2072 446 1989 245 1744 1066 678 1046 152 657 385 89 67 894 100 46 120 43 77 57 296 269 243 41
internal_count=4632 4610 4585 2034 2551 2105 2072 446 1989 245 1744 1066 678 1046 152 657 385 89 67 894 100 46 120 43 77 57 296 269 243 41
is_linear=0
shrinkage=0.05


Tree=130
num_leaves=31
num_cat=0
split_feature=0 3 3 5 4 6 3 1 6 3 3 7 3 1 3 7 0 7 5 5 4 4 7 7 7 0 7 7 7 0
split_gain=1153.76 8318.12 7923.37 954.039 1113.22 903.387 1096.41 691.748 608.475 557.162 534.448 692.861 1550.59 1678.45 1138.72 499.228 406.186 734.91 742.324 698.431 1128.77 686.063 820.162 692.97 740.527 1562.46 961.931 834.703 707.667 858.757
threshold=22.500000000000004 11.305000000000001 21.600000000000005 21.150000000000002 18.650000000000002 233.10000000000002 6.8850000000000007 3.5000000000000004 728.05000000000007 4.8750000000000009 8.1150000000000002 227.4041666666667 15.140000000000002 1.5000000000000002 18.320000000000004 249.00416666666669 14.500000000000002 239.01458333333332 58.650000000000013 704.55000000000007 112.05000000000003 531.65000000000009 225.68750000000003 239.01458333333332 185.26666666666671 16.500000000000004 195.94375000000002 143.50625000000002 81.177083333333343 15.500000000000002
decision_type=2 2 2 2 2 2 2 2 2 2 2 2 2 2 2 2 2 2 2 2 2 2 2 2 2 2 2 2 2 2
left_child=2 3 8 4 -2 6 7 -5 10 -6 16 14 13 -13 -12 -15 17 19 -19 -1 -21 23 -23 24 27 -26 -27 28 -18 -30
right_child=1 -3 -4 5 9 -7 -8 -9 -10 -11 11 12 -14 15 -16 -17 21 18 -20 20 -22 22 -24 -25 25 26 -28 -29 29 -31
leaf_value=-0.0088509903647116493 0.45403915402435119 1.0590935558080674 -0.91123221715291347 -0.46181300159158378 -0.14479572550207376 0.17326784622669222 0.111676919957002 -0.11012526331124482 0.27488518655300143 0.20455360696429301 0.032573830028322918 -0.29838846140894398 -0.49037635087966919 0.018650340040524804 0.35610847270914486 0.33790837621688841 -0.14832068963348116 0.33843400781042876 -0.017554386180860023 0.017123483881658439 0.44823839474808091 -0.18564974600337447 0.14541437243196098 -0.25740554740962884 0.40113079128786922 0.25275594216805919 -0.097869964930373185 -0.089697330337856235 -0.14288465072874165 0.058684534629028812
leaf_weight=2015 21 21 24 29 25 25 24 27 20 21 948 29 20 24 28 25 62 32 27 49 22 125 22 30 32 27 71 351 61 395
leaf_count=2015 21 21 24 29 25 25 24 27 20 21 948 29 20 24 28 25 62 32 27 49 22 125 22 30 32 27 71 351 61 395
internal_value=-5.2553e-10 0.119676 -0.00520331 0.00497987 0.152396 -0.0890859 -0.171071 -0.292249 -0.000278127 0.0146898 -0.00153029 0.0291299 -0.0976069 0.00310323 0.0418556 0.181537 -0.0114457 0.00150185 0.175524 -0.00342016 0.150708 -0.0350618 -0.136103 -0.0206274 -0.0135169 0.0977833 -0.00126895 -0.0301671 0.0101709 0.0317202
internal_weight=4632 193 4439 172 67 105 80 56 4415 46 4395 1074 98 78 976 49 3321 2145 59 2086 71 1176 147 1029 999 130 98 869 518 456
internal_count=4632 193 4439 172 67 105 80 56 4415 46 4395 1074 98 78 976 49 3321 2145 59 2086 71 1176 147 1029 999 130 98 869 518 456
is_linear=0
shrinkage=0.05


Tree=131
num_leaves=31
num_cat=0
split_feature=7 3 3 3 6 6 6 5 0 6 5 7 3 7 7 4 3 7 7 0 3 6 5 7 3 6 6 6 3 5
split_gain=1156.97 15726 12113 842.087 683.177 543.903 667.045 587.702 1092.95 1044.97 990.448 534.365 509.565 531.976 497.775 671.123 477.502 473.964 1838.25 669.028 1667.76 1705.98 1588.23 1599.17 1429.02 1053.31 1268.59 746.757 661.039 935.176
threshold=223.79166666666671 21.600000000000005 16.975000000000005 18.320000000000004 724.85000000000002 29.050000000000004 2.8500000000000001 38.45000000000001 15.500000000000002 109.95000000000002 13.65 215.00000000000003 5.6450000000000005 211.48125000000002 257.30208333333337 37.800000000000004 8.1150000000000002 69.69583333333334 78.579166666666694 19.500000000000004 13.250000000000002 66.300000000000026 329.80000000000001 181.04583333333335 6.4350000000000014 102.15000000000002 239.45000000000002 466.45000000000005 9.9250000000000025 36.050000000000004
decision_type=2 2 2 2 2 2 2 2 2 2 2 2 2 2 2 2 2 2 2 2 2 2 2 2 2 2 2 2 2 2
left_child=1 3 5 4 11 6 14 10 9 -9 -7 12 -1 17 15 -2 -13 -14 -19 -20 21 22 23 24 -21 -23 -27 -28 29 -26
right_child=2 -3 -4 -5 -6 7 -8 8 -10 -11 -12 16 13 -15 -16 -17 -18 18 19 20 -22 25 -24 -25 28 26 27 -29 -30 -31
leaf_value=-0.016324861370609334 -0.050114379687742752 -1.3717647007533484 1.2830638861656189 0.26836244669453851 0.22817142494022846 0.10795865027739251 -0.18564413456154652 0.30216396168213 0.36439091837083976 -0.12321461683937483 -0.25976505001386008 -0.26400301561162282 0.25759367063641547 0.23532674184867314 -0.15410791525528544 0.34505600028094796 0.0044285897413889564 -0.43119933236714297 0.033153379768833001 0.46514128625392914 -0.38528227447108793 -0.48646585331076669 -0.26981890797615055 0.54358864439570387 -0.29342390139897667 0.2045848778486252 -0.44935480274937367 -0.056922691384399385 0.20188382852960518 0.10137060448527335
leaf_weight=2418 22 21 20 29 32 47 61 22 37 42 30 37 20 28 21 21 30 23 1388 20 33 21 25 23 30 25 22 27 27 30
leaf_count=2418 22 21 20 29 32 47 61 22 37 42 30 37 20 28 21 21 30 23 1388 20 33 21 25 23 30 25 22 27 27 30
internal_value=2.1731e-10 -0.00684162 0.091271 -0.000157062 -0.00198544 0.0126048 -0.0673352 0.0687425 0.14807 0.0230093 -0.0353103 -0.00372782 -0.00147169 0.0191454 0.045428 0.142876 -0.14381 0.0156139 0.0127569 0.0188677 -0.051198 -0.00709889 0.0951558 0.165343 0.0840382 -0.173936 -0.0852445 -0.233117 -0.00357167 -0.0960266
internal_weight=4632 4309 323 4288 4259 303 125 178 101 64 77 4227 4160 1742 64 43 67 1714 1694 1671 283 250 155 130 107 95 74 49 87 60
internal_count=4632 4309 323 4288 4259 303 125 178 101 64 77 4227 4160 1742 64 43 67 1714 1694 1671 283 250 155 130 107 95 74 49 87 60
is_linear=0
shrinkage=0.05


Tree=132
num_leaves=31
num_cat=0
split_feature=6 3 3 3 6 6 6 7 5 7 7 7 3 5 6 6 6 4 0 3 6 7 6 4 4 7 4 4 7 5
split_gain=1165.89 6768.96 531.008 417.941 492.38 450.226 2265.25 984.335 996.675 844.44 591.511 1017.09 748.639 627.683 536.104 465.635 1049.4 965.549 896.896 984.661 941.471 1103.5 934.047 930.047 889.725 1868.42 1471.48 1004.61 1321.24 1427.2
threshold=728.05000000000007 21.600000000000005 19.095000000000002 0.85500000000000009 32.000000000000007 697.85000000000002 693.85000000000014 205.06458333333333 92.300000000000026 115.81458333333335 85.020833333333357 62.256250000000016 1.905 725.45000000000016 168.85000000000005 51.750000000000007 1.0000000180025095e-35 705.1500000000002 8.5000000000000018 13.075000000000001 7.2500000000000009 144.71250000000003 3.8500000000000001 18.650000000000002 84.600000000000009 99.883333333333354 58.650000000000013 27.950000000000003 131.4666666666667 9.6500000000000004
decision_type=2 2 2 2 2 2 2 2 2 2 2 2 2 2 2 2 2 2 2 2 2 2 2 2 2 2 2 2 2 2
left_child=1 2 3 4 -1 6 10 8 9 -7 11 -5 -13 15 -14 16 24 18 19 -18 21 -20 -23 -24 26 -26 27 28 29 -12
right_child=-2 -3 -4 5 -6 7 -8 -9 -10 -11 13 12 14 -15 -16 -17 17 -19 20 -21 -22 22 23 -25 25 -27 -28 -29 -30 -31
leaf_value=-0.0011293602240557718 -0.36312306198206817 0.82223588562011729 -0.22806048049376559 0.1640187658168174 -0.16550193884780251 -0.4091583013534546 0.47974886751174933 -0.35176570812861124 0.13441593841679636 -0.05295725023806698 -0.43853027076624773 0.12697156031544393 -0.11155174159563133 -0.24280592536926271 -0.32368989411072857 0.02896622180551052 0.0067027103640566665 -0.23357176880041758 -0.30143393616784708 0.25602425988330396 -0.030192037526947314 0.12342237035072474 -0.44253288876442681 0.03388696312904358 0.56148649638607384 0.072852247281950874 -0.30497530698776248 0.14829396852800827 0.038088748954264416 -0.035429657887547247
leaf_weight=101 22 25 26 37 83 20 25 27 62 99 34 26 126 25 39 1624 501 57 77 43 677 43 21 20 21 286 37 119 267 62
leaf_count=101 22 25 26 37 83 20 25 27 62 99 34 26 126 25 39 1624 501 57 77 43 677 43 21 20 21 286 37 119 267 62
internal_value=-2.2886e-11 0.00173291 -0.00274094 -0.00145594 -0.0752757 0.00164871 0.00523228 -0.0701434 -0.0281334 -0.112823 0.00236823 -0.0759187 -0.122399 0.00692863 -0.161693 0.00853403 -0.00611581 -0.0319008 -0.0235829 0.0264101 -0.0560366 -0.164712 -0.0393844 -0.210133 0.0388049 0.106277 -0.00110612 0.0222199 -0.0191101 -0.178194
internal_weight=4632 4610 4585 4559 184 4375 4167 208 181 119 4142 228 191 3914 165 3889 2265 1439 1382 544 838 161 84 41 826 307 519 482 363 96
internal_count=4632 4610 4585 4559 184 4375 4167 208 181 119 4142 228 191 3914 165 3889 2265 1439 1382 544 838 161 84 41 826 307 519 482 363 96
is_linear=0
shrinkage=0.05


Tree=133
num_leaves=31
num_cat=0
split_feature=4 1 4 3 3 4 7 7 6 3 0 5 4 4 3 7 7 0 0 7 3 4 6 6 0 0 5 7 6 7
split_gain=1102.83 1394.33 1220.09 15558.5 11600.6 1144.97 1025.43 1522.26 699.723 627.985 877.096 2016.33 626.899 881.382 789.087 1164.33 914.461 1026.31 1012.98 1307.01 979.895 811.153 720.216 1527.41 1262.58 981.347 897.519 696.512 692.684 619.521
threshold=720.6500000000002 2.5000000000000004 3.2500000000000004 19.095000000000002 17.845000000000002 717.1500000000002 71.702083333333348 103.95625000000001 14.65 2.3250000000000006 10.500000000000002 58.650000000000013 26.150000000000002 27.350000000000005 9.3150000000000031 128.2104166666667 159.10625000000005 8.5000000000000018 14.500000000000002 144.71250000000003 12.645000000000001 700.75000000000011 32.850000000000001 0.95000000000000007 11.500000000000002 8.5000000000000018 41.800000000000004 194.99583333333337 31.450000000000003 105.99166666666669
decision_type=2 2 2 2 2 2 2 2 2 2 2 2 2 2 2 2 2 2 2 2 2 2 2 2 2 2 2 2 2 2
left_child=2 -2 4 5 6 12 -1 8 -8 -10 -11 -12 -4 -14 29 28 17 20 -19 -20 -17 22 23 27 25 -24 -26 -18 -16 -15
right_child=1 -3 3 -5 -6 -7 7 -9 9 10 11 -13 13 14 15 16 21 18 19 -21 -22 -23 24 -25 26 -27 -28 -29 -30 -31
leaf_value=0.37261471644043925 0.55527029566466812 0.034579499935110412 -0.039286564979335414 -1.0511951446533203 1.0869624429024183 -0.33689069724999943 -0.29330311135078468 0.036030801834597052 0.18934766530990602 -0.29540620858852684 0.35368335211406587 -0.32396363835959208 0.27403122926911999 0.059821314460028967 0.44289752552906675 -0.056693729137380924 0.061942212148146193 0.28419931685695282 0.15760087799280884 -0.36421608043213688 -0.53057048305869103 -0.22068470478057864 0.17336289840085167 -0.10588844008743764 0.16497208704099511 -0.24525444904963176 0.53660696515580641 0.4598093260418285 0.090295815897675658 -0.018763785149462392
leaf_weight=20 20 36 914 36 26 26 48 892 20 39 23 21 31 293 30 24 22 26 24 24 20 20 42 80 33 21 32 22 26 1741
leaf_count=20 20 36 914 36 26 26 48 892 20 39 23 21 31 293 30 24 22 26 24 24 20 20 42 80 33 21 32 22 26 1741
internal_value=6.21575e-10 0.22054 -0.00269892 -0.0171271 0.0435003 -0.00633992 0.0179782 0.0111779 -0.135635 -0.0621593 -0.122763 0.0302609 -0.00383063 0.00907527 0.00576332 0.0659936 0.0353808 -0.0808614 0.0328435 -0.103308 -0.272092 0.0858094 0.110134 0.0242537 0.193331 0.0338238 0.347931 0.260876 0.27919 -0.00744351
internal_weight=4632 56 4576 3487 1089 3451 1063 1043 151 103 83 44 3425 2511 2480 446 390 118 74 48 44 272 252 124 128 63 65 44 56 2034
internal_count=4632 56 4576 3487 1089 3451 1063 1043 151 103 83 44 3425 2511 2480 446 390 118 74 48 44 272 252 124 128 63 65 44 56 2034
is_linear=0
shrinkage=0.05


Tree=134
num_leaves=31
num_cat=0
split_feature=6 3 7 3 3 7 7 4 4 6 1 4 5 7 4 6 1 0 5 7 4 0 5 7 1 4 3 3 3 4
split_gain=1070.07 6485.72 450.101 7813.06 6925.59 875.793 1788.43 1129.63 918.287 1098.52 868.977 664.147 604.043 737.475 668.989 659 725.817 567.242 770.912 984.165 932.411 862.544 645.548 642.135 512.967 538.632 821.515 477.158 512.297 576.885
threshold=728.05000000000007 21.600000000000005 162.10208333333335 18.320000000000004 17.300000000000001 179.93750000000003 176.99791666666667 689.80000000000007 704.1500000000002 17.750000000000004 3.5000000000000004 715.75000000000011 0.95000000000000007 166.10833333333338 497.05000000000001 14.350000000000003 2.5000000000000004 17.500000000000004 18.150000000000002 173.66458333333335 61.350000000000001 14.500000000000002 82.65000000000002 168.28750000000002 1.5000000000000002 112.05000000000003 7.5550000000000006 15.985000000000001 13.780000000000001 10.65
decision_type=2 2 2 2 2 2 2 2 2 2 2 2 2 2 2 2 2 2 2 2 2 2 2 2 2 2 2 2 2 2
left_child=1 2 4 5 27 6 7 12 -7 -10 -8 -11 13 -4 17 -15 -17 18 20 21 -14 24 -21 -19 -20 26 -26 28 -1 -30
right_child=-2 -3 3 -5 -6 8 10 -9 9 11 -12 -13 14 15 -16 16 -18 23 19 22 -22 -23 -24 -25 25 -27 -28 -29 29 -31
leaf_value=0.0015179985959186436 -0.34788070266897031 0.80481311035156244 -0.12888194790908269 -0.85114981936556955 0.8737099514707275 0.031138427450488778 -0.39194481057940789 0.25320921914918082 0.1626333420691283 -0.3976480453303366 -0.080989669702756104 -0.082769464701414108 -0.36852006147305172 0.35888208256661897 -0.27574655951725113 0.27346170729114894 -0.10724860343240923 -0.30414287258939043 -0.24305820721718999 0.4285743919285861 0.029074173754659195 0.22800271941555872 0.063703491828507861 -0.024305261617026678 0.20978277884423735 -0.17649748078414373 -0.17989199587277005 -0.21945480263481537 0.37082009449601178 0.026387712695906243
leaf_weight=2733 22 25 35 28 23 1014 53 35 23 33 39 34 30 25 36 21 31 41 36 22 29 27 27 41 38 35 21 24 20 31
leaf_count=2733 22 25 35 28 23 1014 53 35 23 33 39 34 30 25 36 21 31 41 36 22 29 27 27 41 38 35 21 24 20 31
internal_value=2.21822e-10 0.00166017 -0.00271907 -0.0226217 0.00961198 -0.00918093 -0.0566313 -0.0213075 0.0175529 -0.135511 -0.260127 -0.237859 -0.0407178 0.0614212 -0.0705861 0.147923 0.0464998 -0.0493015 -0.0137405 0.0318991 -0.173092 -0.0291555 0.227523 -0.164224 -0.0825653 -0.0211 0.071085 0.00253426 0.00444796 0.161459
internal_weight=4632 4610 4585 1754 2831 1726 622 530 1104 90 92 67 495 112 383 77 52 347 265 206 59 157 49 82 130 94 59 2808 2784 51
internal_count=4632 4610 4585 1754 2831 1726 622 530 1104 90 92 67 495 112 383 77 52 347 265 206 59 157 49 82 130 94 59 2808 2784 51
is_linear=0
shrinkage=0.05


Tree=135
num_leaves=31
num_cat=0
split_feature=0 3 3 5 4 6 3 6 1 3 4 4 3 6 3 3 6 6 5 7 1 6 1 3 7 4 7 6 1 7
split_gain=1057.83 7437.53 7368.85 855.47 997.872 798.508 978.822 652.433 628.832 488.928 439.528 951.43 826.413 856.096 1950.36 807.964 728.745 1081.26 1416.98 946.746 1269.17 803.201 1209.73 1060.67 708.215 604.698 837.917 1077.01 681.814 600.726
threshold=22.500000000000004 11.305000000000001 21.600000000000005 21.150000000000002 18.650000000000002 233.10000000000002 6.8850000000000007 728.05000000000007 3.5000000000000004 4.8750000000000009 365.65000000000003 385.95000000000005 14.660000000000002 561.30000000000007 4.0250000000000012 9.2350000000000012 243.70000000000002 130.25000000000003 63.550000000000004 209.47291666666669 2.5000000000000004 4.6500000000000012 5.5000000000000009 4.245000000000001 160.82916666666671 273.00000000000006 171.38958333333338 189.05000000000004 3.5000000000000004 179.38333333333335
decision_type=2 2 2 2 2 2 2 2 2 2 2 2 2 2 2 2 2 2 2 2 2 2 2 2 2 2 2 2 2 2
left_child=2 3 7 4 -2 6 8 10 -5 -6 25 -12 13 15 -15 16 17 19 -19 21 -21 -13 23 24 -23 -1 27 28 -27 -18
right_child=1 -3 -4 5 9 -7 -8 -9 -10 -11 11 12 -14 14 -16 -17 29 18 -20 20 -22 22 -24 -25 -26 26 -28 -29 -30 -31
leaf_value=0.0010652938827354966 0.43131863907689144 1.0028940914642244 -0.87873217264811199 -0.43618036282473605 -0.13404661044478416 0.16371854364871979 0.10714005554715794 0.28469658643007278 -0.10086740387810603 0.19321232693535942 -0.28017409590906217 0.010298285512333243 -0.3117948114871979 -0.11917785625247396 0.40888475378354389 0.097985392600297927 -0.10685106029405314 0.38752980660647157 -0.1489633134007454 0.3590368727157856 -0.097652051970362669 0.041827244925148353 0.1359562796931113 -0.32398164515693983 -0.23727887127457598 -0.029056106986222314 -0.055146167601148294 0.4450701553906713 0.25514527708292006 -0.41465566274912463
leaf_weight=3471 21 21 24 29 25 25 24 20 27 21 38 117 24 34 36 100 51 32 20 29 32 51 31 90 41 51 60 28 36 23
leaf_count=3471 21 21 24 29 25 25 24 20 27 21 38 117 24 34 36 100 51 32 20 29 32 51 31 90 41 51 60 28 36 23
internal_value=8.03909e-10 0.114593 -0.0049823 0.00613756 0.145731 -0.0829364 -0.160016 -0.000232584 -0.274512 0.0153542 -0.00152919 -0.0364152 -0.0233873 -0.0133119 0.152397 -0.032112 -0.0572759 -0.0330139 0.181186 -0.0615009 0.119462 -0.0949517 -0.152765 -0.201943 -0.082557 0.00563747 0.0963232 0.175351 0.0885445 -0.20252
internal_weight=4632 193 4439 172 67 105 80 4415 56 46 4395 749 711 687 70 617 517 443 52 391 61 330 213 182 92 3646 175 115 87 74
internal_count=4632 193 4439 172 67 105 80 4415 56 46 4395 749 711 687 70 617 517 443 52 391 61 330 213 182 92 3646 175 115 87 74
is_linear=0
shrinkage=0.05


Tree=136
num_leaves=31
num_cat=0
split_feature=7 3 3 3 6 0 0 1 0 3 3 5 1 4 7 7 7 1 0 3 6 0 5 3 5 3 6 6 3 5
split_gain=1036.23 14607.6 11355.9 912.098 678.827 523.811 815.218 1494.2 867.542 750.669 948.141 1034.69 682.831 560.887 513.298 426.327 2125.91 774.203 720.632 1083.92 1060.7 1705.62 2088.85 1689.71 1249.13 1379.99 1376.39 1017.67 849.641 815.503
threshold=223.79166666666671 21.600000000000005 16.975000000000005 18.320000000000004 724.85000000000002 18.500000000000004 5.5000000000000009 1.5000000000000002 3.5000000000000004 3.3750000000000004 4.5250000000000012 39.350000000000001 2.5000000000000004 79.950000000000017 215.00000000000003 179.93750000000003 176.99791666666667 3.5000000000000004 2.5000000000000004 5.0850000000000009 29.050000000000004 11.500000000000002 33.250000000000007 7.2700000000000005 102.40000000000002 6.7750000000000012 12.300000000000002 34.400000000000006 7.8450000000000006 211.10000000000002
decision_type=2 2 2 2 2 2 2 2 2 2 2 2 2 2 2 2 2 2 2 2 2 2 2 2 2 2 2 2 2 2
left_child=1 3 5 4 14 6 7 -2 13 -8 -11 -12 -7 -9 15 16 -1 -18 19 -17 21 22 -20 -24 25 26 -23 -22 -26 -29
right_child=2 -3 -4 -5 -6 12 9 8 -10 10 11 -13 -14 -15 -16 18 17 -19 20 -21 27 24 23 -25 28 -27 -28 29 -30 -31
leaf_value=-0.0022890121979968229 -0.45745545268058785 -1.3219710032145182 1.2403250890970232 0.27942678454364173 0.22748786788433792 -0.26580018622534618 -0.072464921660721313 -0.021840310692787173 -0.22379978263661979 0.45848096522192167 -0.1073944719348635 0.24161709885078447 0.053761646547354762 0.34401222575794566 -0.14096489233423526 -0.33978971242904665 -0.37034862106138805 -0.076839933697229787 0.044101152149113747 0.05630979771033312 -0.34523981866382419 0.49024418575423107 0.25995111657600656 0.79584021011833106 -0.27211252606577346 -0.070774427153325326 -0.0013738103210926057 -0.029309672085952216 0.10145738837511645 0.15308003300800921
leaf_weight=3343 20 21 20 29 32 35 40 20 21 24 35 54 32 22 67 31 53 39 55 39 21 35 38 24 45 48 24 262 23 80
leaf_count=3343 20 21 20 29 32 35 40 20 21 24 35 54 32 22 67 31 53 39 55 39 21 35 38 24 45 48 24 262 23 80
internal_value=-1.36321e-11 -0.00647479 0.0863774 -3.22991e-05 -0.00193517 0.0102092 0.0452374 -0.080933 0.0385979 0.113683 0.179576 0.104365 -0.113174 0.169797 -0.00367199 -0.00146078 -0.00881438 -0.245926 0.0333801 -0.119106 0.0496763 0.120619 0.268409 0.467392 0.0218106 0.128303 0.290264 -0.00739054 -0.145758 0.0133546
internal_weight=4632 4309 323 4288 4259 303 236 83 63 153 113 89 67 42 4227 4160 3435 92 725 70 655 292 117 62 175 107 59 363 68 342
internal_count=4632 4309 323 4288 4259 303 236 83 63 153 113 89 67 42 4227 4160 3435 92 725 70 655 292 117 62 175 107 59 363 68 342
is_linear=0
shrinkage=0.05


Tree=137
num_leaves=31
num_cat=0
split_feature=6 3 3 3 6 6 7 5 7 7 5 7 1 6 6 7 6 6 6 7 6 0 5 7 7 0 3 3 1 5
split_gain=1081.01 7090.92 415.51 370.027 455.946 2061.95 907.484 727.01 630.968 985.72 614.807 525.739 483.645 545.702 1627.48 579.277 455.943 1437.64 1107.88 1047.24 1047.21 1445.76 1482.4 1122.37 1431.38 1082.65 1022.71 1363.18 1000.77 968.35
threshold=728.05000000000007 21.600000000000005 19.095000000000002 1.0750000000000004 697.85000000000002 693.85000000000014 205.06458333333333 92.300000000000026 85.020833333333357 62.256250000000016 725.45000000000016 87.687500000000014 1.5000000000000002 0.95000000000000007 25.650000000000002 76.843750000000014 38.850000000000001 29.750000000000004 23.950000000000003 111.74583333333335 1.0000000180025095e-35 16.500000000000004 681.1500000000002 100.53333333333335 105.99166666666669 20.500000000000004 4.4850000000000012 8.1850000000000005 2.5000000000000004 191.10000000000002
decision_type=2 2 2 2 2 2 2 2 2 2 2 2 2 2 2 2 2 2 2 2 2 2 2 2 2 2 2 2 2 2
left_child=1 2 3 -1 5 8 7 -6 9 -5 11 -10 -11 -14 -15 -16 17 18 20 -20 -13 22 23 -22 -25 -23 -27 -28 -19 -26
right_child=-2 -3 -4 4 6 -7 -8 -9 10 12 -12 16 13 14 15 -17 -18 28 19 -21 21 25 -24 24 29 26 27 -29 -30 -31
leaf_value=-0.05911397593833928 -0.34965528303926646 0.84145805358886716 -0.2022250035061286 0.15988904833793641 -0.10398148540569388 0.46748358607292179 -0.34128429768262092 0.10956027175559374 0.21078805858269334 -0.2228888689662869 -0.24488667050997415 0.032876372151776162 -0.24011191308498381 0.31665764594716683 -0.35124937526204369 -0.011007441349070647 0.025599946610280963 -0.27003950115786979 0.46525366425514225 0.080523271047893696 -0.31495359578440268 -0.24237791506600553 0.37875644763310756 0.37188170403242116 0.012237572084185522 -0.25323797413730065 0.28883634467382691 -0.1835851121407289 -0.039611188793947941 -0.15410954609916017
leaf_weight=265 22 25 26 36 115 24 27 61 32 76 24 799 30 28 22 29 1790 83 20 153 31 138 24 24 413 32 37 26 109 111
leaf_count=265 22 25 26 36 115 24 27 61 32 76 24 799 30 28 22 29 1790 83 20 153 31 138 24 24 413 32 37 26 109 111
internal_value=-2.42949e-10 0.00166864 -0.00291037 -0.00177368 0.00176503 0.00539437 -0.0713762 -0.0299699 0.00266751 -0.0794896 0.00738845 0.00897259 -0.126071 -0.0585656 0.0103761 -0.157778 0.00726861 -0.00913793 0.00467646 0.125001 -0.00805511 -0.047175 -0.0063023 -0.0222633 -0.00570599 -0.152953 -0.0230514 0.0938688 -0.139223 -0.0230001
internal_weight=4632 4610 4585 4559 4294 4091 203 176 4067 221 3846 3822 185 109 79 51 3790 2000 1808 173 1635 836 603 579 548 233 95 63 192 524
internal_count=4632 4610 4585 4559 4294 4091 203 176 4067 221 3846 3822 185 109 79 51 3790 2000 1808 173 1635 836 603 579 548 233 95 63 192 524
is_linear=0
shrinkage=0.05


Tree=138
num_leaves=31
num_cat=0
split_feature=5 3 5 3 3 4 0 7 5 6 5 3 6 6 3 6 6 6 6 7 7 3 6 6 6 7 5 4 3 7
split_gain=1026.05 4161.95 3280.78 25395.7 11276.6 1086.21 1450.8 1734.71 772.363 715.953 1421.62 676.896 673.788 617.385 1589.65 591.431 578.914 862.614 1708.56 844.326 825.433 813.009 722.728 1036.07 902.629 570.333 834.668 760.548 527.066 727.189
threshold=704.55000000000007 9.7300000000000022 572.75000000000011 14.660000000000002 21.600000000000005 182.90000000000001 6.5000000000000009 103.95625000000001 489.00000000000006 8.8500000000000032 681.1500000000002 5.9650000000000007 1.6500000000000001 22.750000000000004 4.8750000000000009 53.20000000000001 721.95000000000016 697.85000000000002 693.85000000000014 167.29375000000005 85.020833333333357 4.5250000000000012 0.65000000000000002 21.350000000000005 53.20000000000001 137.33958333333337 27.950000000000003 52.70000000000001 3.8050000000000002 160.23125000000002
decision_type=2 2 2 2 2 2 2 2 2 2 2 2 2 2 2 2 2 2 2 2 2 2 2 2 2 2 2 2 2 2
left_child=2 13 4 5 8 6 -4 -8 16 -9 -11 -7 -10 14 -2 -15 17 18 20 25 22 -21 -1 -24 -25 26 -19 -27 -22 -30
right_child=1 -3 3 -5 -6 11 7 9 12 10 -12 -13 -14 15 -16 -17 -18 19 -20 21 28 -23 23 24 -26 27 -28 -29 29 -31
leaf_value=-0.27005702598641318 -0.080114744963317094 0.77859627462568737 -0.19725995709055238 -1.8852159929275514 1.1359240618619053 -0.089698234706554775 0.48122372528910634 0.23674821575482685 -0.10464998582998913 -0.29014266638292208 0.11119917597164189 -0.39016810820020481 0.21774378368552305 -0.24203360146946379 0.47000023548801739 0.029035253162625469 0.1945051838417311 -0.32635262335340182 0.42115397825837136 -0.065716558039188397 -0.022351630807812731 -0.45178858339786532 0.14760790929753095 -0.43706314686685799 -0.063731487787821714 -0.088563262323538464 0.069248565410574281 0.28906454741954807 0.042846954041218764 -0.013317453448501449
leaf_weight=48 29 21 56 20 22 53 25 30 21 36 57 29 71 27 24 79 37 30 24 25 1279 30 47 20 85 30 24 24 1282 1047
leaf_count=48 29 21 56 20 22 53 25 30 21 36 57 29 71 27 24 79 37 30 24 25 1279 30 47 20 85 30 24 24 1282 1047
internal_value=-4.18753e-10 0.117034 -0.00473182 -0.162724 0.00692895 -0.0422699 0.0195083 0.101529 0.000906182 0.024355 -0.044159 -0.195962 0.144154 0.0296576 0.168994 -0.0400106 -0.00236237 -0.00418567 0.000606152 -0.116838 -0.00204436 -0.276301 -0.100918 -0.0475057 -0.134842 -0.0356293 -0.15053 0.0792713 0.00343644 0.0175983
internal_weight=4632 180 4452 306 4146 286 204 148 4124 123 93 82 92 159 53 106 4032 3995 3832 163 3808 55 200 152 105 108 54 54 3608 2329
internal_count=4632 180 4452 306 4146 286 204 148 4124 123 93 82 92 159 53 106 4032 3995 3832 163 3808 55 200 152 105 108 54 54 3608 2329
is_linear=0
shrinkage=0.05


Tree=139
num_leaves=31
num_cat=0
split_feature=6 3 0 3 7 7 5 3 3 6 6 0 1 7 4 4 4 6 3 6 6 5 5 5 0 4 3 6 6 6
split_gain=1035.38 5804.4 360.463 2079.77 1159.94 1574.13 850.618 1333.04 885.437 681.671 1274.64 951.824 680.189 1048.12 835.73 1134.8 1883.68 1332.62 1039.1 705.434 660.155 596.702 577.065 1391.13 572.955 778.294 534.378 479.703 1643.85 1177.14
threshold=728.05000000000007 21.600000000000005 19.500000000000004 15.470000000000001 93.256250000000009 85.020833333333357 534.20000000000016 5.3050000000000006 1.425 349.00000000000006 466.45000000000005 21.500000000000004 3.5000000000000004 169.8041666666667 1.0000000180025095e-35 74.600000000000009 198.05000000000004 58.750000000000007 5.6050000000000013 11.300000000000002 34.400000000000006 696.60000000000014 7.5500000000000007 42.550000000000004 20.500000000000004 1.3500000000000003 3.9850000000000008 55.150000000000013 57.750000000000007 29.750000000000004
decision_type=2 2 2 2 2 2 2 2 2 2 2 2 2 2 2 2 2 2 2 2 2 2 2 2 2 2 2 2 2 2
left_child=1 2 27 4 5 -4 8 21 -6 12 -11 -12 14 24 -10 17 -17 18 -16 -18 -21 -8 -15 -24 -14 -26 -27 29 -29 -1
right_child=-2 -3 3 -5 6 -7 7 -9 9 10 11 -13 13 22 15 16 19 -19 -20 20 -22 -23 23 -25 25 26 -28 28 -30 -31
leaf_value=0.0053432712677861424 -0.34219598499211401 0.76143043518066411 -0.0025810145205113948 -0.53703408569097522 -0.2145102365961615 0.51422097767176833 0.17401982829684304 -0.44269296680577103 0.16749655889428183 -0.45588250945914877 0.15636968967076895 -0.20475542348706061 -0.19006579944799687 0.42246617565729788 -0.23861823269854421 0.39344268446338587 0.16277556947686456 -0.47708561963268692 0.11470103028573489 -0.40198723003268244 -0.045441995440302668 -0.18751336240768435 -0.18033363590016963 0.36984806325700553 -0.1868492145429958 -0.044193145402130631 0.26727915205061437 0.41812410194140215 0.017465239590180263 -0.091550215135733193
leaf_weight=1747 22 25 41 20 53 23 21 32 46 22 37 36 29 28 46 29 22 28 38 20 37 25 20 27 22 21 40 26 1667 382
leaf_count=1747 22 25 41 20 53 23 21 32 46 22 37 36 29 28 46 29 22 28 38 20 37 25 20 27 22 21 40 26 1667 382
internal_value=-2.4542e-10 0.00163304 -0.0025098 -0.033887 -0.0203433 0.183145 -0.0395233 -0.194867 -0.0193623 -0.000488482 -0.122262 -0.0217194 0.0250491 0.0981219 -0.0263216 -0.0668472 0.0487945 -0.178359 -0.0787833 -0.077722 -0.170546 -0.0224656 0.242777 0.135728 0.00125464 0.0681015 0.160051 0.00375413 0.0236183 -0.012042
internal_weight=4632 4610 4585 763 743 64 679 78 601 548 95 73 453 187 266 220 108 112 84 79 57 46 75 47 112 83 61 3822 1693 2129
internal_count=4632 4610 4585 763 743 64 679 78 601 548 95 73 453 187 266 220 108 112 84 79 57 46 75 47 112 83 61 3822 1693 2129
is_linear=0
shrinkage=0.05


Tree=140
num_leaves=31
num_cat=0
split_feature=0 3 3 5 4 6 3 6 1 3 4 4 0 6 0 7 1 0 0 6 6 7 7 0 1 1 7 6 3 7
split_gain=984.902 7872.46 6700.14 752.822 890 733.528 851.62 656.787 516.632 409.724 384.997 869.078 1102.35 1039.16 839.832 789.925 775.127 769.4 1033.25 721.841 864.695 835.291 694.548 1541.13 901.041 723.868 765.339 1032.78 561.533 607.75
threshold=22.500000000000004 21.600000000000005 11.305000000000001 21.150000000000002 18.650000000000002 233.10000000000002 6.8850000000000007 728.05000000000007 3.5000000000000004 4.8750000000000009 365.65000000000003 476.50000000000006 14.500000000000002 21.750000000000004 12.500000000000002 223.79166666666671 3.5000000000000004 15.500000000000002 18.500000000000004 7.2500000000000009 561.30000000000007 184.78541666666672 205.99791666666673 6.5000000000000009 1.0000000180025095e-35 2.5000000000000004 177.60000000000005 35.150000000000013 5.4750000000000005 161.6854166666667
decision_type=2 2 2 2 2 2 2 2 2 2 2 2 2 2 2 2 2 2 2 2 2 2 2 2 2 2 2 2 2 2
left_child=1 7 3 4 -2 6 8 10 -5 -6 -1 17 14 28 19 -15 -16 -12 -19 21 22 -13 24 -24 -21 -26 27 -27 29 -14
right_child=2 -3 -4 5 9 -7 -8 -9 -10 -11 11 12 13 15 16 -17 -18 18 -20 20 -22 -23 23 -25 25 26 -28 -29 -30 -31
leaf_value=0.0055082836324340176 0.4082945712975094 -0.90792109171549473 0.95368946336564564 -0.40313743784509859 -0.12130927728116513 0.16048030233383181 0.099390633155902242 0.28598020434379579 -0.099207340346442338 0.17827224447613671 -0.19078035660060055 0.047126017270549658 -0.34309785923232206 -0.065098136698149831 0.041443232536315919 0.27650607615709305 0.43517590665817263 0.29337199565700511 -0.18592277557953546 0.14578522535470814 0.19056638592952177 0.39993413194366129 -0.15958257991075517 0.42927551507949835 -0.38719265451354368 0.26325433362614026 -0.33245977373034868 -0.15631947170265698 -0.45274451452752817 0.006663438926140468
leaf_weight=3646 21 24 21 29 25 25 24 20 27 21 133 62 23 110 25 20 25 22 23 26 38 23 25 20 31 22 27 44 23 27
leaf_count=3646 21 24 21 29 25 25 24 20 27 21 133 62 23 110 25 20 25 22 23 26 38 23 25 20 31 22 27 44 23 27
internal_value=-1.07141e-10 -0.00480749 0.110572 0.00763355 0.138585 -0.0759257 -0.149803 0.000101848 -0.2566 0.0154562 -0.00119908 -0.0338493 -0.00377815 -0.0973159 0.0478201 -0.0125436 0.23831 -0.130314 0.0483991 0.017869 -0.0276307 0.142592 -0.0701512 0.102132 -0.121836 -0.17795 -0.108203 -0.0164615 -0.24828 -0.154227
internal_weight=4632 4439 193 172 67 105 80 4415 56 46 4395 749 571 203 368 130 50 178 45 318 233 85 195 45 150 124 93 66 73 50
internal_count=4632 4439 193 172 67 105 80 4415 56 46 4395 749 571 203 368 130 50 178 45 318 233 85 195 45 150 124 93 66 73 50
is_linear=0
shrinkage=0.05


Tree=141
num_leaves=31
num_cat=0
split_feature=6 3 7 3 3 0 5 3 3 6 4 0 5 3 0 7 4 4 0 0 7 3 7 5 3 3 7 7 6 4
split_gain=1000.52 5802.96 375.968 7251.41 6301.84 815.668 1077.5 1289.56 661.159 599.859 957.886 1747.9 890.358 785.204 1355.43 747.368 1114.82 1056.4 1472.21 1455.96 1427.76 1250.1 1231.23 1135.29 908.35 1132.59 842.385 1003.58 1004.51 1829.36
threshold=728.05000000000007 21.600000000000005 162.10208333333335 18.320000000000004 17.300000000000001 1.5000000000000002 47.750000000000007 5.1150000000000011 6.3050000000000006 1.0000000180025095e-35 1.3500000000000003 13.500000000000002 678.1500000000002 6.4050000000000011 9.5000000000000018 181.04583333333335 702.35000000000014 37.800000000000004 17.500000000000004 16.500000000000004 183.64166666666668 6.5850000000000009 197.04166666666669 17.250000000000004 3.5350000000000006 12.325000000000001 176.99791666666667 173.66458333333335 73.200000000000003 313.75000000000006
decision_type=2 2 2 2 2 2 2 2 2 2 2 2 2 2 2 2 2 2 2 2 2 2 2 2 2 2 2 2 2 2
left_child=1 2 4 5 -1 6 7 -4 -8 12 11 13 -7 14 -11 26 17 19 20 22 -19 -20 23 -17 -22 -26 27 28 -12 -30
right_child=-2 -3 3 -5 -6 9 8 -9 -10 10 15 -13 -14 -15 -16 16 -18 18 21 -21 24 -23 -24 -25 25 -27 -28 -29 29 -31
leaf_value=0.001981420714764163 -0.33638657223094598 0.76130870056152355 -0.22592976201664317 -0.8189196678410684 0.83300105592478868 0.091405594312436111 -0.12720695996985718 0.19631650674156845 -0.45218550460091955 -0.062368754084621163 -0.2202093303787942 -0.067626594253208328 -0.19070421240983471 0.33256118386983874 0.39626487684436146 0.46421547805269558 -0.18592462422124842 -0.36252374475200977 0.073351010916725037 -0.27743509354405721 -0.13534886144967587 0.41008263622619667 -0.092090172568957018 -0.027375035700590716 0.14089635221835448 -0.1923276929060618 -0.24672291419455702 0.12019924600608647 -0.11025141058489681 0.35560716749341403
leaf_weight=2808 22 25 33 28 23 286 34 40 29 49 102 115 31 60 24 24 74 24 63 61 57 49 90 23 170 30 71 64 96 27
leaf_count=2808 22 25 33 28 23 286 34 40 29 49 102 115 31 60 24 24 74 24 63 61 57 49 90 23 170 30 71 64 96 27
internal_value=7.22772e-10 0.00160532 -0.00253701 -0.0207269 0.0087329 -0.00777828 -0.125305 0.00543806 -0.2768 0.00227429 -0.0130511 0.0751246 0.0638176 0.198556 0.0884149 -0.0343853 -0.00297184 0.0199359 0.0673849 -0.074243 0.00628859 0.220671 0.0162294 0.22365 0.0407302 0.0909127 -0.092413 -0.0545029 -0.104196 -0.00798977
internal_weight=4632 4610 4585 1754 2831 1726 136 73 63 1590 1273 248 317 133 73 1025 665 591 393 198 281 112 137 47 257 200 360 289 225 123
internal_count=4632 4610 4585 1754 2831 1726 136 73 63 1590 1273 248 317 133 73 1025 665 591 393 198 281 112 137 47 257 200 360 289 225 123
is_linear=0
shrinkage=0.05


Tree=142
num_leaves=31
num_cat=0
split_feature=4 1 5 3 6 0 4 7 6 4 6 6 0 4 0 3 7 3 0 0 1 3 3 3 6 3 7 3 6 3
split_gain=1022.6 1206.9 1056.47 4703.57 3862.14 1167.46 980.338 820.353 626.789 422.935 408.776 1490.75 910.489 650.446 1283.43 716.626 508.82 827.819 911.521 629.752 611.585 758.784 572.833 551.45 674.942 1214.33 9172.34 4297.27 1180.51 1192.46
threshold=720.6500000000002 2.5000000000000004 704.55000000000007 21.600000000000005 1.0000000180025095e-35 15.500000000000002 717.1500000000002 144.30208333333334 724.85000000000002 38.750000000000007 697.85000000000002 693.85000000000014 3.5000000000000004 14.450000000000001 8.5000000000000018 3.8250000000000006 85.020833333333357 1.905 6.5000000000000009 3.5000000000000004 5.5000000000000009 5.3050000000000006 7.3850000000000007 1.0750000000000004 38.850000000000001 14.935 146.04583333333338 17.300000000000001 29.750000000000004 17.300000000000001
decision_type=2 2 2 2 2 2 2 2 2 2 2 2 2 2 2 2 2 2 2 2 2 2 2 2 2 2 2 2 2 2
left_child=2 -2 3 6 -4 9 8 -7 10 -6 11 16 -12 15 -15 -14 17 -1 19 -19 21 -20 -23 -18 28 -26 -27 -28 29 -25
right_child=1 -3 4 -5 5 7 -8 -9 -10 -11 12 -13 13 14 -16 -17 23 18 20 -21 -22 22 -24 24 25 26 27 -29 -30 -31
leaf_value=0.13928484981124464 0.52378779992461211 0.039355821907520294 0.57147603590746188 -0.70548785527547198 0.21840886712074281 0.073056832104921351 -0.3097113256271069 -0.32836668870278768 0.22225334317453449 -0.003593643554827062 -0.32800549169381465 0.3848347504138947 0.038752370576063795 0.40614601058885458 -0.040044481711215288 -0.32517201189071904 -0.074953740345534342 -0.12289033296173844 -0.10298678391292447 -0.48901948407292367 -0.23454397689018933 0.36644485190510756 -0.011983858346939089 0.0044841164814641973 0.020295715489441295 1.0574655148970045 0.24754916230837504 -0.67246768962253223 -0.13351577968206457 -0.30353860817849637
leaf_weight=37 20 36 37 24 45 20 26 35 31 41 30 25 24 20 83 31 221 23 61 24 35 20 20 1736 1634 23 30 22 186 32
leaf_count=37 20 36 37 24 45 20 26 35 31 41 30 25 24 20 83 31 221 23 61 24 35 20 20 1736 1634 23 30 22 186 32
internal_value=6.24337e-11 0.212367 -0.0025989 -0.00743214 0.11682 -0.00248679 -0.00360193 -0.182394 -0.00177147 0.11257 -0.00338017 -9.7113e-05 -0.0754852 -0.0275383 0.0465944 -0.166369 -0.00244197 -0.0764155 -0.120027 -0.30985 -0.0544266 0.00799036 0.17723 0.00174809 0.00637574 0.0293254 0.226052 -0.141689 -0.0136964 -0.00109096
internal_weight=4632 56 4576 4398 178 141 4374 55 4348 86 4317 4129 188 158 103 55 4104 220 183 47 136 101 40 3884 3663 1709 75 52 1954 1768
internal_count=4632 56 4576 4398 178 141 4374 55 4348 86 4317 4129 188 158 103 55 4104 220 183 47 136 101 40 3884 3663 1709 75 52 1954 1768
is_linear=0
shrinkage=0.05


Tree=143
num_leaves=31
num_cat=0
split_feature=7 3 3 3 6 7 6 6 5 0 5 6 0 0 7 1 7 7 1 0 5 6 0 5 3 5 1 7 6 4
split_gain=990.501 14825.6 10608.9 1043.51 645.758 467.81 466.988 510.658 767.291 1033.91 973.395 679.586 497.399 881.77 862.04 404.321 396.906 1740.4 691.96 634.82 1049.07 887.44 1536.93 1900.7 1638.85 1111.52 909.496 941.147 851.767 775.527
threshold=223.79166666666671 21.600000000000005 16.975000000000005 18.320000000000004 724.85000000000002 215.00000000000003 29.050000000000004 41.050000000000004 38.45000000000001 15.500000000000002 9.1500000000000004 118.95000000000002 15.500000000000002 9.5000000000000018 235.48958333333334 2.5000000000000004 179.93750000000003 176.99791666666667 3.5000000000000004 2.5000000000000004 6.0500000000000007 29.050000000000004 11.500000000000002 37.650000000000013 7.2700000000000005 62.150000000000013 3.5000000000000004 194.99583333333337 34.400000000000006 19.550000000000004
decision_type=2 2 2 2 2 2 2 2 2 2 2 2 2 2 2 2 2 2 2 2 2 2 2 2 2 2 2 2 2 2
left_child=1 3 6 4 5 16 12 -8 10 11 -9 -10 13 14 -2 -14 17 -1 -19 20 -18 22 23 -21 -25 26 27 -24 -23 -27
right_child=2 -3 -4 -5 -6 -7 7 8 9 -11 -12 -13 15 -15 -16 -17 19 18 -20 21 -22 28 25 24 -26 29 -28 -29 -30 -31
leaf_value=-0.0026495012693996383 -0.31586697834233446 -1.3316057659330822 1.1997976613044739 0.29907407715017426 0.2218897986225784 -0.13463769338802617 0.30088085412979126 0.077914135737551585 0.23294983591352192 0.35556057393550877 -0.30771923045317334 -0.11984801189257549 -0.31794843585402877 0.29114719941502526 0.077962766000718789 -0.021338934227824211 0.18471300138293634 -0.3407200931096977 -0.063238506764173516 0.042304369381495885 -0.23767751291090128 -0.31383121212323511 0.54606737636384517 0.24410168579534483 0.7788491439722155 -0.33773169494592231 -0.015631625619199542 0.08309879225233327 0.014234702125714536 -0.010801286871234578
leaf_weight=3343 24 21 20 29 32 67 20 36 21 32 30 39 27 21 33 20 21 53 39 56 49 21 21 38 23 26 45 23 342 60
leaf_count=3343 24 21 20 29 32 67 20 36 21 32 30 39 27 21 33 20 21 53 39 56 49 21 21 38 23 26 45 23 342 60
internal_value=-3.45898e-10 -0.00633033 0.0844501 0.00016006 -0.00187528 -0.00356927 0.0108298 0.062847 0.0327161 0.126041 -0.0973738 0.00363123 -0.0632427 0.0141802 -0.0878603 -0.191732 -0.00145831 -0.00855364 -0.223092 0.0321589 -0.11096 0.0474541 0.112345 0.252636 0.445728 0.0185495 0.142419 0.304061 -0.00474432 -0.109641
internal_weight=4632 4309 323 4288 4259 4227 303 178 158 92 66 60 125 78 57 47 4160 3435 92 725 70 655 292 117 61 175 89 44 363 86
internal_count=4632 4309 323 4288 4259 4227 303 178 158 92 66 60 125 78 57 47 4160 3435 92 725 70 655 292 117 61 175 89 44 363 86
is_linear=0
shrinkage=0.05


Tree=144
num_leaves=31
num_cat=0
split_feature=6 3 5 7 3 3 0 5 3 3 4 0 5 5 6 7 7 4 7 4 6 3 4 3 4 7 0 1 7 4
split_gain=991.605 6325.54 355.581 378.191 6690.75 5601.44 695.513 964.069 1158.09 611.952 604.525 1712.37 855.572 1080.07 830.961 667.29 636.32 861.399 684.984 1400.58 748.567 1106.82 720.31 832.679 813.776 1543.88 1192.76 944.848 791.076 1211.15
threshold=728.05000000000007 21.600000000000005 725.45000000000016 162.10208333333335 18.320000000000004 17.300000000000001 1.5000000000000002 47.750000000000007 5.1150000000000011 6.3050000000000006 1.3500000000000003 13.500000000000002 38.750000000000007 14.450000000000001 1.0000000180025095e-35 257.30208333333337 240.58333333333337 225.05000000000004 181.04583333333335 702.35000000000014 6.0500000000000007 12.070000000000002 26.150000000000002 3.5350000000000006 60.300000000000004 195.94375000000002 20.500000000000004 5.5000000000000009 185.26666666666671 18.650000000000002
decision_type=2 2 2 2 2 2 2 2 2 2 2 2 2 2 2 2 2 2 2 2 2 2 2 2 2 2 2 2 2 2
left_child=1 2 3 5 6 -1 7 8 -5 -9 11 12 13 -8 -12 16 18 -18 20 22 -16 -22 28 -24 25 -25 27 -26 -20 -30
right_child=-2 -3 -4 4 -6 -7 10 9 -10 -11 14 -13 -14 -15 15 -17 17 -19 19 -21 21 -23 23 24 26 -27 -28 -29 29 -31
leaf_value=0.0034021917203021102 -0.33488380204547541 0.79477128601074221 -0.16626281593785142 -0.21140496333440148 -0.78650287751640591 0.78690841534863354 0.20430345475100556 -0.11519924005055254 0.18873793683946133 -0.42785069500577866 0.067638214792983209 -0.062515353131378792 0.29213010819628832 -0.1648941287188791 -0.37698390654155189 0.15074708128863193 -0.41343077512887816 0.023034114539623261 0.21584475874900819 -0.21948187958914789 -0.100149609865189 0.19686996068273274 -0.065265833063328518 0.56982660007476804 -0.030976804964428329 0.073554611418928426 0.36372496847595492 0.29372578217433049 -0.037686582008267154 -0.43990999658902485
leaf_weight=2784 22 25 33 33 28 23 52 34 40 29 255 141 80 32 21 47 26 20 20 64 302 35 94 25 162 42 28 26 85 24
leaf_count=2784 22 25 33 33 28 23 52 34 40 29 255 141 80 32 21 47 26 20 20 64 302 35 94 25 162 42 28 26 85 24
internal_value=-4.05202e-10 0.00159814 -0.00272668 -0.00154112 -0.0198199 0.00982209 -0.00731723 -0.115818 0.00785142 -0.259118 0.0020162 0.0652554 0.175107 0.0636568 -0.0130998 -0.0332645 -0.0421439 -0.223663 -0.0331462 0.000897812 -0.0873503 -0.0693019 0.0287719 0.0636682 0.106494 0.258731 0.0592728 0.0139289 -0.0732117 -0.12625
internal_weight=4632 4610 4585 4552 1745 2807 1717 136 73 63 1581 305 164 84 1276 1021 974 46 928 570 358 337 506 377 283 67 216 188 129 109
internal_count=4632 4610 4585 4552 1745 2807 1717 136 73 63 1581 305 164 84 1276 1021 974 46 928 570 358 337 506 377 283 67 216 188 129 109
is_linear=0
shrinkage=0.05


Tree=145
num_leaves=31
num_cat=0
split_feature=7 3 3 3 6 0 0 1 0 3 3 5 1 4 7 3 3 4 5 4 7 7 0 3 6 0 5 3 5 4
split_gain=931.88 14176.4 9749.51 1005.36 639.226 442.38 655.152 1307.3 783.538 636.902 840.51 896.594 506.508 499.513 417.919 470.419 380.139 343.738 429.905 399.62 380.672 1551.42 664.072 827.231 749.444 1539.96 1764.82 1783.1 941.937 766.167
threshold=223.79166666666671 21.600000000000005 16.975000000000005 18.320000000000004 724.85000000000002 18.500000000000004 5.5000000000000009 1.5000000000000002 3.5000000000000004 3.3750000000000004 4.5250000000000012 39.350000000000001 2.5000000000000004 79.950000000000017 215.00000000000003 16.975000000000005 8.1150000000000002 720.6500000000002 28.350000000000005 714.05000000000007 179.93750000000003 176.99791666666667 2.5000000000000004 5.0850000000000009 29.050000000000004 11.500000000000002 37.650000000000013 7.2700000000000005 62.150000000000013 215.10000000000002
decision_type=2 2 2 2 2 2 2 2 2 2 2 2 2 2 2 2 2 2 2 2 2 2 2 2 2 2 2 2 2 2
left_child=1 3 5 4 14 6 7 -2 13 -8 -11 -12 -7 -9 15 17 -16 19 -19 20 21 -1 23 -22 25 26 -24 -28 -27 -30
right_child=2 -3 -4 -5 -6 12 9 8 -10 10 11 -13 -14 -15 16 -17 -18 18 -20 -21 22 -23 24 -25 -26 28 27 -29 29 -31
leaf_value=-0.0012855959539623922 -0.42176724135875698 -1.3020743960425969 1.151131621003151 0.29360494623924127 0.22083914941176774 -0.23350185360227316 -0.066575755253434177 -0.01393747627735138 -0.20714429829801834 0.42817992642521863 -0.10235341804368155 0.22253327635461809 0.04172537405975163 0.33131891001354563 -0.23460070353907511 -0.19552853453543881 0.0049058528741200771 -0.00081684184074401868 0.31019523710012442 -0.16511368376983179 -0.3050092443343132 -0.20948164559111163 0.050643837010418927 0.043035668330757247 0.0004618857875247855 0.13246844177736958 0.2439228363939234 0.82989820588380114 -0.20406975103863356 0.12705126380920412
leaf_weight=3266 20 21 20 29 32 35 40 20 21 24 35 54 32 22 37 31 30 25 20 37 31 92 54 38 341 85 37 20 58 25
leaf_count=3266 20 21 20 29 32 35 40 20 21 24 35 54 32 22 37 31 30 25 20 37 31 92 54 38 341 85 37 20 58 25
internal_value=-7.63405e-10 -0.00614015 0.081913 0.000206547 -0.00179124 0.0113375 0.043528 -0.0695796 0.042226 0.104887 0.165582 0.0947688 -0.10205 0.166911 -0.00347663 -0.00148141 -0.127359 -2.4531e-05 0.137411 -0.00153888 -4.33818e-05 -0.0069896 0.0338106 -0.113332 0.0501862 0.11096 0.255476 0.449528 0.0154765 -0.104335
internal_weight=4632 4309 323 4288 4259 303 236 83 63 153 113 89 67 42 4227 4160 67 4129 45 4084 4047 3358 689 69 620 279 111 57 168 83
internal_count=4632 4309 323 4288 4259 303 236 83 63 153 113 89 67 42 4227 4160 67 4129 45 4084 4047 3358 689 69 620 279 111 57 168 83
is_linear=0
shrinkage=0.05


Tree=146
num_leaves=31
num_cat=0
split_feature=6 3 3 5 7 7 7 4 0 3 6 0 6 4 4 0 0 1 5 0 6 6 5 5 0 3 3 3 6 5
split_gain=938.081 6339.53 360.475 322.223 306.948 547.6 539.282 838.469 1585.15 514.638 427.97 928.041 832.409 463.996 991.601 530.61 1087.67 1255.71 603.011 409.455 532.206 541.754 690.779 547.853 525.161 401.395 686.77 565.791 543.593 533.261
threshold=728.05000000000007 21.600000000000005 19.095000000000002 725.45000000000016 62.256250000000016 85.020833333333357 90.666666666666671 104.05000000000001 12.500000000000002 1.905 697.85000000000002 3.5000000000000004 693.85000000000014 444.35000000000008 198.05000000000004 16.500000000000004 11.500000000000002 3.5000000000000004 15.450000000000001 6.5000000000000009 335.30000000000007 28.450000000000003 84.600000000000009 46.350000000000001 3.5000000000000004 2.9050000000000007 2.3750000000000004 3.0850000000000004 7.2500000000000009 32.350000000000001
decision_type=2 2 2 2 2 2 2 2 2 2 2 2 2 2 2 2 2 2 2 2 2 2 2 2 2 2 2 2 2 2
left_child=1 2 3 4 -1 9 7 8 -7 -6 12 -12 25 14 15 16 17 -13 -17 24 21 23 -23 -21 -11 26 -8 28 -27 -30
right_child=-2 -3 -4 -5 5 6 10 -9 -10 19 11 13 -14 -15 -16 18 -18 -19 -20 20 -22 22 -24 -25 -26 27 -28 -29 29 -31
leaf_value=0.14483618429965445 -0.32572042346000674 0.79560438537597655 -0.18842131847945542 -0.15738953857710869 0.096374899192767982 0.018149326020671475 -0.0013892645604094331 -0.12286604913798245 0.58077015435944002 -0.071674806531518698 -0.32774838144580526 0.28265184191140263 0.31729662134533837 -0.24124920788136395 0.32339499677930561 0.27242530123753983 -0.39588749454571653 -0.23529242897033692 -0.059839257101217902 -0.15733641372884022 0.16139625396047319 -0.050692211762070664 -0.4662578719854355 0.14132521445197718 -0.39912009000778204 0.35648018064953035 -0.09574563291829985 0.0070427830678777342 0.19826049740250049 -0.076041450132341953
leaf_weight=36 22 25 26 33 34 31 755 22 21 24 30 22 21 22 21 22 26 25 36 34 21 20 20 28 25 21 259 2879 37 34
leaf_count=36 22 25 26 33 34 31 755 22 21 24 30 22 21 22 21 22 26 25 36 34 21 20 20 28 25 21 259 2879 37 34
internal_value=-6.90952e-11 0.00155441 -0.00277519 -0.00171645 -0.000581408 -0.00174734 0.00208168 0.135889 0.245362 -0.081376 -0.000270271 -0.0709144 0.00332718 -0.0266327 0.00443022 -0.0467015 -0.136398 0.00714957 0.0661921 -0.116513 -0.0678212 -0.115013 -0.258475 -0.022457 -0.238739 0.00167264 -0.0254902 0.0109433 0.133003 0.0669046
internal_weight=4632 4610 4585 4559 4526 4490 4284 74 52 206 4210 204 4006 174 152 131 73 47 58 172 123 102 40 62 49 3985 1014 2971 92 71
internal_count=4632 4610 4585 4559 4526 4490 4284 74 52 206 4210 204 4006 174 152 131 73 47 58 172 123 102 40 62 49 3985 1014 2971 92 71
is_linear=0
shrinkage=0.05


Tree=147
num_leaves=31
num_cat=0
split_feature=5 5 5 3 3 4 6 6 3 7 5 6 6 3 6 6 6 7 3 7 6 6 3 5 1 4 4 4 1 0
split_gain=951.125 4226.7 2678.9 23304.2 10160.8 1040.78 1083.72 1009.08 1235.58 726.008 717.964 654.818 650.174 631.449 550.297 677.301 1284.71 720.411 668.008 642.781 635.69 904.355 847.306 525.482 509.607 467.896 564.686 579.472 741.14 462.366
threshold=705.75000000000011 710.35000000000014 572.75000000000011 14.660000000000002 21.600000000000005 104.05000000000001 10.550000000000002 233.10000000000002 5.035000000000001 124.65208333333335 489.00000000000006 7.6500000000000012 1.6500000000000001 8.2750000000000004 721.95000000000016 697.85000000000002 693.85000000000014 167.29375000000005 4.6550000000000011 85.020833333333357 0.65000000000000002 24.250000000000004 4.6250000000000009 36.050000000000004 1.5000000000000002 720.6500000000002 704.1500000000002 708.95000000000016 3.5000000000000004 12.500000000000002
decision_type=2 2 2 2 2 2 2 2 2 2 2 2 2 2 2 2 2 2 2 2 2 2 2 2 2 2 2 2 2 2
left_child=2 -2 4 5 10 6 -4 9 -9 -8 14 -7 -12 -3 15 16 19 24 -19 20 -1 -22 23 -23 -17 26 -21 -28 -29 -26
right_child=1 13 3 -5 -6 11 7 8 -10 -11 12 -13 -14 -15 -16 17 -18 18 -20 25 21 22 -24 -25 29 -27 27 28 -30 -31
leaf_value=-0.24821610054932536 0.59699448926581278 0.033253568234768785 0.22311969915671007 -1.7963935230672359 1.0780463652177292 -0.37333251630457553 -0.40135174961317155 -0.069384489902134597 0.44146189868450164 -0.05976740616063278 -0.10565012232178735 -0.087360761304728529 0.21104380551358345 -0.26595145847116197 0.189432788620124 -0.17070514518767596 0.36463380921632055 -0.067372456938028333 -0.41639755748469254 0.0039474892732936926 0.13213446458765107 -0.11264021613381126 -0.31662683253352708 0.19645866513252261 -0.061636702958984595 0.15756496321409941 -0.29450918955187644 0.11516289894397443 -0.1930868385693966 0.20094520032405852
leaf_weight=48 36 110 56 20 22 26 21 29 20 60 21 87 71 21 37 40 24 26 29 3451 51 44 37 20 38 48 31 39 39 30
leaf_count=48 36 110 56 20 22 26 21 29 20 60 21 87 71 21 37 40 24 26 29 3451 51 44 37 20 38 48 31 39 39 30
internal_value=-6.62346e-10 0.117154 -0.0043818 -0.144005 0.00636103 -0.0334772 0.0392331 -0.0399796 0.139124 -0.148326 0.000643988 -0.15316 0.138755 -0.0147106 -0.00250735 -0.00428502 -3.89894e-05 -0.104106 -0.251404 -0.00233735 -0.0895885 -0.0394956 -0.12616 -0.0160468 -0.029093 0.00249919 0.000408418 -0.111641 -0.038962 0.0542083
internal_weight=4632 167 4465 319 4146 299 186 130 49 81 4124 113 92 131 4032 3995 3832 163 55 3808 200 152 101 64 108 3608 3560 109 78 68
internal_count=4632 167 4465 319 4146 299 186 130 49 81 4124 113 92 131 4032 3995 3832 163 55 3808 200 152 101 64 108 3608 3560 109 78 68
is_linear=0
shrinkage=0.05


Tree=148
num_leaves=31
num_cat=0
split_feature=6 3 0 3 7 7 5 3 3 6 6 6 7 4 7 1 7 6 3 6 6 3 3 6 5 6 3 3 6 6
split_gain=908.612 5192.03 347.235 1864.05 1025.78 1341.25 702.337 1221.08 779.275 674.065 1110.58 918.094 620.444 1708.16 978.982 1028.71 1121 738.904 912.636 818.066 670.233 899.688 768.318 689.497 544.026 510.718 475.409 615.435 469.833 1007.73
threshold=728.05000000000007 21.600000000000005 19.500000000000004 15.470000000000001 93.256250000000009 85.020833333333357 534.20000000000016 5.3050000000000006 1.425 349.00000000000006 498.95000000000005 688.85000000000002 136.8104166666667 74.600000000000009 145.21666666666673 1.0000000180025095e-35 151.49583333333337 0.65000000000000002 5.8550000000000013 9.2500000000000018 24.650000000000002 2.8350000000000004 6.5850000000000009 89.750000000000014 696.60000000000014 705.00000000000011 6.9650000000000007 4.6550000000000011 53.20000000000001 57.750000000000007
decision_type=2 2 2 2 2 2 2 2 2 2 2 2 2 2 2 2 2 2 2 2 2 2 2 2 2 2 2 2 2 2
left_child=1 2 28 4 5 -4 8 24 -6 12 -11 -12 13 26 -14 -16 -17 18 -18 -19 -21 -22 23 -23 -8 -13 27 -10 -1 -30
right_child=-2 -3 3 -5 6 -7 7 -9 9 10 11 25 14 -15 15 16 17 19 -20 20 21 22 -24 -25 -26 -27 -28 -29 29 -31
leaf_value=-0.011973003057190418 -0.32056349082426594 0.72013064575195318 -0.00044188717289305319 -0.50952371709048749 -0.20315504289179481 0.47660231940124342 0.17306006579172045 -0.41674555583158512 -0.13296830631219422 -0.39477003655499887 0.21065393973279886 -0.33704864368552256 0.31668544466442922 0.20445727747540143 -0.23900014431245867 -0.2648554352314576 0.46734644218727395 -0.23075245388529519 0.02172010499984026 0.30273204609271021 0.32937113551253622 -0.38458720672698249 0.10942484530806543 0.0077209119995435074 -0.17214665317535402 0.015994680672883989 0.011147513764875907 -0.43090239740335029 0.27789213610322855 0.017489998510549314
leaf_weight=2117 22 25 41 20 53 23 21 32 52 27 27 21 34 43 31 23 27 22 20 31 22 21 50 24 25 20 27 26 38 1667
leaf_count=2117 22 25 41 20 53 23 21 32 52 27 27 21 34 43 31 23 27 22 20 31 22 21 50 24 25 20 27 26 38 1667
internal_value=2.58994e-11 0.0015298 -0.00238841 -0.0331845 -0.0203624 0.170996 -0.0383991 -0.179555 -0.0200794 -0.00237323 -0.123466 -0.0157422 0.0230215 -0.0609809 0.0637833 0.0320539 0.067065 0.102245 0.277718 0.0537325 0.0960208 0.0412511 -0.0254714 -0.175356 -0.0145523 -0.164832 -0.169684 -0.23228 0.00375952 0.0232937
internal_weight=4632 4610 4585 763 743 64 679 78 601 548 95 68 453 148 305 271 240 217 47 170 148 117 95 45 46 41 105 78 3822 1705
internal_count=4632 4610 4585 763 743 64 679 78 601 548 95 68 453 148 305 271 240 217 47 170 148 117 95 45 46 41 105 78 3822 1705
is_linear=0
shrinkage=0.05


Tree=149
num_leaves=31
num_cat=0
split_feature=0 3 3 6 4 3 7 6 6 3 3 6 6 6 4 3 7 3 3 0 3 4 7 7 3 0 7 7 0 1
split_gain=907.093 8302.97 6045.63 704.998 662.201 763.701 1053.05 604.563 338.448 1047.04 936.681 919.951 895.145 821.163 764.06 1132.87 713.252 3994.24 2221.4 838.83 1378.83 829.008 700.227 689.438 999.187 1083.9 921.829 916.77 1169.53 902.254
threshold=22.500000000000004 21.600000000000005 11.305000000000001 728.05000000000007 0.95000000000000007 5.7750000000000012 148.02708333333337 192.15000000000003 53.20000000000001 16.975000000000005 12.945000000000002 57.750000000000007 29.750000000000004 28.450000000000003 16.450000000000003 14.935 199.22916666666669 16.975000000000005 14.345000000000001 20.500000000000004 5.4750000000000005 42.550000000000004 249.00416666666669 111.74583333333335 4.4150000000000009 2.5000000000000004 171.38958333333338 105.99166666666669 8.5000000000000018 3.5000000000000004
decision_type=2 2 2 2 2 2 2 2 2 2 2 2 2 2 2 2 2 2 2 2 2 2 2 2 2 2 2 2 2 2
left_child=1 3 4 8 -2 7 -7 -6 9 10 12 -10 13 -1 15 -12 17 19 22 23 -21 -22 -18 27 26 29 -25 -13 -29 -26
right_child=2 -3 -4 -5 5 6 -8 -9 11 -11 14 16 -14 -15 -16 -17 18 -19 -20 20 21 -23 -24 24 25 -27 -28 28 -30 -31
leaf_value=-0.0069164412278501413 0.1683282496447259 -0.93209206263224287 0.90699307748249591 0.29661302477121354 -0.23449853860906195 0.38338165193796159 -0.10337907695770264 0.065442566821972525 0.2433455812376599 -0.26078576218514216 0.50397713006688993 0.0048178419327223497 -0.084148235319001119 0.21412693169022112 0.022724522189482264 0.0325784775018692 -0.057997282821634959 0.66257910660157604 -0.54602276520295578 0.028316716486588123 -0.5017084252375823 -0.11886676242274624 0.16682893068688673 0.024446532735687729 0.095737549825571477 0.059963468124155275 -0.14252019348339393 0.024019833315502517 -0.3780948590487242 0.43830725864784137
leaf_weight=1836 47 24 21 20 56 20 25 24 43 42 26 253 401 43 76 25 223 24 22 80 26 31 41 403 40 546 104 33 40 37
leaf_count=1836 47 24 21 20 56 20 25 24 43 42 26 253 401 43 76 25 223 24 22 80 26 31 41 403 40 546 104 33 40 37
internal_value=1.76526e-10 -0.00461368 0.106115 0.000428102 0.00833307 -0.0518251 0.112959 -0.144516 -0.000919725 -0.0132881 -0.00896952 0.0146457 -0.016331 -0.00185797 0.123188 0.272899 0.00947798 0.0223516 -0.0633074 0.012706 -0.105576 -0.293496 -0.0230811 0.0238355 0.0423157 0.0847302 -0.00980305 -0.0402216 -0.196317 0.260349
internal_weight=4632 4439 193 4415 172 125 45 80 4395 2449 2407 1946 2280 1879 127 51 1903 1617 286 1593 137 57 264 1456 1130 623 507 326 73 77
internal_count=4632 4439 193 4415 172 125 45 80 4395 2449 2407 1946 2280 1879 127 51 1903 1617 286 1593 137 57 264 1456 1130 623 507 326 73 77
is_linear=0
shrinkage=0.05


Tree=150
num_leaves=31
num_cat=0
split_feature=5 5 3 6 7 3 3 5 5 6 7 5 3 5 5 0 4 0 3 7 4 3 7 5 5 5 6 1 7 6
split_gain=891.451 5138.27 2244.73 512.53 344.807 6082.57 4996.87 1279.19 741.096 730.734 789.463 717.545 953.463 650.089 753.132 1230.18 756.395 962.591 1078.99 1006.35 764.406 662.822 645.749 1364.85 645.083 644.787 1106.96 594.625 569.774 728.86
threshold=709.25000000000011 714.05000000000007 21.600000000000005 728.05000000000007 162.10208333333335 18.320000000000004 17.300000000000001 692.45000000000016 683.25000000000011 2.8500000000000001 257.30208333333337 698.55000000000007 4.5250000000000012 653.90000000000009 469.65000000000003 9.5000000000000018 3.5500000000000003 11.500000000000002 6.4050000000000011 173.16666666666671 10.65 10.390000000000002 193.58958333333337 8.3500000000000032 69.40000000000002 263.45000000000005 213.50000000000003 2.5000000000000004 166.10833333333338 371.50000000000006
decision_type=2 2 2 2 2 2 2 2 2 2 2 2 2 2 2 2 2 2 2 2 2 2 2 2 2 2 2 2 2 2
left_child=2 -2 3 4 6 7 11 8 9 22 13 -1 -13 14 16 -16 17 18 19 -11 -18 -20 23 -6 -25 28 27 -27 -22 -30
right_child=1 -3 -4 -5 5 -7 -8 -9 -10 10 -12 12 -14 -15 15 -17 20 -19 21 -21 25 -23 -24 24 -26 26 -28 -29 29 -31
leaf_value=-0.0013930318120795536 0.62110785763514675 -0.0574079158334505 -0.47637971496582038 0.25127643555402757 0.22360585963024812 -0.75092133613569401 0.742465116666711 -0.26502358767580481 0.26969328171014784 0.27556666171488664 0.16112036646476813 -0.070733168850774353 0.34609385860316899 -0.30023509880358523 -0.078101797236336604 0.40376127522725325 -0.21993525223524282 -0.057173062018195143 0.48387199264985548 -0.12237511893853228 -0.17709681048368417 0.13352240147414032 0.13818965658245472 -0.17656356180449584 0.03238251054475845 -0.52799333333969123 0.11563234456947871 -0.17360804116931455 0.0093113332320630109 -0.12000710345695126
leaf_weight=2658 38 105 25 20 51 28 23 47 25 24 56 23 34 22 27 26 66 122 27 47 60 27 149 77 71 20 21 29 548 136
leaf_count=2658 38 105 25 20 51 28 23 47 25 24 56 23 34 22 27 26 66 122 27 47 60 27 149 77 71 20 21 29 548 136
internal_value=9.40622e-10 0.122897 -0.00391496 -0.00126899 -0.00240556 -0.0200496 0.00858815 -0.0078539 -0.000443127 -0.00464824 -0.0223871 0.00237114 0.1779 -0.0309366 -0.0259157 0.158284 -0.0345782 0.0427389 0.140253 0.0121404 -0.0562797 0.308697 0.0594768 0.000541019 -0.0763259 -0.0430103 -0.188089 -0.318255 -0.0293604 -0.0164011
internal_weight=4632 143 4489 4464 4444 1706 2738 1678 1631 1606 1258 2715 57 1202 1180 53 1127 247 125 71 880 54 348 199 148 814 70 49 744 684
internal_count=4632 143 4489 4464 4444 1706 2738 1678 1631 1606 1258 2715 57 1202 1180 53 1127 247 125 71 880 54 348 199 148 814 70 49 744 684
is_linear=0
shrinkage=0.05


Tree=151
num_leaves=31
num_cat=0
split_feature=6 3 0 3 7 1 7 5 3 3 6 0 6 6 1 7 4 4 4 6 3 6 6 6 5 5 5 3 7 7
split_gain=941.172 5557.16 306.232 1713.5 908.051 1327.5 1188.7 639.003 1149.46 684.837 610.911 1088.69 972.917 1088.05 546.087 818.28 789.352 1120.06 1775.27 1083.32 887.36 597.56 575.549 532.589 490.434 1155.39 470.702 435.517 406.789 855.958
threshold=728.05000000000007 21.600000000000005 19.500000000000004 15.470000000000001 93.256250000000009 5.5000000000000009 81.177083333333343 534.20000000000016 5.3050000000000006 1.3550000000000002 349.00000000000006 20.500000000000004 507.60000000000008 688.85000000000002 3.5000000000000004 169.8041666666667 1.0000000180025095e-35 74.600000000000009 198.05000000000004 58.750000000000007 5.6050000000000013 11.300000000000002 8.8500000000000032 34.400000000000006 7.5500000000000007 42.550000000000004 696.60000000000014 3.6650000000000005 66.387500000000003 78.579166666666694
decision_type=2 2 2 2 2 2 2 2 2 2 2 2 2 2 2 2 2 2 2 2 2 2 2 2 2 2 2 2 2 2
left_child=1 2 28 4 5 6 -4 9 26 -6 14 -12 -13 -14 16 22 -11 19 -19 20 -18 -20 -16 -23 -17 -26 -9 -24 -1 -30
right_child=-2 -3 3 -5 7 -7 -8 8 -10 10 11 12 13 -15 15 24 17 18 21 -21 -22 23 27 -25 25 -27 -28 -29 29 -31
leaf_value=0.14354281536504335 -0.32625656534324993 0.74499644470214843 0.064739049673080445 -0.48811569310724734 -0.19978256290778518 -0.13306409949436784 0.60987779289484034 0.16386726526986986 -0.40086505692452196 0.16436001865760141 0.19125279299914838 -0.47933408592058263 0.18841820203122639 -0.2808380729953448 -0.11831164551231098 0.38033396229147914 -0.22567616527279222 0.37925309280554459 0.14880553416230463 -0.43615831496386692 0.097736327056037756 -0.36585440993309026 -0.080994206517934805 -0.045605495088809248 -0.17204580187797547 0.3293568125477544 -0.15723420000076294 0.2059856004344347 -0.15839756653394277 0.0049314483841409063
leaf_weight=51 22 25 20 20 48 24 20 21 32 46 22 23 21 30 53 28 48 30 22 29 38 20 20 37 20 27 25 39 82 3689
leaf_count=51 22 25 20 20 48 24 20 21 32 46 22 23 21 30 53 28 48 30 22 29 38 20 20 37 20 27 25 39 82 3689
internal_value=1.96096e-10 0.00155697 -0.00249668 -0.0314174 -0.019124 0.160919 0.337308 -0.0360942 -0.170735 -0.01862 -0.00289522 -0.117557 -0.209365 -0.0876149 0.0211913 0.0868669 -0.0242951 -0.0630368 0.0518057 -0.171888 -0.082773 -0.0725414 0.00127712 -0.157974 0.214681 0.115994 -0.0106444 0.108704 0.00327687 0.00137988
internal_weight=4632 4610 4585 763 743 64 40 679 78 601 553 96 74 51 457 187 270 224 109 115 86 79 112 57 75 47 46 59 3822 3771
internal_count=4632 4610 4585 763 743 64 40 679 78 601 553 96 74 51 457 187 270 224 109 115 86 79 112 57 75 47 46 59 3822 3771
is_linear=0
shrinkage=0.05


Tree=152
num_leaves=31
num_cat=0
split_feature=6 3 6 3 7 6 6 7 3 4 4 6 4 7 3 7 0 7 3 4 1 6 6 1 1 6 7 4 0 3
split_gain=849.407 5015.34 303.893 919.852 1122.35 661.115 916.164 759.66 806.05 865.218 790.306 695.296 809.32 1194.85 812.42 901.889 829.898 826.083 687.998 1177.5 581.537 573.308 2159.05 834.422 983.741 1266.16 1245.72 1056.02 1152.78 965.266
threshold=728.05000000000007 21.600000000000005 50.250000000000007 16.975000000000005 188.82291666666669 29.750000000000004 23.950000000000003 111.74583333333335 6.1650000000000009 30.100000000000005 75.90000000000002 30.850000000000005 22.650000000000002 102.46875000000001 2.7950000000000004 154.84166666666667 15.500000000000002 167.29375000000005 4.6250000000000009 10.050000000000002 1.5000000000000002 186.40000000000003 178.35000000000002 1.0000000180025095e-35 3.5000000000000004 58.750000000000007 119.4979166666667 313.75000000000006 8.5000000000000018 6.1350000000000007
decision_type=2 2 2 2 2 2 2 2 2 2 2 2 2 2 2 2 2 2 2 2 2 2 2 2 2 2 2 2 2 2
left_child=1 2 3 5 -5 6 -1 -8 10 -10 20 -7 13 -13 -14 16 -16 -17 -15 -20 -9 22 23 -4 25 -25 -27 -28 -29 -26
right_child=-2 -3 21 4 -6 11 7 8 9 -11 -12 12 14 18 15 17 -18 -19 19 -21 -22 -23 -24 24 29 26 27 28 -30 -31
leaf_value=-0.0089540226642486499 -0.30994372530417014 0.70774665832519534 0.14869423048390495 -0.48149601454320162 0.030644420385360718 -0.30379904919657214 0.3580439654680399 0.090683152526617058 0.3998053232828776 0.031402793351341697 0.16873856002793594 -0.47838926315307617 -0.16697475346550347 0.059637626133999734 0.32055145413317582 -0.24869091149012093 -0.0095685861713718633 0.061647833047004857 -0.062344026899645258 -0.49466863579693299 -0.23689491876534055 -0.010692902416491094 0.49145343349530146 0.21498929560184479 0.0042733938022471935 -0.28462675281109345 0.019451042219996453 -0.51875109282277876 -0.054934144906095564 0.17363078737057241
leaf_weight=1879 22 25 124 23 20 29 26 20 30 34 34 22 50 53 47 32 32 65 63 21 42 1191 26 40 229 62 200 21 37 133
leaf_count=1879 22 25 124 23 20 29 26 20 30 34 34 22 50 53 47 32 32 65 63 21 42 1191 26 40 229 62 200 21 37 133
internal_value=9.36913e-10 0.00147913 -0.00237184 -0.0140141 -0.243291 -0.0100371 0.00152425 0.107377 0.066644 0.204091 -0.0249876 -0.0677045 -0.0499208 -0.136349 0.0108849 0.0614132 0.186832 -0.040732 -0.0814228 -0.170425 -0.131225 0.0118607 0.0426651 0.0288725 0.00829375 -0.0502317 -0.0833843 -0.0350238 -0.222868 0.0664959
internal_weight=4632 4610 4585 2522 43 2479 2065 186 160 64 96 414 385 159 226 176 79 97 137 84 62 2063 872 846 722 360 320 258 58 362
internal_count=4632 4610 4585 2522 43 2479 2065 186 160 64 96 414 385 159 226 176 79 97 137 84 62 2063 872 846 722 360 320 258 58 362
is_linear=0
shrinkage=0.05


Tree=153
num_leaves=31
num_cat=0
split_feature=5 6 3 0 3 6 7 7 4 4 7 7 3 3 5 0 5 5 4 5 6 3 6 6 5 4 4 3 3 6
split_gain=840.136 3801.71 2686.92 793.698 721.814 593.372 509.715 650.534 301.206 784.588 435.907 329.49 5807.63 4629.84 1282.02 798.303 829.197 1082.02 843.253 816.386 1047.07 838.844 667.886 718.265 728.092 1600.76 609.158 577.664 545.628 653.483
threshold=705.75000000000011 1.0000000180025095e-35 21.600000000000005 15.500000000000002 5.4150000000000009 728.05000000000007 140.31458333333336 115.81458333333335 720.6500000000002 717.1500000000002 187.30000000000004 162.10208333333335 18.320000000000004 17.300000000000001 692.45000000000016 1.5000000000000002 339.20000000000005 274.30000000000007 1.3500000000000003 82.65000000000002 33.350000000000001 5.1150000000000011 664.05000000000007 713.30000000000007 41.800000000000004 82.65000000000002 708.95000000000016 10.065000000000003 2.6750000000000003 507.60000000000008
decision_type=2 2 2 2 2 2 2 2 2 2 2 2 2 2 2 2 2 2 2 2 2 2 2 2 2 2 2 2 2 2
left_child=2 -2 5 6 -5 8 7 -3 9 11 -10 13 14 26 15 19 17 22 -18 21 -21 -13 28 24 25 -24 -1 -20 -17 -30
right_child=1 3 -4 4 -6 -7 -8 -9 10 -11 -12 12 -14 -15 -16 16 18 -19 27 20 -22 -23 23 -25 -26 -27 -28 -29 29 -31
leaf_value=4.2335606534861216e-05 0.58193849684560994 0.16911369889974595 -0.52102008056640625 -0.013615616914980554 -0.3864491329306648 0.27052262634038926 0.22319111753451196 -0.2341648894548416 0.22767410088669171 -0.27772189149489773 -0.068149422924034295 -0.18230836941645698 -0.74712241336151408 0.71490196456079902 -0.31618741782325688 -0.053976851330827115 0.31523323104931761 -0.24586225541101561 0.10713674659078772 -0.5477607365875018 -0.084170198954384906 0.14778130287794691 -0.051957651310496858 0.12039147702356179 0.0061672299008431108 -0.62652080275795674 0.23874652761000173 -0.13423178801313043 0.024266482639305909 0.25787667122579394
leaf_weight=2643 34 20 25 34 21 20 38 20 33 26 20 39 27 23 33 230 39 45 110 21 29 38 27 24 29 22 27 32 872 31
leaf_count=2643 34 20 25 34 21 20 38 20 33 26 20 39 27 23 33 230 39 45 110 21 29 38 27 24 29 22 27 32 872 31
internal_value=7.55288e-10 0.110106 -0.0041182 -0.0105122 -0.15597 -0.00120772 0.0920543 -0.0325256 -0.00243727 -0.0038752 0.116043 -0.00223502 -0.0198441 0.00854096 -0.00773023 -0.00132023 0.00913191 -0.00503281 0.109302 -0.121561 -0.278878 -0.019407 0.00374235 -0.118805 -0.192403 -0.309925 0.0024562 0.0527438 0.0147748 0.0322863
internal_weight=4632 167 4465 133 55 4440 78 40 4420 4367 53 4341 1648 2693 1621 1588 1461 1280 181 127 50 77 1235 102 78 49 2670 142 1133 903
internal_count=4632 167 4465 133 55 4440 78 40 4420 4367 53 4341 1648 2693 1621 1588 1461 1280 181 127 50 77 1235 102 78 49 2670 142 1133 903
is_linear=0
shrinkage=0.05


Tree=154
num_leaves=31
num_cat=0
split_feature=7 3 3 3 6 6 6 5 5 0 3 7 0 0 7 6 4 3 3 0 5 1 5 7 3 6 7 7 5 1
split_gain=865.022 14687.9 9487.89 1129.12 633.173 423.417 429.185 660.887 866.845 858.843 419.307 428.723 397.835 786.458 765.476 382.242 313.93 291.875 285.781 1156.85 842.124 602.456 643.363 291.647 480.828 922.278 319.763 1531.72 624.02 577.825
threshold=223.79166666666671 21.600000000000005 16.975000000000005 18.320000000000004 724.85000000000002 29.050000000000004 41.050000000000004 36.050000000000004 9.1500000000000004 15.500000000000002 17.300000000000001 215.00000000000003 15.500000000000002 9.5000000000000018 235.48958333333334 118.95000000000002 75.90000000000002 8.1150000000000002 13.920000000000002 19.500000000000004 303.9500000000001 2.5000000000000004 32.350000000000001 212.14166666666671 13.250000000000002 81.050000000000011 179.93750000000003 176.99791666666667 187.75000000000003 3.5000000000000004
decision_type=2 2 2 2 2 2 2 2 2 2 2 2 2 2 2 2 2 2 2 2 2 2 2 2 2 2 2 2 2 2
left_child=1 3 5 4 10 12 -7 8 -8 15 11 18 13 14 -2 -9 -14 -13 23 20 21 -20 -23 24 26 -26 27 -1 29 -29
right_child=2 -3 -4 -5 -6 6 7 9 -10 -11 -12 17 16 -15 -16 -17 -18 -19 19 -21 -22 22 -24 -25 25 -27 -28 28 -30 -31
leaf_value=-0.0024209315652321821 -0.30321795213967562 -1.3250205267043342 1.1336950081586838 0.31147745066675647 0.22000105408951642 0.27704947382211687 0.069560225970215273 0.17440884358842265 -0.30137697202818736 0.32595430891960864 -0.22096675566651602 -0.22162969088232198 -0.044144811869963357 0.26957748262655168 0.067898970165035946 -0.085065141320228577 -0.30264785519490639 -0.009773686219905986 0.22799958586692812 -0.2617714947597547 0.42023028901645115 0.090596932643338263 -0.25975564204156404 0.14549263985545347 0.073366909000006586 -0.37051615172624591 0.030774079142877511 -0.25792242572887947 -0.43059468790888789 0.044595457889415602
leaf_weight=3202 24 21 20 29 32 20 36 22 28 32 22 37 23 21 33 40 24 29 37 22 21 38 20 33 22 25 630 38 24 27
leaf_count=3202 24 21 20 29 32 20 36 22 28 32 22 37 23 21 33 40 24 29 37 22 21 38 20 33 22 25 630 38 24 27
internal_value=1.18231e-10 -0.00591578 0.0789199 0.000544384 -0.00157279 0.00929773 0.0588288 0.0312059 -0.0927248 0.115584 -0.00325019 -0.00211113 -0.0612345 0.00800721 -0.0883608 0.00700627 -0.176146 -0.128541 -9.50849e-05 0.070648 0.133693 0.0703532 -0.0302143 -0.00253511 -0.00376619 -0.162741 -0.0018606 -0.00810789 -0.212711 -0.132261
internal_weight=4632 4309 323 4288 4259 303 178 158 64 94 4227 4205 125 78 57 62 47 66 4139 138 116 95 58 4001 3968 47 3921 3291 89 65
internal_count=4632 4309 323 4288 4259 303 178 158 64 94 4227 4205 125 78 57 62 47 66 4139 138 116 95 58 4001 3968 47 3921 3291 89 65
is_linear=0
shrinkage=0.05


Tree=155
num_leaves=31
num_cat=0
split_feature=6 3 3 7 4 5 5 5 3 6 4 6 7 7 4 0 6 3 6 3 0 3 6 7 7 6 7 6 5 6
split_gain=861.649 5452.1 296.388 8460.92 2630.2 264.119 382.211 640.389 247.547 391.558 375.899 281.905 550.935 454.235 461.941 943.73 397.495 1039.67 943.095 923.467 1068.17 1118.15 946.035 1102.82 953.364 1050.14 912.675 862.932 852.949 1208.99
threshold=728.05000000000007 21.600000000000005 16.975000000000005 149.80833333333337 9.1500000000000004 725.45000000000016 719.1500000000002 715.75000000000011 0.85500000000000009 32.000000000000007 145.35000000000005 707.25000000000011 180.45625000000001 122.64583333333334 17.550000000000004 10.500000000000002 53.20000000000001 2.2050000000000005 56.300000000000004 3.9850000000000008 20.500000000000004 5.4750000000000005 693.85000000000014 111.08541666666667 137.78125000000003 683.25000000000011 142.14166666666671 64.050000000000011 361.65000000000003 103.90000000000002
decision_type=2 2 2 2 2 2 2 2 2 2 2 2 2 2 2 2 2 2 2 2 2 2 2 2 2 2 2 2 2 2
left_child=1 2 5 -4 -5 6 7 8 9 10 -1 16 13 -13 -15 -16 -10 -18 -19 -20 22 -22 23 -21 28 26 -26 -28 29 -25
right_child=-2 -3 3 4 -6 -7 -8 -9 11 -11 -12 12 -14 14 15 -17 17 18 19 20 21 -23 -24 24 25 -27 27 -29 -30 -31
leaf_value=0.078553134863349527 -0.31216924488544467 0.73786814880371099 0.75878611746288493 -0.87721249990165229 -0.16553081153212368 -0.14178750803976348 0.16972059955199559 -0.24849058644702804 -0.0083260350055931309 -0.138572373829874 -0.12812487239187415 0.068117551629741993 0.13980924701690675 -0.34786129527621801 0.17568305702414366 -0.26485471090962814 0.11775478274527802 0.33241725564002994 -0.060658773158014906 -0.090160444941447704 0.11479523122310638 -0.20185777145113959 0.27510902052961811 -0.17216508087926899 -0.23989530349219287 -0.28768289995193486 0.31857582683364555 0.042422924106640204 0.42222939729690556 0.19039872616932199
leaf_weight=66 22 25 21 20 37 33 33 26 2355 81 33 24 25 27 20 31 249 22 415 147 40 92 43 29 27 25 30 496 27 111
leaf_count=66 22 25 21 20 37 33 33 26 2355 81 33 24 25 27 20 31 249 22 415 147 40 92 43 29 27 25 30 496 27 111
internal_value=7.74871e-11 0.00148974 -0.0025254 -0.0991587 -0.415244 -0.000853028 0.000186497 -0.00107327 0.000383775 -0.0570443 0.00966047 0.00282464 -0.0705436 -0.122101 -0.180629 -0.0920948 0.00509284 0.0231199 0.00745229 0.00262825 0.0272432 -0.105902 0.0460402 0.0349976 0.0596932 0.0292903 0.04362 0.0581731 0.16492 0.115296
internal_weight=4632 4610 4585 78 57 4507 4474 4441 4415 180 99 4235 127 102 78 51 4108 1753 1504 1482 1067 132 935 892 745 578 553 526 167 140
internal_count=4632 4610 4585 78 57 4507 4474 4441 4415 180 99 4235 127 102 78 51 4108 1753 1504 1482 1067 132 935 892 745 578 553 526 167 140
is_linear=0
shrinkage=0.05


Tree=156
num_leaves=31
num_cat=0
split_feature=0 3 7 4 3 3 6 6 1 7 7 3 3 7 7 0 6 0 5 0 1 3 0 0 0 3 0 7 3 1
split_gain=850.983 7785.03 5869.59 1076.33 701.707 1235.66 695.163 622.452 558.456 606.284 305.789 1631.48 1412.7 624.733 508.382 899.815 896.111 1824.3 1049.08 1050.72 930.748 859.704 1237.52 1028.53 921.657 2848.28 1587.32 792.574 737.985 642.203
threshold=22.500000000000004 21.600000000000005 111.08541666666667 0.95000000000000007 10.150000000000002 7.0750000000000011 728.05000000000007 40.300000000000004 1.5000000000000002 169.18958333333339 215.00000000000003 15.985000000000001 18.320000000000004 223.79166666666671 183.64166666666668 2.5000000000000004 5.2500000000000009 11.500000000000002 170.05000000000004 14.500000000000002 2.5000000000000004 4.0950000000000006 16.500000000000004 19.500000000000004 11.500000000000002 7.1350000000000007 8.5000000000000018 194.99583333333337 5.4150000000000009 3.5000000000000004
decision_type=2 2 2 2 2 2 2 2 2 2 2 2 2 2 2 2 2 2 2 2 2 2 2 2 2 2 2 2 2 2
left_child=1 6 -2 7 5 8 10 -4 -5 -10 12 13 14 -12 -1 28 17 20 19 -19 -17 29 24 -24 26 -26 -23 -25 -16 -18
right_child=2 -3 3 4 -6 -7 -8 -9 9 -11 11 -13 -14 -15 15 16 21 18 -20 -21 -22 22 23 27 25 -27 -28 -29 -30 -31
leaf_value=-0.0068226410328768201 0.6886346197554043 -0.90255327224731452 0.39438494771718979 -0.35798406113277781 -0.3728795140236616 0.27271083722943845 0.29452498883008954 -9.3194842338562023e-05 -0.18996441833900685 0.15891400128602984 -0.16180336044894325 -0.48370249554514883 0.36351776961927063 0.012182519668549822 -0.32843671082851611 0.63359884868065519 0.024710615387035385 -0.088338968428698456 -0.24527083349227907 0.39499102228361632 0.21265970160221231 0.20200272602960467 -0.24045694986979169 0.27385736372735769 0.80206717193126686 0.045883028705914819 -0.17786857604980469 -0.11683932447433472 0.028480935432016852 -0.19344375758401811
leaf_weight=3405 35 24 20 22 20 23 20 20 33 20 63 20 27 285 28 24 74 22 25 23 29 88 45 27 20 33 40 25 30 62
leaf_count=3405 35 24 20 22 20 23 20 20 33 20 63 20 27 285 28 24 74 22 25 23 29 88 45 27 20 33 40 25 30 62
internal_value=8.72399e-11 -0.00446871 0.10278 -0.0269975 -0.102978 -0.0478964 0.000413288 0.197146 -0.146216 -0.0583122 -0.000925104 -0.0445534 0.00306179 -0.0193149 0.000628708 0.0432705 0.0634781 0.181976 0.0144224 0.158696 0.403274 0.0282721 0.0786676 -0.0654371 0.155895 0.331236 0.0832929 0.0860224 -0.143824 -0.0747421
internal_weight=4632 4439 193 158 118 98 4415 40 75 53 4395 368 4027 348 4000 595 537 123 70 45 53 414 278 97 181 53 128 52 58 136
internal_count=4632 4439 193 158 118 98 4415 40 75 53 4395 368 4027 348 4000 595 537 123 70 45 53 414 278 97 181 53 128 52 58 136
is_linear=0
shrinkage=0.05


Tree=157
num_leaves=31
num_cat=0
split_feature=6 3 6 3 7 6 3 6 6 4 7 6 5 5 7 3 0 3 7 6 6 7 3 3 6 0 3 6 6 7
split_gain=835.877 5488.89 273.235 862.948 1167.58 714.056 602.823 732.074 716.791 659.155 732.447 604.951 604.995 1674.67 840.538 564.842 545.513 983.751 752.261 1162.59 1241.92 749.403 2643.12 1823.08 680.34 762.238 723.435 672.767 655.248 632.269
threshold=728.05000000000007 21.600000000000005 53.20000000000001 16.975000000000005 188.82291666666669 57.750000000000007 12.945000000000002 10.850000000000003 29.750000000000004 5.6500000000000012 171.88541666666669 30.850000000000005 82.65000000000002 145.15000000000003 156.0604166666667 1.9450000000000001 20.500000000000004 5.4750000000000005 190.43958333333333 239.45000000000002 106.55000000000001 199.22916666666669 16.975000000000005 14.345000000000001 98.450000000000017 10.500000000000002 9.4550000000000018 79.15000000000002 683.25000000000011 194.99583333333337
decision_type=2 2 2 2 2 2 2 2 2 2 2 2 2 2 2 2 2 2 2 2 2 2 2 2 2 2 2 2 2 2
left_child=1 2 3 6 -5 -4 8 -8 -1 -9 -11 -10 15 -14 -15 -13 21 -18 19 20 -19 22 29 24 27 28 -27 -23 -26 -7
right_child=-2 -3 5 4 -6 16 7 9 11 10 -12 12 13 14 -16 -17 17 18 -20 -21 -22 23 -24 -25 25 26 -28 -29 -30 -31
leaf_value=-0.0028139870231187122 -0.30746529915116055 0.74032630920410158 0.20806514574421775 -0.47851144697355191 0.043846428394317627 0.017538136864897563 -0.041518928845854182 0.41905269071297807 -0.30399286399284997 -0.10579871224860352 0.26761602368848075 -0.19482665253537043 -0.4245832589307898 0.058114723614542875 -0.22872524421948653 0.02274279673722121 0.019993524386964997 -0.34186512175060457 0.074363373423164542 -0.45988945952943849 0.20866954118013381 -0.019453352570533752 0.5743234064091336 -0.49672235467217185 -0.010850393491632799 0.050161214162492085 0.39008577257394794 -0.40333863610313059 -0.32274425611609509 0.25745381425533975
leaf_weight=1960 22 25 45 23 20 1428 57 23 27 24 29 35 38 74 39 202 145 21 22 37 20 25 22 22 85 72 20 21 21 28
leaf_count=1960 22 25 45 23 20 1428 57 23 27 24 29 35 38 74 39 202 145 21 22 37 20 25 22 22 85 72 20 21 21 28
internal_value=1.49435e-10 0.0014673 -0.00256138 -0.0134604 -0.235554 0.011108 -0.00965261 0.0939348 -0.0154535 0.195525 0.0985226 -0.0751486 -0.0592238 -0.137443 -0.0408831 -0.00938771 0.00665195 -0.0632107 -0.183857 -0.256688 -0.0733116 0.0164664 0.030371 -0.060793 -0.0214878 0.0187546 0.124058 -0.194705 -0.0726407 0.0221519
internal_weight=4632 4610 4585 2551 43 2034 2508 133 2375 76 53 415 388 151 113 237 1989 245 100 78 41 1744 1478 266 244 198 92 46 106 1456
internal_count=4632 4610 4585 2551 43 2034 2508 133 2375 76 53 415 388 151 113 237 1989 245 100 78 41 1744 1478 266 244 198 92 46 106 1456
is_linear=0
shrinkage=0.05


Tree=158
num_leaves=31
num_cat=0
split_feature=7 3 3 3 5 7 4 4 4 0 5 6 6 4 0 0 7 5 5 5 6 5 5 6 7 5 6 0 0 4
split_gain=826.052 29561.1 19975.9 1014.99 1284.86 577.612 880.792 561.852 1293.97 1069.58 965.177 958.126 733.374 740.782 784.12 1397.08 1225.99 908.105 583.783 582.351 535.99 515.266 1735.71 994.831 1070.13 796.24 735.344 968.293 1118.88 721.813
threshold=156.0604166666667 19.910000000000004 18.320000000000004 15.985000000000001 47.750000000000007 157.75416666666669 57.650000000000013 4.6500000000000012 8.3500000000000032 16.500000000000004 6.3500000000000005 6.8500000000000005 683.25000000000011 1.0000000180025095e-35 2.5000000000000004 11.500000000000002 167.29375000000005 22.850000000000005 46.350000000000001 17.250000000000004 711.75000000000011 187.75000000000003 150.85000000000005 664.05000000000007 179.38333333333335 134.40000000000003 53.20000000000001 17.500000000000004 4.5000000000000009 37.800000000000004
decision_type=2 2 2 2 2 2 2 2 2 2 2 2 2 2 2 2 2 2 2 2 2 2 2 2 2 2 2 2 2 2
left_child=1 3 5 -1 -5 6 -2 9 -9 12 -11 -12 13 14 -7 16 -16 -17 -13 -15 21 22 23 25 -25 -10 27 28 -23 -30
right_child=2 -3 -4 4 -6 7 -8 8 20 10 11 18 -14 19 15 17 -18 -19 -20 -21 -22 26 -24 24 -26 -27 -28 -29 29 -31
leaf_value=0.00011935088915869589 0.30184587028402932 -1.9334963417053226 1.1446013634021466 0.029662767052650453 -0.53709648340940486 -0.10676707363790937 -0.049135243170189136 -0.2471473879733328 0.012416378528274515 0.14607105228033931 -0.46544905380634155 -0.29534163519740109 -0.18151878606189381 0.48533785018053921 0.58855554130859677 -0.2408608516508883 0.15861728406828091 0.1155205609706732 0.034157067246553374 0.14157663477318627 0.20089823668201767 -0.30722843673494132 0.33236884803344041 0.012927096585432687 -0.40274360075127336 -0.28542844031168069 0.020764808014235241 -0.3092599731008962 -0.18567114689332598 0.085586173138157889
leaf_weight=2547 39 20 39 20 20 45 33 59 920 33 21 20 22 22 20 33 97 39 41 28 30 36 39 30 32 23 149 53 34 88
leaf_count=2547 39 20 39 20 20 45 33 59 920 33 21 20 22 22 20 33 97 39 41 28 30 36 39 30 32 23 149 53 34 88
internal_value=1.57729e-10 -0.0186094 0.0239578 -0.00380545 -0.253717 0.00195124 0.14098 -0.00327866 -0.017664 0.0477365 -0.082265 -0.174156 0.0965932 0.118137 0.0808092 0.12547 0.232111 -0.0478209 -0.0738753 0.292832 -0.00822226 -0.0126906 0.00509638 -0.00760375 -0.201613 0.00515187 -0.064273 -0.124323 -0.0622877 0.00998987
internal_weight=4632 2607 2025 2587 40 1986 72 1914 1493 421 115 82 306 284 234 189 117 72 61 50 1434 1404 1044 1005 62 943 360 211 158 122
internal_count=4632 2607 2025 2587 40 1986 72 1914 1493 421 115 82 306 284 234 189 117 72 61 50 1434 1404 1044 1005 62 943 360 211 158 122
is_linear=0
shrinkage=0.05


Tree=159
num_leaves=31
num_cat=0
split_feature=5 3 5 3 3 4 7 6 6 3 3 4 4 4 4 6 4 6 7 3 0 5 7 3 4 7 5 1 0 3
split_gain=811.117 3969.39 2461.73 18584.2 9697.45 1271.81 851.336 802.581 790.01 1049.31 676.384 476.674 1955.38 385.996 706.88 396.129 1001.92 1192.79 1343.82 1184.28 924.426 1281.86 878.18 1191.16 1087.98 1191.69 972.348 1827.85 974.646 866.495
threshold=704.55000000000007 9.7300000000000022 605.75000000000011 14.175000000000002 21.600000000000005 1.0000000180025095e-35 99.279166666666683 29.050000000000004 69.850000000000009 3.6250000000000004 7.9450000000000012 112.05000000000003 335.65000000000003 720.6500000000002 717.1500000000002 10.850000000000003 22.150000000000002 6.8500000000000005 183.64166666666668 12.815000000000003 3.5000000000000004 3.5500000000000003 136.47291666666669 14.345000000000001 15.850000000000003 160.23125000000002 166.80000000000004 3.5000000000000004 18.500000000000004 7.5050000000000008
decision_type=2 2 2 2 2 2 2 2 2 2 2 2 2 2 2 2 2 2 2 2 2 2 2 2 2 2 2 2 2 2
left_child=2 11 4 5 13 7 -7 -4 9 -8 -11 -2 -13 14 15 16 22 18 19 20 21 -18 -1 24 26 -26 28 -28 -24 -20
right_child=1 -3 3 -5 -6 6 8 -9 -10 10 -12 12 -14 -15 -16 -17 17 -19 29 -21 -22 -23 23 -25 25 -27 27 -29 -30 -31
leaf_value=-0.15410091241410639 -0.037356403529910105 0.75013403871229722 0.43784465074539186 -1.6173575025796891 1.0521750363436613 0.18920029320288451 -0.023257977729663256 0.028938214480876925 -0.0049938151763903134 -0.48552934515315133 -0.13543870957060294 0.45490419753640893 -0.19142477295615457 0.13773792232573032 -0.26709045004844667 0.010209561466434671 -0.40741351970604489 -0.14950489444302914 0.082202732390383393 -0.35648207879540594 0.050159199394113889 -0.00081921319758135173 -0.059686953363319244 -0.3884898492268154 0.065027482613273291 -0.41334311562279863 -0.037817825950109046 0.58142789195884359 0.20282849957545601 0.34795904693060686
leaf_weight=213 112 21 20 20 22 24 40 30 74 37 22 25 22 50 25 2790 28 97 82 22 412 63 165 21 23 30 26 22 45 49
leaf_count=213 112 21 20 20 22 24 40 30 74 37 22 25 22 50 25 2790 28 97 82 22 412 63 165 21 23 30 26 22 45 49
internal_value=-4.02804e-10 0.104056 -0.00420713 -0.151406 0.00518405 -0.0327055 -0.0898644 0.192501 -0.128579 -0.220955 -0.354987 0.0187254 0.152367 -0.000348933 -0.0020276 -0.000406615 -0.0232257 0.0141467 0.0383451 0.00259771 0.018303 -0.125925 -0.0748612 -0.0240237 0.000586572 -0.205748 0.0429732 0.246003 -0.00343364 0.181608
internal_weight=4632 180 4452 267 4185 247 197 50 173 99 59 159 47 4163 4113 4088 1298 753 656 525 503 91 545 332 311 53 258 48 210 131
internal_count=4632 180 4452 267 4185 247 197 50 173 99 59 159 47 4163 4113 4088 1298 753 656 525 503 91 545 332 311 53 258 48 210 131
is_linear=0
shrinkage=0.05


Tree=160
num_leaves=31
num_cat=0
split_feature=0 3 3 6 5 4 5 6 3 4 3 6 3 4 3 6 6 0 7 1 1 5 0 3 6 3 4 0 6 3
split_gain=806.558 7437.84 5841.89 686.176 659.506 694.165 662.325 1379.8 309.571 289.26 862.893 799.727 1608.95 656.363 689.22 676.009 856.622 642.755 628.578 1653.15 621.61 1314.8 1096.12 733.011 705.348 627.031 549.49 498.663 489.578 474.533
threshold=22.500000000000004 21.600000000000005 11.305000000000001 728.05000000000007 21.150000000000002 18.650000000000002 104.05000000000001 40.300000000000004 4.8750000000000009 365.65000000000003 14.345000000000001 561.30000000000007 5.1950000000000012 385.95000000000005 9.2350000000000012 243.70000000000002 155.70000000000002 12.500000000000002 209.47291666666669 1.5000000000000002 4.5000000000000009 5.2500000000000009 16.500000000000004 6.4350000000000014 64.050000000000011 5.2650000000000006 341.50000000000006 10.500000000000002 34.400000000000006 13.575000000000001
decision_type=2 2 2 2 2 2 2 2 2 2 2 2 2 2 2 2 2 2 2 2 2 2 2 2 2 2 2 2 2 2
left_child=1 3 4 9 5 -2 -6 -8 -7 26 11 13 -13 -11 15 16 18 -18 20 -20 23 -22 -23 24 25 -15 29 -16 -29 -1
right_child=2 -3 -4 -5 6 8 7 -9 -10 10 -12 12 -14 14 27 -17 17 -19 19 -21 21 22 -24 -25 -26 -27 -28 28 -30 -31
leaf_value=-0.0015943069652730427 0.3647036603518895 -0.8821807543436686 0.88732954249495555 0.29262584358453753 -0.23762942469941503 -0.1011135187149048 -0.19289104061467308 0.26518192430657728 0.15929156428291685 -0.25727381932083521 -0.30672934331275803 -0.057995010046071785 0.41910270988941201 -0.072002715281887009 0.20457171444215028 -0.18816005378156098 -0.0056642447199140283 0.38553502474512374 0.47315124183893204 -0.07708198894031866 -0.2653036979061586 0.26764599552341534 -0.16909909754991534 -0.29965856671333313 -0.30329730243518438 0.22651988580822946 0.19404542030472505 -0.17363310778141022 0.1425242565572262 0.075854584049610874
leaf_weight=3398 21 24 21 20 39 25 35 31 21 32 27 43 30 146 51 74 21 21 20 43 27 51 20 45 29 20 38 25 24 210
leaf_count=3398 21 24 21 20 39 25 35 31 21 32 27 43 30 146 51 74 21 21 20 43 27 51 20 45 29 20 38 25 24 210
internal_value=6.7162e-10 -0.0043505 0.100062 0.000421394 0.00394167 0.126508 -0.0742676 0.0222644 0.0177671 -0.000908319 -0.0292093 -0.0188312 0.138073 -0.0364798 -0.0250286 -0.0482699 -0.0249023 0.189935 -0.047404 0.0975952 -0.0744304 0.0316813 0.144619 -0.117759 -0.0757827 -0.0360361 0.00490558 0.0951291 -0.0187805 0.00291353
internal_weight=4632 4439 193 4415 172 67 105 66 46 4395 749 722 73 649 617 517 443 42 401 63 338 98 71 240 195 166 3646 100 49 3608
internal_count=4632 4439 193 4415 172 67 105 66 46 4395 749 722 73 649 617 517 443 42 401 63 338 98 71 240 195 166 3646 100 49 3608
is_linear=0
shrinkage=0.05


Tree=161
num_leaves=31
num_cat=0
split_feature=6 3 3 7 7 5 5 3 3 1 7 4 0 5 4 6 0 6 3 0 0 7 5 5 5 5 3 7 6 3
split_gain=812.757 5568.17 351.617 255.474 386.337 474.314 718.951 733.199 688.35 556.417 464.942 753.208 1363.15 395.72 341.944 310.307 856.249 690.441 347.778 1660.91 1034.4 428.501 373.494 356.81 302.912 554.412 277.53 1278.38 2282.72 1482.67
threshold=728.05000000000007 21.600000000000005 19.095000000000002 62.256250000000016 85.020833333333357 92.300000000000026 31.250000000000004 5.1150000000000011 5.3850000000000007 3.5000000000000004 90.666666666666671 104.05000000000001 12.500000000000002 725.45000000000016 21.550000000000004 697.85000000000002 3.5000000000000004 693.85000000000014 5.1750000000000007 11.500000000000002 17.500000000000004 158.31250000000003 10.350000000000003 90.100000000000009 719.1500000000002 715.75000000000011 14.935 166.10833333333338 35.150000000000013 16.150000000000002
decision_type=2 2 2 2 2 2 2 2 2 2 2 2 2 2 2 2 2 2 2 2 2 2 2 2 2 2 2 2 2 2
left_child=1 2 3 -1 5 6 7 14 9 -7 11 12 -6 15 -5 17 -17 24 20 -20 22 -21 -18 -24 25 26 -12 29 -29 -28
right_child=-2 -3 -4 4 10 8 -8 -9 -10 -11 13 -13 -14 -15 -16 16 18 -19 19 21 -22 -23 23 -25 -26 -27 27 28 -30 -31
leaf_value=0.12753726883154168 -0.30318334238095718 0.74562245178222664 -0.18596192162770492 -0.25989209067076446 0.017864789309040195 -0.025008098781108858 -0.36790849542617798 0.11371421064767573 -0.16672046394752604 0.31546256554623447 -0.0010650055865618095 -0.12043679248202931 0.53960416473093487 -0.18567583026557133 -0.038650922765654905 -0.30719551518559457 -0.041765798959467151 0.28866658891950336 0.45269780039787294 0.049404782739778358 0.13380773193561113 -0.25986467599868773 -0.41334598919619686 -0.12458131916821003 0.16811997680752366 -0.25022594139657239 0.18440998340094533 -0.00036601293832063677 0.56770567936556682 -0.30574116971757681
leaf_weight=38 22 25 26 40 31 24 25 36 28 24 3797 22 21 29 31 30 27 21 20 24 39 21 23 20 27 22 27 48 28 36
leaf_count=38 22 25 26 40 31 24 25 36 28 24 3797 22 21 29 31 30 27 21 20 24 39 21 23 20 27 22 27 48 28 36
internal_value=-1.61855e-10 0.00144686 -0.0026108 -0.00156515 -0.00265028 -0.0692074 -0.126499 -0.0700949 0.0302991 0.145227 0.000559516 0.124809 0.228567 -0.00160951 -0.163294 -0.00034159 -0.0604956 0.00272167 -0.0179612 0.0735771 -0.0725482 -0.094921 -0.187518 -0.279037 0.00121481 7.62458e-05 0.00147529 0.0708675 0.208924 -0.0956764
internal_weight=4632 4610 4585 4559 4521 208 132 107 76 48 4313 74 52 4239 71 4210 204 4006 174 65 109 45 70 43 3985 3958 3936 139 76 63
internal_count=4632 4610 4585 4559 4521 208 132 107 76 48 4313 74 52 4239 71 4210 204 4006 174 65 109 45 70 43 3985 3958 3936 139 76 63
is_linear=0
shrinkage=0.05


Tree=162
num_leaves=31
num_cat=0
split_feature=4 3 3 7 7 5 5 6 6 5 5 5 6 6 3 6 5 5 7 7 3 6 6 7 3 5 5 3 0 0
split_gain=774.096 10171.7 9896.19 947.118 1178.78 583.483 1194.11 678.581 569.27 561.109 766.595 967.432 845.555 1186.18 1041.87 784.337 972.87 789.117 698.283 1081.69 890.129 778.295 935.117 807.748 695.856 678.019 578.706 488.323 486.077 1018.34
threshold=3.2500000000000004 17.845000000000002 19.095000000000002 71.702083333333348 103.95625000000001 681.1500000000002 715.75000000000011 43.550000000000004 14.65 572.75000000000011 322.90000000000003 150.85000000000005 37.800000000000004 29.750000000000004 12.945000000000002 182.15000000000001 38.750000000000007 15.15 115.81458333333335 135.67708333333334 6.1650000000000009 3.5500000000000003 8.8500000000000032 164.29583333333338 6.8350000000000009 3.5500000000000003 44.350000000000001 7.8450000000000006 4.5000000000000009 13.500000000000002
decision_type=2 2 2 2 2 2 2 2 2 2 2 2 2 2 2 2 2 2 2 2 2 2 2 2 2 2 2 2 2 2
left_child=1 3 -2 -1 8 9 7 -7 -5 10 11 12 13 14 18 16 -14 25 -6 20 -20 27 -23 -24 -13 -17 -19 -21 -10 -30
right_child=2 -3 -4 4 5 6 -8 -9 28 -11 -12 24 15 -15 -16 17 -18 26 19 21 -22 22 23 -25 -26 -27 -28 -29 29 -31
leaf_value=0.35379575937986374 -0.0026311897892191392 1.0139538317918777 -0.81387961083336879 -0.26497118286788462 0.23133293424546719 0.50541661200316057 -0.12832784665667493 0.12535837143659592 -0.22591996153195698 -0.18875261731445792 0.18794880112012227 -0.028926256047270726 0.10757797410090764 -0.38516923547500659 0.35218000113964082 0.029291365109384061 0.4188107370427161 -0.24751655408314296 -0.38328154401199238 0.17728514718926616 0.024286423836435592 -0.35398852095007899 -0.16609324611184237 0.15782033323477476 -0.29477002205327157 0.34245360273122794 0.032541674824479304 -0.065721906284833778 0.2187488422249303 -0.15647517259345478
leaf_weight=20 3505 26 38 48 25 23 23 24 30 32 66 64 105 21 20 56 33 35 37 72 21 25 38 39 40 25 39 29 33 40
leaf_count=20 3505 26 38 48 25 23 23 24 30 32 66 64 105 21 20 56 33 35 37 72 21 25 38 39 40 25 39 29 33 40
internal_value=4.52897e-11 0.0368685 -0.0113321 0.0129698 0.00643435 0.0283044 0.166881 0.311344 -0.122758 0.0165035 0.0248177 0.00994663 0.0336185 -0.0216535 0.00329364 0.0953042 0.182003 0.0181142 -0.021104 -0.0452838 -0.235714 0.00912479 -0.0882967 -0.00203312 -0.131174 0.125946 -0.0999183 0.107511 -0.0564844 0.0131466
internal_weight=4632 1089 3543 1063 1043 892 70 47 151 822 790 724 620 327 306 293 138 155 286 261 58 203 102 77 104 81 74 101 103 73
internal_count=4632 1089 3543 1063 1043 892 70 47 151 822 790 724 620 327 306 293 138 155 286 261 58 203 102 77 104 81 74 101 103 73
is_linear=0
shrinkage=0.05


Tree=163
num_leaves=31
num_cat=0
split_feature=5 5 3 6 5 5 5 7 3 3 5 5 5 3 6 7 7 3 6 1 6 4 7 7 3 3 6 0 3 0
split_gain=760.393 4670.44 2113.28 560.433 375.377 381.696 498.547 342.29 5522 4078.84 964.143 691.57 632.886 836.4 623.815 673.341 656.579 756.217 750.548 1008.92 732.049 555.055 811.774 655.54 609.15 606.378 1209.65 785.385 563.958 780.561
threshold=709.25000000000011 712.55000000000007 21.600000000000005 728.05000000000007 715.75000000000011 719.1500000000002 723.95000000000016 162.10208333333335 18.320000000000004 17.300000000000001 692.45000000000016 683.25000000000011 698.55000000000007 4.5250000000000012 2.8500000000000001 257.30208333333337 244.23125000000005 15.790000000000001 9.2500000000000018 2.5000000000000004 11.300000000000002 702.35000000000014 173.66458333333335 184.78541666666672 4.785000000000001 5.5650000000000004 28.050000000000004 16.500000000000004 5.8150000000000004 8.5000000000000018
decision_type=2 2 2 2 2 2 2 2 2 2 2 2 2 2 2 2 2 2 2 2 2 2 2 2 2 2 2 2 2 2
left_child=2 -2 3 7 -3 -6 -7 9 10 12 11 14 -1 -14 -9 16 17 18 19 -16 -20 22 25 -23 -25 26 -22 -27 -24 -30
right_child=1 4 -4 -5 5 6 -8 8 -10 -11 -12 -13 13 -15 15 -17 -18 -19 20 -21 21 23 28 24 -26 27 -28 -29 29 -31
leaf_value=-0.00043550503432843206 0.74978458645443125 0.15313060404016421 -0.46203857421875 0.26303532630205156 -0.2243822827935219 0.18997151683206145 -0.097285095670006497 0.053423631373771478 -0.71619551650115421 0.67176075085349707 -0.23146241066303663 0.25919134032726293 -0.064921565159507422 0.32547949692782235 0.055524598730021517 0.14726036679930984 -0.22431745270178435 0.19628721691766068 0.22415861686070762 -0.31518015839904545 -0.34734037181605465 0.085642566283543914 -0.029032519425412542 -0.054221029281616206 -0.38142530904574828 -0.10006890345364811 0.053360632001064147 -0.39763960197102283 0.16885260298170829 0.0033218827236923252
leaf_weight=2658 24 26 25 20 26 23 44 348 28 23 47 25 23 34 29 56 42 38 30 50 23 21 380 25 33 85 104 30 110 202
leaf_count=2658 24 26 25 20 26 23 44 348 28 23 47 25 23 34 29 56 42 38 30 50 23 21 380 25 33 85 104 30 110 202
internal_value=1.69395e-10 0.113504 -0.00361575 -0.00104841 -0.0148214 -0.0617757 0.00132538 -0.00223691 -0.0198164 0.00871659 -0.0081963 -0.00176251 0.00309964 0.167949 -0.00582468 -0.0222145 -0.0301102 -0.0230785 -0.030508 -0.179099 -0.0192533 -0.026462 -0.015698 -0.153722 -0.240389 -0.0945222 -0.0192073 -0.177696 0.0118677 0.0616821
internal_weight=4632 143 4489 4464 119 93 67 4444 1706 2738 1678 1631 2715 57 1606 1258 1202 1160 1122 79 1043 1013 934 79 58 242 127 115 692 312
internal_count=4632 143 4489 4464 119 93 67 4444 1706 2738 1678 1631 2715 57 1606 1258 1202 1160 1122 79 1043 1013 934 79 58 242 127 115 692 312
is_linear=0
shrinkage=0.05


Tree=164
num_leaves=31
num_cat=0
split_feature=6 3 3 7 4 3 5 3 3 6 7 4 3 3 6 6 6 0 6 7 5 5 7 7 6 0 5 4 4 5
split_gain=807.518 5600.57 310.917 7803.7 2559.68 216.742 696.22 397.833 317.357 1063.7 273.207 398.766 260.546 371.347 239.327 665.514 661.839 651.733 536.667 805.125 531.421 1274.22 1059.53 519.162 507.517 728.122 1071.29 916.189 1900.8 1450.65
threshold=728.05000000000007 21.600000000000005 16.975000000000005 149.80833333333337 9.1500000000000004 14.935 253.00000000000003 14.345000000000001 13.575000000000001 73.200000000000003 190.43958333333333 25.450000000000003 13.250000000000002 12.945000000000002 53.20000000000001 29.750000000000004 58.750000000000007 9.5000000000000018 23.950000000000003 111.74583333333335 82.65000000000002 145.15000000000003 156.0604166666667 66.387500000000003 1.0000000180025095e-35 5.5000000000000009 67.700000000000003 104.05000000000001 37.800000000000004 13.15
decision_type=2 2 2 2 2 2 2 2 2 2 2 2 2 2 2 2 2 2 2 2 2 2 2 2 2 2 2 2 2 2
left_child=1 2 5 -4 -5 7 10 8 12 -10 11 -7 13 14 15 18 17 -16 23 -20 -17 -22 -23 -1 25 26 27 28 -25 -29
right_child=-2 -3 3 4 -6 6 -8 -9 9 -11 -12 -13 -14 -15 16 20 -18 -19 19 -21 21 22 -24 24 -26 -27 -28 29 -30 -31
leaf_value=0.22640925892021346 -0.30220449864864352 0.7477795867919923 0.72234918730599551 -0.86089481443166749 -0.15881880618430474 0.19731050760105806 0.32033065835183322 -0.19041923923151835 0.31147497262685531 -0.13190334116419156 -0.14759500961412084 -0.074434951416872161 -0.15223210934421114 0.17963583565184049 0.0058428828363065368 -0.026549809654170531 0.005097401837219219 0.35013368023293362 0.33898985156646144 0.037301441790485709 -0.39121966896912991 0.048784705580441984 -0.2610556894263556 -0.095306106995452541 -0.039681299235118921 0.040147738488377042 0.075011545240002531 0.3241291116584431 -0.59330242734264449 -0.25005951442501767
leaf_weight=23 22 25 21 20 37 27 22 28 31 24 22 27 29 28 27 256 1839 28 26 148 39 77 43 66 876 665 85 22 27 22
leaf_count=23 22 25 21 20 37 27 22 28 31 24 22 27 29 28 27 256 1839 28 26 148 39 77 43 66 876 665 85 22 27 22
internal_value=-4.05644e-11 0.00144219 -0.00262726 -0.101601 -0.405161 -0.000914385 0.0726309 -0.00254909 -0.00134837 0.118001 0.000928287 0.0614378 -0.00286576 -0.0018577 -0.0030481 -0.0136202 0.0102089 0.181118 -0.00144116 0.0823813 -0.0711405 -0.142934 -0.0622414 -0.00960751 -0.0126866 0.0139734 -0.0644318 -0.150948 -0.239886 0.0370348
internal_weight=4632 4610 4585 78 57 4507 98 4409 4381 55 76 54 4326 4297 4269 2375 1894 55 1960 174 415 159 120 1786 1763 887 222 137 93 44
internal_count=4632 4610 4585 78 57 4507 98 4409 4381 55 76 54 4326 4297 4269 2375 1894 55 1960 174 415 159 120 1786 1763 887 222 137 93 44
is_linear=0
shrinkage=0.05


Tree=165
num_leaves=31
num_cat=0
split_feature=7 3 3 3 6 3 0 0 1 0 4 4 5 4 7 1 3 3 7 7 7 0 1 0 6 6 0 0 5 5
split_gain=792.491 13156 8930.97 948.337 659.601 451.992 386.485 535.166 1144.35 646.658 581.682 717.341 819.303 404.876 371.152 346.951 274.377 526.315 245.049 226.525 1097.22 615.763 547.634 511.899 759.36 734.936 646.727 1035.12 1299.56 1034.3
threshold=223.79166666666671 21.600000000000005 16.975000000000005 18.320000000000004 728.05000000000007 17.300000000000001 18.500000000000004 5.5000000000000009 1.5000000000000002 3.5000000000000004 696.1500000000002 335.65000000000003 87.950000000000003 79.950000000000017 215.00000000000003 2.5000000000000004 5.2250000000000005 8.4850000000000012 249.00416666666669 179.93750000000003 176.99791666666667 22.500000000000004 3.5000000000000004 1.5000000000000002 20.800000000000001 24.250000000000004 19.500000000000004 11.500000000000002 37.650000000000013 65.850000000000009
decision_type=2 2 2 2 2 2 2 2 2 2 2 2 2 2 2 2 2 2 2 2 2 2 2 2 2 2 2 2 2 2
left_child=1 3 6 4 5 14 7 8 -2 13 11 12 18 -10 19 -8 -16 -18 -9 20 -1 23 -22 25 26 -21 27 28 -25 -29
right_child=2 -3 -4 -5 -6 -7 15 10 9 -11 -12 -13 -14 -15 16 -17 17 -19 -20 21 22 -23 -24 24 -26 -27 -28 29 -30 -31
leaf_value=-0.00044851134483313521 -0.39365541756153111 -1.254086594354539 1.0988890448212625 0.28540825761597732 0.27804079197701953 -0.22392332087392394 -0.20678611917155132 -0.048427743315696714 -0.0090884274244308477 -0.18608585374341124 0.34494279682636264 -0.15056694801896811 0.31664656017507831 0.30174619338729164 0.03670011430978775 0.021002614847384395 -0.37058911380313697 -0.034042420524817249 0.15842098934309823 -0.34429664821142247 -0.28013252737879196 -0.20007995343927681 -0.033279159588691515 0.037771872919181299 0.0049698807706159576 0.05009141608520791 0.34765518782293875 0.14713089800610835 0.38751440265653087 -0.16488265708602709
leaf_weight=3333 20 21 20 29 21 23 35 45 20 21 20 32 35 22 20 32 21 26 21 21 53 29 39 58 405 27 27 49 49 58
leaf_count=3333 20 21 20 29 21 23 35 45 20 21 20 32 35 22 20 32 21 26 21 21 53 29 39 58 405 27 27 49 49 58
internal_value=-4.14041e-10 -0.00566234 0.0755388 0.000451678 -0.00148862 -0.00287374 0.0079909 0.0380791 -0.0641478 0.0404579 0.0935355 0.0557299 0.121091 0.15373 -0.00166754 -0.0979915 -0.11841 -0.184414 0.0173878 0.000218131 -0.00515031 0.0256495 -0.175488 0.035082 0.0467874 -0.122453 0.117062 0.0879682 0.197934 -0.0219979
internal_weight=4632 4309 323 4288 4259 4238 303 236 83 63 153 133 101 42 4215 67 67 47 66 4148 3425 723 92 694 646 48 241 214 107 107
internal_count=4632 4309 323 4288 4259 4238 303 236 83 63 153 133 101 42 4215 67 67 47 66 4148 3425 723 92 694 646 48 241 214 107 107
is_linear=0
shrinkage=0.05


Tree=166
num_leaves=31
num_cat=0
split_feature=6 3 3 7 3 5 5 5 3 6 4 6 7 4 4 7 6 6 5 7 3 0 0 7 4 5 7 6 5 6
split_gain=782.647 5627.73 361.103 7264.64 9316.83 208.648 272.142 472.175 205.479 339.571 333.55 234.471 525.823 457.358 1143.29 654.398 345.056 832.255 713.434 349.907 585.662 711.067 679.458 624.577 493.252 423.553 347.194 952.899 1198.05 288.644
threshold=728.05000000000007 21.600000000000005 16.975000000000005 148.39375000000004 19.095000000000002 725.45000000000016 719.1500000000002 715.75000000000011 0.85500000000000009 32.000000000000007 145.35000000000005 707.25000000000011 180.45625000000001 118.85000000000001 40.95000000000001 144.30208333333334 693.85000000000014 697.85000000000002 24.850000000000005 85.020833333333357 1.905 6.5000000000000009 3.5000000000000004 62.256250000000016 61.350000000000001 6.3500000000000005 90.666666666666671 3.8500000000000001 60.300000000000004 87.300000000000026
decision_type=2 2 2 2 2 2 2 2 2 2 2 2 2 2 2 2 2 2 2 2 2 2 2 2 2 2 2 2 2 2
left_child=1 2 5 -4 -5 6 7 8 9 10 -1 16 13 14 15 -13 19 -18 -19 20 -10 22 -22 -23 25 -25 27 -21 -29 -28
right_child=-2 -3 3 4 -6 -7 -8 -9 11 -11 -12 12 -14 -15 -16 -17 17 18 -20 26 21 23 -24 24 -26 -27 29 28 -30 -31
leaf_value=0.074992109739193416 -0.29751421348615126 0.7495650634765626 0.71240707278251658 0.067064077367908079 -1.2661851722002031 -0.12607708085667005 0.14316542144074584 -0.21340407817982712 0.14205373991881648 -0.12794598811018615 -0.11969577633973323 -0.0020848753123447815 0.14111359250545502 -0.30056944513320927 0.27082649767398836 -0.34096836575440004 0.35336952550957601 -0.17762689210217575 0.14641778297358896 0.40788390055298812 -0.070394985564053061 0.20911941907622597 -0.44663126071294146 0.038934710000952083 0.097575331350852709 -0.20736811751849019 -0.0060489831876654179 0.23087021295840923 -0.26452928483486177 0.023405797091966416
leaf_weight=66 22 25 20 38 20 33 33 26 31 81 33 29 25 25 20 28 24 29 41 20 24 22 24 24 29 64 2474 26 23 1253
leaf_count=66 22 25 20 38 20 33 33 26 31 81 33 29 25 25 20 28 24 29 41 20 24 22 24 24 29 64 2474 26 23 1253
internal_value=-8.1776e-10 0.00141981 -0.0026595 -0.109322 -0.392677 -0.000813555 0.000110383 -0.000952625 0.000298505 -0.0520228 0.0100961 0.00252232 -0.0643893 -0.114758 -0.0544292 -0.168554 0.00459091 0.0992853 0.0121707 0.00237335 -0.0592283 -0.092596 -0.258513 -0.0353008 -0.0812602 -0.140195 0.00591107 0.117045 -0.00166425 0.00385358
internal_weight=4632 4610 4585 78 58 4507 4474 4441 4415 180 99 4235 127 102 77 57 4108 94 70 4014 218 187 48 139 117 88 3796 69 49 3727
internal_count=4632 4610 4585 78 58 4507 4474 4441 4415 180 99 4235 127 102 77 57 4108 94 70 4014 218 187 48 139 117 88 3796 69 49 3727
is_linear=0
shrinkage=0.05


Tree=167
num_leaves=31
num_cat=0
split_feature=0 3 5 6 5 7 7 6 6 7 3 3 3 3 5 7 7 4 0 0 1 0 3 3 5 4 5 7 0 6
split_gain=776.506 7184.98 5322.19 4538.54 943.898 2166.79 1642.74 722.461 700.548 280.904 1488.29 1311.61 595.845 557.649 878.873 687.898 528.675 509.206 388.646 504.075 1036.71 579.121 562.932 715.894 694.03 363.212 330.333 297.308 942.738 753.13
threshold=22.500000000000004 21.600000000000005 0.65000000000000002 152.95000000000002 104.05000000000001 148.75416666666669 173.66458333333335 40.300000000000004 728.05000000000007 215.00000000000003 15.985000000000001 18.320000000000004 16.975000000000005 13.920000000000002 396.85000000000008 175.78541666666669 223.79166666666671 5.2500000000000009 18.500000000000004 5.5000000000000009 1.5000000000000002 3.5000000000000004 3.3750000000000004 4.5250000000000012 39.350000000000001 79.950000000000017 47.100000000000009 183.64166666666668 2.5000000000000004 20.800000000000001
decision_type=2 2 2 2 2 2 2 2 2 2 2 2 2 2 2 2 2 2 2 2 2 2 2 2 2 2 2 2 2 2
left_child=1 8 3 -2 5 -4 7 -6 9 11 16 12 13 27 15 17 26 -15 19 20 -18 25 -21 -24 -25 -22 -11 -1 -29 -30
right_child=2 -3 4 -5 6 -7 -8 -9 -10 10 -12 -13 -14 14 -16 -17 18 -19 -20 22 21 -23 23 24 -26 -27 -28 28 29 -31
leaf_value=-0.0067416160458610656 0.11778804734349252 -0.86704872449239101 0.10625680516650145 1.1376324820518495 -0.24616129508724921 -0.42787996958463625 0.45714025596777602 0.12685429048538208 0.29567006289958958 -0.043970175438067499 -0.46217307426035409 0.35021885986681339 -0.21433605905622244 0.17613018844742329 0.41059643216431141 0.24461286644781791 -0.37456682175397876 -0.12154710107282096 -0.11325216930932724 -0.067994954362511642 -0.008394998908042909 -0.17576270518558368 0.39249995897213619 -0.096349374633846865 0.19573846122003952 0.28601234094663103 -0.27367899623410458 -0.16155694683215449 0.13649857580661773 0.0083640508161035455
leaf_weight=3294 24 24 37 20 27 39 21 25 20 34 20 27 32 20 20 31 20 51 52 40 20 21 24 33 53 22 29 56 180 316
leaf_count=3294 24 24 37 20 27 39 21 25 20 34 20 27 32 20 20 31 20 51 52 40 20 21 24 33 53 22 29 56 180 316
internal_value=-3.84148e-10 -0.00426869 0.0981798 0.581354 -0.0445025 -0.16784 0.0839034 -0.0668269 0.000421398 -0.000922168 -0.0427376 0.00289906 0.000554647 0.00228764 0.10753 0.0481049 -0.0186321 -0.0376943 0.0103429 0.0379263 -0.0609395 0.0386247 0.0926321 0.151042 0.0836582 0.145818 -0.149709 -0.00105078 0.0329087 0.0548645
internal_weight=4632 4439 193 44 149 76 73 52 4415 4395 368 4027 4000 3968 122 102 348 71 285 233 83 63 150 110 86 42 63 3846 552 496
internal_count=4632 4439 193 44 149 76 73 52 4415 4395 368 4027 4000 3968 122 102 348 71 285 233 83 63 150 110 86 42 63 3846 552 496
is_linear=0
shrinkage=0.05


Tree=168
num_leaves=31
num_cat=0
split_feature=6 3 3 7 4 0 3 1 7 7 1 3 6 3 0 3 6 5 6 3 7 4 4 0 6 5 6 0 6 3
split_gain=759.776 5616.27 300.242 6545.13 2394.86 206.311 660.406 467.796 814.246 633.201 1608.84 715.234 1293.93 1708.56 481.462 310.689 609.425 892.927 1208.69 844.623 596.277 791.327 1169.82 1541.53 1689.64 1267.1 668.26 608.525 656.6 972.537
threshold=728.05000000000007 21.600000000000005 16.975000000000005 149.80833333333337 9.1500000000000004 21.500000000000004 10.605000000000002 5.5000000000000009 96.022916666666674 166.97708333333335 2.5000000000000004 4.8750000000000009 66.300000000000026 6.9650000000000007 22.500000000000004 10.475000000000003 592.20000000000016 463.45000000000005 349.00000000000006 12.500000000000002 161.33750000000001 252.30000000000004 55.300000000000004 5.5000000000000009 3.8500000000000001 23.650000000000002 182.15000000000001 17.500000000000004 2.8500000000000001 12.645000000000001
decision_type=2 2 2 2 2 2 2 2 2 2 2 2 2 2 2 2 2 2 2 2 2 2 2 2 2 2 2 2 2 2
left_child=1 2 5 -4 -5 15 7 8 -7 11 -11 -10 13 -13 -9 -1 17 18 20 -19 21 22 23 -17 -25 -26 27 28 -22 -30
right_child=-2 -3 3 4 -6 6 -8 14 9 10 -12 12 -14 -15 -16 16 -18 19 -20 -21 26 -23 -24 24 25 -27 -28 -29 29 -31
leaf_value=-0.0028563942064239356 -0.29313501566648487 0.74878160095214852 0.65465193248930431 -0.8187589797377588 -0.13966228027601499 0.28351364350318908 -0.2312190565543297 -0.30410327452879687 -0.1607049441763333 -0.14999823632036768 0.26379952306097204 0.54232900540033979 -0.21842769053247243 -0.10340278808027506 0.0032085435390472416 0.22928773032294381 0.22894967060822707 -0.0030778101805982918 -0.27691776273218366 0.36180914634040429 0.16577520931875983 -0.31540605872869493 0.2540801173809803 0.15772654627050675 -0.68396136872470381 -0.16288337405504927 0.30549140742846898 0.24446402086365607 -0.23884009258902592 0.066737404565016437
leaf_weight=3629 22 25 21 20 37 25 39 26 98 41 55 21 27 20 25 27 39 29 37 35 43 24 33 21 20 28 28 31 46 60
leaf_count=3629 22 25 21 20 37 25 39 26 98 41 55 21 27 20 25 27 39 29 37 35 43 24 33 21 20 28 28 31 46 60
internal_value=-5.45282e-11 0.00139891 -0.00267624 -0.0999358 -0.377942 -0.000993028 -0.0364003 -0.0139212 0.0108749 -0.0151402 0.0870734 -0.0742517 0.0503427 0.227338 -0.15346 0.00223906 0.0391481 0.0231259 -0.00474853 0.19647 0.0231469 -0.051778 -0.00273094 -0.0910097 -0.216344 -0.379999 0.07826 0.0429129 0.000979423 -0.0658717
internal_weight=4632 4610 4585 78 57 4507 377 338 287 262 96 166 68 41 51 4130 501 462 398 64 361 153 129 96 69 48 208 180 149 106
internal_count=4632 4610 4585 78 57 4507 377 338 287 262 96 166 68 41 51 4130 501 462 398 64 361 153 129 96 69 48 208 180 149 106
is_linear=0
shrinkage=0.05


Tree=169
num_leaves=31
num_cat=0
split_feature=7 3 3 3 5 7 4 4 4 0 5 6 6 4 0 0 7 5 3 5 6 3 5 5 6 7 5 6 0 0
split_gain=754.353 27049.3 19741.8 1281.52 1173.1 548.297 775.592 495.045 1177.49 971.557 803.375 915.166 604.436 624.391 624.165 1206.79 1089.13 816.477 528.477 527.975 509.839 498.969 470.089 1438.82 859.386 928.085 694.792 638.09 826.833 1000.83
threshold=156.0604166666667 19.910000000000004 18.320000000000004 15.985000000000001 47.750000000000007 157.75416666666669 57.650000000000013 4.6500000000000012 8.3500000000000032 16.500000000000004 6.3500000000000005 6.8500000000000005 683.25000000000011 1.0000000180025095e-35 2.5000000000000004 11.500000000000002 167.29375000000005 22.850000000000005 6.3450000000000006 46.350000000000001 711.75000000000011 5.6950000000000012 187.75000000000003 150.85000000000005 664.05000000000007 179.38333333333335 134.40000000000003 53.20000000000001 17.500000000000004 4.5000000000000009
decision_type=2 2 2 2 2 2 2 2 2 2 2 2 2 2 2 2 2 2 2 2 2 2 2 2 2 2 2 2 2 2
left_child=1 3 5 -1 -5 6 -2 9 -9 12 -11 -12 13 14 -7 16 -16 -17 -15 -13 22 -21 23 24 26 -26 -10 28 29 -24
right_child=2 -3 -4 4 -6 7 -8 8 20 10 11 19 -14 18 15 17 -18 -19 -20 21 -22 -23 27 -25 25 -27 -28 -29 -30 -31
leaf_value=0.00078772522579852254 0.28742575471599902 -1.8495104217529297 1.1369542112717264 -0.01366319626569748 -0.5552107900381088 -0.0916937929391861 -0.04192881394516338 -0.23649249521352478 0.011135281656018419 0.12822656486973619 -0.44861655731995898 -0.27653668552637101 -0.16211111125620931 0.071227706372737884 0.55057932838797574 -0.22859325923985155 0.14534888585510941 0.1093307790847925 0.40303981562455499 -0.1334067600114005 0.19538063377141954 0.21555187433958053 -0.29247490035163032 0.30202779066868324 0.011968898872534434 -0.37513198589440439 -0.26708931307429856 0.017013306060693411 -0.28903495433195586 0.0075436977089428509
leaf_weight=2547 39 20 39 20 20 45 33 59 920 33 21 20 22 20 20 33 97 39 30 21 30 20 36 39 30 32 23 149 53 122
leaf_count=2547 39 20 39 20 20 45 33 59 920 33 21 20 22 20 20 33 97 39 30 21 30 20 36 39 30 32 23 149 53 122
internal_value=1.0792e-11 -0.0177834 0.0228945 -0.0036224 -0.284437 0.00101719 0.136472 -0.00407827 -0.0175813 0.0438079 -0.0800931 -0.163929 0.090372 0.109931 0.0756604 0.115507 0.214619 -0.0455511 0.270315 -0.0659219 -0.00857454 0.036817 -0.0129326 0.00405683 -0.00750622 -0.187825 0.00434932 -0.0622018 -0.11814 -0.060815
internal_weight=4632 2607 2025 2587 40 1986 72 1914 1493 421 115 82 306 284 234 189 117 72 50 61 1434 41 1404 1044 1005 62 943 360 211 158
internal_count=4632 2607 2025 2587 40 1986 72 1914 1493 421 115 82 306 284 234 189 117 72 50 61 1434 41 1404 1044 1005 62 943 360 211 158
is_linear=0
shrinkage=0.05


Tree=170
num_leaves=31
num_cat=0
split_feature=5 5 5 3 3 4 6 6 3 0 3 3 5 6 6 7 5 4 6 6 1 7 6 6 3 4 6 4 5 3
split_gain=730.335 3674.1 2189.32 19761.5 9341.1 847.068 1142.04 840.114 1131.2 619.927 615.063 582.086 570.437 623.342 494.82 472.047 465.626 426.196 408.242 982.125 591.17 487.247 496.086 798.904 784.584 470.862 432.121 639.447 512.792 748.104
threshold=705.75000000000011 710.35000000000014 572.75000000000011 14.660000000000002 21.600000000000005 182.90000000000001 10.550000000000002 130.25000000000003 6.0250000000000012 6.5000000000000009 5.9650000000000007 8.2750000000000004 489.00000000000006 1.6500000000000001 721.95000000000016 158.02083333333334 681.1500000000002 16.850000000000005 697.85000000000002 693.85000000000014 4.5000000000000009 85.020833333333357 0.65000000000000002 21.350000000000005 6.2150000000000007 25.450000000000003 711.75000000000011 22.650000000000002 27.950000000000003 4.0250000000000012
decision_type=2 2 2 2 2 2 2 2 2 2 2 2 2 2 2 2 2 2 2 2 2 2 2 2 2 2 2 2 2 2
left_child=2 -2 4 5 12 6 15 9 17 -8 -7 -3 14 -14 18 -4 -11 -9 19 21 26 22 -1 -24 -25 -22 28 -28 29 -20
right_child=1 11 3 -5 -6 10 7 8 -10 16 -12 -13 13 -15 -16 -17 -18 -19 20 -21 25 -23 23 24 -26 -27 27 -29 -30 -31
leaf_value=-0.21891357159668892 0.55003447118732662 0.025768030666830866 0.30408698703821113 -1.6516770029067993 1.0334207014604049 -0.059446084146159442 -0.39236561116718116 -0.22921241684393451 0.3475986480712891 -0.24316273576021194 -0.33982846140861511 -0.2615038888706338 -0.11581204618726458 0.1942784198572938 0.17958960851302019 0.012574577899206253 0.037724538271625835 0.075462408363819122 -0.11962169937112116 0.3180400741597017 -0.086174235343933106 0.0013936346490536261 0.13680260045097231 -0.042884004559545295 -0.38457615148453489 0.25692280530929568 -0.23101458363234997 0.14199873289024387 -0.061346848704146618 -0.53684086217766713
leaf_weight=48 36 110 41 20 22 53 21 22 25 25 31 21 21 71 37 21 36 24 22 24 20 3608 47 84 21 20 20 27 33 21
leaf_count=48 36 110 41 20 22 53 21 22 25 25 31 21 21 71 37 21 36 24 22 24 20 3608 47 84 21 20 20 27 33 21
internal_value=-2.04981e-10 0.10266 -0.00383967 -0.130061 0.00587201 -0.0282808 0.0243226 -0.0490345 0.0768787 -0.158057 -0.162921 -0.0202832 0.000390423 0.123497 -0.00241855 0.205349 -0.0773932 -0.0702516 -0.00410424 -0.000807748 -0.0816021 -0.00281729 -0.0787824 -0.0345305 -0.111222 0.0853743 -0.135903 -0.0167303 -0.209602 -0.32338
internal_weight=4632 167 4465 319 4146 299 215 153 71 82 84 131 4124 92 4032 62 61 46 3995 3832 163 3808 200 152 105 40 123 47 76 43
internal_count=4632 167 4465 319 4146 299 215 153 71 82 84 131 4124 92 4032 62 61 46 3995 3832 163 3808 200 152 105 40 123 47 76 43
is_linear=0
shrinkage=0.05


Tree=171
num_leaves=31
num_cat=0
split_feature=0 3 3 6 5 4 6 3 1 6 7 3 3 3 3 5 7 7 4 0 0 0 4 4 4 5 0 4 7 0
split_gain=732.895 6908.2 5442.54 655.755 488.341 576.544 537.764 747.006 363.389 324.161 261.508 1368.7 1076.39 501.118 541.094 894.242 568.139 477.424 439.546 337.032 456.521 919.076 646.987 510.53 651.913 687.624 325.659 304.887 266.317 833.064
threshold=22.500000000000004 21.600000000000005 11.305000000000001 728.05000000000007 21.150000000000002 18.650000000000002 233.10000000000002 6.8850000000000007 3.5000000000000004 30.250000000000004 215.00000000000003 15.985000000000001 18.320000000000004 16.975000000000005 13.920000000000002 396.85000000000008 175.78541666666669 223.79166666666671 5.2500000000000009 18.500000000000004 5.5000000000000009 2.5000000000000004 79.950000000000017 696.1500000000002 335.65000000000003 87.950000000000003 7.5000000000000009 180.20000000000002 183.64166666666668 2.5000000000000004
decision_type=2 2 2 2 2 2 2 2 2 2 2 2 2 2 2 2 2 2 2 2 2 2 2 2 2 2 2 2 2 2
left_child=1 3 4 10 5 -2 7 8 -6 -7 12 17 13 14 28 16 18 26 -16 20 21 22 -19 24 25 -22 -12 -23 -1 -30
right_child=2 -3 -4 -5 6 9 -8 -9 -10 -11 11 -13 -14 -15 15 -17 -18 19 -20 -21 23 27 -24 -25 -26 -27 -28 -29 29 -31
leaf_value=-0.006370281048508392 0.32515471088034764 -0.85014562606811528 0.85526563539391476 0.28610560953617098 -0.35086864459103556 0.14170486648445543 0.13772391605377196 0.10543846730142832 -0.09596920145882501 -0.12375662608639054 0.024047442972660066 -0.44342488259077073 0.31747786998748784 -0.19635519655421377 0.16671762093901635 0.41167745962738994 0.22461545159739835 -0.096981109891619011 -0.10984997549185567 -0.10563845345034049 0.018471734132617712 -0.093410143256187447 0.29101840447295796 0.32238068401813513 -0.14491919004358353 0.2967177779358976 -0.22016779988311061 -0.36949315413832667 -0.15164774283101518 0.051795824143455474
leaf_weight=3294 21 24 21 20 29 23 25 24 27 23 20 20 27 32 20 20 31 21 51 52 64 20 22 20 32 34 43 20 56 496
leaf_count=3294 21 24 21 20 29 23 25 24 27 23 20 20 27 32 20 20 31 21 51 52 64 20 22 20 32 34 43 20 56 496
internal_value=6.97081e-11 -0.00414708 0.0953829 0.000451777 0.00260651 0.108075 -0.0646927 -0.127948 -0.227971 0.00897412 -0.000848126 -0.0411941 0.00283882 0.000715004 0.00230428 0.105972 0.0460302 -0.0180774 -0.0319436 0.0094573 0.0351439 -0.0589429 0.10153 0.0872053 0.0510245 0.115006 -0.142639 -0.231452 -0.000984205 0.0311566
internal_weight=4632 4439 193 4415 172 67 105 80 56 46 4395 368 4027 4000 3968 122 102 348 71 285 233 83 43 150 130 98 63 40 3846 552
internal_count=4632 4439 193 4415 172 67 105 80 56 46 4395 368 4027 4000 3968 122 102 348 71 285 233 83 43 150 130 98 63 40 3846 552
is_linear=0
shrinkage=0.05


Tree=172
num_leaves=31
num_cat=0
split_feature=6 3 3 7 4 0 3 1 7 7 1 3 6 3 0 7 4 7 3 5 3 4 4 6 4 4 5 4 5 4
split_gain=779.938 5651.7 311.079 6520.49 2159.61 197.354 669.729 426.729 752.39 590.969 1422.66 619.203 1169.48 1551.97 427.936 302.536 475.995 468.196 335.657 923.104 281.746 259.951 664.235 366.52 289.472 633.217 582.396 438.594 270.097 1253.91
threshold=728.05000000000007 21.600000000000005 16.975000000000005 149.80833333333337 9.1500000000000004 21.500000000000004 10.605000000000002 5.5000000000000009 96.022916666666674 166.97708333333335 2.5000000000000004 4.8750000000000009 66.300000000000026 6.9650000000000007 22.500000000000004 66.387500000000003 32.750000000000007 76.843750000000014 14.935 253.00000000000003 5.6450000000000005 720.6500000000002 717.1500000000002 76.800000000000026 708.95000000000016 704.1500000000002 65.850000000000009 699.05000000000007 653.90000000000009 303.55000000000007
decision_type=2 2 2 2 2 2 2 2 2 2 2 2 2 2 2 2 2 2 2 2 2 2 2 2 2 2 2 2 2 2
left_child=1 2 5 -4 -5 15 7 8 -7 11 -11 -10 13 -13 -9 16 -1 20 21 -20 -17 22 24 -23 25 27 -26 28 -19 -30
right_child=-2 -3 3 4 -6 6 -8 14 9 10 -12 12 -14 -15 -16 17 -18 18 19 -21 -22 23 -24 -25 26 -27 -28 -29 29 -31
leaf_value=0.23363024257123471 -0.29699887132102792 0.75115370178222662 0.65149602152052388 -0.79775907777249822 -0.15287807833504033 0.27281104146689178 -0.23177657303137655 -0.28824629737780644 -0.15182149830673422 -0.13846157854650079 0.25065757839517161 0.51302513054439003 -0.21097013729589956 -0.10240470577031374 0.0014799003377556803 -0.053588542627527359 -0.073776736855506897 0.0037814961346974451 0.013845806444684665 0.39782532900571826 -0.261341176211834 0.26064803496651029 -0.2629915247360865 -0.010969665039468696 -0.00031708024907857181 -0.20955566863218944 0.33013612478971482 0.17731683645929611 -0.0036409301086877512 -0.27697337357213303
leaf_weight=34 22 25 21 20 37 25 39 26 98 41 55 21 27 20 25 47 20 3366 72 20 25 23 24 27 40 36 20 35 292 49
leaf_count=34 22 25 21 20 37 25 39 26 98 41 55 21 27 20 25 47 20 3366 72 20 25 23 24 27 40 36 20 35 292 49
internal_value=2.13453e-11 0.00141735 -0.00267064 -0.10167 -0.379152 -0.000957314 -0.0355874 -0.0129502 0.0107326 -0.0142749 0.0844713 -0.0713811 0.0445476 0.212815 -0.146224 0.00220383 0.119776 0.000646206 0.00291861 0.0973196 -0.125725 0.000698548 -0.000767997 0.113974 0.000871754 -0.00085872 0.109834 0.00114905 -0.000514252 -0.0429174
internal_weight=4632 4610 4585 78 57 4507 377 338 287 262 96 166 68 41 51 4130 54 4076 4004 92 72 3912 3862 50 3838 3778 60 3742 3707 341
internal_count=4632 4610 4585 78 57 4507 377 338 287 262 96 166 68 41 51 4130 54 4076 4004 92 72 3912 3862 50 3838 3778 60 3742 3707 341
is_linear=0
shrinkage=0.05


Tree=173
num_leaves=31
num_cat=0
split_feature=5 5 3 6 3 7 7 7 3 3 5 5 5 3 3 6 7 7 3 6 3 5 6 7 4 6 1 4 7 5
split_gain=718.335 4159.17 2148.24 544.845 375.163 998.894 507.498 320.771 4731.19 3047.5 866.456 632.258 565.474 746.597 551.693 523.31 545.549 590.156 832.205 734.664 1032.16 1080.12 610.901 528.902 728.765 636.458 655.087 517.778 506.76 564.676
threshold=709.25000000000011 712.55000000000007 21.600000000000005 728.05000000000007 4.5550000000000006 153.86875000000003 141.29375000000002 162.10208333333335 18.320000000000004 17.300000000000001 692.45000000000016 683.25000000000011 698.55000000000007 4.5250000000000012 4.2950000000000008 2.8500000000000001 257.30208333333337 240.58333333333337 15.790000000000001 9.2500000000000018 4.5550000000000006 19.950000000000003 11.300000000000002 168.7479166666667 702.35000000000014 448.05000000000007 3.5000000000000004 61.350000000000001 150.82083333333335 664.30000000000007
decision_type=2 2 2 2 2 2 2 2 2 2 2 2 2 2 2 2 2 2 2 2 2 2 2 2 2 2 2 2 2 2
left_child=2 -2 3 7 6 -6 -3 9 10 12 11 15 28 -14 -12 -9 17 18 19 20 -17 -22 -21 25 -25 26 -24 -28 29 -1
right_child=1 4 -4 -5 5 -7 -8 8 -10 -11 14 -13 13 -15 -16 16 -18 -19 -20 22 21 -23 23 24 -26 -27 27 -29 -30 -31
leaf_value=-0.0044078973083631371 0.71076529622077944 0.038169498592615127 -0.46571284484863285 0.25945953503251079 -0.11997524970211089 0.28162125681837397 -0.26063165714343389 0.048121291065813393 -0.66370407087462291 0.58162703358608747 -0.037401509352705697 0.24725235104560853 -0.060540744532709537 0.3083069548887365 -0.3807113982439041 0.066726410355685023 0.13139116221240588 -0.1882565333355557 0.21268134020470286 0.20514107366402945 -0.54482990741729742 -0.080045742034912104 -0.25053993652801254 0.0059891586544963248 -0.16032764681407974 0.12320835208892822 -0.1704387158403794 0.12852339968085288 0.048412095792058213 -0.13297367755616649
leaf_weight=2115 24 30 25 20 32 30 27 348 28 23 22 25 23 34 25 28 56 55 37 30 25 25 74 773 72 25 30 28 454 89
leaf_count=2115 24 30 25 20 32 30 27 348 28 23 22 25 23 34 25 28 56 55 37 30 25 25 74 773 72 25 30 28 454 89
internal_value=-6.22048e-10 0.11032 -0.00351433 -0.000925853 -0.0107776 0.0743456 -0.103368 -0.0020977 -0.0191157 0.0085059 -0.00835974 -0.00226059 0.00365073 0.159474 -0.220013 -0.00614466 -0.0211562 -0.0282633 -0.0205914 -0.0283672 -0.176328 -0.312438 -0.0171841 -0.0238405 -0.00818221 -0.108116 -0.151928 -0.0261122 0.000309154 -0.00959953
internal_weight=4632 143 4489 4464 119 62 57 4444 1706 2738 1678 1631 2715 57 47 1606 1258 1202 1147 1110 78 50 1032 1002 845 157 132 58 2658 2204
internal_count=4632 143 4489 4464 119 62 57 4444 1706 2738 1678 1631 2715 57 47 1606 1258 1202 1147 1110 78 50 1032 1002 845 157 132 58 2658 2204
is_linear=0
shrinkage=0.05


Tree=174
num_leaves=31
num_cat=0
split_feature=6 3 7 3 3 7 7 3 3 3 3 1 5 5 5 3 3 6 7 6 5 5 3 3 1 0 6 6 1 3
split_gain=761.795 5404.07 286.821 6382.94 3291.8 1345.02 617.391 929.69 762.074 836.347 1311.56 771.876 945.412 709.85 1088.64 672.413 694.881 842.298 732.073 665.084 657.438 633.889 1016.07 844.613 661.385 626.271 606.232 927.14 788.451 595.286
threshold=728.05000000000007 21.600000000000005 140.98958333333334 19.095000000000002 16.150000000000002 140.31458333333336 150.82083333333335 12.500000000000002 6.8850000000000007 2.1650000000000005 1.7650000000000003 2.5000000000000004 116.85000000000001 692.45000000000016 683.25000000000011 15.985000000000001 14.345000000000001 25.150000000000002 151.49583333333337 3.5500000000000003 21.550000000000004 712.55000000000007 4.8450000000000006 2.7650000000000001 2.5000000000000004 2.5000000000000004 572.75000000000011 100.80000000000003 2.5000000000000004 8.6750000000000025
decision_type=2 2 2 2 2 2 2 2 2 2 2 2 2 2 2 2 2 2 2 2 2 2 2 2 2 2 2 2 2 2
left_child=1 2 4 6 5 -1 7 8 9 10 -4 29 -13 14 15 16 18 -18 -8 -20 -17 23 -23 -15 -25 -11 27 -27 -29 -10
right_child=-2 -3 3 -5 -6 -7 13 -9 11 25 -12 12 -14 21 -16 20 17 -19 19 -21 -22 22 -24 24 -26 26 -28 28 -30 -31
leaf_value=-0.00025805378378178313 -0.29352411438118325 0.73452865600585948 -0.085346577155823805 -0.86128911972045907 0.65034330293536191 0.31710454753654849 0.26048308866364617 -0.35013654607419786 0.40043203166375563 0.098672648933198714 0.35100622174974822 -0.19249173078784032 0.2322135928273201 0.059193362011795952 0.30561030503482589 -0.015078696608543397 -0.41363314796577805 0.0031476824371903032 0.056716728957189128 -0.013111579776813882 0.30796186601122222 -0.24712052201586113 0.20332665173036438 -0.52429978170178149 -0.16074326711482015 -0.20093806018663007 -0.3993785137715547 0.2849044970103673 -0.1026276707649231 0.040355486016381871
leaf_weight=1847 22 25 51 22 20 34 28 26 24 27 26 38 20 21 31 28 22 27 443 1481 36 21 31 22 29 129 23 21 35 22
leaf_count=1847 22 25 51 22 20 34 28 26 24 27 26 38 20 21 31 28 22 27 443 1481 36 21 31 22 29 129 23 21 35 22
internal_value=-1.90523e-10 0.00140077 -0.00259666 -0.0131213 0.0122629 0.00547843 -0.00611162 -0.0600765 -0.0419478 -0.0810194 0.0619933 0.0752671 -0.0460416 0.00463275 0.0115096 0.00709456 0.00199193 -0.183978 0.00666024 0.00296635 0.166632 -0.111609 0.0214153 -0.207682 -0.317572 -0.127879 -0.157287 -0.127189 0.0426969 0.228222
internal_weight=4632 4610 4585 2684 1901 1881 2662 442 416 312 77 104 58 2220 2096 2065 2001 49 1952 1924 64 124 52 72 51 235 208 185 56 46
internal_count=4632 4610 4585 2684 1901 1881 2662 442 416 312 77 104 58 2220 2096 2065 2001 49 1952 1924 64 124 52 72 51 235 208 185 56 46
is_linear=0
shrinkage=0.05


Tree=175
num_leaves=31
num_cat=0
split_feature=7 3 3 3 6 3 6 6 5 0 5 6 4 5 7 6 7 5 4 5 4 4 4 7 4 4 0 0 3 0
split_gain=748.594 12199.3 8781.03 908.042 639.585 466.219 337.341 402.44 495.875 727.008 718.951 316.588 304.226 481.643 489.543 300.441 266.957 262.907 198.2 353.847 236.685 242.731 438.634 259.659 975.172 1264.58 1251.07 723.435 756.255 685.714
threshold=223.79166666666671 21.600000000000005 16.975000000000005 18.320000000000004 728.05000000000007 17.300000000000001 29.050000000000004 41.050000000000004 36.050000000000004 15.500000000000002 11.450000000000001 118.95000000000002 476.50000000000006 187.75000000000003 240.58333333333337 306.80000000000001 215.00000000000003 47.100000000000009 720.6500000000002 28.350000000000005 714.05000000000007 708.95000000000016 704.1500000000002 184.37916666666669 37.800000000000004 60.300000000000004 16.500000000000004 4.5000000000000009 5.3050000000000006 14.500000000000002
decision_type=2 2 2 2 2 2 2 2 2 2 2 2 2 2 2 2 2 2 2 2 2 2 2 2 2 2 2 2 2 2
left_child=1 3 6 4 5 16 12 -8 10 11 -9 -10 13 14 -2 -13 18 -18 20 -20 21 22 23 -1 26 -26 29 28 -27 -25
right_child=2 -3 -4 -5 -6 -7 7 8 9 -11 -12 15 -14 -15 -16 -17 17 -19 19 -21 -22 -23 -24 24 25 27 -28 -29 -30 -31
leaf_value=-0.0047715507451432529 -0.086135807633399966 -1.2076770600818454 1.0881405855715276 0.27922125260891589 0.27374110789526079 -0.22738001631653826 0.26196133047342302 0.046360186114907269 0.1494417427615686 0.29054160285741093 -0.29979756474494934 -0.22373083710670472 -0.21252436506748201 -0.2127852275967598 0.16775030501377888 0.050331832841038704 -0.008752029306358761 -0.20739658962815041 -0.021096481800079347 0.26106575019657613 -0.12708759670322006 0.13105246024472372 -0.18002229153233418 -0.0068619554150192181 0.34160142960873519 -0.35068127825146633 -0.22467598813349632 0.088590392996178297 0.078925889134407054 0.29598568223771599
leaf_weight=3445 37 21 20 29 21 23 20 40 22 32 24 20 25 24 39 20 36 31 25 20 37 35 34 170 44 21 67 209 20 21
leaf_count=3445 37 21 20 29 21 23 20 40 22 32 24 20 25 24 39 20 36 31 25 20 37 35 34 170 44 21 67 209 20 21
internal_value=-1.63258e-10 -0.00550329 0.0734169 0.000384226 -0.00151441 -0.00287834 0.00643843 0.0506492 0.0239009 0.0969901 -0.083449 -0.00290745 -0.0565177 -0.0175161 0.0441479 -0.0866995 -0.0016533 -0.100662 -5.40768e-05 0.104309 -0.00119869 -5.31167e-05 -0.00119147 0.000329735 0.0321666 0.094422 -0.0387757 0.0509184 -0.141117 0.0264354
internal_weight=4632 4309 323 4288 4259 4238 303 178 158 94 64 62 125 100 76 40 4215 67 4148 45 4103 4066 4031 3997 552 294 258 250 41 191
internal_count=4632 4309 323 4288 4259 4238 303 178 158 94 64 62 125 100 76 40 4215 67 4148 45 4103 4066 4031 3997 552 294 258 250 41 191
is_linear=0
shrinkage=0.05


Tree=176
num_leaves=31
num_cat=0
split_feature=6 3 3 7 4 0 3 1 7 7 1 3 6 3 0 7 4 7 3 5 3 6 6 0 7 3 0 4 5 5
split_gain=739.352 5414.69 328.24 5427.43 2019.01 180.724 595.155 383.99 687.039 515.513 1288.57 559.121 1041.72 1407.05 383.286 270.185 430.93 420.045 307.799 1360.11 606.703 660.519 975.597 833.522 788.536 737.703 1161.49 362.996 346.882 951.634
threshold=728.05000000000007 21.600000000000005 16.975000000000005 149.80833333333337 9.1500000000000004 21.500000000000004 10.605000000000002 5.5000000000000009 96.022916666666674 166.97708333333335 2.5000000000000004 4.8750000000000009 66.300000000000026 6.9650000000000007 22.500000000000004 66.387500000000003 32.750000000000007 76.843750000000014 12.070000000000002 445.05000000000007 12.500000000000002 62.600000000000009 10.850000000000003 12.500000000000002 186.37500000000003 15.140000000000002 17.500000000000004 30.100000000000005 653.90000000000009 681.1500000000002
decision_type=2 2 2 2 2 2 2 2 2 2 2 2 2 2 2 2 2 2 2 2 2 2 2 2 2 2 2 2 2 2
left_child=1 2 5 -4 -5 15 7 8 -7 11 -11 -10 13 -13 -9 16 -1 -17 28 20 -20 22 24 -24 -22 26 -23 -21 -19 -30
right_child=-2 -3 3 4 -6 6 -8 14 9 10 -12 12 -14 -15 -16 17 -18 18 19 27 21 25 23 -25 -26 -27 -28 -29 29 -31
leaf_value=0.22160267488866606 -0.28916813108054074 0.73522798156738289 0.5828291137303625 -0.76222406506538398 -0.13868864573336936 0.26024288797378542 -0.21894438285858203 -0.2734934992515124 -0.14386615171572384 -0.13403191951716817 0.23629566826603632 0.48739415634246108 -0.19842490730462251 -0.098598375543951997 0.00070178230851888662 -0.11900497020946608 -0.070890676230192184 0.003772525505257899 0.20109474693025861 0.46766208767890927 -0.23518954488552279 -0.32708801460953862 0.34393574369920271 -0.025476559767356289 0.15637962818145754 0.11739715123176575 0.099630883724793146 0.17640519433695337 -0.22993717576066652 -0.010440880284514479
leaf_weight=34 22 25 21 20 37 25 39 26 98 41 55 21 27 20 25 72 20 3368 35 20 36 52 37 26 20 25 23 23 60 279
leaf_count=34 22 25 21 20 37 25 39 26 98 41 55 21 27 20 25 72 20 3368 35 20 36 52 37 26 20 25 23 23 60 279
internal_value=6.69961e-10 0.00137998 -0.00262137 -0.104315 -0.357473 -0.000861426 -0.0340004 -0.0126607 0.00980481 -0.014092 0.0781349 -0.067428 0.0427329 0.201544 -0.139084 0.00216361 0.113272 0.000691612 0.002844 0.0518207 0.00779598 -0.0230965 0.0565042 0.19148 -0.0953434 -0.117821 -0.196228 0.311874 -0.00107995 -0.0492898
internal_weight=4632 4610 4585 78 57 4507 377 338 287 262 96 166 68 41 51 4130 54 4076 4004 297 254 219 119 63 56 100 75 43 3707 339
internal_count=4632 4610 4585 78 57 4507 377 338 287 262 96 166 68 41 51 4130 54 4076 4004 297 254 219 119 63 56 100 75 43 3707 339
is_linear=0
shrinkage=0.05


Tree=177
num_leaves=31
num_cat=0
split_feature=4 3 3 7 7 6 7 0 0 4 5 5 6 1 5 6 7 0 5 5 5 5 6 6 7 5 6 5 3 5
split_gain=688.191 9539.86 8425.84 818.359 1025.85 577.871 527.072 526.409 1223.68 503.897 439.802 910.276 557.066 533.792 982.706 855.301 445.341 1366.66 716.47 1620.19 895.839 756.085 632.271 688.173 796.811 631.731 706.875 585.368 965.61 527.657
threshold=3.2500000000000004 17.845000000000002 19.095000000000002 71.702083333333348 103.95625000000001 14.65 99.279166666666683 13.500000000000002 4.5000000000000009 3.8500000000000001 681.1500000000002 715.75000000000011 43.550000000000004 1.0000000180025095e-35 17.250000000000004 76.800000000000026 150.5229166666667 13.500000000000002 329.80000000000001 131.80000000000004 38.45000000000001 14.450000000000001 687.25000000000011 138.80000000000004 132.55208333333337 19.050000000000004 20.800000000000001 98.600000000000009 3.3350000000000004 29.550000000000004
decision_type=2 2 2 2 2 2 2 2 2 2 2 2 2 2 2 2 2 2 2 2 2 2 2 2 2 2 2 2 2 2
left_child=1 3 9 -1 5 -5 7 8 -7 -2 13 12 -12 14 15 -6 22 18 19 20 21 -18 23 25 -25 26 -15 28 -27 -19
right_child=2 -3 -4 4 10 6 -8 -9 -10 -11 11 -13 -14 16 -16 -17 17 29 -20 -21 -22 -23 -24 24 -26 27 -28 -29 -30 -31
leaf_value=0.32843065809458499 -0.20015950351953507 0.98101507597244708 -0.75121593381229212 -0.25826101039225857 0.10001809516300758 -0.13680023054281873 -0.27170846994434084 -0.14149069786071777 0.36810933599869411 -0.00083648920369399152 0.4482260165007218 -0.11149083443957826 0.10387405809015036 -0.035542655487855276 -0.0028869480339448845 0.54274417722597723 0.17097821699721472 0.010924446053974246 0.3460013069212437 -0.2538254128396511 0.33557969525456433 -0.099402525693905064 -0.30794357657432558 0.25993200303055347 -0.069294054214568704 -0.13253674294661594 -0.32075609610016859 -0.095597333842773496 0.24897142177404363 -0.17004832952803312
leaf_weight=20 32 26 38 48 24 24 21 34 24 3473 23 23 24 45 67 20 70 87 30 30 45 41 21 40 34 27 42 81 43 75
leaf_count=20 32 26 38 48 24 24 21 34 24 3473 23 23 24 45 67 20 70 87 30 30 45 41 21 40 34 27 42 81 43 75
internal_value=-1.35467e-10 0.0347626 -0.0106849 0.0116181 0.00554308 -0.114978 -0.0482053 0.00903335 0.115655 -0.00265627 0.0259452 0.146256 0.272387 0.0156998 0.117675 0.301257 -0.000220361 0.036921 0.119256 0.0826844 0.147398 0.0711079 -0.0423808 -0.0245064 0.108666 -0.0659129 -0.173232 -0.00408017 0.101818 -0.0728592
internal_weight=4632 1089 3543 1063 1043 151 103 82 48 3505 892 70 47 822 111 44 711 378 216 186 156 111 333 312 74 238 87 151 70 162
internal_count=4632 1089 3543 1063 1043 151 103 82 48 3505 892 70 47 822 111 44 711 378 216 186 156 111 333 312 74 238 87 151 70 162
is_linear=0
shrinkage=0.05


Tree=178
num_leaves=31
num_cat=0
split_feature=0 3 3 6 5 6 3 4 5 6 7 3 3 4 4 6 0 7 3 1 6 7 1 7 7 7 6 1 4 4
split_gain=694.849 6729.34 5218.94 677.15 443.977 494.693 698.81 492.881 344.323 263.35 245.33 3207.68 2356.24 672.523 783.098 700.462 819.827 1161.83 868.257 1124.44 1163.2 559.12 730.448 1517.33 679.055 525.924 928.661 772.389 699.712 713.797
threshold=22.500000000000004 21.600000000000005 11.305000000000001 728.05000000000007 21.150000000000002 233.10000000000002 6.8850000000000007 18.650000000000002 158.00000000000003 30.250000000000004 161.33750000000001 18.320000000000004 17.300000000000001 3.8500000000000001 8.3500000000000032 700.60000000000014 13.500000000000002 166.48750000000004 4.5250000000000012 4.5000000000000009 36.050000000000004 207.32916666666668 3.5000000000000004 184.78541666666672 185.69791666666671 183.64166666666668 4.9500000000000011 1.0000000180025095e-35 689.80000000000007 497.05000000000001
decision_type=2 2 2 2 2 2 2 2 2 2 2 2 2 2 2 2 2 2 2 2 2 2 2 2 2 2 2 2 2 2
left_child=1 3 4 10 7 6 8 -2 -6 -9 12 13 -1 15 -15 16 17 -12 -18 20 -20 22 23 -19 -24 27 -27 -16 29 -29
right_child=2 -3 -4 -5 5 -7 -8 9 -10 -11 11 -13 -14 14 25 -17 18 21 19 -21 -22 -23 24 -25 -26 26 -28 28 -30 -31
leaf_value=0.0043647045030495565 0.30329948968830567 -0.83901279767354342 0.83698435113543557 0.29077721357345582 -0.33918797846498161 0.1319953950047493 0.10291674043983222 0.13059325503266378 -0.091065550043627069 -0.10867656637793002 0.48609401612054737 -0.54636421288762782 0.52395157163793393 -0.19113774128032454 -0.20826662584153965 -0.22651915479274023 -0.18759664916524701 -0.14084689998999239 -0.28784584013952152 0.34702651942005525 0.16452321290969851 -0.04173788080612819 0.42060199999383524 0.3250026114541909 0.070867556851843136 0.11588827820064931 -0.017896082114234674 -0.024442520567458381 0.15611696852290113 -0.22080614325010553
leaf_weight=2658 21 24 21 20 29 25 24 23 27 23 21 28 22 66 69 21 51 44 27 26 30 54 35 29 23 169 558 365 46 53
leaf_count=2658 21 24 21 20 29 25 24 23 27 23 21 28 22 66 69 21 51 44 27 26 30 54 35 29 23 169 558 365 46 53
internal_value=3.95854e-10 -0.00403801 0.0928741 0.000500928 0.00202348 -0.062146 -0.122815 0.102588 -0.219558 0.0109583 -0.00082001 -0.0155873 0.00862997 -0.00677775 -0.0232498 0.0537263 0.0710355 0.133655 -0.0252305 0.0745367 -0.0497569 0.0936486 0.149457 0.0442166 0.281914 -0.0144557 0.0132037 -0.0521825 -0.0289717 -0.0493403
internal_weight=4632 4439 193 4415 172 105 80 67 56 46 4395 1715 2680 1687 1326 361 340 206 134 83 57 185 131 73 58 1260 727 533 464 418
internal_count=4632 4439 193 4415 172 105 80 67 56 46 4395 1715 2680 1687 1326 361 340 206 134 83 57 185 131 73 58 1260 727 533 464 418
is_linear=0
shrinkage=0.05


Tree=179
num_leaves=31
num_cat=0
split_feature=3 6 3 7 3 0 3 1 7 7 1 3 6 3 0 7 7 4 3 5 3 6 6 0 6 3 0 7 5 5
split_gain=746.602 585.85 297.267 4498.32 7943.06 178.802 646.148 349.354 640.059 468.795 1150.7 491.21 923.935 1268.46 348.134 231.756 383.931 377.619 265.365 1222.22 551.184 592.207 875.151 735.475 724.658 674.478 1062.78 359.395 333.34 864.611
threshold=21.600000000000005 728.05000000000007 16.975000000000005 148.39375000000004 19.095000000000002 21.500000000000004 10.605000000000002 5.5000000000000009 96.022916666666674 166.97708333333335 2.5000000000000004 4.8750000000000009 66.300000000000026 6.9650000000000007 22.500000000000004 66.387500000000003 76.843750000000014 32.750000000000007 12.070000000000002 445.05000000000007 12.500000000000002 62.600000000000009 10.850000000000003 12.500000000000002 1.6500000000000001 15.140000000000002 17.500000000000004 174.89166666666668 653.90000000000009 681.1500000000002
decision_type=2 2 2 2 2 2 2 2 2 2 2 2 2 2 2 2 2 2 2 2 2 2 2 2 2 2 2 2 2 2
left_child=1 2 5 -4 -5 15 7 8 -7 11 -11 -10 13 -13 -9 17 -17 -1 28 20 -20 22 24 -24 -22 26 -23 -21 -18 -30
right_child=-2 -3 3 4 -6 6 -8 14 9 10 -12 12 -14 -15 -16 16 18 -19 19 27 21 25 23 -25 -26 -27 -28 -29 29 -31
leaf_value=0.20628130468813813 0.26718095632699818 0.26198008812609175 0.54712535217404368 0.10203256826651724 -1.129004345536232 0.25138509285449984 -0.22670665504649665 -0.26045210544879621 -0.13591190968849221 -0.12595081089473353 0.22400468430735848 0.45995957028298151 -0.18812697949232882 -0.096426098309457309 0.00086739796400070197 -0.11382989533659485 0.0037766090129158405 -0.067522557675838465 0.19064776727131436 0.4294512923644937 0.058672501327413508 -0.31288010712999564 0.32337980818104106 -0.023625896068719718 -0.30693036473315694 0.1121803948879242 0.095304183337999435 0.13964260317385199 -0.22042929381364959 -0.011209644544135285
leaf_weight=34 26 21 20 38 20 25 39 26 98 41 55 21 27 20 25 72 3368 20 35 23 33 52 37 26 23 25 23 20 60 279
leaf_count=34 26 21 20 38 20 25 39 26 98 41 55 21 27 20 25 72 3368 20 35 23 33 52 37 26 23 25 23 20 60 279
internal_value=-8.86963e-11 -0.00150819 -0.002715 -0.0994916 -0.322463 -0.00104015 -0.0340024 -0.0117673 0.0096611 -0.0134042 0.0745445 -0.0642661 0.0389882 0.188552 -0.132354 0.00196875 0.000605455 0.104872 0.00266323 0.0481388 0.00640546 -0.0230397 0.0523326 0.180171 -0.0914858 -0.112733 -0.187704 0.294657 -0.000980208 -0.0482397
internal_weight=4632 4606 4585 78 58 4507 377 338 287 262 96 166 68 41 51 4130 4076 54 4004 297 254 219 119 63 56 100 75 43 3707 339
internal_count=4632 4606 4585 78 58 4507 377 338 287 262 96 166 68 41 51 4130 4076 54 4004 297 254 219 119 63 56 100 75 43 3707 339
is_linear=0
shrinkage=0.05


Tree=180
num_leaves=31
num_cat=0
split_feature=6 3 3 5 7 5 5 5 3 6 6 6 3 7 3 3 0 3 1 4 7 4 0 4 4 0 3 7 6 4
split_gain=796.342 5442 268.284 4124.52 8921.39 162.855 251.262 402.481 152.335 303.65 317.375 218.67 1064.77 931.464 846.7 800.866 713.774 791.057 767.597 1385.35 1205.62 1039.16 1719.6 1636.19 1695.68 1522.32 1853.18 1430.7 1023.57 994.517
threshold=728.05000000000007 21.600000000000005 16.975000000000005 140.20000000000002 169.18958333333339 725.45000000000016 719.1500000000002 715.75000000000011 0.85500000000000009 32.000000000000007 15.850000000000003 55.150000000000013 2.2050000000000005 152.86875000000001 1.5250000000000001 3.9850000000000008 20.500000000000004 5.4750000000000005 3.5000000000000004 571.25000000000011 111.08541666666667 328.00000000000006 8.5000000000000018 244.35000000000002 112.05000000000003 5.5000000000000009 6.7250000000000005 161.33750000000001 306.80000000000001 10.950000000000001
decision_type=2 2 2 2 2 2 2 2 2 2 2 2 2 2 2 2 2 2 2 2 2 2 2 2 2 2 2 2 2 2
left_child=1 2 5 4 -4 6 7 8 9 10 -1 -10 13 14 -13 -14 18 -18 20 -20 -17 23 28 24 25 26 27 -22 -23 -27
right_child=-2 -3 3 -5 -6 -7 -8 -9 11 -11 -12 12 15 -15 -16 16 17 -19 19 -21 21 22 -24 -25 -26 29 -28 -29 -30 -31
leaf_value=-0.032798318206690824 -0.30010598938573496 0.73712820434570325 0.95829036022935599 -0.60870790275243625 -0.37645218213719711 -0.1116550163789229 0.13728577219175572 -0.19733994425489354 -0.0082165672559189606 -0.11688346717460657 0.18618817244257246 0.036965901441261419 -0.057800674757114458 -0.0060241652874771616 0.27378256627255015 -0.15130117693830522 0.090885431184010074 -0.16513582824263723 0.052176354809764874 0.32112071660431951 0.76326763772446182 -0.61291748724877837 0.079941767409443865 0.44416905255229389 -0.2296146278679371 0.12651374131879387 0.044553809795452627 0.18503885105252268 -0.11869075196710499 -0.087088193648900747
leaf_weight=78 22 25 21 26 31 33 33 26 2367 81 21 61 445 109 99 109 44 96 370 55 23 20 50 27 50 102 49 20 22 117
leaf_count=78 22 25 21 26 31 33 33 26 2367 81 21 61 445 109 99 109 44 96 370 55 23 20 50 27 50 102 49 20 22 117
internal_value=1.1068e-10 0.00143218 -0.00257925 -0.094517 0.162578 -0.00098814 -0.000171867 -0.00119328 -3.81707e-05 -0.0450882 0.0136534 0.00187659 0.0146659 0.106702 0.183496 -0.000817255 0.0211564 -0.084672 0.0357678 0.0869809 -0.00118557 0.0329032 -0.118179 0.0687268 0.0406466 0.084097 0.254772 0.494324 -0.354037 0.0123976
internal_weight=4632 4610 4585 78 52 4507 4474 4441 4415 180 99 4235 1868 269 160 1599 1154 140 1014 425 589 480 92 388 361 311 92 43 42 219
internal_count=4632 4610 4585 78 52 4507 4474 4441 4415 180 99 4235 1868 269 160 1599 1154 140 1014 425 589 480 92 388 361 311 92 43 42 219
is_linear=0
shrinkage=0.05


Tree=181
num_leaves=31
num_cat=0
split_feature=7 3 3 3 6 6 6 5 5 0 4 3 7 7 3 3 4 0 4 3 0 5 1 3 7 3 1 3 7 0
split_gain=728.942 11696.7 8694.45 1085.92 594.227 316.398 358.65 429.152 652.045 641.035 302.659 295.605 4568.98 283.34 296.735 404.581 269.994 420.586 377.629 186.076 917.773 510.915 350.007 260.502 183.91 305.084 802.331 182.884 205.734 470.807
threshold=223.79166666666671 21.600000000000005 16.975000000000005 19.095000000000002 728.05000000000007 29.050000000000004 41.050000000000004 36.050000000000004 11.450000000000001 15.500000000000002 303.55000000000007 16.975000000000005 167.29375000000005 215.00000000000003 5.2250000000000005 8.4850000000000012 476.50000000000006 4.5000000000000009 23.650000000000002 13.920000000000002 19.500000000000004 303.9500000000001 2.5000000000000004 15.470000000000001 212.14166666666671 13.250000000000002 3.5000000000000004 12.945000000000002 205.99791666666673 9.5000000000000018
decision_type=2 2 2 2 2 2 2 2 2 2 2 2 2 2 2 2 2 2 2 2 2 2 2 2 2 2 2 2 2 2
left_child=1 3 5 4 11 16 -7 8 -8 10 -9 13 -13 19 -15 -16 17 -2 -19 24 21 22 -21 -24 25 27 -27 28 -1 -30
right_child=2 -3 -4 -5 -6 6 7 9 -10 -11 -12 12 -14 14 15 -17 -18 18 -20 20 -22 -23 23 -25 -26 26 -28 -29 29 -31
leaf_value=-7.4930095540039871e-05 -0.19603543567657472 -1.1825772421700615 1.0821554560819642 0.35900329237892514 0.26388638580129264 0.24810024417936802 0.047119452878832818 0.1011141427764387 -0.28253828336795173 0.2731062088161707 -0.12029054380696397 -0.65623431666975929 0.38676744642711824 0.056579117178916928 -0.33590382593018669 -0.038208400771021847 -0.20213894647359851 -0.072927976621163862 0.15148134988389517 0.1893797995362963 -0.23432243127714503 0.34818286061286929 -0.13118459129333496 0.094865041741958034 0.11587034960587819 -0.30071406603923867 0.11392799317836762 0.14603408073030769 -0.18760629499212225 0.031760395310965243
leaf_weight=3810 25 21 20 21 21 20 40 33 24 32 29 21 21 20 21 25 25 37 38 35 22 20 25 26 33 28 20 21 47 51
leaf_count=3810 25 21 20 21 21 20 40 33 24 32 29 21 21 20 21 25 25 37 38 35 22 20 25 26 33 28 20 21 47 51
internal_value=-1.01457e-09 -0.00543057 0.0724468 0.000334377 -0.00143081 0.00579934 0.0486158 0.0233646 -0.0765022 0.0913589 -0.00244611 -0.00274302 -0.134733 -0.00142437 -0.104206 -0.174113 -0.0551712 -0.0184293 0.0407727 0.000214968 0.0595604 0.120555 0.0676182 -0.0159436 -0.00167935 -0.00265474 -0.127947 -0.00112407 -0.00191484 -0.0734461
internal_weight=4632 4309 323 4288 4267 303 178 158 64 94 62 4246 42 4204 66 46 125 100 75 4138 128 106 86 51 4010 3977 48 3929 3908 98
internal_count=4632 4309 323 4288 4267 303 178 158 64 94 62 4246 42 4204 66 46 125 100 75 4138 128 106 86 51 4010 3977 48 3929 3908 98
is_linear=0
shrinkage=0.05


Tree=182
num_leaves=31
num_cat=0
split_feature=6 3 3 7 4 4 4 6 4 4 0 4 3 5 3 5 1 5 3 1 3 5 5 5 6 6 3 4 6 6
split_gain=769.514 5436.81 309.828 4018.28 2103.5 148.616 531.406 325.283 224.943 738.413 726.203 418.74 385.756 197.914 492.841 916.461 550.527 1344.91 1010.99 1327.84 1789.89 972.721 945.718 1786.91 971.604 940.903 938.862 1005.37 938.375 814.232
threshold=728.05000000000007 21.600000000000005 16.975000000000005 149.80833333333337 9.1500000000000004 720.6500000000002 717.1500000000002 62.600000000000009 708.95000000000016 704.1500000000002 13.500000000000002 699.05000000000007 4.0250000000000012 44.350000000000001 4.455000000000001 56.400000000000006 5.5000000000000009 688.95000000000016 4.9150000000000009 2.5000000000000004 6.7750000000000012 75.90000000000002 572.75000000000011 187.75000000000003 69.850000000000009 10.850000000000003 6.4850000000000012 129.85000000000002 29.750000000000004 13.15
decision_type=2 2 2 2 2 2 2 2 2 2 2 2 2 2 2 2 2 2 2 2 2 2 2 2 2 2 2 2 2 2
left_child=1 2 5 -4 -5 6 8 -7 9 11 -10 13 -11 -1 15 -15 18 21 22 20 26 -18 23 24 -16 -23 27 -20 -27 -21
right_child=-2 -3 3 4 -6 7 -8 -9 10 12 -12 -13 -14 14 16 -17 17 -19 19 29 -22 25 -24 -25 -26 28 -28 -29 -30 -31
leaf_value=0.0087287286250111503 -0.29500759663906967 0.73675325012207038 0.48984741902067547 -0.73236316859722139 -0.095915439322188101 0.21372789335250855 -0.2272766168300922 -0.032381763572579832 0.26678624701115394 -0.060510899201035501 -0.067821065194028265 0.16313060453304878 -0.37105702102184296 -0.21854029861070329 -0.19657552753176011 -0.026211394335001033 0.15339591380046763 0.24473401280464949 -0.057961399957191122 0.17536573814153672 0.013964891021852522 -0.42277996294638687 -0.12612150967121125 0.53525661031405136 0.29037171900272368 0.18764930143952371 -0.50276856463063846 -0.38624595625442454 -0.2113351097596543 0.025011737099906534
leaf_weight=2258 22 25 21 20 37 25 26 29 31 20 34 39 20 67 21 820 23 27 86 125 297 34 20 33 20 20 22 32 56 322
leaf_count=2258 22 25 21 20 37 25 26 29 31 20 34 39 20 67 21 820 23 27 86 125 297 34 20 33 20 20 22 32 56 322
internal_value=-1.032e-10 0.00140785 -0.00260167 -0.101402 -0.31923 -0.000891796 -0.00189164 0.0815579 -0.000567938 -0.00194377 0.0917609 3.53172e-05 -0.215784 -0.00144979 -0.0127995 -0.0407391 0.0089777 -0.0770023 0.023044 0.00646675 -0.05551 -0.142317 0.17894 0.261389 0.0409597 -0.204148 -0.202896 -0.146988 -0.106339 0.067057
internal_weight=4632 4610 4585 78 57 4507 4453 54 4427 4362 65 4322 40 4283 2025 887 1138 160 978 884 437 133 94 74 41 110 140 118 76 447
internal_count=4632 4610 4585 78 57 4507 4453 54 4427 4362 65 4322 40 4283 2025 887 1138 160 978 884 437 133 94 74 41 110 140 118 76 447
is_linear=0
shrinkage=0.05


Tree=183
num_leaves=31
num_cat=0
split_feature=6 3 3 7 3 5 5 5 5 3 6 0 5 5 4 4 6 5 7 0 3 5 1 5 4 4 3 5 3 5
split_gain=694.487 4906.72 279.62 3630 7330.79 154.406 225.162 370.042 143.575 660.539 560.821 983.599 638.858 1056.48 647.003 665.974 839.071 786.459 678.546 619.955 848.862 570.953 562.764 456.014 673.878 906.009 1117.93 328.342 1183.37 792.044
threshold=728.05000000000007 21.600000000000005 16.975000000000005 148.39375000000004 19.095000000000002 725.45000000000016 719.1500000000002 715.75000000000011 404.2000000000001 12.500000000000002 10.550000000000002 17.500000000000004 664.30000000000007 681.1500000000002 328.00000000000006 142.80000000000004 203.25000000000003 694.10000000000014 153.86875000000003 5.5000000000000009 3.4950000000000006 664.30000000000007 3.5000000000000004 489.00000000000006 306.95000000000005 23.650000000000002 4.5550000000000006 274.30000000000007 2.6750000000000003 322.90000000000003
decision_type=2 2 2 2 2 2 2 2 2 2 2 2 2 2 2 2 2 2 2 2 2 2 2 2 2 2 2 2 2 2
left_child=1 2 5 -4 -5 6 7 8 27 10 11 19 23 -14 15 16 17 -15 -19 21 -21 -10 -22 -12 25 26 -25 -1 29 -29
right_child=-2 -3 3 4 -6 -7 -8 -9 9 -11 12 -13 13 14 -16 -17 -18 18 -20 20 22 -23 -24 24 -26 -27 -28 28 -30 -31
leaf_value=0.00036723850306670568 -0.28025720566511153 0.69991561889648446 0.48453286245465277 0.11117700283464634 -1.0714627262949943 -0.10860506874142271 0.13007020625201138 -0.189095607944406 -0.19291384518146515 0.21168865799784747 -0.045685773919172147 -0.14872300519662746 -0.33535311073064805 0.098440372431650769 -0.23154770150113935 0.27417744909014025 0.1481090782982547 -0.093226042975272455 -0.47454318732023237 0.02296713954158898 0.18840396084512276 0.17620700706135145 0.52416147589683537 -0.080521243526822051 0.35602010949091478 -0.12911443360149863 0.40589261938024451 -0.044474740351239841 -0.12135575909808438 0.32197222463015857
leaf_weight=3575 22 25 20 38 20 33 33 26 20 43 85 34 35 24 33 21 41 28 20 29 24 22 26 21 22 40 27 30 186 29
leaf_count=3575 22 25 20 38 20 33 33 26 20 43 85 34 35 24 33 21 41 28 20 29 24 22 26 21 22 40 27 30 186 29
internal_value=3.48589e-10 0.00133745 -0.00247159 -0.0963317 -0.29663 -0.000847206 -5.23898e-05 -0.0010193 8.82847e-05 0.0229347 0.00823099 0.088888 -0.0232598 -0.0855785 -0.0332305 0.0156088 -0.0324438 -0.135259 -0.252108 0.155655 0.238176 0.000435173 0.362998 0.041296 0.108509 0.0466316 0.193087 -0.00347025 -0.0594662 0.135643
internal_weight=4632 4610 4585 78 58 4507 4474 4441 4415 595 552 155 397 202 167 134 113 72 48 121 79 42 50 195 110 88 48 3820 245 59
internal_count=4632 4610 4585 78 58 4507 4474 4441 4415 595 552 155 397 202 167 134 113 72 48 121 79 42 50 195 110 88 48 3820 245 59
is_linear=0
shrinkage=0.05


Tree=184
num_leaves=31
num_cat=0
split_feature=7 3 3 3 3 5 6 7 4 3 6 4 4 4 4 6 6 4 1 0 6 4 3 6 6 5 5 7 4 6
split_gain=715.509 25882.6 21052.8 2279.44 785.958 825.452 651.218 529.559 703.551 403.871 1167.43 440.008 803.896 803.018 1015.68 987.643 2197.02 895.531 757.584 717.904 813.331 704.019 699.513 1477.56 1461.02 693.457 932.679 581.472 894.055 1729.83
threshold=156.0604166666667 19.910000000000004 19.095000000000002 16.975000000000005 15.985000000000001 21.550000000000004 718.45000000000016 157.75416666666669 57.650000000000013 14.345000000000001 32.850000000000001 3.8500000000000001 1.9500000000000002 22.150000000000002 16.450000000000003 34.400000000000006 15.450000000000001 23.650000000000002 1.5000000000000002 13.500000000000002 69.850000000000009 8.3500000000000032 4.5250000000000012 10.550000000000002 5.2500000000000009 8.3500000000000032 79.15000000000002 183.64166666666668 651.65000000000009 144.25000000000003
decision_type=2 2 2 2 2 2 2 2 2 2 2 2 2 2 2 2 2 2 2 2 2 2 2 2 2 2 2 2 2 2
left_child=1 3 4 -1 6 -6 7 8 -2 11 -11 12 19 14 15 16 25 -15 -17 20 22 -20 24 -24 -9 -13 -27 28 -19 -30
right_child=2 -3 -4 -5 5 -7 -8 9 -10 10 -12 13 -14 17 -16 18 -18 27 21 -21 -22 -23 23 -25 -26 26 -28 -29 29 -31
leaf_value=0.00087938669700444213 0.27929689996951335 -1.8091081047058104 1.3838133931159975 -0.5102457837624983 -0.032141705513000489 0.34875126081434166 0.26225336336571242 0.62159985559327269 -0.038250714811411776 -0.39797152529160185 0.10628111958503723 0.1798136830329895 0.30397149710743521 0.32146877916086292 -0.27076918304539643 -0.37136595878483997 0.49960203235564027 -0.075935367837008855 -0.26219493945439659 -0.06156887224079758 -0.052261660620570187 0.065055532540593833 -0.16015682850572233 0.26775898440676027 0.069894053574119305 -0.40914452103051274 0.037234434962272647 0.025440864077400666 -0.030131329171773458 0.46002666518713042
leaf_weight=2565 37 20 28 22 25 33 23 21 33 24 22 20 27 21 65 28 23 442 27 151 72 42 38 43 28 22 25 609 72 24
leaf_count=2565 37 20 28 22 25 33 23 21 33 24 22 20 27 21 65 28 23 442 27 151 72 42 38 43 28 22 25 609 72 24
internal_value=-7.74896e-10 -0.0173195 0.0222973 -0.00346725 0.00320739 0.184573 -0.00221768 -0.00539244 0.129596 -0.0105112 -0.156807 -0.0067725 0.0410153 -0.0195608 -0.100509 -0.0413282 0.0779645 -0.00209582 -0.152012 0.0209025 0.0825518 -0.062999 0.157218 0.0670084 0.306339 -0.0667768 -0.171709 -0.00801984 -0.0458964 0.0924082
internal_weight=4632 2607 2025 2587 1997 58 1939 1916 70 1846 46 1800 380 1420 252 187 90 1168 97 353 202 69 130 81 49 67 47 1147 538 96
internal_count=4632 2607 2025 2587 1997 58 1939 1916 70 1846 46 1800 380 1420 252 187 90 1168 97 353 202 69 130 81 49 67 47 1147 538 96
is_linear=0
shrinkage=0.05


Tree=185
num_leaves=31
num_cat=0
split_feature=5 5 3 6 3 7 4 0 3 7 5 4 4 7 4 4 5 7 4 3 3 5 5 4 4 7 4 1 4 0
split_gain=686.109 3834.12 2210.8 554.888 286.602 3848.51 1920.16 284.747 300.203 707.924 538.083 153.662 483.404 335.517 185.268 695.633 684.062 429.534 361.677 347.936 166.872 637.928 676.918 616.224 801.497 819.921 594.043 1165.2 873.166 1426.35
threshold=709.25000000000011 712.55000000000007 21.600000000000005 728.05000000000007 16.975000000000005 149.80833333333337 9.1500000000000004 19.500000000000004 4.5550000000000006 153.86875000000003 719.1500000000002 720.6500000000002 717.1500000000002 187.30000000000004 708.95000000000016 704.1500000000002 65.850000000000009 176.64375000000004 699.05000000000007 4.0250000000000012 7.7650000000000006 381.40000000000003 307.35000000000008 28.850000000000005 76.800000000000026 176.64375000000004 201.10000000000005 4.5000000000000009 422.35000000000008 15.500000000000002
decision_type=2 2 2 2 2 2 2 2 2 2 2 2 2 2 2 2 2 2 2 2 2 2 2 2 2 2 2 2 2 2
left_child=2 -2 3 4 11 -6 -7 8 10 -10 -3 12 14 -13 15 18 17 -16 20 -17 -1 22 26 -23 -25 -26 -22 28 29 -28
right_child=1 7 -4 -5 5 6 -8 -9 9 -11 -12 13 -14 -15 16 19 -18 -19 -20 -21 21 23 -24 24 25 -27 27 -29 -30 -31
leaf_value=-0.0065609586799604261 0.68432165980339055 -0.23079788585503899 -0.47231443786621097 0.26196551633998755 0.47962301926953455 -0.70688830882310871 -0.095853389634026426 -0.18053159676492214 -0.075243366150944332 0.28682985548619871 0.11576776873497736 0.18225007188139541 -0.21628909775843988 -0.077283322066068652 0.12710020609877326 -0.061367537118494513 0.32665271971374754 -0.18904160885583787 0.15222607346681449 -0.35629799067974094 -0.011054394982755185 0.22366128978045549 -0.22862493424646316 -0.1736493942245943 0.360426067787668 -0.077308971807360655 -0.052505227397469913 0.37052595846114622 -0.086855140961196328 0.42482110590770328
leaf_weight=3105 24 24 25 20 21 20 36 20 27 27 21 33 26 20 22 20 20 21 39 20 700 68 31 32 23 20 34 31 73 29
leaf_count=3105 24 24 25 20 21 20 36 20 27 27 21 33 26 20 22 20 20 21 39 20 700 68 31 32 23 20 34 31 73 29
internal_value=-5.95602e-10 0.107817 -0.0034346 -0.0008087 -0.0019913 -0.0976156 -0.31408 -0.00845229 0.0263112 0.105793 -0.0690672 -0.000305231 -0.00134481 0.0843129 -4.15144e-05 -0.00131063 0.0850696 -0.0272946 0.000672858 -0.208833 -0.000752751 0.0165714 0.000952187 0.114656 0.0158245 0.156828 0.00916083 0.0938953 0.0308398 0.167216
internal_weight=4632 143 4489 4464 4444 77 56 119 99 54 45 4367 4314 53 4288 4225 63 43 4185 40 4146 1041 898 143 75 43 867 167 136 63
internal_count=4632 143 4489 4464 4444 77 56 119 99 54 45 4367 4314 53 4288 4225 63 43 4185 40 4146 1041 898 143 75 43 867 167 136 63
is_linear=0
shrinkage=0.05


Tree=186
num_leaves=31
num_cat=0
split_feature=6 3 3 6 7 0 3 1 7 1 7 3 7 6 0 7 1 4 3 6 7 6 6 1 4 0 0 6 3 3
split_gain=688.304 5181.52 284.074 3619.25 1189.16 147.644 558.074 305.363 579.149 431.522 1174.49 412.789 971.837 417.35 314.133 273.601 282.658 272.962 272.165 227.911 711.885 538.087 938.995 494.255 430.505 389.016 234.1 1026.41 726.826 841.236
threshold=728.05000000000007 21.600000000000005 16.975000000000005 108.50000000000001 194.14375000000004 21.500000000000004 10.605000000000002 5.5000000000000009 93.256250000000009 3.5000000000000004 154.23958333333334 4.8750000000000009 153.59375000000003 58.750000000000007 22.500000000000004 176.64375000000004 1.5000000000000002 56.400000000000006 7.0750000000000011 707.25000000000011 180.45625000000001 693.85000000000014 697.85000000000002 1.5000000000000002 52.70000000000001 9.5000000000000018 20.500000000000004 27.450000000000003 9.3950000000000014 4.705000000000001
decision_type=2 2 2 2 2 2 2 2 2 2 2 2 2 2 2 2 2 2 2 2 2 2 2 2 2 2 2 2 2 2
left_child=1 2 5 4 -4 19 7 8 -7 11 -11 15 13 -13 -9 16 -10 -12 -14 21 23 26 -23 -21 -25 -24 -1 -28 29 -29
right_child=-2 -3 3 -5 -6 6 -8 14 9 10 17 12 18 -15 -16 -17 -18 -19 -20 20 -22 22 25 24 -26 -27 27 28 -30 -31
leaf_value=-0.0016788168227296809 -0.27900696708397432 0.719205062866211 -0.50420479266082541 0.41369798357288046 -0.01832011938095093 0.26258709700334643 -0.20998840226720158 -0.24465515521856457 -0.083985818753188307 -0.11436016346560791 0.3784415369448455 0.36705685824155809 -0.27230742812156677 0.04404377490282059 0.0035752570629119873 0.032986353744160049 -0.27756673878792565 0.13209175359119069 -0.017457636648958382 -0.28289585908253989 0.17852919182429713 0.39163548884292448 -0.088992278623793816 -0.15036149964882778 0.11230026942033033 0.14354111262269922 0.2006261130310085 0.045421007098186583 0.22530572056770326 -0.27497069705626925
leaf_weight=3737 22 25 34 24 20 21 39 26 44 40 23 20 20 20 25 22 33 22 22 33 24 24 35 39 26 37 73 42 20 40
leaf_count=3737 22 25 34 24 20 21 39 26 44 40 23 20 20 20 25 22 33 22 22 33 24 24 35 39 26 37 73 42 20 40
internal_value=-2.8139e-10 0.00133149 -0.00258276 -0.0971874 -0.324248 -0.000945498 -0.0308984 -0.0102341 0.0097997 -0.0101572 0.0827737 -0.0537988 0.0291682 0.20555 -0.122974 -0.122519 -0.166949 0.258004 -0.138815 0.0017887 -0.0655341 0.00383794 0.120787 -0.125305 -0.0452968 0.030504 0.000968031 0.0574896 -0.0449513 -0.110868
internal_weight=4632 4610 4585 78 54 4507 377 338 287 266 85 181 82 40 51 99 77 45 42 4130 122 4008 96 98 65 72 3912 175 102 82
internal_count=4632 4610 4585 78 54 4507 377 338 287 266 85 181 82 40 51 99 77 45 42 4130 122 4008 96 98 65 72 3912 175 102 82
is_linear=0
shrinkage=0.05


Tree=187
num_leaves=31
num_cat=0
split_feature=0 3 7 7 4 7 4 6 6 6 3 7 6 0 4 3 6 3 4 0 6 3 5 0 6 6 1 7 5 1
split_gain=665.688 6952.44 5101.3 822.297 1711.85 902.494 844.216 666.189 259.087 258.495 739.447 807.701 540.83 534.226 951.898 970.456 1111.72 1025.44 926.338 588.477 712.359 597.191 839.521 527.871 503.102 1484.75 884.069 839.47 1334.61 690.046
threshold=22.500000000000004 21.600000000000005 111.08541666666667 186.37500000000003 6.0500000000000007 203.95833333333334 76.800000000000026 728.05000000000007 40.300000000000004 50.250000000000007 16.975000000000005 176.20416666666668 46.550000000000004 20.500000000000004 1.9500000000000002 4.1750000000000007 24.650000000000002 6.0550000000000006 106.55000000000001 19.500000000000004 22.750000000000004 13.445000000000002 191.10000000000002 8.5000000000000018 186.40000000000003 178.35000000000002 1.0000000180025095e-35 99.279166666666683 201.10000000000005 3.5000000000000004
decision_type=2 2 2 2 2 2 2 2 2 2 2 2 2 2 2 2 2 2 2 2 2 2 2 2 2 2 2 2 2 2
left_child=1 7 -2 4 -4 -5 8 9 -6 10 12 -12 13 19 -15 -16 17 -17 -19 21 -21 -1 23 -23 25 26 27 -11 -29 -28
right_child=2 -3 3 5 6 -7 -8 -9 -10 24 11 -13 -14 14 15 16 -18 18 -20 20 -22 22 -24 -25 -26 -27 29 28 -30 -31
leaf_value=-0.011267149375596053 0.63707248721803944 -0.85265517234802246 0.33187447973660067 -0.4617459857463837 -0.37682715848088266 -0.0069695040583610535 0.077349252120042455 0.28857859611511233 -0.12232433930039406 0.41444916009902955 -0.44953953564167026 -0.010510084845803002 -0.1600882693340904 -0.15365091102736955 -0.01745833774477663 0.53881222846046573 -0.078812291764694717 0.39278374151750045 -0.06605311889540065 -0.19412154133726911 0.13868938863277436 0.38509916886687279 -0.13337490131909199 0.080735280493210104 -0.0088238690800049851 0.4384177029132843 -0.040258107071035894 0.19259582684478826 -0.25237731154669418 0.05952950304617053
leaf_weight=1933 35 24 35 20 20 24 39 20 20 25 20 22 57 38 71 31 23 22 22 82 20 28 22 29 1140 23 348 72 22 345
leaf_count=1933 35 24 35 20 20 24 39 20 20 25 20 22 57 38 71 31 23 22 22 82 20 28 22 29 1140 23 348 72 22 345
internal_value=-1.52446e-10 -0.00395236 0.0909044 -0.0300822 0.0407824 -0.213686 -0.0881824 0.000661195 -0.249576 -0.000649009 -0.0116035 -0.219572 -0.00793039 -0.00419364 0.0724652 0.123308 0.225292 0.31855 0.163365 -0.0117 -0.128864 -0.00576021 0.128985 0.230247 0.0127737 0.0422602 0.031039 0.15694 0.0884532 0.00941971
internal_weight=4632 4439 193 158 114 44 79 4415 40 4395 2420 42 2378 2321 207 169 98 75 44 2114 102 2012 79 57 1975 835 812 119 94 693
internal_count=4632 4439 193 158 114 44 79 4415 40 4395 2420 42 2378 2321 207 169 98 75 44 2114 102 2012 79 57 1975 835 812 119 94 693
is_linear=0
shrinkage=0.05


Tree=188
num_leaves=31
num_cat=0
split_feature=7 3 3 3 3 5 6 7 4 7 7 0 3 4 4 0 7 6 5 3 6 7 7 5 1 7 3 7 3 4
split_gain=679.664 22972.9 19728 1938.29 773.479 792.918 556.974 475.993 625.453 368.881 741.75 1462.9 1729.05 395.115 835.124 1074.51 986.05 1379.41 1030.45 1777.66 1178.43 1133.32 857.401 817.11 971.785 805.341 1609.84 830.644 738.855 715.254
threshold=156.0604166666667 19.910000000000004 19.095000000000002 16.975000000000005 15.985000000000001 21.550000000000004 718.45000000000016 157.75416666666669 57.650000000000013 155.15833333333336 153.59375000000003 17.500000000000004 4.6550000000000011 82.65000000000002 44.350000000000001 3.5000000000000004 145.21666666666673 10.850000000000003 74.600000000000009 2.0850000000000004 20.250000000000004 142.95208333333338 136.47291666666669 516.85000000000014 4.5000000000000009 90.666666666666671 4.745000000000001 100.53333333333335 3.8250000000000006 6.3500000000000005
decision_type=2 2 2 2 2 2 2 2 2 2 2 2 2 2 2 2 2 2 2 2 2 2 2 2 2 2 2 2 2 2
left_child=1 3 4 9 6 -6 7 8 -2 10 13 12 -12 14 16 -16 17 22 20 -20 28 29 23 24 25 26 -1 -27 -19 -22
right_child=2 -3 -4 -5 5 -7 -8 -9 -10 -11 11 -13 -14 -15 15 -17 -18 18 19 -21 21 -23 -24 -25 -26 27 -28 -29 -30 -31
leaf_value=-0.18721041371640953 0.26406130178554638 -1.7049507331848144 1.339710753304618 -0.47114886546676815 -0.029228865921497343 0.34408238805604707 0.24245680177827245 -0.0099187071254917842 -0.035343231757481892 -0.15874653835263519 0.011896720683823031 -0.1683374792661356 0.60604703807830818 0.026265524473281274 -0.36663119919372328 -0.060110289815848122 -0.1037720237520352 0.10585828444053387 0.22776421778477154 -0.0599870381223691 -0.015021125705384497 0.4260118214857011 0.11165554459881166 0.15010172684987388 -0.28575643447893007 -0.42505849123001105 0.39817383227248992 -0.080886288253511768 0.44097501086561303 0.12545443394983358
leaf_weight=23 37 20 28 22 25 33 23 1846 33 36 24 23 25 815 33 214 201 29 65 308 201 21 58 30 70 20 24 142 38 165
leaf_count=23 37 20 28 22 25 33 23 1846 33 36 24 23 25 815 33 214 201 29 65 308 201 21 58 30 70 20 24 142 38 165
internal_value=9.0051e-11 -0.0168801 0.0217316 -0.00382969 0.00325213 0.183172 -0.0021297 -0.00506576 0.122913 0.00017851 0.00244079 0.160624 0.315035 -0.00219462 -0.0163207 -0.101062 -0.00131624 0.0159313 0.0517323 -0.00984272 0.102321 0.0688036 -0.0647427 -0.097853 -0.124515 -0.0705105 0.111709 -0.123377 0.295924 0.048308
internal_weight=4632 2607 2025 2587 1997 58 1939 1916 70 2565 2529 72 49 2457 1642 247 1395 1194 827 373 454 387 367 309 279 209 47 162 67 366
internal_count=4632 2607 2025 2587 1997 58 1939 1916 70 2565 2529 72 49 2457 1642 247 1395 1194 827 373 454 387 367 309 279 209 47 162 67 366
is_linear=0
shrinkage=0.05


Tree=189
num_leaves=31
num_cat=0
split_feature=3 6 3 7 0 0 3 7 1 5 7 6 7 6 3 3 4 6 5 3 6 5 5 6 6 3 0 3 6 4
split_gain=825.442 553.481 283.625 4333.17 1842.37 156.369 484.574 326.666 743.586 468.849 443.166 868.692 810.385 361.97 454.654 573.035 348.511 330.583 293.464 225.265 213.862 678.261 1086.82 484.263 856.277 412.67 352.025 319.267 220.122 934.437
threshold=21.600000000000005 728.05000000000007 16.975000000000005 149.80833333333337 8.5000000000000018 21.500000000000004 10.605000000000002 166.97708333333335 2.5000000000000004 7.5500000000000007 143.50625000000002 106.55000000000001 133.44166666666669 213.50000000000003 5.4150000000000009 4.0250000000000012 35.150000000000013 23.450000000000003 96.200000000000017 5.4150000000000009 707.25000000000011 10.350000000000003 92.300000000000026 693.85000000000014 697.85000000000002 4.995000000000001 9.5000000000000018 4.1750000000000007 677.70000000000016 76.800000000000026
decision_type=2 2 2 2 2 2 2 2 2 2 2 2 2 2 2 2 2 2 2 2 2 2 2 2 2 2 2 2 2 2
left_child=1 2 5 -4 -5 20 7 10 19 -10 12 17 13 14 15 16 -7 -12 -11 -9 23 27 -23 28 -25 -24 -26 -22 -1 -30
right_child=-2 -3 3 4 -6 6 -8 8 9 18 11 -13 -14 -15 -16 -17 -18 -19 -20 -21 21 22 25 24 26 -27 -28 -29 29 -31
leaf_value=0.0027838152920701079 0.28093393765963043 0.25452001442511879 0.51669003126167112 -0.013095727849465151 -0.58382333017164656 -0.19142057438691459 -0.19882852209684176 -0.2297230359911919 0.33772731584807242 -0.066132728078148587 -0.14675675537437202 -0.39560650239388151 0.24850302611788117 0.11983727645874023 0.060555150064037125 -0.38905640691518784 0.061351480484008791 0.12848617964191364 0.19212374321439052 0.0047451754411061611 0.2451541692018509 -0.33282436661422254 -0.12904295101761817 0.37326566635941472 -0.085265803422246655 0.18830737372239431 0.13593574351555593 -0.033980844560123624 0.10501583375036716 -0.21779694498754015
leaf_weight=3821 26 21 21 26 31 30 39 20 24 22 24 24 27 25 34 20 25 20 22 21 20 40 20 24 35 21 37 21 40 51
leaf_count=3821 26 21 21 26 31 30 39 20 24 22 24 24 27 25 34 20 25 20 22 21 20 40 20 24 35 21 37 21 40 51
internal_value=9.43298e-12 -0.00158582 -0.00275882 -0.0972887 -0.323491 -0.00112285 -0.0319481 -0.0126927 0.0585545 0.15996 -0.0466051 -0.153632 -0.00140105 -0.0517549 -0.0911109 -0.159866 -0.0765242 -0.0216463 0.0629955 -0.10963 0.00169098 -0.0635237 -0.1474 0.00367606 0.114622 0.0335023 0.0284072 0.102183 0.000953463 -0.0759012
internal_weight=4632 4606 4585 78 57 4507 377 338 109 68 229 68 161 134 109 75 55 44 44 41 4130 122 81 4008 96 41 72 41 3912 91
internal_count=4632 4606 4585 78 57 4507 377 338 109 68 229 68 161 134 109 75 55 44 44 41 4130 122 81 4008 96 41 72 41 3912 91
is_linear=0
shrinkage=0.05


Tree=190
num_leaves=31
num_cat=0
split_feature=6 3 3 7 0 0 3 1 7 7 1 3 3 0 0 3 4 7 7 3 4 7 4 6 7 1 6 6 0 5
split_gain=749.78 5439.64 255.972 3910.69 1662.74 141.123 437.328 302.159 475.524 374.009 855.065 474.382 748.767 409.485 244.313 203.301 200.122 194.289 370.082 436.505 647.404 344.931 336.386 230.335 655.406 418.133 404.881 950.171 388.564 332.261
threshold=728.05000000000007 21.600000000000005 16.975000000000005 149.80833333333337 8.5000000000000018 21.500000000000004 10.605000000000002 5.5000000000000009 93.256250000000009 166.97708333333335 2.5000000000000004 4.8750000000000009 6.1650000000000009 22.500000000000004 22.500000000000004 5.4150000000000009 104.05000000000001 66.387500000000003 81.177083333333343 1.905 81.050000000000011 74.693750000000023 32.750000000000007 707.25000000000011 180.45625000000001 1.5000000000000002 693.85000000000014 697.85000000000002 9.5000000000000018 191.10000000000002
decision_type=2 2 2 2 2 2 2 2 2 2 2 2 2 2 2 2 2 2 2 2 2 2 2 2 2 2 2 2 2 2
left_child=1 2 5 -4 -5 17 7 8 -7 11 15 -10 -13 -14 -9 -11 -12 22 19 -19 21 -21 -1 26 25 -25 -20 -28 -29 -27
right_child=-2 -3 3 4 -6 6 -8 14 9 10 16 12 13 -15 -16 -17 -18 18 23 20 -22 -23 -24 24 -26 29 27 28 -30 -31
leaf_value=0.19153791464426939 -0.29120034531436184 0.73692594909667974 0.49085552493731188 -0.01244094199859179 -0.55463216266324444 0.23692904015382132 -0.1888871036278896 -0.23151458914463341 -0.12464751823246478 -0.21823688477277756 0.11666328073479236 0.27145865112543105 -0.22886924933303487 0.069772729184478521 -0.01260168707370758 0.0045079185849144351 0.31002034441284509 0.12090677104535558 0.002621077717743624 -0.093477380192942106 0.089914676547050487 -0.30945511319135366 -0.066885252892971037 -0.2673919229175557 0.16900443495251238 0.034173126873515904 0.40450697512853717 -0.11084057085606601 0.12913896433404976 -0.20569009772417221
leaf_weight=34 22 25 21 26 31 21 39 26 100 20 32 24 22 24 25 21 23 21 3746 36 25 38 20 33 24 42 21 31 37 22
leaf_count=34 22 25 21 26 31 21 39 26 100 20 32 24 22 24 25 21 23 21 3746 36 25 38 20 33 24 42 21 31 37 22
internal_value=-1.82106e-10 0.00138968 -0.00262088 -0.0924243 -0.307317 -0.00106671 -0.0303507 -0.012058 0.00787042 -0.0102132 0.0686836 -0.0547666 0.0450633 -0.073056 -0.124204 -0.104148 0.197522 0.00160643 0.000358189 -0.0861464 -0.130067 -0.204385 0.0958256 0.00298219 -0.06494 -0.122823 0.00512524 0.110525 0.0197365 -0.0482799
internal_weight=4632 4610 4585 78 57 4507 377 338 287 266 96 170 70 46 51 41 55 4130 4076 120 99 74 54 3956 121 97 3835 89 68 64
internal_count=4632 4610 4585 78 57 4507 377 338 287 266 96 170 70 46 51 41 55 4130 4076 120 99 74 54 3956 121 97 3835 89 68 64
is_linear=0
shrinkage=0.05


Tree=191
num_leaves=31
num_cat=0
split_feature=6 3 3 5 7 3 6 4 7 3 6 3 6 1 4 5 3 1 4 6 0 0 5 3 5 6 7 0 7 5
split_gain=676.677 4909.27 231.015 3646.25 8214.53 128.907 315.069 281.137 347.182 374.041 191.736 772.97 851.509 788.724 690.535 731.532 611.256 622.284 1482.89 1266.86 837.516 810.217 737.404 1345.26 708.494 1170.66 667.857 900.319 1237.07 624.458
threshold=728.05000000000007 21.600000000000005 16.975000000000005 140.20000000000002 169.18958333333339 0.85500000000000009 32.000000000000007 145.35000000000005 161.6854166666667 0.64500000000000013 53.20000000000001 2.2050000000000005 56.300000000000004 1.0000000180025095e-35 79.950000000000017 2.8500000000000001 3.9850000000000008 3.5000000000000004 571.25000000000011 206.80000000000004 14.500000000000002 20.500000000000004 10.65 7.7650000000000006 17.550000000000004 152.95000000000002 111.08541666666667 6.5000000000000009 92.216666666666683 109.95000000000002
decision_type=2 2 2 2 2 2 2 2 2 2 2 2 2 2 2 2 2 2 2 2 2 2 2 2 2 2 2 2 2 2
left_child=1 2 5 4 -4 6 7 8 9 -1 -7 13 -13 -12 15 -15 -14 26 19 24 -20 22 23 -21 -19 29 27 -18 -29 -26
right_child=-2 -3 3 -5 -6 10 -8 -9 -10 -11 11 12 16 14 -16 -17 17 18 20 21 -22 -23 -24 -25 25 -27 -28 28 -30 -31
leaf_value=0.28222712564468383 -0.27664032978090375 0.70007980346679688 0.91746546711240495 -0.57126328257414005 -0.36330869865994297 -0.0087121867159961064 -0.11417528125176948 -0.10243595522461516 -0.099600762296468026 0.0028336845986221149 0.28133224225706527 0.3015990754184516 -0.054185370521504531 0.35239622635500778 -0.050987171272159015 0.065876365090728903 -0.2851985729932785 -0.019037775766281857 0.4326117636341798 0.35647904227177302 0.032875189743936065 -0.34964691670168019 -0.076540876280007344 -0.16530233678363621 0.26169663128321585 0.52709006014324378 0.0069473042238994212 0.25210987286908287 -0.16608066751699274 0.021714054228681508
leaf_weight=25 22 25 21 26 31 2396 83 33 20 23 45 23 452 28 95 109 50 63 38 30 20 21 161 21 46 21 562 28 48 66
leaf_count=25 22 25 21 26 31 2396 83 33 20 23 45 23 452 28 95 109 50 63 38 30 20 21 161 21 46 21 562 28 48 66
internal_value=3.17234e-10 0.00132019 -0.00248984 -0.0878031 0.153927 -0.00101337 -0.0420005 0.0173114 0.0754241 0.148351 0.000731166 0.0124729 -0.000502156 0.089761 0.0526027 0.124435 -0.00477279 0.0142353 0.0574842 0.0254034 0.294772 -0.0534019 -0.0240569 0.141628 0.119085 0.184512 -0.0163784 -0.120418 -0.0120105 0.120278
internal_weight=4632 4610 4585 78 52 4507 184 101 68 48 4323 1927 1650 277 232 137 1627 1175 487 429 58 233 212 51 196 133 688 126 76 112
internal_count=4632 4610 4585 78 52 4507 184 101 68 48 4323 1927 1650 277 232 137 1627 1175 487 429 58 233 212 51 196 133 688 126 76 112
is_linear=0
shrinkage=0.05


Tree=192
num_leaves=31
num_cat=0
split_feature=0 3 3 4 4 3 7 7 4 3 7 3 4 4 3 7 6 6 6 6 7 1 4 0 3 3 5 5 4 6
split_gain=662.021 28235.5 15555.3 526.744 809.601 735.007 524.782 695.881 668.789 643.709 531.942 447.349 438.068 909.703 1136.6 1091.71 447.492 634.191 402.381 682.139 626.589 564.6 548.336 392.259 671.583 598.206 943.365 588.91 555.973 513.443
threshold=18.500000000000004 17.300000000000001 19.910000000000004 299.10000000000008 170.35000000000002 4.4150000000000009 161.6854166666667 175.78541666666669 682.95000000000016 6.3450000000000006 139.65625000000003 5.3450000000000006 106.55000000000001 52.70000000000001 3.9350000000000005 127.07708333333335 19.850000000000005 136.65000000000003 0.65000000000000002 6.3500000000000005 191.34583333333336 5.5000000000000009 5.6500000000000012 21.500000000000004 8.1150000000000002 9.4550000000000018 63.550000000000004 258.90000000000003 0.95000000000000007 48.95000000000001
decision_type=2 2 2 2 2 2 2 2 2 2 2 2 2 2 2 2 2 2 2 2 2 2 2 2 2 2 2 2 2 2
left_child=2 3 -1 4 12 -6 9 -8 -9 10 -5 -10 13 18 -15 -16 -14 -18 21 -20 23 -2 -22 25 -25 26 28 -28 -21 -30
right_child=1 -3 -4 6 5 -7 7 8 11 -11 -12 -13 16 14 15 -17 17 -19 19 20 22 -23 -24 24 -26 -27 27 -29 29 -31
leaf_value=-3.4624854047645646e-05 0.11912827700072406 1.8959569710493089 -1.1072627186775208 0.024011376642045522 -0.015881096678120748 0.31813011795282364 0.26738067716360092 0.10579420942813159 -0.029974926412105564 -0.40546510914961503 -0.25165444741646453 -0.36039052981705894 -0.31436625449430378 -0.064996524111312987 0.010924896374344826 0.47647417749771304 0.1535664188590917 -0.23545919775962831 -0.24288305060731041 0.29514680489897732 -0.0070291115902364259 -0.17238159149885179 -0.29539958036997738 0.0015554363969513168 -0.29510904777174196 0.25405938131734729 -0.28677294903224515 0.0086656231332469646 0.19381585683553451 -0.074454018260751459
leaf_weight=3635 98 20 32 42 28 40 20 32 20 21 30 21 21 34 20 34 22 20 36 30 32 20 34 93 24 32 31 37 31 42
leaf_count=3635 98 20 32 42 28 40 20 32 20 21 30 21 21 34 20 34 22 20 36 30 32 20 34 93 24 32 31 37 31 42
internal_value=-1.61489e-10 0.0368479 -0.00969683 -0.00249828 0.0159812 0.180596 -0.0779064 0.0060788 -0.0655108 -0.161892 -0.0908494 -0.199212 -0.000218251 0.0123911 0.161463 0.304049 -0.125911 -0.0316839 -0.0119021 -0.0347253 -0.0153116 0.0697198 -0.155584 0.0136195 -0.0592988 0.0556463 0.0185163 -0.12602 0.113938 0.0394688
internal_weight=4632 965 3667 945 759 68 186 93 73 93 72 41 691 628 88 54 63 42 540 422 386 118 66 320 117 203 171 68 103 73
internal_count=4632 965 3667 945 759 68 186 93 73 93 72 41 691 628 88 54 63 42 540 422 386 118 66 320 117 203 171 68 103 73
is_linear=0
shrinkage=0.05


Tree=193
num_leaves=31
num_cat=0
split_feature=7 3 3 3 6 5 5 3 3 6 4 1 5 7 0 5 4 0 4 3 4 7 7 5 5 6 7 6 4 6
split_gain=638.583 22428.7 18630.9 2333.09 394.443 407.346 670.039 899.693 789.711 479.973 800.338 886.945 703.291 684.937 649.432 601.345 555.478 950.937 1138.68 1044.78 923.601 805.113 819.256 800.277 1968.52 1014.81 809.283 702.517 1034.62 660.216
threshold=156.0604166666667 19.910000000000004 18.320000000000004 16.975000000000005 718.45000000000016 692.45000000000016 712.55000000000007 3.0150000000000001 5.3050000000000006 1.9500000000000002 700.75000000000011 2.5000000000000004 34.400000000000006 162.5916666666667 5.5000000000000009 8.3500000000000032 82.65000000000002 16.500000000000004 38.750000000000007 5.7550000000000008 29.250000000000004 185.26666666666671 198.67083333333338 429.90000000000003 161.20000000000002 69.850000000000009 193.58958333333337 24.250000000000004 137.55000000000004 8.0500000000000025
decision_type=2 2 2 2 2 2 2 2 2 2 2 2 2 2 2 2 2 2 2 2 2 2 2 2 2 2 2 2 2 2
left_child=1 3 4 -1 5 9 7 -7 -8 10 11 12 14 -13 -2 -15 17 23 20 -20 21 -19 -23 24 29 -26 -25 28 -18 -11
right_child=2 -3 -4 -5 -6 6 8 -9 -10 16 -12 13 -14 15 -16 -17 27 18 19 -21 -22 22 -24 26 25 -27 -28 -29 -30 -31
leaf_value=0.00093039392068908146 -0.37499020819862688 -1.6843180847167969 1.103323549643541 -0.51617488319223581 0.19716354168951511 0.061765717963377632 -0.17855146300225033 -0.34068372298895228 0.23736223626136779 -0.11602638265708598 0.35964052572846417 0.31081541908137944 0.04345162564980759 0.19396504572892592 -0.063271044221791348 -0.0035812696786010055 -0.46188112539904458 0.028284564356745024 -0.074502162376175754 0.41328962810692338 -0.41419772654771808 -0.45555475625124847 -0.092592689451181667 0.44384902524948128 -0.0096621354803060888 -0.36386096218373587 0.049055491001517688 -0.014762068913327625 -0.08603937744677484 0.094721321572528536
leaf_weight=2565 24 20 39 22 25 21 21 41 25 41 20 34 96 59 55 111 21 81 23 21 24 22 53 25 39 42 27 495 143 397
leaf_count=2565 24 20 39 22 25 21 21 41 25 41 20 34 96 59 55 111 21 81 23 21 24 22 53 25 39 42 27 495 143 397
internal_value=8.56307e-12 -0.016362 0.0210646 -0.0034671 -0.000188253 -0.00270421 -0.097097 -0.20437 0.0474886 0.00279737 0.051375 0.0351077 -0.0474761 0.105952 -0.157971 0.0649789 -0.0105331 0.0176041 -0.0697044 0.158308 -0.125441 -0.0810165 -0.199062 0.0518547 0.0331181 -0.193321 0.23886 -0.044477 -0.134165 0.0749938
internal_weight=4632 2607 2025 2587 1986 1961 108 62 46 1853 399 379 175 204 79 170 1454 795 224 44 180 156 75 571 519 81 52 659 164 438
internal_count=4632 2607 2025 2587 1986 1961 108 62 46 1853 399 379 175 204 79 170 1454 795 224 44 180 156 75 571 519 81 52 659 164 438
is_linear=0
shrinkage=0.05


Tree=194
num_leaves=31
num_cat=0
split_feature=3 6 3 7 3 5 5 5 7 5 6 6 6 5 0 4 7 6 5 1 0 3 5 4 6 7 5 3 4 3
split_gain=652.602 596.041 309.751 3756.19 1776.56 131.433 182.314 317.464 139.4 400.758 485.835 648.037 882.793 475.804 484.274 480.482 338.963 657.862 940.435 241.804 238.623 152.588 283.907 416.637 334.076 392.451 522.619 383.318 307.763 252.574
threshold=21.600000000000005 728.05000000000007 16.975000000000005 149.80833333333337 18.320000000000004 725.45000000000016 719.1500000000002 715.75000000000011 85.020833333333357 605.75000000000011 3.2500000000000004 21.350000000000005 53.20000000000001 1.3500000000000003 14.500000000000002 36.750000000000007 90.666666666666671 3.8500000000000001 60.300000000000004 2.5000000000000004 14.500000000000002 1.0750000000000004 166.80000000000004 55.300000000000004 29.750000000000004 176.20416666666668 8.3500000000000032 0.72500000000000009 43.45000000000001 2.0550000000000002
decision_type=2 2 2 2 2 2 2 2 2 2 2 2 2 2 2 2 2 2 2 2 2 2 2 2 2 2 2 2 2 2
left_child=1 2 5 -4 -5 6 7 8 9 10 19 20 -13 -14 15 -15 17 -10 -19 -1 -12 22 24 -24 25 26 -18 -28 -26 -23
right_child=-2 -3 3 4 -6 -7 -8 -9 16 -11 11 12 13 14 -16 -17 21 18 -20 -21 -22 29 23 -25 28 -27 27 -29 -30 -31
leaf_value=-0.0872691726187865 0.24979592836820164 0.26436007413126172 0.4702273950690315 -0.0072189713899905861 -0.56765983482041671 -0.10033672181042759 0.11690454880396527 -0.17525728046894073 0.34507312263761247 0.17670956522226333 0.27627041531460628 -0.37493336945772171 -0.20998817826418775 0.30190835346778239 -0.12546007885382726 -0.0083339812162403892 0.11657190852695042 0.21035456529685428 -0.21617724330474936 -0.29559759414539888 0.034950596094131474 0.04056789689050376 0.18720063169797263 -0.072163173301669312 -0.24461666785180569 0.18886829271912575 -0.0024644737893884834 -0.2836249786670561 -0.048478123545646672 -0.0017217471941996941
leaf_weight=30 26 21 21 26 31 33 33 26 21 20 21 20 23 24 26 26 27 28 24 26 20 393 30 32 40 20 22 27 40 3475
leaf_count=30 26 21 21 26 31 33 33 26 21 20 21 20 23 24 26 26 27 28 24 26 20 393 30 32 40 20 22 27 40 3475
internal_value=5.26058e-10 -0.00141005 -0.00262732 -0.101415 -0.31202 -0.000917657 -0.000184347 -0.00105441 -2.85231e-05 -0.0374151 -0.0572415 -0.0128784 -0.0719432 -0.0107331 0.0495678 0.140582 0.0020828 0.10888 0.0134937 -0.183993 0.158553 0.00018408 -0.0386734 0.0533354 -0.0710857 -0.00820089 -0.0600612 -0.15739 -0.146547 0.002575
internal_weight=4632 4606 4585 78 57 4507 4474 4441 4415 236 216 160 119 99 76 50 4179 73 52 56 41 4106 238 62 176 96 76 49 80 3868
internal_count=4632 4606 4585 78 57 4507 4474 4441 4415 236 216 160 119 99 76 50 4179 73 52 56 41 4106 238 62 176 96 76 49 80 3868
is_linear=0
shrinkage=0.05


Tree=195
num_leaves=31
num_cat=0
split_feature=6 3 3 6 7 4 4 7 5 5 4 7 1 5 7 1 5 0 1 3 7 6 7 7 3 3 6 4 5 6
split_gain=669.697 4907.44 279.55 3648.75 1267.81 122.824 865.176 882.877 745.653 764.224 743.365 714.426 714.403 687.747 969.527 899.606 1111.01 740.61 664.583 610.441 569.654 601.192 528.138 748.248 1354.06 1161.23 940.179 1502.42 883.725 987.089
threshold=728.05000000000007 21.600000000000005 16.975000000000005 108.50000000000001 194.14375000000004 26.150000000000002 15.850000000000003 185.26666666666671 489.00000000000006 247.40000000000003 32.750000000000007 95.089583333333351 5.5000000000000009 32.750000000000007 173.66458333333335 3.5000000000000004 142.80000000000004 8.5000000000000018 1.5000000000000002 8.1850000000000005 157.75416666666669 100.80000000000003 76.843750000000014 105.99166666666669 5.6450000000000005 3.4550000000000005 20.800000000000001 159.45000000000002 161.20000000000002 25.650000000000002
decision_type=2 2 2 2 2 2 2 2 2 2 2 2 2 2 2 2 2 2 2 2 2 2 2 2 2 2 2 2 2 2
left_child=1 2 5 4 -4 6 -1 8 9 12 11 -7 18 14 17 16 -15 -13 -8 20 21 -20 -12 24 25 -24 27 -26 29 -27
right_child=-2 -3 3 -5 -6 10 7 -9 -10 -11 22 13 -14 15 -16 -17 -18 -19 19 -21 -22 -23 23 -25 26 28 -28 -29 -30 -31
leaf_value=0.0053034619025321529 -0.27520988834175197 0.69994232177734383 -0.51014038955464081 0.41661867673198388 -0.0084464286267757413 0.35544724489251772 -0.12588521295519017 -0.25431176941902911 0.16461146030877088 -0.317216602687178 -0.16736667974594427 0.26213686201307507 -0.22763219143069069 -0.19276925951242449 0.45173538896170529 -0.22558052183853256 0.28228231919929386 -0.086396727987698152 -0.14232600748392882 0.30914278822866353 0.25202535448828711 0.17554283500427292 0.1242871504187225 -0.0076961070109302036 0.69929933873089878 -0.47891281625399229 0.081565320231886798 0.10052381597459317 0.12104237164769854 -0.034239729369680089
leaf_weight=1594 22 25 34 24 20 24 67 61 37 29 47 27 43 20 22 36 32 35 51 22 20 21 83 2080 22 26 43 20 21 24
leaf_count=1594 22 25 34 24 20 24 67 61 37 29 47 27 43 20 22 36 32 35 51 22 20 21 83 2080 22 26 43 20 21 24
internal_value=2.03213e-10 0.00131337 -0.00249595 -0.0963443 -0.324328 -0.000871774 -0.010345 -0.0814095 -0.0450404 -0.075701 0.00632004 0.0998953 -0.0444334 0.0642369 0.166571 -0.033446 0.0995702 0.065384 -0.000910982 0.0725388 0.0159596 -0.0496143 -0.00143175 0.00193131 0.085718 -0.00269976 0.24591 0.414168 -0.151149 -0.26547
internal_weight=4632 4610 4585 78 54 4507 1945 351 290 253 2562 196 224 172 84 88 52 62 181 114 92 72 2366 2319 239 154 85 42 71 50
internal_count=4632 4610 4585 78 54 4507 1945 351 290 253 2562 196 224 172 84 88 52 62 181 114 92 72 2366 2319 239 154 85 42 71 50
is_linear=0
shrinkage=0.05


Tree=196
num_leaves=31
num_cat=0
split_feature=0 3 3 5 5 4 4 4 4 1 5 4 7 7 3 3 5 6 3 7 5 4 6 6 3 5 3 4 6 3
split_gain=632.227 25500.9 14337.3 506.048 1097.68 969.738 825.067 950.724 1523.48 791.31 913.609 881.805 809.145 952.724 622.731 974.449 806.856 742.696 820.87 778.877 623.629 599.855 556.692 795.605 504.297 631.916 562.1 335.385 323.16 308.204
threshold=18.500000000000004 17.300000000000001 19.910000000000004 6.8500000000000005 11.450000000000001 515.4000000000002 40.100000000000009 98.450000000000017 173.40000000000003 5.5000000000000009 17.250000000000004 47.100000000000009 96.022916666666674 82.816666666666677 9.4550000000000018 14.175000000000002 288.30000000000001 4.6500000000000012 6.3450000000000006 154.84166666666667 170.05000000000004 1.3500000000000003 15.450000000000001 150.05000000000004 5.6950000000000012 367.2000000000001 4.6550000000000011 210.95000000000002 94.050000000000011 3.8250000000000006
decision_type=2 2 2 2 2 2 2 2 2 2 2 2 2 2 2 2 2 2 2 2 2 2 2 2 2 2 2 2 2 2
left_child=2 3 -1 5 -5 6 21 -8 -9 10 11 -6 13 -12 17 16 -16 19 24 -14 -20 28 -11 -24 25 26 27 29 -2 -19
right_child=1 -3 -4 4 9 -7 7 8 -10 22 12 -13 14 -15 15 -17 -18 18 20 -21 -22 -23 23 -25 -26 -27 -28 -29 -30 -31
leaf_value=-0.00019988328236394769 0.27703993598070858 1.802799399495125 -1.0631982162594795 -0.25688621249604732 0.46970566422456789 -0.20822443326314288 0.44643427231188482 -0.21295528262853625 0.2933593105429258 -0.30962384697049861 -0.014074818466020668 0.011498758764494034 -0.044368874459123277 0.45778050422668459 0.38005027671655023 -0.15584323058525723 -0.022420124150812626 -0.18089493608567864 -0.38653216174670629 0.25457308792786021 -0.066706695821550158 -0.062437106326393703 0.067646547666815826 -0.31406893512234091 0.17968917035538218 0.072017723776526363 -0.3107381912008409 0.053317978464671081 0.0097047203779220582 0.043971067517995836
leaf_weight=3635 26 20 32 47 21 30 29 24 39 32 23 21 53 20 33 24 20 64 35 37 27 87 43 20 23 59 31 37 20 20
leaf_count=3635 26 20 32 47 21 30 29 24 39 32 23 21 53 20 33 24 20 64 35 37 27 87 43 20 23 59 31 37 20 20
internal_value=1.87531e-10 0.0360092 -0.00947612 -0.00138314 -0.0236263 0.0588041 0.0944079 0.209529 0.100478 -0.00657616 0.0165184 0.240602 -0.00208146 0.205393 -0.0213501 0.108481 0.228175 -0.047249 -0.0854925 0.0785295 -0.247253 0.0147752 -0.139795 -0.053533 -0.0426328 -0.066867 -0.120776 -0.0721082 0.160807 -0.127355
internal_weight=4632 965 3667 945 690 255 225 92 63 643 548 42 506 43 463 77 53 386 296 90 62 133 95 63 234 211 152 121 46 84
internal_count=4632 965 3667 945 690 255 225 92 63 643 548 42 506 43 463 77 53 386 296 90 62 133 95 63 234 211 152 121 46 84
is_linear=0
shrinkage=0.05


Tree=197
num_leaves=31
num_cat=0
split_feature=7 3 3 3 6 0 0 1 4 4 5 0 4 3 7 7 3 3 6 7 3 0 5 7 4 7 3 1 3 7
split_gain=609.008 10280.8 6896.49 1069.98 595.233 278.741 361.486 894.315 492.858 505.603 646.708 396.687 315.485 273.171 4490.33 247.539 277.328 374.665 237.281 161.663 146.214 707.311 438.307 302.445 401.344 167.508 299.186 663.648 161.822 185.429
threshold=223.79166666666671 21.600000000000005 16.975000000000005 19.095000000000002 728.05000000000007 18.500000000000004 5.5000000000000009 1.5000000000000002 696.1500000000002 335.65000000000003 87.950000000000003 3.5000000000000004 79.950000000000017 16.975000000000005 167.29375000000005 215.00000000000003 5.2250000000000005 8.4850000000000012 56.300000000000004 249.00416666666669 13.920000000000002 19.500000000000004 303.9500000000001 168.28750000000002 25.450000000000003 212.14166666666671 13.250000000000002 3.5000000000000004 12.945000000000002 205.99791666666673
decision_type=2 2 2 2 2 2 2 2 2 2 2 2 2 2 2 2 2 2 2 2 2 2 2 2 2 2 2 2 2 2
left_child=1 3 5 4 13 6 7 -2 9 10 19 12 -9 15 -15 20 -17 -18 -7 -8 25 22 23 24 -22 26 28 -28 29 -1
right_child=2 -3 -4 -5 -6 18 8 11 -10 -11 -12 -13 -14 14 -16 16 17 -19 -20 -21 21 -23 -24 -25 -26 -27 27 -29 -30 -31
leaf_value=8.4059466526897398e-05 -0.34289685040712359 -1.1085689907982237 0.96548751562833779 0.35646770681653706 0.26423052308105288 -0.16787089842396816 -0.047526753611034818 -0.014135865867137909 0.30940915644168854 -0.13000259333057329 0.271806314523731 -0.13656345960639774 0.26024740094488319 -0.64650071965796618 0.38748538167703722 0.05801256984472275 -0.32070241669813793 -0.03422462904453278 0.021353480517864228 0.12048179358243943 0.1164684598733272 -0.20521372637965463 0.31716173745691778 0.17910190913826229 -0.15634116324094627 0.11068159048304414 -0.28363749278443201 0.093470170795917518 0.13750631965342022 -0.069572275283993512
leaf_weight=3810 20 21 20 21 21 37 45 20 20 32 35 21 22 21 21 20 21 25 30 21 28 22 20 32 26 33 28 20 21 98
leaf_count=3810 20 21 20 21 21 37 45 20 20 32 35 21 22 21 21 20 21 25 30 21 28 22 20 32 26 33 28 20 21 98
internal_value=4.26719e-10 -0.00496375 0.0662193 0.000441028 -0.00131115 0.00686162 0.0324139 -0.0516029 0.0779917 0.0431921 0.0980657 0.0408713 0.129589 -0.00262448 -0.129508 -0.00135685 -0.097426 -0.165008 -0.0831436 0.00593051 0.000175424 0.0527816 0.106328 0.0572966 -0.0148843 -0.00150377 -0.00243466 -0.126509 -0.000918856 -0.0016627
internal_weight=4632 4309 323 4288 4267 303 236 83 153 133 101 63 42 4246 42 4204 66 46 67 66 4138 128 106 86 54 4010 3977 48 3929 3908
internal_count=4632 4309 323 4288 4267 303 236 83 153 133 101 63 42 4246 42 4204 66 46 67 66 4138 128 106 86 54 4010 3977 48 3929 3908
is_linear=0
shrinkage=0.05


Tree=198
num_leaves=31
num_cat=0
split_feature=3 6 3 7 0 5 5 5 7 7 7 5 0 6 5 7 7 7 7 1 7 3 6 6 3 6 4 3 5 6
split_gain=676.077 537.81 353.863 3892.33 1778.34 122.642 156.992 290.828 133.641 383.257 178.981 362.107 152.675 636.986 931.56 1070.67 865.361 794.968 1050.87 1435.15 865.073 770.543 767.577 1599.03 1201.53 721.434 701.102 656.832 633.139 1128.7
threshold=21.600000000000005 728.05000000000007 16.975000000000005 149.80833333333337 8.5000000000000018 725.45000000000016 719.1500000000002 715.75000000000011 273.94791666666669 257.30208333333337 244.23125000000005 28.850000000000005 3.5000000000000004 8.4500000000000011 1.6500000000000001 158.31250000000003 126.74791666666668 202.03541666666669 142.95208333333338 5.5000000000000009 151.49583333333337 3.7350000000000008 117.25000000000001 60.45000000000001 4.9150000000000009 653.90000000000009 35.150000000000013 8.0450000000000017 161.20000000000002 58.750000000000007
decision_type=2 2 2 2 2 2 2 2 2 2 2 2 2 2 2 2 2 2 2 2 2 2 2 2 2 2 2 2 2 2
left_child=1 2 5 -4 -5 6 7 8 9 10 12 -12 13 14 16 21 -1 18 19 22 -20 -16 23 -15 -24 28 -19 -23 29 -22
right_child=-2 -3 3 4 -6 -7 -8 -9 -10 -11 11 -13 -14 17 15 -17 -18 26 20 -21 25 27 24 -25 -26 -27 -28 -29 -30 -31
leaf_value=-0.49449669271707536 0.25424895653357876 0.25101899220829921 0.47372994848660066 -0.017613004013681068 -0.57833487660654137 -0.096800862297867288 0.10859800450729602 -0.16759805805408037 -0.1033307695581067 0.1444143683690092 0.035036651849746706 -0.2398637951716133 0.0046382251485669592 -0.099904566289236163 -0.094631605122924303 -0.1833794130633275 -0.099909061374086339 0.024780223766962688 0.32779197950620914 0.34988999735741388 -0.0056225796078381669 0.35177739211057707 -0.054356354152384614 0.32952812947000248 -0.43470505717577357 -0.20572585036808794 -0.36710588431358337 -0.00087710764137623101 -0.059023491827690081 0.30064466556677449
leaf_weight=24 26 21 21 26 31 33 33 26 31 46 25 23 3570 96 37 66 33 21 37 21 56 31 56 28 33 22 25 23 46 65
leaf_count=24 26 21 21 26 31 33 33 26 31 46 25 23 3570 96 37 66 33 21 37 21 56 31 56 28 33 22 25 23 46 65
internal_value=-9.20226e-11 -0.00143519 -0.00259147 -0.108179 -0.322567 -0.000764118 -5.57562e-05 -0.000863136 0.000118768 0.000850277 -0.000672071 -0.0966865 0.000402216 -0.0206013 -0.0929178 -0.0300604 -0.266051 0.0099831 0.0298015 -0.0444683 0.1067 0.081138 -0.0833487 -0.00293589 -0.195385 0.0634179 -0.188201 0.201573 0.098874 0.158901
internal_weight=4632 4606 4585 78 57 4507 4474 4441 4415 4384 4338 48 4290 720 214 157 57 506 460 234 226 91 213 124 89 189 46 54 167 121
internal_count=4632 4606 4585 78 57 4507 4474 4441 4415 4384 4338 48 4290 720 214 157 57 506 460 234 226 91 213 124 89 189 46 54 167 121
is_linear=0
shrinkage=0.05


Tree=199
num_leaves=31
num_cat=0
split_feature=6 3 3 7 0 3 5 4 6 0 0 6 4 4 3 6 6 6 6 3 3 6 5 7 3 7 0 3 6 0
split_gain=704.769 4907.16 319.361 3512.83 1604.95 113.916 354.786 443.171 263.509 417.375 352.112 245.159 225.612 267.347 213.063 282.757 181.524 766.452 832.874 751.216 1437.69 1062.99 933.115 661.657 829.095 728.614 914.508 625.481 557.092 797.675
threshold=728.05000000000007 21.600000000000005 16.975000000000005 149.80833333333337 8.5000000000000018 1.0750000000000004 166.80000000000004 27.350000000000005 20.800000000000001 10.500000000000002 5.5000000000000009 2.5500000000000003 29.250000000000004 244.35000000000002 1.175 41.050000000000004 38.850000000000001 29.750000000000004 24.250000000000004 6.8850000000000007 8.4100000000000019 32.850000000000001 14.850000000000003 111.74583333333335 11.200000000000001 157.35208333333335 15.500000000000002 4.6250000000000009 16.850000000000005 20.500000000000004
decision_type=2 2 2 2 2 2 2 2 2 2 2 2 2 2 2 2 2 2 2 2 2 2 2 2 2 2 2 2 2 2
left_child=1 2 5 -4 -5 6 8 -8 9 10 -1 -11 -10 -14 15 -7 17 18 28 22 -21 -22 -19 -20 25 -25 -27 -24 -16 -30
right_child=-2 -3 3 4 -6 14 7 -9 12 11 -12 -13 13 -15 16 -17 -18 19 23 20 21 -23 27 24 -26 26 -28 -29 29 -31
leaf_value=-0.038020010292530063 -0.28232433765449305 0.69995666503906251 0.4500434248220353 -0.016732364165811583 -0.54941813719849442 0.24904975086450576 0.2048499434225021 -0.045674049363630578 -0.21219687518619357 -0.20963456935894031 0.25512189141341618 0.0096572251915931703 0.018547094966235914 -0.20374904700687957 0.00056368471876598928 -0.016824732720851897 0.010584585843953253 0.16330086659817469 0.35683685826218647 -0.53821530151367192 -0.32361715306406436 0.13894980141410121 -0.022310242553551993 -0.11728349785235795 0.35610966966265728 0.27907932037726429 -0.12408773032101719 -0.31313946426942429 -0.11872070535722345 0.15367755389982654
leaf_weight=20 22 25 21 26 31 20 31 41 42 26 21 25 38 21 1516 20 2096 42 23 25 23 27 51 55 21 39 22 29 202 31
leaf_count=20 22 25 21 26 31 20 31 41 42 26 21 25 38 21 1516 20 2096 42 23 25 23 27 51 55 21 39 22 29 202 31
internal_value=6.10849e-10 0.00134732 -0.00246189 -0.10277 -0.306439 -0.000725912 -0.0325298 0.0621904 -0.0678659 -0.00665118 0.112126 -0.102139 -0.123626 -0.0605753 0.0012609 0.116113 0.000167591 -0.0101999 -0.000510168 -0.104097 -0.228626 -0.073831 -0.0275429 0.108682 0.067021 0.014686 0.133675 -0.127736 -0.0104992 -0.0824789
internal_weight=4632 4610 4585 78 57 4507 265 72 193 92 41 51 101 59 4242 40 4202 2106 1909 197 75 50 122 160 137 116 61 80 1749 233
internal_count=4632 4610 4585 78 57 4507 265 72 193 92 41 51 101 59 4242 40 4202 2106 1909 197 75 50 122 160 137 116 61 80 1749 233
is_linear=0
shrinkage=0.05


Tree=200
num_leaves=31
num_cat=0
split_feature=6 3 3 6 7 6 5 5 0 6 5 3 3 5 3 0 5 0 3 0 7 7 4 4 4 1 0 3 6 6
split_gain=636.054 4428.71 288.223 3499.25 1201.7 112.497 566.595 1024.66 892.77 833.195 1014.71 786.096 1296.39 740.348 681.011 607.209 591.83 632.313 855.693 727.308 577.091 1166.87 474.989 550.55 474.627 448.832 538.77 398.295 381.535 1714.02
threshold=728.05000000000007 21.600000000000005 16.975000000000005 108.50000000000001 194.14375000000004 321.45000000000005 187.75000000000003 158.00000000000003 21.500000000000004 420.85000000000008 31.750000000000004 6.2650000000000006 6.8350000000000009 2.5500000000000003 5.6450000000000005 17.500000000000004 271.15000000000003 9.5000000000000018 6.7750000000000012 4.5000000000000009 171.38958333333338 207.32916666666668 292.15000000000003 74.600000000000009 142.80000000000004 1.5000000000000002 9.5000000000000018 3.3350000000000004 87.300000000000026 84.40000000000002
decision_type=2 2 2 2 2 2 2 2 2 2 2 2 2 2 2 2 2 2 2 2 2 2 2 2 2 2 2 2 2 2
left_child=1 2 5 4 -4 28 7 8 9 10 13 14 -13 -7 15 20 -8 18 19 -18 -11 -22 23 -19 25 -14 -27 -17 29 -1
right_child=-2 -3 3 -5 -6 6 16 -9 -10 11 -12 12 24 -15 -16 27 17 22 -20 -21 21 -23 -24 -25 -26 26 -28 -29 -30 -31
leaf_value=-0.0020129734410707337 -0.26820813925428827 0.66495878601074221 -0.50179943732972088 0.40471249474212528 -0.013360310196876527 -0.18051868213995084 0.23346076478829259 -0.39442006587982181 -0.25841648265719414 0.0025470936751883968 -0.34124683833275088 0.47508724577547545 -0.047484388659077309 0.14027015847819194 -0.29814333289184353 0.28469700125547559 -0.014155535487567678 0.12029344708485119 0.20013699862407522 -0.34901733907961074 -0.3777239977847785 0.10193744975896109 0.31098329898502147 -0.18326415613293648 -0.11213909107627291 0.3537476557272452 0.058280753592650093 -0.0043678240342573688 0.032473298600062955 -0.40985566755900021
leaf_weight=2808 22 25 34 24 20 37 37 20 40 161 39 21 31 35 22 26 34 59 20 31 32 21 21 20 33 27 36 22 848 26
leaf_count=2808 22 25 34 24 20 37 37 20 40 161 39 21 31 35 22 26 34 59 20 31 32 21 21 20 33 27 36 22 848 26
internal_value=3.14538e-12 0.00127995 -0.0023388 -0.0976319 -0.320896 -0.000689617 -0.0173779 -0.0425198 -0.0304477 -0.0136544 -0.135841 0.0177407 0.111172 -0.0245797 -0.030949 -0.00851286 0.0509128 0.0144032 -0.0858598 -0.173859 -0.0445626 -0.187669 0.0996268 0.0434434 0.0509975 0.108269 0.184909 0.152209 0.00304961 -0.00575465
internal_weight=4632 4610 4585 78 54 4507 825 603 583 543 111 432 148 72 284 262 222 185 85 65 214 53 100 79 127 94 63 48 3682 2834
internal_count=4632 4610 4585 78 54 4507 825 603 583 543 111 432 148 72 284 262 222 185 85 65 214 53 100 79 127 94 63 48 3682 2834
is_linear=0
shrinkage=0.05


Tree=201
num_leaves=31
num_cat=0
split_feature=0 3 5 6 5 7 7 6 6 6 6 3 6 3 7 4 4 5 5 3 0 7 3 1 6 3 4 4 5 7
split_gain=622.084 7087.01 4849.6 4597.55 688.476 1512.79 1092.91 615.701 581.654 208.916 2032.99 1129.5 1239 1047.18 1146.66 1007.61 909.009 477.193 498.524 413.743 352.279 711.361 638.895 529.534 1326.1 1268.9 1252.75 1540.85 607.137 451.229
threshold=22.500000000000004 21.600000000000005 0.65000000000000002 152.95000000000002 104.05000000000001 148.75416666666669 173.66458333333335 728.05000000000007 40.300000000000004 87.300000000000026 84.40000000000002 17.300000000000001 117.25000000000001 16.975000000000005 176.20416666666668 151.25000000000003 385.95000000000005 191.10000000000002 17.550000000000004 4.4850000000000012 6.5000000000000009 96.022916666666674 3.8650000000000007 1.0000000180025095e-35 256.90000000000003 4.455000000000001 11.950000000000001 49.350000000000001 19.550000000000004 107.41666666666669
decision_type=2 2 2 2 2 2 2 2 2 2 2 2 2 2 2 2 2 2 2 2 2 2 2 2 2 2 2 2 2 2
left_child=1 7 3 -2 5 -4 8 9 -6 10 13 12 15 -1 -15 17 -17 18 -11 -20 21 22 -14 24 25 -22 -26 -28 -29 -23
right_child=2 -3 4 -5 6 -7 -8 -9 -10 11 -12 -13 20 14 -16 16 -18 -19 19 -21 23 29 -24 -25 26 -27 27 28 -30 -31
leaf_value=-0.00035976690498535887 0.08253072450558345 -0.86069839795430514 0.075366083221711427 1.1089831572771072 -0.22251512717317651 -0.37093952861733931 0.3657746967815218 0.27762959778308866 0.11218199074268341 -0.028658505685224728 -0.43265159533891295 0.36965560513463891 -0.040491351756182591 -0.4801831814150016 0.01386119982470637 0.52387218693128002 0.11672663359806455 -0.092181188708696626 0.045556524582207207 0.31509554792727745 0.088951313495635995 0.16664093175324901 -0.41738243491753285 -0.0064257654184138929 0.28468820686851232 0.61868907140567897 -0.43853624016046527 0.21061799349608246 -0.12469207401628848 -0.038507109876764194
leaf_weight=2698 24 24 37 20 27 39 21 20 25 37 28 22 22 24 23 26 29 39 24 35 26 29 23 830 28 20 24 27 27 354
leaf_count=2698 24 24 37 20 27 39 21 20 25 37 28 22 22 24 23 26 29 39 24 35 26 29 23 830 28 20 24 27 27 354
internal_value=-7.34984e-10 -0.00382073 0.0878768 0.5491 -0.0483234 -0.153659 0.0613412 0.000837269 -0.0616031 -0.000422309 -0.00875964 0.0138313 0.00893876 -0.00443579 -0.238417 0.1288 0.309195 0.0553057 0.115222 0.205453 -0.00721277 -0.045069 -0.233125 0.00928669 0.095085 0.319272 -0.00220377 -0.105191 0.042963 -0.0229737
internal_weight=4632 4439 193 44 149 76 73 4415 52 4395 2773 1622 1600 2745 47 190 55 135 96 59 1410 428 45 982 152 46 106 78 54 383
internal_count=4632 4439 193 44 149 76 73 4415 52 4395 2773 1622 1600 2745 47 190 55 135 96 59 1410 428 45 982 152 46 106 78 54 383
is_linear=0
shrinkage=0.05


Tree=202
num_leaves=31
num_cat=0
split_feature=5 3 3 6 6 3 3 1 6 3 7 3 0 0 5 5 5 5 5 0 6 7 1 3 5 6 7 7 5 5
split_gain=624.735 3518.01 2243.58 475.787 446.378 1002.72 440.204 293.72 275.51 222.774 3465.01 2002.39 141.141 722.755 1244.48 1003.19 756.932 713.381 715.296 626.253 925.013 988.35 606.727 613.054 592.234 583.755 574.745 548.753 546.521 618.595
threshold=704.55000000000007 9.7300000000000022 21.600000000000005 728.05000000000007 22.750000000000004 4.8750000000000009 5.6050000000000013 3.5000000000000004 203.25000000000003 16.975000000000005 169.18958333333339 18.320000000000004 6.5000000000000009 8.5000000000000018 508.80000000000007 222.80000000000004 147.70000000000002 108.50000000000001 74.600000000000009 9.5000000000000018 32.45000000000001 174.26875000000001 4.5000000000000009 7.5050000000000008 653.90000000000009 45.70000000000001 143.86458333333337 152.49375000000003 516.85000000000014 469.65000000000003
decision_type=2 2 2 2 2 2 2 2 2 2 2 2 2 2 2 2 2 2 2 2 2 2 2 2 2 2 2 2 2 2
left_child=2 4 3 9 5 -2 8 -8 -6 12 -11 -12 24 14 15 16 17 18 -14 20 22 26 23 27 28 -17 -22 -15 29 -1
right_child=1 -3 -4 -5 6 -7 7 -9 -10 10 11 -13 13 19 -16 25 -18 -19 -20 -21 21 -23 -24 -25 -26 -27 -28 -29 -30 -31
leaf_value=-0.006765907882464034 -0.068379024544666558 0.69955632658231837 -0.47602458190917968 0.24229519397020338 -0.059367392030922145 0.36853116154670718 -0.31462369441986082 -0.04364404529333115 0.14646370863092359 0.32214842856891696 -0.0018389975740796046 -0.66412217617034919 0.053453578650123547 -0.41865506583655421 0.41210042476654057 -0.0072687654229609865 0.34271476340293883 -0.22472890728995917 0.365478852391243 0.002846947960694568 0.020168137266522362 -0.20497503467999839 -0.43808876939795233 0.080367585000666708 -0.15496818114229494 -0.37662093210965397 0.33564057411117987 -0.061323090607211708 0.19751239335164428 -0.26867036754670354
leaf_weight=1141 29 21 25 20 37 24 20 20 29 31 21 25 225 22 25 23 25 21 20 2519 42 34 22 22 71 20 22 21 32 23
leaf_count=1141 29 21 25 20 37 24 20 20 29 31 21 25 225 22 25 23 25 21 20 2519 42 34 22 22 71 20 22 21 32 23
internal_value=-1.53915e-10 0.0913219 -0.00369226 -0.00102492 0.010989 0.129467 -0.04825 -0.179134 0.0310735 -0.00212916 -0.0864295 -0.361776 -0.000630059 0.00517581 0.0718332 0.0463641 0.0796742 0.0549524 0.078925 -0.00367404 -0.0924652 0.0128776 -0.211127 -0.134309 -0.0146659 -0.17906 0.128612 -0.244144 -0.00633689 -0.011941
internal_weight=4632 180 4452 4427 159 53 106 40 66 4407 77 46 4330 3063 359 334 291 266 245 2704 185 98 87 65 1267 43 64 43 1196 1164
internal_count=4632 180 4452 4427 159 53 106 40 66 4407 77 46 4330 3063 359 334 291 266 245 2704 185 98 87 65 1267 43 64 43 1196 1164
is_linear=0
shrinkage=0.05


Tree=203
num_leaves=31
num_cat=0
split_feature=6 3 3 5 7 5 5 5 7 0 0 5 5 3 3 0 7 4 5 4 6 6 3 0 6 0 5 5 6 0
split_gain=666.006 4766.08 222.035 3244.52 7651.84 132.751 148.415 278.575 129.048 391.957 802.776 528.579 614.313 1238.94 939.583 402.458 284.416 235.634 159.5 1014.49 926.878 883.858 703.066 747.478 1227.69 553.908 415.699 1050.07 656.408 873.565
threshold=728.05000000000007 21.600000000000005 16.975000000000005 140.20000000000002 169.18958333333339 725.45000000000016 719.1500000000002 715.75000000000011 85.020833333333357 2.5000000000000004 6.5000000000000009 396.85000000000008 31.250000000000004 5.3850000000000007 4.705000000000001 4.5000000000000009 87.687500000000014 21.550000000000004 653.90000000000009 1.0000000180025095e-35 53.20000000000001 81.050000000000011 3.6250000000000004 17.500000000000004 10.850000000000003 9.5000000000000018 508.80000000000007 534.20000000000016 5.2500000000000009 11.500000000000002
decision_type=2 2 2 2 2 2 2 2 2 2 2 2 2 2 2 2 2 2 2 2 2 2 2 2 2 2 2 2 2 2
left_child=1 2 5 4 -4 6 7 8 9 -1 15 12 13 17 -14 -11 -10 -12 26 20 -20 22 -21 24 -24 -23 -18 -28 -29 -30
right_child=-2 -3 3 -5 -6 -7 -8 -9 16 10 11 -13 14 -15 -16 -17 18 -19 19 21 -22 25 23 -25 -26 -27 27 28 29 -31
leaf_value=0.1649133481762626 -0.27445042539726605 0.68980354309082037 0.87886583773153171 -0.54213334184426532 -0.35726448239818698 -0.10091316049749202 0.10538387768196339 -0.16422945467325359 0.14187945110930339 -0.10009535208344461 -0.16606920646769663 0.21300896032024985 0.026564729399979115 0.330744692339347 -0.35967058881276076 -0.41729306325316434 0.00056319468392203558 0.030524202408613983 0.32699774638608553 -0.01483476516549234 -0.091983267935839566 -0.10117107643967582 0.12739150413870812 -0.4418322877057137 -0.33417220830040822 0.13812984847708751 0.39917846607125324 -0.20987577046389166 0.25097453758120536 -0.10594966610272726
leaf_weight=22 22 25 21 26 31 33 33 26 36 20 35 23 32 26 31 20 3729 27 33 54 22 42 25 31 34 57 23 23 40 30
leaf_count=22 22 25 21 26 31 33 33 26 36 20 35 23 32 26 31 20 3729 27 33 54 22 42 25 31 34 57 23 23 40 30
internal_value=5.37461e-10 0.00130974 -0.00244431 -0.0860831 0.141942 -0.000996826 -0.000259848 -0.00104486 -8.38644e-05 -0.0360555 -0.0567158 -0.010284 -0.0442955 0.0410352 -0.163488 -0.258694 0.00194755 -0.0804559 0.000731637 -0.0345082 0.159405 -0.0783981 -0.157465 -0.243043 -0.138594 0.0366082 0.00346284 0.0966763 0.021864 0.098007
internal_weight=4632 4610 4585 78 52 4507 4474 4441 4415 236 214 174 151 88 63 40 4179 62 4143 298 55 243 144 90 59 99 3845 116 93 70
internal_count=4632 4610 4585 78 52 4507 4474 4441 4415 236 214 174 151 88 63 40 4179 62 4143 298 55 243 144 90 59 99 3845 116 93 70
is_linear=0
shrinkage=0.05


Tree=204
num_leaves=31
num_cat=0
split_feature=7 3 3 3 3 5 6 7 5 3 6 4 4 4 0 6 3 6 6 1 1 0 5 5 6 0 4 0 3 0
split_gain=634.957 21427.8 18211 2345.51 819.529 826.247 475.611 388.269 554.451 370.294 1014.03 353.995 734.133 660.848 624.321 743.267 648.812 1301.23 1272.46 483.943 443.923 381.848 373.592 1204.78 618.745 572.958 632.21 526.029 420.32 404.749
threshold=156.0604166666667 19.910000000000004 19.095000000000002 16.975000000000005 15.985000000000001 24.550000000000004 718.45000000000016 157.75416666666669 116.85000000000001 14.345000000000001 32.850000000000001 3.8500000000000001 1.9500000000000002 8.3500000000000032 13.500000000000002 69.850000000000009 4.5250000000000012 5.2500000000000009 10.550000000000002 3.5000000000000004 3.5000000000000004 6.5000000000000009 187.75000000000003 150.85000000000005 45.050000000000004 17.500000000000004 668.20000000000016 4.5000000000000009 4.8150000000000004 20.500000000000004
decision_type=2 2 2 2 2 2 2 2 2 2 2 2 2 2 2 2 2 2 2 2 2 2 2 2 2 2 2 2 2 2
left_child=1 3 4 -1 6 -6 7 8 -2 11 -11 12 14 19 15 16 17 -9 -18 -13 -17 -20 23 29 25 26 27 -24 -27 -15
right_child=2 -3 -4 -5 5 -7 -8 9 -10 10 -12 13 -14 22 -16 20 18 -19 21 -21 -22 -23 24 -25 -26 28 -28 -29 -30 -31
leaf_value=0.00069761454157683768 0.2122265530669171 -1.6466317939758301 1.2872965182576861 -0.5177818265828219 -0.006891915574669838 0.37076658020416897 0.22372707899497901 0.58784235148202801 -0.084233334970970963 -0.37423059990008678 0.095725932683457027 -0.043452372695460463 0.28834479837505905 -0.017605355217640405 -0.059071535237182851 0.045491689384322277 -0.1509839647694638 0.067180329029049191 0.39169690392234108 -0.32092481295267744 -0.20918234288692475 0.093619934380764061 -0.31913454793393614 0.27798287119620885 0.019110292471518187 -0.1163599247733752 0.18186348846012898 -0.0579567551612854 -0.41227663344082732 0.080497149738172694
leaf_weight=2565 46 20 28 22 28 30 23 21 24 24 22 33 27 849 151 44 38 28 22 30 28 21 24 39 157 24 22 98 24 120
leaf_count=2565 46 20 28 22 28 30 23 21 24 24 22 33 27 849 151 44 38 28 22 30 28 21 24 39 157 24 22 98 24 120
internal_value=3.35327e-10 -0.0163155 0.0210047 -0.00371157 0.00324995 0.188449 -0.00228977 -0.00500292 0.110583 -0.00938592 -0.149469 -0.00580603 0.0370572 -0.0172765 0.0178369 0.0753279 0.146705 0.290321 0.0598267 -0.175582 -0.0535482 0.246124 -0.00992698 0.00550996 -0.0545128 -0.114715 -0.0648472 -0.109336 -0.264318 -0.00545644
internal_weight=4632 2607 2025 2587 1997 58 1939 1916 70 1846 46 1800 380 1420 353 202 130 49 81 63 72 43 1357 1008 349 192 144 122 48 969
internal_count=4632 2607 2025 2587 1997 58 1939 1916 70 1846 46 1800 380 1420 353 202 130 49 81 63 72 43 1357 1008 349 192 144 122 48 969
is_linear=0
shrinkage=0.05


Tree=205
num_leaves=31
num_cat=0
split_feature=6 3 3 6 5 5 7 5 5 4 7 7 3 5 5 0 7 3 4 3 7 1 4 1 0 3 6 5 6 5
split_gain=630.174 20032.6 18223.3 556.645 426.561 1781.26 1199.21 821.438 2083.96 932.824 1392.4 1143.95 1090.36 885.517 873.711 750.307 874.041 938.676 868.598 829.105 750.231 711.399 892.201 769.627 758.703 657.781 650.265 952.01 557.354 548.943
threshold=186.40000000000003 17.845000000000002 19.910000000000004 728.05000000000007 198.05000000000004 274.30000000000007 149.80833333333337 32.350000000000001 27.950000000000003 476.50000000000006 123.13541666666667 150.5229166666667 5.6050000000000013 87.950000000000003 43.550000000000004 6.5000000000000009 153.59375000000003 6.2150000000000007 28.850000000000005 5.3850000000000007 110.41666666666667 1.0000000180025095e-35 10.050000000000002 5.5000000000000009 14.500000000000002 1.6650000000000003 267.25000000000006 129.85000000000002 341.10000000000008 429.90000000000003
decision_type=2 2 2 2 2 2 2 2 2 2 2 2 2 2 2 2 2 2 2 2 2 2 2 2 2 2 2 2 2 2
left_child=2 3 -1 4 7 6 -6 8 15 10 20 12 -12 -11 -13 16 17 -2 -18 -20 -9 22 -17 25 -25 -23 -16 -28 -24 -7
right_child=1 -3 -4 -5 5 29 -8 9 -10 13 11 14 -14 -15 26 21 18 -19 19 -21 -22 23 28 24 -26 -27 27 -29 -30 -31
leaf_value=0.0005168964239715293 -0.10627875617959284 -1.5617854778255735 1.2813529287065779 0.25113187687737598 0.51445153137048094 -0.12700906474697027 0.028439465165138247 -0.049897782007853192 0.44744734625117144 -0.059670791914686563 -0.1783531471740368 -0.40406506597995762 -0.56044732011628884 0.36444085933268072 -0.2388675335914858 0.45234821051359175 -0.22743967927020528 -0.48103977805003528 -0.072828788852149801 0.35212014143665638 0.31526690274477009 0.19790572890868555 0.26166296184062959 0.36039307518647268 -0.033840282067008641 -0.067190102112089464 0.13240921174065542 -0.26676580891013146 -0.07909407603243987 0.034761018388801156
leaf_weight=3384 55 21 28 21 30 74 22 39 26 32 43 20 33 20 31 20 23 24 22 24 22 26 20 26 23 234 59 20 30 180
leaf_count=3384 55 21 28 21 30 74 22 39 26 32 43 20 33 20 31 20 23 24 22 24 22 26 20 26 23 234 59 20 30 180
internal_value=-3.90429e-10 -0.0308419 0.0110279 -0.004028 -0.00857669 0.0422141 0.308831 -0.0264001 0.0104579 -0.090295 -0.128028 -0.190162 -0.344262 0.103449 -0.100072 -0.0111013 -0.106573 -0.22013 0.0234426 0.148884 0.081801 0.0261804 0.170106 -0.00642408 0.175345 -0.0406805 -0.0448006 0.0313522 0.0572087 -0.0123688
internal_weight=4632 1220 3412 1199 1178 306 52 872 553 319 267 206 76 52 130 527 148 79 69 46 61 379 70 309 49 260 110 79 50 254
internal_count=4632 1220 3412 1199 1178 306 52 872 553 319 267 206 76 52 130 527 148 79 69 46 61 379 70 309 49 260 110 79 50 254
is_linear=0
shrinkage=0.05


Tree=206
num_leaves=31
num_cat=0
split_feature=6 3 3 6 7 0 6 5 5 3 3 7 3 3 0 1 3 3 6 5 5 6 3 3 3 4 0 6 3 3
split_gain=644.663 4370.23 226.403 3477.74 1089.99 119.106 376.902 907.978 817.963 558.431 1246.04 775.907 490.208 1048.77 282.637 255.801 319.43 225.93 176.551 588.628 956.313 404.82 665.34 381.256 367.72 269.938 218.796 849.365 610.797 658.63
threshold=728.05000000000007 21.600000000000005 16.975000000000005 108.50000000000001 194.14375000000004 21.500000000000004 357.10000000000008 53.550000000000004 187.75000000000003 4.8750000000000009 5.8950000000000005 169.8041666666667 6.9650000000000007 8.1850000000000005 22.500000000000004 3.5000000000000004 3.1250000000000004 5.1950000000000012 707.25000000000011 10.350000000000003 92.300000000000026 693.85000000000014 5.3450000000000006 2.8350000000000004 4.995000000000001 29.550000000000004 20.500000000000004 27.450000000000003 9.3950000000000014 4.705000000000001
decision_type=2 2 2 2 2 2 2 2 2 2 2 2 2 2 2 2 2 2 2 2 2 2 2 2 2 2 2 2 2 2
left_child=1 2 5 4 -4 18 8 -8 9 11 -11 15 -12 -14 -15 16 -7 -10 21 25 -21 26 23 -23 -22 -20 -1 -28 29 -29
right_child=-2 -3 3 -5 -6 6 7 -9 17 10 12 -13 13 14 -16 -17 -18 -19 19 20 24 22 -24 -25 -26 -27 27 28 -30 -31
leaf_value=-0.0016332837981404922 -0.27001715749502181 0.66057054138183602 -0.48163065401946803 0.41403440733750663 -0.01644710719585419 -0.080109803512692465 -0.30939303356058456 0.10284777527505702 -0.060462903039796012 0.42024202186327719 -0.16045479446649552 0.14846467864819063 0.39310648781912672 0.083721187108984366 -0.15689915008842947 -0.029113464207365748 -0.34462907598132181 -0.23545037836600571 -0.02847601842312586 -0.30971590876579286 -0.11952366029843689 0.13717228735868747 0.26398629890038422 -0.12245366686294157 0.18004461824893953 0.22819042205810547 0.18577613778514407 0.040243637153790118 0.21012860000133515 -0.24324981763958933
leaf_weight=3737 22 25 34 24 20 25 34 22 35 26 25 39 21 26 23 41 21 39 21 40 20 26 39 31 21 20 73 42 20 40
leaf_count=3737 22 25 34 24 20 25 34 22 35 26 25 39 21 26 23 41 21 39 21 40 20 26 39 31 21 20 73 42 20 40
internal_value=5.6753e-10 0.00128859 -0.00230619 -0.0867636 -0.30934 -0.000844536 -0.0277473 -0.147441 -0.00686611 0.0368208 0.113539 -0.0368531 0.0295993 0.0974758 -0.0292231 -0.119927 -0.200869 -0.152686 0.00161124 -0.0576423 -0.13578 0.00341486 0.104853 -0.00402779 0.0339138 0.0967271 0.000925585 0.0555684 -0.0376195 -0.0980459
internal_weight=4632 4610 4585 78 54 4507 377 56 321 247 121 126 95 70 49 87 46 74 4130 122 81 4008 96 57 41 41 3912 175 102 82
internal_count=4632 4610 4585 78 54 4507 377 56 321 247 121 126 95 70 49 87 46 74 4130 122 81 4008 96 57 41 41 3912 175 102 82
is_linear=0
shrinkage=0.05


Tree=207
num_leaves=31
num_cat=0
split_feature=5 5 3 6 7 3 3 3 5 5 5 3 6 7 5 5 7 7 3 3 6 1 7 7 6 7 5 4 7 7
split_gain=608.773 3511.38 2531.87 465.875 243.334 3254.61 2129.79 582.173 549.438 465.769 428.35 561.146 426.514 430.213 894.99 577.896 542.597 518.493 504.292 408.098 468.716 741.164 448.869 545.65 506.862 527.191 716.198 571.437 595.415 523.891
threshold=709.25000000000011 712.55000000000007 21.600000000000005 728.05000000000007 162.10208333333335 18.320000000000004 17.300000000000001 15.985000000000001 692.45000000000016 683.25000000000011 698.55000000000007 4.5250000000000012 2.8500000000000001 193.58958333333337 8.3500000000000032 69.40000000000002 179.38333333333335 257.30208333333337 6.2650000000000006 15.790000000000001 9.2500000000000018 2.5000000000000004 257.30208333333337 240.58333333333337 11.300000000000002 233.91041666666669 46.350000000000001 702.35000000000014 184.78541666666672 173.66458333333335
decision_type=2 2 2 2 2 2 2 2 2 2 2 2 2 2 2 2 2 2 2 2 2 2 2 2 2 2 2 2 2 2
left_child=2 -2 3 4 6 8 7 10 9 12 -1 -12 13 14 -6 16 18 -15 -16 20 21 -14 23 24 -22 27 -27 29 -29 -26
right_child=1 -3 -4 -5 5 -7 -8 -9 -10 -11 11 -13 19 17 15 -17 -18 -19 -20 -21 22 -23 -24 -25 25 26 -28 28 -30 -31
leaf_value=0.0029198771661827052 0.65326637725035352 -0.0097092198098407082 -0.50500894165039056 0.240351759493351 0.1756327547132969 -0.55095300504139499 0.48684440234109111 -0.24149924168984094 -0.17595324279007285 0.21160342340171337 -0.049280253182286807 0.27049290441414892 0.06207010944684347 0.14407704707321733 -0.20179425360578482 0.035645520719896316 -0.37198214409026237 -0.1295284304022789 0.1072524749419906 0.13770775169134139 0.18724464456240336 -0.24688441307707265 0.12738716193976313 -0.18603242514845061 -0.080622858090772617 -0.036248768121004103 0.36887937828898432 0.062744845662798199 -0.25184747725725176 0.0057031285506600627
leaf_weight=2634 24 119 25 20 51 28 23 24 47 25 23 34 30 129 33 71 22 20 22 40 30 55 52 49 242 24 20 21 53 642
leaf_count=2634 24 119 25 20 51 28 23 24 47 25 23 34 30 129 33 71 22 20 22 40 30 55 52 49 242 24 20 21 53 642
internal_value=-3.72725e-10 0.101559 -0.00323524 -0.000425129 -0.00150873 -0.0163309 0.0077267 0.00366788 -0.00740991 -0.00255305 0.00585443 0.141462 -0.00588675 0.0431041 -0.00500081 -0.0672462 -0.16212 0.107351 -0.0781756 -0.0194391 -0.0245999 -0.137842 -0.0161042 -0.0230067 -0.0152661 -0.0213293 0.1479 -0.0291019 -0.162571 -0.0179291
internal_weight=4632 143 4489 4464 4444 1706 2738 2715 1678 1631 2691 57 1606 348 199 148 77 149 55 1258 1218 85 1133 1081 1032 1002 44 958 74 884
internal_count=4632 143 4489 4464 4444 1706 2738 2715 1678 1631 2691 57 1606 348 199 148 77 149 55 1258 1218 85 1133 1081 1032 1002 44 958 74 884
is_linear=0
shrinkage=0.05


Tree=208
num_leaves=31
num_cat=0
split_feature=6 3 7 3 3 7 5 0 3 7 5 4 4 4 6 7 0 5 5 7 5 6 5 0 1 6 3 6 3 4
split_gain=626.902 4237.65 201.337 4681.66 1941.04 1149.09 512.46 615.219 601.198 549.163 743.175 675.923 1129.33 613.337 599.368 1165.03 1105.72 1010.25 830.498 516.728 595.495 508.879 497.925 488.212 752.95 505.304 1017.47 602.027 1344.49 576.008
threshold=728.05000000000007 21.600000000000005 140.98958333333334 19.095000000000002 16.150000000000002 140.31458333333336 692.45000000000016 16.500000000000004 5.4150000000000009 149.48541666666671 683.25000000000011 109.95000000000002 72.750000000000014 34.400000000000006 42.650000000000013 144.71250000000003 7.5000000000000009 29.550000000000004 31.750000000000004 201.57916666666668 703.30000000000007 56.300000000000004 11.950000000000001 22.500000000000004 1.5000000000000002 1.9500000000000002 13.575000000000001 4.6500000000000012 6.3050000000000006 725.6500000000002
decision_type=2 2 2 2 2 2 2 2 2 2 2 2 2 2 2 2 2 2 2 2 2 2 2 2 2 2 2 2 2 2
left_child=1 2 4 6 5 -1 9 19 -9 11 23 12 13 14 16 18 -4 -17 -16 20 -8 -22 -13 25 -25 26 -11 28 -27 -29
right_child=-2 -3 3 -5 -6 -7 7 8 -10 10 -12 22 -14 -15 15 17 -18 -19 -20 -21 21 -23 -24 24 -26 27 -28 29 -30 -31
leaf_value=-0.00033127779005429168 -0.26627156666734003 0.65047592163085943 0.15155168715222131 -0.73747944398359822 0.50015707284212119 0.2930063116035479 -0.16355676365395388 -0.071797022767938104 -0.41883045310775446 0.039692469326501639 0.24508462512131893 -0.29255779577153074 0.31710667759180072 -0.24284606702399977 0.51122760534286493 -0.28324299984508089 -0.22657653417052895 0.1856086700409651 0.055569190680980686 -0.23483126136389645 -0.0077852067020204342 0.31226393985359568 -0.079495491431672366 -0.34166863322258001 -0.016621132807866222 0.056912384741008286 0.36811588466167455 0.007082180922776047 -0.44517591545979185 -0.26299696656409649
leaf_weight=1847 22 25 29 22 20 34 24 26 24 416 33 42 24 33 20 27 58 20 20 22 27 23 79 25 62 30 25 1529 24 20
leaf_count=1847 22 25 29 22 20 34 24 26 24 416 33 42 24 33 20 27 58 20 20 22 27 23 79 25 62 30 25 1529 24 20
internal_value=2.45784e-10 0.00127071 -0.00226912 -0.011087 0.0101807 0.00497094 -0.00508372 -0.0961537 -0.238373 0.000200943 0.00962218 -0.0577182 -0.00757252 -0.0452165 -0.00773501 0.0850638 -0.100534 -0.0837317 0.283398 -0.022081 0.041169 0.139437 -0.153451 0.00597588 -0.110026 0.0109133 0.0583106 -0.0021261 -0.166238 0.00359504
internal_weight=4632 4610 4585 2684 1901 1881 2662 146 50 2516 2164 352 231 207 174 87 87 47 40 96 74 50 121 2131 87 2044 441 1603 54 1549
internal_count=4632 4610 4585 2684 1901 1881 2662 146 50 2516 2164 352 231 207 174 87 87 47 40 96 74 50 121 2131 87 2044 441 1603 54 1549
is_linear=0
shrinkage=0.05


Tree=209
num_leaves=31
num_cat=0
split_feature=0 3 3 4 4 3 7 6 3 7 7 0 6 5 7 5 5 7 7 6 6 3 6 3 6 6 3 5 4 3
split_gain=619.798 23749.7 13563.7 438.784 680.202 665.214 489.352 636.973 543.61 473.602 414.639 391.285 695.417 590.816 524.328 805.862 486.695 486.47 946.684 723.343 816.404 998.748 1815.48 838.931 655.268 550.784 669.876 408.272 349.826 340.098
threshold=18.500000000000004 17.300000000000001 19.910000000000004 299.10000000000008 170.35000000000002 4.4150000000000009 161.6854166666667 144.25000000000003 6.3450000000000006 139.65625000000003 227.4041666666667 19.500000000000004 13.65 26.750000000000004 96.022916666666674 28.350000000000005 703.30000000000007 133.91458333333335 130.09375000000003 203.25000000000003 32.45000000000001 3.8250000000000006 73.200000000000003 9.3150000000000031 4.9500000000000011 155.70000000000002 7.1350000000000007 92.300000000000026 35.150000000000013 3.3350000000000004
decision_type=2 2 2 2 2 2 2 2 2 2 2 2 2 2 2 2 2 2 2 2 2 2 2 2 2 2 2 2 2 2
left_child=2 3 -1 4 10 -6 8 -8 9 -5 11 12 -2 -14 15 -13 17 18 25 20 23 -22 -23 24 29 26 28 -26 -16 -19
right_child=1 -3 -4 6 5 -7 7 -9 -10 -11 -12 14 13 -15 16 -17 -18 19 -20 -21 21 22 -24 -25 27 -27 -28 -29 -30 -31
leaf_value=-0.00036003061586880784 0.25953272786445736 1.7407019761949778 -1.034280100464821 0.023307317708219803 -0.019595000147819522 0.29816270135343076 -0.065329893575846287 0.23371862893303239 -0.37419281516756331 -0.23680321967229245 -0.15066680021229245 -0.05750072866678238 0.17643655843355441 -0.092099023527569254 -0.26125482824113638 0.30321136415004735 -0.267457726970315 0.0088104398548603056 -0.40876055315136911 -0.11243585819328153 -0.047903040893099928 0.67068103985352956 0.068343225943631139 -0.23341988469323804 0.047211637925998917 0.13716039955615997 0.12913713001956542 -0.24643755376338961 -0.033601511187023585 0.26353976149111985
leaf_weight=3635 41 20 32 42 28 40 69 24 21 30 42 30 33 54 45 32 20 20 20 74 27 22 29 31 29 33 24 20 27 38
leaf_count=3635 41 20 32 42 28 40 69 24 21 30 42 30 33 54 45 32 20 20 20 74 27 22 29 31 29 33 24 20 27 38
internal_value=-5.37722e-10 0.0356535 -0.00938251 -0.000432135 0.016434 0.167321 -0.0692567 0.0118439 -0.150357 -0.0850721 0.00158544 0.0114384 0.0897649 0.0097593 -0.00780491 0.128673 -0.0262399 -0.0152504 -0.0886801 0.0224772 0.0686974 0.197994 0.328175 -0.00438341 0.061973 -0.0390552 -0.0996293 -0.0726452 -0.175885 0.175702
internal_weight=4632 965 3667 945 759 68 186 93 93 72 691 649 128 87 521 62 459 439 149 290 216 78 51 138 107 129 96 49 72 58
internal_count=4632 965 3667 945 759 68 186 93 93 72 691 649 128 87 521 62 459 439 149 290 216 78 51 138 107 129 96 49 72 58
is_linear=0
shrinkage=0.05


Tree=210
num_leaves=31
num_cat=0
split_feature=0 3 3 6 4 5 3 7 1 6 6 3 6 3 7 4 4 3 3 7 3 4 3 3 0 6 4 5 4 1
split_gain=598.06 6559.23 4678.03 553.384 348.139 728.434 570.22 596.255 372.467 205.443 1759.71 1266.43 1115.85 968.65 1329.1 911.204 794.277 461.667 709.556 994.22 321.207 629.006 1037 430.934 365.083 314.118 1229.49 1816.25 1303.06 1300.92
threshold=22.500000000000004 21.600000000000005 11.305000000000001 728.05000000000007 7.5500000000000007 40.95000000000001 5.7750000000000012 148.02708333333337 3.5000000000000004 87.300000000000026 84.40000000000002 17.300000000000001 117.25000000000001 16.975000000000005 176.20416666666668 151.25000000000003 385.95000000000005 8.2750000000000004 4.6550000000000011 151.11875000000003 12.945000000000002 129.85000000000002 14.175000000000002 14.175000000000002 7.5000000000000009 53.20000000000001 109.95000000000002 0.65000000000000002 682.95000000000016 1.5000000000000002
decision_type=2 2 2 2 2 2 2 2 2 2 2 2 2 2 2 2 2 2 2 2 2 2 2 2 2 2 2 2 2 2
left_child=1 3 4 9 5 -2 8 -8 -6 10 13 12 15 20 -15 17 -17 18 19 -11 25 22 -22 -23 -24 -1 27 -27 -28 -29
right_child=2 -3 -4 -5 6 -7 7 -9 -10 11 -12 -13 -14 14 -16 16 -18 -19 -20 -21 21 23 24 -25 -26 26 28 29 -30 -31
leaf_value=-0.010948794159099762 0.33550890966185504 -0.82810020446777344 0.79065708064784612 0.26314609587192533 -0.21966843002516293 -0.041190823641690341 0.29685235261917114 -0.076433302526888638 0.0091371366561486794 0.15846543837996091 -0.4031000856443176 0.39045270112427799 -0.0068329706336933043 -0.49003182252248129 0.041866030122922816 0.49446369676062701 0.11387873065882717 -0.10393756100109647 0.25731071010655299 -0.27290909124368973 0.36167507444109237 -0.25508238069713113 0.18485625602982261 0.056301872611045835 -0.068727004742249839 0.44666828202349801 -0.19191088880134094 -0.20145388535964184 0.25242467139448438 0.1371676745179754
leaf_weight=2280 21 24 21 20 46 33 20 23 29 34 28 22 1410 24 23 26 29 35 44 22 35 20 22 25 40 35 77 39 21 104
leaf_count=2280 21 24 21 20 46 33 20 23 29 34 28 22 1410 24 23 26 29 35 44 22 35 20 22 25 40 35 77 39 21 104
internal_value=-3.87574e-11 -0.00374623 0.0861632 0.000734973 0.00014942 0.105304 -0.0479719 0.0971879 -0.131197 -0.000459162 -0.00872691 0.0136755 0.00849483 -0.00470415 -0.229741 0.122243 0.293792 0.0523532 0.107055 -0.0110031 -0.000783936 0.0724105 0.144086 -0.0820911 0.0212542 -0.00485029 0.0455286 0.123832 -0.0966961 0.0448163
internal_weight=4632 4439 193 4415 172 54 118 43 75 4395 2773 1622 1600 2745 47 190 55 135 100 56 2698 142 97 45 62 2556 276 178 98 143
internal_count=4632 4439 193 4415 172 54 118 43 75 4395 2773 1622 1600 2745 47 190 55 135 100 56 2698 142 97 45 62 2556 276 178 98 143
is_linear=0
shrinkage=0.05


Tree=211
num_leaves=31
num_cat=0
split_feature=3 6 3 7 4 4 6 4 4 5 7 3 4 5 7 3 3 4 1 1 3 4 5 7 3 4 5 5 5 4
split_gain=623.329 496.941 400.246 1839.36 139.554 389.705 302.188 184.982 580.105 551.741 369.665 309.219 299.342 130.918 144.613 324.508 471.052 662.721 694.214 1143.94 529.849 496.215 326.804 277.278 593.344 1125.05 223.95 165.382 215.539 983.589
threshold=19.910000000000004 728.05000000000007 16.975000000000005 176.20416666666668 720.6500000000002 717.1500000000002 62.600000000000009 708.95000000000016 704.1500000000002 65.850000000000009 176.64375000000004 4.0250000000000012 699.05000000000007 725.45000000000016 85.020833333333357 1.905 5.3450000000000006 1.9500000000000002 1.5000000000000002 4.5000000000000009 4.6250000000000009 13.15 67.700000000000003 90.666666666666671 5.7550000000000008 36.050000000000004 32.750000000000007 719.1500000000002 653.90000000000009 303.55000000000007
decision_type=2 2 2 2 2 2 2 2 2 2 2 2 2 2 2 2 2 2 2 2 2 2 2 2 2 2 2 2 2 2
left_child=1 2 4 -4 5 7 -6 8 12 10 -9 -10 13 14 15 26 20 -18 -19 -20 21 -17 -23 24 25 -16 -1 28 -25 -30
right_child=-2 -3 3 -5 6 -7 -8 9 11 -11 -12 -13 -14 -15 23 16 17 18 19 -21 -22 22 -24 27 -26 -27 -28 -29 29 -31
leaf_value=-0.0245064737541335 0.19904919771047741 0.24098081333296642 -0.3647158150871595 0.17035353060426384 0.2062597842216492 -0.19500691065421472 -0.030952274455721008 0.12189748476852069 -0.052629051413387064 0.28652274708517572 -0.17138599561793466 -0.33066631287336351 0.13753960338922649 -0.10236772224307061 0.4538222566732894 -0.20879482014016029 0.27767529256641865 -0.29549495384097096 0.33444819413125515 -0.19392209478787015 -0.35638983022598997 -0.076344447539133192 0.17452390184182498 0.0021528709255777554 -0.092281306334413019 -0.04072502022204192 0.20927671939134598 0.12070789890629906 -0.0040611424689916782 -0.25746167573663925
leaf_weight=21 39 21 36 29 25 26 29 22 20 22 21 20 39 32 23 42 20 20 20 21 21 34 21 3609 26 23 20 28 257 45
leaf_count=21 39 21 36 29 25 26 29 22 20 22 21 20 39 32 23 42 20 20 20 21 21 34 21 3609 26 23 20 28 257 45
internal_value=-2.80745e-11 -0.00169016 -0.00280479 -0.125993 -0.00102818 -0.00199705 0.0788681 -0.000863496 -0.00211115 0.0828637 -0.021334 -0.191648 -0.000356994 -0.00161265 -0.000854201 -0.0385549 -0.0649451 0.0279038 -0.0539885 0.0638195 -0.12868 -0.0793824 0.0194416 0.00140164 0.0986378 0.206549 0.0895341 -0.000375719 -0.00124259 -0.0418195
internal_weight=4632 4593 4572 65 4507 4453 54 4427 4362 65 43 40 4322 4283 4251 240 199 81 61 41 118 97 55 4011 72 46 41 3939 3911 302
internal_count=4632 4593 4572 65 4507 4453 54 4427 4362 65 43 40 4322 4283 4251 240 199 81 61 41 118 97 55 4011 72 46 41 3939 3911 302
is_linear=0
shrinkage=0.05


Tree=212
num_leaves=31
num_cat=0
split_feature=6 3 7 3 3 3 0 7 5 3 1 3 3 4 0 1 7 7 7 6 0 5 5 4 0 7 3 1 5 3
split_gain=659.349 4306.94 187.645 2474.89 1967.77 549.36 440.571 778.868 689.962 854.703 690.621 571.402 349.941 391.23 678.763 1172.74 656.79 815.759 1097.85 938.129 719.274 638.156 707.382 564.911 503.632 1069.94 665.531 823.809 1474.43 766.513
threshold=728.05000000000007 21.600000000000005 161.33750000000001 18.320000000000004 17.300000000000001 15.985000000000001 1.5000000000000002 169.18958333333339 23.150000000000002 5.1950000000000012 2.5000000000000004 6.1650000000000009 13.780000000000001 4.2500000000000009 1.5000000000000002 1.5000000000000002 71.702083333333348 98.468750000000014 90.666666666666671 46.550000000000004 13.500000000000002 69.40000000000002 17.250000000000004 124.90000000000002 4.5000000000000009 142.95208333333338 7.5050000000000008 1.0000000180025095e-35 40.100000000000009 5.8950000000000005
decision_type=2 2 2 2 2 2 2 2 2 2 2 2 2 2 2 2 2 2 2 2 2 2 2 2 2 2 2 2 2 2
left_child=1 2 4 6 5 12 7 -4 9 -9 -10 -12 13 16 15 23 -1 18 20 -20 -18 22 -17 -15 25 -19 27 28 -26 -29
right_child=-2 -3 3 -5 -6 -7 -8 8 10 -11 11 -13 -14 14 -16 21 17 24 19 -21 -22 -23 -24 -25 26 -27 -28 29 -30 -31
leaf_value=0.23834005895663393 -0.2730754365975207 0.65579383850097661 -0.38165473103523256 -0.47305315116356161 0.4768364243209362 -0.23609040404359499 -6.5063653943277035e-05 -0.10920523063590129 -0.34253684304378651 0.3127700890103976 0.15007098558480325 -0.21535235092043881 0.13392171105917763 0.17657006682517629 0.0040868206847861415 0.02839615922421217 0.13360556713579333 -0.20104132454799509 -0.59230665961901352 -0.15021664308650154 -0.18929451744471279 0.17055280526930638 -0.31543657460383012 0.51333446979522701 0.55302714868670422 0.10383785318496615 -0.093837334269827072 -0.025432619634488403 -0.020656719307104748 0.18489300117448526
leaf_weight=22 22 25 20 29 22 24 1622 24 27 24 23 20 51 33 1831 52 34 87 21 28 35 44 21 20 21 43 110 219 24 54
leaf_count=22 22 25 20 29 22 24 1622 24 27 24 23 20 51 33 1831 52 34 87 21 28 35 44 21 20 21 43 110 219 24 54
internal_value=-2.30632e-10 0.00130318 -0.00226547 -0.0149109 0.00582558 0.0020901 -0.00736192 -0.0931264 -0.0442233 0.101782 -0.144342 -0.0198934 0.00416876 0.00171697 0.0129601 0.108531 -0.0305145 -0.0392642 -0.158705 -0.339684 -0.0301843 0.0201432 -0.0705146 0.303651 -0.0140061 -0.100197 0.0121733 0.0488437 0.247062 0.0161703
internal_weight=4632 4610 4585 1789 2796 2774 1760 138 118 48 70 43 2750 2699 2001 170 698 676 118 49 69 117 73 53 558 130 428 318 45 273
internal_count=4632 4610 4585 1789 2796 2774 1760 138 118 48 70 43 2750 2699 2001 170 698 676 118 49 69 117 73 53 558 130 428 318 45 273
is_linear=0
shrinkage=0.05


Tree=213
num_leaves=31
num_cat=0
split_feature=7 3 3 3 7 7 0 3 4 4 0 7 6 5 3 6 7 7 1 3 3 6 4 0 7 3 4 4 3 3
split_gain=602.046 20548.3 17914.2 2140 339.026 686.059 1138.52 1484.64 362.484 766.522 887.939 792.507 1144.34 911.304 1362.75 1105 866.671 759.28 675.306 659.643 653.623 905.641 1522.28 970.197 1337.43 1212.26 832.805 713.809 643.63 772.889
threshold=156.0604166666667 19.910000000000004 18.320000000000004 16.975000000000005 155.15833333333336 153.59375000000003 17.500000000000004 4.6550000000000011 82.65000000000002 44.350000000000001 3.5000000000000004 145.21666666666673 10.850000000000003 74.600000000000009 2.0850000000000004 20.250000000000004 142.95208333333338 136.47291666666669 3.5000000000000004 3.8250000000000006 3.1950000000000007 400.55000000000007 1.3500000000000003 13.500000000000002 133.91458333333335 6.7750000000000012 23.150000000000002 11.450000000000001 4.245000000000001 5.6450000000000005
decision_type=2 2 2 2 2 2 2 2 2 2 2 2 2 2 2 2 2 2 2 2 2 2 2 2 2 2 2 2 2 2
left_child=1 3 -2 4 5 8 7 -7 9 11 -11 12 17 15 -15 19 -17 18 28 -14 -16 23 -23 26 25 -25 27 -22 -1 -30
right_child=2 -3 -4 -5 -6 6 -8 -9 -10 10 -12 -13 13 14 20 16 -18 -19 -20 -21 21 22 -24 24 -26 -27 -28 -29 29 -31
leaf_value=-0.12413755527349433 -0.00038697968498772726 -1.6123928451538085 1.0816926475518789 -0.49457831707867711 -0.15169109651404952 0.010288179231186708 -0.13524204241516799 0.56084562730789178 0.025637514689348731 -0.33775326663797556 -0.05911145405582735 -0.092629317146035575 0.10275294266898057 0.19742564140604094 -0.20415134197574553 0.044488162583737667 0.37478351479484923 0.10720404034223537 -0.18798367304386507 0.41939670405791785 -0.18693106378195809 -0.11778289045278843 0.40909879588489906 -0.30304275069917952 0.39368415285240521 0.14425526270360658 -0.44198591492392802 0.12813086909055713 0.284317433723697 -0.029972488968305185
leaf_weight=99 1986 20 39 22 36 24 23 25 815 33 214 201 29 65 59 366 21 58 112 38 64 26 29 28 22 33 22 25 27 71
leaf_count=99 1986 20 39 22 36 24 23 25 815 33 214 201 29 65 59 366 21 58 112 38 64 26 29 28 22 33 22 25 27 71
internal_value=-1.21425e-09 -0.015887 0.0204531 -0.0035445 0.000667097 0.0028359 0.154965 0.291185 -0.0016221 -0.0151523 -0.0963389 -0.000777329 0.0146852 0.0472933 -0.0106125 0.0948679 0.0624112 -0.0587941 -0.0899523 0.282342 -0.0545167 -0.0190611 0.160027 -0.0698337 0.0594732 -0.0610619 -0.166523 -0.0984305 -0.0342188 0.0566176
internal_weight=4632 2607 2025 2587 2565 2529 72 49 2457 1642 247 1395 1194 827 373 454 387 367 309 67 308 249 55 194 83 61 111 89 197 98
internal_count=4632 2607 2025 2587 2565 2529 72 49 2457 1642 247 1395 1194 827 373 454 387 367 309 67 308 249 55 194 83 61 111 89 197 98
is_linear=0
shrinkage=0.05


Tree=214
num_leaves=31
num_cat=0
split_feature=5 6 3 6 3 0 7 3 3 5 3 5 7 5 1 5 7 7 3 1 4 0 0 6 3 4 4 1 0 0
split_gain=600.117 3220.43 2150.01 422.211 418.088 374.769 214.88 3040.39 2028.68 537.57 481.409 373.954 348.767 481.423 954.265 555.921 494.359 516.733 416.542 656.146 514.298 545.357 442.787 427.087 704.144 413.094 543.414 385.524 1104.13 779.773
threshold=705.75000000000011 1.0000000180025095e-35 21.600000000000005 728.05000000000007 5.7550000000000008 14.500000000000002 162.10208333333335 18.320000000000004 17.300000000000001 692.45000000000016 15.985000000000001 683.25000000000011 164.86250000000004 6.0500000000000007 5.5000000000000009 8.7500000000000018 191.34583333333336 176.20416666666668 6.1650000000000009 1.0000000180025095e-35 82.65000000000002 10.500000000000002 5.5000000000000009 19.350000000000005 3.3350000000000004 134.40000000000003 29.250000000000004 4.5000000000000009 12.500000000000002 6.5000000000000009
decision_type=2 2 2 2 2 2 2 2 2 2 2 2 2 2 2 2 2 2 2 2 2 2 2 2 2 2 2 2 2 2
left_child=2 -2 3 6 -3 -6 8 9 10 11 -1 12 -8 14 18 -15 17 -16 20 -20 23 -22 -21 24 -14 26 -24 29 -29 -17
right_child=1 4 -4 -5 5 -7 7 -9 -10 -11 -12 -13 13 15 16 27 -18 -19 19 22 21 -23 25 -25 -26 -27 -28 28 -30 -31
leaf_value=0.0047913337902968697 0.52732388035339472 0.055336196814911282 -0.46586285400390626 0.22833594113588332 -0.024155939852490146 -0.29692456692457203 -0.10528382955207712 -0.53260083879743314 0.47437089785285624 -0.20399091462878621 -0.22014386393129826 0.18877637271583081 -0.09085698455572129 -0.18887117482397869 0.14995311319828034 -0.074069300407358402 0.034579502452503554 0.50937391832470902 0.29457002026694162 0.18504087127306884 -0.23749965292712055 0.0021091114808904367 -0.046503760066686897 -0.042178600708643599 0.28512466679694076 -0.17919448435306551 0.25570505914233982 0.026953180628798663 -0.17412914687492809 0.039313973906641771
leaf_weight=2680 34 79 25 20 34 20 84 28 23 34 24 25 20 46 20 211 22 20 28 34 48 47 51 75 33 30 21 155 122 539
leaf_count=2680 34 79 25 20 34 20 84 28 23 34 24 25 20 46 20 211 22 20 28 34 48 47 51 75 33 30 21 155 122 539
internal_value=-4.84787e-10 0.0930586 -0.00348058 -0.000877074 -0.0179566 -0.125181 -0.00191424 -0.015906 0.00677222 -0.00721679 0.00279487 -0.00311482 -0.00610191 -0.000628011 0.0428433 -0.0188187 0.224956 0.329664 0.0136676 0.0741563 -0.0308174 -0.118956 0.028777 0.0345983 0.143245 -0.023311 0.0416405 -0.011202 -0.0616102 0.00741548
internal_weight=4632 167 4465 4440 133 54 4420 1693 2727 1665 2704 1631 1606 1522 449 1073 62 40 387 164 223 95 136 128 53 102 72 1027 277 750
internal_count=4632 167 4465 4440 133 54 4420 1693 2727 1665 2704 1631 1606 1522 449 1073 62 40 387 164 223 95 136 128 53 102 72 1027 277 750
is_linear=0
shrinkage=0.05


Tree=215
num_leaves=31
num_cat=0
split_feature=3 6 3 7 0 4 4 6 4 0 4 4 3 5 7 3 3 4 1 1 3 4 5 7 4 6 6 3 6 6
split_gain=673.549 456.356 406.421 1726.81 644.758 127.549 349.881 282.848 162.869 527.176 513.385 272.652 270.956 128.534 137.991 284.76 399.028 592.026 625.668 1008.21 483.951 417.468 293.798 262.373 1169.14 1339.13 1442.85 1404.19 1020.19 1017.6
threshold=19.910000000000004 728.05000000000007 16.975000000000005 157.75416666666669 11.500000000000002 720.6500000000002 717.1500000000002 62.600000000000009 708.95000000000016 13.500000000000002 704.1500000000002 699.05000000000007 4.0250000000000012 725.45000000000016 85.020833333333357 1.905 5.3450000000000006 1.9500000000000002 1.5000000000000002 4.5000000000000009 4.6250000000000009 13.15 67.700000000000003 99.279166666666683 4.2500000000000009 1.6500000000000001 22.400000000000002 4.6550000000000011 47.350000000000001 51.750000000000007
decision_type=2 2 2 2 2 2 2 2 2 2 2 2 2 2 2 2 2 2 2 2 2 2 2 2 2 2 2 2 2 2
left_child=1 2 5 -4 -5 6 8 -7 10 -10 11 13 -12 14 15 -1 20 -18 -19 -20 21 -17 -23 24 29 27 -27 -26 -28 -16
right_child=-2 -3 3 4 -6 7 -8 -9 9 -11 12 -13 -14 -15 23 16 17 18 19 -21 -22 22 -24 -25 25 26 28 -29 -30 -31
leaf_value=0.082306355746780968 0.2069122687364236 0.23079352009864082 -0.48725417093797169 0.25554647757893517 -0.13178400397300721 0.19859539961814882 -0.184843447804451 -0.030900075151745615 0.22680137175465787 -0.058290132836383936 -0.050228071585297587 0.13119780789965238 -0.31049528926610948 -0.10143916085362435 -0.29253637867096144 -0.19264966802937644 0.25912713164463641 -0.28362156197428706 0.31156001832219776 -0.18447599340052834 -0.33868723596845357 -0.074125578298288239 0.16373745444275084 -0.0020244896344448599 0.064212191511284225 -0.26546396344900131 0.4304053139280189 0.61723756243785222 0.047921312139147805 0.066392933130264287
leaf_weight=41 39 21 22 21 22 25 26 29 31 34 20 39 20 32 39 42 20 20 20 21 21 34 21 3750 22 30 22 24 84 40
leaf_count=41 39 21 22 21 22 25 26 29 31 34 20 39 20 32 39 42 20 20 20 21 21 34 21 3750 22 30 22 24 84 40
internal_value=-8.23286e-11 -0.00175693 -0.00282507 -0.126959 0.0573774 -0.00103481 -0.00196107 0.0753478 -0.000886996 0.0776766 -0.00205771 -0.000407506 -0.180362 -0.00160587 -0.000854365 -0.0376818 -0.0624029 0.0230533 -0.054348 0.0574928 -0.121064 -0.0739492 0.0166949 0.00134922 0.0498221 0.119543 0.0406646 0.352747 0.127305 -0.1108
internal_weight=4632 4593 4572 65 43 4507 4453 54 4427 65 4362 4322 40 4283 4251 240 199 81 61 41 118 97 55 4011 261 182 136 46 106 79
internal_count=4632 4593 4572 65 43 4507 4453 54 4427 65 4362 4322 40 4283 4251 240 199 81 61 41 118 97 55 4011 261 182 136 46 106 79
is_linear=0
shrinkage=0.05


Tree=216
num_leaves=31
num_cat=0
split_feature=6 3 3 7 0 4 4 7 4 5 5 1 5 7 7 0 5 1 1 7 3 3 3 4 4 7 7 3 5 3
split_gain=680.593 4443.25 183.978 3626.77 1472.78 117.434 803.972 799.469 658.134 652.506 661.675 664.368 615.534 643.36 905.534 702.108 615.794 1030.93 563.281 499.654 650.642 477.144 471.723 460.273 456.753 437.174 606.376 1151.96 980.672 1598.44
threshold=728.05000000000007 21.600000000000005 16.975000000000005 149.80833333333337 8.5000000000000018 26.150000000000002 15.850000000000003 185.26666666666671 32.750000000000007 489.00000000000006 222.80000000000004 5.5000000000000009 31.750000000000004 173.66458333333335 120.96875 9.5000000000000018 114.75000000000001 3.5000000000000004 1.0000000180025095e-35 118.90000000000001 5.1150000000000011 5.4150000000000009 4.6550000000000011 22.650000000000002 15.450000000000001 76.843750000000014 105.99166666666669 5.6450000000000005 351.80000000000001 3.2950000000000004
decision_type=2 2 2 2 2 2 2 2 2 2 2 2 2 2 2 2 2 2 2 2 2 2 2 2 2 2 2 2 2 2
left_child=1 2 5 -4 -5 6 24 9 12 10 11 18 13 14 -7 -16 -14 -18 -8 22 23 -13 -20 -21 -1 -10 27 28 29 -27
right_child=-2 -3 3 4 -6 8 7 -9 25 -11 -12 21 16 -15 15 -17 17 -19 19 20 -22 -23 -24 -25 -26 26 -28 -29 -30 -31
leaf_value=0.0018217093521448648 -0.27743975953622296 0.66609133911132812 0.48327284001168752 -0.0078585667105821461 -0.51813976803133566 0.32665413498878482 -0.17293346862535219 -0.24328327740802141 -0.152215007454791 0.15197795065673625 -0.28160279158389934 -0.051854420843578525 -0.1585747190647655 0.42136799422177407 0.18315103281111944 -0.21272835743923985 0.27020529196471782 -0.14062961408725153 0.065968563306060699 -0.11330248100417002 0.26051491411720834 -0.38890882844016672 -0.26533559926208999 0.17855443615805022 0.24227871645241975 0.10792666551257885 -0.006851733520178151 0.22499592408976135 0.30475178376178852 -0.24069926584920576
leaf_weight=1574 22 25 21 26 31 30 37 61 47 37 33 21 36 22 21 24 37 26 22 35 41 21 21 22 20 70 2080 85 22 62
leaf_count=1574 22 25 21 26 31 30 37 61 47 37 33 21 36 22 21 24 37 26 22 35 41 21 21 22 20 70 2080 85 22 62
internal_value=-6.21347e-10 0.00132401 -0.00230068 -0.0784349 -0.28538 -0.000983068 -0.0102461 -0.0787509 0.00604916 -0.0441424 -0.072824 -0.0415072 0.0940967 0.183612 0.113871 -0.0279846 0.00638925 0.100654 0.000699128 0.0462623 0.108609 -0.220382 -0.0958311 -0.000655952 0.00483874 -0.00124472 0.00181505 0.0772414 -0.00431135 -0.0558219
internal_weight=4632 4610 4585 78 57 4507 1945 351 2562 290 253 220 196 97 75 45 99 63 178 141 98 42 43 57 1594 2366 2319 239 154 132
internal_count=4632 4610 4585 78 57 4507 1945 351 2562 290 253 220 196 97 75 45 99 63 178 141 98 42 43 57 1594 2366 2319 239 154 132
is_linear=0
shrinkage=0.05


Tree=217
num_leaves=31
num_cat=0
split_feature=6 3 6 6 3 7 3 6 3 3 7 3 7 5 3 3 1 1 7 6 5 6 0 0 6 1 3 3 4 5
split_gain=614.236 4010.04 166.811 1595.08 901.035 1542.17 736.959 850.957 694.374 1240.19 1154.28 975.08 770.666 695.106 339.118 644.08 569.64 401.884 326.674 506.004 433.036 377.057 318.994 702.644 1019.43 714.116 789.232 800.599 917.752 1437.64
threshold=728.05000000000007 21.600000000000005 87.300000000000026 84.40000000000002 16.975000000000005 188.82291666666669 17.300000000000001 117.25000000000001 8.1150000000000002 4.6550000000000011 121.50416666666668 5.7550000000000008 151.11875000000003 30.100000000000005 2.2050000000000005 0.85500000000000009 1.0000000180025095e-35 5.5000000000000009 128.82708333333338 314.30000000000001 3.8500000000000001 481.4500000000001 20.500000000000004 15.500000000000002 127.65000000000002 1.5000000000000002 3.9850000000000008 12.645000000000001 195.40000000000001 6.8500000000000005
decision_type=2 2 2 2 2 2 2 2 2 2 2 2 2 2 2 2 2 2 2 2 2 2 2 2 2 2 2 2 2 2
left_child=1 2 3 4 -1 -6 7 8 9 10 -4 -11 -10 -13 15 -9 -17 18 21 -20 -21 -18 23 24 -16 -26 -27 28 -28 -30
right_child=-2 -3 6 -5 5 -7 -8 14 12 11 -12 13 -14 -15 22 16 17 -19 19 20 -22 -23 -24 -25 25 26 27 -29 29 -31
leaf_value=-0.0021562934022081224 -0.26356777602976023 0.63278683471679686 0.3622789877653122 -0.38505698378596986 -0.4601559191942215 0.11470441162586212 0.29133946610533673 -0.11323653085559023 -0.23260025211742949 0.6003218127148493 -0.072095250613414319 -0.032001401856541635 0.16285538903691554 0.36347145843505863 -0.32185343082608853 0.26901985757052899 -0.21026525582586017 0.22822520509362221 0.21307126948156874 -0.19193903130033743 0.088970359809258409 0.070008931131589985 -0.08900706551486641 0.064967000427842134 -0.095234225153726107 -0.081030856655801051 0.021471013659004737 -0.15678811336672582 0.53663773275911808 0.094767163568942603
leaf_weight=2808 22 25 20 28 28 20 23 51 28 21 65 20 22 25 29 35 28 26 37 23 34 21 139 250 227 170 261 43 24 79
leaf_count=2808 22 25 20 28 28 20 23 51 28 21 65 20 22 25 29 35 28 26 37 23 34 21 139 250 227 170 261 43 24 79
internal_value=-1.81486e-10 0.00125781 -0.00218564 -0.00950997 -0.00582813 -0.220631 0.0102325 0.00637947 0.1029 0.156377 0.0301105 0.318993 -0.0585998 0.187706 -0.00675569 0.0456913 0.0854232 0.0474003 0.014523 0.0690854 -0.024379 -0.0901477 -0.0177 -0.00854798 -0.0306113 -0.0201063 0.00945011 0.0472431 0.0713457 0.197727
internal_weight=4632 4610 4585 2884 2856 48 1701 1678 201 151 85 66 50 45 1477 255 204 169 143 94 57 49 1222 1083 833 804 577 407 364 103
internal_count=4632 4610 4585 2884 2856 48 1701 1678 201 151 85 66 50 45 1477 255 204 169 143 94 57 49 1222 1083 833 804 577 407 364 103
is_linear=0
shrinkage=0.05


Tree=218
num_leaves=31
num_cat=0
split_feature=7 3 3 3 7 7 0 3 4 4 3 4 6 1 7 5 7 7 3 1 3 5 5 3 5 7 5 3 6 4
split_gain=585.513 19849 16458.4 1902.25 299.866 623.432 1025.39 1321.56 308.587 752.986 574.763 645.8 1175.22 1020.44 1107.81 1009.16 1360.01 1001.47 950.216 1162.81 795.303 579.953 1262.7 1168.45 997.155 754.989 677.773 565.219 537.51 1580.88
threshold=156.0604166666667 19.910000000000004 18.320000000000004 16.975000000000005 155.15833333333336 153.59375000000003 17.500000000000004 4.6550000000000011 82.65000000000002 76.800000000000026 1.0750000000000004 182.90000000000001 298.50000000000006 2.5000000000000004 141.29375000000002 18.650000000000002 106.84583333333333 149.48541666666671 7.3450000000000006 1.5000000000000002 4.5250000000000012 90.100000000000009 561.30000000000007 5.9350000000000014 698.55000000000007 146.8416666666667 44.350000000000001 4.2150000000000007 10.850000000000003 62.150000000000013
decision_type=2 2 2 2 2 2 2 2 2 2 2 2 2 2 2 2 2 2 2 2 2 2 2 2 2 2 2 2 2 2
left_child=1 3 -2 4 5 8 7 -7 9 28 -10 12 13 18 15 -15 -17 21 19 20 -12 25 23 -23 -24 26 -13 -14 29 -1
right_child=2 -3 -4 -5 -6 6 -8 -9 10 -11 11 17 27 14 -16 16 -18 -19 -20 -21 -22 22 24 -25 -26 -27 -28 -29 -30 -31
leaf_value=-0.03364574461493914 0.00019498233226655955 -1.5847726058959961 1.0373740966503437 -0.46649058732119475 -0.14285497404634953 0.011747349984943867 -0.12791858602963066 0.53118841934204108 -0.13120768338974034 -0.28119803437819851 0.046143342256546024 -0.0099113415029238577 0.076630082353949552 0.37523596021864147 -0.28323555911580722 0.32000415623188022 -0.17398002492754083 0.21032741101933461 0.0059532168286818045 0.62312034458781662 0.44193440207957546 0.038121296097902033 -0.33050448433045421 0.39222610054866358 0.1157294355687641 -0.34839660118926657 -0.24120656092072257 -0.24436020274879411 0.0097290470772452425 -0.466864367777651
leaf_weight=492 1986 20 39 22 36 24 23 25 56 26 30 220 24 27 21 22 38 51 27 26 22 74 31 34 21 22 37 32 1102 22
leaf_count=492 1986 20 39 22 36 24 23 25 56 26 30 220 24 27 21 22 38 51 27 26 22 74 31 34 21 22 37 32 1102 22
internal_value=-2.89598e-10 -0.0156674 0.0201703 -0.00353667 0.000434081 0.00247378 0.147493 0.276768 -0.00177587 -0.0142597 0.0233756 0.034781 0.0970282 0.150615 0.0427062 0.121382 0.00714751 0.000608525 0.261607 0.350102 0.213593 -0.0237552 0.0521334 0.149599 -0.150295 -0.0672755 -0.0432107 -0.106793 -0.00996492 -0.0521882
internal_weight=4632 2607 2025 2587 2565 2529 72 49 2457 1642 815 759 269 213 108 87 60 490 105 78 52 439 160 108 52 279 257 56 1616 514
internal_count=4632 2607 2025 2587 2565 2529 72 49 2457 1642 815 759 269 213 108 87 60 490 105 78 52 439 160 108 52 279 257 56 1616 514
is_linear=0
shrinkage=0.05


Tree=219
num_leaves=31
num_cat=0
split_feature=0 3 3 1 5 7 4 7 7 3 5 7 7 4 7 6 6 6 0 0 5 6 7 6 5 7 1 4 3 6
split_gain=587.23 21917.5 12434.3 377.458 764.925 652.786 646.155 586.106 529.333 603.582 586.426 568.232 551.408 551.368 632.202 517.592 495.099 671.114 462.089 980.175 724.477 716.445 604.625 605.883 759.276 653.121 593.915 575.861 357.557 353.18
threshold=18.500000000000004 17.300000000000001 19.910000000000004 5.5000000000000009 7.2500000000000009 96.022916666666674 14.450000000000001 118.51875 128.2104166666667 6.2150000000000007 688.95000000000016 132.04166666666671 227.4041666666667 5.6500000000000012 144.30208333333334 56.300000000000004 15.450000000000001 150.05000000000004 20.500000000000004 22.500000000000004 52.70000000000001 15.450000000000001 151.90000000000003 24.650000000000002 49.350000000000001 168.28750000000002 2.5000000000000004 43.45000000000001 4.995000000000001 56.300000000000004
decision_type=2 2 2 2 2 2 2 2 2 2 2 2 2 2 2 2 2 2 2 2 2 2 2 2 2 2 2 2 2 2
left_child=2 3 -1 5 -5 6 -2 -7 9 -9 11 -10 13 14 -13 -16 -6 -18 20 22 21 -15 -20 25 -25 -24 -22 -21 -17 -14
right_child=1 -3 -4 4 16 7 -8 8 10 -11 -12 12 29 18 15 28 17 -19 19 27 26 -23 23 24 -26 -27 -28 -29 -30 -31
leaf_value=-0.00049400209361159515 -0.015761962303748499 1.6726633813977241 -0.99043236970901494 0.12291042527390852 -0.29767390702451979 -0.11487114077899606 0.31535992569783156 0.050485616521193433 -0.23333972543478013 0.36290727156129754 -0.17858338412784397 0.37745555613351911 -0.22594504663438508 -0.3677930468263535 0.20838279832154513 0.10688072532415389 0.043462164181730024 -0.28732580510170563 -0.030814493382349612 -0.28210064849028221 0.23978193700313569 -0.050187744892069279 0.54988007366657266 0.23980870648390717 -0.12325980402529241 0.16300335675477984 -0.083061281485216965 0.023279116694864474 -0.18851896283172428 0.017894889027984053
leaf_weight=3635 26 20 32 36 35 96 34 52 22 22 42 23 33 26 40 20 46 23 40 26 29 56 20 36 24 24 28 38 21 27
leaf_count=3635 26 20 32 36 35 96 34 52 22 22 42 23 33 26 40 20 46 23 40 26 29 56 20 36 24 24 28 38 21 27
internal_value=1.10542e-10 0.0347042 -0.00913268 3.83771e-05 -0.075736 0.0132165 0.171874 0.000438772 0.0174954 0.143368 0.00129618 0.0154706 0.0261825 0.0451271 0.146111 0.0804201 -0.144498 -0.0668005 0.0148611 0.0620287 -0.0557207 -0.150892 0.134389 0.197928 0.0945813 0.338856 0.0811923 -0.100781 -0.0444216 -0.116217
internal_weight=4632 965 3667 945 140 805 60 745 649 74 575 533 511 451 104 81 104 69 347 208 139 82 144 104 60 44 57 64 41 60
internal_count=4632 965 3667 945 140 805 60 745 649 74 575 533 511 451 104 81 104 69 347 208 139 82 144 104 60 44 57 64 41 60
is_linear=0
shrinkage=0.05


Tree=220
num_leaves=31
num_cat=0
split_feature=3 6 3 7 4 4 6 4 5 4 3 3 4 5 7 5 6 6 6 5 0 4 0 7 4 6 6 3 6 6
split_gain=613.058 531.68 481.814 1593.91 115.453 321.673 260.228 135.898 494.939 461.238 330.69 250.748 239.493 119.539 124.88 262.769 484.135 555.459 766.196 378.848 438.098 351.728 245.42 218.512 1013.42 1193.51 1253.18 1215.77 917.389 888.32
threshold=19.910000000000004 728.05000000000007 17.300000000000001 176.20416666666668 720.6500000000002 717.1500000000002 62.600000000000009 708.95000000000016 65.850000000000009 704.1500000000002 5.035000000000001 4.0250000000000012 699.05000000000007 725.45000000000016 85.020833333333357 605.75000000000011 3.2500000000000004 21.350000000000005 53.20000000000001 1.3500000000000003 14.500000000000002 36.750000000000007 14.500000000000002 99.279166666666683 4.2500000000000009 1.6500000000000001 22.400000000000002 4.6550000000000011 51.750000000000007 47.350000000000001
decision_type=2 2 2 2 2 2 2 2 2 2 2 2 2 2 2 2 2 2 2 2 2 2 2 2 2 2 2 2 2 2
left_child=1 2 4 -4 5 7 -6 9 10 12 -9 -11 13 14 15 16 -1 22 -19 -20 21 -21 -18 24 28 27 -27 -26 -16 -28
right_child=-2 -3 3 -5 6 -7 -8 8 -10 11 -12 -13 -14 -15 23 -17 17 18 19 20 -22 -23 -24 -25 25 26 29 -29 -30 -31
leaf_value=-0.18170066446912561 0.19740247115110743 0.24933355847994487 -0.39121460318565371 0.16909928972070867 0.18980058217048645 -0.17732381797753849 -0.030327366716388998 -0.15752524694670803 0.26390912614085454 -0.045835712403059004 0.11690576511124771 -0.2962095893919468 0.12289018533550776 -0.097852585092186931 -0.27662076292893828 0.11753765791654587 0.26835748893874034 -0.34669529855251313 -0.18519595158488855 0.2710049477716287 -0.12006459923890921 0.0055652399475757891 0.02362467706203461 -0.0018311107175136042 0.062070276385003877 -0.2493742606540521 0.39950289699164304 0.57665661002198865 0.064177989959716797 0.042594571402739916
leaf_weight=55 39 21 30 22 25 26 29 23 22 20 21 20 39 32 39 25 21 20 23 24 26 26 20 3762 22 30 22 24 40 84
leaf_count=55 39 21 30 22 25 26 29 23 22 20 21 20 39 32 39 25 21 20 23 24 26 26 20 3762 22 30 22 24 40 84
internal_value=6.22113e-10 -0.00167618 -0.00282911 -0.154159 -0.00108815 -0.00196685 0.0715837 -0.000939988 0.0702718 -0.00201451 -0.0265468 -0.171023 -0.00045468 -0.00157469 -0.000851986 -0.035889 -0.0537294 -0.00973923 -0.0644225 -0.00739769 0.0464097 0.132976 0.148976 0.00123822 0.0454789 0.110391 0.0359249 0.33055 -0.104064 0.11667
internal_weight=4632 4593 4572 52 4520 4466 54 4440 66 4374 44 40 4334 4295 4263 240 215 160 119 99 76 50 41 4023 261 182 136 46 79 106
internal_count=4632 4593 4572 52 4520 4466 54 4440 66 4374 44 40 4334 4295 4263 240 215 160 119 99 76 50 41 4023 261 182 136 46 79 106
is_linear=0
shrinkage=0.05


Tree=221
num_leaves=31
num_cat=0
split_feature=6 3 3 7 0 7 7 1 7 5 0 6 5 0 7 5 5 0 5 6 4 3 3 4 3 6 4 4 6 4
split_gain=570.422 4045.86 211.054 4084.96 1444.52 106.726 251.909 261.856 127.291 316.158 132.145 529.044 896.93 995.164 850.483 749.537 829.239 1251.52 795.166 938.592 1026.47 693.966 993.486 703.787 1116.27 617.458 575.922 641.222 544.534 639.756
threshold=728.05000000000007 21.600000000000005 16.975000000000005 149.80833333333337 7.5000000000000009 273.94791666666669 257.30208333333337 4.5000000000000009 244.23125000000005 28.850000000000005 3.5000000000000004 8.4500000000000011 1.0000000180025095e-35 1.0000000180025095e-35 126.74791666666668 161.20000000000002 229.30000000000004 2.5000000000000004 60.300000000000004 393.40000000000003 10.950000000000001 6.0550000000000006 6.7250000000000005 114.75000000000001 8.6750000000000025 267.25000000000006 94.050000000000011 16.850000000000005 2.8500000000000001 148.00000000000003
decision_type=2 2 2 2 2 2 2 2 2 2 2 2 2 2 2 2 2 2 2 2 2 2 2 2 2 2 2 2 2 2
left_child=1 2 5 -4 -5 6 8 -8 10 -10 11 12 14 -14 -1 18 -17 25 21 20 -20 -13 -23 24 -24 26 27 -18 29 -15
right_child=-2 -3 3 4 -6 -7 7 -9 9 -11 -12 15 13 28 -16 16 17 -19 19 -21 -22 22 23 -25 -26 -27 -28 -29 -30 -31
leaf_value=-0.50312463478608571 -0.25399366698481818 0.63555560302734371 0.51234399208000736 -0.0082675681759913754 -0.51807573528000805 -0.091823274828493603 0.013386900226275126 0.25208736611530186 0.040694611787796021 -0.21617253889208254 0.0033675943959441709 -0.044625558822782352 0.18143865531753928 -0.13846958726644518 -0.09085862215222984 -0.37590680491356626 0.04449225845544235 -0.28138637103532493 0.086754779815673838 -0.05714309825138613 0.58168332967907188 0.4234463190748578 -0.17054505169391632 -0.18338818903267384 0.28890017870909129 0.25516047818320142 0.162538668857171 -0.34261341109871868 -0.30859509235620503 0.12850238172446979
leaf_weight=22 22 25 21 24 33 32 27 20 25 23 3649 188 42 66 29 21 23 38 20 22 22 21 20 25 39 28 26 20 25 34
leaf_count=22 22 25 21 24 33 32 27 20 25 23 3649 188 42 66 29 21 23 38 20 22 22 21 20 25 39 28 26 20 25 34
internal_value=-1.11217e-10 0.00121212 -0.00224668 -0.083791 -0.30342 -0.000835441 -0.000184802 0.114962 -0.001407 -0.0823876 -0.000519538 -0.0199233 -0.0851743 -0.0291279 -0.268699 0.00780522 -0.0836229 -0.0381565 0.047757 0.207422 0.346003 0.0128815 0.115846 0.0389464 0.133156 0.0571294 -0.023231 -0.135557 -0.0998783 -0.0476991
internal_weight=4632 4610 4585 78 57 4507 4475 47 4428 48 4380 731 218 167 51 513 156 135 357 64 42 293 105 84 59 97 69 43 125 100
internal_count=4632 4610 4585 78 57 4507 4475 47 4428 48 4380 731 218 167 51 513 156 135 357 64 42 293 105 84 59 97 69 43 125 100
is_linear=0
shrinkage=0.05


Tree=222
num_leaves=31
num_cat=0
split_feature=0 3 5 7 7 4 7 6 6 7 6 6 3 6 3 4 4 7 3 3 0 0 7 3 3 5 6 0 6 6
split_gain=567.307 6503.52 4359.95 4369.17 670.162 847.969 656.206 530.719 359.099 345.374 172.462 1453.04 1137.28 908.949 896.667 788.071 701.855 384.471 707.107 768.341 488.877 278.014 646.334 926.044 2433.82 883.043 570.725 739.446 587.705 541.981
threshold=22.500000000000004 21.600000000000005 0.65000000000000002 158.31250000000003 184.78541666666672 6.0500000000000007 134.23958333333334 728.05000000000007 69.850000000000009 132.55208333333337 87.300000000000026 84.40000000000002 17.300000000000001 117.25000000000001 17.300000000000001 151.25000000000003 385.95000000000005 200.42291666666668 8.2750000000000004 3.0550000000000002 9.5000000000000018 6.5000000000000009 148.39375000000004 9.1650000000000009 6.5850000000000009 469.65000000000003 203.25000000000003 2.5000000000000004 377.4500000000001 436.00000000000006
decision_type=2 2 2 2 2 2 2 2 2 2 2 2 2 2 2 2 2 2 2 2 2 2 2 2 2 2 2 2 2 2
left_child=1 7 3 -2 5 6 -4 10 9 -7 11 14 13 15 -1 17 -17 18 19 -12 -21 22 23 24 -15 26 -24 29 -29 -28
right_child=2 -3 4 -5 -6 8 -8 -9 -10 -11 12 -13 -14 21 -16 16 -18 -19 -20 20 -22 -23 25 -25 -26 -27 27 28 -30 -31
leaf_value=-0.00084488270650700387 1.0670384770631791 -0.82449399630228681 -0.010796376094222069 0.066404267897208533 -0.24403279008287374 -0.033847155696934181 0.38938553077833998 0.25779475271701813 0.04172748788710564 -0.314304997091708 -0.036908833909546961 -0.36629609976496019 0.36964239071715965 -0.069637899568166448 -0.2423134344510543 0.45852085862022185 0.10076281407783771 -0.15698260778095574 -0.12355052235145723 0.45351157486438753 0.14319891179601352 0.0085086930501040037 0.23532850879269676 0.20379039096561347 -0.60915837651118643 -0.23711384185429277 0.36727869749069214 -0.24839811661551076 0.016842839076707607 0.047138142872315186
leaf_weight=2706 20 24 20 24 33 21 21 20 31 23 32 28 22 162 39 26 29 20 31 22 30 982 37 22 24 29 20 31 64 39
leaf_count=2706 20 24 20 24 33 21 21 20 31 23 32 28 22 162 39 26 29 20 31 22 30 982 37 22 24 29 20 31 64 39
internal_value=-1.25835e-09 -0.00364864 0.0839187 0.521238 -0.0452226 0.0113355 0.194175 0.000813487 -0.0886167 -0.18045 -0.000355939 -0.00793104 0.0125946 0.00768518 -0.00427558 0.110348 0.269885 0.0453513 0.0805398 0.155859 0.274485 -0.00614879 -0.0397788 -0.10297 -0.139253 0.0199655 0.0589985 0.0166335 -0.0697095 0.15566
internal_weight=4632 4439 193 44 149 116 41 4415 75 44 4395 2773 1622 1600 2745 190 55 135 115 84 52 1410 428 208 186 220 191 154 95 59
internal_count=4632 4439 193 44 149 116 41 4415 75 44 4395 2773 1622 1600 2745 190 55 135 115 84 52 1410 428 208 186 220 191 154 95 59
is_linear=0
shrinkage=0.05


Tree=223
num_leaves=31
num_cat=0
split_feature=3 6 3 7 4 4 6 3 5 4 4 4 0 0 3 6 5 7 4 0 4 4 5 3 4 5 3 6 6 1
split_gain=582.414 481.315 395.458 1536.77 105.312 288.815 236.886 121.474 356.277 373.239 284.652 290.199 241.576 448.296 195.748 240.637 169.91 341.907 169.283 509.021 359.337 318.279 130.928 452.181 851.978 535.299 513.164 1013.07 1576.23 672.236
threshold=19.910000000000004 728.05000000000007 17.300000000000001 176.20416666666668 720.6500000000002 717.1500000000002 62.600000000000009 1.0750000000000004 166.80000000000004 55.300000000000004 395.15000000000003 24.850000000000005 6.5000000000000009 15.500000000000002 1.175 41.050000000000004 2.8500000000000001 142.5541666666667 708.95000000000016 13.500000000000002 704.1500000000002 699.05000000000007 44.350000000000001 4.455000000000001 682.95000000000016 55.300000000000004 4.995000000000001 6.0500000000000007 50.250000000000007 2.5000000000000004
decision_type=2 2 2 2 2 2 2 2 2 2 2 2 2 2 2 2 2 2 2 2 2 2 2 2 2 2 2 2 2 2
left_child=1 2 4 -4 5 7 -6 8 10 -10 11 12 -1 -14 15 -9 -13 -18 20 -20 21 22 -16 24 25 -24 27 -25 -29 -28
right_child=-2 -3 3 -5 6 -7 -8 14 9 -11 -12 16 13 -15 18 -17 17 -19 19 -21 -22 -23 23 26 -26 -27 29 28 -30 -31
leaf_value=-0.25951092441876733 0.19240561448610749 0.23719127036276319 -0.37259802063306174 0.1775815551931208 0.1810436124801636 -0.16815226559455579 -0.028979913787595159 0.23376181423664094 0.16525269853763092 -0.063223304847876236 -0.23501797499863999 0.11953439457075937 0.076196385423342394 -0.19086135853872155 0.0073701682456685756 -0.011511849239468575 -0.14905919581651689 0.10326094754040241 0.23037881739437582 -0.054192012458136589 -0.15854291297081446 0.15025168325219837 -0.18647734247542058 0.36419904658506658 -0.35493932110922682 -0.019989684768159082 -0.049765886115200615 -0.25772040002048019 0.17809153411347989 0.032239678015935594
leaf_weight=21 39 21 30 22 25 26 29 20 39 33 23 28 30 33 2113 20 29 25 30 33 36 35 52 29 21 675 433 32 59 591
leaf_count=21 39 21 30 22 25 26 29 20 39 33 23 28 30 33 2113 20 29 25 30 33 36 35 52 29 21 675 433 32 59 591
internal_value=-7.4457e-10 -0.00163375 -0.00273072 -0.13983 -0.00115347 -0.00199269 0.0682532 -0.00101969 -0.0341127 0.0605345 -0.0701688 -0.0473283 -0.112646 -0.063691 0.00104714 0.111125 0.0195826 -0.0322443 -1.66673e-05 0.0813179 -0.0012738 0.000127607 -0.00118434 -0.0107381 -0.0409674 -0.031898 0.00902722 0.106851 0.024839 -0.0024365
internal_weight=4632 4593 4572 52 4520 4466 54 4440 261 72 189 166 84 63 4179 40 82 54 4139 63 4076 4040 4005 1892 748 727 1144 120 91 1024
internal_count=4632 4593 4572 52 4520 4466 54 4440 261 72 189 166 84 63 4179 40 82 54 4139 63 4076 4040 4005 1892 748 727 1144 120 91 1024
is_linear=0
shrinkage=0.05


Tree=224
num_leaves=31
num_cat=0
split_feature=6 3 7 3 3 7 7 3 3 1 5 3 3 3 0 0 5 5 6 3 7 5 3 6 3 6 3 3 4 5
split_gain=611.549 3964.29 178.379 4121.37 2081.71 985 426.702 790.921 638.114 754.196 804.747 669.811 996.845 540.318 457.987 457.475 430.269 694.019 516.905 458.984 622.983 611.837 568.724 643.048 467.029 385.183 920.734 861.998 482.6 476.93
threshold=728.05000000000007 21.600000000000005 140.98958333333334 19.095000000000002 16.150000000000002 140.31458333333336 150.82083333333335 12.500000000000002 6.7250000000000005 2.5000000000000004 116.85000000000001 2.1650000000000005 1.7650000000000003 8.6750000000000025 2.5000000000000004 11.500000000000002 692.45000000000016 683.25000000000011 79.15000000000002 15.985000000000001 151.49583333333337 21.550000000000004 14.345000000000001 25.150000000000002 13.920000000000002 3.5500000000000003 13.445000000000002 12.945000000000002 725.6500000000002 34.400000000000006
decision_type=2 2 2 2 2 2 2 2 2 2 2 2 2 2 2 2 2 2 2 2 2 2 2 2 2 2 2 2 2 2
left_child=1 2 4 6 5 -1 7 8 11 13 -11 12 15 -10 -13 -4 17 19 -18 20 -8 -21 24 -24 25 29 27 28 -27 -22
right_child=-2 -3 3 -5 -6 -7 16 -9 9 10 -12 14 -14 -15 -16 -17 18 -19 -20 21 22 -23 23 -25 -26 26 -28 -29 -30 -31
leaf_value=-0.00075448949505642067 -0.26299069550904364 0.62917152404785159 0.094839946083400573 -0.69201015017249379 0.51697035953402526 0.270832888880635 0.23176817856729032 -0.31723746038400213 0.37363560242721672 -0.17606375378556549 0.21238201901316645 0.081300058519398727 0.31002667615046869 0.036955639923160727 -0.13783175594483812 -0.20611118750114527 -0.17173103811857227 0.24427257550339543 0.035731521803958742 -0.037561847056661338 -0.012373025341089382 0.27407402232703237 -0.37062511931766168 -0.0033306655975488516 0.23707062687192645 -0.0089034803149667871 -0.31320552921295164 0.27270671973625821 -0.25040086337498257 0.091653266803575772
leaf_weight=1847 22 25 23 22 20 34 29 26 26 40 20 27 26 22 204 28 73 31 51 28 215 36 22 26 21 1389 25 27 21 226
leaf_count=1847 22 25 23 22 20 34 29 26 26 40 20 27 26 22 204 28 73 31 51 28 215 36 22 26 21 1389 25 27 21 226
internal_value=1.12276e-09 0.00125505 -0.0021687 -0.0104686 0.00954981 0.00415459 -0.00483601 -0.0496996 -0.0329785 0.0715985 -0.0465818 -0.0696483 0.0580636 0.219324 -0.112219 -0.0703881 0.00409629 0.0094503 -0.0864037 0.00592512 0.00170936 0.137733 -0.00167385 -0.171674 0.00256731 -2.04788e-05 -0.0123751 -0.00714146 -0.0125002 0.0409375
internal_weight=4632 4610 4585 2684 1901 1881 2662 442 416 108 60 308 77 48 231 51 2220 2096 124 2065 2001 64 1972 48 1924 1903 1462 1437 1410 441
internal_count=4632 4610 4585 2684 1901 1881 2662 442 416 108 60 308 77 48 231 51 2220 2096 124 2065 2001 64 1972 48 1924 1903 1462 1437 1410 441
is_linear=0
shrinkage=0.05


Tree=225
num_leaves=31
num_cat=0
split_feature=5 5 3 3 6 4 3 7 3 3 7 3 5 0 5 1 5 3 5 5 4 0 6 6 6 6 1 7 6 7
split_gain=571.329 2930.45 2567.95 561.856 406.431 282.218 377.99 192.852 3318.19 2327.64 463.534 453.083 451.361 430.839 364.074 838.069 529.265 448.141 387.122 610.772 570.552 537.941 534.761 866.708 989.08 708.953 662.541 662.505 826.952 876.236
threshold=705.75000000000011 710.35000000000014 21.600000000000005 8.2750000000000004 728.05000000000007 112.05000000000003 5.3050000000000006 163.30625000000001 18.320000000000004 17.300000000000001 164.86250000000004 16.150000000000002 692.45000000000016 9.5000000000000018 6.0500000000000007 5.5000000000000009 8.7500000000000018 4.5250000000000012 339.20000000000005 274.30000000000007 14.450000000000001 7.5000000000000009 371.50000000000006 267.25000000000006 203.25000000000003 98.450000000000017 4.5000000000000009 170.32708333333338 80.050000000000011 172.60625000000002
decision_type=2 2 2 2 2 2 2 2 2 2 2 2 2 2 2 2 2 2 2 2 2 2 2 2 2 2 2 2 2 2
left_child=2 -2 4 5 7 6 -3 9 10 11 13 -1 14 -9 15 -12 -16 -17 19 22 21 -20 23 24 25 27 -24 -18 29 -29
right_child=1 3 -4 -5 -6 -7 -8 8 -10 -11 12 -13 -14 -15 16 17 18 -19 20 -21 -22 -23 26 -25 -26 -27 -28 28 -30 -31
leaf_value=0.0039709324910712513 0.49034158868922129 -0.10783683668076992 -0.50872441101074217 -0.25599069056056795 0.22433808386325838 0.1434815399987357 0.13027777576446534 0.026617854386568069 -0.56480885170124195 0.49678409695625309 0.01333411510177053 -0.23488479875028134 -0.18413355927349945 -0.27103949972698765 -0.17877657909108247 0.042193378632267318 -0.17749467971069474 0.31817222410126739 -0.032116903364658354 -0.20121803217652171 -0.0019281337903005872 0.28175928357035612 -0.037315360030957631 0.25005896815231871 -0.27641535801813005 0.12913525996401029 -0.29634053869680926 0.32066857192827314 -0.28116529776404303 0.0036172397273132604
leaf_weight=2718 36 50 25 21 20 35 25 20 27 24 387 20 33 31 46 24 56 38 20 44 127 43 98 35 32 102 33 23 24 415
leaf_count=2718 36 50 25 21 20 35 25 20 27 24 387 20 33 31 46 24 56 38 20 44 127 43 98 35 32 102 33 23 24 415
internal_value=4.54316e-10 0.0907991 -0.00339607 -0.0189988 -0.000550752 0.0262451 -0.0284653 -0.00156835 -0.0150484 0.00652358 -0.0059475 0.00222619 -0.00115855 -0.154311 0.0027446 0.0406759 -0.0127665 0.211342 -0.00550748 -0.0197475 0.059097 0.182116 -0.0099862 0.00766729 -0.00534453 0.00864622 -0.102566 -0.0150794 0.00460728 0.0202661
internal_weight=4632 167 4465 131 4440 110 75 4420 1658 2762 1631 2738 1580 51 1547 449 1098 62 1052 862 190 63 818 687 652 620 131 518 462 438
internal_count=4632 167 4465 131 4440 110 75 4420 1658 2762 1631 2738 1580 51 1547 449 1098 62 1052 862 190 63 818 687 652 620 131 518 462 438
is_linear=0
shrinkage=0.05


Tree=226
num_leaves=31
num_cat=0
split_feature=6 3 0 3 3 4 4 1 3 3 5 6 6 6 0 3 6 5 5 3 6 4 5 5 6 6 3 4 1 5
split_gain=593.947 3863.89 155.38 1935.52 376.053 915.513 689.277 329.033 187.498 664.892 166.632 146.964 161.886 210.716 832.694 257.442 173.876 504.666 826.307 435.82 214.839 651.551 1594.46 401.209 154.27 630.055 662.27 955.367 513.934 1385.29
threshold=728.05000000000007 21.600000000000005 22.500000000000004 10.775 5.7750000000000012 31.750000000000004 2.5500000000000003 3.5000000000000004 18.320000000000004 17.300000000000001 53.550000000000004 720.05000000000007 716.55000000000007 707.25000000000011 16.500000000000004 4.4850000000000012 693.85000000000014 67.700000000000003 294.2000000000001 5.3450000000000006 677.70000000000016 76.800000000000026 27.950000000000003 23.150000000000002 53.20000000000001 62.600000000000009 5.1150000000000011 26.750000000000004 1.0000000180025095e-35 100.80000000000003
decision_type=2 2 2 2 2 2 2 2 2 2 2 2 2 2 2 2 2 2 2 2 2 2 2 2 2 2 2 2 2 2
left_child=1 2 8 4 6 -6 -4 10 9 11 -8 12 13 16 15 -15 20 19 -19 -18 24 23 -23 -22 -1 26 27 -26 29 -27
right_child=-2 -3 3 -5 5 -7 7 -9 -10 -11 -12 -13 -14 14 -16 -17 17 18 -20 -21 21 22 -24 -25 25 28 -28 -29 -30 -31
leaf_value=-0.0060396896848381801 -0.25917824181643401 0.62115092468261723 0.1546560350445009 -0.48740933374925099 -0.070995798660442241 0.32049703209860519 -0.27927071449571644 0.01216202804020473 0.11035426886458147 -0.2583081805706024 -0.091670717597007761 -0.1048236434206818 0.12548263600239387 -0.10085609101436355 0.14249463164806367 -0.34560638155256002 0.042557661305181682 -0.25844623086353147 0.17671129740774633 0.32118000841140748 0.2200705880468542 -0.50430014962735381 0.049037329802910486 -0.085469636817773198 -0.24837339758872987 0.1543521363483627 0.29706491472629398 0.18263216018676759 -0.0063863692636974756 -0.11454852512654137
leaf_weight=2415 22 25 31 22 32 28 29 28 38 25 20 33 26 22 25 21 32 24 20 25 22 23 30 21 20 162 39 36 1268 68
leaf_count=2415 22 25 31 22 32 28 29 28 38 25 20 33 26 22 25 21 32 24 20 25 22 23 30 21 20 162 39 36 1268 68
internal_value=4.90794e-11 0.00123686 -0.00214326 -0.0464123 0.0113373 0.111701 -0.0444203 -0.124568 -0.000229467 -0.00119393 -0.202699 0.000289874 0.00109675 0.000339894 -0.0869736 -0.220385 0.00175186 0.066563 -0.0606474 0.16476 0.000156849 -0.0737614 -0.19109 0.0708533 0.00192735 0.0140054 0.138872 0.0287016 0.00608667 0.0748511
internal_weight=4632 4610 4585 190 168 60 108 77 4395 4357 49 4332 4299 4273 68 43 4205 101 44 57 4104 96 53 43 4008 1593 95 56 1498 230
internal_count=4632 4610 4585 190 168 60 108 77 4395 4357 49 4332 4299 4273 68 43 4205 101 44 57 4104 96 53 43 4008 1593 95 56 1498 230
is_linear=0
shrinkage=0.05


Tree=227
num_leaves=31
num_cat=0
split_feature=7 3 3 3 3 5 6 7 4 3 6 7 7 0 3 4 4 4 0 3 6 5 6 3 1 1 7 1 3 6
split_gain=580.875 18853.9 16168.3 1874.08 612.503 739.647 450.447 287.066 509.739 307.057 855.76 285.46 547.618 925.327 1163.68 281.495 655.102 587.788 587.469 701.146 636.201 484.012 571.051 462.313 421.338 389.294 297.374 743.154 959.255 984.087
threshold=156.0604166666667 19.910000000000004 19.095000000000002 16.975000000000005 15.985000000000001 38.45000000000001 718.45000000000016 157.75416666666669 57.650000000000013 14.345000000000001 32.850000000000001 155.15833333333336 153.59375000000003 17.500000000000004 5.3050000000000006 3.8500000000000001 1.9500000000000002 8.3500000000000032 13.500000000000002 10.390000000000002 74.90000000000002 38.750000000000007 5.2500000000000009 4.2950000000000008 3.5000000000000004 3.5000000000000004 183.64166666666668 3.5000000000000004 4.5950000000000006 62.600000000000009
decision_type=2 2 2 2 2 2 2 2 2 2 2 2 2 2 2 2 2 2 2 2 2 2 2 2 2 2 2 2 2 2
left_child=1 3 4 11 6 -6 7 8 -2 15 -11 12 -1 14 -14 16 18 24 19 20 21 23 -23 -9 -17 -22 27 28 -19 -30
right_child=2 -3 -4 -5 5 -7 -8 9 -10 10 -12 -13 13 -15 -16 17 -18 26 -20 -21 25 22 -24 -25 -26 -27 -28 -29 29 -31
leaf_value=-0.0018340066991769926 0.22274234923156533 -1.5448739814758303 1.2132513489042012 -0.46329649470069195 -0.0031684278360297603 0.35479070102726973 0.21852818607636124 0.24106245303153992 -0.047550735611355671 -0.34187688777844111 0.089848947254094216 -0.13964600295035376 0.022130194231867791 -0.12356389425694943 0.50955776398380592 -0.040817463217359601 0.27102202375729884 0.0087268715541736746 -0.059115120294867762 -0.15179266651471457 0.083434425996882583 0.490912444091269 0.15929317483130623 -0.043990270657972862 -0.29972086548805238 -0.1780193865299225 0.014435919931318229 0.023574918352405036 -0.26100487910565878 -0.02739698541692541
leaf_weight=2457 37 20 28 22 31 27 23 25 33 24 22 36 25 23 24 33 27 153 151 30 35 21 34 33 30 24 711 309 105 79
leaf_count=2457 37 20 28 22 31 27 23 25 33 24 22 36 25 23 24 33 27 153 151 30 35 21 34 33 30 24 711 309 105 79
internal_value=6.4801e-10 -0.0156052 0.0200902 -0.00378247 0.00336089 0.163468 -0.00142827 -0.00406867 0.0953185 -0.00783741 -0.135399 0.000158776 0.00214888 0.138065 0.26087 -0.0045775 0.0336452 -0.0148061 0.0154889 0.0712573 0.110161 0.179646 0.285911 0.0788773 -0.164105 -0.0229197 -0.00787478 -0.0324304 -0.0837824 -0.160706
internal_weight=4632 2607 2025 2587 1997 58 1939 1916 70 1846 46 2565 2529 72 49 1800 380 1420 353 202 172 113 55 58 63 59 1357 646 337 184
internal_count=4632 2607 2025 2587 1997 58 1939 1916 70 1846 46 2565 2529 72 49 1800 380 1420 353 202 172 113 55 58 63 59 1357 646 337 184
is_linear=0
shrinkage=0.05


Tree=228
num_leaves=31
num_cat=0
split_feature=0 3 3 6 4 5 3 7 6 7 3 3 0 0 0 4 4 5 6 7 3 6 7 3 3 1 5 7 3 3
split_gain=555.065 6077.03 4342.74 474.331 284.241 574.253 453.074 435.345 331.436 183.731 1980.41 1532.4 349.94 377.587 770.161 680.024 449.318 426.536 299.651 291.632 1725.64 749.42 864.381 734.038 881.763 644.47 940.672 615.055 588.677 971.909
threshold=22.500000000000004 21.600000000000005 11.305000000000001 728.05000000000007 7.5500000000000007 40.95000000000001 5.7750000000000012 148.02708333333337 192.15000000000003 227.4041666666667 19.095000000000002 15.140000000000002 18.500000000000004 5.5000000000000009 2.5000000000000004 684.55000000000007 335.65000000000003 87.950000000000003 56.300000000000004 183.64166666666668 17.300000000000001 6.0500000000000007 197.04166666666669 12.815000000000003 8.6750000000000025 2.5000000000000004 4.2500000000000009 194.99583333333337 2.5450000000000004 4.2150000000000007
decision_type=2 2 2 2 2 2 2 2 2 2 2 2 2 2 2 2 2 2 2 2 2 2 2 2 2 2 2 2 2 2
left_child=1 3 4 9 5 -2 8 -8 -6 10 19 12 13 14 -11 16 17 -15 -14 20 -1 23 27 24 28 -24 -27 -23 -21 -30
right_child=2 -3 -4 -5 6 -7 7 -9 -10 11 -12 -13 18 15 -16 -17 -18 -19 -20 21 -22 22 25 -25 -26 26 -28 -29 29 -31
leaf_value=-0.003273158810357309 0.29954532370680859 -0.79708318710327153 0.76178678281250456 0.24365022242069245 -0.18307946454043744 -0.034920630445986083 0.25665429726243022 -0.062310144175653871 0.051016440561839516 0.085371489313087967 0.49856125116348271 -0.46146946130320432 -0.2381711725835447 -0.0023834745089213057 -0.24219231326133014 0.33395262275423326 -0.18458516796429952 0.23395502590906939 0.0074225542337998099 -0.036273780803788791 -0.43783359799696053 0.04575251998089977 0.021239498840505577 0.40609619557857518 -0.16914597472974235 0.10919126254670762 -0.18742381645441056 0.30909743428230291 0.49013594972050711 0.10956777182798233
leaf_weight=3387 21 24 21 20 54 33 20 23 21 38 20 20 27 60 34 21 21 28 23 33 23 196 147 20 28 34 125 25 23 62
leaf_count=3387 21 24 21 20 54 33 20 23 21 38 20 20 27 60 34 21 21 28 23 33 23 196 147 20 28 34 125 25 23 62
internal_value=-2.81335e-10 -0.00360906 0.0830083 0.00070428 0.000134173 0.0951495 -0.0433474 0.0860454 -0.117533 -0.000401276 0.00222451 -0.0402032 -0.00676935 0.0225447 -0.0693114 0.0734188 0.0232243 0.0728151 -0.125198 -0.000194874 -0.00620421 0.0293749 0.000192907 0.122019 0.0831042 -0.0542264 -0.123997 0.0755427 0.14296 0.212545
internal_weight=4632 4439 193 4415 172 54 118 43 75 4395 4123 272 252 202 72 130 109 88 50 4103 3410 693 527 166 146 306 159 221 118 85
internal_count=4632 4439 193 4415 172 54 118 43 75 4395 4123 272 252 202 72 130 109 88 50 4103 3410 693 527 166 146 306 159 221 118 85
is_linear=0
shrinkage=0.05


Tree=229
num_leaves=31
num_cat=0
split_feature=3 6 3 7 0 5 4 4 5 5 7 0 3 5 4 6 5 5 5 6 0 3 6 1 4 4 6 7 6 6
split_gain=622.994 431.432 351.098 1299.87 558.263 103.943 721.268 681.249 654.89 702 629.59 632.3 607.504 1139.79 581.965 404.766 384.079 379.465 700.041 475.421 715.168 480.034 373.82 346.905 207.637 265.895 198.977 197.905 378.196 519.432
threshold=19.910000000000004 728.05000000000007 16.975000000000005 157.75416666666669 11.500000000000002 664.30000000000007 303.55000000000007 476.50000000000006 681.1500000000002 692.45000000000016 143.86458333333337 16.500000000000004 4.4150000000000009 717.1500000000002 26.150000000000002 112.05000000000003 715.75000000000011 498.15000000000003 534.20000000000016 5.2500000000000009 13.500000000000002 5.9650000000000007 133.35000000000002 2.5000000000000004 720.6500000000002 717.1500000000002 75.90000000000002 85.020833333333357 3.2500000000000004 21.350000000000005
decision_type=2 2 2 2 2 2 2 2 2 2 2 2 2 2 2 2 2 2 2 2 2 2 2 2 2 2 2 2 2 2
left_child=1 2 5 -4 -5 17 8 -8 14 22 12 15 16 -14 -7 23 -11 24 -19 -20 21 -21 -10 -12 25 27 -26 28 -1 -30
right_child=-2 -3 3 4 -6 6 7 -9 9 10 11 -13 13 -15 -16 -17 -18 18 19 20 -22 -23 -24 -25 26 -27 -28 -29 29 -31
leaf_value=-0.16321934826544882 0.19899571675520678 0.22442111883844651 -0.43070321353999053 0.22622720514025008 -0.13418750166893006 0.00075827144707242653 -0.40206811617721211 -0.064945981286941692 0.27744731872509693 -0.16177496813958692 0.040186459014269836 -0.26364895583440862 0.34604215526427984 -0.097752613736235575 -0.35526652864434505 0.15072098256876837 0.11926593184471131 0.26799474886140312 -0.15711147184001989 0.339775079030257 -0.12000322982668876 0.046244990527629856 0.011570730507373811 -0.22864799847205483 0.20343929218749204 -0.16887763364162919 0.0018840894773602486 0.00075194973634217302 0.14305898808851475 -0.064459001586625458
leaf_weight=54 39 21 22 21 22 24 22 47 39 31 24 36 39 23 22 26 20 37 29 26 30 30 20 24 24 24 25 3676 41 114
leaf_count=54 39 21 22 21 22 24 22 47 39 31 24 36 39 23 22 26 20 37 29 26 30 30 20 24 24 24 25 3676 41 114
internal_value=-7.07625e-10 -0.00168971 -0.00272828 -0.118105 0.041829 -0.00106431 -0.0254958 -0.172434 0.00541503 0.0339496 -0.0066281 -0.091779 0.0762622 0.181409 -0.169514 -0.00816664 -0.0515629 0.00129561 0.0788222 0.017958 0.0769931 0.182527 0.18732 -0.0942308 -0.00168166 -0.00296384 0.100605 -0.00193889 -0.0492668 -0.00956715
internal_weight=4632 4593 4572 65 43 4507 397 69 328 282 223 110 113 62 46 74 51 4110 152 115 86 56 59 48 3958 3909 49 3885 209 155
internal_count=4632 4593 4572 65 43 4507 397 69 328 282 223 110 113 62 46 74 51 4110 152 115 86 56 59 48 3958 3909 49 3885 209 155
is_linear=0
shrinkage=0.05


Tree=230
num_leaves=31
num_cat=0
split_feature=6 3 7 3 3 0 7 5 3 1 3 3 3 4 4 4 0 1 5 5 4 7 1 1 0 5 0 0 4 7
split_gain=632.027 4119.41 173.064 3048.69 2400.64 439.486 662.138 598.573 696.276 629.861 485.906 380.453 298.621 364.27 321.706 597.933 567.784 1057.72 542.393 630.559 478.379 457.478 448.904 833.398 1400.75 1553.21 835.374 1059.37 833.164 827.913
threshold=728.05000000000007 21.600000000000005 161.33750000000001 18.320000000000004 17.300000000000001 1.5000000000000002 169.18958333333339 23.150000000000002 5.1950000000000012 2.5000000000000004 6.1650000000000009 15.985000000000001 13.780000000000001 10.65 4.2500000000000009 3.2500000000000004 1.5000000000000002 1.5000000000000002 69.40000000000002 17.550000000000004 124.90000000000002 74.693750000000023 1.5000000000000002 2.5000000000000004 16.500000000000004 429.90000000000003 13.500000000000002 8.5000000000000018 137.55000000000004 109.70625000000001
decision_type=2 2 2 2 2 2 2 2 2 2 2 2 2 2 2 2 2 2 2 2 2 2 2 2 2 2 2 2 2 2
left_child=1 2 4 5 11 6 -4 8 -8 -9 -11 12 14 -14 15 21 17 20 19 -19 -16 -1 -18 24 25 26 27 28 -24 -26
right_child=-2 -3 3 -5 -6 -7 7 9 -10 10 -12 -13 13 -15 16 -17 22 18 -20 -21 -22 -23 23 -25 29 -27 -28 -29 -30 -31
leaf_value=0.19164605963230133 -0.2673575883561915 0.64135977172851566 -0.35766873478889472 -0.5228442652472135 0.52580028474330909 0.0013079837825018385 -0.10098809128006299 -0.32907712917636944 0.27987619290749233 0.13578062002425609 -0.20119728520512581 -0.19678101564447087 0.28938687156885862 0.015689303605787217 0.16686065228599492 -0.23945305980741979 -0.035154543917352364 0.021250133884121787 0.15322426164692099 -0.30823907852172855 0.47676111996173864 -0.026372442201982933 0.44258383995164996 -0.00029581161393974528 0.17452958345413208 -0.17322729328274727 0.53028937557145306 -0.0028988398611545564 0.083979436755180367 -0.17058380136364384
leaf_weight=25 22 25 20 29 22 1622 24 27 24 23 20 24 20 31 33 32 543 53 44 20 20 641 46 1046 25 25 23 41 25 57
leaf_count=25 22 25 20 29 22 1622 24 27 24 23 20 24 20 31 33 32 543 53 44 20 20 641 46 1046 25 25 23 41 25 57
internal_value=4.37445e-10 0.00127589 -0.0022142 -0.0143583 0.00555613 -0.00597988 -0.0916387 -0.0465488 0.0894441 -0.139801 -0.0209533 0.00143019 0.00316003 0.123022 0.000895137 -0.0283325 0.0110905 0.0984998 0.0145585 -0.0690209 0.283804 -0.0181886 0.00297493 0.0190497 0.102667 0.188784 0.255823 0.19946 0.316315 -0.0653663
internal_weight=4632 4610 4585 1789 2796 1760 138 118 48 70 43 2774 2750 51 2699 698 2001 170 117 73 53 666 1831 1288 242 160 135 112 71 82
internal_count=4632 4610 4585 1789 2796 1760 138 118 48 70 43 2774 2750 51 2699 698 2001 170 117 73 53 666 1831 1288 242 160 135 112 71 82
is_linear=0
shrinkage=0.05


Tree=231
num_leaves=31
num_cat=0
split_feature=5 3 3 4 3 6 7 3 3 3 5 6 5 3 7 5 3 5 1 5 6 3 1 0 3 0 6 6 4 6
split_gain=588.855 3611.51 2398.58 425.498 377.141 364.591 191.569 3334.31 2302.17 347.336 330.919 490.388 316.443 372.943 303.39 547 315.09 307.739 746.076 484.229 450.048 373.083 574 467.27 560.791 446.028 749.209 517.943 497.157 560.63
threshold=709.25000000000011 8.9050000000000029 21.600000000000005 112.05000000000003 6.2150000000000007 728.05000000000007 162.5916666666667 18.320000000000004 17.300000000000001 15.985000000000001 698.55000000000007 29.050000000000004 692.45000000000016 4.2950000000000008 164.86250000000004 15.450000000000001 4.8450000000000006 6.0500000000000007 5.5000000000000009 8.7500000000000018 80.050000000000011 6.4350000000000014 1.0000000180025095e-35 16.500000000000004 8.6050000000000022 10.500000000000002 10.850000000000003 29.450000000000003 82.65000000000002 40.300000000000004
decision_type=2 2 2 2 2 2 2 2 2 2 2 2 2 2 2 2 2 2 2 2 2 2 2 2 2 2 2 2 2 2
left_child=2 3 5 4 -2 6 8 12 9 10 -1 -12 14 -14 15 -8 -17 18 21 -19 -20 25 -23 24 -24 28 -27 -28 29 -16
right_child=1 -3 -4 -5 -6 -7 7 -9 -10 -11 11 -13 13 -15 17 16 -18 19 20 -21 -22 22 23 -25 -26 26 27 -29 -30 -31
leaf_value=0.0015493547788741795 -0.12203992222364134 0.72302207186818124 -0.4915693664550782 0.13764710221439599 0.12625027656555177 0.21255497395992282 -0.285509794148115 -0.56584859424167211 0.49428241352240249 -0.18694196380674841 0.32278605960309509 0.015486900145943101 0.016541464940052143 -0.26572481569647793 0.11550137942863836 -0.13125115789473057 0.14941312462091447 -0.17055666828932969 0.07614560337627635 -0.0048234391992490301 0.34683847750337526 0.27566873537642617 0.29624811646838983 -0.11624190330505371 0.015119863783611971 0.24344374230713584 -0.26269046664237977 0.026288663466339526 -0.22355850189924242 -0.20487440242008731
leaf_weight=2652 65 20 25 38 20 20 26 27 24 24 20 37 22 25 36 20 20 46 34 1052 28 28 24 40 68 32 20 69 48 22
leaf_count=2652 65 20 25 38 20 20 26 27 24 24 20 37 22 25 36 20 20 46 34 1052 28 28 24 40 68 32 20 69 48 22
internal_value=-4.57523e-10 0.0998842 -0.00318188 -0.00143902 -0.0636187 -0.000446732 -0.00140534 -0.0146764 0.0067152 0.0024336 0.00411134 0.123311 -0.00571156 -0.1336 -0.00198511 -0.10697 0.00908098 0.00249388 0.0373672 -0.0117667 0.198394 0.0115697 0.0700447 0.0264275 0.0884577 -0.0296462 0.035953 -0.0386505 -0.104528 -0.00602047
internal_weight=4632 143 4489 123 85 4464 4444 1687 2757 2733 2709 57 1660 47 1613 66 40 1547 449 1098 62 387 160 132 92 227 121 89 106 58
internal_count=4632 143 4489 123 85 4464 4444 1687 2757 2733 2709 57 1660 47 1613 66 40 1547 449 1098 62 387 160 132 92 227 121 89 106 58
is_linear=0
shrinkage=0.05


Tree=232
num_leaves=31
num_cat=0
split_feature=6 3 0 3 3 4 4 7 3 6 6 3 6 3 1 0 3 3 4 6 4 7 7 4 5 1 3 4 6 1
split_gain=610.76 3993.01 154.408 1960.98 313.815 814.347 573.709 310.833 177.748 161.866 1262.77 1125.74 817.873 735.7 703.51 933.805 1566.59 1057.09 949.301 250.872 322.207 879.589 774.159 778.099 714.474 681.285 938.701 562.28 462.4 925.69
threshold=728.05000000000007 21.600000000000005 22.500000000000004 10.775 5.7750000000000012 31.750000000000004 2.5500000000000003 174.89166666666668 4.0250000000000012 87.300000000000026 84.40000000000002 17.300000000000001 117.25000000000001 17.300000000000001 1.0000000180025095e-35 8.5000000000000018 4.4150000000000009 5.7550000000000008 124.90000000000002 122.60000000000001 476.50000000000006 129.68333333333337 176.99791666666667 673.45000000000016 45.45000000000001 1.5000000000000002 4.0550000000000006 437.65000000000003 133.35000000000002 2.5000000000000004
decision_type=2 2 2 2 2 2 2 2 2 2 2 2 2 2 2 2 2 2 2 2 2 2 2 2 2 2 2 2 2 2
left_child=1 2 9 4 6 -6 -4 8 -8 10 13 12 14 -1 -11 17 -17 -16 -18 -14 27 -22 25 -24 -25 -23 -27 28 29 -21
right_child=-2 -3 3 -5 5 -7 7 -9 -10 11 -12 -13 19 -15 15 16 18 -19 -20 20 21 22 23 24 -26 26 -28 -29 -30 -31
leaf_value=-0.0010975059838580065 -0.26282103224234149 0.63144102478027353 0.14250294239290301 -0.49020021341063763 -0.068808230571448803 0.30042119068758832 -0.10683068792159495 0.057354373186826707 -0.29184000015258793 0.34116743350470508 -0.34169152815427101 0.36750517487525941 -0.1539051475269454 -0.21982094706633154 0.12938287236072399 -0.07929307837472406 0.1798075721707455 -0.30185819710294409 0.59676620185375218 0.40356667697429655 -0.18464279443986956 0.46716395020484924 0.25661642549559477 0.060397654155205038 -0.30434887182712556 -0.075149827591817958 0.31760782795026898 -0.26269350783391432 -0.013897325752648949 -0.04889309287357789
leaf_weight=2706 22 25 31 22 32 28 37 20 20 27 28 22 28 39 27 43 43 30 20 20 31 20 20 29 25 29 32 22 1128 26
leaf_count=2706 22 25 31 22 32 28 37 20 20 27 28 22 28 39 27 43 43 30 20 20 31 20 20 29 25 29 32 22 1128 26
internal_value=-2.43391e-10 0.00125424 -0.00218189 -0.0463123 0.0118159 0.103499 -0.039119 -0.11224 -0.171746 -0.000274092 -0.00761278 0.0122723 0.0073878 -0.00420505 0.104771 0.0656137 0.153372 -0.0975861 0.312175 -0.00573481 -0.0027328 0.0584871 0.107113 -0.00979542 -0.108466 0.213918 0.130887 -0.0122536 -0.00756054 0.147829
internal_weight=4632 4610 4585 190 168 60 108 77 57 4395 2773 1622 1600 2745 190 163 106 57 63 1410 1382 186 155 74 54 81 61 1196 1174 46
internal_count=4632 4610 4585 190 168 60 108 77 57 4395 2773 1622 1600 2745 190 163 106 57 63 1410 1382 186 155 74 54 81 61 1196 1174 46
is_linear=0
shrinkage=0.05


Tree=233
num_leaves=31
num_cat=0
split_feature=0 3 3 4 5 5 4 4 4 5 1 5 3 3 3 5 7 4 3 5 4 0 3 7 3 3 5 4 0 7
split_gain=560.941 19907.1 11538.9 371.195 549.682 540.295 684.53 827.801 1303.85 652.565 579.351 707.891 580.48 1173.85 704.176 537.114 546.765 447.562 402.148 544.495 886.385 638.373 567.953 566.978 551.307 496.544 378.544 340.317 286.081 471.176
threshold=18.500000000000004 17.300000000000001 19.910000000000004 515.4000000000002 4.9500000000000011 6.8500000000000005 40.100000000000009 98.450000000000017 173.40000000000003 11.950000000000001 5.5000000000000009 17.250000000000004 9.4550000000000018 13.250000000000002 8.2750000000000004 195.40000000000001 154.84166666666667 1.3500000000000003 7.705000000000001 225.65000000000003 12.750000000000002 21.500000000000004 5.6950000000000012 115.41458333333334 1.7650000000000003 4.0550000000000006 572.75000000000011 37.800000000000004 20.500000000000004 130.09375000000003
decision_type=2 2 2 2 2 2 2 2 2 2 2 2 2 2 2 2 2 2 2 2 2 2 2 2 2 2 2 2 2 2
left_child=2 3 -1 5 -5 6 17 -8 -9 -7 11 -11 14 -14 18 16 -6 -2 19 20 21 25 23 -22 -25 -13 -21 -26 -12 -30
right_child=1 -3 -4 4 15 9 7 8 -10 10 28 12 13 -15 -16 -17 -18 -19 -20 26 22 -23 -24 24 27 -27 -28 -29 29 -31
leaf_value=-0.00060405746822282582 0.13263876227580981 1.5949497103691102 -0.95423649922013287 -0.27042879590700414 -0.13714051047960918 -0.20961644359124013 0.40495269524640048 -0.20782630095879237 0.26057227192780913 0.2438518894124119 -0.0036692042010171076 -0.13682274818420412 0.31722051259130241 -0.089070127741433691 -0.29293855699625881 -0.1801922630518675 0.17930860626391876 -0.060195446434034697 0.21088069890226638 0.18742282072703043 0.17943278700113297 -0.034692676578249253 0.22202146351337435 0.11807812506502324 -0.0047937603690661494 -0.47415232360363008 -0.0030872445823925156 -0.25637017299489279 -0.039492454545365444 -0.33488174359900535
leaf_weight=3635 46 20 32 29 21 39 29 24 39 34 35 20 40 32 22 34 39 87 21 45 24 35 27 22 20 24 62 41 27 27
leaf_count=3635 46 20 32 29 21 39 29 24 39 34 35 20 40 32 22 34 39 87 21 45 24 35 27 22 20 24 62 41 27 27
internal_value=3.23419e-10 0.0339185 -0.00892591 0.000880766 -0.0801292 0.0130027 0.0790333 0.183893 0.0821347 -0.0118832 0.00193684 0.0241307 0.00695706 0.136647 -0.0187665 -0.0214197 0.0685514 0.00649909 -0.00107803 -0.0149878 -0.0612147 -0.194055 0.0171017 -0.034607 -0.096498 -0.320821 0.0770338 -0.173886 -0.115017 -0.187187
internal_weight=4632 965 3667 945 123 822 225 92 63 597 558 469 435 72 363 94 60 133 341 320 213 79 134 107 83 44 107 61 89 54
internal_count=4632 965 3667 945 123 822 225 92 63 597 558 469 435 72 363 94 60 133 341 320 213 79 134 107 83 44 107 61 89 54
is_linear=0
shrinkage=0.05


Tree=234
num_leaves=31
num_cat=0
split_feature=3 6 3 7 5 4 4 5 5 4 7 4 7 6 3 5 4 5 0 0 3 0 6 3 3 4 6 7 5 4
split_gain=611.659 448.885 409.883 1666.08 98.6814 677.267 601.331 581.621 642.641 550.55 632.739 525.036 391.126 506.121 492.465 866.576 340.614 307.915 367.383 801.138 805.404 502.855 384.837 725.213 541.156 414.868 252.123 256.002 202.245 467.448
threshold=19.910000000000004 728.05000000000007 17.300000000000001 176.20416666666668 664.30000000000007 303.55000000000007 476.50000000000006 681.1500000000002 692.45000000000016 112.05000000000003 157.75416666666669 26.150000000000002 143.86458333333337 141.45000000000002 4.4850000000000012 717.1500000000002 5.6500000000000012 404.2000000000001 5.5000000000000009 2.5000000000000004 4.9150000000000009 7.5000000000000009 341.10000000000008 6.8350000000000009 4.8450000000000006 30.700000000000006 14.350000000000003 136.8104166666667 376.10000000000008 18.150000000000002
decision_type=2 2 2 2 2 2 2 2 2 2 2 2 2 2 2 2 2 2 2 2 2 2 2 2 2 2 2 2 2 2
left_child=1 2 4 -4 17 7 -7 11 16 12 -11 -6 14 -14 -10 -16 -9 28 19 20 -19 -20 23 24 26 -25 -23 -28 -1 -30
right_child=-2 -3 3 -5 5 6 -8 8 9 10 -12 -13 13 -15 15 -17 -18 18 21 -21 -22 22 -24 25 -26 -27 27 -29 29 -31
leaf_value=-0.0012601452054750136 0.19717702865600586 0.22896469348952886 -0.38467436581850056 0.18818511014634914 0.0018934813483307761 -0.38306667906316849 -0.06633540804081775 0.33444946191527625 -0.10310139004574266 0.33263103754624079 -0.038248884382293277 -0.33626983626322315 -0.20923456313219249 0.06059932732582092 0.28697369168512527 -0.1325774908065796 0.086013310986596189 0.3305387468565078 0.29243982738027208 -0.2117619248660835 -0.0790861780888268 0.13142059622653599 0.21748668061148738 0.32802548582355184 -0.24149361122399571 0.042317363950941302 0.060714618329490933 -0.18923872828483582 0.089081472605466838 -0.21905862707644702
leaf_weight=3779 39 21 30 22 24 22 47 22 43 23 23 22 57 25 32 20 37 21 26 37 28 29 31 24 28 27 21 20 20 32
leaf_count=3779 39 21 30 22 24 22 47 22 43 23 23 22 57 25 32 20 37 21 26 37 28 29 31 24 28 27 21 20 20 32
internal_value=-4.72136e-10 -0.00167427 -0.00273363 -0.142311 -0.00112788 -0.0249363 -0.167322 0.00501689 0.0319079 -0.00691636 0.147191 -0.159837 -0.0469669 -0.126968 0.0220868 0.125608 0.178651 0.00116461 0.0506576 -0.0361429 0.0964674 0.0868947 0.0572049 0.0238576 -0.0557183 0.176768 0.0185919 -0.0612138 -0.00260776 -0.100543
internal_weight=4632 4593 4572 52 4520 397 69 328 282 223 46 46 177 82 95 52 59 4123 292 86 49 206 180 149 98 51 70 41 3831 52
internal_count=4632 4593 4572 52 4520 397 69 328 282 223 46 46 177 82 95 52 59 4123 292 86 49 206 180 149 98 51 70 41 3831 52
is_linear=0
shrinkage=0.05


Tree=235
num_leaves=31
num_cat=0
split_feature=6 3 0 3 5 5 6 7 6 3 3 6 3 6 7 7 3 3 4 4 4 3 1 3 5 5 5 6 5 3
split_gain=594.022 3629.24 152.5 1820.78 283.784 384.146 623.588 309.207 279.364 179.884 624.177 137.943 140.36 375.977 1005.11 285.477 201.845 212.753 165.178 841.817 645.737 1484.13 1164.62 794.46 689.821 945.648 766.325 570.871 555.375 997.033
threshold=728.05000000000007 21.600000000000005 22.500000000000004 10.775 21.150000000000002 104.05000000000001 40.300000000000004 126.36875000000002 30.250000000000004 18.320000000000004 17.300000000000001 720.05000000000007 14.935 35.150000000000013 167.29375000000005 189.81458333333336 14.345000000000001 13.920000000000002 26.150000000000002 27.350000000000005 17.550000000000004 4.9150000000000009 4.5000000000000009 4.0950000000000006 9.6500000000000004 41.800000000000004 187.75000000000003 714.95000000000016 39.350000000000001 1.9850000000000001
decision_type=2 2 2 2 2 2 2 2 2 2 2 2 2 2 2 2 2 2 2 2 2 2 2 2 2 2 2 2 2 2
left_child=1 2 9 4 7 -6 -7 -4 -9 10 11 12 16 15 -15 -14 17 18 20 -20 -1 23 24 28 -23 -26 -27 -21 -22 -30
right_child=-2 -3 3 -5 5 6 -8 8 -10 -11 -12 -13 13 14 -16 -17 -18 -19 19 27 21 22 -24 -25 25 26 -28 -29 29 -31
leaf_value=0.00063514122414054573 -0.25919465422630311 0.60203335571289074 -0.057074482868547029 -0.47362180555408656 -0.16808389964954634 -0.11865891571170793 0.19364044868176986 0.29456661749969831 0.039608934663590938 0.10817199255290784 -0.25020524966716767 -0.10148620515158682 0.060869717318564658 -0.0270130438790206 0.4209976373772536 -0.17310352068055759 -0.14195281672477722 0.14312600722679725 0.28589839129536243 0.002806159468181994 -0.14964238684624434 0.12268324011848086 -0.49285944761901068 0.26074670670287953 -0.49301048226654531 0.12199725327284441 -0.29077216407114809 0.27108751351013777 0.31988366705675925 -0.091761632695009837
leaf_weight=1517 22 25 23 22 38 33 31 22 21 38 25 33 32 31 21 22 25 26 27 2317 56 21 29 28 20 23 22 20 24 38
leaf_count=1517 22 25 23 22 38 33 31 22 21 38 25 33 32 31 21 22 25 26 27 2317 56 21 29 28 20 23 22 20 24 38
internal_value=-7.10908e-11 0.00123694 -0.00203894 -0.0458959 0.0101158 -0.0421576 0.0326111 0.0909021 0.170052 -0.000142966 -0.00108765 0.000350014 0.00113173 0.0579538 0.153914 -0.0344527 -0.000304744 0.000544872 -0.000350132 0.00830917 -0.0118634 -0.0845082 -0.218851 0.0213096 -0.126452 -0.206942 -0.0798011 0.00510211 -0.035506 0.0675849
internal_weight=4632 4610 4585 190 168 102 64 66 43 4395 4357 4332 4299 106 52 54 4193 4168 4142 2364 1778 261 115 146 86 65 45 2337 118 62
internal_count=4632 4610 4585 190 168 102 64 66 43 4395 4357 4332 4299 106 52 54 4193 4168 4142 2364 1778 261 115 146 86 65 45 2337 118 62
is_linear=0
shrinkage=0.05


Tree=236
num_leaves=31
num_cat=0
split_feature=5 3 3 6 4 3 4 7 3 3 3 0 6 7 5 6 5 5 5 4 0 6 6 6 6 4 3 4 4 4
split_gain=563.392 3206.43 2664.81 376.538 365.84 339.214 181.904 177.209 2660.29 2031.78 313.596 300.503 593.322 531.158 473.897 435.159 322.853 366.219 718.501 595.607 599.835 544.795 611.089 641.929 696.678 488.129 534.039 417.795 410.654 739.424
threshold=709.25000000000011 8.9050000000000029 21.600000000000005 728.05000000000007 112.05000000000003 6.2150000000000007 21.150000000000002 162.10208333333335 18.320000000000004 17.300000000000001 16.150000000000002 1.5000000000000002 168.85000000000005 190.43958333333333 23.150000000000002 16.450000000000003 692.45000000000016 339.20000000000005 274.30000000000007 15.850000000000003 12.500000000000002 321.45000000000005 259.95000000000005 203.25000000000003 233.10000000000002 47.750000000000007 5.2250000000000005 118.85000000000001 712.30000000000007 688.6500000000002
decision_type=2 2 2 2 2 2 2 2 2 2 2 2 2 2 2 2 2 2 2 2 2 2 2 2 2 2 2 2 2 2
left_child=2 4 3 7 5 6 -2 9 11 10 -1 12 13 14 -9 -15 17 18 21 20 -19 22 23 28 -25 -21 -27 -24 29 -13
right_child=1 -3 -4 -5 -6 -7 -8 8 -10 -11 -12 16 -14 15 -16 -17 -18 19 -20 25 -22 -23 27 24 -26 26 -28 -29 -30 -31
leaf_value=0.004177311543852146 -0.051004191332085197 0.68485288448631776 -0.5178908691406251 0.21623390465974809 0.13119635905482269 0.12464174032211305 -0.22777141840620474 -0.085952429859726523 -0.49720256413732261 0.47464200122200922 -0.19454460948705676 0.023883942787481356 0.11022890810854734 0.16571000024676324 -0.37469246188799543 -0.14719681960344316 -0.13463791186033294 0.31609448217428648 -0.20126384972284239 -0.20356510607120781 0.0095144799462071189 -0.067802922082780229 0.034728634641284034 -0.37635226297530938 0.0094401717185974132 0.16326301027746762 -0.074479405150156136 0.34011013333996143 0.17294299442593644 -0.14869443976612234
leaf_weight=2695 43 20 25 20 38 20 22 27 28 23 20 843 32 20 30 25 43 39 45 23 27 229 21 22 25 51 44 24 41 67
leaf_count=2695 43 20 25 20 38 20 22 27 28 23 20 843 32 20 30 25 43 39 45 23 27 229 21 22 25 51 44 24 41 67
internal_value=9.42632e-10 0.0977007 -0.00311232 -0.000229374 0.00222882 -0.0554273 -0.110833 -0.00120356 -0.0138525 0.00667777 0.00271343 -0.00578704 -0.0776111 -0.136541 -0.237921 -0.00812712 0.000446388 0.00431623 -0.00491514 0.0703908 0.190675 0.00203115 0.0173639 0.00923703 -0.171144 0.0031129 0.0531507 0.197599 0.0181517 0.0111776
internal_weight=4632 143 4489 4464 123 85 65 4444 1706 2738 2715 1678 134 102 57 45 1544 1501 1317 184 66 1272 1043 998 47 118 95 45 951 910
internal_count=4632 143 4489 4464 123 85 65 4444 1706 2738 2715 1678 134 102 57 45 1544 1501 1317 184 66 1272 1043 998 47 118 95 45 951 910
is_linear=0
shrinkage=0.05


Tree=237
num_leaves=31
num_cat=0
split_feature=7 3 3 3 7 7 4 1 4 4 7 6 5 3 6 7 5 5 3 3 7 7 5 6 7 0 5 4 5 4
split_gain=579.958 17675.3 15763.3 1808.13 259.268 485.292 833.26 478.409 269.844 675.046 632.918 934.625 823.167 1148.53 1046.49 791.494 696.044 1150.96 1245.73 902.409 835.222 1128.61 831.507 885.142 828.719 619.894 673.477 1338.94 875.288 614.448
threshold=156.0604166666667 19.910000000000004 18.320000000000004 16.975000000000005 155.15833333333336 153.59375000000003 102.40000000000002 3.5000000000000004 85.90000000000002 44.350000000000001 145.21666666666673 10.850000000000003 74.600000000000009 2.0850000000000004 20.250000000000004 142.95208333333338 8.3500000000000032 30.100000000000005 4.2950000000000008 9.9950000000000028 91.314583333333346 114.17291666666667 300.25000000000006 4.6500000000000012 126.74791666666668 3.5000000000000004 1.0000000180025095e-35 53.550000000000004 681.1500000000002 6.3500000000000005
decision_type=2 2 2 2 2 2 2 2 2 2 2 2 2 2 2 2 2 2 2 2 2 2 2 2 2 2 2 2 2 2
left_child=1 3 -2 4 5 8 7 -7 9 10 11 16 14 -14 -13 29 20 18 -18 22 -1 -22 23 -19 -24 -11 27 -27 -28 -16
right_child=2 -3 -4 -5 -6 6 -8 -9 -10 25 -12 12 13 -15 15 -17 17 19 -20 -21 21 -23 24 -25 -26 26 28 -29 -30 -31
leaf_value=0.11162705578079278 0.00052544054962612116 -1.4962916374206543 1.0155662102577014 -0.45550150275230411 -0.13351112390971848 0.094633465598930017 -0.090022769239213735 0.42077103875901395 0.021698096726024605 -0.28009504357145892 -0.081927481060152629 0.27110271788577539 0.17939747241827159 -0.051895991556781845 -0.018750929495143655 0.35559114019076032 -0.029847437259741129 -0.089111834038867743 0.42682328245469503 0.24435281072344101 -0.52369089828183257 -0.11600111877096111 -0.08611898662788528 -0.38200305178761484 0.31734608784317975 -0.20741538494825362 -0.14331787816939817 0.32436785520664579 0.20065672965276812 0.1114497054029595
leaf_weight=22 1986 20 39 22 36 22 27 23 801 36 201 67 65 308 201 21 32 91 28 21 24 58 35 36 20 20 155 29 21 165
leaf_count=22 1986 20 39 22 36 22 27 23 801 36 201 67 65 308 201 21 32 91 28 21 24 58 35 36 20 20 155 29 21 165
internal_value=-3.26526e-11 -0.0155929 0.0200744 -0.00414564 -0.000274363 0.00162225 0.12957 0.261326 -0.00212715 -0.0136513 0.000156967 0.0139752 0.0434443 -0.0115902 0.0886598 0.0570741 -0.0524306 -0.00912999 0.183266 -0.0659957 -0.161931 -0.235325 -0.101805 -0.172136 0.0605956 -0.0874542 -0.0566316 0.107313 -0.102275 0.0399461
internal_weight=4632 2607 2025 2587 2565 2529 72 45 2457 1656 1395 1194 827 373 454 387 367 263 60 203 104 82 182 127 55 261 225 49 176 366
internal_count=4632 2607 2025 2587 2565 2529 72 45 2457 1656 1395 1194 827 373 454 387 367 263 60 203 104 82 182 127 55 261 225 49 176 366
is_linear=0
shrinkage=0.05


Tree=238
num_leaves=31
num_cat=0
split_feature=3 3 7 6 5 7 4 3 3 5 5 4 4 5 7 4 1 5 5 5 6 0 7 7 6 6 6 5 0 6
split_gain=632.133 423.672 1472 403.905 104.812 630.049 652.078 636.53 607.997 353.869 514.97 470.415 919.161 745.193 372.724 329.325 570.913 542.462 279.919 500.577 430.614 635.727 421.557 209.243 326.43 458.065 656.581 334.384 380.682 328.655
threshold=19.910000000000004 17.300000000000001 176.20416666666668 728.05000000000007 664.30000000000007 98.468750000000014 303.55000000000007 4.0950000000000006 5.3050000000000006 681.1500000000002 688.95000000000016 22.150000000000002 3.5500000000000003 712.55000000000007 138.30208333333334 79.15000000000002 3.5000000000000004 701.30000000000007 498.15000000000003 534.20000000000016 5.2500000000000009 13.500000000000002 156.40416666666673 85.020833333333357 3.2500000000000004 21.350000000000005 53.20000000000001 1.3500000000000003 14.500000000000002 130.25000000000003
decision_type=2 2 2 2 2 2 2 2 2 2 2 2 2 2 2 2 2 2 2 2 2 2 2 2 2 2 2 2 2 2
left_child=1 3 -3 4 18 8 9 -8 -6 -7 -11 12 14 -14 -12 16 -13 -17 23 -20 -21 22 -22 24 -1 -26 -27 -28 29 -29
right_child=-2 2 -4 -5 5 6 7 -9 -10 10 11 15 13 -15 -16 17 -18 -19 19 20 21 -23 -24 -25 25 26 27 28 -30 -31
leaf_value=-0.1558498689973796 0.20044991603264442 -0.37142109024027986 0.16703845668922773 0.21869592524710157 -0.011065364342469436 -0.1555651286473641 -0.0091580751485058256 -0.3233395215712096 0.35562380835413937 0.1871896122746608 0.17331529188156128 0.28805660529640215 -0.48008929423310542 -0.058390300422906875 -0.081004649137749407 -0.23763172484579542 -0.034607617327800169 0.083812175712415157 0.22496454286340037 -0.15097077499175895 0.30369813123653677 -0.11390404582023622 0.029154659297179294 0.0014175494693514834 0.13022703739201152 -0.32478945657610891 -0.17498718785203024 -0.026514811515808107 -0.11764278064171474 0.24090410310913019
leaf_weight=54 39 30 22 21 26 39 28 38 20 34 25 29 22 20 34 21 26 35 38 29 29 30 27 3761 41 20 23 20 24 27
leaf_count=54 39 30 22 21 26 39 28 38 20 34 25 29 22 20 34 21 26 35 38 29 29 30 27 3761 41 20 23 20 24 27
internal_value=3.36177e-11 -0.00170206 -0.143611 -7.70227e-05 -0.00109345 -0.0256302 -0.0484329 -0.19005 0.148365 -0.0156373 0.00654636 -0.0224247 -0.100505 -0.27928 0.026758 0.0486217 0.135524 -0.0367293 0.00126918 0.0676327 0.0156448 0.0718291 0.171329 -0.00128841 -0.0499827 -0.0131 -0.0646474 -0.00929806 0.0443759 0.127109
internal_weight=4632 4593 52 4541 4520 397 351 66 46 285 246 212 101 42 59 111 55 56 4123 153 115 86 56 3970 209 155 114 94 71 47
internal_count=4632 4593 52 4541 4520 397 351 66 46 285 246 212 101 42 59 111 55 56 4123 153 115 86 56 3970 209 155 114 94 71 47
is_linear=0
shrinkage=0.05


Tree=239
num_leaves=31
num_cat=0
split_feature=6 3 3 7 0 7 7 1 6 0 5 6 6 4 7 7 4 4 1 4 0 5 4 4 5 7 7 7 5 3
split_gain=615.297 3787.31 152.281 4142.68 1500.47 95.8475 232.03 222.636 125.579 617.507 1321.07 601.383 566.389 518.39 509.715 575.644 506.192 641.172 954.686 680.94 848.161 782.754 668.4 886.601 741.3 748.07 487.64 483.704 467.46 456.922
threshold=728.05000000000007 21.600000000000005 16.975000000000005 149.80833333333337 7.5000000000000009 273.94791666666669 257.30208333333337 4.5000000000000009 1.0000000180025095e-35 3.5000000000000004 1.0000000180025095e-35 1.3500000000000003 1.9500000000000002 148.00000000000003 123.84583333333336 158.31250000000003 38.45000000000001 182.90000000000001 5.5000000000000009 651.65000000000009 11.500000000000002 90.100000000000009 126.60000000000001 49.350000000000001 34.400000000000006 157.75416666666669 201.57916666666668 162.10208333333335 53.550000000000004 4.6250000000000009
decision_type=2 2 2 2 2 2 2 2 2 2 2 2 2 2 2 2 2 2 2 2 2 2 2 2 2 2 2 2 2 2
left_child=1 2 5 -4 -5 6 8 -8 9 10 -1 -10 -13 14 -12 -16 26 18 22 20 28 29 23 -18 -25 -26 -11 -15 -19 -22
right_child=-2 -3 3 4 -6 -7 7 -9 11 16 13 12 -14 27 15 -17 17 19 -20 -21 21 -23 -24 24 25 -27 -28 -29 -30 -31
leaf_value=-0.33153796431265381 -0.26379536769606848 0.61499935913085935 0.52897769798125538 0.008285222947597504 -0.51130169052066232 -0.087114813528023666 0.016577850806492347 0.23667790953069928 -0.17965297903865576 -0.020694427145258047 -0.28009180589800792 0.21305638551712036 -0.0051409368390549944 0.32633037805557252 0.15358597741973015 -0.16543326148620019 0.39748199650645261 -0.3834322860930115 -0.11386673013369242 0.14355348215828981 0.027383310121038687 -0.15676567203140465 0.37956426042962721 -0.091803941308032905 0.39178439180056257 -0.011863763359459965 0.19959815552941076 -0.013418701697479597 -0.056130684874951847 0.35415645003318791
leaf_weight=38 22 25 21 24 33 32 27 20 49 361 21 30 3445 20 31 26 25 24 30 62 23 29 37 42 24 22 27 22 20 20
leaf_count=38 22 25 21 24 33 32 27 20 49 361 21 30 3445 20 31 26 25 24 30 62 23 29 37 42 24 22 27 22 20 20
internal_value=3.72368e-11 0.00125889 -0.00208757 -0.0713536 -0.292528 -0.000888819 -0.000272231 0.110237 -0.00144521 0.0151797 -0.0746144 -0.00570994 -0.00325722 0.00674474 -0.0695132 0.00806843 0.0341977 0.0770756 0.143617 0.0097869 -0.061709 0.0439825 0.195113 0.134718 0.0600688 0.198735 -0.00536479 0.148367 -0.234659 0.179371
internal_weight=4632 4610 4585 78 57 4507 4475 47 4428 904 158 3524 3475 120 78 57 746 358 180 178 116 72 150 113 88 46 388 42 44 43
internal_count=4632 4610 4585 78 57 4507 4475 47 4428 904 158 3524 3475 120 78 57 746 358 180 178 116 72 150 113 88 46 388 42 44 43
is_linear=0
shrinkage=0.05


Tree=240
num_leaves=31
num_cat=0
split_feature=6 3 7 3 3 7 6 6 5 5 0 4 4 0 4 7 3 7 3 6 6 4 6 1 1 0 0 4 4 6
split_gain=555.305 3418.05 154.223 2152.83 1281.56 221.84 239.161 329.032 348.072 548.107 533.912 263.473 214.254 355.186 324.158 192.279 1642.42 879.995 683.608 595.501 857.107 835.427 427.032 652.847 355.42 400.375 492.515 878.328 1014.84 445.972
threshold=728.05000000000007 21.600000000000005 218.63750000000002 15.790000000000001 19.095000000000002 223.79166666666671 29.050000000000004 41.050000000000004 36.050000000000004 11.450000000000001 15.500000000000002 303.55000000000007 476.50000000000006 4.5000000000000009 23.650000000000002 179.93750000000003 17.300000000000001 176.99791666666667 16.150000000000002 705.00000000000011 490.35000000000008 137.55000000000004 11.750000000000002 1.5000000000000002 3.5000000000000004 2.5000000000000004 16.500000000000004 38.45000000000001 131.80000000000004 108.50000000000001
decision_type=2 2 2 2 2 2 2 2 2 2 2 2 2 2 2 2 2 2 2 2 2 2 2 2 2 2 2 2 2 2
left_child=1 2 4 5 15 -4 12 -8 9 -9 11 -10 13 -7 -15 16 17 -1 19 20 24 -22 -19 -24 25 -17 29 -28 -29 -27
right_child=-2 -3 3 -5 -6 6 7 8 10 -11 -12 -13 -14 14 -16 18 -18 22 -20 -21 21 -23 23 -25 -26 26 27 28 -30 -31
leaf_value=0.00066273694620723402 -0.25060559673742816 0.58424938964843753 -0.12997486304131248 -0.52470003423236666 0.39028950418744768 -0.17236088192462923 0.23873766064643862 0.047001620382070543 0.097316194768063732 -0.25524182120958966 0.25057068415917455 -0.11076322344356571 -0.17368751901388169 -0.063783179606710164 0.14712041724277169 -0.10052715161362209 -0.43695058795538816 -0.32323524819480048 0.30986892990767956 0.26411073207855223 -0.0051000007938954142 -0.38942102709641824 -0.30079847911129831 0.030594818098914057 -0.018090973108029759 0.15851543668819512 -0.19296211752863157 0.39647678852081303 -0.034635489208753721 -0.0042272687742584631
leaf_weight=3333 22 25 31 21 21 25 20 40 32 24 32 29 25 35 38 37 22 27 20 23 31 26 23 42 305 161 42 20 43 57
leaf_count=3333 22 25 31 21 21 25 20 40 32 24 32 29 25 35 38 37 22 27 20 23 31 26 23 42 305 161 42 20 43 57
internal_value=-1.57945e-10 0.00119595 -0.00198319 -0.0337833 0.000661184 -0.00263748 0.0105207 0.0477359 0.0234045 -0.0663397 0.0851639 -0.00160681 -0.0430329 -0.00970263 0.0460023 -0.00128141 -0.00631411 -0.00354798 0.0213954 0.0136511 0.00567248 -0.180404 -0.156095 -0.0866674 0.0216219 0.0552676 0.073114 -0.0158495 0.102226 0.115963
internal_weight=4632 4610 4585 352 4233 331 300 177 157 64 93 61 123 98 73 4212 3447 3425 765 745 722 57 92 65 665 360 323 105 63 218
internal_count=4632 4610 4585 352 4233 331 300 177 157 64 93 61 123 98 73 4212 3447 3425 765 745 722 57 92 65 665 360 323 105 63 218
is_linear=0
shrinkage=0.05


Tree=241
num_leaves=31
num_cat=0
split_feature=7 3 3 3 4 4 0 7 5 1 3 5 6 3 5 4 1 7 7 0 4 3 4 6 5 1 6 6 4 4
split_gain=551.508 17417.8 13982.9 1585.88 251.94 1494.97 662.656 646.659 585.082 752.391 782.151 490.185 471.486 437.395 716.717 431.097 734.527 607 1364.03 596.821 700.39 859.021 577.897 553.072 740.92 488.456 522.741 461.817 666.762 874.559
threshold=156.0604166666667 19.910000000000004 18.320000000000004 16.975000000000005 58.650000000000013 46.350000000000001 16.500000000000004 160.23125000000002 6.3500000000000005 4.5000000000000009 4.995000000000001 92.300000000000026 700.60000000000014 13.920000000000002 14.850000000000003 161.60000000000005 1.0000000180025095e-35 184.37916666666669 195.94375000000002 11.500000000000002 299.10000000000008 9.8100000000000023 571.25000000000011 31.450000000000003 67.700000000000003 1.5000000000000002 420.85000000000008 174.45000000000002 476.50000000000006 696.1500000000002
decision_type=2 2 2 2 2 2 2 2 2 2 2 2 2 2 2 2 2 2 2 2 2 2 2 2 2 2 2 2 2 2
left_child=1 3 4 -1 5 6 12 -8 9 10 -9 -7 13 -2 -15 16 -6 23 -19 22 21 -21 25 -18 -25 -17 -27 -22 -29 -30
right_child=2 -3 -4 -5 15 11 7 8 -10 -11 -12 -13 -14 14 -16 19 17 18 -20 20 27 -23 -24 24 -26 26 -28 28 29 -31
leaf_value=-0.00021651573900358489 0.028917020411386097 -1.4850779724121095 0.95716696916482391 -0.42654952386563477 -0.30722293591704863 0.41221105068922043 0.19771981713446707 0.13061443429726821 -0.1353112437754245 0.29479287832975393 -0.25360986457930673 0.097244094666980571 -0.17019743844866753 -0.012115862965583802 0.41117975443601607 -0.2220464096421243 -0.23227259365090155 0.30866206183153044 -0.066694028480421927 0.086008132555122893 -0.031730296313364235 0.45062259776251656 0.032783815096477847 -0.1494866033293763 0.16284924444231777 -0.010022278750936191 -0.27947160651286446 -0.088122896353403729 0.47040471477167944 0.014084166625425928
leaf_weight=2565 617 20 39 22 29 30 22 26 173 20 27 21 28 20 20 56 57 34 84 70 187 21 151 49 31 126 21 24 21 21
leaf_count=2565 617 20 39 22 29 30 22 26 173 20 27 21 28 20 20 56 57 34 84 70 187 21 151 49 31 126 21 24 21 21
internal_value=-1.35883e-10 -0.0152056 0.0195758 -0.00384208 0.0011639 0.0187763 0.00466202 -0.0619949 -0.0852215 0.0334845 -0.0651225 0.282519 0.030741 0.0393045 0.199532 -0.016843 -0.0687793 -0.0416621 0.0414594 0.0042886 0.0511901 0.17015 -0.041288 -0.113256 -0.0284565 -0.0963858 -0.048515 0.00840218 0.122111 0.242244
internal_weight=4632 2607 2025 2587 1986 1004 953 268 246 73 53 51 685 657 40 982 284 255 118 698 344 91 354 137 80 203 147 253 66 42
internal_count=4632 2607 2025 2587 1986 1004 953 268 246 73 53 51 685 657 40 982 284 255 118 698 344 91 354 137 80 203 147 253 66 42
is_linear=0
shrinkage=0.05


Tree=242
num_leaves=31
num_cat=0
split_feature=0 3 3 4 4 3 7 6 3 7 4 4 5 5 6 6 6 6 6 7 0 3 3 4 3 3 7 7 3 7
split_gain=565.603 18275.3 11198.5 345.891 543.682 549.23 410.224 526.945 526.755 413.036 359.207 558.519 767.734 795.295 376.212 359.493 470.61 358.392 468.859 465.748 573.084 544.097 543.732 743.017 603.631 1170.78 946.77 453.798 396.043 550.103
threshold=18.500000000000004 17.300000000000001 19.910000000000004 299.10000000000008 170.35000000000002 4.4150000000000009 161.6854166666667 144.25000000000003 6.3450000000000006 139.65625000000003 106.55000000000001 50.45000000000001 6.8500000000000005 176.30000000000004 41.050000000000004 19.850000000000005 136.65000000000003 0.65000000000000002 4.2500000000000009 191.34583333333336 21.500000000000004 8.1150000000000002 7.3850000000000007 7.9500000000000011 4.9750000000000005 3.8650000000000007 152.86875000000001 113.13125000000001 5.8550000000000013 151.49583333333337
decision_type=2 2 2 2 2 2 2 2 2 2 2 2 2 2 2 2 2 2 2 2 2 2 2 2 2 2 2 2 2 2
left_child=2 3 -1 4 10 -6 8 -8 9 -5 11 17 -13 14 -14 -12 -17 28 -19 20 22 -22 24 -24 25 27 -26 -20 29 -2
right_child=1 -3 -4 6 5 -7 7 -9 -10 -11 15 12 13 -15 -16 16 -18 18 19 -21 21 -23 23 -25 26 -27 -28 -29 -30 -31
leaf_value=-0.00076473321426023149 0.041598791789263491 1.5297408929467202 -0.94022650942206387 0.032520790149768192 -0.017564043349453381 0.27116638168692592 -0.054640210063561151 0.21735666189342739 -0.35329478280175303 -0.21038898872832457 -0.27862624710514433 0.37272046888247135 -0.24414956800639631 0.27372843530029062 0.052361830291540727 0.13432197015393862 -0.20079685568809513 -0.26170280724763872 0.19027902245521547 -0.13284964403685404 -0.021733794711074051 -0.28305691415071488 0.35192990212235603 -0.020643522169279019 -0.27664487868547444 0.38259054613113408 0.15460060596466066 -0.08852894634560303 -0.054130012821406129 0.32167131691757178
leaf_weight=3635 50 20 32 42 28 40 69 24 21 30 21 24 20 24 23 22 20 20 20 68 98 25 32 23 35 25 20 54 40 27
leaf_count=3635 50 20 32 42 28 40 69 24 21 30 21 24 20 24 23 22 20 20 20 68 98 25 32 23 35 25 20 54 40 27
internal_value=1.10716e-10 0.0340591 -0.00896293 0.00240448 0.0173792 0.152277 -0.0587022 0.0155525 -0.132957 -0.0686916 0.00410416 0.0155223 0.130067 0.0431465 -0.0855504 -0.109714 -0.0252584 -0.0038885 -0.0254476 -0.0136348 0.0107827 -0.0748482 0.0611779 0.196126 0.012982 0.0867655 -0.119828 -0.0131754 0.0735031 0.139806
internal_weight=4632 965 3667 945 759 68 186 93 93 72 691 628 91 67 43 63 42 537 420 400 332 123 209 55 154 99 55 74 117 77
internal_count=4632 965 3667 945 759 68 186 93 93 72 691 628 91 67 43 63 42 537 420 400 332 123 209 55 154 99 55 74 117 77
is_linear=0
shrinkage=0.05


Tree=243
num_leaves=31
num_cat=0
split_feature=3 3 5 6 5 7 1 4 3 5 5 1 4 7 5 7 4 5 0 5 7 3 3 0 5 5 4 6 0 7
split_gain=578.719 505.845 1254.82 460.372 98.3357 667.249 569.321 487.061 492.3 388.408 456.897 432.845 706.303 706.657 445.292 389.077 371.996 406.092 299.266 280.321 189.768 282.595 383.822 800.607 517.005 405.299 188.104 181.632 501.519 289.869
threshold=19.910000000000004 17.300000000000001 47.750000000000007 728.05000000000007 653.90000000000009 98.468750000000014 2.5000000000000004 303.55000000000007 4.0950000000000006 681.1500000000002 688.95000000000016 5.5000000000000009 22.150000000000002 136.47291666666669 712.55000000000007 150.82083333333335 79.15000000000002 703.30000000000007 8.5000000000000018 605.75000000000011 85.020833333333357 7.6650000000000009 3.8650000000000007 7.5000000000000009 18.650000000000002 61.350000000000001 28.850000000000005 697.85000000000002 3.5000000000000004 135.34791666666669
decision_type=2 2 2 2 2 2 2 2 2 2 2 2 2 2 2 2 2 2 2 2 2 2 2 2 2 2 2 2 2 2
left_child=1 3 -3 4 19 6 -6 9 -9 15 -11 12 13 -12 -15 -7 18 -18 -14 20 21 22 25 -24 -25 26 -1 -22 -29 -30
right_child=-2 2 -4 -5 5 7 -8 8 -10 10 11 -13 16 14 -16 -17 17 -19 -20 -21 27 -23 23 24 -26 -27 -28 28 29 -31
leaf_value=-0.14164111663292095 0.19179423344440949 0.11910913042400195 -0.3754278110019092 0.23371236210777646 -0.039904416691173207 -0.29831946148820548 0.30274772337741324 -0.012275740915331347 -0.28430025974909462 0.17573603062945253 0.040263771403718882 0.13367111112016281 -0.0038757265855868662 -0.40998037712914609 -0.11306361073132039 -0.013365677535533905 -0.22686474266506376 0.061843191678154052 0.249900913811647 0.16831204396486285 0.0053201893703713476 0.089440207228516089 -0.40881371796131138 0.15109804719686509 -0.16443056617234206 0.14505650420342722 0.020115867862477901 -0.23652651340797029 -0.11780470106750728 0.034444266864684998
leaf_weight=41 39 23 29 21 22 23 27 29 39 34 27 37 21 28 23 25 21 29 26 25 3687 33 22 20 37 31 32 29 44 108
leaf_count=41 39 23 29 21 22 23 27 29 39 34 27 37 21 28 23 25 21 29 26 25 3687 33 22 20 37 31 32 29 44 108
internal_value=-5.88538e-10 -0.00162856 -0.15669 0.000147086 -0.000938062 -0.0242567 0.148904 -0.0476956 -0.16829 -0.0198031 0.00558289 -0.0217058 -0.0545569 -0.166574 -0.276077 -0.149906 0.0355188 -0.0594141 0.136511 0.00139437 0.000372594 -0.0452369 -0.0695229 -0.152606 -0.0537188 -0.00641179 -0.0707339 0.00291956 -0.0459817 -0.0096278
internal_weight=4632 4593 52 4541 4520 411 49 362 68 294 246 212 175 78 51 48 97 50 47 4109 4084 216 183 79 57 104 73 3868 181 152
internal_count=4632 4593 52 4541 4520 411 49 362 68 294 246 212 175 78 51 48 97 50 47 4109 4084 216 183 79 57 104 73 3868 181 152
is_linear=0
shrinkage=0.05


Tree=244
num_leaves=31
num_cat=0
split_feature=4 3 3 6 6 6 1 7 7 6 7 0 1 5 3 7 3 3 1 3 3 1 5 7 3 7 3 3 0 4
split_gain=535.556 7987.61 5019.92 482.336 1010.67 617.163 703.261 732.292 492.355 476.13 464.367 870.723 508.746 430.25 417.235 205.43 973.247 935.971 333.476 467.687 577.995 569.829 324.39 283.822 905.366 607.99 519.492 962.131 575.723 1325.89
threshold=677.20000000000016 13.575000000000001 21.600000000000005 690.20000000000016 472.00000000000006 314.30000000000001 1.5000000000000002 198.67083333333338 145.21666666666673 728.05000000000007 194.99583333333337 11.500000000000002 5.5000000000000009 27.950000000000003 4.0550000000000006 227.4041666666667 19.095000000000002 14.345000000000001 4.5000000000000009 5.6450000000000005 8.7550000000000008 1.5000000000000002 47.750000000000007 179.93750000000003 17.300000000000001 176.99791666666667 15.985000000000001 14.345000000000001 19.500000000000004 53.550000000000004
decision_type=2 2 2 2 2 2 2 2 2 2 2 2 2 2 2 2 2 2 2 2 2 2 2 2 2 2 2 2 2 2
left_child=2 3 9 4 5 6 7 8 -2 15 12 -12 13 14 -8 16 23 18 19 21 -21 -17 -20 24 25 -1 27 28 -25 -30
right_child=1 -3 -4 -5 -6 -7 10 -9 -10 -11 11 -13 -14 -15 -16 17 -18 -19 22 20 -22 -23 -24 26 -26 -27 -28 -29 29 -31
leaf_value=-0.0017776566408381487 0.24463043801841283 1.0047612264042809 -0.72610166867574055 -0.22585059302774343 0.36041877737268807 -0.23946954837212198 -0.081528372593068832 0.39414620910372056 -0.057040586400973176 0.24245076715946198 0.09219715324773764 -0.288749664016068 0.21170536086515146 -0.12439602104754284 0.20030571350763582 0.19314195016218771 0.34850351750850678 -0.35803655250505972 0.18946965914784056 -0.32225473091520113 -0.02412586808204651 -0.075809606771778185 -0.041914139887584106 0.011059258316152416 -0.34284692868590355 -0.13577694794398615 0.25592566455403964 -0.2791009978606151 -0.0079029251731211145 0.35594488280337483
leaf_weight=3135 21 21 24 22 20 26 24 21 38 20 24 40 27 58 29 31 20 22 33 29 37 54 28 567 20 87 24 26 62 42
leaf_count=3135 21 21 24 22 20 26 24 21 38 20 24 40 27 58 29 31 20 22 33 29 37 54 28 567 20 87 24 26 62 42
internal_value=2.08447e-10 0.0576178 -0.00501671 0.00078922 0.0159907 -0.00637479 0.0151162 0.140585 0.0503338 -0.00093221 -0.0345742 -0.145895 0.0170526 -0.0302954 0.0726827 -0.0020865 0.00058837 -0.0476165 -0.0154031 -0.0552607 -0.155122 0.0222786 0.0832607 -0.00116745 -0.00747763 -0.00539589 0.0272065 0.019331 0.0308946 0.139036
internal_weight=4632 371 4261 350 328 308 282 80 59 4237 202 64 138 111 53 4217 3983 234 212 151 66 85 61 3963 3242 3222 721 697 671 104
internal_count=4632 371 4261 350 328 308 282 80 59 4237 202 64 138 111 53 4217 3983 234 212 151 66 85 61 3963 3242 3222 721 697 671 104
is_linear=0
shrinkage=0.05


Tree=245
num_leaves=31
num_cat=0
split_feature=3 3 7 6 5 5 5 4 5 5 4 4 7 3 5 4 4 4 7 3 3 7 4 0 7 3 0 7 1 6
split_gain=617.009 461.958 1194.18 375.728 95.6421 209.572 228.636 183.217 112.162 131.7 105.877 269.494 254.159 103.769 352.159 413.1 230.884 257.802 240.362 173.712 158.898 147.472 372.389 487.736 336.637 298.411 143.228 1058.17 796.465 640.45
threshold=19.910000000000004 17.300000000000001 176.20416666666668 728.05000000000007 723.95000000000016 719.1500000000002 715.75000000000011 18.150000000000002 712.55000000000007 709.25000000000011 720.6500000000002 717.1500000000002 187.30000000000004 1.0750000000000004 166.80000000000004 55.300000000000004 395.15000000000003 24.150000000000002 176.20416666666668 1.175 0.76500000000000012 78.579166666666694 33.250000000000007 8.5000000000000018 69.69583333333334 4.705000000000001 3.5000000000000004 119.4979166666667 5.5000000000000009 698.95000000000016
decision_type=2 2 2 2 2 2 2 2 2 2 2 2 2 2 2 2 2 2 2 2 2 2 2 2 2 2 2 2 2 2
left_child=1 3 -3 4 5 6 8 -6 9 10 11 13 -12 14 16 -16 17 18 20 -15 -1 22 24 -24 -21 -26 27 28 -23 -29
right_child=-2 2 -4 -5 7 -7 -8 -9 -10 -11 12 -13 -14 19 15 -17 -18 -19 -20 21 -22 26 23 -25 25 -27 -28 29 -30 -31
leaf_value=-0.070983968315453366 0.19803752226707264 -0.35505338723460839 0.1299394472756169 0.21101920916920616 -0.18609022274613382 0.15369737016206439 -0.14884176182632264 0.018817368273933731 0.10547090463340283 -0.12006909199382948 0.15537161497455654 -0.16146003721425167 -0.070514119323343047 0.10833905152976514 0.20132932586054647 -0.054772254358977084 -0.21372164021367612 0.016878694049747928 0.042971411347389223 0.11911027941566249 -0.23140780930266236 -0.19262614697217942 -0.33594982536001639 -0.010019684955477715 0.031288787391450669 -0.2200192227250054 0.0070731630342409499 0.026047470710167515 0.11284999939111562 -0.26250912167131901
leaf_weight=29 39 30 22 21 20 22 26 24 25 23 33 26 20 38 31 32 23 84 20 39 33 119 22 24 27 21 3214 499 26 20
leaf_count=29 39 30 22 21 20 22 26 24 25 23 33 26 20 38 31 32 23 84 20 39 33 119 22 24 27 21 3214 499 26 20
internal_value=-2.19334e-11 -0.00168157 -0.149864 1.52985e-05 -0.000965029 -0.000243911 -0.00100429 -0.0743224 -0.000136224 -0.000735856 -0.00010922 -0.000969579 0.0701317 6.03291e-07 -0.0311304 0.071246 -0.0652558 -0.0446853 -0.107751 0.00193812 -0.156371 0.000930084 -0.0508397 -0.165899 0.00999649 -0.0786585 0.00270558 -0.0184351 -0.137851 0.0149278
internal_weight=4632 4593 52 4541 4520 4476 4454 44 4428 4403 4380 4327 53 4301 252 63 189 166 82 4049 62 4011 133 46 87 48 3878 664 145 519
internal_count=4632 4593 52 4541 4520 4476 4454 44 4428 4403 4380 4327 53 4301 252 63 189 166 82 4049 62 4011 133 46 87 48 3878 664 145 519
is_linear=0
shrinkage=0.05


Tree=246
num_leaves=31
num_cat=0
split_feature=6 3 3 7 3 7 7 5 7 5 5 5 4 5 6 4 0 5 7 6 3 5 6 6 5 6 6 0 4 4
split_gain=613.041 3697.21 171.705 4439.26 1595.08 90.4581 222.886 199.275 123.235 261.079 87.4938 196.931 165.353 144.679 103.785 557.168 535.355 1030.1 703.003 524.885 505.674 449.049 377.961 321.668 804.567 366.941 375.89 801.564 302.153 690.148
threshold=728.05000000000007 21.600000000000005 16.975000000000005 149.80833333333337 18.320000000000004 273.94791666666669 257.30208333333337 48.550000000000004 244.23125000000005 28.850000000000005 723.95000000000016 719.1500000000002 18.150000000000002 715.75000000000011 1.0000000180025095e-35 702.35000000000014 3.5000000000000004 1.0000000180025095e-35 158.31250000000003 1.3500000000000003 4.0250000000000012 31.250000000000004 1.9500000000000002 3.2500000000000004 36.050000000000004 3.8500000000000001 4.9500000000000011 8.5000000000000018 109.95000000000002 140.20000000000002
decision_type=2 2 2 2 2 2 2 2 2 2 2 2 2 2 2 2 2 2 2 2 2 2 2 2 2 2 2 2 2 2
left_child=1 2 5 -4 -5 6 8 -8 10 -10 11 13 -12 14 15 16 17 -1 20 21 -19 -16 -21 24 -24 -25 27 -27 -28 -30
right_child=-2 -3 3 4 -6 -7 7 -9 9 -11 12 -13 -14 -15 19 -17 -18 18 -20 22 -22 -23 23 25 -26 26 28 -29 29 -31
leaf_value=-0.30633212650144426 -0.26331136172468012 0.60765229797363285 0.54584863384564719 -0.015742033089582736 -0.5467869831669715 -0.084543640512856663 0.20471292066574098 -0.001618051084435799 0.030840741872787476 -0.20258170696704286 -0.17678570881485942 0.15300133322321235 0.017876495793461799 -0.1204192851111293 -0.033033483020133446 0.24355128424671979 0.026758501458574425 -0.046255876310169697 -0.15993455911791601 0.17833807632840915 0.2269144342901806 -0.34131396483807341 -0.33757840394973759 0.17017315779962849 0.063883105837381812 0.099579740422112609 0.010452982593691011 -0.3031872540464004 -0.14318666025108814 -0.0088621802833941717
leaf_weight=37 22 25 21 26 31 32 25 22 25 23 20 21 24 25 27 26 704 32 43 29 36 21 24 31 26 21 2120 30 106 977
leaf_count=37 22 25 21 26 31 32 25 22 25 23 20 21 24 25 27 26 704 32 43 29 36 21 24 31 26 21 2120 30 106 977
internal_value=-2.61623e-10 0.00125658 -0.00204983 -0.0756009 -0.304556 -0.000776923 -0.00017792 0.108132 -0.00132756 -0.0810075 -0.000454351 0.000257523 -0.0706063 -0.000485842 0.000213071 0.0155439 0.00858596 -0.0778564 -0.00169779 -0.00373198 0.0983637 -0.167906 -0.00138942 -0.00295227 -0.128818 -0.0010365 -0.00266756 -0.137342 -0.000523201 -0.0220094
internal_weight=4632 4610 4585 78 57 4507 4475 47 4428 48 4380 4336 44 4315 4290 878 852 148 111 3412 68 48 3364 3335 50 3285 3254 51 3203 1083
internal_count=4632 4610 4585 78 57 4507 4475 47 4428 48 4380 4336 44 4315 4290 878 852 148 111 3412 68 48 3364 3335 50 3285 3254 51 3203 1083
is_linear=0
shrinkage=0.05


Tree=247
num_leaves=31
num_cat=0
split_feature=6 3 0 3 3 3 0 5 6 5 3 7 4 0 4 6 3 3 3 3 5 5 7 6 3 3 6 4 5 3
split_gain=553.269 3336.73 168.671 3606.82 2410.31 574.191 532.98 883.206 1041.52 1089.9 459.33 525.963 456.371 453.34 374.14 642.678 551.42 848.449 1195.88 1013.24 422.673 956.014 410.517 359.251 702.395 706.677 384.064 308.655 842.16 1040.82
threshold=728.05000000000007 21.600000000000005 8.5000000000000018 18.320000000000004 17.845000000000002 16.560000000000006 9.5000000000000018 534.20000000000016 32.45000000000001 3.8500000000000001 7.5050000000000008 152.49375000000003 52.70000000000001 6.5000000000000009 358.35000000000008 17.350000000000005 1.6150000000000004 3.8250000000000006 3.2950000000000004 2.5150000000000001 463.45000000000005 222.80000000000004 101.24375000000002 365.20000000000005 5.0850000000000009 6.9650000000000007 26.350000000000005 5.6500000000000012 19.050000000000004 6.8350000000000009
decision_type=2 2 2 2 2 2 2 2 2 2 2 2 2 2 2 2 2 2 2 2 2 2 2 2 2 2 2 2 2 2
left_child=1 2 3 5 6 13 7 8 10 -10 11 -4 -11 27 16 -16 -15 18 19 -18 21 22 -19 24 -24 -26 -27 28 -1 -30
right_child=-2 -3 4 -5 -6 -7 -8 -9 9 12 -12 -13 -14 14 15 -17 17 20 -20 -21 -22 -23 23 -25 25 26 -28 -29 29 -31
leaf_value=-0.15712747336759914 -0.25014577616344796 0.5772696075439453 -0.38956468352116647 0.67795592069625865 -0.4629106252357878 -0.26375796779990196 0.0010527927218645676 -0.40005623987875882 -0.19408020774523418 0.05293799979281763 0.0054370593279600143 -0.083481130182743071 0.32649805999671422 -0.10444399633923092 0.16471271745183252 -0.16754721798175989 0.3025319722565738 0.26624584935960316 0.53145515004871413 -0.10640359393187933 0.25983574986457825 -0.29900177064396088 0.22335517282287279 0.197756500184536 -0.27662284006675086 0.18034017086029053 -0.10015116964395231 0.006467306298689357 -0.074679325634035579 0.14486909027882786
leaf_weight=118 22 25 32 20 29 20 2643 20 27 31 24 25 30 37 22 43 33 21 24 28 20 21 24 25 30 23 26 958 145 86
leaf_count=118 22 25 32 20 29 20 2643 20 27 31 24 25 30 37 22 43 33 21 24 28 20 21 24 25 30 23 26 958 145 86
internal_value=-3.8177e-10 0.00119375 -0.00194734 0.0104067 -0.00939174 0.00257166 -0.00474765 -0.0858618 -0.048679 0.0704074 -0.178057 -0.255318 0.187476 0.00573472 0.0540382 -0.05509 0.0767732 0.101155 0.232461 0.114824 0.0424131 0.0168339 0.0613477 0.0277316 -0.0135366 -0.0855037 0.031508 -0.00819826 -0.048455 0.00705731
internal_weight=4632 4610 4585 1724 2861 1704 2832 189 169 88 81 57 61 1684 377 65 312 275 85 61 190 170 149 128 103 79 49 1307 349 231
internal_count=4632 4610 4585 1724 2861 1704 2832 189 169 88 81 57 61 1684 377 65 312 275 85 61 190 170 149 128 103 79 49 1307 349 231
is_linear=0
shrinkage=0.05


Tree=248
num_leaves=31
num_cat=0
split_feature=4 3 3 4 7 7 5 5 3 6 7 5 7 1 7 3 3 6 4 0 3 0 7 0 7 5 3 6 5 7
split_gain=533.816 9220.72 7719.85 507.444 473.767 547.576 355.944 903.442 650.384 583.256 326.851 478.978 478.485 1197.55 637.414 630.307 599.941 490.111 452.036 573.789 875.826 824.883 1511.41 803.793 728.666 681.829 595.922 467.332 669.299 580.923
threshold=3.2500000000000004 17.845000000000002 19.095000000000002 3.8500000000000001 71.702083333333348 103.95625000000001 53.550000000000004 17.250000000000004 4.1750000000000007 51.750000000000007 112.45416666666669 53.550000000000004 137.33958333333337 3.5000000000000004 131.4666666666667 5.1150000000000011 2.9050000000000007 11.750000000000002 1.6500000000000001 10.500000000000002 5.5050000000000008 18.500000000000004 163.76875000000004 9.5000000000000018 152.86875000000001 22.850000000000005 1.5750000000000004 69.850000000000009 104.05000000000001 150.82083333333335
decision_type=2 2 2 2 2 2 2 2 2 2 2 2 2 2 2 2 2 2 2 2 2 2 2 2 2 2 2 2 2 2
left_child=1 4 3 -2 -1 6 7 8 -6 -8 11 -7 13 14 17 16 -15 -12 19 23 21 24 -23 26 -21 -26 -14 28 29 -28
right_child=2 -3 -4 -5 5 10 9 -9 -10 -11 12 -13 18 15 -16 -17 -18 -19 -20 20 -22 22 -24 -25 25 -27 27 -29 -30 -31
leaf_value=0.24891540817916394 -0.19992273822426798 0.96090637239126053 -0.71823899526345114 0.00010061270963339461 0.022283783980778286 0.27660235577616199 -0.33005163419631223 0.18713956660393516 -0.32500140181241127 -0.028020572481733383 -0.079862806393254201 -0.010769088925986455 -0.20929407605103087 -0.27399413987994192 -0.14960919497786343 -0.36472075358033185 0.10864701569080354 0.15351993146284326 0.1979902373196987 -0.22498817809166446 -0.1063737857459066 0.5635263641551137 0.015749017149209978 0.31973866224288944 -0.09390630125999451 0.2377146721171636 0.27866811349987985 -0.029368584897173079 0.27323201259179991 -0.028401233376101107
leaf_weight=20 32 26 38 3473 28 29 31 33 26 33 31 29 21 20 37 36 21 82 39 31 158 20 34 30 31 31 20 76 49 67
leaf_count=20 32 26 38 3473 28 29 31 33 26 33 31 29 21 20 37 36 21 82 39 31 158 20 34 30 31 31 20 76 49 67
internal_value=-3.62476e-10 0.0306163 -0.00941044 -0.00172556 0.00786229 0.00323999 -0.084813 -0.0189711 -0.144928 -0.174317 0.0181458 0.132917 0.0101642 -0.0517661 0.0305156 -0.212055 -0.0780072 0.0894946 0.0333242 0.0220179 -0.024648 0.0631933 0.21863 0.0761362 -0.0270599 0.0719042 0.0447711 0.0699379 0.125433 0.0421894
internal_weight=4632 1089 3543 3505 1063 1043 151 87 54 64 892 58 834 227 150 77 41 113 607 568 305 147 54 263 93 62 233 212 136 87
internal_count=4632 1089 3543 3505 1063 1043 151 87 54 64 892 58 834 227 150 77 41 113 607 568 305 147 54 263 93 62 233 212 136 87
is_linear=0
shrinkage=0.05


Tree=249
num_leaves=31
num_cat=0
split_feature=6 3 3 6 0 3 4 3 3 6 4 7 6 5 6 3 1 4 6 4 6 6 7 6 5 7 0 0 4 5
split_gain=522.037 17970.7 15218 438.761 369.435 763.929 598.12 368.898 654.546 554.091 1306.8 453.355 304.414 743.028 1486.28 515.808 423.451 572.422 618.888 721.756 440.478 493.383 341.534 588.848 348.9 328.171 461.867 290.859 723.993 658.671
threshold=186.40000000000003 17.845000000000002 19.910000000000004 728.05000000000007 20.500000000000004 3.3350000000000004 13.15 13.445000000000002 10.775 592.20000000000016 72.750000000000014 169.8041666666667 98.450000000000017 225.65000000000003 106.55000000000001 7.3450000000000006 3.5000000000000004 299.10000000000008 133.35000000000002 26.150000000000002 146.20000000000002 162.75000000000003 178.90833333333336 152.95000000000002 18.150000000000002 124.99375000000002 10.500000000000002 17.500000000000004 137.55000000000004 31.750000000000004
decision_type=2 2 2 2 2 2 2 2 2 2 2 2 2 2 2 2 2 2 2 2 2 2 2 2 2 2 2 2 2 2
left_child=2 3 12 4 7 -6 -7 8 27 10 -10 -9 -1 14 -14 25 17 18 19 -16 -20 -22 23 24 -18 -15 -27 -2 29 -29
right_child=1 -3 -4 -5 5 6 -8 11 9 -11 -12 -13 13 15 16 -17 22 -19 20 -21 21 -23 -24 -25 -26 26 -28 28 -30 -31
leaf_value=-0.0053048752600387359 -0.01181651852116862 -1.4780866675433659 1.1708993256092073 0.22386144853773571 0.085227081078020017 -0.33431494459509853 -0.067544128759340807 -0.011403847869598506 -0.19400069490075111 0.36624075905843217 0.33950272906910289 -0.31308977872133259 0.40026580141857271 -0.1725616640597582 -0.033257757065196833 -0.24015086403850355 -0.066400934010744095 -0.17491479873657229 -0.22731377047797047 0.33461353619893397 0.2271829296834767 -0.085788522704559222 -0.017741982907884653 0.37038992214202882 0.17589872858176631 -0.099607848246460379 0.20278443140642988 0.28198366507210515 -0.13321923976764083 0.01138825280510861
leaf_weight=2952 802 21 28 21 44 34 55 33 24 22 22 20 32 20 24 33 24 40 24 30 20 34 36 25 39 23 28 44 32 46
leaf_count=2952 802 21 28 21 44 34 55 33 24 22 22 20 32 20 24 33 24 40 24 30 20 34 36 25 39 23 28 44 32 46
internal_value=-1.34371e-10 -0.0280712 0.0100372 -0.00267478 -0.0067132 -0.0852003 -0.169457 0.00327607 0.0101428 0.159858 0.0611531 -0.125248 0.000431943 0.0396335 0.0765577 -0.0768195 0.0415622 -0.00921543 0.0409965 0.171115 -0.0490857 0.0301268 0.111996 0.16507 0.0835941 -0.000904926 0.0664114 -0.000875241 0.0710502 0.143679
internal_weight=4632 1220 3412 1199 1178 133 89 1045 992 68 46 53 3384 432 328 104 296 172 132 54 78 54 124 88 63 71 51 924 122 90
internal_count=4632 1220 3412 1199 1178 133 89 1045 992 68 46 53 3384 432 328 104 296 172 132 54 78 54 124 88 63 71 51 924 122 90
is_linear=0
shrinkage=0.05


Tree=250
num_leaves=31
num_cat=0
split_feature=6 3 7 3 3 7 7 5 7 6 6 3 6 6 5 4 5 0 7 7 5 6 4 1 3 3 7 3 5 4
split_gain=549.638 2948.42 154.223 3993.91 2108.14 838.754 413.296 1074.53 377.411 1084.86 564.331 537.128 470.356 1030.24 666.396 635.685 719.381 795.525 1188.18 739.383 691.163 586.974 492.583 599.733 766.258 665.887 531.15 1306.05 477.145 429.042
threshold=728.05000000000007 21.600000000000005 140.98958333333334 19.095000000000002 16.150000000000002 140.31458333333336 142.5541666666667 44.350000000000001 137.78125000000003 0.95000000000000007 203.25000000000003 5.6050000000000013 10.850000000000003 13.15 699.80000000000007 79.15000000000002 215.30000000000004 16.500000000000004 117.45625000000003 96.022916666666674 26.750000000000004 9.2500000000000018 58.650000000000013 4.5000000000000009 4.9150000000000009 6.9650000000000007 90.666666666666671 4.745000000000001 16.450000000000003 7.2500000000000009
decision_type=2 2 2 2 2 2 2 2 2 2 2 2 2 2 2 2 2 2 2 2 2 2 2 2 2 2 2 2 2 2
left_child=1 2 4 6 5 8 7 -4 12 -10 11 -11 14 -14 15 21 17 18 19 -17 -21 22 23 26 28 -26 27 -1 -25 -28
right_child=-2 -3 3 -5 -6 -7 -8 -9 9 10 -12 -13 13 -15 -16 16 -18 -19 -20 20 -22 -23 -24 24 25 -27 29 -29 -30 -31
leaf_value=-0.12506560778617859 -0.24932342930273577 0.54270918273925783 0.10644975846012435 -0.6804001894864169 0.51976493895053866 0.24978997597251748 -0.00065068707275959484 -0.285346717449526 0.16729165955350317 -0.41086471322923901 0.014660470446814662 -0.085431373403185906 0.32791506736711773 0.015469079184551518 0.23052811037911025 -0.068893430431683861 -0.19260155784672706 0.28020529714790554 -0.23825764651551393 0.43391804204632839 0.035933602564036847 -0.33842072543643775 -0.29498252977024425 0.16070644953986632 -0.5263885797560216 -0.12326564313400359 -0.12853933192705841 0.38108280942990236 -0.17673112140460448 0.02310730618785839
leaf_weight=25 22 25 30 22 20 34 2590 42 29 32 23 21 27 1155 23 30 29 37 33 24 20 21 22 20 20 21 89 26 22 98
leaf_count=25 22 25 30 22 20 34 2590 42 29 32 23 21 27 1155 23 30 29 37 33 24 20 21 22 20 20 21 89 26 22 98
internal_value=8.47605e-11 0.00118983 -0.00176284 -0.00948031 0.00913337 0.00370401 -0.00393552 -0.122098 -0.000825998 -0.0928865 -0.192165 -0.281919 0.004723 0.0226062 -0.0330233 -0.0443113 0.0345986 0.0803541 0.0112467 0.122512 0.253016 -0.0818152 -0.0661046 -0.0504183 -0.166148 -0.319911 -0.0100587 0.132971 -0.0160466 -0.0490668
internal_weight=4632 4610 4585 2684 1901 1881 2662 72 1847 105 76 53 1742 1182 560 537 173 144 107 74 44 364 343 321 83 41 238 51 42 187
internal_count=4632 4610 4585 2684 1901 1881 2662 72 1847 105 76 53 1742 1182 560 537 173 144 107 74 44 364 343 321 83 41 238 51 42 187
is_linear=0
shrinkage=0.05


Tree=251
num_leaves=31
num_cat=0
split_feature=4 3 3 4 7 7 5 5 3 6 7 5 7 1 7 7 3 7 6 1 4 0 3 0 7 0 7 5 3 6
split_gain=514.201 8542.73 7337.57 451.729 409.495 510.881 324.146 807.325 591.073 546.579 295.379 429.715 424.412 1090.59 574.317 572.798 531.802 482.819 774.641 652.246 408.711 529.752 781.483 750.807 1358.89 735.374 656.649 618.018 542.719 416.508
threshold=3.2500000000000004 17.845000000000002 19.095000000000002 3.8500000000000001 71.702083333333348 103.95625000000001 53.550000000000004 17.250000000000004 4.1750000000000007 51.750000000000007 112.45416666666669 53.550000000000004 137.33958333333337 3.5000000000000004 131.4666666666667 127.07708333333335 5.5050000000000008 120.96875 53.20000000000001 1.5000000000000002 1.6500000000000001 10.500000000000002 5.5050000000000008 18.500000000000004 163.76875000000004 9.5000000000000018 152.86875000000001 22.850000000000005 1.5750000000000004 76.800000000000026
decision_type=2 2 2 2 2 2 2 2 2 2 2 2 2 2 2 2 2 2 2 2 2 2 2 2 2 2 2 2 2 2
left_child=1 4 3 -2 -1 6 7 8 -6 -8 11 -7 13 14 17 16 -15 18 -12 -19 21 25 23 26 -25 28 -23 -28 -14 -30
right_child=2 -3 -4 -5 5 10 9 -9 -10 -11 12 -13 20 15 -16 -17 -18 19 -20 -21 -22 22 -24 24 -26 -27 27 -29 29 -31
leaf_value=0.23225385412573815 -0.18874403983354571 0.92548399567604067 -0.70029136224796895 -2.0736365895766606e-05 0.021967427645410813 0.26344914703533567 -0.317373115545319 0.17646885859695349 -0.30910398621971791 -0.024992343241518195 -0.17268342944708737 -0.0087433954765056745 -0.19873796233109065 -0.14720171924148287 -0.14012227928316273 -0.05124187182102885 -0.50303823607308529 -0.0020754058584570886 0.20531785501086197 0.33877849639393393 0.18904821526927829 -0.21414121697025915 -0.10031700024876414 0.53518105790019044 0.015778665639021815 0.30672529260317488 -0.090162912299556128 0.22555909180833447 0.11799704401620797 -0.029988444493048723
leaf_weight=20 32 26 38 3473 28 29 31 33 26 33 33 29 21 21 37 35 21 25 23 32 39 31 158 20 34 30 31 31 140 72
leaf_count=20 32 26 38 3473 28 29 31 33 26 33 33 29 21 21 37 35 21 25 23 32 39 31 158 20 34 30 31 31 140 72
internal_value=2.41577e-10 0.0300486 -0.00923593 -0.00174375 0.00814705 0.0038497 -0.0812017 -0.0183695 -0.137437 -0.166614 0.0182474 0.127353 0.0106597 -0.0476663 0.0308551 -0.20063 -0.32512 0.0868388 -0.0174329 0.189281 0.032472 0.0217211 -0.0231183 0.0598571 0.20815 0.0737212 -0.0262483 0.0676981 0.0437207 0.0677378
internal_weight=4632 1089 3543 3505 1063 1043 151 87 54 64 892 58 834 227 150 77 42 113 56 57 607 568 305 147 54 263 93 62 233 212
internal_count=4632 1089 3543 3505 1063 1043 151 87 54 64 892 58 834 227 150 77 42 113 56 57 607 568 305 147 54 263 93 62 233 212
is_linear=0
shrinkage=0.05


Tree=252
num_leaves=31
num_cat=0
split_feature=6 3 7 3 3 3 0 7 6 5 1 4 0 7 7 1 4 1 3 6 3 7 1 6 3 4 4 4 6 5
split_gain=514.819 2823.54 148.855 2523.78 2188.97 342.524 295.437 604.409 528.977 402.397 413.525 264.991 558.554 1375.54 557.601 710.304 503.683 404.325 373.546 465.954 367.792 372.914 564.879 837.799 558.258 444.62 1109.46 741.393 1809.89 611.959
threshold=728.05000000000007 21.600000000000005 161.33750000000001 18.320000000000004 17.300000000000001 15.985000000000001 1.5000000000000002 169.18958333333339 168.85000000000005 23.150000000000002 2.5000000000000004 4.6500000000000012 13.500000000000002 166.48750000000004 207.32916666666668 3.5000000000000004 8.3500000000000032 1.0000000180025095e-35 14.935 28.450000000000003 13.920000000000002 183.64166666666668 1.0000000180025095e-35 32.850000000000001 12.945000000000002 37.800000000000004 13.65 61.350000000000001 76.800000000000026 0.65000000000000002
decision_type=2 2 2 2 2 2 2 2 2 2 2 2 2 2 2 2 2 2 2 2 2 2 2 2 2 2 2 2 2 2
left_child=1 2 4 6 5 -1 7 -4 9 -9 -11 12 13 -8 17 -16 -13 -15 20 -20 21 22 23 -18 25 26 -23 28 -27 -29
right_child=-2 -3 3 -5 -6 -7 11 8 -10 10 -12 16 -14 14 15 -17 18 -19 19 -21 -22 24 -24 -25 -26 27 -28 29 -30 -31
leaf_value=0.0031699687955901029 -0.24129711525006728 0.53107906341552735 -0.32977774798870091 -0.47564545910933931 0.50224792578003619 -0.18654288227359456 0.47700262296767471 0.03868434590262336 0.16660861372947694 -0.3424888360906731 -0.062633124309958835 -0.16413688577857674 -0.030949552721627385 -0.091019990227439188 0.06138293359428644 -0.32329879298806197 -0.36873125409086549 0.14433683332438782 -0.0035492612192263972 0.31746105462312701 -0.21174671920863064 0.16727989373298793 -0.018476567895310152 0.0081515942154259512 0.26692852377891541 0.43792614822878556 -0.14132681752352613 -0.10952238227639879 -0.12249290466308593 0.041407821302427289
leaf_weight=2750 22 25 20 29 22 24 21 37 26 22 33 51 161 22 30 20 30 107 26 20 22 39 429 29 22 34 115 84 25 335
leaf_count=2750 22 25 20 29 22 24 21 37 26 22 33 51 161 22 30 20 30 107 26 20 22 39 429 29 22 34 115 84 25 335
internal_value=4.61178e-10 0.00115153 -0.00173794 -0.0130007 0.00546847 0.00152862 -0.00537759 -0.0756091 -0.0325297 -0.0888079 -0.174575 0.000597718 0.0383692 0.0941708 0.0492576 -0.0924898 -0.0102155 0.104198 -0.00372794 0.13602 -0.00925065 -0.00534967 -0.0384262 -0.183484 0.0193313 0.0107124 -0.0631732 0.0345165 0.20046 0.0111497
internal_weight=4632 4610 4585 1789 2796 2774 1760 138 118 92 55 1622 361 200 179 50 1261 129 1210 46 1164 1142 488 59 654 632 154 478 59 419
internal_count=4632 4610 4585 1789 2796 2774 1760 138 118 92 55 1622 361 200 179 50 1261 129 1210 46 1164 1142 488 59 654 632 154 478 59 419
is_linear=0
shrinkage=0.05


Tree=253
num_leaves=31
num_cat=0
split_feature=7 3 3 3 6 6 6 5 5 0 4 3 7 0 0 7 3 3 4 4 0 3 0 1 3 7 4 7 6 5
split_gain=517.251 10541.2 5148 1378.97 469.533 211.754 293.908 318.197 497.871 479.418 241.694 192.831 194.187 187.887 495.551 468.486 310.626 122.681 407.812 494.712 297.359 256.177 251.645 674.397 709.782 138.958 522.427 272.275 255.728 367.941
threshold=223.79166666666671 21.600000000000005 16.975000000000005 19.095000000000002 728.05000000000007 29.050000000000004 41.050000000000004 36.050000000000004 9.1500000000000004 15.500000000000002 225.05000000000004 17.300000000000001 218.63750000000002 15.500000000000002 9.5000000000000018 235.48958333333334 5.6950000000000012 13.575000000000001 378.75000000000006 65.850000000000009 13.500000000000002 13.250000000000002 16.500000000000004 4.5000000000000009 15.790000000000001 207.32916666666668 422.35000000000008 205.06458333333333 10.350000000000003 387.75000000000006
decision_type=2 2 2 2 2 2 2 2 2 2 2 2 2 2 2 2 2 2 2 2 2 2 2 2 2 2 2 2 2 2
left_child=1 3 5 4 11 13 -7 8 -8 10 -9 12 17 14 15 -2 -15 21 19 22 -21 25 23 24 -19 27 28 -1 -27 -30
right_child=2 -3 -4 -5 -6 6 7 9 -10 -11 -12 -13 -14 16 -16 -17 -18 18 -20 20 -22 -23 -24 -25 -26 26 -28 -29 29 -31
leaf_value=-0.00050216419557575994 -0.23713378297785917 -1.1220661980765205 0.83797919034957902 0.40507519358680366 0.23475167070116318 0.22535468220710753 0.058907900088363219 0.1081224539583283 -0.22220964836222784 0.23763575870543718 -0.090249390023596152 -0.12650462338520635 -0.12035301060361021 -0.0084759581420156688 0.2150806016865231 0.053197002230268534 -0.26845655679702757 0.37517617785412338 -0.16327751605283647 0.35714546859264379 0.087757550818579541 -0.1555903345346451 -0.10008670254187152 -0.15081246624822203 -0.026878693841752555 0.02961032246721202 0.13289233511013371 0.14162007009281832 -0.2000443543608372 0.045198788978159432
leaf_weight=3813 24 21 20 21 21 20 36 28 28 32 34 31 34 27 21 33 20 23 21 20 21 27 33 23 21 29 31 34 65 20
leaf_count=3813 24 21 20 21 21 20 36 28 28 32 34 31 34 27 21 33 20 23 21 20 21 27 33 23 21 29 31 34 65 20
internal_value=4.57448e-10 -0.00457456 0.0610272 0.000898229 -0.00109092 0.00974324 0.0447708 0.0219121 -0.064081 0.0804606 -0.000662106 -0.00225736 -0.00134356 -0.040136 0.0074485 -0.0690475 -0.119106 -0.000375774 0.0422842 0.0728998 0.219166 -0.00209534 0.0129305 0.0685957 0.183286 -0.00105717 -0.0491072 0.00075392 -0.0985983 -0.14234
internal_weight=4632 4309 323 4288 4267 303 178 158 64 94 62 4246 4215 125 78 57 47 4181 162 141 41 4019 100 67 44 3992 145 3847 114 85
internal_count=4632 4309 323 4288 4267 303 178 158 64 94 62 4246 4215 125 78 57 47 4181 162 141 41 4019 100 67 44 3992 145 3847 114 85
is_linear=0
shrinkage=0.05


Tree=254
num_leaves=31
num_cat=0
split_feature=5 3 3 4 6 3 3 7 3 3 7 5 5 1 5 3 3 1 0 4 1 0 6 6 4 6 6 3 3 3
split_gain=503.873 2989.56 2823.29 366.265 349.902 303.196 304.945 169.778 3045.25 2071.68 311.069 393.175 344.158 645.709 415.635 397.529 313.941 507.299 395.292 479.514 362.945 359.936 647.071 475.898 419.971 458.609 529.247 398.535 309.156 287.821
threshold=709.25000000000011 8.9050000000000029 21.600000000000005 112.05000000000003 728.05000000000007 4.5550000000000006 2.2650000000000001 163.30625000000001 18.320000000000004 17.300000000000001 164.86250000000004 19.550000000000004 6.0500000000000007 5.5000000000000009 7.5500000000000007 4.5250000000000012 6.4350000000000014 1.0000000180025095e-35 5.5000000000000009 108.50000000000001 4.5000000000000009 10.500000000000002 10.850000000000003 29.450000000000003 321.20000000000005 69.850000000000009 7.6500000000000012 3.1950000000000007 15.985000000000001 4.3750000000000009
decision_type=2 2 2 2 2 2 2 2 2 2 2 2 2 2 2 2 2 2 2 2 2 2 2 2 2 2 2 2 2 2
left_child=2 3 4 5 7 6 -2 9 10 28 11 -9 13 16 -14 -15 21 -18 -19 20 -20 24 -23 -24 25 26 -12 -25 -1 -16
right_child=1 -3 -4 -5 -6 -7 -8 8 -10 -11 12 -13 14 15 29 -17 17 18 19 -21 -22 22 23 27 -26 -27 -28 -29 -30 -31
leaf_value=0.0042041881484992842 0.0056070795460116301 0.65934366166591651 -0.53280821228027342 0.12925183157387532 0.20869071781635284 0.052691222334073654 -0.24644485217119969 -0.2991048224270344 -0.54020713170369461 0.4691969577223063 -0.12501849735325032 -0.016503125429153442 -0.22138065285980701 0.026659007494648296 0.021434677458295588 0.28658699389351044 0.25911394911152974 0.17466705066688135 -0.025858153798142259 -0.19203913663824401 0.22689797043800355 0.22611583615653219 -0.25079963535070421 0.14812164280344459 -0.24771287845027065 -0.20378010690212253 0.20269477825079646 -0.092233958074024749 -0.17603805313507717 -0.030875928178831613
leaf_weight=2726 21 20 25 38 20 36 28 20 27 24 22 32 24 24 423 38 28 33 49 30 20 32 20 34 31 25 28 35 24 695
leaf_count=2726 21 20 25 38 20 36 28 20 27 24 22 32 24 24 423 38 28 33 49 30 20 32 20 34 31 25 28 35 24 695
internal_value=8.17421e-11 0.0923959 -0.00294333 0.00020932 2.41008e-05 -0.0574803 -0.138423 -0.000914993 -0.0135106 0.00666778 -0.00485518 -0.125196 -0.00092198 0.0361652 -0.0155035 0.18597 0.0121655 0.0658059 0.0248011 -0.0251542 0.0474045 -0.0256427 0.0332865 -0.0360455 -0.0929109 -0.0289261 0.0585009 0.0262021 0.00263116 -0.011084
internal_weight=4632 143 4489 123 4464 85 49 4444 1670 2774 1643 52 1591 449 1142 62 387 160 132 99 69 227 121 89 106 75 50 69 2750 1118
internal_count=4632 143 4489 123 4464 85 49 4444 1670 2774 1643 52 1591 449 1142 62 387 160 132 99 69 227 121 89 106 75 50 69 2750 1118
is_linear=0
shrinkage=0.05


Tree=255
num_leaves=31
num_cat=0
split_feature=6 3 3 7 4 5 4 7 3 0 0 0 4 3 7 5 1 0 3 3 4 4 3 3 3 4 6 1 7 5
split_gain=536.305 3199.54 151.284 3185.23 1550.4 104.956 161.62 93.1816 323.24 421.253 465.123 396.066 947.35 595.89 151.229 735.26 826.335 692.49 1349.28 1105.63 663.163 555.543 602.211 738.064 1632.39 955.65 1748.43 1112.65 906.687 1435.67
threshold=728.05000000000007 21.600000000000005 16.975000000000005 149.80833333333337 9.1500000000000004 720.6500000000002 14.450000000000001 81.177083333333343 1.905 7.5000000000000009 3.5000000000000004 15.500000000000002 19.550000000000004 5.4150000000000009 129.22291666666669 699.80000000000007 3.5000000000000004 3.5000000000000004 8.4850000000000012 5.035000000000001 11.450000000000001 542.15000000000009 3.2650000000000001 4.995000000000001 4.705000000000001 27.950000000000003 125.25000000000001 3.5000000000000004 111.74583333333335 17.550000000000004
decision_type=2 2 2 2 2 2 2 2 2 2 2 2 2 2 2 2 2 2 2 2 2 2 2 2 2 2 2 2 2 2
left_child=1 2 5 -4 -5 7 -7 8 -1 10 -10 12 -11 -13 15 17 -17 18 19 20 -9 22 -19 24 28 26 27 -25 -24 -30
right_child=-2 -3 3 4 -6 6 -8 14 9 11 -12 13 -14 -15 -16 16 -18 21 -20 -21 -22 -23 23 25 -26 -27 -28 -29 29 -31
leaf_value=0.11851505596062234 -0.24628091264854779 0.5652840347290039 0.4554669832367273 -0.61956147644668824 -0.073158020022753123 -0.17432745478369974 0.00062913247807459404 -0.1940037732774561 -0.01677218379364127 -0.17646359935402872 -0.33596498441696165 -0.22447300652662913 0.26491830637378078 0.10582395846193487 -0.0043170642181583523 0.42422869189277945 -0.0095825499721935818 -0.019193007148670057 0.22374764513224366 -0.30999903213559538 0.052382504608896041 -0.13080389874301993 -0.014629426185398343 -0.031946430974051192 0.50661540495024793 0.10715003235976106 0.16633366127357341 -0.31615301343824781 0.49267597588999518 0.035269515784013841
leaf_weight=29 22 25 21 20 37 22 33 44 21 20 25 36 31 22 3046 23 21 324 32 57 72 53 94 87 27 194 66 57 29 42
leaf_count=29 22 25 21 20 37 22 33 44 21 20 25 36 31 22 3046 23 21 324 32 57 72 53 94 87 27 194 66 57 29 42
internal_value=1.01998e-10 0.00117531 -0.00190053 -0.0709394 -0.264879 -0.000705713 -0.0693535 0.000142361 -0.0346962 -0.0633616 -0.190247 -0.00981381 0.0918274 -0.099188 0.00164431 0.0165038 0.217182 0.00900819 -0.0745105 -0.12968 -0.0410744 0.0266046 0.0356727 0.0654991 0.14621 0.0271413 -0.0467716 -0.144445 0.0872349 0.222098
internal_weight=4632 4610 4585 78 57 4507 55 4452 184 155 46 109 51 58 4268 1222 44 1178 205 173 116 973 920 596 192 404 210 144 165 71
internal_count=4632 4610 4585 78 57 4507 55 4452 184 155 46 109 51 58 4268 1222 44 1178 205 173 116 973 920 596 192 404 210 144 165 71
is_linear=0
shrinkage=0.05


Tree=256
num_leaves=31
num_cat=0
split_feature=7 3 3 3 7 7 0 3 4 4 0 7 5 1 3 5 6 6 3 0 3 0 7 5 3 6 3 5 3 7
split_gain=547.003 16281.9 14150 2051.08 266.333 436.917 758.397 1007.87 232.339 1266.02 546.615 547.665 533.871 638.985 667.311 460.534 439.766 395.065 953.108 1417.99 861.337 679.049 903.774 537.66 519.302 632.822 1115.15 1111.31 996.433 504.67
threshold=156.0604166666667 19.910000000000004 18.320000000000004 16.975000000000005 155.15833333333336 153.59375000000003 17.500000000000004 4.6550000000000011 58.650000000000013 46.350000000000001 16.500000000000004 160.23125000000002 6.3500000000000005 4.5000000000000009 4.995000000000001 92.300000000000026 700.60000000000014 7.6500000000000012 4.745000000000001 11.500000000000002 3.0150000000000001 10.500000000000002 176.99791666666667 36.750000000000007 13.920000000000002 29.750000000000004 5.3050000000000006 16.450000000000003 11.095000000000001 197.04166666666669
decision_type=2 2 2 2 2 2 2 2 2 2 2 2 2 2 2 2 2 2 2 2 2 2 2 2 2 2 2 2 2 2
left_child=1 3 8 4 5 -1 7 -7 9 10 16 -12 13 14 -13 -11 17 18 19 20 -2 23 -23 -20 25 26 -19 -28 29 -27
right_child=2 -3 -4 -5 -6 6 -8 -9 -10 15 11 12 -14 -15 -16 -17 -18 24 21 -21 -22 22 -24 -25 -26 28 27 -29 -30 -31
leaf_value=-0.0016687915865885299 0.041473311881224315 -1.4362794113159181 0.96267333214099604 -0.48488034003160219 -0.13507342696603802 0.0030296446134646733 -0.1135646842096163 0.45665302085876469 -0.016318200805173266 0.38630433529615404 0.18336908912116834 0.12630078379924481 -0.1248634828071546 0.27718732204288243 -0.22859707496784354 0.081012228459474589 -0.16547688522509166 -0.020728016875006937 -0.3394999107396281 -0.25267879739403726 0.41729341524262581 0.27379234434867444 -0.15119374116946913 -0.068085349930657277 0.26764955672210661 0.091855620162827625 0.01269944366067648 0.43921037898177195 -0.25359061127528548 -0.051288919712931508
leaf_weight=2457 30 20 39 22 36 24 23 25 982 30 22 26 173 20 27 21 28 55 37 20 31 22 29 36 29 175 24 42 32 95
leaf_count=2457 30 20 39 22 36 24 23 25 982 30 22 26 173 20 27 21 28 55 37 20 31 22 29 36 29 175 24 42 32 95
internal_value=3.79478e-10 -0.0151434 0.0194957 -0.00415662 -3.34562e-05 0.00188882 0.123292 0.23447 0.000974075 0.0178874 0.00489884 -0.0556411 -0.077016 0.036376 -0.0544962 0.260596 0.0285845 0.0368551 -0.0207173 0.112676 0.232464 -0.107853 0.0321336 -0.205652 0.0629664 0.0489337 0.14555 0.284115 0.0102231 0.0414899
internal_weight=4632 2607 2025 2587 2565 2529 72 49 1986 1004 953 268 246 73 53 51 685 657 205 81 61 124 51 73 452 423 121 66 302 270
internal_count=4632 2607 2025 2587 2565 2529 72 49 1986 1004 953 268 246 73 53 51 685 657 205 81 61 124 51 73 452 423 121 66 302 270
is_linear=0
shrinkage=0.05


Tree=257
num_leaves=31
num_cat=0
split_feature=4 3 3 5 5 3 6 5 4 6 6 5 6 1 0 5 5 0 3 3 6 5 3 4 6 6 4 6 6 5
split_gain=504.663 10827.3 9333.39 498.503 492.329 429.613 844.266 1181.73 511.011 497.138 1564.04 989.586 841.951 650.158 665.192 1055.55 826.563 651.788 614.066 712.69 494.026 459.601 424.093 379.004 377.011 331.416 403.76 593.87 408.073 520.659
threshold=273.00000000000006 21.600000000000005 16.150000000000002 675.15000000000009 694.10000000000014 3.9850000000000008 472.00000000000006 65.850000000000009 299.10000000000008 14.65 21.750000000000004 1.0000000180025095e-35 29.450000000000003 5.5000000000000009 8.5000000000000018 176.30000000000004 45.45000000000001 2.5000000000000004 6.0550000000000006 9.3150000000000031 1.3500000000000003 13.65 3.1250000000000004 437.65000000000003 721.95000000000016 546.1500000000002 117.10000000000001 690.20000000000016 584.30000000000007 18.150000000000002
decision_type=2 2 2 2 2 2 2 2 2 2 2 2 2 2 2 2 2 2 2 2 2 2 2 2 2 2 2 2 2 2
left_child=1 24 3 5 -5 22 8 -8 -7 11 -11 -10 -12 14 17 16 21 -14 20 -20 -13 -16 -2 -24 25 -1 28 -28 -27 -30
right_child=2 -3 -4 4 -6 6 7 -9 9 10 12 18 13 -15 15 -17 -18 -19 19 -21 -22 -23 23 -25 -26 26 27 -29 29 -31
leaf_value=0.0017836973161695444 0.0088486968178810681 -1.089877170065175 1.0502693157304417 -0.3154697109352459 -0.030750043659794085 0.24296033474115225 0.038488754204341342 0.54170624360442166 -0.12272596149927094 -0.45187639787793166 0.30299928354268729 0.15932360959775521 0.061377291915857272 0.1962830381592115 -0.059574995094384901 0.35321428954601286 -0.25900663351339681 -0.2531712481366663 -0.1537969686686993 0.19371049801508589 0.46520854776555842 0.20326039261859041 0.014114082668508802 -0.19491863793840536 0.1510372457653284 -0.20686962322465013 -0.30483406580546324 0.0092597128064544117 0.070205765617329899 -0.067562907117028392
leaf_weight=3242 271 23 22 22 49 26 28 20 42 20 22 33 23 30 39 20 31 58 25 36 22 29 35 57 40 28 34 27 123 155
leaf_count=3242 271 23 22 22 49 26 28 20 42 20 22 33 23 30 39 20 31 58 25 36 22 29 35 57 40 28 34 27 123 155
internal_value=-1.19155e-11 -0.00843861 0.0322777 0.00840155 -0.118973 0.0188325 0.0487026 0.248163 0.0277068 0.0146915 -0.0262835 0.0852306 0.00749376 -0.020772 -0.0533302 0.0219009 -0.0450311 -0.163855 0.160525 0.0512894 0.281678 0.0525166 -0.0226401 -0.115395 -0.0016222 -0.00331418 -0.0483478 -0.165809 -0.0249323 -0.0066077
internal_weight=4632 3672 960 938 71 867 504 48 456 430 272 158 252 230 200 119 99 81 116 61 55 68 363 92 3649 3609 367 61 306 278
internal_count=4632 3672 960 938 71 867 504 48 456 430 272 158 252 230 200 119 99 81 116 61 55 68 363 92 3649 3609 367 61 306 278
is_linear=0
shrinkage=0.05


Tree=258
num_leaves=31
num_cat=0
split_feature=3 3 7 6 5 7 3 4 3 5 4 7 4 6 5 5 5 4 1 1 6 4 7 4 4 4 4 1 4 5
split_gain=629.609 521.421 1341.35 409.075 94.145 517.908 549.83 497.041 489.129 644.38 594.652 590.65 506.877 424.234 323.296 297.274 237.927 304.426 489.217 451.085 636.205 734.171 566.656 522.711 890.562 500.984 337.943 210.989 411.048 186.09
threshold=19.910000000000004 17.300000000000001 176.20416666666668 728.05000000000007 664.30000000000007 98.468750000000014 5.3050000000000006 3.5500000000000003 3.5750000000000006 696.60000000000014 26.750000000000004 159.10625000000005 349.35000000000008 43.550000000000004 701.30000000000007 707.95000000000016 404.2000000000001 689.80000000000007 5.5000000000000009 2.5000000000000004 103.90000000000002 176.95000000000002 195.94375000000002 16.450000000000003 92.050000000000026 2.8500000000000001 22.850000000000005 3.5000000000000004 79.15000000000002 376.10000000000008
decision_type=2 2 2 2 2 2 2 2 2 2 2 2 2 2 2 2 2 2 2 2 2 2 2 2 2 2 2 2 2 2
left_child=1 3 -3 4 16 6 -6 13 27 11 -11 -10 15 14 -7 -12 29 18 19 22 21 25 23 -18 -25 -21 -27 28 -9 -1
right_child=-2 2 -4 -5 5 7 -8 8 9 10 12 -13 -14 -15 -16 -17 17 -19 -20 20 -22 -23 -24 24 -26 26 -28 -29 -30 -31
leaf_value=-0.0007029850903768354 0.20004940216357892 -0.37659525221213697 0.13741450280967085 0.22027263357525781 -0.018033260565537675 0.31290456439767567 0.33067445818334823 0.23639745767349785 -0.41723560005426408 -0.23728724140673876 0.24072498368180317 -0.10602211572470205 -0.17147957608103753 -0.056386861381562139 0.035460350343159273 0.0017997160057226817 -0.22547975059817818 0.22822423697937105 -0.14979807330351888 0.095948664649673138 -0.053723316337611231 -0.036799827754497527 0.22383153889328244 0.23136772844526501 -0.16141596671584393 0.53459469914436342 0.24741142413445882 -0.073956709181846575 -0.035705030134746012 -0.095938082813070369
leaf_weight=3779 39 30 22 21 26 21 20 23 30 32 23 31 24 38 21 30 34 21 33 23 37 25 20 27 31 20 21 43 35 52
leaf_count=3779 39 30 22 21 26 21 20 23 30 32 23 31 24 38 21 30 34 21 33 23 37 25 20 27 31 20 21 43 35 52
internal_value=-5.13152e-10 -0.00169866 -0.15913 0.00010412 -0.000918787 -0.0241735 0.133579 -0.0448476 -0.0771751 -0.128952 -0.0561288 -0.259078 0.0191579 0.064662 0.174182 0.105484 0.00132039 0.0448264 0.0306148 0.05563 0.120529 0.19297 -0.0173808 -0.0698182 0.0214316 0.282724 0.387501 0.00997353 0.0721977 -0.00199566
internal_weight=4632 4593 52 4541 4520 397 46 351 271 170 109 61 77 80 42 53 4123 292 271 238 126 89 112 92 58 64 41 101 58 3831
internal_count=4632 4593 52 4541 4520 397 46 351 271 170 109 61 77 80 42 53 4123 292 271 238 126 89 112 92 58 64 41 101 58 3831
is_linear=0
shrinkage=0.05


Tree=259
num_leaves=31
num_cat=0
split_feature=3 3 1 6 5 4 6 0 0 5 6 4 6 6 7 3 1 6 5 1 7 7 7 0 0 4 6 6 7 6
split_gain=568.223 470.582 1238.67 369.19 88.6375 141.212 88.8184 352.865 655.533 392.495 172.684 381.297 192.216 247.05 176.158 221.961 365.156 416.178 300.512 514.55 412.721 271.025 175.866 517.569 693.22 1107.98 1148.47 1237.48 875.305 808.971
threshold=19.910000000000004 17.300000000000001 3.5000000000000004 728.05000000000007 720.6500000000002 10.950000000000001 707.25000000000011 16.500000000000004 11.500000000000002 38.45000000000001 702.10000000000014 79.950000000000017 698.95000000000016 693.85000000000014 85.020833333333357 1.905 5.5000000000000009 186.40000000000003 11.450000000000001 3.5000000000000004 69.69583333333334 78.579166666666694 135.34791666666669 11.500000000000002 8.5000000000000018 7.2500000000000009 133.35000000000002 377.4500000000001 130.50833333333335 24.250000000000004
decision_type=2 2 2 2 2 2 2 2 2 2 2 2 2 2 2 2 2 2 2 2 2 2 2 2 2 2 2 2 2 2
left_child=1 3 -3 4 6 -6 10 8 9 -8 12 -12 13 14 15 -1 17 18 -17 20 -20 -18 23 24 25 -16 28 -28 -27 -26
right_child=-2 2 -4 -5 5 -7 7 -9 -10 -11 11 -13 -14 -15 22 16 21 -19 19 -21 -22 -23 -24 -25 29 26 27 -29 -30 -31
leaf_value=0.067283652801262708 0.1900469517096495 -0.36849845655519387 0.12284579218729684 0.20925899375052681 -0.16590211136000499 -0.00099528949050342336 -0.13380485313205884 0.063789249837398532 -0.31201175468472336 0.13373139162476247 -0.049835268855094914 0.25891083890572192 -0.13537053993115059 0.12963122447600237 -0.090982082541684939 0.14872757052221605 -0.32892152557615195 -0.18820706447586419 0.045770684361457828 0.16299184321736296 -0.21867828683720694 -0.071738578166280473 -0.0050226723931007166 0.049934768658898857 -0.22114315187852635 0.092613717297953965 -0.22630000993192786 0.15843948523203533 0.41006490848958493 -0.0060940791762352578
leaf_weight=38 39 29 23 21 21 34 29 50 26 26 20 20 26 37 161 31 20 32 25 24 36 21 2691 631 76 228 57 33 24 103
leaf_count=38 39 29 23 21 21 34 29 50 26 26 20 20 26 37 161 31 20 32 25 24 36 21 2691 631 76 228 57 33 24 103
internal_value=-2.19812e-10 -0.00161372 -0.151173 9.89143e-05 -0.000872847 -0.0639597 -9.57413e-05 -0.0406578 -0.105131 -0.00733317 0.00113029 0.104538 0.000167017 0.000992691 -0.00013225 -0.0429805 -0.06515 -0.0285704 0.0154673 -0.0331335 -0.110298 -0.197194 0.00229696 0.0172986 -0.0128971 0.0171745 0.0680903 -0.0852289 0.122847 -0.0973998
internal_weight=4632 4593 52 4541 4520 55 4465 131 81 55 4334 40 4294 4268 4231 227 189 148 116 85 61 41 4004 1313 682 503 342 90 252 179
internal_count=4632 4593 52 4541 4520 55 4465 131 81 55 4334 40 4294 4268 4231 227 189 148 116 85 61 41 4004 1313 682 503 342 90 252 179
is_linear=0
shrinkage=0.05


Tree=260
num_leaves=31
num_cat=0
split_feature=6 3 3 7 3 0 6 5 5 1 5 5 3 5 3 7 3 6 5 5 6 6 3 7 0 3 0 6 3 3
split_gain=572.149 3459.6 188.893 3566.86 1379.66 84.4315 348.565 764.536 590.349 421.546 751.891 674.086 808.016 598.85 434.239 480.452 168.443 125.877 441.025 779.271 307.47 506.432 299.675 294.315 445.855 265.099 209.835 669.484 451.965 573.201
threshold=728.05000000000007 21.600000000000005 16.975000000000005 149.80833333333337 18.320000000000004 21.500000000000004 357.10000000000008 53.550000000000004 187.75000000000003 1.5000000000000002 21.550000000000004 29.550000000000004 4.995000000000001 15.450000000000001 6.3050000000000006 133.44166666666669 5.1950000000000012 707.25000000000011 10.350000000000003 92.300000000000026 693.85000000000014 697.85000000000002 4.995000000000001 132.55208333333337 9.5000000000000018 4.1750000000000007 20.500000000000004 27.450000000000003 9.3950000000000014 4.705000000000001
decision_type=2 2 2 2 2 2 2 2 2 2 2 2 2 2 2 2 2 2 2 2 2 2 2 2 2 2 2 2 2 2
left_child=1 2 5 -4 -5 17 8 -8 9 10 -7 13 -13 14 15 -11 -10 20 25 -20 26 -22 -21 -23 -25 -19 -1 -28 29 -29
right_child=-2 -3 3 4 -6 6 7 -9 16 11 -12 12 -14 -15 -16 -17 -18 18 19 22 21 23 -24 24 -26 -27 27 28 -30 -31
leaf_value=-0.0017341115697869444 -0.25437802455642006 0.58780080413818359 0.47792012223175595 -0.015753106916180024 -0.50963856135645225 0.068755336908193729 -0.28701609232846431 0.09126276549967853 -0.047469694146088197 -0.034113991802388971 -0.27084932146327839 0.02256663339478629 0.3599502657850584 -0.20858582622475097 -0.096884341804044594 0.2694188149936963 -0.19856342635093593 0.21528571486473083 -0.27326151082292199 -0.1015818578004837 0.2902546269198259 -0.12250982600709666 0.16885306097212294 -0.066057441480781728 0.23615620818275673 -0.039069836480276926 0.16988440835720875 0.048580432443746498 0.18466526925563814 -0.21588908825069666
leaf_weight=3737 22 25 21 26 31 39 34 22 35 22 28 35 36 27 28 32 39 20 40 20 24 23 21 23 26 21 73 42 20 40
leaf_count=3737 22 25 21 26 31 39 34 22 35 22 28 35 36 27 28 32 39 20 40 20 24 23 21 23 26 21 73 42 20 40
internal_value=3.46532e-10 0.00121395 -0.00198445 -0.0791289 -0.284357 -0.000649356 -0.0233001 -0.138407 -0.00321925 0.0338949 -0.073169 0.0737464 0.193634 -0.00434573 0.0629041 0.145757 -0.1271 0.00141828 -0.0486142 -0.116249 0.00294123 0.0913451 0.0369336 0.0250419 0.0943008 0.085006 0.000771806 0.0542839 -0.0284498 -0.0804291
internal_weight=4632 4610 4585 78 57 4507 377 56 321 247 67 180 71 109 82 54 74 4130 122 81 4008 96 41 72 49 41 3912 175 102 82
internal_count=4632 4610 4585 78 57 4507 377 56 321 247 67 180 71 109 82 54 74 4130 122 81 4008 96 41 72 49 41 3912 175 102 82
is_linear=0
shrinkage=0.05


Tree=261
num_leaves=31
num_cat=0
split_feature=6 3 3 6 6 6 7 4 3 4 1 6 4 3 3 3 3 6 6 3 6 4 6 3 1 6 5 7 6 7
split_gain=527.001 10040.6 8266.79 756.783 404.562 644.201 530.094 657.122 1060.91 874.967 559.493 464.766 516.783 689.697 661.495 1165.69 650.596 1383.12 927.075 726.559 547.179 645.499 452.439 439.719 392.423 636.091 1022.83 679.701 587.614 564.809
threshold=55.150000000000013 19.095000000000002 19.910000000000004 57.750000000000007 29.750000000000004 24.250000000000004 111.74583333333335 24.550000000000004 6.1650000000000009 100.80000000000003 2.5000000000000004 30.850000000000005 31.750000000000004 2.7950000000000004 4.6250000000000009 6.1350000000000007 6.9650000000000007 36.750000000000007 43.550000000000004 5.035000000000001 47.350000000000001 0.65000000000000002 46.550000000000004 3.9650000000000003 5.5000000000000009 114.75000000000001 8.3500000000000032 166.10833333333338 357.10000000000008 106.84583333333333
decision_type=2 2 2 2 2 2 2 2 2 2 2 2 2 2 2 2 2 2 2 2 2 2 2 2 2 2 2 2 2 2
left_child=2 3 4 -2 5 -1 -7 8 -8 -9 -11 -6 14 -14 22 -16 18 -18 19 23 21 -17 -13 -15 -5 -26 27 28 -27 -28
right_child=1 -3 -4 24 11 6 7 9 -10 10 -12 12 13 16 15 20 17 -19 -20 -21 -22 -23 -24 -25 25 26 29 -29 -30 -31
leaf_value=-0.0061093924668544127 0.26072759982840771 1.0577389245447906 -1.0276205646991732 -0.0053557022993007434 -0.24330646256948341 0.31268842201679947 0.0037825728265138778 -0.26912494721236052 0.40311280530074556 -0.11462703509764238 0.21292317244224251 0.083022786771494259 -0.1447185124836716 0.29886024530444827 -0.41078396888183699 0.040208659001759128 -0.32374293027179585 0.12017499509644002 -0.063698093728585689 0.49524484439329663 0.13970102875129037 -0.27445297182943579 -0.1803542302752083 -0.028725384138524535 0.19167722963234957 -0.13751283543450493 0.14523713726263782 0.38019222581386569 0.22830833170724954 -0.11388655738058416
leaf_weight=1928 29 23 20 1725 29 24 39 27 29 22 32 63 51 21 35 28 28 47 33 22 23 39 22 20 68 21 26 25 23 110
leaf_count=1928 29 23 20 1725 29 24 39 27 29 22 32 63 51 21 35 28 28 47 33 22 23 39 22 20 68 21 26 25 23 110
internal_value=3.7649e-10 0.0189275 -0.0150276 0.00714028 -0.00712292 0.00218409 0.0946109 0.0594843 0.174085 -0.0367238 0.0794768 -0.0495395 -0.036532 0.0166562 -0.0927595 -0.165937 0.0647856 -0.0455544 0.150989 0.263444 -0.0707189 -0.142953 0.0148546 0.139062 0.00345958 0.0591605 0.0152038 0.172002 0.0537119 -0.0643482
internal_weight=4632 2050 2582 2027 2562 2101 173 149 68 81 54 461 432 222 210 125 171 75 96 63 90 67 85 41 1998 273 205 69 44 136
internal_count=4632 2050 2582 2027 2562 2101 173 149 68 81 54 461 432 222 210 125 171 75 96 63 90 67 85 41 1998 273 205 69 44 136
is_linear=0
shrinkage=0.05


Tree=262
num_leaves=31
num_cat=0
split_feature=6 3 3 7 3 5 4 4 5 0 0 5 3 4 5 7 4 4 0 0 4 7 4 0 0 4 0 0 4 3
split_gain=524.686 3231.53 197.055 3253.39 1625.11 81.8678 95.8329 721.18 721.906 477.283 607.563 914.224 631.434 391.648 385.255 318.862 784.482 1429.84 1239.74 930.162 996.52 662.646 653.401 619.216 581.539 478.523 890.903 964.088 751.281 436.434
threshold=728.05000000000007 21.600000000000005 16.975000000000005 169.18958333333339 18.320000000000004 725.45000000000016 15.850000000000003 21.550000000000004 452.80000000000001 17.500000000000004 12.500000000000002 108.50000000000001 2.7650000000000001 15.450000000000001 18.650000000000002 105.99166666666669 180.20000000000002 134.40000000000003 12.500000000000002 14.500000000000002 38.750000000000007 110.41666666666667 279.95000000000005 7.5000000000000009 14.500000000000002 94.050000000000011 8.5000000000000018 5.5000000000000009 37.800000000000004 4.2150000000000007
decision_type=2 2 2 2 2 2 2 2 2 2 2 2 2 2 2 2 2 2 2 2 2 2 2 2 2 2 2 2 2 2
left_child=1 2 5 -4 -5 6 13 8 9 10 11 12 -8 -1 -14 16 17 18 25 -20 -21 23 -18 -17 -24 26 27 28 -9 -25
right_child=-2 -3 3 4 -6 -7 7 15 -10 -11 -12 -13 14 -15 -16 21 22 -19 19 20 -22 -23 24 29 -26 -27 -28 -29 -30 -31
leaf_value=0.007101871717585021 -0.2435985202139074 0.56808461761474616 0.30644129090942446 -0.025793849854242237 -0.62243142604827884 -0.079029635498017989 -0.26593858033418655 0.095811405439268471 0.16342650119053281 0.010715098235578764 -0.37611541776887836 -0.38073827266693117 -0.05162711485192694 0.2297766136005521 0.22957635053566527 0.041659118069542783 -0.18691599291783792 0.49305512053625922 0.49164419401259657 0.33475950933222115 -0.050194234400987629 -0.00052446991664772469 0.16664946082979443 -0.097892889898756275 -0.14075915065407754 0.17094007232891661 -0.34294152460419219 0.27434919639067218 -0.29463901051453184 -0.39689663511056167
leaf_weight=1559 22 25 32 21 25 33 20 22 23 42 31 25 29 20 21 27 54 21 21 29 40 2279 40 23 25 21 26 22 28 26
leaf_count=1559 22 25 32 21 25 33 20 22 23 42 31 25 29 20 21 27 54 21 21 29 40 2279 40 23 25 21 26 22 28 26
internal_value=1.22253e-10 0.00116251 -0.00192867 -0.0807222 -0.350053 -0.000565035 1.37161e-05 -0.00539067 -0.0992882 -0.135255 -0.183912 -0.121193 -0.0284979 0.00992232 0.0664783 0.00124189 0.0458435 0.0997645 0.0602473 0.200275 0.111598 -0.00536786 -0.0583736 -0.150606 0.0484154 -0.0456563 -0.0920698 -0.00147721 -0.122841 -0.256548
internal_weight=4632 4610 4585 78 46 4507 4474 2895 191 168 126 95 70 1579 50 2704 349 230 209 90 69 2355 119 76 65 119 98 72 50 49
internal_count=4632 4610 4585 78 46 4507 4474 2895 191 168 126 95 70 1579 50 2704 349 230 209 90 69 2355 119 76 65 119 98 72 50 49
is_linear=0
shrinkage=0.05


Tree=263
num_leaves=31
num_cat=0
split_feature=7 3 3 3 6 7 7 3 4 5 5 1 6 5 3 6 6 6 6 3 3 6 0 3 3 6 1 7 6 3
split_gain=513.392 15468.5 13257.2 2008.47 238.955 234.113 397.639 680.478 763.431 227.756 822.77 1120.99 1189.1 796.789 1036.28 1183.81 860.429 783.875 843.2 698.852 630.938 604.476 1061.22 1040.59 606.302 544.31 1146.13 1759.57 1320.24 596.491
threshold=156.0604166666667 19.910000000000004 18.320000000000004 16.975000000000005 718.45000000000016 155.15833333333336 153.59375000000003 3.0550000000000002 67.700000000000003 4.9500000000000011 19.550000000000004 1.0000000180025095e-35 106.55000000000001 13.15 5.1750000000000007 57.750000000000007 39.550000000000004 17.750000000000004 64.050000000000011 2.8650000000000007 7.5550000000000006 2.8500000000000001 16.500000000000004 4.5550000000000006 3.9350000000000005 106.55000000000001 2.5000000000000004 131.4666666666667 29.450000000000003 1.6650000000000003
decision_type=2 2 2 2 2 2 2 2 2 2 2 2 2 2 2 2 2 2 2 2 2 2 2 2 2 2 2 2 2 2
left_child=1 3 4 5 -2 6 9 -8 -9 20 11 12 -11 14 15 19 -16 -15 -19 -13 21 22 23 -1 -24 26 27 28 -23 -27
right_child=2 -3 -4 -5 -6 -7 7 8 -10 10 -12 13 -14 17 16 -17 -18 18 -20 -21 -22 25 24 -25 -26 29 -28 -29 -30 -31
leaf_value=-0.087283226224509153 -0.00099877460801775422 -1.3998538208007814 0.93182375247661886 -0.47966549816456711 0.15456498831510546 -0.12649023936440548 -0.12180596817107428 0.37175771399371088 -0.024469324648380281 0.07291256270625375 -0.0083182356643671847 0.045941721200942996 0.52033398438383027 0.28649369836309735 -0.34779893532395367 -0.10679845054718583 0.0093095352572779497 -0.19938892286557419 0.1646049579469169 0.45006880902725721 -0.12965659470770693 0.19084191171165843 -0.081281580740497239 -0.48186394420141981 0.30338268920779232 0.15507219942177045 -0.020068773843139133 -0.03552458640187979 0.72386947756721864 -0.077616263239098524
leaf_weight=55 1961 20 39 22 25 36 21 31 20 33 1515 20 27 49 37 44 31 26 41 23 122 26 21 24 20 34 107 36 21 145
leaf_count=55 1961 20 39 22 25 36 21 31 20 33 1515 20 27 49 37 44 31 26 41 23 122 26 21 24 20 34 107 36 21 145
internal_value=-3.15427e-10 -0.0146708 0.0188872 -0.00396196 0.00095948 0.000118153 0.00192041 0.117739 0.216375 -0.00147353 0.00728451 0.0786989 0.274252 0.035403 -0.0387657 0.075532 -0.184999 0.134508 0.0233536 0.262103 -0.027934 -0.00255536 -0.100038 -0.207156 0.10636 0.0291463 0.088089 0.227521 0.429003 -0.0334185
internal_weight=4632 2607 2025 2587 1986 2565 2529 72 51 2457 1846 331 60 271 155 87 68 116 67 43 611 489 120 79 41 369 190 83 47 179
internal_count=4632 2607 2025 2587 1986 2565 2529 72 51 2457 1846 331 60 271 155 87 68 116 67 43 611 489 120 79 41 369 190 83 47 179
is_linear=0
shrinkage=0.05


Tree=264
num_leaves=31
num_cat=0
split_feature=0 3 3 6 4 5 3 7 1 6 3 3 6 6 5 6 5 4 6 3 0 7 1 5 5 6 0 4 5 4
split_gain=511.832 5928 4194 415.607 308.418 468.73 389.844 360.234 299.912 163.239 1304.8 1211.6 833.249 431.771 378.812 412.533 667.106 454.67 301.245 1697.76 221.742 558.901 730.887 640.415 1105.43 777.807 478.869 535.149 510.073 475.191
threshold=22.500000000000004 21.600000000000005 11.305000000000001 728.05000000000007 7.5500000000000007 40.95000000000001 5.7750000000000012 148.02708333333337 3.5000000000000004 94.050000000000011 17.300000000000001 17.300000000000001 117.25000000000001 12.300000000000002 5.6500000000000012 112.05000000000003 23.150000000000002 36.050000000000004 84.40000000000002 5.1150000000000011 20.500000000000004 212.14166666666671 5.5000000000000009 36.050000000000004 5.2500000000000009 9.6500000000000004 21.500000000000004 19.050000000000004 153.30000000000004 31.750000000000004
decision_type=2 2 2 2 2 2 2 2 2 2 2 2 2 2 2 2 2 2 2 2 2 2 2 2 2 2 2 2 2 2
left_child=1 3 4 9 5 -2 8 -8 -6 10 18 12 14 -12 -11 16 -16 -18 20 -20 -1 22 23 24 25 -22 27 -25 -28 -26
right_child=2 -3 -4 -5 6 -7 7 -9 -10 11 13 -13 -14 -15 15 -17 17 -19 19 -21 21 -23 -24 26 29 -27 28 -29 -30 -31
leaf_value=-0.0052562379275403193 0.28190527246111918 -0.78715026378631592 0.74676243749757609 0.22820507645606997 -0.19522778806479082 -0.020272045379335232 0.22819412365555763 -0.061952620679917553 0.010086628486370219 -0.071685183251445947 -0.44581383764743809 0.38107988455078823 -0.004467031517279077 -0.1212022114545107 0.36099250274045125 0.33973072205359739 -0.069748304722209775 0.16579472154378894 0.11858128003171974 -0.38757463276386261 -0.025393280115994538 -0.19595057171854108 -0.12855887399652066 0.1612911105155945 -0.29441392367275865 0.38224370384216311 0.26313833556259458 0.51493203014135369 -0.066369285682837162 0.021324092098935085
leaf_weight=2460 21 24 21 20 46 33 20 23 29 22 21 22 1410 20 21 24 42 40 37 30 22 22 39 23 26 25 23 20 24 22
leaf_count=2460 21 24 21 20 46 33 20 23 29 22 21 22 1410 20 21 24 42 40 37 30 22 22 39 23 26 25 23 20 24 22
internal_value=-4.82402e-10 -0.00346566 0.0797101 0.000794463 -0.00173233 0.0972414 -0.0470254 0.0729994 -0.11584 -0.000240398 -0.0074632 0.0126154 0.00741575 -0.287467 0.119864 0.153045 0.109546 0.0451507 -0.00332323 -0.108056 -0.000730078 0.0445315 0.0681503 0.109619 0.0190717 0.191435 0.205196 0.325775 0.0948791 -0.149701
internal_weight=4632 4439 193 4415 172 54 118 43 75 4395 2814 1581 1559 41 149 127 103 82 2773 67 2706 246 224 185 95 47 90 43 47 48
internal_count=4632 4439 193 4415 172 54 118 43 75 4395 2814 1581 1559 41 149 127 103 82 2773 67 2706 246 224 185 95 47 90 43 47 48
is_linear=0
shrinkage=0.05


Tree=265
num_leaves=31
num_cat=0
split_feature=3 3 7 6 0 6 5 5 3 3 4 6 6 4 3 1 7 0 6 5 5 5 6 6 7 0 3 5 1 4
split_gain=568.31 458.232 1298.82 374.83 86.112 307.593 689.078 506.029 504.138 340.996 1071.91 570.481 922.617 513.072 488.188 412.153 270.357 156.964 145.935 420.327 639.837 296.471 258.157 456.882 265.941 371.074 237.205 167.653 785.936 734.027
threshold=19.910000000000004 17.300000000000001 176.20416666666668 728.05000000000007 21.500000000000004 357.10000000000008 53.550000000000004 280.55000000000007 5.3850000000000007 4.785000000000001 7.5500000000000007 29.450000000000003 85.550000000000011 82.65000000000002 7.2700000000000005 3.5000000000000004 169.8041666666667 22.500000000000004 707.25000000000011 10.350000000000003 92.300000000000026 498.15000000000003 693.85000000000014 697.85000000000002 132.55208333333337 9.5000000000000018 4.1750000000000007 16.450000000000003 1.0000000180025095e-35 62.150000000000013
decision_type=2 2 2 2 2 2 2 2 2 2 2 2 2 2 2 2 2 2 2 2 2 2 2 2 2 2 2 2 2 2
left_child=1 3 -3 4 18 7 -7 9 -9 13 -11 14 -13 15 -12 17 -15 -6 22 26 -21 -22 27 -24 -25 -26 -20 28 29 -1
right_child=-2 2 -4 -5 5 6 -8 8 -10 10 11 12 -14 16 -16 -17 -18 -19 19 20 21 -23 23 24 25 -27 -28 -29 -30 -31
leaf_value=0.16628519163355915 0.19006160161434077 -0.3631876029338067 0.14260712096636946 0.21082772981552853 -0.31375586873009093 -0.27299640163340988 0.086129944568330605 -0.0026638099859500755 -0.30905236124992375 0.32190264209228409 0.26165049468668611 -0.3568098915659863 0.10157836214417504 -0.0079637003796441223 -0.030035575083456934 0.0098718270267310892 0.22936384124415266 -0.12468596742204999 0.2014812767505646 -0.26094394903630019 0.14513592706485229 -0.12085048526525498 0.27265199245885013 -0.11952992599943411 -0.061676433196534292 0.21162359030158431 -0.039120589551471532 0.0085446831186893734 -0.028308537519472654 -0.025500859524143618
leaf_weight=109 39 30 22 21 21 34 22 29 25 34 26 23 21 28 32 38 21 23 20 40 22 20 24 23 23 27 21 2519 1203 92
leaf_count=109 39 30 22 21 21 34 22 29 25 34 26 23 21 28 32 38 21 23 20 40 22 20 24 23 23 27 21 2519 1203 92
internal_value=1.45704e-10 -0.00161385 -0.149198 7.6166e-05 -0.00090299 -0.0237811 -0.131911 -0.00491726 -0.14451 0.0233151 0.0787719 -0.00227164 -0.138034 -0.0342585 0.10072 -0.11075 0.0937481 -0.214924 0.00117884 -0.052469 -0.117827 0.0184757 0.00282031 0.0833994 0.0211793 0.0859056 0.0782462 0.000827911 -0.0130172 0.0785025
internal_weight=4632 4593 52 4541 4520 377 56 321 54 267 136 102 44 131 58 82 49 44 4143 123 82 42 4020 97 73 50 41 3923 1404 201
internal_count=4632 4593 52 4541 4520 377 56 321 54 267 136 102 44 131 58 82 49 44 4143 123 82 42 4020 97 73 50 41 3923 1404 201
is_linear=0
shrinkage=0.05


Tree=266
num_leaves=31
num_cat=0
split_feature=6 3 3 7 3 4 4 7 4 7 4 3 4 1 7 7 3 7 0 6 6 4 4 7 0 0 3 3 6 4
split_gain=551.251 3502.71 197.316 3548.19 1415.07 83.8368 250.889 212.829 94.5381 436.327 315.261 213.763 186.254 102.991 745.51 1140.04 1085.2 629 678.75 583.391 1499.93 1036.64 774.642 506.958 685.533 509.098 614.984 848.669 514.175 474.007
threshold=728.05000000000007 21.600000000000005 16.975000000000005 149.80833333333337 18.320000000000004 720.6500000000002 717.1500000000002 187.30000000000004 708.95000000000016 176.64375000000004 704.1500000000002 4.0250000000000012 699.05000000000007 1.5000000000000002 110.41666666666667 131.4666666666667 4.5950000000000006 136.47291666666669 1.0000000180025095e-35 98.450000000000017 14.65 422.35000000000008 422.35000000000008 108.61458333333336 1.5000000000000002 5.5000000000000009 4.8450000000000006 6.1650000000000009 89.750000000000014 1.3500000000000003
decision_type=2 2 2 2 2 2 2 2 2 2 2 2 2 2 2 2 2 2 2 2 2 2 2 2 2 2 2 2 2 2
left_child=1 2 5 -4 -5 6 8 -7 10 -10 12 -12 13 14 23 16 -16 -17 -19 20 -20 -22 -21 24 -1 28 -27 -28 -26 -18
right_child=-2 -3 3 4 -6 7 -8 -9 9 -11 11 -13 -14 -15 15 17 29 18 19 22 21 -23 -24 -25 25 26 27 -29 -30 -31
leaf_value=0.18538711965084076 -0.24968915554610166 0.59142167663574219 0.47471717283839276 -0.013533693466048975 -0.51371722452102175 0.13739525272565731 -0.15627788111854057 -0.068159507140517245 0.18691881204193289 -0.072201210958883169 -0.025534551590681076 -0.25670700520277023 0.10867093088917244 0.0038650327699265054 -0.0034154050916965517 -0.18328232754554069 0.042672249006813975 0.23211190328001977 0.035435438302478625 0.010156312370195222 -0.10150186884483058 -0.40423944592475891 0.28712335537219874 -0.29926753151416779 -0.10228081970445571 -0.12624430041421544 0.29024687592799847 -0.064442223613150426 -0.42745400443673137 0.27749124072402359
leaf_weight=25 22 25 21 26 31 34 26 20 33 32 20 20 39 3040 112 56 29 28 224 195 168 34 29 25 31 110 26 48 20 83
leaf_count=25 22 25 21 26 31 34 26 20 33 32 20 20 39 3040 112 56 29 28 224 195 168 34 29 25 31 110 26 48 20 83
internal_value=3.79908e-10 0.00119158 -0.00202669 -0.0808724 -0.285563 -0.000662154 -0.00141311 0.0612639 -0.000503581 0.059352 -0.00139551 -0.141121 -0.000102361 -0.00109283 -0.0132182 0.0079021 0.106637 -0.0222296 -0.00892732 -0.0193106 -0.0536594 -0.152458 0.0460137 -0.0842122 -0.0635338 -0.0900148 -0.05127 0.0601783 -0.2298 0.21669
internal_weight=4632 4610 4585 78 57 4507 4453 54 4427 65 4362 40 4322 4283 1243 958 224 734 678 650 426 202 224 285 260 235 184 74 51 112
internal_count=4632 4610 4585 78 57 4507 4453 54 4427 65 4362 40 4322 4283 1243 958 224 734 678 650 426 202 224 285 260 235 184 74 51 112
is_linear=0
shrinkage=0.05


Tree=267
num_leaves=31
num_cat=0
split_feature=5 5 3 6 5 7 1 0 3 7 0 4 4 5 0 0 3 5 6 5 0 5 5 0 6 3 6 7 7 6
split_gain=505.905 2939.77 2556.51 318.516 170.589 261.366 507.737 275.312 167.488 3406.25 1617.8 91.6651 693.632 604.168 431.186 658.006 824.481 350.212 1443.81 701.906 1231.48 978.455 1293.27 677.932 640.891 830.579 999.792 762.862 751.47 749.053
threshold=709.25000000000011 712.55000000000007 21.600000000000005 728.05000000000007 715.75000000000011 116.99791666666668 2.5000000000000004 16.500000000000004 16.975000000000005 169.18958333333339 8.5000000000000018 15.850000000000003 21.550000000000004 411.05000000000001 17.500000000000004 12.500000000000002 7.6650000000000009 322.90000000000003 76.800000000000026 61.350000000000001 7.5000000000000009 10.050000000000002 10.950000000000001 5.5000000000000009 80.050000000000011 4.8450000000000006 18.450000000000003 171.88541666666669 185.26666666666671 3.2500000000000004
decision_type=2 2 2 2 2 2 2 2 2 2 2 2 2 2 2 2 2 2 2 2 2 2 2 2 2 2 2 2 2 2
left_child=2 -2 3 8 -3 -6 -7 -8 11 -10 -11 17 13 14 15 16 -13 19 -19 21 23 -1 -23 -21 25 -24 27 29 -26 -27
right_child=1 4 -4 -5 5 6 7 -9 9 10 -12 12 -14 -15 -16 -17 -18 18 -20 20 -22 22 24 -25 28 26 -28 -29 -30 -31
leaf_value=-0.025438598932311637 0.59739015301068621 0.10399293985504371 -0.50715892791748052 0.19896258562803271 0.10124445271988709 0.11474153562670662 -0.28563494171809267 -0.044249210045451209 0.33097673342112577 -0.0090384849905967707 -0.60718873991416056 -0.19324848725342414 0.00145591532247234 0.16050176331773403 0.0075929023680232832 -0.38150031413882973 0.16337950215453195 0.15536605917105947 -0.096430495289269461 0.0042296634601043156 -0.12201848315524136 0.42802972350269552 -0.080011369088503315 0.26869256332997354 0.20041037192484282 0.12873313680291176 -0.063963326458868236 -0.035582013331029727 -0.11360636930102888 0.48509626912659609
leaf_weight=472 24 26 25 20 24 21 27 21 31 20 26 71 2644 20 42 30 21 158 89 111 253 25 127 31 111 30 57 23 23 29
leaf_count=472 24 26 25 20 24 21 27 21 31 20 26 71 2644 20 42 30 21 158 89 111 253 25 127 31 111 30 57 23 23 29
internal_value=4.18934e-10 0.0925821 -0.00294926 -0.000125508 -0.00922791 -0.0408811 -0.090316 -0.180029 -0.00102149 -0.0741221 -0.347123 0.000267433 -0.00507649 -0.0989443 -0.130584 -0.178153 -0.111844 0.0100872 0.0646377 -0.000341594 -0.0558778 0.0241141 0.0791468 0.0619645 0.0573416 0.0124212 0.096874 0.208676 0.146512 0.303895
internal_weight=4632 143 4489 4464 119 93 69 48 4444 77 46 4367 2828 184 164 122 92 1539 247 1292 395 897 425 142 400 266 139 82 134 59
internal_count=4632 143 4489 4464 119 93 69 48 4444 77 46 4367 2828 184 164 122 92 1539 247 1292 395 897 425 142 400 266 139 82 134 59
is_linear=0
shrinkage=0.05


Tree=268
num_leaves=31
num_cat=0
split_feature=3 3 7 0 6 5 7 1 4 4 5 5 1 4 4 7 6 4 5 5 5 6 0 3 0 4 4 3 7 6
split_gain=542.037 387.408 1614.2 449.033 347.375 93.6484 538.009 462.482 362.046 436.172 317.828 403.379 403.384 582.818 591.447 505.481 344.247 332.881 325.033 274.38 806.902 424.593 742.113 349.201 267.194 151.118 224.272 189.146 150.108 221.778
threshold=19.910000000000004 16.975000000000005 161.33750000000001 11.500000000000002 728.05000000000007 653.90000000000009 98.468750000000014 2.5000000000000004 303.55000000000007 476.50000000000006 681.1500000000002 688.95000000000016 5.5000000000000009 22.150000000000002 3.5500000000000003 142.14166666666671 27.450000000000003 79.15000000000002 704.55000000000007 508.80000000000007 534.20000000000016 5.2500000000000009 11.500000000000002 6.4350000000000014 8.5000000000000018 720.6500000000002 717.1500000000002 5.3850000000000007 85.020833333333357 3.2500000000000004
decision_type=2 2 2 2 2 2 2 2 2 2 2 2 2 2 2 2 2 2 2 2 2 2 2 2 2 2 2 2 2 2
left_child=1 4 -3 -4 5 19 7 -7 10 -10 16 -12 13 14 15 -13 -8 24 -19 25 -21 -22 23 -23 -15 26 28 -27 29 -1
right_child=-2 2 3 -5 -6 6 8 -9 9 -11 11 12 -14 17 -16 -17 -18 18 -20 20 21 22 -24 -25 -26 27 -28 -29 -30 -31
leaf_value=-0.12943086453058103 0.1856162774257171 -0.45948354854531914 0.23307846441864966 -0.094267959757284692 0.20304879574548629 -0.038217996738173748 -0.0097896981835365309 0.27061410557340693 -0.33799856503804526 -0.063907630630630138 0.16230814342989641 0.151376863270998 0.12678582455862214 -0.010215751188141961 -0.30928796725613733 -0.19232176018311928 -0.27782490123873171 -0.20672225003892725 0.050097351201942988 0.33504435668389004 -0.16622945880889894 0.3651942324638367 -0.097792360633611686 0.07326671555638313 0.22957684735839187 -0.002205680917810511 -0.15426175291649999 0.19529744048010222 0.0013888719822003667 -0.011768010537470543
leaf_weight=54 39 23 20 22 21 22 25 27 21 47 34 20 37 21 35 23 23 22 28 24 25 20 35 21 26 27 24 22 3689 155
leaf_count=54 39 23 20 22 21 22 25 27 21 47 34 20 37 21 35 23 23 22 28 24 25 20 35 21 26 27 24 22 3689 155
internal_value=-6.41843e-10 -0.0015761 -0.122776 0.0616113 0.000163739 -0.000781588 -0.0235344 0.131955 -0.0445813 -0.148553 -0.0205333 0.00243054 -0.0232102 -0.0549236 -0.156679 -0.0324619 -0.138223 0.0269 -0.0629033 0.00150147 0.0744406 0.012515 0.0713125 0.21567 0.122435 -0.000794523 -0.00188476 0.0864692 -0.000946578 -0.0421689
internal_weight=4632 4593 65 42 4528 4507 411 49 362 68 294 246 212 175 78 43 48 97 50 4096 125 101 76 41 47 3971 3922 49 3898 209
internal_count=4632 4593 65 42 4528 4507 411 49 362 68 294 246 212 175 78 43 48 97 50 4096 125 101 76 41 47 3971 3922 49 3898 209
is_linear=0
shrinkage=0.05


Tree=269
num_leaves=31
num_cat=0
split_feature=6 3 0 3 3 4 4 6 7 3 3 0 0 1 4 4 5 7 3 6 3 3 7 1 5 7 3 3 5 0
split_gain=576.959 3318.49 147.964 1667.61 327.085 606.5 473.05 268.586 142.942 1719.5 1291.81 302.022 319.693 674.06 585.196 340.984 365.672 234.512 1472.93 576.47 644.706 829.195 604.962 551.756 757.201 538.364 497.656 767.445 816.863 462.111
threshold=728.05000000000007 21.600000000000005 22.500000000000004 10.775 5.7750000000000012 31.750000000000004 6.0500000000000007 192.15000000000003 227.4041666666667 19.095000000000002 15.140000000000002 18.500000000000004 5.5000000000000009 2.5000000000000004 684.55000000000007 335.65000000000003 87.950000000000003 183.64166666666668 17.300000000000001 6.0500000000000007 12.815000000000003 8.6750000000000025 197.04166666666669 2.5000000000000004 4.2500000000000009 194.99583333333337 2.5450000000000004 4.2150000000000007 85.90000000000002 11.500000000000002
decision_type=2 2 2 2 2 2 2 2 2 2 2 2 2 2 2 2 2 2 2 2 2 2 2 2 2 2 2 2 2 2
left_child=1 2 8 4 6 -6 -4 -8 9 17 11 12 13 -10 15 16 -14 18 -1 20 21 26 25 -24 -25 29 -19 -28 -29 -21
right_child=-2 -3 3 -5 5 -7 7 -9 10 -11 -12 -13 14 -15 -16 -17 -18 19 -20 22 -22 -23 23 24 -26 -27 27 28 -30 -31
leaf_value=-0.0026650725911031275 -0.25544498183510522 0.57571862792968753 0.11424605670300397 -0.45445324297655709 -0.046608703210949898 0.27203617511051043 -0.17192802470591334 0.038806665617795222 -0.25352223276027613 0.46475809574127197 -0.42193876996636392 -0.11447746261954309 -0.0034001145760218301 0.060297331552613867 0.31127615769704187 -0.15800610312393734 0.21542767786553929 -0.035435744984583427 -0.40414777979578664 -0.036105698703501658 0.37401647508144381 -0.17329971215554649 0.025238322512227664 0.100069318344707 -0.16605200233459472 0.28248385548591615 0.44000963620517564 0.24120662938325835 -0.13449594300726186 0.11773126406352158
leaf_weight=3387 22 25 33 22 32 28 54 21 28 20 20 50 60 44 21 21 28 33 23 104 20 28 147 34 125 25 23 39 23 92
leaf_count=3387 22 25 33 22 32 28 54 21 28 20 20 50 60 44 21 21 28 33 23 104 20 28 147 34 125 25 23 39 23 92
internal_value=-6.53454e-13 0.00121904 -0.00191345 -0.0451131 0.00849096 0.102092 -0.0435098 -0.112922 -4.58898e-05 0.00227016 -0.0351528 -0.00445545 0.0227777 -0.0617436 0.0695895 0.0230261 0.0662269 1.57693e-05 -0.00537302 0.026532 0.107786 0.0713158 0.000937894 -0.0445886 -0.109146 0.0639746 0.12936 0.19334 0.101833 0.0361035
internal_weight=4632 4610 4585 190 168 60 108 75 4395 4123 272 252 202 72 130 109 88 4103 3410 693 166 146 527 306 159 221 118 85 62 196
internal_count=4632 4610 4585 190 168 60 108 75 4395 4123 272 252 202 72 130 109 88 4103 3410 693 166 146 527 306 159 221 118 85 62 196
is_linear=0
shrinkage=0.05


Tree=270
num_leaves=31
num_cat=0
split_feature=6 3 0 3 3 3 0 5 6 5 7 1 3 7 0 4 4 6 3 3 3 3 5 5 7 7 4 4 7 7
split_gain=520.706 2994.94 146.461 3248.27 2018.08 624.825 430.728 791.895 872.706 914.797 405.659 396.302 570.751 410.048 374.318 314.186 291.544 540.31 466.798 757.674 990.608 916.852 364.41 791.533 355.098 870.941 772.335 801.241 275.463 339.345
threshold=728.05000000000007 21.600000000000005 8.5000000000000018 18.320000000000004 17.845000000000002 16.560000000000006 9.5000000000000018 534.20000000000016 32.45000000000001 3.8500000000000001 167.88125000000005 4.5000000000000009 7.3450000000000006 152.49375000000003 6.5000000000000009 56.400000000000006 358.35000000000008 17.350000000000005 1.6150000000000004 3.8250000000000006 3.2950000000000004 2.5150000000000001 463.45000000000005 222.80000000000004 145.21666666666673 162.10208333333335 30.100000000000005 4.9500000000000011 264.18958333333336 240.58333333333337
decision_type=2 2 2 2 2 2 2 2 2 2 2 2 2 2 2 2 2 2 2 2 2 2 2 2 2 2 2 2 2 2
left_child=1 2 3 5 6 14 7 8 11 -10 15 12 13 -4 28 -11 18 -18 -16 20 21 -20 23 24 26 -26 27 -21 29 -1
right_child=-2 -3 4 -5 -6 -7 -8 -9 9 10 -12 -13 -14 -15 16 -17 17 -19 19 22 -22 -23 -24 -25 25 -27 -28 -29 -30 -31
leaf_value=-0.0065608942418519493 -0.24267274060032587 0.5469327545166015 -0.35845053756520867 0.64319486021995553 -0.42373524637057863 -0.2755655530234799 0.00070911599851713417 -0.37493445828557015 -0.1755190787491975 0.12733984857797623 -0.003908091641607739 -0.35379394926130775 0.12166183561086655 -0.042110286410897972 -0.097213605932287284 0.40760139249265193 0.15465641468763353 -0.14999448533581441 0.28752673240096283 0.05370451396419889 0.488162312284112 -0.10147230071680886 0.23832413965836166 -0.27469329294704259 -0.30637074276804926 0.079879029948885238 -0.051145950953165688 0.49047877050581434 0.16832791400904007 -0.19635332251588505
leaf_weight=1261 22 25 21 20 29 20 2643 20 27 20 21 20 20 20 37 20 22 43 33 21 24 28 20 21 20 54 33 21 22 24
leaf_count=1261 22 25 21 20 29 20 2643 20 27 20 21 20 20 20 37 20 22 43 33 21 24 28 20 21 20 54 33 21 22 24
internal_value=2.7428e-10 0.00115809 -0.00181778 0.00969424 -0.00875477 0.00225879 -0.00450532 -0.0774246 -0.0422164 0.0667925 0.174045 -0.160646 -0.0973185 -0.204138 0.00555836 0.267471 0.0494505 -0.0468819 0.0695197 0.091953 0.216036 0.10897 0.0364422 0.0126913 0.0531952 -0.0245128 0.129867 0.272092 -0.00710218 -0.0101057
internal_weight=4632 4610 4585 1724 2861 1704 2832 189 169 88 61 81 61 41 1684 40 377 65 312 275 85 61 190 170 149 74 75 42 1307 1285
internal_count=4632 4610 4585 1724 2861 1704 2832 189 169 88 61 81 61 41 1684 40 377 65 312 275 85 61 190 170 149 74 75 42 1307 1285
is_linear=0
shrinkage=0.05


Tree=271
num_leaves=31
num_cat=0
split_feature=0 3 7 3 6 5 5 6 3 6 3 6 3 7 6 4 4 3 3 7 1 0 1 7 5 5 6 4 0 4
split_gain=492.584 6501.13 4054.26 675.755 398.637 279.908 670.746 351.469 252.13 144.062 1284.96 1130.83 741.264 948.66 619.072 580.665 549.897 297.155 416.965 598.991 222.423 211.522 508.577 633.334 585.693 993.659 686.79 421.159 421.013 476.383
threshold=22.500000000000004 21.600000000000005 110.41666666666667 10.150000000000002 728.05000000000007 22.850000000000005 114.75000000000001 22.750000000000004 3.3350000000000004 87.300000000000026 17.300000000000001 84.40000000000002 16.975000000000005 176.20416666666668 117.25000000000001 151.25000000000003 385.95000000000005 8.6050000000000022 4.6550000000000011 152.49375000000003 3.5000000000000004 20.500000000000004 5.5000000000000009 212.14166666666671 36.050000000000004 5.2500000000000009 9.6500000000000004 31.750000000000004 21.500000000000004 19.050000000000004
decision_type=2 2 2 2 2 2 2 2 2 2 2 2 2 2 2 2 2 2 2 2 2 2 2 2 2 2 2 2 2 2
left_child=1 4 -2 5 9 8 -7 -8 -4 11 14 12 21 -14 15 17 -17 18 19 -11 -20 -1 23 24 25 26 -23 -27 29 -26
right_child=2 -3 3 -5 -6 6 7 -9 -10 10 -12 -13 13 -15 -16 16 -18 -19 20 -21 -22 22 -24 -25 28 27 -28 -29 -30 -31
leaf_value=-0.0046556563102746569 0.57376860608072844 -0.8240945736567179 -0.035766243934631348 -0.27224534711955733 0.22378064155578614 -0.23623222533998819 -0.083527027612382732 0.18353265973606281 0.18337940164974759 0.10529513702624374 0.39140648940070111 -0.32301948730434693 -0.42041532934332893 0.028955219038154768 -0.0047511252599722106 0.39530579298734669 0.078636271378089651 -0.10027276166985113 0.27915919174750647 -0.23598256282508376 0.062194669361980197 -0.021578564698045907 -0.12164950147271157 -0.17843178321014752 0.15461635952410491 -0.27749946679060278 0.36146618995070456 0.019746446863494138 0.093307756172849782 0.48827589049935344
leaf_weight=2452 34 24 21 24 20 29 22 28 35 36 22 28 24 23 1410 26 29 31 27 20 21 22 39 22 23 26 25 22 47 20
leaf_count=2452 34 24 21 24 20 29 22 28 35 36 22 28 24 23 1410 26 29 31 27 20 21 22 39 22 23 26 25 22 47 20
internal_value=3.47205e-10 -0.00339987 0.078197 -0.0277743 0.00106144 0.0156872 -0.0449293 0.0660264 0.1012 4.79274e-05 0.0118842 -0.00687541 -0.00365063 -0.200511 0.00666576 0.0913911 0.228335 0.0355993 0.0760996 -0.0165898 0.184237 -0.000221267 0.0439784 0.0751837 0.105343 0.0187512 0.182169 -0.141262 0.196746 0.309807
internal_weight=4632 4439 193 159 4415 135 79 50 56 4395 1622 2773 2745 47 1600 190 55 135 104 56 48 2698 246 207 185 95 47 48 90 43
internal_count=4632 4439 193 159 4415 135 79 50 56 4395 1622 2773 2745 47 1600 190 55 135 104 56 48 2698 246 207 185 95 47 48 90 43
is_linear=0
shrinkage=0.05


Tree=272
num_leaves=31
num_cat=0
split_feature=7 3 3 3 3 5 6 3 6 6 5 3 3 3 4 1 4 4 3 7 4 1 7 6 4 7 7 4 3 6
split_gain=507.984 14438.8 12340.5 1533.09 526.681 667.063 360.919 272.461 859.981 232.219 511.342 493.114 679.817 749.587 514.871 521.757 498.888 599.992 666.118 562.779 532.995 411.583 406.528 317.599 281.065 262.366 336.309 416.486 283.243 679.287
threshold=156.0604166666667 19.910000000000004 19.095000000000002 16.975000000000005 15.985000000000001 21.550000000000004 718.45000000000016 14.345000000000001 32.850000000000001 3.5500000000000003 692.45000000000016 5.2250000000000005 8.9050000000000029 7.0250000000000012 126.60000000000001 2.5000000000000004 0.65000000000000002 22.150000000000002 4.0950000000000006 187.30000000000004 48.550000000000004 3.5000000000000004 179.38333333333335 4.6500000000000012 725.6500000000002 257.30208333333337 240.58333333333337 240.80000000000004 8.1150000000000002 29.050000000000004
decision_type=2 2 2 2 2 2 2 2 2 2 2 2 2 2 2 2 2 2 2 2 2 2 2 2 2 2 2 2 2 2
left_child=1 3 4 -1 6 -6 7 9 -9 10 11 16 13 22 15 -14 -2 19 20 -18 -19 -15 -13 -11 25 26 28 -28 -25 -30
right_child=2 -3 -4 -5 5 -7 -8 8 -10 23 -12 12 14 21 -16 -17 17 18 -20 -21 -22 -23 -24 24 -26 -27 27 -29 29 -31
leaf_value=-0.0006823689581328898 0.26314897958777456 -1.3528757095336914 1.0611849942377636 -0.41985831341960217 -0.042177894115448006 0.30022745164054815 0.19661938042744348 -0.33090647011995317 0.096945733091105601 -0.20240747297093986 -0.16701751430829367 0.13633925851547357 -0.16150471934905419 -0.38659112358093267 0.25958269705375037 0.14221566232942767 -0.28421832890737625 0.27338721169077834 0.33751751118236117 0.077651215954260389 0.002074630733798532 -0.082278531230986121 -0.12526935051988672 -0.017171843180773017 -0.18807233863820633 0.10986546112262473 -0.24862625848562009 0.044031142443418506 0.15044088903616401 -0.006970877664553907
leaf_weight=2565 38 20 28 22 25 33 23 24 23 21 30 33 26 25 30 31 21 23 27 22 85 20 27 942 21 49 31 20 94 253
leaf_count=2565 38 20 28 22 25 33 23 24 23 21 30 33 26 25 30 31 21 23 27 22 85 20 27 942 21 49 31 20 94 253
internal_value=1.94568e-10 -0.0145933 0.0187875 -0.00424707 0.00417201 0.152639 -0.000268986 -0.00263247 -0.121532 0.000357514 0.032214 0.0468633 -0.0114395 -0.0970802 0.09192 0.00367654 0.0986881 0.0635785 0.115387 -0.0990758 0.0598542 -0.251341 0.0186154 -0.0093931 -0.00651842 -0.00377354 -0.007929 -0.133859 -0.00294652 0.0356709
internal_weight=4632 2607 2025 2587 1997 58 1939 1916 47 1869 438 408 192 105 87 57 216 178 135 43 108 45 60 1431 1410 1389 1340 51 1289 347
internal_count=4632 2607 2025 2587 1997 58 1939 1916 47 1869 438 408 192 105 87 57 216 178 135 43 108 45 60 1431 1410 1389 1340 51 1289 347
is_linear=0
shrinkage=0.05


Tree=273
num_leaves=31
num_cat=0
split_feature=6 3 0 3 3 4 4 1 5 7 3 3 0 0 0 4 4 5 7 7 7 3 6 0 5 5 7 3 3 1
split_gain=506.034 3381.65 157.058 1385.14 299.887 541.325 416.463 252.497 141.718 138.945 1437.73 1315.32 255.532 282.304 631.385 532.081 312.863 327.089 223.584 225.123 236.474 1199.59 557.853 890.373 1453.51 897.294 636.091 436.557 479.783 481.17
threshold=728.05000000000007 21.600000000000005 22.500000000000004 10.775 5.7750000000000012 31.750000000000004 6.0500000000000007 3.5000000000000004 31.750000000000004 227.4041666666667 19.095000000000002 15.140000000000002 18.500000000000004 5.5000000000000009 2.5000000000000004 684.55000000000007 335.65000000000003 87.950000000000003 223.79166666666671 218.63750000000002 183.64166666666668 17.300000000000001 5.2500000000000009 11.500000000000002 37.650000000000013 85.90000000000002 215.00000000000003 4.0950000000000006 2.3750000000000004 3.5000000000000004
decision_type=2 2 2 2 2 2 2 2 2 2 2 2 2 2 2 2 2 2 2 2 2 2 2 2 2 2 2 2 2 2
left_child=1 2 9 4 6 -6 -4 8 -8 10 18 12 13 14 -11 16 17 -15 19 20 21 -1 23 24 -22 -25 27 28 29 -24
right_child=-2 -3 3 -5 5 -7 7 -9 -10 11 -12 -13 -14 15 -16 -17 -18 -19 -20 -21 22 -23 26 25 -26 -27 -28 -29 -30 -31
leaf_value=-0.0025892560573744059 -0.23922953226349575 0.58108204650878903 0.1005536847042315 -0.41959186998957937 -0.048533260729163891 0.25250423124858312 -0.26485244071483616 0.0062655874128852568 -0.090852073783224283 0.081945692551763441 0.42508780330419543 -0.42499755501747133 -0.10493442524969579 -0.0035651489098866779 -0.21464124876348412 0.29576275916326616 -0.15250149113791331 0.20339642711915076 0.13612484206755956 -0.13297297498211266 0.0082267077790724261 -0.36490919248241449 0.16104488078303436 0.15166194661986085 0.44570055504639944 -0.19499819282974518 -0.24897217527031901 0.048867448792464331 -0.14799869482715924 -0.0922680211694617
leaf_weight=3387 22 25 33 22 32 28 25 28 22 38 20 20 50 60 34 21 21 28 30 32 37 23 37 40 39 35 24 309 72 38
leaf_count=3387 22 25 33 22 32 28 25 28 22 38 20 20 50 60 34 21 21 28 30 32 37 23 37 40 39 35 24 309 72 38
internal_value=-8.44262e-11 0.00114166 -0.0020205 -0.046528 0.00232563 0.0919509 -0.0474662 -0.112595 -0.183405 -9.64019e-05 0.00218704 -0.034709 -0.00373377 0.0213159 -0.0581093 0.0653052 0.0209051 0.0622863 0.00012562 -0.000876093 0.00016996 -0.00503306 0.0282877 0.112108 0.23272 -0.0101128 0.00191933 0.0151241 -0.0558056 0.0326997
internal_weight=4632 4610 4585 190 168 60 108 75 47 4395 4123 272 252 202 72 130 109 88 4103 4073 4041 3410 631 151 76 75 480 456 147 75
internal_count=4632 4610 4585 190 168 60 108 75 47 4395 4123 272 252 202 72 130 109 88 4103 4073 4041 3410 631 151 76 75 480 456 147 75
is_linear=0
shrinkage=0.05


Tree=274
num_leaves=31
num_cat=0
split_feature=6 3 3 6 6 6 6 7 4 3 4 1 6 1 3 3 3 6 5 0 7 6 3 1 6 5 7 5 6 7
split_gain=482.015 8951.93 8025.59 668.091 381.406 357.761 573.666 459.893 570.965 929.914 804.483 470.731 420.348 972.489 969.718 734.295 981.238 636.236 594.732 582.752 623.48 548.387 538.938 338.211 610.555 665.203 1054.68 685.689 667.041 698.416
threshold=55.150000000000013 19.095000000000002 19.910000000000004 57.750000000000007 728.05000000000007 29.750000000000004 24.250000000000004 111.74583333333335 24.550000000000004 6.1650000000000009 100.80000000000003 2.5000000000000004 38.850000000000001 5.5000000000000009 6.535000000000001 6.8850000000000007 8.4100000000000019 32.850000000000001 14.850000000000003 6.5000000000000009 142.14166666666671 36.050000000000004 4.8450000000000006 5.5000000000000009 64.050000000000011 8.3500000000000032 166.10833333333338 18.150000000000002 133.35000000000002 106.84583333333333
decision_type=2 2 2 2 2 2 2 2 2 2 2 2 2 2 2 2 2 2 2 2 2 2 2 2 2 2 2 2 2 2
left_child=2 3 5 -2 23 6 -1 -8 9 -9 -10 -12 15 14 19 18 -17 -18 -7 -14 -21 -20 -15 -5 -25 26 -26 -27 -29 -30
right_child=1 -3 -4 4 -6 12 7 8 10 -11 11 -13 13 22 -16 16 17 -19 21 20 -22 -23 -24 24 25 27 -28 28 29 -31
leaf_value=-0.0056575244905367203 0.2452365467260624 0.99897803353226711 -1.0120832443237304 -0.0069451813809344636 0.21547617287862872 0.12246764342893253 0.29251363392298424 0.0040527805494956484 -0.25585269552690015 0.37791749238967898 -0.099629086526957428 0.20081728762015702 -0.20129927646368745 -0.05129269334402952 0.17966151211080672 -0.47936161351203915 -0.29182336317456287 0.063089073595723938 -0.017485339143463681 0.17830836344987921 -0.088413657605648052 -0.28089962108381866 -0.40991531848907475 0.31916439458727841 0.022041066173537106 -0.29787338197231295 0.41333559889059801 0.17255753748442815 0.18178993264834087 -0.12487732711725119
leaf_weight=1928 29 23 20 1708 21 44 24 39 27 29 22 32 40 22 79 25 23 28 62 39 50 29 20 20 51 20 26 46 24 82
leaf_count=1928 29 23 20 1708 21 44 24 39 27 29 22 32 40 22 79 25 23 28 62 39 50 29 20 20 51 20 26 46 24 82
internal_value=-2.15057e-10 0.0181016 -0.0143719 0.00697178 0.00351348 -0.00658338 0.00216877 0.0893889 0.0566708 0.163495 -0.0330088 0.0784132 -0.0464712 -0.00260846 0.041705 -0.0984412 -0.222756 -0.0969695 -0.0284563 -0.0427801 0.0284645 -0.101431 -0.222065 0.00126198 0.0533729 0.0320242 0.154166 -0.0226558 0.013557 -0.0554432
internal_weight=4632 2050 2582 2027 1998 2562 2101 173 149 68 81 54 461 250 208 211 76 51 135 129 89 91 42 1977 269 249 77 172 152 106
internal_count=4632 2050 2582 2027 1998 2562 2101 173 149 68 81 54 461 250 208 211 76 51 135 129 89 91 42 1977 269 249 77 172 152 106
is_linear=0
shrinkage=0.05


Tree=275
num_leaves=31
num_cat=0
split_feature=6 3 3 7 3 7 7 5 6 6 6 4 0 5 7 5 0 5 7 5 0 4 4 5 0 7 0 7 4 7
split_gain=508.546 3167.38 158.691 3645.88 1751.18 87.1022 185.405 188.576 98.5821 462.18 483.328 457.71 441.195 893.439 434.037 383.24 379.982 335.604 501.055 300.935 1880.24 552.279 450.022 560.925 961.427 881.705 618.776 476.373 469.431 648.048
threshold=728.05000000000007 21.600000000000005 16.975000000000005 149.80833333333337 18.320000000000004 273.94791666666669 257.30208333333337 48.550000000000004 1.0000000180025095e-35 1.3500000000000003 1.9500000000000002 702.35000000000014 3.5000000000000004 1.0000000180025095e-35 158.31250000000003 710.35000000000014 15.500000000000002 24.150000000000002 122.17708333333334 381.40000000000003 8.5000000000000018 32.350000000000001 22.650000000000002 16.850000000000005 11.500000000000002 139.91250000000002 9.5000000000000018 171.88541666666669 358.35000000000008 184.78541666666672
decision_type=2 2 2 2 2 2 2 2 2 2 2 2 2 2 2 2 2 2 2 2 2 2 2 2 2 2 2 2 2 2
left_child=1 2 5 -4 -5 6 8 -8 11 16 -11 12 13 -1 17 19 -10 -15 -19 22 -21 -22 23 26 25 -25 -14 -26 29 -24
right_child=-2 -3 3 4 -6 -7 7 -9 9 10 -12 -13 15 14 -16 -17 -18 18 -20 20 21 -23 28 24 27 -27 -28 -29 -30 -31
leaf_value=-0.27981216942793447 -0.23982255350459708 0.56241083526611335 0.49056101313659123 0.022502000959446797 -0.53392109159500378 -0.082890317938290548 0.19263206946849823 -0.0080833868716250774 -0.031734989141976394 0.19704276363054912 -0.0045214063643358908 0.22032504551685772 -0.15361465237758778 0.25103983044624328 -0.11977585022864135 -0.19202647760510447 -0.31166949231516233 -0.18515777662396432 0.13793111527959506 0.53078780096201672 0.13581247373827196 -0.12878091706008446 0.049725060113984296 0.2802278241285911 -0.13380136623357733 -0.12075632440632787 0.12320802041329444 -0.40445215482087371 -0.061222997696047103 0.25887694775380871
leaf_weight=38 22 25 21 26 31 32 25 22 27 30 3445 26 27 20 46 20 22 20 30 21 38 41 234 26 72 29 80 21 71 44
leaf_count=38 22 25 21 26 31 32 25 22 27 30 3445 26 27 20 46 20 22 20 30 21 38 41 234 26 72 29 80 21 71 44
internal_value=-3.16448e-11 0.00114449 -0.00191585 -0.0726246 -0.280114 -0.000692135 -0.00010435 0.0986802 -0.00115288 -0.00493148 -0.00278128 0.013577 0.00745462 -0.069396 -0.000466505 0.0238013 -0.15742 0.0779368 0.00869556 0.0299328 0.110274 -0.00150815 0.0166312 -0.0338594 -0.0969135 0.0687998 0.0533556 -0.194916 0.0535227 0.0828282
internal_weight=4632 4610 4585 78 57 4507 4475 47 4428 3524 3475 904 878 154 116 724 49 70 50 704 100 79 604 255 148 55 107 93 349 278
internal_count=4632 4610 4585 78 57 4507 4475 47 4428 3524 3475 904 878 154 116 724 49 70 50 704 100 79 604 255 148 55 107 93 349 278
is_linear=0
shrinkage=0.05


Tree=276
num_leaves=31
num_cat=0
split_feature=5 3 3 4 6 3 3 7 3 3 3 5 3 5 4 5 5 0 5 3 3 3 6 3 6 0 0 4 3 5
split_gain=501.739 2957.36 2793.99 341.564 331.093 261.115 262.2 152.941 2952.98 1991.71 308.266 241.276 370.35 262.494 650.673 900.625 309.039 228.991 534.524 732.006 464.012 291.571 323.738 283.133 277.057 369.631 871.027 834.977 1301.97 497.024
threshold=709.25000000000011 8.9050000000000029 21.600000000000005 112.05000000000003 728.05000000000007 4.5550000000000006 2.2650000000000001 162.10208333333335 18.320000000000004 17.300000000000001 15.985000000000001 698.55000000000007 4.5250000000000012 670.00000000000011 187.75000000000003 681.1500000000002 692.45000000000016 1.5000000000000002 47.750000000000007 6.3050000000000006 5.1150000000000011 15.790000000000001 24.250000000000004 14.345000000000001 3.5500000000000003 11.500000000000002 6.5000000000000009 61.350000000000001 4.8450000000000006 445.05000000000007
decision_type=2 2 2 2 2 2 2 2 2 2 2 2 2 2 2 2 2 2 2 2 2 2 2 2 2 2 2 2 2 2
left_child=2 3 4 5 7 6 -2 9 17 10 11 13 -13 -1 15 -15 -17 18 20 -20 -9 23 -23 24 25 26 -19 28 -28 -27
right_child=1 -3 -4 -5 -6 -7 -8 8 -10 -11 -12 12 -14 14 -16 16 -18 21 19 -21 -22 22 -24 -25 -26 29 27 -29 -30 -31
leaf_value=0.0049896808173683733 0.0032395864526430767 0.65608640760183334 -0.53004557800292973 0.12512642960799367 0.20299578487873077 0.047041510542233787 -0.23048027689967837 -0.11435013183138587 -0.52189585566520691 0.46974940207665389 -0.17590374002854031 -0.049093884488810663 0.21068873671705235 -0.25774476957321169 -0.32511000235875454 0.20380657734349372 -0.046739765778183943 -0.024879021564839593 -0.016548620604655961 -0.36412984672933818 0.13893450886011124 0.0037117257714271547 0.27000854375461736 -0.14104429897334841 -0.01076709011660415 0.025375338125184988 0.65744292378425606 0.020708555439787529 0.11121164063612621 -0.22349963810132897
leaf_weight=2536 21 20 25 38 20 36 28 33 28 23 24 23 34 25 21 32 20 71 33 28 40 25 21 36 1136 157 20 31 24 23
leaf_count=2536 21 20 25 38 20 36 28 33 28 23 24 23 34 25 21 32 20 71 33 28 40 25 21 36 1136 157 20 31 24 23
internal_value=3.26966e-10 0.0922001 -0.00293709 0.000511238 1.49038e-05 -0.0551991 -0.130315 -0.000898602 -0.0126495 0.0064232 0.00249815 0.00408925 0.105864 0.00188683 -0.0784073 -0.0111247 0.107443 -0.00415198 -0.0668501 -0.176094 0.024436 0.00128944 0.125282 -0.00251808 0.000892965 0.0415243 0.10064 0.219465 0.359499 -0.00642535
internal_weight=4632 143 4489 123 4464 85 49 4444 1706 2738 2715 2691 57 2634 98 77 52 1678 134 61 73 1544 46 1498 1462 326 146 75 44 180
internal_count=4632 143 4489 123 4464 85 49 4444 1706 2738 2715 2691 57 2634 98 77 52 1678 134 61 73 1544 46 1498 1462 326 146 75 44 180
is_linear=0
shrinkage=0.05


Tree=277
num_leaves=31
num_cat=0
split_feature=7 3 3 3 6 3 6 6 5 5 0 4 4 5 3 3 7 3 4 4 6 3 4 7 7 4 7 6 5 6
split_gain=513.602 7853.18 4294.06 840.319 367.244 233.906 180.617 279.125 252.759 454.218 424.142 256.73 166.218 299.666 327.342 461.046 162.212 102.682 421.25 411.149 298.878 234.381 219.571 432.4 112.887 442.468 271.719 194.43 339.246 380.781
threshold=223.79166666666671 21.600000000000005 16.975000000000005 18.320000000000004 728.05000000000007 17.300000000000001 29.050000000000004 41.050000000000004 36.050000000000004 9.1500000000000004 15.500000000000002 221.05000000000004 476.50000000000006 179.45000000000002 3.6250000000000004 6.535000000000001 218.63750000000002 13.575000000000001 378.75000000000006 65.850000000000009 66.300000000000026 13.250000000000002 1.3500000000000003 154.84166666666667 207.32916666666668 422.35000000000008 205.06458333333333 10.350000000000003 387.75000000000006 103.90000000000002
decision_type=2 2 2 2 2 2 2 2 2 2 2 2 2 2 2 2 2 2 2 2 2 2 2 2 2 2 2 2 2 2
left_child=1 3 6 4 5 16 12 -8 9 -9 11 -10 13 14 -2 -16 17 21 19 22 -21 24 -19 -24 26 27 -1 -26 29 -29
right_child=2 -3 -4 -5 -6 -7 7 8 10 -11 -12 -13 -14 -15 15 -17 -18 18 -20 20 -22 -23 23 -25 25 -27 -28 28 -30 -31
leaf_value=-0.0011449653383441135 -0.094844608080501741 -0.96910303206670856 0.77040381371974953 0.26840294614948074 0.20691501583371844 -0.16171224588609262 0.22230743125081062 0.064878499704516604 0.11576807907334082 -0.20363251779760635 0.22406598832458258 -0.089437247557299482 -0.14740712583065033 -0.14928561643912241 0.3087895365059376 -0.00552814890231405 -0.11059790104627609 0.10916836849953 -0.17083525969868615 0.34087516263127332 0.070800129891861061 -0.14933553569846683 -0.18897694189633643 0.076355469270664111 0.021413901037183301 0.12266260484053243 0.14083198308944703 -0.30309747931632131 0.051559041887521743 -0.0610322046559304
leaf_weight=3813 26 21 20 29 21 23 20 36 27 28 32 35 25 26 20 28 34 38 21 20 21 27 28 34 29 31 34 33 20 32
leaf_count=3813 26 21 20 29 21 23 20 36 27 28 32 35 25 26 20 28 34 38 21 20 21 27 28 34 29 31 34 33 20 32
internal_value=-1.16435e-10 -0.0045584 0.0608115 0.000165354 -0.00166111 -0.00269463 0.0139738 0.0463237 0.0240472 -0.0525951 0.0762292 -7.36376e-05 -0.0320925 -0.00326383 0.0480411 0.125438 -0.00182692 -0.000942395 0.0380858 0.0692017 0.202544 -0.00251556 0.0145313 -0.0434721 -0.00152254 -0.0448312 0.000109835 -0.0903777 -0.128518 -0.183927
internal_weight=4632 4309 323 4288 4259 4238 303 178 158 64 94 62 125 100 74 48 4215 4181 162 141 41 4019 100 62 3992 145 3847 114 85 65
internal_count=4632 4309 323 4288 4259 4238 303 178 158 64 94 62 125 100 74 48 4215 4181 162 141 41 4019 100 62 3992 145 3847 114 85 65
is_linear=0
shrinkage=0.05


Tree=278
num_leaves=31
num_cat=0
split_feature=6 3 3 7 3 5 7 1 7 6 5 5 3 7 3 4 4 7 0 6 6 5 5 0 4 5 7 1 3 4
split_gain=524.838 3480.05 184.632 3192.38 1799.61 83.8889 451.117 418.312 333.741 278.954 257.295 697.72 376.449 963.734 260.751 241.454 389.583 356.406 425.196 362.842 342.358 289.952 325.423 271.747 393.067 268.877 147.378 214.064 705.389 256.169
threshold=728.05000000000007 21.600000000000005 16.975000000000005 169.18958333333339 18.320000000000004 653.90000000000009 98.468750000000014 2.5000000000000004 118.90000000000001 38.850000000000001 508.80000000000007 534.20000000000016 5.9650000000000007 128.2104166666667 7.7650000000000006 3.5500000000000003 15.450000000000001 130.50833333333335 3.5000000000000004 79.15000000000002 43.550000000000004 694.10000000000014 712.55000000000007 17.500000000000004 341.50000000000006 699.80000000000007 85.020833333333357 5.5000000000000009 3.8650000000000007 45.45000000000001
decision_type=2 2 2 2 2 2 2 2 2 2 2 2 2 2 2 2 2 2 2 2 2 2 2 2 2 2 2 2 2 2
left_child=1 2 5 -4 -5 10 7 -7 9 -8 26 -12 13 -13 -14 20 -17 -18 -19 23 25 -21 -23 24 -20 -10 27 29 -29 -1
right_child=-2 -3 3 4 -6 6 8 -9 15 -11 11 12 14 -15 -16 16 17 18 19 21 -22 22 -24 -25 -26 -27 -28 28 -30 -31
leaf_value=0.03140568081465251 -0.24363376606594433 0.58948046875000004 0.30520215476863088 -0.0038837862467127186 -0.63173767852783203 -0.041722038659182469 -0.29286883852698586 0.25199220588913673 0.278795257636479 -0.063016109213684543 0.31439935167630517 -0.17411346212029458 -0.21011099416924561 0.26097831555775236 0.027975154538517413 -0.21107210031440182 0.1796358147263527 -0.22586709007068917 0.093071813426084005 -0.066583345694975413 -0.06438693832606078 0.29018920043652713 0.011517821662127973 -0.18174000920520889 -0.18338724118540994 0.0226333849132061 0.0014826316141500152 0.041985316202044487 -0.34270115616646679 -0.10158223385499283
leaf_weight=106 22 25 32 21 25 22 22 27 21 33 24 20 23 35 23 31 20 27 36 22 32 22 20 36 20 20 3762 26 22 55
leaf_count=106 22 25 32 21 25 22 22 27 21 33 24 20 23 35 23 31 20 27 36 22 32 22 20 36 20 20 3762 26 22 55
internal_value=7.65194e-11 0.00116268 -0.00204516 -0.0783145 -0.345109 -0.000725213 -0.0222599 0.120121 -0.0415323 -0.154957 0.00143561 0.0720675 0.0144836 0.102763 -0.0910679 -0.0212119 -0.0459788 -0.0207675 -0.0426695 -0.0109623 0.0581779 0.0804638 0.157489 -0.074563 -0.00566356 0.153838 -0.000787753 -0.0416547 -0.134329 -0.014025
internal_weight=4632 4610 4585 78 46 4507 411 49 362 55 4096 125 101 55 46 307 234 203 183 156 73 64 42 92 56 41 3971 209 48 161
internal_count=4632 4610 4585 78 46 4507 411 49 362 55 4096 125 101 55 46 307 234 203 183 156 73 64 42 92 56 41 3971 209 48 161
is_linear=0
shrinkage=0.05


Tree=279
num_leaves=31
num_cat=0
split_feature=4 3 3 4 6 5 5 4 4 0 0 6 3 6 7 6 6 5 6 4 3 6 5 3 0 5 4 4 0 3
split_gain=483.582 10266.5 8512.89 340.101 850.546 368.157 437.094 424.262 336.558 634.379 797.259 395.61 314.09 583.592 981.284 401.734 1348 852.041 738.795 546.997 701.288 805.37 807.268 529.644 511.991 474.053 470.803 416.723 464.669 394.173
threshold=273.00000000000006 21.600000000000005 16.150000000000002 299.10000000000008 55.150000000000013 675.15000000000009 489.00000000000006 476.50000000000006 225.05000000000004 16.500000000000004 9.5000000000000018 721.95000000000016 4.0250000000000012 457.00000000000006 179.38333333333335 14.65 21.750000000000004 1.0000000180025095e-35 29.450000000000003 712.30000000000007 7.6650000000000009 100.80000000000003 50.45000000000001 6.6350000000000007 11.500000000000002 26.150000000000002 515.4000000000002 668.20000000000016 8.5000000000000018 3.2650000000000001
decision_type=2 2 2 2 2 2 2 2 2 2 2 2 2 2 2 2 2 2 2 2 2 2 2 2 2 2 2 2 2 2
left_child=1 8 3 4 -2 6 12 -7 11 10 -10 -1 29 15 -15 17 -17 -14 -18 20 21 26 -23 24 -19 -25 -20 28 -22 -5
right_child=2 -3 -4 5 -6 7 -8 -9 9 -11 -12 -13 13 14 -16 16 18 23 19 -21 27 22 -24 25 -26 -27 -28 -29 -30 -31
leaf_value=-0.00062740577174595386 -0.033365603079718933 -1.0613175184830375 1.0038127147338607 -0.0066606179500619577 0.37876042184375586 -0.2908799310976809 0.17871398792879001 -0.023916657447167065 -0.021181961192804227 0.12251680223936481 -0.32372555952323112 0.15950617897204866 -0.11756177842617035 0.41135886478424077 -0.041178179467501852 -0.42228825986385349 0.28116315528750419 0.099564658259523334 -0.1305762468622281 0.17864771278510835 -0.012875684147531336 0.13700295928362255 -0.23079035660624503 0.20678980242122305 0.39418819154302281 -0.098781972850362471 -0.43446722025796769 -0.10135997869074345 0.30219619345664978 -0.14277625951443371
leaf_weight=3493 31 23 22 258 21 22 37 46 51 28 38 39 42 25 23 20 22 29 26 29 22 37 25 22 30 30 25 24 25 67
leaf_count=3493 31 23 22 258 21 22 37 46 51 28 38 39 42 25 23 20 22 29 26 29 22 37 25 22 30 30 25 24 25 67
internal_value=-6.24048e-11 -0.00826048 0.0315963 0.00879381 0.13307 0.00149995 0.0107928 -0.110287 -0.00162296 -0.0850545 -0.150358 0.00114077 0.00283747 0.0296064 0.194518 0.010205 -0.0282263 0.0742571 0.0053109 -0.0231809 -0.0549908 -0.132366 -0.0113008 0.146837 0.249373 0.0304984 -0.279542 0.0681549 0.154716 -0.0347214
internal_weight=4632 3672 960 938 52 886 818 68 3649 117 89 3532 781 456 48 408 255 153 235 213 184 113 62 111 59 52 51 71 47 325
internal_count=4632 3672 960 938 52 886 818 68 3649 117 89 3532 781 456 48 408 255 153 235 213 184 113 62 111 59 52 51 71 47 325
is_linear=0
shrinkage=0.05


Tree=280
num_leaves=31
num_cat=0
split_feature=3 3 7 0 6 0 3 3 4 4 7 7 6 6 6 0 3 5 5 6 0 1 6 6 7 4 3 5 6 0
split_gain=515.655 387.32 1450.41 381.776 342.327 79.2234 763.025 295.78 526.417 367.369 237.116 131.556 81.7026 106.671 132.74 648.189 216.896 116.241 777.316 458.224 588.573 450.859 911.611 922.916 780.543 836.425 688.846 670.072 540.012 462.144
threshold=19.910000000000004 16.975000000000005 161.33750000000001 11.500000000000002 728.05000000000007 22.500000000000004 10.605000000000002 5.7750000000000012 31.750000000000004 6.0500000000000007 168.7479166666667 128.2104166666667 720.05000000000007 716.55000000000007 707.25000000000011 16.500000000000004 4.4850000000000012 16.450000000000003 18.650000000000002 6.8500000000000005 8.5000000000000018 1.0000000180025095e-35 546.1500000000002 23.950000000000003 133.44166666666669 16.850000000000005 5.4150000000000009 15.15 693.85000000000014 10.500000000000002
decision_type=2 2 2 2 2 2 2 2 2 2 2 2 2 2 2 2 2 2 2 2 2 2 2 2 2 2 2 2 2 2
left_child=1 4 -3 -4 5 12 7 9 -9 -7 11 -11 13 14 17 16 -16 21 19 -19 -21 22 23 26 29 -26 -1 28 -23 -25
right_child=-2 2 3 -5 -6 6 -8 8 -10 10 -12 -13 -14 -15 15 -17 -18 18 -20 20 -22 27 -24 24 25 -27 -28 -29 -30 -31
leaf_value=-0.19695937743312436 0.18104285643650936 -0.44189162850379948 0.21016401642933491 -0.09167294719002464 0.20160800218582153 0.093049752215544387 -0.31656899420278417 -0.043948519043624401 0.25583249220141657 -0.095150619800444008 0.018587145149707798 -0.25787968091342761 -0.078950259066186856 0.10220946681040984 -0.076666964048689057 0.13378248906135559 -0.30131815217790153 -0.026195171400904656 0.0036497291855170227 0.068324811384081849 0.41971748746358434 -0.018783643679394401 -0.24830492626536979 0.46106197203376464 0.31772738210047069 -0.047773058986177258 0.10825415352980297 -0.21018304288387302 0.20331208716545787 0.15857892178970834
leaf_weight=38 39 23 20 22 21 33 21 32 27 27 25 23 32 26 22 25 21 20 2618 22 26 1215 22 28 23 49 36 45 28 23
leaf_count=38 39 23 20 22 21 33 21 32 27 27 25 23 32 26 22 25 21 20 2618 22 26 1215 22 28 23 49 36 45 28 23
internal_value=-5.01753e-10 -0.00153727 -0.122724 0.0520589 0.000202376 -0.000736057 -0.0325096 0.00321045 0.0932394 -0.045972 -0.107142 -0.170006 0.000647 0.00124115 0.000625054 -0.0686734 -0.18638 0.0017489 0.00798469 0.174881 0.258663 -0.00936545 0.0569584 0.0910487 0.174991 0.068984 -0.0484771 -0.0206426 -0.0137807 0.324648
internal_weight=4632 4593 65 42 4528 4507 188 167 59 108 75 50 4319 4287 4261 68 43 4193 2686 68 48 1507 219 197 123 72 74 1288 1243 51
internal_count=4632 4593 65 42 4528 4507 188 167 59 108 75 50 4319 4287 4261 68 43 4193 2686 68 48 1507 219 197 123 72 74 1288 1243 51
is_linear=0
shrinkage=0.05


Tree=281
num_leaves=31
num_cat=0
split_feature=6 3 3 7 3 7 7 5 7 1 6 0 5 1 3 3 3 4 0 0 1 7 0 0 3 3 3 7 0 4
split_gain=534.612 3505.39 192.217 3198.38 6582.89 76.7448 174.908 163.366 87.9754 278.94 75.9989 362.494 505.577 298.118 832.272 682.091 837.158 637.879 559.415 445.707 459.73 391.642 371.747 323.089 530.948 740.086 493.519 485.675 486.194 362.305
threshold=728.05000000000007 21.600000000000005 16.975000000000005 148.39375000000004 19.095000000000002 273.94791666666669 257.30208333333337 48.550000000000004 244.23125000000005 3.5000000000000004 321.45000000000005 21.500000000000004 53.550000000000004 1.0000000180025095e-35 3.8650000000000007 12.645000000000001 5.1750000000000007 15.850000000000003 1.5000000000000002 3.5000000000000004 5.5000000000000009 142.5541666666667 9.5000000000000018 2.5000000000000004 4.2950000000000008 3.9850000000000008 3.5350000000000006 105.99166666666669 12.500000000000002 19.550000000000004
decision_type=2 2 2 2 2 2 2 2 2 2 2 2 2 2 2 2 2 2 2 2 2 2 2 2 2 2 2 2 2 2
left_child=1 2 5 -4 -5 6 8 -8 10 -10 -1 13 -13 14 21 16 23 -16 -18 -20 -21 -12 -19 26 25 27 -15 28 -25 -26
right_child=-2 -3 3 4 -6 -7 7 -9 9 -11 11 12 -14 15 17 -17 18 22 19 20 -22 -23 -24 24 29 -27 -28 -29 -30 -31
leaf_value=0.0026924289202409765 -0.24589190428907221 0.59162940216064452 0.46537224270403388 0.11856511557278665 -1.0021245669946075 -0.07785572183784098 0.18324654865264894 -0.0035711959343064921 0.037810838443261607 -0.20515997665269034 -0.048351202735846699 -0.257356297268587 0.054673503835996 -0.060296028742083799 0.01511198224929663 -0.20015525856130834 0.34000766844976521 -0.45679370313882828 -0.14359474510631778 0.12369924898971529 -0.10205619507111037 0.25736109107732774 -0.170064947868769 -0.04643477561573188 -0.052802878261233366 0.25310628148524661 0.24800271701812748 -0.079245656011427967 0.28736084148287777 -0.3197989652554194
leaf_weight=3577 22 25 20 38 20 32 25 22 27 21 22 34 21 27 26 37 21 20 22 170 26 20 26 24 24 23 25 188 20 27
leaf_count=3577 22 25 20 38 20 32 25 22 27 21 22 34 21 27 26 37 21 20 22 170 26 20 26 24 24 23 25 188 20 27
internal_value=2.41215e-10 0.00117345 -0.00204604 -0.0798663 -0.26788 -0.000699254 -0.000147521 0.0957999 -0.00116593 -0.0684889 -0.000428148 -0.0143289 -0.138218 -0.00521943 -0.0796593 0.00816565 0.0210767 -0.182842 0.0935418 0.0697997 0.0937521 0.0972261 -0.29473 -0.0273009 -0.0468817 -0.0174273 0.0879245 -0.0442474 0.105291 -0.194154
internal_weight=4632 4610 4585 78 58 4507 4475 47 4428 48 4380 803 55 748 114 634 597 72 239 218 196 42 46 358 306 255 52 232 44 51
internal_count=4632 4610 4585 78 58 4507 4475 47 4428 48 4380 803 55 748 114 634 597 72 239 218 196 42 46 358 306 255 52 232 44 51
is_linear=0
shrinkage=0.05


Tree=282
num_leaves=31
num_cat=0
split_feature=0 3 3 6 4 5 3 6 7 6 3 3 7 6 3 4 6 7 7 6 1 7 0 7 3 3 7 3 4 0
split_gain=507.248 5681.52 4564.98 347.131 229.556 404.694 226.282 270.718 243.7 138.87 1101.22 1039.87 861.446 852.391 425.335 649.822 748.688 209.839 1148.46 593.95 568.255 392.39 379.059 726.401 421.375 385.332 375.883 913.628 553.244 442.763
threshold=22.500000000000004 21.600000000000005 11.305000000000001 728.05000000000007 7.5500000000000007 40.95000000000001 5.7750000000000012 192.15000000000003 151.90000000000003 98.450000000000017 17.300000000000001 16.975000000000005 188.82291666666669 117.25000000000001 8.7550000000000008 19.950000000000003 109.95000000000002 111.74583333333335 106.84583333333333 384.75000000000006 4.5000000000000009 89.106250000000003 7.5000000000000009 96.022916666666674 5.2250000000000005 4.3750000000000009 122.64583333333334 3.5750000000000006 33.250000000000007 2.5000000000000004
decision_type=2 2 2 2 2 2 2 2 2 2 2 2 2 2 2 2 2 2 2 2 2 2 2 2 2 2 2 2 2 2
left_child=1 3 4 9 5 -2 7 -6 -8 11 13 -1 -13 14 15 -11 -17 18 20 -20 22 -22 23 25 -24 -15 27 -19 -29 -28
right_child=2 -3 -4 -5 6 -7 8 -9 -10 10 -12 12 -14 17 -16 16 -18 26 19 -21 21 -23 24 -25 -26 -27 29 28 -30 -31
leaf_value=-0.0027893153908474101 0.25135842987469265 -0.7706695397694906 0.77528186624958406 0.20855412483215333 -0.15635809052597593 -0.029419934027122729 0.16858464649745397 0.055211175987053489 -0.069543640992858188 0.021178094559424633 0.36303202550519598 -0.40923830776892861 0.017309752702713014 -0.11498555044333142 -0.040807413171838836 0.48127771163428279 0.11835389782985051 -0.10039349777830973 -0.40676719881594181 -0.057609673341115324 -0.014122565918498571 0.23656699480237187 -0.051775919708112877 0.09704485734303793 0.17970618464584864 -0.42164409756660465 0.085961591800461049 0.35142423241015747 0.048264239452503348 -0.015403475109957985
leaf_weight=2793 21 24 21 20 54 33 21 21 22 37 22 29 20 21 27 27 30 36 29 21 27 37 66 21 28 20 122 34 27 921
leaf_count=2793 21 24 21 20 54 33 21 21 22 37 22 29 20 21 27 27 30 36 29 21 27 37 66 21 28 20 122 34 27 921
internal_value=4.68617e-10 -0.0034501 0.0793524 0.000720514 -0.00561579 0.0797717 -0.0446914 -0.0971187 0.0467516 -0.000225259 0.011798 -0.00679531 -0.235137 0.00675085 0.134107 0.184348 0.290265 -0.00417826 -0.0438128 -0.260121 0.00534816 0.130807 -0.0461223 -0.142091 0.0171762 -0.264575 0.00520886 0.0993546 0.217239 -0.00354678
internal_weight=4632 4439 193 4415 172 54 118 75 43 4395 1553 2842 49 1531 121 94 57 1410 270 50 220 64 156 62 94 41 1140 97 61 1043
internal_count=4632 4439 193 4415 172 54 118 75 43 4395 1553 2842 49 1531 121 94 57 1410 270 50 220 64 156 62 94 41 1140 97 61 1043
is_linear=0
shrinkage=0.05


Tree=283
num_leaves=31
num_cat=0
split_feature=3 3 7 0 6 0 3 3 4 6 4 3 5 7 3 3 5 5 4 7 1 6 3 5 0 5 5 3 3 5
split_gain=531.649 341.941 1377.93 335.851 316.588 82.0488 848.045 234.928 440.55 315.888 262.843 84.4614 354.409 374.696 186.108 148.656 129.265 365.711 788.862 394.65 399.246 376.08 354.597 280.676 414.792 328.951 300.268 282.604 278.435 313.389
threshold=19.910000000000004 16.975000000000005 161.33750000000001 11.500000000000002 728.05000000000007 22.500000000000004 10.775 5.7750000000000012 31.750000000000004 178.35000000000002 27.350000000000005 14.935 14.850000000000003 168.28750000000002 14.345000000000001 13.920000000000002 653.90000000000009 687.25000000000011 26.150000000000002 107.41666666666669 2.5000000000000004 53.20000000000001 5.2650000000000006 498.15000000000003 11.500000000000002 546.1500000000002 477.4500000000001 4.2150000000000007 5.9650000000000007 692.45000000000016
decision_type=2 2 2 2 2 2 2 2 2 2 2 2 2 2 2 2 2 2 2 2 2 2 2 2 2 2 2 2 2 2
left_child=1 4 -3 -4 5 11 7 9 -9 10 -7 14 -13 -14 15 16 23 18 21 20 -19 -18 -20 26 25 -25 -1 -26 29 -21
right_child=-2 2 3 -5 -6 6 -8 8 -10 -11 -12 12 13 -15 -16 -17 17 19 22 28 -22 -23 -24 24 27 -27 -28 -29 -30 -31
leaf_value=0.0010301171517292736 0.1838289756041307 -0.42651791559613272 0.20322365632280706 -0.079877556183121423 0.1937596014567784 0.015269074243782411 -0.34094389591366059 -0.043931808881461622 0.22764296723263608 0.080337684829040287 -0.1795139206724978 -0.073710799217224121 0.017563710054930518 0.27559872120618822 -0.13648719906806947 0.11952608502828158 0.20213285509496925 -0.037416488528251649 -0.1356095418205549 0.19616003008115859 0.25732581968660706 -0.10082175901957922 -0.40539197212173828 0.3030527102649212 -0.15000562900304795 0.075928460434079179 -0.17640747390687467 0.07435755776241422 -0.091515687780872906 -0.012588562190532684
leaf_weight=3641 39 23 20 22 21 29 20 32 28 36 43 37 34 24 25 26 20 20 29 21 27 21 21 25 25 44 24 32 98 125
leaf_count=3641 39 23 20 22 21 29 20 32 28 36 43 37 34 24 25 26 20 20 29 21 27 21 21 25 25 44 24 32 98 125
internal_value=-4.55721e-11 -0.00156093 -0.115427 0.0549325 7.3634e-05 -0.00082883 -0.033164 0.00347647 0.0828031 -0.0405939 -0.10106 0.000578674 0.0472025 0.124337 -0.00046992 0.0003399 -0.000402693 -0.0281251 -0.11561 -0.000767284 0.131904 0.046961 -0.248918 0.00239075 0.0757656 0.15822 -0.000131821 -0.0240473 -0.0263227 0.0174369
internal_weight=4632 4593 65 42 4528 4507 188 168 60 108 72 4319 95 58 4224 4199 4173 382 91 291 47 41 50 3791 126 69 3665 57 244 146
internal_count=4632 4593 65 42 4528 4507 188 168 60 108 72 4319 95 58 4224 4199 4173 382 91 291 47 41 50 3791 126 69 3665 57 244 146
is_linear=0
shrinkage=0.05


Tree=284
num_leaves=31
num_cat=0
split_feature=6 3 3 5 5 5 3 6 7 3 3 6 3 3 3 4 6 3 6 0 6 1 6 5 7 6 7 7 5 6
split_gain=557.571 3429.25 156.77 2886.4 3367.08 2922.95 115.429 1072.94 494.701 271.258 110.582 617.261 172.131 128.006 171.841 137.101 131.142 828.844 411.214 520.016 393.483 354.258 816.761 975.921 540.562 515.488 492.99 831.529 847.197 381.947
threshold=728.05000000000007 21.600000000000005 16.150000000000002 5.6500000000000012 24.550000000000004 140.20000000000002 14.935 15.450000000000001 158.02083333333334 14.345000000000001 13.575000000000001 73.200000000000003 13.250000000000002 12.945000000000002 12.500000000000002 70.950000000000017 53.20000000000001 11.775 58.750000000000007 9.5000000000000018 29.750000000000004 5.5000000000000009 114.75000000000001 8.3500000000000032 158.02083333333334 239.45000000000002 106.84583333333333 132.55208333333337 201.10000000000005 87.300000000000026
decision_type=2 2 2 2 2 2 2 2 2 2 2 2 2 2 2 2 2 2 2 2 2 2 2 2 2 2 2 2 2 2
left_child=1 2 6 -4 -5 -6 9 -8 -9 10 12 -12 13 14 16 -16 20 18 19 -18 -1 29 24 25 -23 -24 -25 -28 -29 -20
right_child=-2 -3 3 4 5 -7 7 8 -10 -11 11 -13 -14 -15 15 -17 17 -19 21 -21 -22 22 23 26 -26 -27 27 28 -30 -31
leaf_value=0.0012148441191983882 -0.25111640664664181 0.58520618438720706 0.44774264314592904 -0.7618927644193173 0.32998300728298008 -0.34615113431531375 -0.19949070942401886 0.031816964773904714 0.36411864111820857 -0.15670617488878114 0.2172507687922447 -0.12050243355333806 -0.12288520130617867 0.10589829723217659 -0.18406226264069911 -0.0050652851164340977 -0.016240794287511597 0.29549406147003177 -0.070973604557717715 0.29129720266376224 -0.052585194143240602 0.10743642059656291 -0.0011610813714839794 0.11915469238391291 0.42208533840520046 0.28617248003547258 -0.38181005567312243 -0.16813432049120264 0.18067579959277755 0.0023172128972735241
leaf_weight=1941 22 25 22 20 31 33 25 21 24 28 31 24 29 28 23 20 27 25 205 28 412 39 27 26 21 37 24 49 27 1338
leaf_count=1941 22 25 22 20 31 33 25 21 24 28 31 24 29 28 23 20 27 25 205 28 412 39 27 26 21 37 24 49 27 1338
internal_value=2.72463e-10 0.00119839 -0.00198595 -0.0620852 -0.195612 -0.0186487 -0.000563644 0.0631391 0.209045 -0.00157503 -0.000583548 0.0698676 -0.00147925 -0.000659895 -0.0013588 -0.100808 -0.000346896 0.00952542 0.00565679 0.140324 -0.00820531 0.0015259 0.0567404 0.0059541 0.217564 0.164954 -0.0748076 -0.125238 -0.0442149 -0.00742006
internal_weight=4632 4610 4585 106 84 64 4479 70 45 4409 4381 55 4326 4297 4269 43 4226 1873 1848 55 2353 1793 250 190 60 64 126 100 76 1543
internal_count=4632 4610 4585 106 84 64 4479 70 45 4409 4381 55 4326 4297 4269 43 4226 1873 1848 55 2353 1793 250 190 60 64 126 100 76 1543
is_linear=0
shrinkage=0.05


Tree=285
num_leaves=31
num_cat=0
split_feature=6 3 3 7 3 0 3 3 4 6 4 3 5 7 3 3 5 5 4 7 1 3 3 5 5 3 1 4 6 6
split_gain=503.208 3094.9 151.202 3186.37 1430.7 72.5056 749.354 213.045 396.243 282.856 239.163 78.2646 294.441 320.604 148.377 125.447 116.265 387.546 766.689 358.34 360.523 356.892 250.93 282.794 553.545 329.557 526.124 245.52 259.143 298.142
threshold=728.05000000000007 21.600000000000005 16.975000000000005 169.18958333333339 18.320000000000004 22.500000000000004 10.775 5.7750000000000012 31.750000000000004 178.35000000000002 27.350000000000005 14.935 14.850000000000003 164.86250000000004 14.345000000000001 13.920000000000002 664.30000000000007 687.25000000000011 26.150000000000002 107.41666666666669 2.5000000000000004 4.8150000000000004 5.9650000000000007 692.45000000000016 698.55000000000007 4.8450000000000006 3.5000000000000004 187.75000000000003 27.450000000000003 62.600000000000009
decision_type=2 2 2 2 2 2 2 2 2 2 2 2 2 2 2 2 2 2 2 2 2 2 2 2 2 2 2 2 2 2
left_child=1 2 5 -4 -5 11 7 9 -9 10 -7 14 -13 -14 15 16 -1 18 -18 20 -19 -20 23 -21 -25 26 -26 28 -24 -30
right_child=-2 -3 3 4 -6 6 -8 8 -10 -11 -12 12 13 -15 -16 -17 17 19 21 22 -22 -23 27 24 25 -27 -28 -29 29 -31
leaf_value=0.0022618213489129708 -0.2385605963793668 0.55594580841064456 0.31224830751307309 -0.033202992344186423 -0.59301631164550783 0.015134064609120632 -0.32040594119578603 -0.041297397296875718 0.21625892040984973 0.075820358977135682 -0.17066788737510527 -0.064698009394310627 0.013499825831615565 0.25087822604179383 -0.12182752370834352 0.10983202251104207 0.052220738635343669 -0.035084282942116261 -0.13391246010238927 0.18636063081877574 0.24500002485734448 -0.41989814013242727 0.085357511043548592 -0.23351519963015682 0.10568298558178156 0.22000855773687367 -0.1495230249232716 -0.22581245787829782 -0.25808239825069906 -0.0053225142082997737
leaf_weight=3804 22 25 32 21 25 29 20 32 28 36 43 37 33 25 25 26 34 20 24 21 27 20 26 23 46 20 36 24 20 28
leaf_count=3804 22 25 32 21 25 29 20 32 28 36 43 37 33 25 25 26 34 20 24 21 27 20 26 23 46 20 36 24 20 28
internal_value=-1.94418e-10 0.00113847 -0.00188665 -0.0709067 -0.337449 -0.000692165 -0.0310887 0.00335378 0.0788956 -0.0386139 -0.095831 0.000630955 0.0455118 0.115818 -0.000378439 0.000344644 -0.00033752 -0.027134 -0.126107 -0.000605099 0.125815 -0.263906 -0.0249566 0.0165855 -0.0119367 0.0380271 -0.00635868 -0.0868457 -0.0417754 -0.110639
internal_weight=4632 4610 4585 78 46 4507 188 168 60 108 72 4319 95 58 4224 4199 4173 369 78 291 47 44 244 146 125 102 82 98 74 48
internal_count=4632 4610 4585 78 46 4507 188 168 60 108 72 4319 95 58 4224 4199 4173 369 78 291 47 44 244 146 125 102 82 98 74 48
is_linear=0
shrinkage=0.05


Tree=286
num_leaves=31
num_cat=0
split_feature=0 3 3 6 7 7 3 4 6 6 3 3 7 6 4 7 7 5 7 7 5 1 0 7 5 5 3 7 7 3
split_gain=498.005 6047.88 4417.38 361.317 207.763 457.271 371.284 162.543 125.519 150.923 1192.3 900.331 813.047 734.569 380.602 338.162 659.638 205.891 203.689 985.58 579.073 476.897 373.329 636.844 414.98 598.415 371.546 369.241 358.631 767.991
threshold=22.500000000000004 21.600000000000005 11.305000000000001 728.05000000000007 184.78541666666672 166.97708333333335 4.785000000000001 19.050000000000004 720.05000000000007 98.450000000000017 17.300000000000001 16.975000000000005 188.82291666666669 117.25000000000001 27.950000000000003 138.30208333333334 168.7479166666667 204.25000000000003 111.74583333333335 106.84583333333333 58.650000000000013 4.5000000000000009 7.5000000000000009 96.022916666666674 1.3500000000000003 29.550000000000004 3.9350000000000005 89.106250000000003 122.64583333333334 3.5750000000000006
decision_type=2 2 2 2 2 2 2 2 2 2 2 2 2 2 2 2 2 2 2 2 2 2 2 2 2 2 2 2 2 2
left_child=1 3 4 8 5 6 -2 -8 9 11 13 -1 -13 14 17 -16 -17 -11 19 21 -21 22 23 26 -24 -26 -15 -23 29 -20
right_child=2 -3 -4 -5 -6 -7 7 -9 -10 10 -12 12 -14 18 15 16 -18 -19 28 20 -22 27 24 -25 25 -27 -28 -29 -30 -31
leaf_value=-0.0024070151636728433 -0.095440159102145122 -0.79498757521311447 0.76321285430874142 0.21292228996753693 -0.10992499986613119 0.2382156720473653 0.19681618273258211 0.012796683510144553 -0.095777501806835919 0.11113280360586941 0.38752443627232602 -0.38774376557818774 0.026648589968681337 -0.10377818278968334 0.36195960744567546 -0.085572521090507503 0.30705264910407692 -0.084991129973660345 -0.087154545102800643 -0.39293147777872428 -0.045598472867693224 -0.021785520624231409 -0.16009322777390481 0.089390374347567567 0.24917079086105029 -0.047861035359211462 -0.40855098128318784 0.22139702552073712 -0.0015622883235457642 0.20666765967597731
leaf_weight=2793 64 24 21 20 37 21 20 30 34 32 21 29 20 20 23 20 23 23 35 28 21 27 24 20 30 39 20 37 1015 61
leaf_count=2793 64 24 21 20 37 21 20 30 34 32 21 29 20 20 23 20 23 23 35 28 21 27 24 20 30 39 20 37 1015 61
internal_value=3.79757e-10 -0.00341852 0.0786261 0.000884457 -0.00495722 0.0238117 -0.0156837 0.0864045 -8.04483e-05 0.000665642 0.0133886 -0.00613455 -0.218604 0.00814369 0.126259 0.20721 0.124436 0.0291173 -0.00223533 -0.0415362 -0.244074 0.00419821 -0.0437416 -0.14098 0.0189925 0.0812832 -0.256165 0.118804 0.00717425 0.099545
internal_weight=4632 4439 193 4415 172 135 114 50 4395 4361 1519 2842 49 1498 121 66 43 55 1377 266 49 217 153 60 93 69 40 64 1111 96
internal_count=4632 4439 193 4415 172 135 114 50 4395 4361 1519 2842 49 1498 121 66 43 55 1377 266 49 217 153 60 93 69 40 64 1111 96
is_linear=0
shrinkage=0.05


Tree=287
num_leaves=31
num_cat=0
split_feature=5 3 3 4 6 4 6 3 0 3 5 5 6 7 5 7 6 5 4 5 5 4 3 3 5 0 0 6 6 5
split_gain=492.454 2792.27 2422.2 324.722 274.534 240.606 248.542 155.323 149.857 1373.88 184.762 355.709 395.39 267.904 140.976 412.713 378.202 292.801 158.562 151.902 335.943 785.329 212.319 396.963 182.802 375.557 850.437 755.263 703.427 472.712
threshold=709.25000000000011 8.9050000000000029 21.600000000000005 112.05000000000003 728.05000000000007 10.050000000000002 138.80000000000004 4.0950000000000006 22.500000000000004 10.980000000000002 21.150000000000002 104.05000000000001 40.300000000000004 125.83541666666669 698.55000000000007 152.49375000000003 34.400000000000006 692.45000000000016 69.40000000000002 687.25000000000011 670.00000000000011 26.150000000000002 18.320000000000004 17.300000000000001 404.2000000000001 5.5000000000000009 2.5000000000000004 31.450000000000003 5.6500000000000012 534.20000000000016
decision_type=2 2 2 2 2 2 2 2 2 2 2 2 2 2 2 2 2 2 2 2 2 2 2 2 2 2 2 2 2 2
left_child=2 3 4 5 8 7 -7 -2 14 10 13 -12 -13 -10 17 16 -16 19 -17 20 22 -22 23 24 -1 26 27 -26 29 -27
right_child=1 -3 -4 -5 -6 6 -8 -9 9 -11 11 12 -14 -15 15 18 -18 -19 -20 -21 21 -23 -24 -25 25 28 -28 -29 -30 -31
leaf_value=-0.0010413930503199796 -0.061371140964329246 0.6392642281949521 -0.49369568634033212 0.12375432084265509 0.18467110872268677 -0.02146327627512316 -0.25700131214800337 0.13568380787968634 -0.074083728766576804 -0.42582444293158395 -0.15954026946994038 -0.092386386841535578 0.1643203524251779 0.13961093717847359 0.33188401922583582 0.054069465100765227 0.037484259158372883 -0.13854405509406015 -0.14045239300890403 0.10039159608514686 0.088297577003637953 -0.24665004521430958 0.12109870967027303 -0.2019646594048633 -0.14865416459739209 0.36426191659023366 -0.21706372991204265 0.24544758474634543 0.021030900154162098 0.069874691426753996
leaf_weight=3670 20 20 25 38 20 24 21 20 22 21 38 30 30 44 20 20 24 38 22 38 30 42 37 24 20 30 40 31 148 25
leaf_count=3670 20 20 25 38 20 24 21 20 22 21 38 30 30 44 20 20 24 38 22 38 30 42 37 24 20 30 40 31 148 25
internal_value=7.87462e-11 0.091343 -0.00290979 0.00225017 -0.000161215 -0.0520693 -0.131381 0.0371563 -0.000993044 -0.0450475 0.00371054 -0.039842 0.035967 0.0683794 0.000920568 0.0642877 0.171302 -0.000385344 -0.0478229 0.000884313 -3.86248e-05 -0.107089 0.00187631 0.00077018 0.00199764 0.0399338 -0.0444699 0.0908979 0.0777699 0.23045
internal_weight=4632 143 4489 123 4464 85 45 40 4444 185 164 98 60 66 4259 86 44 4173 42 4135 4097 72 4025 3988 3964 294 91 51 203 55
internal_count=4632 143 4489 123 4464 85 45 40 4444 185 164 98 60 66 4259 86 44 4173 42 4135 4097 72 4025 3988 3964 294 91 51 203 55
is_linear=0
shrinkage=0.05


Tree=288
num_leaves=31
num_cat=0
split_feature=3 6 3 7 0 5 5 5 7 0 0 0 3 6 1 3 6 0 0 5 5 3 7 0 3 3 4 4 7 0
split_gain=520.257 308.076 286.579 1302.07 329.474 85.234 79.5606 188.033 79.016 313.044 307.896 298.824 511.452 408.703 104.603 88.6713 215.339 249.265 538.35 297.04 239.695 200.585 152.387 748.913 1671.91 892.341 778.251 582.848 645.094 860.204
threshold=19.910000000000004 728.05000000000007 16.975000000000005 161.33750000000001 11.500000000000002 725.45000000000016 719.1500000000002 715.75000000000011 81.177083333333343 2.5000000000000004 5.5000000000000009 15.500000000000002 5.4150000000000009 32.45000000000001 4.5000000000000009 1.0750000000000004 21.750000000000004 10.500000000000002 4.5000000000000009 63.550000000000004 351.80000000000001 1.175 129.22291666666669 3.5000000000000004 8.4850000000000012 6.7250000000000005 134.40000000000003 542.15000000000009 127.07708333333335 15.500000000000002
decision_type=2 2 2 2 2 2 2 2 2 2 2 2 2 2 2 2 2 2 2 2 2 2 2 2 2 2 2 2 2 2
left_child=1 2 5 -4 -5 6 7 8 9 -1 -11 13 14 -12 -13 16 17 18 -10 -19 -18 -17 23 24 25 26 -23 28 -25 -30
right_child=-2 -3 3 4 -6 -7 -8 -9 15 10 11 12 -14 -15 -16 21 20 19 -20 -21 -22 22 -24 27 -26 -27 -28 -29 29 -31
leaf_value=0.14919630835453671 0.1818488353337997 0.18952662377130419 -0.40906659099070924 0.20582060828804971 -0.074580011855472222 -0.080979911283110134 0.07702105983414434 -0.13497087503425206 -0.082801551148295405 -0.22985710006376561 0.17167709745240933 -0.27244417238980534 0.093029894171790639 -0.067407000255890387 -0.11964080543035555 0.12056070897314285 -0.10124157883904197 -0.12902263567233696 0.26224655967492322 0.080248508354028081 0.083102429764611394 -0.15743924065005213 -0.0041984936525896856 0.036026654503089499 0.24924281888148367 -0.41759399920701984 0.10923339591638462 -0.12448936014453758 0.034222393826796461 0.46447485231217889
leaf_weight=21 39 21 23 20 22 33 33 26 20 22 33 24 22 39 21 36 110 39 26 30 21 105 2825 826 34 24 37 53 26 21
leaf_count=21 39 21 23 20 22 33 33 26 20 22 33 24 22 39 21 36 110 39 26 30 21 105 2825 826 34 24 37 53 26 21
internal_value=-5.50982e-10 -0.00154411 -0.00242173 -0.10666 0.0589441 -0.000918413 -0.000327883 -0.000902645 -0.000113115 -0.0323721 -0.0560549 -0.0285467 -0.104544 0.0421732 -0.201136 0.00127388 -0.0278596 0.0220691 0.112226 -0.0380352 -0.0716902 0.00307143 0.00200091 0.0175545 -0.0701874 -0.135613 -0.0879541 0.0365052 0.0462792 0.226463
internal_weight=4632 4593 4572 65 42 4507 4474 4441 4415 182 161 139 67 72 45 4233 246 115 46 69 131 3987 3951 1126 200 166 142 926 873 47
internal_count=4632 4593 4572 65 42 4507 4474 4441 4415 182 161 139 67 72 45 4233 246 115 46 69 131 3987 3951 1126 200 166 142 926 873 47
is_linear=0
shrinkage=0.05


Tree=289
num_leaves=31
num_cat=0
split_feature=6 3 0 3 3 3 0 7 6 7 3 4 6 3 7 7 6 3 6 1 4 4 7 5 4 7 6 6 6 6
split_gain=558.505 3310.33 153.92 2911.98 1712.9 628.788 354.836 664.45 759.835 855.009 689.845 320.693 819.092 754.524 691.092 1505.41 748.749 1055.94 580.815 514.022 504.084 489.13 581.14 730.32 638.515 469.97 453.366 520.962 433.461 1229.14
threshold=728.05000000000007 21.600000000000005 8.5000000000000018 18.320000000000004 17.845000000000002 16.560000000000006 9.5000000000000018 108.61458333333336 32.45000000000001 174.26875000000001 4.5550000000000006 129.85000000000002 15.050000000000002 5.9650000000000007 128.2104166666667 158.31250000000003 291.10000000000008 9.3150000000000031 377.4500000000001 3.5000000000000004 108.50000000000001 651.65000000000009 118.00833333333334 142.80000000000004 372.70000000000005 153.86875000000003 200.00000000000003 92.050000000000026 33.350000000000001 24.250000000000004
decision_type=2 2 2 2 2 2 2 2 2 2 2 2 2 2 2 2 2 2 2 2 2 2 2 2 2 2 2 2 2 2
left_child=1 2 3 5 6 11 7 -4 -9 10 -10 20 21 18 -15 -16 17 -17 26 -20 -1 22 -13 24 25 -24 27 28 29 -14
right_child=-2 -3 4 -5 -6 -7 -8 8 9 -11 -12 12 13 14 15 16 -18 -19 19 -21 -22 -23 23 -25 -26 -27 -28 -29 -30 -31
leaf_value=0.015339639669807413 -0.25132654200900689 0.57499148559570312 -0.30094916754298739 0.60968484990298755 -0.3913584821953856 -0.27587193618062883 -0.00039290324714340655 -0.15112255990907952 -0.0053761651739478115 -0.12552386977842875 0.35701622048328663 0.19486802495084704 -0.17458824114552862 0.10977112293243407 -0.48878741680699234 -0.44284746861457824 0.11112214624881744 -0.0028605664273103079 -0.015580890221255167 0.29634386194124818 0.21079137948725155 0.18682193840449712 0.29271215436359249 -0.32040242213755848 -0.13808312290593197 -0.02019429998472333 -0.23833216963143183 0.16709829281116356 -0.17387935026333884 0.33492437303066258
leaf_weight=1109 22 25 27 20 29 20 2643 74 24 35 29 32 29 20 34 25 29 30 28 25 34 53 24 20 38 24 29 29 52 20
leaf_count=1109 22 25 27 20 29 20 2643 74 24 35 29 32 29 20 34 25 29 30 28 25 34 53 24 20 38 24 29 29 52 20
internal_value=1.60966e-10 0.00119939 -0.00192925 0.00987229 -0.0090407 0.00283224 -0.00512572 -0.07131 -0.0330368 0.0662626 0.192914 0.00614226 -0.025573 -0.0710216 -0.162013 -0.208078 -0.0944579 -0.202855 -0.0117913 0.131553 0.0211536 0.0577097 0.00812318 -0.0482526 0.015038 0.136259 -0.0595728 -0.0196957 -0.0733297 0.0333761
internal_weight=4632 4610 4585 1724 2861 1704 2832 189 162 88 53 1684 541 350 138 118 84 55 212 53 1143 191 138 106 86 48 159 130 101 49
internal_count=4632 4610 4585 1724 2861 1704 2832 189 162 88 53 1684 541 350 138 118 84 55 212 53 1143 191 138 106 86 48 159 130 101 49
is_linear=0
shrinkage=0.05


Tree=290
num_leaves=31
num_cat=0
split_feature=6 3 0 3 3 3 1 7 7 7 7 7 3 6 7 6 4 3 4 3 7 3 6 0 3 4 4 7 3 7
split_gain=504.051 2987.57 140.393 1387.18 317.082 425.094 242.053 656.923 438.913 408.717 380.325 801.463 548.559 478.478 999.021 605.619 562.7 771.06 448.439 427.88 370.467 353.951 252.692 247.878 232.321 399.407 395.715 342.47 215.222 187.485
threshold=728.05000000000007 21.600000000000005 19.500000000000004 15.470000000000001 11.425000000000002 13.250000000000002 5.5000000000000009 96.022916666666674 133.44166666666669 81.177083333333343 143.50625000000002 151.90000000000003 3.8650000000000007 56.300000000000004 158.31250000000003 160.15000000000001 684.55000000000007 5.6950000000000012 87.750000000000014 4.5950000000000006 190.43958333333333 2.9450000000000007 448.05000000000007 20.500000000000004 3.7350000000000008 17.250000000000004 11.950000000000001 114.17291666666667 19.095000000000002 130.09375000000003
decision_type=2 2 2 2 2 2 2 2 2 2 2 2 2 2 2 2 2 2 2 2 2 2 2 2 2 2 2 2 2 2
left_child=1 2 28 4 6 -6 7 9 24 -4 12 19 -10 14 -13 -15 17 18 -16 -12 -19 -17 -23 -8 26 -26 -9 -27 -1 -25
right_child=-2 -3 3 -5 5 -7 23 8 10 -11 11 13 -14 15 16 21 -18 20 -20 -21 -22 22 -24 29 25 27 -28 -29 -30 -31
leaf_value=0.0011736341677728648 -0.23876020908355713 0.54624190521240235 0.0078031383454799652 -0.43233109384775165 0.22857269250577494 -0.037750117121071652 0.03932337824787413 0.16561520084738734 -0.069728657911005229 0.31105434989929198 -0.047855690580147964 0.41044955879449846 0.24122272713764295 -0.2177521441818068 -0.13379947515443349 0.16797902103779572 -0.19974892986091702 0.09711421720683576 0.15740673519670964 -0.3320402315369359 0.4014442480728031 -0.1478274642614027 0.069841646340986094 -0.056986119546927519 -0.27018359477656917 -0.22885207086801529 -0.10677514610812069 0.025631529828294732 0.15801329043778509 -0.2100730554573238
leaf_weight=3800 22 25 20 20 31 29 28 20 23 25 26 20 37 38 39 28 22 20 20 27 20 30 24 40 37 20 40 39 22 40
leaf_count=3800 22 25 20 20 31 29 28 20 23 25 26 20 37 38 39 28 22 20 20 27 20 30 24 40 37 20 40 39 22 40
internal_value=-1.23845e-10 0.00113942 -0.00183279 -0.0214147 -0.0103537 0.09985 -0.0200349 -0.00713477 -0.0227074 0.176276 0.00667913 -0.0153614 0.122025 0.0206354 0.0830896 -0.0527483 0.0289806 0.0798093 -0.0350855 -0.192629 0.249279 0.0237169 -0.0510856 -0.0887159 -0.0931597 -0.141398 -0.0159784 -0.0606341 0.00207643 -0.13353
internal_weight=4632 4610 4585 763 743 60 683 575 530 45 374 314 60 261 141 120 121 99 59 53 40 82 54 108 156 96 60 59 3822 80
internal_count=4632 4610 4585 763 743 60 683 575 530 45 374 314 60 261 141 120 121 99 59 53 40 82 54 108 156 96 60 59 3822 80
is_linear=0
shrinkage=0.05


Tree=291
num_leaves=31
num_cat=0
split_feature=7 3 3 3 4 4 0 0 3 7 5 4 1 7 7 0 4 6 5 3 3 0 1 7 6 4 3 7 6 3
split_gain=488.591 14411.6 11787.5 1291.59 214.447 1064.95 467.514 446.278 1327.93 567.715 440.216 378.394 600.169 524.804 1141.16 487.96 619.416 464.944 704.904 410.276 590.16 427.048 550.104 435.556 435.839 418.887 716.132 418.497 395.461 410.903
threshold=156.0604166666667 19.910000000000004 18.320000000000004 16.975000000000005 58.650000000000013 46.350000000000001 16.500000000000004 18.500000000000004 7.4450000000000012 162.10208333333335 92.300000000000026 161.60000000000005 1.0000000180025095e-35 184.37916666666669 195.94375000000002 6.5000000000000009 444.35000000000008 31.450000000000003 67.700000000000003 13.250000000000002 11.425000000000002 7.5000000000000009 1.0000000180025095e-35 160.82916666666671 6.3500000000000005 682.95000000000016 4.3350000000000009 184.37916666666669 2.8500000000000001 8.4100000000000019
decision_type=2 2 2 2 2 2 2 2 2 2 2 2 2 2 2 2 2 2 2 2 2 2 2 2 2 2 2 2 2 2
left_child=1 3 4 -1 5 6 -2 8 -8 -9 -7 12 -6 17 -15 16 -13 -14 -19 20 21 -17 27 -24 25 26 -25 -23 -18 -30
right_child=2 -3 -4 -5 11 10 7 9 -10 -11 -12 15 13 14 -16 19 28 18 -20 -21 -22 22 23 24 -26 -27 -28 -29 29 -31
leaf_value=-0.00070360405131862246 0.027762012982564251 -1.3513369941711426 0.87927216031612498 -0.3854504317045212 -0.27928609724702508 0.36327602555354438 -0.01148504872765878 0.2399110669642687 -0.49133651753266649 -0.040812551164330697 0.064794447166579103 -0.15620094682697372 -0.21493214670764771 0.28245119136922503 -0.060873982687259014 0.22520051690248344 0.18077200172202929 -0.14611033681704075 0.15853949395879624 -0.15005185799352055 0.25825204849243166 -0.01947349026799202 0.18557391564051312 -0.0033695991550173076 -0.054844486481329849 -0.10174345395394735 0.37783773920752783 0.26724036438124521 -0.10916172342955088 0.11439490669196653
leaf_weight=2565 685 20 39 22 29 30 46 20 21 181 21 92 57 34 84 26 28 49 31 29 30 20 27 28 248 21 22 35 61 31
leaf_count=2565 685 20 39 22 29 30 46 20 21 181 21 92 57 34 84 26 28 49 31 29 30 20 27 28 248 21 22 35 61 31
internal_value=1.06377e-10 -0.014312 0.0184254 -0.00397551 0.00152053 0.0177696 0.00585703 -0.0501315 -0.161886 -0.0128799 0.240372 -0.0150926 -0.0637507 -0.0392388 0.0380502 0.00470523 -0.058592 -0.105809 -0.0280585 0.0323163 0.0438889 0.0288283 0.0160959 -0.0072528 -0.0235736 0.0856545 0.164362 0.162981 0.0162416 -0.0338329
internal_weight=4632 2607 2025 2587 1986 1004 953 268 67 201 51 982 284 255 118 698 212 137 80 486 457 427 401 346 319 71 50 55 120 92
internal_count=4632 2607 2025 2587 1986 1004 953 268 67 201 51 982 284 255 118 698 212 137 80 486 457 427 401 346 319 71 50 55 120 92
is_linear=0
shrinkage=0.05


Tree=292
num_leaves=31
num_cat=0
split_feature=0 3 3 4 4 3 4 4 5 1 7 6 4 0 6 5 4 4 3 7 7 7 7 7 4 3 5 3 6 6
split_gain=479.279 18485.3 11113.6 297.916 413.376 451.04 364.562 588.636 413.43 436.854 354.316 520.677 324.466 501.747 958.23 430.064 898.368 351.119 656.001 381.946 577.628 375.827 498.11 427.909 384.855 330.619 318.475 451.916 305.469 772.766
threshold=18.500000000000004 17.300000000000001 19.910000000000004 299.10000000000008 170.35000000000002 4.4150000000000009 349.35000000000008 437.65000000000003 4.9500000000000011 4.5000000000000009 154.84166666666667 85.550000000000011 106.55000000000001 19.500000000000004 1.0000000180025095e-35 62.150000000000013 1.3500000000000003 74.600000000000009 4.785000000000001 93.256250000000009 81.177083333333343 133.91458333333335 145.21666666666673 151.49583333333337 47.750000000000007 7.2700000000000005 17.550000000000004 3.3750000000000004 19.350000000000005 32.45000000000001
decision_type=2 2 2 2 2 2 2 2 2 2 2 2 2 2 2 2 2 2 2 2 2 2 2 2 2 2 2 2 2 2
left_child=2 3 -1 4 12 -6 -5 -8 -9 10 -10 -12 13 14 -2 16 -16 19 -19 20 -15 24 -23 -24 25 26 -21 -28 -25 -30
right_child=1 -3 -4 6 5 -7 7 8 9 -11 11 -13 -14 17 15 -17 -18 18 -20 21 -22 22 23 28 -26 -27 27 -29 29 -31
leaf_value=-8.3614053035557204e-05 0.41264873402459284 1.535605881214142 -0.93597449362277985 -0.23906020748739443 -0.022871756734093654 0.23877949912101029 0.22370862148702148 -0.22419894076883795 -0.092651175459225979 -0.22513371163180898 -0.011386315840663332 0.31192435629665854 -0.10633613622141264 -0.050212939977645879 0.38520364037581856 -0.090650317857139992 -0.030735065152539928 -0.049533975621064506 0.33819473117589949 0.0078644901965603687 0.30107389629225839 0.13835931543041677 -0.20096033432266933 0.074926850516093921 -0.29046369726243232 0.083025883776800979 -0.027575494473179182 -0.31866704698108761 -0.33872947415336968 -0.00037487704237854042
leaf_weight=3635 21 20 32 24 28 40 20 32 36 21 33 20 63 25 21 38 34 24 20 33 22 51 33 73 23 28 24 30 20 108
leaf_count=3635 21 20 32 24 28 40 20 32 36 21 33 20 63 25 21 38 34 24 20 33 22 51 33 73 23 28 24 30 20 108
internal_value=5.84489e-11 0.0313525 -0.00825065 -0.000483594 0.0134139 0.131041 -0.0571944 -0.0302513 -0.0660203 -0.0200047 0.0283966 0.110618 0.00183847 0.0126904 0.107589 0.0387051 0.128078 -0.00835727 0.126706 -0.0210015 0.114219 -0.036026 -0.00323081 -0.0340902 -0.103755 -0.0664137 -0.114509 -0.189293 -0.00669361 -0.0532428
internal_weight=4632 965 3667 945 759 68 186 162 142 110 89 53 691 628 114 93 55 514 44 470 47 423 285 234 138 115 87 54 201 128
internal_count=4632 965 3667 945 759 68 186 162 142 110 89 53 691 628 114 93 55 514 44 470 47 423 285 234 138 115 87 54 201 128
is_linear=0
shrinkage=0.05


Tree=293
num_leaves=31
num_cat=0
split_feature=4 3 3 4 0 7 6 3 3 6 5 3 6 1 7 7 1 3 3 0 6 7 4 1 0 6 4 5 3 7
split_gain=482.178 9847.6 7577.65 322.111 494.06 751.027 881.181 330.711 410.239 339.896 895.695 767.049 314.164 548.376 839.174 619.909 481.609 451.414 377.672 348.807 666.196 850.345 677.185 601.493 1225.7 501.803 500.201 351.849 455.803 427.346
threshold=273.00000000000006 21.600000000000005 16.150000000000002 358.35000000000008 19.500000000000004 171.38958333333338 267.25000000000006 13.575000000000001 11.425000000000002 561.30000000000007 11.450000000000001 5.1950000000000012 243.70000000000002 1.0000000180025095e-35 183.64166666666668 143.86458333333337 1.5000000000000002 4.1250000000000009 2.2350000000000008 9.5000000000000018 45.050000000000004 173.16666666666671 444.35000000000008 3.5000000000000004 14.500000000000002 23.050000000000004 691.75000000000011 39.350000000000001 5.6050000000000013 153.59375000000003
decision_type=2 2 2 2 2 2 2 2 2 2 2 2 2 2 2 2 2 2 2 2 2 2 2 2 2 2 2 2 2 2
left_child=1 -1 3 4 5 6 -2 8 9 12 -11 -12 13 14 15 -5 -14 -18 -15 20 22 -22 -20 27 -25 -24 -26 28 -21 -29
right_child=2 -3 -4 7 -6 -7 -8 -9 -10 10 11 -13 16 18 -16 -17 17 -19 19 23 21 -23 25 24 26 -27 -28 29 -30 -31
leaf_value=-0.0017477596990973937 0.11156525971634049 -1.0396006459775178 0.94880871996283533 0.16311728912679591 -0.10748892481769286 -0.051104199052180936 0.48085265585354398 -0.19471735466610304 0.15378558593136926 -0.15675481036305428 0.026690017231381858 0.41867936017612623 -0.29776463769376277 0.0676167293875055 0.39655713677406312 -0.16121005610777783 -0.17053746941589543 0.097177116619423035 -0.23141092319380152 0.14372596071500862 -0.46884188037365676 -0.04794388292357326 -0.030569432396441699 0.35168503572543464 0.092347546000229694 0.25434104412794117 -0.17595482972683385 0.0017673590779304508 -0.14156929024362139 -0.29285880802199243
leaf_weight=3649 70 23 22 34 31 46 21 22 42 24 26 24 24 88 20 26 31 32 33 28 24 24 68 30 38 20 32 20 28 32
leaf_count=3649 70 23 22 34 31 46 21 22 42 24 26 24 24 88 20 26 31 32 33 28 24 24 68 30 38 20 32 20 28 32
internal_value=1.39683e-10 -0.00824847 0.0315504 0.0100369 0.072765 0.113552 0.196785 -0.00364925 0.0019704 -0.0070611 0.0943261 0.214845 -0.0189324 -0.00484756 0.116071 0.0225754 -0.107165 -0.0345555 -0.0256507 -0.0474214 -0.100777 -0.258393 -0.0382517 -0.00406993 0.084292 0.0341829 -0.030305 -0.0858866 0.00107834 -0.179541
internal_weight=4632 3672 960 938 168 137 91 770 748 706 74 50 632 545 80 60 87 63 465 377 169 48 121 208 100 88 70 108 56 52
internal_count=4632 3672 960 938 168 137 91 770 748 706 74 50 632 545 80 60 87 63 465 377 169 48 121 208 100 88 70 108 56 52
is_linear=0
shrinkage=0.05


Tree=294
num_leaves=31
num_cat=0
split_feature=3 3 1 6 5 7 0 0 4 4 4 3 1 6 7 6 0 5 6 1 0 3 6 7 3 3 4 3 0 5
split_gain=597.397 405.103 1025.17 342.867 79.0247 76.5161 206.685 495.117 289.817 504.76 418.145 386.129 305.838 154.959 145.935 123.804 352.616 418.142 334.99 515.389 553.14 794.871 319.634 684.612 519.786 647.841 485.56 628.115 455.154 786.444
threshold=19.910000000000004 16.975000000000005 3.5000000000000004 728.05000000000007 725.45000000000016 85.020833333333357 3.5000000000000004 5.5000000000000009 180.20000000000002 21.550000000000004 3.8500000000000001 4.455000000000001 1.5000000000000002 25.650000000000002 87.687500000000014 321.45000000000005 21.500000000000004 53.550000000000004 420.85000000000008 1.5000000000000002 14.500000000000002 5.9650000000000007 516.85000000000014 130.50833333333335 2.9050000000000007 7.7650000000000006 487.2000000000001 6.2650000000000006 16.500000000000004 38.45000000000001
decision_type=2 2 2 2 2 2 2 2 2 2 2 2 2 2 2 2 2 2 2 2 2 2 2 2 2 2 2 2 2 2
left_child=1 3 -3 4 5 6 -1 -8 9 10 11 -9 -11 -12 -7 -16 18 -18 19 -17 21 -21 23 -20 -25 -26 28 -28 -24 -30
right_child=-2 2 -4 -5 -6 14 7 8 -10 12 13 -13 -14 -15 15 16 17 -19 22 20 -22 -23 26 24 25 -27 27 -29 29 -31
leaf_value=0.084684989580086301 0.1948646869414892 -0.29297079502751955 0.10997902232187767 0.20168894131978354 -0.077904782495038072 0.10155465244832967 -0.27680957785674504 -0.091956902910023938 -0.17537933496328503 -0.0080296273584719059 -0.077227809429168709 0.1771141504868865 0.21737302449696205 -0.26567233974734944 0.0045184396686709788 -0.23133601662822262 -0.24759744670899475 0.0405231012403965 0.28231165293724308 -0.068187950128181421 -0.17349884151726178 0.27643116690494396 -0.06461921414360404 -0.19514760368544123 0.17583741140034465 -0.11714885373567713 0.0017685560358537212 0.34955373942852019 0.20353258512914182 -0.08911891837858342
leaf_weight=35 39 38 27 21 33 36 21 30 26 27 20 24 34 24 3429 39 34 20 31 44 38 27 280 23 54 29 37 20 48 44
leaf_count=35 39 38 27 21 33 36 21 30 26 27 20 24 34 24 3429 39 34 20 31 44 38 27 280 23 54 29 37 20 48 44
internal_value=-1.91613e-11 -0.00165463 -0.125592 0.000124499 -0.000814674 -0.000246061 -0.0276501 -0.0467361 -0.0206197 0.00468694 -0.0655986 0.0276302 0.117605 -0.180016 0.00131415 0.00045433 -0.0176913 -0.140886 -0.00837403 -0.0753492 -0.0195375 0.0628644 0.00913893 0.075629 0.015184 0.0734687 -0.0120945 0.123798 -0.0329168 0.0635688
internal_weight=4632 4593 65 4528 4507 4474 241 206 185 159 98 54 61 44 4233 4197 768 54 714 148 109 71 566 137 106 83 429 57 372 92
internal_count=4632 4593 65 4528 4507 4474 241 206 185 159 98 54 61 44 4233 4197 768 54 714 148 109 71 566 137 106 83 429 57 372 92
is_linear=0
shrinkage=0.05


Tree=295
num_leaves=31
num_cat=0
split_feature=3 3 7 6 0 5 5 5 5 5 7 3 1 0 5 5 7 3 5 7 5 5 7 4 3 5 4 4 6 6
split_gain=539.151 365.605 927.424 309.438 246.222 71.3198 75.2075 173.784 71.7681 206.879 74.7999 388.082 487.245 606.475 326.12 95.5973 477.861 314.801 208.273 159.099 138.703 173.815 688.127 324.371 263.911 233.336 119.264 230.207 178.66 124.552
threshold=19.910000000000004 16.975000000000005 161.33750000000001 728.05000000000007 11.500000000000002 725.45000000000016 719.1500000000002 715.75000000000011 712.55000000000007 709.25000000000011 78.579166666666694 1.905 5.5000000000000009 7.5000000000000009 27.350000000000005 698.55000000000007 148.39375000000004 5.2650000000000006 692.45000000000016 181.72083333333339 687.25000000000011 653.90000000000009 151.11875000000003 129.85000000000002 5.2650000000000006 605.75000000000011 720.6500000000002 717.1500000000002 75.90000000000002 10.850000000000003
decision_type=2 2 2 2 2 2 2 2 2 2 2 2 2 2 2 2 2 2 2 2 2 2 2 2 2 2 2 2 2 2
left_child=1 3 -3 5 -4 6 7 8 9 10 11 -1 13 -13 -15 18 17 -17 20 -18 21 25 24 -24 -23 26 27 29 -28 -12
right_child=-2 2 4 -5 -6 -7 -8 -9 -10 -11 15 12 -14 14 -16 16 19 -19 -20 -21 -22 22 23 -25 -26 -27 28 -29 -30 -31
leaf_value=0.14837795471151669 0.18512144333276995 -0.37453117487223253 0.14742189244832846 0.19160448028927757 -0.094977453486485924 -0.074009541845457119 0.074969380631139781 -0.12968083777679848 0.084442302107810979 -0.15007742915464484 -0.011848948140401466 -0.18918047067191868 -0.29062897972762586 0.19943801385385018 -0.03043916424115499 0.035504847466945648 -0.14250368690490722 0.31268058440514973 -0.11770544815808535 0.044178319403103426 0.096538515506606359 -0.1008208240523483 0.19307434303829304 -0.074761114865541461 -0.33099923118948937 0.15763236011068027 0.17621647479633493 -0.15095957212150099 -0.014771438539028167 0.0074053926103480137
leaf_weight=24 39 23 20 21 22 33 33 26 25 23 1234 36 21 27 36 20 25 21 37 21 38 33 26 20 20 24 24 25 25 2630
leaf_count=24 39 23 20 21 22 33 33 26 25 23 1234 36 21 27 36 20 25 21 37 21 38 33 26 20 20 24 24 25 25 2630
internal_value=-3.1054e-10 -0.0015719 -0.119312 0.000118274 0.0204508 -0.00077394 -0.000233758 -0.000792574 -3.35496e-05 -0.000514619 0.000273094 -0.035164 -0.0718724 -0.0254695 0.0680796 0.00148146 0.0533511 0.177473 0.000390396 -0.0572793 0.0014564 0.000566687 -0.0648723 0.0766241 -0.187681 0.00220184 0.00125457 0.000277858 0.0787737 0.00125636
internal_weight=4632 4593 65 4528 42 4507 4474 4441 4415 4390 4367 144 120 99 63 4223 87 41 4136 46 4099 4061 99 46 53 3962 3938 3889 49 3864
internal_count=4632 4593 65 4528 42 4507 4474 4441 4415 4390 4367 144 120 99 63 4223 87 41 4136 46 4099 4061 99 46 53 3962 3938 3889 49 3864
is_linear=0
shrinkage=0.05


Tree=296
num_leaves=31
num_cat=0
split_feature=6 3 3 7 3 5 7 7 7 1 7 5 7 5 4 6 5 6 6 3 4 1 0 0 1 4 4 7 5 0
split_gain=516.244 3364.17 169.744 3963.62 1437.95 65.579 154.119 66.7384 159.348 160.333 79.3898 252.165 72.7113 73.8905 486.373 648.079 558.472 535.488 368.934 561.852 589.709 558.557 551.85 821.823 518.171 559.235 409.481 346.575 408.237 346.176
threshold=728.05000000000007 21.600000000000005 16.975000000000005 149.80833333333337 18.320000000000004 720.6500000000002 127.07708333333335 273.94791666666669 257.30208333333337 4.5000000000000009 244.23125000000005 28.850000000000005 239.01458333333332 322.90000000000003 9.1500000000000004 20.250000000000004 439.60000000000008 3.2500000000000004 400.55000000000007 4.9150000000000009 17.250000000000004 4.5000000000000009 17.500000000000004 13.500000000000002 3.5000000000000004 49.350000000000001 292.15000000000003 127.07708333333335 681.1500000000002 19.500000000000004
decision_type=2 2 2 2 2 2 2 2 2 2 2 2 2 2 2 2 2 2 2 2 2 2 2 2 2 2 2 2 2 2
left_child=1 2 5 -4 -5 7 -7 8 10 -10 12 -12 13 -1 15 16 -15 -18 19 20 -16 27 23 -21 25 -22 -26 -20 -29 -17
right_child=-2 -3 3 4 -6 6 -8 -9 9 -11 11 -13 -14 14 18 29 17 -19 21 22 24 -23 -24 -25 26 -27 -28 28 -30 -31
leaf_value=-0.0034033520301948389 -0.24163087443871933 0.57959257507324213 0.51208342228616988 -0.017253461437156569 -0.52146306364767014 -0.16149758458847094 0.010780575663289604 -0.072012487976462577 0.012548670724586207 0.19932989612221719 0.045444959163665775 -0.18395823538303377 0.074116642073248376 0.39299808818361037 -0.23445501744747166 -0.026458189684640743 -0.0034778208630840955 0.29389686584472657 0.31920685199174015 -0.089028883313954768 0.31005856096744538 -0.11276195212094874 -0.22445639041917667 0.23448477678972746 -0.12403058932586151 0.055394546031242324 0.10320368721600502 0.23289876381556193 -0.075306100736964837 0.19415944247018724
leaf_weight=3543 22 25 21 26 31 21 34 32 27 20 25 23 33 23 20 116 41 24 22 134 29 27 56 23 55 84 31 21 22 21
leaf_count=3543 22 25 21 26 31 21 34 32 27 20 25 23 33 23 20 116 41 24 22 134 29 27 56 23 55 84 31 21 22 21
internal_value=4.05349e-10 0.00115312 -0.00200086 -0.0751307 -0.291473 -0.000735243 -0.0549984 -6.48766e-05 0.000456011 0.09203 -0.000528206 -0.0644774 0.00018152 -0.000386947 0.0138816 0.0753693 0.181249 0.106322 -0.0125206 -0.0318817 0.0243533 0.0783926 -0.0897008 -0.0416352 0.0503642 0.120751 -0.0421206 0.157795 0.0752126 0.00735911
internal_weight=4632 4610 4585 78 57 4507 55 4452 4420 47 4373 48 4325 4292 749 225 88 65 524 432 219 92 213 157 199 113 86 65 43 137
internal_count=4632 4610 4585 78 57 4507 55 4452 4420 47 4373 48 4325 4292 749 225 88 65 524 432 219 92 213 157 199 113 86 65 43 137
is_linear=0
shrinkage=0.05


Tree=297
num_leaves=31
num_cat=0
split_feature=0 3 3 6 7 7 3 7 7 3 3 4 3 3 0 7 7 7 7 7 3 6 0 5 5 7 1 3 3 6
split_gain=490.007 5380.13 4048.76 310.067 194.545 393.485 329.836 170.786 129.592 1424.51 1282.02 236.815 400.313 358.885 332.683 324.517 240.521 210.134 197.125 185.54 1145.93 451.284 761.657 1195.46 758.137 556.293 526.873 613.617 741.683 682.406
threshold=22.500000000000004 21.600000000000005 11.305000000000001 728.05000000000007 184.78541666666672 166.97708333333335 4.8750000000000009 133.44166666666669 227.4041666666667 19.095000000000002 15.140000000000002 153.70000000000002 5.3850000000000007 8.7550000000000008 17.500000000000004 240.58333333333337 268.94791666666674 223.79166666666671 218.63750000000002 183.64166666666668 17.300000000000001 5.2500000000000009 11.500000000000002 37.650000000000013 85.90000000000002 197.04166666666669 2.5000000000000004 12.070000000000002 7.3450000000000006 303.35000000000008
decision_type=2 2 2 2 2 2 2 2 2 2 2 2 2 2 2 2 2 2 2 2 2 2 2 2 2 2 2 2 2 2
left_child=1 3 4 8 5 6 -2 -8 9 17 11 14 15 -14 16 -13 -10 18 19 20 -1 22 23 -21 -24 -23 -27 28 29 -28
right_child=2 -3 -4 -5 -6 -7 7 -9 10 -11 -12 12 13 -15 -16 -17 -18 -19 -20 21 -22 25 24 -25 -26 26 27 -29 -30 -31
leaf_value=-0.0022854938592232715 -0.08335608314497002 -0.74998340606689462 0.73339307272718068 0.19709245145320894 -0.10360149344479717 0.22469968419699443 0.0091920120375497006 0.20049556687474254 -0.036301649507434891 0.42292981252074241 -0.41897042751312252 0.29677099766938586 -0.14705493862857111 0.095795356816258934 -0.17428883137936529 0.033945050897697608 0.15599144540727139 0.13177205651998522 -0.12465410563163459 0.0081917128852895798 -0.35640861476245139 0.059152123369989699 0.13589143838733436 0.40493696912741051 -0.18275605056967056 0.0254708778894236 -0.16633608545160902 0.13790855243802072 -0.35798440794734399 0.1655588885192715
leaf_weight=3387 66 24 21 20 37 21 28 20 87 20 20 23 32 29 37 24 20 30 32 37 23 222 40 39 35 124 59 20 34 21
leaf_count=3387 66 24 21 20 37 21 28 20 87 20 20 23 32 29 37 24 20 30 32 37 23 222 40 39 35 124 59 20 34 21
internal_value=-3.49055e-10 -0.00339096 0.0779921 0.000667525 -0.00202777 0.025811 -0.0108264 0.0889018 -0.000226332 0.00197891 -0.0336536 -0.00307294 0.0528956 -0.0316015 -0.0450493 0.162562 -0.000359015 -7.3004e-05 -0.00104412 -6.52724e-05 -0.00467401 0.0248409 0.100231 0.211785 -0.0128107 0.00112452 -0.0488062 -0.11754 -0.162356 -0.0792137
internal_weight=4632 4439 193 4415 172 135 114 48 4395 4123 272 252 108 61 144 47 107 4103 4073 4041 3410 631 151 76 75 480 258 134 114 80
internal_count=4632 4439 193 4415 172 135 114 48 4395 4123 272 252 108 61 144 47 107 4103 4073 4041 3410 631 151 76 75 480 258 134 114 80
is_linear=0
shrinkage=0.05


Tree=298
num_leaves=31
num_cat=0
split_feature=3 3 7 6 0 0 3 5 5 6 7 6 3 5 7 3 3 4 4 5 5 1 3 0 4 3 3 7 5 3
split_gain=508.032 294.071 950.521 288.608 255.616 72.5018 864.214 164.802 319.523 355.395 222.213 108.244 76.2818 249.244 304.588 129.174 122.898 87.0823 730.08 854.182 660.029 752.951 579.944 747.158 492.738 1209.06 780.974 718.099 426.088 750.837
threshold=19.910000000000004 16.975000000000005 161.33750000000001 728.05000000000007 11.500000000000002 22.500000000000004 10.605000000000002 21.150000000000002 104.05000000000001 40.300000000000004 125.83541666666669 30.250000000000004 14.935 14.850000000000003 168.28750000000002 14.345000000000001 13.920000000000002 26.150000000000002 32.750000000000007 31.750000000000004 114.75000000000001 3.5000000000000004 4.745000000000001 13.500000000000002 17.550000000000004 4.9150000000000009 4.0950000000000006 129.22291666666669 39.350000000000001 1.9850000000000001
decision_type=2 2 2 2 2 2 2 2 2 2 2 2 2 2 2 2 2 2 2 2 2 2 2 2 2 2 2 2 2 2
left_child=1 3 -3 5 -4 12 7 10 -9 -10 -7 -12 15 -14 -15 16 17 24 19 22 -21 -22 23 -19 -1 26 28 -27 -26 -30
right_child=-2 2 4 -5 -6 6 -8 8 9 -11 11 -13 13 14 -16 -17 -18 18 -20 20 21 -23 -24 -25 25 27 -28 -29 29 -31
leaf_value=0.0020317794034943513 0.1796995480855306 -0.36549866951030235 0.16374206006526948 0.18491892076673963 -0.083238335360180257 -0.061555344543673778 -0.33357589934908211 -0.14791320232968583 -0.077564897455952395 0.1602167813976606 0.21148869835517625 0.05464162948456678 -0.056638890343743399 0.013178336642244283 0.24582432707150781 -0.11386294940114022 0.10849899340134402 -0.018355982502301537 -0.0020769965496188177 -0.196911152501901 0.24780794133742653 -0.12026021849984925 0.39693822942931078 0.34647111678900933 -0.13359466158851449 -0.38951793932567608 0.25598343030132098 -0.11424814883087363 0.27561967652291058 -0.081604883056379085
leaf_weight=1526 39 23 20 21 22 22 21 38 33 30 22 22 37 34 24 25 26 36 2208 30 33 24 29 23 56 33 29 84 24 38
leaf_count=1526 39 23 20 21 22 22 21 38 33 30 22 22 37 34 24 25 26 36 2208 30 33 24 29 23 56 33 29 84 24 38
internal_value=-1.55596e-10 -0.00152586 -0.107121 -1.0029e-05 0.0343714 -0.00087169 -0.0312675 0.00674736 -0.0334044 0.0356645 0.0681917 0.133065 0.000451395 0.0447601 0.109446 -0.000545131 0.000129541 -0.000545659 0.00571435 0.104019 -0.00707951 0.0928319 0.213855 0.123865 -0.00887952 -0.0719501 0.0235109 -0.191888 -0.0336222 0.0566756
internal_weight=4632 4593 65 4528 42 4507 188 167 101 63 66 44 4319 95 58 4224 4199 4173 2383 175 87 57 88 59 1790 264 147 117 118 62
internal_count=4632 4593 65 4528 42 4507 188 167 101 63 66 44 4319 95 58 4224 4199 4173 2383 175 87 57 88 59 1790 264 147 117 118 62
is_linear=0
shrinkage=0.05


Tree=299
num_leaves=31
num_cat=0
split_feature=6 3 7 3 3 7 3 7 3 3 6 4 6 6 4 4 5 4 0 7 5 4 1 5 0 5 5 6 0 6
split_gain=534.422 3289.91 147.893 3005.44 2610.14 469.768 262.738 239.992 565.997 340.108 231.64 194.574 579.522 224.521 629.679 416.67 363.995 742.053 860.421 942.333 965.801 842.265 992.149 722.508 632.862 527.48 369.383 432.047 320.708 315.826
threshold=728.05000000000007 21.600000000000005 171.38958333333338 18.320000000000004 17.845000000000002 170.32708333333338 16.150000000000002 173.66458333333335 9.8100000000000023 4.245000000000001 720.05000000000007 702.35000000000014 17.750000000000004 23.950000000000003 682.95000000000016 682.95000000000016 191.10000000000002 23.150000000000002 4.5000000000000009 184.78541666666672 16.450000000000003 17.250000000000004 1.5000000000000002 79.15000000000002 11.500000000000002 22.150000000000002 404.2000000000001 3.8500000000000001 15.500000000000002 29.050000000000004
decision_type=2 2 2 2 2 2 2 2 2 2 2 2 2 2 2 2 2 2 2 2 2 2 2 2 2 2 2 2 2 2
left_child=1 2 4 7 5 6 10 8 9 -4 -1 13 -13 15 29 16 17 21 -19 -20 -21 22 -9 -22 25 -24 27 -18 -26 -15
right_child=-2 -3 3 -5 -6 -7 -8 11 -10 -11 -12 12 -14 14 -16 -17 26 18 19 20 23 -23 24 -25 28 -27 -28 -29 -30 -31
leaf_value=0.00077062055092206802 -0.24584823413328694 0.57319366455078125 -0.054663878679275517 -0.57015150686105087 0.53475779865099038 0.18233041984694345 -0.15167219465405779 -0.28400618593607629 0.1211457782203243 -0.31817600500583648 -0.15204691398143769 0.12709456107446127 -0.13947711508069188 0.13352104292384215 0.21787574852888403 -0.19868419738786836 -0.044856079521455934 -0.1039984623802469 -0.080075377319008115 0.058169309279093376 0.49797824817842673 -0.36800895273685458 0.045330902115639414 0.13722745469244926 -0.22568240747565316 0.36588635274342129 -0.0070907502701239924 -0.32790825859858441 0.030884716428559403 0.0017225480672553373
leaf_weight=3060 22 25 24 24 23 35 29 28 21 25 25 28 75 49 39 31 28 47 36 52 35 20 33 23 21 21 70 26 29 628
leaf_count=3060 22 25 24 24 23 35 29 28 21 25 25 28 75 49 39 31 28 47 36 52 35 20 33 23 21 21 70 26 29 628
internal_value=1.94862e-10 0.00117325 -0.00194573 -0.0154003 0.00404774 0.000171482 -0.0018759 -0.00581495 -0.0960325 -0.189109 -0.000467771 -0.00102706 -0.067011 0.00456204 0.022516 -0.021148 -0.00941321 0.0169946 0.0820706 0.14197 0.214639 -0.0656348 -0.0198206 0.354922 0.0513063 0.169991 -0.0828866 -0.18114 -0.0768735 0.0112619
internal_weight=4632 4610 4585 1413 3172 3149 3114 1389 70 49 3085 1319 103 1216 716 500 469 345 193 146 110 152 132 58 104 54 124 54 50 677
internal_count=4632 4610 4585 1413 3172 3149 3114 1389 70 49 3085 1319 103 1216 716 500 469 345 193 146 110 152 132 58 104 54 124 54 50 677
is_linear=0
shrinkage=0.05


end of trees

feature_importances:
wind_speed=2973
wind_mw_roll_mean_24h=1369
wind_mw_lag_168h=1259
wind_mw_lag_24h=1161
wind_mw_lag_1h=1016
hour=818
dayofweek=404

parameters:
[boosting: gbdt]
[objective: regression]
[metric: l2]
[tree_learner: serial]
[device_type: cpu]
[data_sample_strategy: bagging]
[data: ]
[valid: ]
[num_iterations: 300]
[learning_rate: 0.05]
[num_leaves: 31]
[num_threads: 4]
[seed: 0]
[deterministic: 0]
[force_col_wise: 0]
[force_row_wise: 0]
[histogram_pool_size: -1]
[max_depth: -1]
[min_data_in_leaf: 20]
[min_sum_hessian_in_leaf: 0.001]
[bagging_fraction: 1]
[pos_bagging_fraction: 1]
[neg_bagging_fraction: 1]
[bagging_freq: 0]
[bagging_seed: 3]
[bagging_by_query: 0]
[feature_fraction: 1]
[feature_fraction_bynode: 1]
[feature_fraction_seed: 2]
[extra_trees: 0]
[extra_seed: 6]
[early_stopping_round: 0]
[early_stopping_min_delta: 0]
[first_metric_only: 0]
[max_delta_step: 0]
[lambda_l1: 0]
[lambda_l2: 0]
[linear_lambda: 0]
[min_gain_to_split: 0]
[drop_rate: 0.1]
[max_drop: 50]
[skip_drop: 0.5]
[xgboost_dart_mode: 0]
[uniform_drop: 0]
[drop_seed: 4]
[top_rate: 0.2]
[other_rate: 0.1]
[min_data_per_group: 100]
[max_cat_threshold: 32]
[cat_l2: 10]
[cat_smooth: 10]
[max_cat_to_onehot: 4]
[top_k: 20]
[monotone_constraints: ]
[monotone_constraints_method: basic]
[monotone_penalty: 0]
[feature_contri: ]
[forcedsplits_filename: ]
[refit_decay_rate: 0.9]
[cegb_tradeoff: 1]
[cegb_penalty_split: 0]
[cegb_penalty_feature_lazy: ]
[cegb_penalty_feature_coupled: ]
[path_smooth: 0]
[interaction_constraints: ]
[verbosity: -1]
[saved_feature_importance_type: 0]
[use_quantized_grad: 0]
[num_grad_quant_bins: 4]
[quant_train_renew_leaf: 0]
[stochastic_rounding: 1]
[linear_tree: 0]
[max_bin: 255]
[max_bin_by_feature: ]
[min_data_in_bin: 3]
[bin_construct_sample_cnt: 200000]
[data_random_seed: 1]
[is_enable_sparse: 1]
[enable_bundle: 1]
[use_missing: 1]
[zero_as_missing: 0]
[feature_pre_filter: 1]
[pre_partition: 0]
[two_round: 0]
[header: 0]
[label_column: ]
[weight_column: ]
[group_column: ]
[ignore_column: ]
[categorical_feature: ]
[forcedbins_filename: ]
[precise_float_parser: 0]
[parser_config_file: ]
[objective_seed: 5]
[num_class: 1]
[is_unbalance: 0]
[scale_pos_weight: 1]
[sigmoid: 1]
[boost_from_average: 1]
[reg_sqrt: 0]
[alpha: 0.9]
[fair_c: 1]
[poisson_max_delta_step: 0.7]
[tweedie_variance_power: 1.5]
[lambdarank_truncation_level: 30]
[lambdarank_norm: 1]
[label_gain: ]
[lambdarank_position_bias_regularization: 0]
[eval_at: ]
[multi_error_top_k: 1]
[auc_mu_weights: ]
[num_machines: 1]
[local_listen_port: 12400]
[time_out: 120]
[machine_list_filename: ]
[machines: ]
[gpu_platform_id: -1]
[gpu_device_id: -1]
[gpu_device_id_list: ]
[gpu_use_dp: 0]
[num_gpu: 1]

end of parameters

pandas_categorical:[]
