ts,fuel,mw
2026-09-19 16:05:00,nuclear,28727.949
2026-09-19 16:05:00,bituminous_coal,23621.218
2026-09-19 16:05:00,lng,15994.573
2026-09-19 16:05:00,renewable,5049.863
2026-09-19 16:05:00,hydro,864.396
2026-09-19 16:05:00,oil,292.092
2026-09-19 16:05:00,anthracite,93.596
2026-09-19 16:05:00,solar,6343.513
2026-09-19 16:05:00,pumped,2440.075
2026-09-19 16:10:00,nuclear,28686.135
2026-09-19 16:10:00,bituminous_coal,23571.095
2026-09-19 16:10:00,lng,15976.377
2026-09-19 16:10:00,renewable,5099.454
2026-09-19 16:10:00,hydro,880.024
2026-09-19 16:10:00,oil,249.181
2026-09-19 16:10:00,anthracite,125.957
2026-09-19 16:10:00,solar,6228.247
2026-09-19 16:10:00,pumped,2430.575
2026-09-19 16:15:00,nuclear,28612.633
2026-09-19 16:15:00,bituminous_coal,23529.562
2026-09-19 16:15:00,lng,16005.882
2026-09-19 16:15:00,renewable,5041.947
2026-09-19 16:15:00,hydro,837.041
2026-09-19 16:15:00,oil,251.078
2026-09-19 16:15:00,anthracite,43.271
2026-09-19 16:15:00,solar,6111.207
2026-09-19 16:15:00,pumped,2420.395
2026-09-19 16:20:00,nuclear,28638.441
2026-09-19 16:20:00,bituminous_coal,23528.429
2026-09-19 16:20:00,lng,15988.86
2026-09-19 16:20:00,renewable,5069.761
2026-09-19 16:20:00,hydro,879.648
2026-09-19 16:20:00,oil,287.775
2026-09-19 16:20:00,anthracite,53.57
2026-09-19 16:20:00,solar,5992.447
2026-09-19 16:20:00,pumped,2409.539
2026-09-19 16:25:00,nuclear,28535.617
2026-09-19 16:25:00,bituminous_coal,23550.816
2026-09-19 16:25:00,lng,15980.998
2026-09-19 16:25:00,renewable,5047.919
2026-09-19 16:25:00,hydro,858.635
2026-09-19 16:25:00,oil,241.103
2026-09-19 16:25:00,anthracite,92.892
2026-09-19 16:25:00,solar,5872.026
2026-09-19 16:25:00,pumped,2398.012
2026-09-19 16:30:00,nuclear,28470.781
2026-09-19 16:30:00,bituminous_coal,23501.676
2026-09-19 16:30:00,lng,15954.339
2026-09-19 16:30:00,renewable,5066.323
2026-09-19 16:30:00,hydro,873.99
2026-09-19 16:30:00,oil,215.336
2026-09-19 16:30:00,anthracite,38.476
2026-09-19 16:30:00,solar,5750.0
2026-09-19 16:30:00,pumped,2385.819
2026-09-19 16:35:00,nuclear,28447.677
2026-09-19 16:35:00,bituminous_coal,23467.258
2026-09-19 16:35:00,lng,15924.596
2026-09-19 16:35:00,renewable,5062.098
2026-09-19 16:35:00,hydro,869.901
2026-09-19 16:35:00,oil,287.145
2026-09-19 16:35:00,anthracite,67.56
2026-09-19 16:35:00,solar,5626.427
2026-09-19 16:35:00,pumped,2372.967
2026-09-19 16:40:00,nuclear,28408.526
2026-09-19 16:40:00,bituminous_coal,23420.463
2026-09-19 16:40:00,lng,15840.94
2026-09-19 16:40:00,renewable,5017.913
2026-09-19 16:40:00,hydro,831.473
2026-09-19 16:40:00,oil,292.486
2026-09-19 16:40:00,anthracite,113.955
2026-09-19 16:40:00,solar,5501.366
2026-09-19 16:40:00,pumped,2359.462
2026-09-19 16:45:00,nuclear,28353.985
2026-09-19 16:45:00,bituminous_coal,23387.3
2026-09-19 16:45:00,lng,15835.075
2026-09-19 16:45:00,renewable,4978.238
2026-09-19 16:45:00,hydro,874.274
2026-09-19 16:45:00,oil,237.141
2026-09-19 16:45:00,anthracite,94.874
2026-09-19 16:45:00,solar,5374.876
2026-09-19 16:45:00,pumped,2345.309
2026-09-19 16:50:00,nuclear,28300.096
2026-09-19 16:50:00,bituminous_coal,23364.531
2026-09-19 16:50:00,lng,15839.852
2026-09-19 16:50:00,renewable,5022.521
2026-09-19 16:50:00,hydro,803.179
2026-09-19 16:50:00,oil,236.109
2026-09-19 16:50:00,anthracite,116.731
2026-09-19 16:50:00,solar,5247.019
2026-09-19 16:50:00,pumped,2330.516
2026-09-19 16:55:00,nuclear,28225.083
2026-09-19 16:55:00,bituminous_coal,23240.176
2026-09-19 16:55:00,lng,15755.868
2026-09-19 16:55:00,renewable,5004.918
2026-09-19 16:55:00,hydro,789.656
2026-09-19 16:55:00,oil,249.726
2026-09-19 16:55:00,anthracite,33.267
2026-09-19 16:55:00,solar,5117.853
2026-09-19 16:55:00,pumped,2315.09
2026-09-19 17:00:00,nuclear,28260.887
2026-09-19 17:00:00,bituminous_coal,23259.188
2026-09-19 17:00:00,lng,15801.513
2026-09-19 17:00:00,renewable,4958.894
2026-09-19 17:00:00,hydro,819.615
2026-09-19 17:00:00,oil,246.413
2026-09-19 17:00:00,anthracite,72.264
2026-09-19 17:00:00,solar,4987.442
2026-09-19 17:00:00,pumped,2299.038
2026-09-19 17:05:00,nuclear,28185.563
2026-09-19 17:05:00,bituminous_coal,23217.207
2026-09-19 17:05:00,lng,15728.185
2026-09-19 17:05:00,renewable,4978.537
2026-09-19 17:05:00,hydro,800.274
2026-09-19 17:05:00,oil,234.167
2026-09-19 17:05:00,anthracite,70.156
2026-09-19 17:05:00,solar,4855.847
2026-09-19 17:05:00,pumped,2282.368
2026-09-19 17:10:00,nuclear,28118.888
2026-09-19 17:10:00,bituminous_coal,23106.803
2026-09-19 17:10:00,lng,15685.136
2026-09-19 17:10:00,renewable,4944.101
2026-09-19 17:10:00,hydro,852.291
2026-09-19 17:10:00,oil,284.343
2026-09-19 17:10:00,anthracite,32.72
2026-09-19 17:10:00,solar,4723.131
2026-09-19 17:10:00,pumped,2265.087
2026-09-19 17:15:00,nuclear,28077.94
2026-09-19 17:15:00,bituminous_coal,23106.853
2026-09-19 17:15:00,lng,15637.639
2026-09-19 17:15:00,renewable,4968.165
2026-09-19 17:15:00,hydro,798.783
2026-09-19 17:15:00,oil,278.092
2026-09-19 17:15:00,anthracite,83.179
2026-09-19 17:15:00,solar,4589.357
2026-09-19 17:15:00,pumped,2247.204
2026-09-19 17:20:00,nuclear,27967.608
2026-09-19 17:20:00,bituminous_coal,23033.986
2026-09-19 17:20:00,lng,15594.219
2026-09-19 17:20:00,renewable,4901.306
2026-09-19 17:20:00,hydro,844.495
2026-09-19 17:20:00,oil,243.468
2026-09-19 17:20:00,anthracite,107.132
2026-09-19 17:20:00,solar,4454.588
2026-09-19 17:20:00,pumped,2228.728
2026-09-19 17:25:00,nuclear,27882.308
2026-09-19 17:25:00,bituminous_coal,22941.082
2026-09-19 17:25:00,lng,15637.15
2026-09-19 17:25:00,renewable,4891.158
2026-09-19 17:25:00,hydro,802.367
2026-09-19 17:25:00,oil,266.943
2026-09-19 17:25:00,anthracite,57.039
2026-09-19 17:25:00,solar,4318.889
2026-09-19 17:25:00,pumped,2209.667
2026-09-19 17:30:00,nuclear,27866.884
2026-09-19 17:30:00,bituminous_coal,22887.223
2026-09-19 17:30:00,lng,15533.043
2026-09-19 17:30:00,renewable,4876.402
2026-09-19 17:30:00,hydro,775.212
2026-09-19 17:30:00,oil,223.952
2026-09-19 17:30:00,anthracite,50.06
2026-09-19 17:30:00,solar,4182.324
2026-09-19 17:30:00,pumped,2190.03
2026-09-19 17:35:00,nuclear,27751.587
2026-09-19 17:35:00,bituminous_coal,22849.681
2026-09-19 17:35:00,lng,15532.537
2026-09-19 17:35:00,renewable,4942.313
2026-09-19 17:35:00,hydro,826.413
2026-09-19 17:35:00,oil,291.165
2026-09-19 17:35:00,anthracite,122.154
2026-09-19 17:35:00,solar,4044.958
2026-09-19 17:35:00,pumped,2169.827
2026-09-19 17:40:00,nuclear,27696.331
2026-09-19 17:40:00,bituminous_coal,22769.547
2026-09-19 17:40:00,lng,15466.005
2026-09-19 17:40:00,renewable,4858.86
2026-09-19 17:40:00,hydro,783.058
2026-09-19 17:40:00,oil,202.914
2026-09-19 17:40:00,anthracite,35.933
2026-09-19 17:40:00,solar,3906.857
2026-09-19 17:40:00,pumped,2149.067
2026-09-19 17:45:00,nuclear,27603.751
2026-09-19 17:45:00,bituminous_coal,22735.816
2026-09-19 17:45:00,lng,15422.356
2026-09-19 17:45:00,renewable,4897.359
2026-09-19 17:45:00,hydro,820.011
2026-09-19 17:45:00,oil,197.785
2026-09-19 17:45:00,anthracite,93.42
2026-09-19 17:45:00,solar,3768.087
2026-09-19 17:45:00,pumped,2127.76
2026-09-19 17:50:00,nuclear,27522.552
2026-09-19 17:50:00,bituminous_coal,22695.006
2026-09-19 17:50:00,lng,15441.395
2026-09-19 17:50:00,renewable,4911.421
2026-09-19 17:50:00,hydro,786.684
2026-09-19 17:50:00,oil,221.389
2026-09-19 17:50:00,anthracite,55.852
2026-09-19 17:50:00,solar,3628.713
2026-09-19 17:50:00,pumped,2105.916
2026-09-19 17:55:00,nuclear,27456.915
2026-09-19 17:55:00,bituminous_coal,22670.938
2026-09-19 17:55:00,lng,15329.019
2026-09-19 17:55:00,renewable,4856.009
2026-09-19 17:55:00,hydro,770.707
2026-09-19 17:55:00,oil,271.161
2026-09-19 17:55:00,anthracite,48.329
2026-09-19 17:55:00,solar,3488.802
2026-09-19 17:55:00,pumped,2083.546
2026-09-19 18:00:00,nuclear,27429.793
2026-09-19 18:00:00,bituminous_coal,22521.907
2026-09-19 18:00:00,lng,15359.504
2026-09-19 18:00:00,renewable,4847.478
2026-09-19 18:00:00,hydro,815.447
2026-09-19 18:00:00,oil,247.716
2026-09-19 18:00:00,anthracite,108.952
2026-09-19 18:00:00,solar,3348.42
2026-09-19 18:00:00,pumped,2060.66
2026-09-19 18:05:00,nuclear,27315.405
2026-09-19 18:05:00,bituminous_coal,22463.295
2026-09-19 18:05:00,lng,15308.984
2026-09-19 18:05:00,renewable,4808.723
2026-09-19 18:05:00,hydro,784.468
2026-09-19 18:05:00,oil,240.316
2026-09-19 18:05:00,anthracite,74.435
2026-09-19 18:05:00,solar,3207.635
2026-09-19 18:05:00,pumped,2037.27
2026-09-19 18:10:00,nuclear,27295.301
2026-09-19 18:10:00,bituminous_coal,22455.488
2026-09-19 18:10:00,lng,15203.624
2026-09-19 18:10:00,renewable,4763.893
2026-09-19 18:10:00,hydro,791.944
2026-09-19 18:10:00,oil,251.76
2026-09-19 18:10:00,anthracite,81.646
2026-09-19 18:10:00,solar,3066.512
2026-09-19 18:10:00,pumped,2013.385
2026-09-19 18:15:00,nuclear,27142.629
2026-09-19 18:15:00,bituminous_coal,22416.925
2026-09-19 18:15:00,lng,15206.235
2026-09-19 18:15:00,renewable,4800.026
2026-09-19 18:15:00,hydro,760.774
2026-09-19 18:15:00,oil,257.088
2026-09-19 18:15:00,anthracite,97.366
2026-09-19 18:15:00,solar,2925.12
2026-09-19 18:15:00,pumped,1989.019
2026-09-19 18:20:00,nuclear,27075.632
2026-09-19 18:20:00,bituminous_coal,22346.242
2026-09-19 18:20:00,lng,15107.151
2026-09-19 18:20:00,renewable,4820.521
2026-09-19 18:20:00,hydro,747.733
2026-09-19 18:20:00,oil,202.069
2026-09-19 18:20:00,anthracite,111.046
2026-09-19 18:20:00,solar,2783.526
2026-09-19 18:20:00,pumped,1964.181
2026-09-19 18:25:00,nuclear,27032.662
2026-09-19 18:25:00,bituminous_coal,22229.452
2026-09-19 18:25:00,lng,15110.321
2026-09-19 18:25:00,renewable,4728.396
2026-09-19 18:25:00,hydro,814.462
2026-09-19 18:25:00,oil,285.368
2026-09-19 18:25:00,anthracite,96.999
2026-09-19 18:25:00,solar,2641.797
2026-09-19 18:25:00,pumped,1938.885
2026-09-19 18:30:00,nuclear,26941.451
2026-09-19 18:30:00,bituminous_coal,22148.682
2026-09-19 18:30:00,lng,15079.598
2026-09-19 18:30:00,renewable,4781.206
2026-09-19 18:30:00,hydro,791.72
2026-09-19 18:30:00,oil,232.102
2026-09-19 18:30:00,anthracite,41.124
2026-09-19 18:30:00,solar,2500.0
2026-09-19 18:30:00,pumped,1913.142
2026-09-19 18:35:00,nuclear,26864.549
2026-09-19 18:35:00,bituminous_coal,22089.365
2026-09-19 18:35:00,lng,14971.466
2026-09-19 18:35:00,renewable,4691.932
2026-09-19 18:35:00,hydro,744.192
2026-09-19 18:35:00,oil,251.33
2026-09-19 18:35:00,anthracite,124.869
2026-09-19 18:35:00,solar,2358.203
2026-09-19 18:35:00,pumped,1886.964
2026-09-19 18:40:00,nuclear,26708.796
2026-09-19 18:40:00,bituminous_coal,21979.559
2026-09-19 18:40:00,lng,14950.7
2026-09-19 18:40:00,renewable,4763.703
2026-09-19 18:40:00,hydro,747.963
2026-09-19 18:40:00,oil,256.266
2026-09-19 18:40:00,anthracite,44.469
2026-09-19 18:40:00,solar,2216.474
2026-09-19 18:40:00,pumped,1860.365
2026-09-19 18:45:00,nuclear,26640.528
2026-09-19 18:45:00,bituminous_coal,21922.931
2026-09-19 18:45:00,lng,14878.223
2026-09-19 18:45:00,renewable,4742.118
2026-09-19 18:45:00,hydro,811.245
2026-09-19 18:45:00,oil,188.997
2026-09-19 18:45:00,anthracite,104.524
2026-09-19 18:45:00,solar,2074.88
2026-09-19 18:45:00,pumped,1833.355
2026-09-19 18:50:00,nuclear,26499.799
2026-09-19 18:50:00,bituminous_coal,21879.021
2026-09-19 18:50:00,lng,14786.601
2026-09-19 18:50:00,renewable,4669.987
2026-09-19 18:50:00,hydro,733.551
2026-09-19 18:50:00,oil,266.922
2026-09-19 18:50:00,anthracite,62.958
2026-09-19 18:50:00,solar,1933.488
2026-09-19 18:50:00,pumped,1805.949
2026-09-19 18:55:00,nuclear,26492.747
2026-09-19 18:55:00,bituminous_coal,21824.973
2026-09-19 18:55:00,lng,14739.851
2026-09-19 18:55:00,renewable,4637.684
2026-09-19 18:55:00,hydro,817.185
2026-09-19 18:55:00,oil,185.143
2026-09-19 18:55:00,anthracite,42.656
2026-09-19 18:55:00,solar,1792.365
2026-09-19 18:55:00,pumped,1778.16
2026-09-19 19:00:00,nuclear,26393.678
2026-09-19 19:00:00,bituminous_coal,21733.745
2026-09-19 19:00:00,lng,14712.386
2026-09-19 19:00:00,renewable,4683.397
2026-09-19 19:00:00,hydro,819.502
2026-09-19 19:00:00,oil,185.969
2026-09-19 19:00:00,anthracite,84.742
2026-09-19 19:00:00,solar,1651.58
2026-09-19 19:00:00,pumped,1750.0
2026-09-19 19:05:00,nuclear,26239.253
2026-09-19 19:05:00,bituminous_coal,21602.829
2026-09-19 19:05:00,lng,14652.025
2026-09-19 19:05:00,renewable,4631.746
2026-09-19 19:05:00,hydro,820.964
2026-09-19 19:05:00,oil,191.517
2026-09-19 19:05:00,anthracite,81.048
2026-09-19 19:05:00,solar,1511.198
2026-09-19 19:05:00,pumped,1721.483
2026-09-19 19:10:00,nuclear,26133.067
2026-09-19 19:10:00,bituminous_coal,21572.704
2026-09-19 19:10:00,lng,14628.831
2026-09-19 19:10:00,renewable,4599.348
2026-09-19 19:10:00,hydro,766.711
2026-09-19 19:10:00,oil,210.958
2026-09-19 19:10:00,anthracite,114.94
2026-09-19 19:10:00,solar,1371.287
2026-09-19 19:10:00,pumped,1692.623
2026-09-19 19:15:00,nuclear,26068.89
2026-09-19 19:15:00,bituminous_coal,21476.655
2026-09-19 19:15:00,lng,14584.148
2026-09-19 19:15:00,renewable,4632.008
2026-09-19 19:15:00,hydro,795.429
2026-09-19 19:15:00,oil,266.667
2026-09-19 19:15:00,anthracite,85.267
2026-09-19 19:15:00,solar,1231.913
2026-09-19 19:15:00,pumped,1663.433
2026-09-19 19:20:00,nuclear,25976.368
2026-09-19 19:20:00,bituminous_coal,21377.378
2026-09-19 19:20:00,lng,14519.084
2026-09-19 19:20:00,renewable,4602.652
2026-09-19 19:20:00,hydro,805.222
2026-09-19 19:20:00,oil,227.578
2026-09-19 19:20:00,anthracite,48.497
2026-09-19 19:20:00,solar,1093.143
2026-09-19 19:20:00,pumped,1633.927
2026-09-19 19:25:00,nuclear,25828.718
2026-09-19 19:25:00,bituminous_coal,21262.434
2026-09-19 19:25:00,lng,14468.984
2026-09-19 19:25:00,renewable,4515.829
2026-09-19 19:25:00,hydro,772.893
2026-09-19 19:25:00,oil,242.918
2026-09-19 19:25:00,anthracite,61.426
2026-09-19 19:25:00,solar,955.042
2026-09-19 19:25:00,pumped,1604.12
2026-09-19 19:30:00,nuclear,25718.165
2026-09-19 19:30:00,bituminous_coal,21163.231
2026-09-19 19:30:00,lng,14357.049
2026-09-19 19:30:00,renewable,4570.445
2026-09-19 19:30:00,hydro,743.479
2026-09-19 19:30:00,oil,216.908
2026-09-19 19:30:00,anthracite,117.984
2026-09-19 19:30:00,solar,817.676
2026-09-19 19:30:00,pumped,1574.025
2026-09-19 19:35:00,nuclear,25602.349
2026-09-19 19:35:00,bituminous_coal,21113.885
2026-09-19 19:35:00,lng,14315.413
2026-09-19 19:35:00,renewable,4495.753
2026-09-19 19:35:00,hydro,722.959
2026-09-19 19:35:00,oil,270.43
2026-09-19 19:35:00,anthracite,35.314
2026-09-19 19:35:00,solar,681.111
2026-09-19 19:35:00,pumped,1543.657
2026-09-19 19:40:00,nuclear,25500.92
2026-09-19 19:40:00,bituminous_coal,20990.05
2026-09-19 19:40:00,lng,14243.919
2026-09-19 19:40:00,renewable,4543.27
2026-09-19 19:40:00,hydro,793.565
2026-09-19 19:40:00,oil,189.036
2026-09-19 19:40:00,anthracite,123.368
2026-09-19 19:40:00,solar,545.412
2026-09-19 19:40:00,pumped,1513.03
2026-09-19 19:45:00,nuclear,25448.982
2026-09-19 19:45:00,bituminous_coal,20902.743
2026-09-19 19:45:00,lng,14189.621
2026-09-19 19:45:00,renewable,4493.597
2026-09-19 19:45:00,hydro,746.306
2026-09-19 19:45:00,oil,229.933
2026-09-19 19:45:00,anthracite,84.799
2026-09-19 19:45:00,solar,410.643
2026-09-19 19:45:00,pumped,1482.159
2026-09-19 19:50:00,nuclear,25351.891
2026-09-19 19:50:00,bituminous_coal,20871.222
2026-09-19 19:50:00,lng,14113.796
2026-09-19 19:50:00,renewable,4458.879
2026-09-19 19:50:00,hydro,780.817
2026-09-19 19:50:00,oil,255.249
2026-09-19 19:50:00,anthracite,30.057
2026-09-19 19:50:00,solar,276.869
2026-09-19 19:50:00,pumped,1451.059
2026-09-19 19:55:00,nuclear,25256.444
2026-09-19 19:55:00,bituminous_coal,20775.462
2026-09-19 19:55:00,lng,14070.764
2026-09-19 19:55:00,renewable,4444.924
2026-09-19 19:55:00,hydro,725.249
2026-09-19 19:55:00,oil,202.683
2026-09-19 19:55:00,anthracite,54.32
2026-09-19 19:55:00,solar,144.153
2026-09-19 19:55:00,pumped,1419.744
2026-09-19 20:00:00,nuclear,25114.062
2026-09-19 20:00:00,bituminous_coal,20675.91
2026-09-19 20:00:00,lng,14042.55
2026-09-19 20:00:00,renewable,4435.752
2026-09-19 20:00:00,hydro,694.539
2026-09-19 20:00:00,oil,255.987
2026-09-19 20:00:00,anthracite,104.053
2026-09-19 20:00:00,solar,12.558
2026-09-19 20:00:00,pumped,1388.229
2026-09-19 20:05:00,nuclear,25049.804
2026-09-19 20:05:00,bituminous_coal,20594.921
2026-09-19 20:05:00,lng,14022.338
2026-09-19 20:05:00,renewable,4436.543
2026-09-19 20:05:00,hydro,774.779
2026-09-19 20:05:00,oil,176.076
2026-09-19 20:05:00,anthracite,79.506
2026-09-19 20:05:00,solar,0.0
2026-09-19 20:05:00,pumped,1356.529
2026-09-19 20:10:00,nuclear,24934.243
2026-09-19 20:10:00,bituminous_coal,20474.913
2026-09-19 20:10:00,lng,13937.387
2026-09-19 20:10:00,renewable,4350.463
2026-09-19 20:10:00,hydro,752.935
2026-09-19 20:10:00,oil,186.996
2026-09-19 20:10:00,anthracite,40.332
2026-09-19 20:10:00,solar,0.0
2026-09-19 20:10:00,pumped,1324.659
2026-09-19 20:15:00,nuclear,24813.05
2026-09-19 20:15:00,bituminous_coal,20431.992
2026-09-19 20:15:00,lng,13881.921
2026-09-19 20:15:00,renewable,4329.041
2026-09-19 20:15:00,hydro,691.424
2026-09-19 20:15:00,oil,218.738
2026-09-19 20:15:00,anthracite,38.647
2026-09-19 20:15:00,solar,0.0
2026-09-19 20:15:00,pumped,1292.635
2026-09-19 20:20:00,nuclear,24653.768
2026-09-19 20:20:00,bituminous_coal,20317.023
2026-09-19 20:20:00,lng,13832.931
2026-09-19 20:20:00,renewable,4401.399
2026-09-19 20:20:00,hydro,698.341
2026-09-19 20:20:00,oil,194.451
2026-09-19 20:20:00,anthracite,89.507
2026-09-19 20:20:00,solar,0.0
2026-09-19 20:20:00,pumped,1260.472
2026-09-19 20:25:00,nuclear,24557.186
2026-09-19 20:25:00,bituminous_coal,20207.957
2026-09-19 20:25:00,lng,13744.09
2026-09-19 20:25:00,renewable,4345.562
2026-09-19 20:25:00,hydro,680.469
2026-09-19 20:25:00,oil,220.352
2026-09-19 20:25:00,anthracite,88.104
2026-09-19 20:25:00,solar,0.0
2026-09-19 20:25:00,pumped,1228.185
2026-09-19 20:30:00,nuclear,24490.754
2026-09-19 20:30:00,bituminous_coal,20106.236
2026-09-19 20:30:00,lng,13691.243
2026-09-19 20:30:00,renewable,4271.639
2026-09-19 20:30:00,hydro,769.333
2026-09-19 20:30:00,oil,253.628
2026-09-19 20:30:00,anthracite,27.896
2026-09-19 20:30:00,solar,0.0
2026-09-19 20:30:00,pumped,1195.789
2026-09-19 20:35:00,nuclear,24333.083
2026-09-19 20:35:00,bituminous_coal,20080.836
2026-09-19 20:35:00,lng,13660.182
2026-09-19 20:35:00,renewable,4292.983
2026-09-19 20:35:00,hydro,742.251
2026-09-19 20:35:00,oil,220.472
2026-09-19 20:35:00,anthracite,75.914
2026-09-19 20:35:00,solar,0.0
2026-09-19 20:35:00,pumped,1163.3
2026-09-19 20:40:00,nuclear,24222.304
2026-09-19 20:40:00,bituminous_coal,19964.415
2026-09-19 20:40:00,lng,13595.338
2026-09-19 20:40:00,renewable,4313.882
2026-09-19 20:40:00,hydro,691.951
2026-09-19 20:40:00,oil,216.338
2026-09-19 20:40:00,anthracite,111.131
2026-09-19 20:40:00,solar,0.0
2026-09-19 20:40:00,pumped,1130.734
2026-09-19 20:45:00,nuclear,24136.677
2026-09-19 20:45:00,bituminous_coal,19833.335
2026-09-19 20:45:00,lng,13444.669
2026-09-19 20:45:00,renewable,4283.676
2026-09-19 20:45:00,hydro,750.48
2026-09-19 20:45:00,oil,180.497
2026-09-19 20:45:00,anthracite,86.75
2026-09-19 20:45:00,solar,0.0
2026-09-19 20:45:00,pumped,1098.105
2026-09-19 20:50:00,nuclear,24048.9
2026-09-19 20:50:00,bituminous_coal,19746.088
2026-09-19 20:50:00,lng,13406.692
2026-09-19 20:50:00,renewable,4220.208
2026-09-19 20:50:00,hydro,712.719
2026-09-19 20:50:00,oil,187.616
2026-09-19 20:50:00,anthracite,72.881
2026-09-19 20:50:00,solar,0.0
2026-09-19 20:50:00,pumped,1065.429
2026-09-19 20:55:00,nuclear,23897.474
2026-09-19 20:55:00,bituminous_coal,19704.313
2026-09-19 20:55:00,lng,13329.284
2026-09-19 20:55:00,renewable,4261.239
2026-09-19 20:55:00,hydro,671.527
2026-09-19 20:55:00,oil,207.391
2026-09-19 20:55:00,anthracite,65.329
2026-09-19 20:55:00,solar,0.0
2026-09-19 20:55:00,pumped,1032.722
2026-09-19 21:00:00,nuclear,23830.451
2026-09-19 21:00:00,bituminous_coal,19592.711
2026-09-19 21:00:00,lng,13258.237
2026-09-19 21:00:00,renewable,4189.963
2026-09-19 21:00:00,hydro,673.376
2026-09-19 21:00:00,oil,213.715
2026-09-19 21:00:00,anthracite,110.453
2026-09-19 21:00:00,solar,0.0
2026-09-19 21:00:00,pumped,1000.0
2026-09-19 21:05:00,nuclear,23668.074
2026-09-19 21:05:00,bituminous_coal,19527.46
2026-09-19 21:05:00,lng,13210.519
2026-09-19 21:05:00,renewable,4195.134
2026-09-19 21:05:00,hydro,657.974
2026-09-19 21:05:00,oil,247.844
2026-09-19 21:05:00,anthracite,20.971
2026-09-19 21:05:00,solar,0.0
2026-09-19 21:05:00,pumped,967.278
2026-09-19 21:10:00,nuclear,23554.434
2026-09-19 21:10:00,bituminous_coal,19422.364
2026-09-19 21:10:00,lng,13182.504
2026-09-19 21:10:00,renewable,4126.951
2026-09-19 21:10:00,hydro,680.73
2026-09-19 21:10:00,oil,199.977
2026-09-19 21:10:00,anthracite,72.764
2026-09-19 21:10:00,solar,0.0
2026-09-19 21:10:00,pumped,934.571
2026-09-19 21:15:00,nuclear,23437.917
2026-09-19 21:15:00,bituminous_coal,19331.054
2026-09-19 21:15:00,lng,13095.591
2026-09-19 21:15:00,renewable,4182.839
2026-09-19 21:15:00,hydro,686.016
2026-09-19 21:15:00,oil,256.24
2026-09-19 21:15:00,anthracite,85.474
2026-09-19 21:15:00,solar,0.0
2026-09-19 21:15:00,pumped,901.895
2026-09-19 21:20:00,nuclear,23308.273
2026-09-19 21:20:00,bituminous_coal,19266.506
2026-09-19 21:20:00,lng,13094.033
2026-09-19 21:20:00,renewable,4100.987
2026-09-19 21:20:00,hydro,660.727
2026-09-19 21:20:00,oil,161.983
2026-09-19 21:20:00,anthracite,96.043
2026-09-19 21:20:00,solar,0.0
2026-09-19 21:20:00,pumped,869.266
2026-09-19 21:25:00,nuclear,23230.393
2026-09-19 21:25:00,bituminous_coal,19188.085
2026-09-19 21:25:00,lng,12994.35
2026-09-19 21:25:00,renewable,4103.273
2026-09-19 21:25:00,hydro,689.038
2026-09-19 21:25:00,oil,183.608
2026-09-19 21:25:00,anthracite,53.966
2026-09-19 21:25:00,solar,0.0
2026-09-19 21:25:00,pumped,836.7
2026-09-19 21:30:00,nuclear,23162.334
2026-09-19 21:30:00,bituminous_coal,19073.774
2026-09-19 21:30:00,lng,12903.886
2026-09-19 21:30:00,renewable,4087.887
2026-09-19 21:30:00,hydro,653.472
2026-09-19 21:30:00,oil,241.194
2026-09-19 21:30:00,anthracite,102.683
2026-09-19 21:30:00,solar,0.0
2026-09-19 21:30:00,pumped,804.211
2026-09-19 21:35:00,nuclear,23003.257
2026-09-19 21:35:00,bituminous_coal,18962.738
2026-09-19 21:35:00,lng,12856.191
2026-09-19 21:35:00,renewable,4095.696
2026-09-19 21:35:00,hydro,703.724
2026-09-19 21:35:00,oil,165.39
2026-09-19 21:35:00,anthracite,64.996
2026-09-19 21:35:00,solar,0.0
2026-09-19 21:35:00,pumped,771.815
2026-09-19 21:40:00,nuclear,22910.018
2026-09-19 21:40:00,bituminous_coal,18915.692
2026-09-19 21:40:00,lng,12852.339
2026-09-19 21:40:00,renewable,4006.669
2026-09-19 21:40:00,hydro,644.243
2026-09-19 21:40:00,oil,221.873
2026-09-19 21:40:00,anthracite,96.639
2026-09-19 21:40:00,solar,0.0
2026-09-19 21:40:00,pumped,739.528
2026-09-19 21:45:00,nuclear,22803.256
2026-09-19 21:45:00,bituminous_coal,18735.498
2026-09-19 21:45:00,lng,12790.763
2026-09-19 21:45:00,renewable,4006.412
2026-09-19 21:45:00,hydro,693.702
2026-09-19 21:45:00,oil,198.84
2026-09-19 21:45:00,anthracite,93.11
2026-09-19 21:45:00,solar,0.0
2026-09-19 21:45:00,pumped,707.365
2026-09-19 21:50:00,nuclear,22670.488
2026-09-19 21:50:00,bituminous_coal,18729.486
2026-09-19 21:50:00,lng,12660.326
2026-09-19 21:50:00,renewable,4018.108
2026-09-19 21:50:00,hydro,642.72
2026-09-19 21:50:00,oil,220.02
2026-09-19 21:50:00,anthracite,98.404
2026-09-19 21:50:00,solar,0.0
2026-09-19 21:50:00,pumped,675.341
2026-09-19 21:55:00,nuclear,22558.819
2026-09-19 21:55:00,bituminous_coal,18639.648
2026-09-19 21:55:00,lng,12656.962
2026-09-19 21:55:00,renewable,3984.862
2026-09-19 21:55:00,hydro,694.749
2026-09-19 21:55:00,oil,248.206
2026-09-19 21:55:00,anthracite,51.048
2026-09-19 21:55:00,solar,0.0
2026-09-19 21:55:00,pumped,643.471
2026-09-19 22:00:00,nuclear,22442.328
2026-09-19 22:00:00,bituminous_coal,18502.884
2026-09-19 22:00:00,lng,12565.186
2026-09-19 22:00:00,renewable,4016.277
2026-09-19 22:00:00,hydro,680.759
2026-09-19 22:00:00,oil,158.623
2026-09-19 22:00:00,anthracite,40.34
2026-09-19 22:00:00,solar,0.0
2026-09-19 22:00:00,pumped,611.771
2026-09-19 22:05:00,nuclear,22341.683
2026-09-19 22:05:00,bituminous_coal,18445.839
2026-09-19 22:05:00,lng,12464.263
2026-09-19 22:05:00,renewable,3920.481
2026-09-19 22:05:00,hydro,640.081
2026-09-19 22:05:00,oil,171.894
2026-09-19 22:05:00,anthracite,29.678
2026-09-19 22:05:00,solar,0.0
2026-09-19 22:05:00,pumped,580.256
2026-09-19 22:10:00,nuclear,22291.242
2026-09-19 22:10:00,bituminous_coal,18352.605
2026-09-19 22:10:00,lng,12472.417
2026-09-19 22:10:00,renewable,3905.96
2026-09-19 22:10:00,hydro,616.156
2026-09-19 22:10:00,oil,158.973
2026-09-19 22:10:00,anthracite,92.834
2026-09-19 22:10:00,solar,0.0
2026-09-19 22:10:00,pumped,548.941
2026-09-19 22:15:00,nuclear,22124.004
2026-09-19 22:15:00,bituminous_coal,18225.203
2026-09-19 22:15:00,lng,12375.662
2026-09-19 22:15:00,renewable,3861.63
2026-09-19 22:15:00,hydro,689.394
2026-09-19 22:15:00,oil,156.94
2026-09-19 22:15:00,anthracite,99.354
2026-09-19 22:15:00,solar,0.0
2026-09-19 22:15:00,pumped,517.841
2026-09-19 22:20:00,nuclear,22040.095
2026-09-19 22:20:00,bituminous_coal,18158.572
2026-09-19 22:20:00,lng,12280.893
2026-09-19 22:20:00,renewable,3855.237
2026-09-19 22:20:00,hydro,689.132
2026-09-19 22:20:00,oil,192.347
2026-09-19 22:20:00,anthracite,28.048
2026-09-19 22:20:00,solar,0.0
2026-09-19 22:20:00,pumped,486.97
2026-09-19 22:25:00,nuclear,22001.327
2026-09-19 22:25:00,bituminous_coal,18095.445
2026-09-19 22:25:00,lng,12228.046
2026-09-19 22:25:00,renewable,3875.694
2026-09-19 22:25:00,hydro,670.16
2026-09-19 22:25:00,oil,192.446
2026-09-19 22:25:00,anthracite,19.005
2026-09-19 22:25:00,solar,0.0
2026-09-19 22:25:00,pumped,456.343
2026-09-19 22:30:00,nuclear,21859.69
2026-09-19 22:30:00,bituminous_coal,17980.561
2026-09-19 22:30:00,lng,12160.872
2026-09-19 22:30:00,renewable,3897.33
2026-09-19 22:30:00,hydro,639.265
2026-09-19 22:30:00,oil,208.601
2026-09-19 22:30:00,anthracite,16.62
2026-09-19 22:30:00,solar,0.0
2026-09-19 22:30:00,pumped,425.975
2026-09-19 22:35:00,nuclear,21777.008
2026-09-19 22:35:00,bituminous_coal,17902.731
2026-09-19 22:35:00,lng,12115.159
2026-09-19 22:35:00,renewable,3824.659
2026-09-19 22:35:00,hydro,685.367
2026-09-19 22:35:00,oil,229.828
2026-09-19 22:35:00,anthracite,51.026
2026-09-19 22:35:00,solar,0.0
2026-09-19 22:35:00,pumped,395.88
2026-09-19 22:40:00,nuclear,21624.484
2026-09-19 22:40:00,bituminous_coal,17795.979
2026-09-19 22:40:00,lng,12120.031
2026-09-19 22:40:00,renewable,3849.173
2026-09-19 22:40:00,hydro,680.9
2026-09-19 22:40:00,oil,153.564
2026-09-19 22:40:00,anthracite,28.306
2026-09-19 22:40:00,solar,0.0
2026-09-19 22:40:00,pumped,366.073
2026-09-19 22:45:00,nuclear,21506.869
2026-09-19 22:45:00,bituminous_coal,17783.272
2026-09-19 22:45:00,lng,12088.211
2026-09-19 22:45:00,renewable,3766.193
2026-09-19 22:45:00,hydro,634.315
2026-09-19 22:45:00,oil,204.793
2026-09-19 22:45:00,anthracite,112.97
2026-09-19 22:45:00,solar,0.0
2026-09-19 22:45:00,pumped,336.567
2026-09-19 22:50:00,nuclear,21489.018
2026-09-19 22:50:00,bituminous_coal,17631.214
2026-09-19 22:50:00,lng,11971.746
2026-09-19 22:50:00,renewable,3824.968
2026-09-19 22:50:00,hydro,640.246
2026-09-19 22:50:00,oil,172.034
2026-09-19 22:50:00,anthracite,112.663
2026-09-19 22:50:00,solar,0.0
2026-09-19 22:50:00,pumped,307.377
2026-09-19 22:55:00,nuclear,21342.116
2026-09-19 22:55:00,bituminous_coal,17541.653
2026-09-19 22:55:00,lng,11933.299
2026-09-19 22:55:00,renewable,3757.125
2026-09-19 22:55:00,hydro,618.7
2026-09-19 22:55:00,oil,193.284
2026-09-19 22:55:00,anthracite,15.083
2026-09-19 22:55:00,solar,0.0
2026-09-19 22:55:00,pumped,278.517
2026-09-19 23:00:00,nuclear,21241.345
2026-09-19 23:00:00,bituminous_coal,17493.961
2026-09-19 23:00:00,lng,11897.891
2026-09-19 23:00:00,renewable,3712.448
2026-09-19 23:00:00,hydro,665.127
2026-09-19 23:00:00,oil,159.218
2026-09-19 23:00:00,anthracite,54.552
2026-09-19 23:00:00,solar,0.0
2026-09-19 23:00:00,pumped,250.0
2026-09-19 23:05:00,nuclear,21133.287
2026-09-19 23:05:00,bituminous_coal,17402.732
2026-09-19 23:05:00,lng,11822.035
2026-09-19 23:05:00,renewable,3751.98
2026-09-19 23:05:00,hydro,641.741
2026-09-19 23:05:00,oil,196.376
2026-09-19 23:05:00,anthracite,42.039
2026-09-19 23:05:00,solar,0.0
2026-09-19 23:05:00,pumped,221.84
2026-09-19 23:10:00,nuclear,21031.495
2026-09-19 23:10:00,bituminous_coal,17299.231
2026-09-19 23:10:00,lng,11763.38
2026-09-19 23:10:00,renewable,3731.93
2026-09-19 23:10:00,hydro,598.36
2026-09-19 23:10:00,oil,154.082
2026-09-19 23:10:00,anthracite,110.267
2026-09-19 23:10:00,solar,0.0
2026-09-19 23:10:00,pumped,194.051
2026-09-19 23:15:00,nuclear,20983.615
2026-09-19 23:15:00,bituminous_coal,17227.001
2026-09-19 23:15:00,lng,11692.394
2026-09-19 23:15:00,renewable,3666.722
2026-09-19 23:15:00,hydro,632.412
2026-09-19 23:15:00,oil,219.65
2026-09-19 23:15:00,anthracite,86.465
2026-09-19 23:15:00,solar,0.0
2026-09-19 23:15:00,pumped,166.645
2026-09-19 23:20:00,nuclear,20903.222
2026-09-19 23:20:00,bituminous_coal,17218.761
2026-09-19 23:20:00,lng,11709.852
2026-09-19 23:20:00,renewable,3663.781
2026-09-19 23:20:00,hydro,641.391
2026-09-19 23:20:00,oil,170.525
2026-09-19 23:20:00,anthracite,44.113
2026-09-19 23:20:00,solar,0.0
2026-09-19 23:20:00,pumped,139.635
2026-09-19 23:25:00,nuclear,20820.468
2026-09-19 23:25:00,bituminous_coal,17076.755
2026-09-19 23:25:00,lng,11601.996
2026-09-19 23:25:00,renewable,3690.152
2026-09-19 23:25:00,hydro,606.758
2026-09-19 23:25:00,oil,218.269
2026-09-19 23:25:00,anthracite,59.806
2026-09-19 23:25:00,solar,0.0
2026-09-19 23:25:00,pumped,113.036
2026-09-19 23:30:00,nuclear,20723.212
2026-09-19 23:30:00,bituminous_coal,17008.729
2026-09-19 23:30:00,lng,11562.429
2026-09-19 23:30:00,renewable,3637.028
2026-09-19 23:30:00,hydro,598.728
2026-09-19 23:30:00,oil,149.752
2026-09-19 23:30:00,anthracite,67.009
2026-09-19 23:30:00,solar,0.0
2026-09-19 23:30:00,pumped,86.858
2026-09-19 23:35:00,nuclear,20585.137
2026-09-19 23:35:00,bituminous_coal,16986.094
2026-09-19 23:35:00,lng,11479.329
2026-09-19 23:35:00,renewable,3601.414
2026-09-19 23:35:00,hydro,599.828
2026-09-19 23:35:00,oil,166.921
2026-09-19 23:35:00,anthracite,13.445
2026-09-19 23:35:00,solar,0.0
2026-09-19 23:35:00,pumped,61.115
2026-09-19 23:40:00,nuclear,20571.0
2026-09-19 23:40:00,bituminous_coal,16861.897
2026-09-19 23:40:00,lng,11456.275
2026-09-19 23:40:00,renewable,3621.02
2026-09-19 23:40:00,hydro,640.403
2026-09-19 23:40:00,oil,161.813
2026-09-19 23:40:00,anthracite,26.072
2026-09-19 23:40:00,solar,0.0
2026-09-19 23:40:00,pumped,35.819
2026-09-19 23:45:00,nuclear,20472.214
2026-09-19 23:45:00,bituminous_coal,16833.669
2026-09-19 23:45:00,lng,11372.723
2026-09-19 23:45:00,renewable,3642.303
2026-09-19 23:45:00,hydro,588.104
2026-09-19 23:45:00,oil,151.585
2026-09-19 23:45:00,anthracite,106.474
2026-09-19 23:45:00,solar,0.0
2026-09-19 23:45:00,pumped,10.981
2026-09-19 23:50:00,nuclear,20350.384
2026-09-19 23:50:00,bituminous_coal,16719.326
2026-09-19 23:50:00,lng,11340.479
2026-09-19 23:50:00,renewable,3565.756
2026-09-19 23:50:00,hydro,552.83
2026-09-19 23:50:00,oil,134.284
2026-09-19 23:50:00,anthracite,27.375
2026-09-19 23:50:00,solar,0.0
2026-09-19 23:50:00,pumped,0.0
2026-09-19 23:55:00,nuclear,20305.449
2026-09-19 23:55:00,bituminous_coal,16676.564
2026-09-19 23:55:00,lng,11369.66
2026-09-19 23:55:00,renewable,3607.25
2026-09-19 23:55:00,hydro,640.726
2026-09-19 23:55:00,oil,136.819
2026-09-19 23:55:00,anthracite,98.445
2026-09-19 23:55:00,solar,0.0
2026-09-19 23:55:00,pumped,0.0
2026-09-20 00:00:00,nuclear,20147.049
2026-09-20 00:00:00,bituminous_coal,16667.871
2026-09-20 00:00:00,lng,11286.494
2026-09-20 00:00:00,renewable,3558.499
2026-09-20 00:00:00,hydro,565.007
2026-09-20 00:00:00,oil,171.632
2026-09-20 00:00:00,anthracite,42.551
2026-09-20 00:00:00,solar,0.0
2026-09-20 00:00:00,pumped,0.0
2026-09-20 00:05:00,nuclear,20139.875
2026-09-20 00:05:00,bituminous_coal,16608.7
2026-09-20 00:05:00,lng,11245.069
2026-09-20 00:05:00,renewable,3571.054
2026-09-20 00:05:00,hydro,575.576
2026-09-20 00:05:00,oil,130.919
2026-09-20 00:05:00,anthracite,63.873
2026-09-20 00:05:00,solar,0.0
2026-09-20 00:05:00,pumped,0.0
2026-09-20 00:10:00,nuclear,20039.737
2026-09-20 00:10:00,bituminous_coal,16479.069
2026-09-20 00:10:00,lng,11166.894
2026-09-20 00:10:00,renewable,3502.165
2026-09-20 00:10:00,hydro,564.002
2026-09-20 00:10:00,oil,199.019
2026-09-20 00:10:00,anthracite,97.77
2026-09-20 00:10:00,solar,0.0
2026-09-20 00:10:00,pumped,0.0
2026-09-20 00:15:00,nuclear,20000.048
2026-09-20 00:15:00,bituminous_coal,16410.47
2026-09-20 00:15:00,lng,11134.936
2026-09-20 00:15:00,renewable,3527.957
2026-09-20 00:15:00,hydro,601.847
2026-09-20 00:15:00,oil,218.651
2026-09-20 00:15:00,anthracite,11.441
2026-09-20 00:15:00,solar,0.0
2026-09-20 00:15:00,pumped,0.0
2026-09-20 00:20:00,nuclear,19940.199
2026-09-20 00:20:00,bituminous_coal,16418.73
2026-09-20 00:20:00,lng,11138.945
2026-09-20 00:20:00,renewable,3487.549
2026-09-20 00:20:00,hydro,582.515
2026-09-20 00:20:00,oil,198.886
2026-09-20 00:20:00,anthracite,67.459
2026-09-20 00:20:00,solar,0.0
2026-09-20 00:20:00,pumped,0.0
2026-09-20 00:25:00,nuclear,19819.492
2026-09-20 00:25:00,bituminous_coal,16280.206
2026-09-20 00:25:00,lng,11079.538
2026-09-20 00:25:00,renewable,3476.223
2026-09-20 00:25:00,hydro,548.65
2026-09-20 00:25:00,oil,213.598
2026-09-20 00:25:00,anthracite,20.317
2026-09-20 00:25:00,solar,0.0
2026-09-20 00:25:00,pumped,0.0
2026-09-20 00:30:00,nuclear,19803.762
2026-09-20 00:30:00,bituminous_coal,16273.679
2026-09-20 00:30:00,lng,10991.702
2026-09-20 00:30:00,renewable,3517.262
2026-09-20 00:30:00,hydro,596.078
2026-09-20 00:30:00,oil,155.878
2026-09-20 00:30:00,anthracite,96.392
2026-09-20 00:30:00,solar,0.0
2026-09-20 00:30:00,pumped,0.0
2026-09-20 00:35:00,nuclear,19727.9
2026-09-20 00:35:00,bituminous_coal,16184.091
2026-09-20 00:35:00,lng,11015.701
2026-09-20 00:35:00,renewable,3424.844
2026-09-20 00:35:00,hydro,592.152
2026-09-20 00:35:00,oil,155.185
2026-09-20 00:35:00,anthracite,40.189
2026-09-20 00:35:00,solar,0.0
2026-09-20 00:35:00,pumped,0.0
2026-09-20 00:40:00,nuclear,19614.854
2026-09-20 00:40:00,bituminous_coal,16113.285
2026-09-20 00:40:00,lng,11008.443
2026-09-20 00:40:00,renewable,3478.678
2026-09-20 00:40:00,hydro,609.852
2026-09-20 00:40:00,oil,123.662
2026-09-20 00:40:00,anthracite,34.2
2026-09-20 00:40:00,solar,0.0
2026-09-20 00:40:00,pumped,0.0
2026-09-20 00:45:00,nuclear,19534.226
2026-09-20 00:45:00,bituminous_coal,16073.587
2026-09-20 00:45:00,lng,10931.178
2026-09-20 00:45:00,renewable,3440.153
2026-09-20 00:45:00,hydro,534.693
2026-09-20 00:45:00,oil,179.234
2026-09-20 00:45:00,anthracite,79.275
2026-09-20 00:45:00,solar,0.0
2026-09-20 00:45:00,pumped,0.0
2026-09-20 00:50:00,nuclear,19500.845
2026-09-20 00:50:00,bituminous_coal,16023.372
2026-09-20 00:50:00,lng,10887.023
2026-09-20 00:50:00,renewable,3489.644
2026-09-20 00:50:00,hydro,562.502
2026-09-20 00:50:00,oil,122.925
2026-09-20 00:50:00,anthracite,68.626
2026-09-20 00:50:00,solar,0.0
2026-09-20 00:50:00,pumped,0.0
2026-09-20 00:55:00,nuclear,19404.884
2026-09-20 00:55:00,bituminous_coal,16027.478
2026-09-20 00:55:00,lng,10857.873
2026-09-20 00:55:00,renewable,3449.113
2026-09-20 00:55:00,hydro,564.955
2026-09-20 00:55:00,oil,180.834
2026-09-20 00:55:00,anthracite,36.01
2026-09-20 00:55:00,solar,0.0
2026-09-20 00:55:00,pumped,0.0
2026-09-20 01:00:00,nuclear,19386.275
2026-09-20 01:00:00,bituminous_coal,15921.623
2026-09-20 01:00:00,lng,10798.921
2026-09-20 01:00:00,renewable,3420.163
2026-09-20 01:00:00,hydro,520.828
2026-09-20 01:00:00,oil,144.618
2026-09-20 01:00:00,anthracite,102.651
2026-09-20 01:00:00,solar,0.0
2026-09-20 01:00:00,pumped,-1200.0
2026-09-20 01:05:00,nuclear,19375.37
2026-09-20 01:05:00,bituminous_coal,15952.794
2026-09-20 01:05:00,lng,10810.648
2026-09-20 01:05:00,renewable,3373.093
2026-09-20 01:05:00,hydro,606.204
2026-09-20 01:05:00,oil,129.704
2026-09-20 01:05:00,anthracite,46.621
2026-09-20 01:05:00,solar,0.0
2026-09-20 01:05:00,pumped,-1200.0
2026-09-20 01:10:00,nuclear,19269.651
2026-09-20 01:10:00,bituminous_coal,15907.976
2026-09-20 01:10:00,lng,10760.108
2026-09-20 01:10:00,renewable,3406.735
2026-09-20 01:10:00,hydro,611.426
2026-09-20 01:10:00,oil,164.29
2026-09-20 01:10:00,anthracite,57.432
2026-09-20 01:10:00,solar,0.0
2026-09-20 01:10:00,pumped,-1200.0
2026-09-20 01:15:00,nuclear,19183.502
2026-09-20 01:15:00,bituminous_coal,15868.038
2026-09-20 01:15:00,lng,10767.218
2026-09-20 01:15:00,renewable,3376.167
2026-09-20 01:15:00,hydro,525.596
2026-09-20 01:15:00,oil,166.315
2026-09-20 01:15:00,anthracite,11.862
2026-09-20 01:15:00,solar,0.0
2026-09-20 01:15:00,pumped,-1200.0
2026-09-20 01:20:00,nuclear,19195.043
2026-09-20 01:20:00,bituminous_coal,15834.219
2026-09-20 01:20:00,lng,10700.769
2026-09-20 01:20:00,renewable,3380.397
2026-09-20 01:20:00,hydro,517.331
2026-09-20 01:20:00,oil,207.746
2026-09-20 01:20:00,anthracite,58.628
2026-09-20 01:20:00,solar,0.0
2026-09-20 01:20:00,pumped,-1200.0
2026-09-20 01:25:00,nuclear,19114.954
2026-09-20 01:25:00,bituminous_coal,15786.818
2026-09-20 01:25:00,lng,10669.712
2026-09-20 01:25:00,renewable,3341.685
2026-09-20 01:25:00,hydro,594.185
2026-09-20 01:25:00,oil,169.868
2026-09-20 01:25:00,anthracite,79.195
2026-09-20 01:25:00,solar,0.0
2026-09-20 01:25:00,pumped,-1200.0
2026-09-20 01:30:00,nuclear,19099.066
2026-09-20 01:30:00,bituminous_coal,15730.273
2026-09-20 01:30:00,lng,10685.223
2026-09-20 01:30:00,renewable,3402.038
2026-09-20 01:30:00,hydro,591.633
2026-09-20 01:30:00,oil,212.925
2026-09-20 01:30:00,anthracite,43.817
2026-09-20 01:30:00,solar,0.0
2026-09-20 01:30:00,pumped,-1200.0
2026-09-20 01:35:00,nuclear,19066.57
2026-09-20 01:35:00,bituminous_coal,15712.815
2026-09-20 01:35:00,lng,10628.379
2026-09-20 01:35:00,renewable,3321.938
2026-09-20 01:35:00,hydro,598.57
2026-09-20 01:35:00,oil,178.962
2026-09-20 01:35:00,anthracite,17.579
2026-09-20 01:35:00,solar,0.0
2026-09-20 01:35:00,pumped,-1200.0
2026-09-20 01:40:00,nuclear,18975.418
2026-09-20 01:40:00,bituminous_coal,15697.222
2026-09-20 01:40:00,lng,10659.117
2026-09-20 01:40:00,renewable,3360.364
2026-09-20 01:40:00,hydro,596.496
2026-09-20 01:40:00,oil,171.432
2026-09-20 01:40:00,anthracite,24.61
2026-09-20 01:40:00,solar,0.0
2026-09-20 01:40:00,pumped,-1200.0
2026-09-20 01:45:00,nuclear,18921.842
2026-09-20 01:45:00,bituminous_coal,15615.457
2026-09-20 01:45:00,lng,10636.364
2026-09-20 01:45:00,renewable,3357.876
2026-09-20 01:45:00,hydro,581.887
2026-09-20 01:45:00,oil,210.379
2026-09-20 01:45:00,anthracite,72.12
2026-09-20 01:45:00,solar,0.0
2026-09-20 01:45:00,pumped,-1200.0
2026-09-20 01:50:00,nuclear,18906.064
2026-09-20 01:50:00,bituminous_coal,15560.072
2026-09-20 01:50:00,lng,10536.814
2026-09-20 01:50:00,renewable,3334.23
2026-09-20 01:50:00,hydro,573.642
2026-09-20 01:50:00,oil,195.454
2026-09-20 01:50:00,anthracite,73.095
2026-09-20 01:50:00,solar,0.0
2026-09-20 01:50:00,pumped,-1200.0
2026-09-20 01:55:00,nuclear,18912.137
2026-09-20 01:55:00,bituminous_coal,15575.586
2026-09-20 01:55:00,lng,10552.959
2026-09-20 01:55:00,renewable,3299.922
2026-09-20 01:55:00,hydro,525.88
2026-09-20 01:55:00,oil,163.956
2026-09-20 01:55:00,anthracite,73.104
2026-09-20 01:55:00,solar,0.0
2026-09-20 01:55:00,pumped,-1200.0
2026-09-20 02:00:00,nuclear,18859.823
2026-09-20 02:00:00,bituminous_coal,15513.232
2026-09-20 02:00:00,lng,10549.915
2026-09-20 02:00:00,renewable,3299.114
2026-09-20 02:00:00,hydro,518.978
2026-09-20 02:00:00,oil,202.472
2026-09-20 02:00:00,anthracite,27.853
2026-09-20 02:00:00,solar,0.0
2026-09-20 02:00:00,pumped,-1200.0
2026-09-20 02:05:00,nuclear,18841.646
2026-09-20 02:05:00,bituminous_coal,15537.25
2026-09-20 02:05:00,lng,10554.001
2026-09-20 02:05:00,renewable,3335.202
2026-09-20 02:05:00,hydro,564.846
2026-09-20 02:05:00,oil,162.844
2026-09-20 02:05:00,anthracite,102.775
2026-09-20 02:05:00,solar,0.0
2026-09-20 02:05:00,pumped,-1200.0
2026-09-20 02:10:00,nuclear,18826.954
2026-09-20 02:10:00,bituminous_coal,15517.565
2026-09-20 02:10:00,lng,10537.213
2026-09-20 02:10:00,renewable,3301.97
2026-09-20 02:10:00,hydro,563.554
2026-09-20 02:10:00,oil,157.911
2026-09-20 02:10:00,anthracite,95.488
2026-09-20 02:10:00,solar,0.0
2026-09-20 02:10:00,pumped,-1200.0
2026-09-20 02:15:00,nuclear,18826.502
2026-09-20 02:15:00,bituminous_coal,15525.877
2026-09-20 02:15:00,lng,10460.226
2026-09-20 02:15:00,renewable,3356.325
2026-09-20 02:15:00,hydro,503.302
2026-09-20 02:15:00,oil,190.244
2026-09-20 02:15:00,anthracite,6.066
2026-09-20 02:15:00,solar,0.0
2026-09-20 02:15:00,pumped,-1200.0
2026-09-20 02:20:00,nuclear,18755.265
2026-09-20 02:20:00,bituminous_coal,15438.146
2026-09-20 02:20:00,lng,10497.44
2026-09-20 02:20:00,renewable,3294.255
2026-09-20 02:20:00,hydro,577.598
2026-09-20 02:20:00,oil,183.166
2026-09-20 02:20:00,anthracite,7.008
2026-09-20 02:20:00,solar,0.0
2026-09-20 02:20:00,pumped,-1200.0
2026-09-20 02:25:00,nuclear,18798.231
2026-09-20 02:25:00,bituminous_coal,15428.165
2026-09-20 02:25:00,lng,10450.533
2026-09-20 02:25:00,renewable,3314.443
2026-09-20 02:25:00,hydro,514.705
2026-09-20 02:25:00,oil,184.626
2026-09-20 02:25:00,anthracite,29.465
2026-09-20 02:25:00,solar,0.0
2026-09-20 02:25:00,pumped,-1200.0
2026-09-20 02:30:00,nuclear,18768.975
2026-09-20 02:30:00,bituminous_coal,15427.178
2026-09-20 02:30:00,lng,10438.003
2026-09-20 02:30:00,renewable,3261.295
2026-09-20 02:30:00,hydro,598.952
2026-09-20 02:30:00,oil,134.437
2026-09-20 02:30:00,anthracite,79.788
2026-09-20 02:30:00,solar,0.0
2026-09-20 02:30:00,pumped,-1200.0
2026-09-20 02:35:00,nuclear,18696.203
2026-09-20 02:35:00,bituminous_coal,15456.664
2026-09-20 02:35:00,lng,10498.286
2026-09-20 02:35:00,renewable,3344.389
2026-09-20 02:35:00,hydro,567.62
2026-09-20 02:35:00,oil,130.842
2026-09-20 02:35:00,anthracite,65.732
2026-09-20 02:35:00,solar,0.0
2026-09-20 02:35:00,pumped,-1200.0
2026-09-20 02:40:00,nuclear,18716.674
2026-09-20 02:40:00,bituminous_coal,15434.834
2026-09-20 02:40:00,lng,10504.578
2026-09-20 02:40:00,renewable,3304.289
2026-09-20 02:40:00,hydro,520.614
2026-09-20 02:40:00,oil,202.446
2026-09-20 02:40:00,anthracite,31.63
2026-09-20 02:40:00,solar,0.0
2026-09-20 02:40:00,pumped,-1200.0
2026-09-20 02:45:00,nuclear,18715.989
2026-09-20 02:45:00,bituminous_coal,15366.047
2026-09-20 02:45:00,lng,10432.351
2026-09-20 02:45:00,renewable,3256.507
2026-09-20 02:45:00,hydro,546.239
2026-09-20 02:45:00,oil,147.309
2026-09-20 02:45:00,anthracite,56.208
2026-09-20 02:45:00,solar,0.0
2026-09-20 02:45:00,pumped,-1200.0
2026-09-20 02:50:00,nuclear,18727.394
2026-09-20 02:50:00,bituminous_coal,15425.062
2026-09-20 02:50:00,lng,10495.335
2026-09-20 02:50:00,renewable,3287.81
2026-09-20 02:50:00,hydro,555.422
2026-09-20 02:50:00,oil,138.576
2026-09-20 02:50:00,anthracite,42.219
2026-09-20 02:50:00,solar,0.0
2026-09-20 02:50:00,pumped,-1200.0
2026-09-20 02:55:00,nuclear,18709.784
2026-09-20 02:55:00,bituminous_coal,15373.934
2026-09-20 02:55:00,lng,10452.92
2026-09-20 02:55:00,renewable,3298.673
2026-09-20 02:55:00,hydro,555.349
2026-09-20 02:55:00,oil,203.653
2026-09-20 02:55:00,anthracite,85.161
2026-09-20 02:55:00,solar,0.0
2026-09-20 02:55:00,pumped,-1200.0
2026-09-20 03:00:00,nuclear,18735.107
2026-09-20 03:00:00,bituminous_coal,15362.284
2026-09-20 03:00:00,lng,10490.919
2026-09-20 03:00:00,renewable,3347.946
2026-09-20 03:00:00,hydro,548.351
2026-09-20 03:00:00,oil,180.349
2026-09-20 03:00:00,anthracite,61.88
2026-09-20 03:00:00,solar,0.0
2026-09-20 03:00:00,pumped,-1200.0
2026-09-20 03:05:00,nuclear,18660.98
2026-09-20 03:05:00,bituminous_coal,15419.074
2026-09-20 03:05:00,lng,10434.013
2026-09-20 03:05:00,renewable,3321.223
2026-09-20 03:05:00,hydro,593.424
2026-09-20 03:05:00,oil,212.735
2026-09-20 03:05:00,anthracite,104.759
2026-09-20 03:05:00,solar,0.0
2026-09-20 03:05:00,pumped,-1200.0
2026-09-20 03:10:00,nuclear,18685.142
2026-09-20 03:10:00,bituminous_coal,15406.8
2026-09-20 03:10:00,lng,10493.53
2026-09-20 03:10:00,renewable,3264.43
2026-09-20 03:10:00,hydro,536.226
2026-09-20 03:10:00,oil,190.316
2026-09-20 03:10:00,anthracite,19.449
2026-09-20 03:10:00,solar,0.0
2026-09-20 03:10:00,pumped,-1200.0
2026-09-20 03:15:00,nuclear,18671.361
2026-09-20 03:15:00,bituminous_coal,15405.706
2026-09-20 03:15:00,lng,10482.59
2026-09-20 03:15:00,renewable,3276.453
2026-09-20 03:15:00,hydro,586.242
2026-09-20 03:15:00,oil,181.772
2026-09-20 03:15:00,anthracite,60.157
2026-09-20 03:15:00,solar,0.0
2026-09-20 03:15:00,pumped,-1200.0
2026-09-20 03:20:00,nuclear,18679.146
2026-09-20 03:20:00,bituminous_coal,15409.64
2026-09-20 03:20:00,lng,10468.055
2026-09-20 03:20:00,renewable,3308.019
2026-09-20 03:20:00,hydro,525.149
2026-09-20 03:20:00,oil,212.647
2026-09-20 03:20:00,anthracite,55.263
2026-09-20 03:20:00,solar,0.0
2026-09-20 03:20:00,pumped,-1200.0
2026-09-20 03:25:00,nuclear,18705.88
2026-09-20 03:25:00,bituminous_coal,15407.742
2026-09-20 03:25:00,lng,10471.907
2026-09-20 03:25:00,renewable,3277.727
2026-09-20 03:25:00,hydro,591.542
2026-09-20 03:25:00,oil,154.947
2026-09-20 03:25:00,anthracite,59.145
2026-09-20 03:25:00,solar,0.0
2026-09-20 03:25:00,pumped,-1200.0
2026-09-20 03:30:00,nuclear,18777.322
2026-09-20 03:30:00,bituminous_coal,15481.243
2026-09-20 03:30:00,lng,10439.204
2026-09-20 03:30:00,renewable,3289.654
2026-09-20 03:30:00,hydro,575.54
2026-09-20 03:30:00,oil,149.972
2026-09-20 03:30:00,anthracite,57.217
2026-09-20 03:30:00,solar,0.0
2026-09-20 03:30:00,pumped,-1200.0
2026-09-20 03:35:00,nuclear,18806.936
2026-09-20 03:35:00,bituminous_coal,15473.585
2026-09-20 03:35:00,lng,10488.122
2026-09-20 03:35:00,renewable,3306.207
2026-09-20 03:35:00,hydro,592.174
2026-09-20 03:35:00,oil,164.98
2026-09-20 03:35:00,anthracite,50.609
2026-09-20 03:35:00,solar,0.0
2026-09-20 03:35:00,pumped,-1200.0
2026-09-20 03:40:00,nuclear,18728.836
2026-09-20 03:40:00,bituminous_coal,15455.488
2026-09-20 03:40:00,lng,10530.537
2026-09-20 03:40:00,renewable,3336.916
2026-09-20 03:40:00,hydro,595.554
2026-09-20 03:40:00,oil,173.757
2026-09-20 03:40:00,anthracite,27.545
2026-09-20 03:40:00,solar,0.0
2026-09-20 03:40:00,pumped,-1200.0
2026-09-20 03:45:00,nuclear,18816.744
2026-09-20 03:45:00,bituminous_coal,15469.249
2026-09-20 03:45:00,lng,10545.631
2026-09-20 03:45:00,renewable,3276.28
2026-09-20 03:45:00,hydro,524.962
2026-09-20 03:45:00,oil,151.479
2026-09-20 03:45:00,anthracite,86.505
2026-09-20 03:45:00,solar,0.0
2026-09-20 03:45:00,pumped,-1200.0
2026-09-20 03:50:00,nuclear,18838.549
2026-09-20 03:50:00,bituminous_coal,15466.976
2026-09-20 03:50:00,lng,10556.952
2026-09-20 03:50:00,renewable,3361.679
2026-09-20 03:50:00,hydro,520.049
2026-09-20 03:50:00,oil,185.021
2026-09-20 03:50:00,anthracite,65.104
2026-09-20 03:50:00,solar,0.0
2026-09-20 03:50:00,pumped,-1200.0
2026-09-20 03:55:00,nuclear,18815.373
2026-09-20 03:55:00,bituminous_coal,15541.914
2026-09-20 03:55:00,lng,10509.403
2026-09-20 03:55:00,renewable,3350.362
2026-09-20 03:55:00,hydro,579.062
2026-09-20 03:55:00,oil,188.73
2026-09-20 03:55:00,anthracite,78.517
2026-09-20 03:55:00,solar,0.0
2026-09-20 03:55:00,pumped,-1200.0
2026-09-20 04:00:00,nuclear,18917.104
2026-09-20 04:00:00,bituminous_coal,15506.122
2026-09-20 04:00:00,lng,10542.072
2026-09-20 04:00:00,renewable,3324.294
2026-09-20 04:00:00,hydro,569.385
2026-09-20 04:00:00,oil,212.105
2026-09-20 04:00:00,anthracite,78.329
2026-09-20 04:00:00,solar,0.0
2026-09-20 04:00:00,pumped,-1200.0
2026-09-20 04:05:00,nuclear,18939.214
2026-09-20 04:05:00,bituminous_coal,15592.414
2026-09-20 04:05:00,lng,10527.631
2026-09-20 04:05:00,renewable,3293.363
2026-09-20 04:05:00,hydro,520.275
2026-09-20 04:05:00,oil,172.596
2026-09-20 04:05:00,anthracite,25.785
2026-09-20 04:05:00,solar,0.0
2026-09-20 04:05:00,pumped,-1200.0
2026-09-20 04:10:00,nuclear,18910.372
2026-09-20 04:10:00,bituminous_coal,15553.819
2026-09-20 04:10:00,lng,10607.829
2026-09-20 04:10:00,renewable,3375.843
2026-09-20 04:10:00,hydro,544.936
2026-09-20 04:10:00,oil,177.773
2026-09-20 04:10:00,anthracite,54.223
2026-09-20 04:10:00,solar,0.0
2026-09-20 04:10:00,pumped,-1200.0
2026-09-20 04:15:00,nuclear,18979.983
2026-09-20 04:15:00,bituminous_coal,15607.271
2026-09-20 04:15:00,lng,10623.189
2026-09-20 04:15:00,renewable,3352.55
2026-09-20 04:15:00,hydro,607.902
2026-09-20 04:15:00,oil,139.588
2026-09-20 04:15:00,anthracite,15.727
2026-09-20 04:15:00,solar,0.0
2026-09-20 04:15:00,pumped,-1200.0
2026-09-20 04:20:00,nuclear,18970.211
2026-09-20 04:20:00,bituminous_coal,15614.228
2026-09-20 04:20:00,lng,10643.211
2026-09-20 04:20:00,renewable,3323.547
2026-09-20 04:20:00,hydro,574.392
2026-09-20 04:20:00,oil,154.016
2026-09-20 04:20:00,anthracite,59.777
2026-09-20 04:20:00,solar,0.0
2026-09-20 04:20:00,pumped,-1200.0
2026-09-20 04:25:00,nuclear,19096.748
2026-09-20 04:25:00,bituminous_coal,15686.025
2026-09-20 04:25:00,lng,10673.135
2026-09-20 04:25:00,renewable,3399.374
2026-09-20 04:25:00,hydro,564.265
2026-09-20 04:25:00,oil,149.087
2026-09-20 04:25:00,anthracite,52.017
2026-09-20 04:25:00,solar,0.0
2026-09-20 04:25:00,pumped,-1200.0
2026-09-20 04:30:00,nuclear,19135.698
2026-09-20 04:30:00,bituminous_coal,15720.454
2026-09-20 04:30:00,lng,10713.158
2026-09-20 04:30:00,renewable,3405.723
2026-09-20 04:30:00,hydro,598.205
2026-09-20 04:30:00,oil,202.214
2026-09-20 04:30:00,anthracite,39.458
2026-09-20 04:30:00,solar,0.0
2026-09-20 04:30:00,pumped,-1200.0
2026-09-20 04:35:00,nuclear,19174.159
2026-09-20 04:35:00,bituminous_coal,15796.581
2026-09-20 04:35:00,lng,10706.446
2026-09-20 04:35:00,renewable,3352.7
2026-09-20 04:35:00,hydro,535.759
2026-09-20 04:35:00,oil,187.819
2026-09-20 04:35:00,anthracite,70.304
2026-09-20 04:35:00,solar,0.0
2026-09-20 04:35:00,pumped,-1200.0
2026-09-20 04:40:00,nuclear,19138.188
2026-09-20 04:40:00,bituminous_coal,15769.104
2026-09-20 04:40:00,lng,10689.953
2026-09-20 04:40:00,renewable,3339.871
2026-09-20 04:40:00,hydro,603.01
2026-09-20 04:40:00,oil,195.119
2026-09-20 04:40:00,anthracite,32.719
2026-09-20 04:40:00,solar,0.0
2026-09-20 04:40:00,pumped,-1200.0
2026-09-20 04:45:00,nuclear,19256.283
2026-09-20 04:45:00,bituminous_coal,15808.955
2026-09-20 04:45:00,lng,10746.687
2026-09-20 04:45:00,renewable,3433.331
2026-09-20 04:45:00,hydro,576.119
2026-09-20 04:45:00,oil,161.788
2026-09-20 04:45:00,anthracite,14.273
2026-09-20 04:45:00,solar,0.0
2026-09-20 04:45:00,pumped,-1200.0
2026-09-20 04:50:00,nuclear,19289.164
2026-09-20 04:50:00,bituminous_coal,15877.626
2026-09-20 04:50:00,lng,10800.903
2026-09-20 04:50:00,renewable,3353.043
2026-09-20 04:50:00,hydro,588.194
2026-09-20 04:50:00,oil,194.362
2026-09-20 04:50:00,anthracite,64.252
2026-09-20 04:50:00,solar,0.0
2026-09-20 04:50:00,pumped,-1200.0
2026-09-20 04:55:00,nuclear,19342.873
2026-09-20 04:55:00,bituminous_coal,15912.066
2026-09-20 04:55:00,lng,10784.471
2026-09-20 04:55:00,renewable,3381.072
2026-09-20 04:55:00,hydro,582.29
2026-09-20 04:55:00,oil,191.557
2026-09-20 04:55:00,anthracite,88.791
2026-09-20 04:55:00,solar,0.0
2026-09-20 04:55:00,pumped,-1200.0
2026-09-20 05:00:00,nuclear,19406.522
2026-09-20 05:00:00,bituminous_coal,16012.646
2026-09-20 05:00:00,lng,10810.233
2026-09-20 05:00:00,renewable,3376.933
2026-09-20 05:00:00,hydro,533.208
2026-09-20 05:00:00,oil,142.034
2026-09-20 05:00:00,anthracite,21.623
2026-09-20 05:00:00,solar,12.558
2026-09-20 05:00:00,pumped,-1200.0
2026-09-20 05:05:00,nuclear,19467.111
2026-09-20 05:05:00,bituminous_coal,16004.706
2026-09-20 05:05:00,lng,10857.835
2026-09-20 05:05:00,renewable,3382.331
2026-09-20 05:05:00,hydro,536.213
2026-09-20 05:05:00,oil,164.011
2026-09-20 05:05:00,anthracite,47.298
2026-09-20 05:05:00,solar,144.153
2026-09-20 05:05:00,pumped,-1200.0
2026-09-20 05:10:00,nuclear,19508.199
2026-09-20 05:10:00,bituminous_coal,16070.648
2026-09-20 05:10:00,lng,10904.062
2026-09-20 05:10:00,renewable,3447.649
2026-09-20 05:10:00,hydro,599.688
2026-09-20 05:10:00,oil,165.041
2026-09-20 05:10:00,anthracite,65.852
2026-09-20 05:10:00,solar,276.869
2026-09-20 05:10:00,pumped,-1200.0
2026-09-20 05:15:00,nuclear,19535.877
2026-09-20 05:15:00,bituminous_coal,16155.242
2026-09-20 05:15:00,lng,10900.075
2026-09-20 05:15:00,renewable,3441.143
2026-09-20 05:15:00,hydro,564.058
2026-09-20 05:15:00,oil,136.796
2026-09-20 05:15:00,anthracite,34.898
2026-09-20 05:15:00,solar,410.643
2026-09-20 05:15:00,pumped,-1200.0
2026-09-20 05:20:00,nuclear,19581.191
2026-09-20 05:20:00,bituminous_coal,16189.39
2026-09-20 05:20:00,lng,10950.021
2026-09-20 05:20:00,renewable,3443.915
2026-09-20 05:20:00,hydro,538.734
2026-09-20 05:20:00,oil,184.528
2026-09-20 05:20:00,anthracite,56.661
2026-09-20 05:20:00,solar,545.412
2026-09-20 05:20:00,pumped,-1200.0
2026-09-20 05:25:00,nuclear,19723.152
2026-09-20 05:25:00,bituminous_coal,16256.174
2026-09-20 05:25:00,lng,10976.932
2026-09-20 05:25:00,renewable,3486.27
2026-09-20 05:25:00,hydro,567.832
2026-09-20 05:25:00,oil,132.495
2026-09-20 05:25:00,anthracite,38.098
2026-09-20 05:25:00,solar,681.111
2026-09-20 05:25:00,pumped,-1200.0
2026-09-20 05:30:00,nuclear,19764.934
2026-09-20 05:30:00,bituminous_coal,16286.214
2026-09-20 05:30:00,lng,11072.458
2026-09-20 05:30:00,renewable,3533.5
2026-09-20 05:30:00,hydro,535.878
2026-09-20 05:30:00,oil,127.274
2026-09-20 05:30:00,anthracite,87.709
2026-09-20 05:30:00,solar,817.676
2026-09-20 05:30:00,pumped,-1200.0
2026-09-20 05:35:00,nuclear,19838.337
2026-09-20 05:35:00,bituminous_coal,16276.86
2026-09-20 05:35:00,lng,11090.139
2026-09-20 05:35:00,renewable,3502.501
2026-09-20 05:35:00,hydro,587.938
2026-09-20 05:35:00,oil,125.164
2026-09-20 05:35:00,anthracite,84.16
2026-09-20 05:35:00,solar,955.042
2026-09-20 05:35:00,pumped,-1200.0
2026-09-20 05:40:00,nuclear,19902.203
2026-09-20 05:40:00,bituminous_coal,16342.708
2026-09-20 05:40:00,lng,11126.161
2026-09-20 05:40:00,renewable,3531.755
2026-09-20 05:40:00,hydro,560.055
2026-09-20 05:40:00,oil,215.95
2026-09-20 05:40:00,anthracite,12.988
2026-09-20 05:40:00,solar,1093.143
2026-09-20 05:40:00,pumped,-1200.0
2026-09-20 05:45:00,nuclear,19943.806
2026-09-20 05:45:00,bituminous_coal,16422.012
2026-09-20 05:45:00,lng,11130.369
2026-09-20 05:45:00,renewable,3568.276
2026-09-20 05:45:00,hydro,618.874
2026-09-20 05:45:00,oil,148.371
2026-09-20 05:45:00,anthracite,26.693
2026-09-20 05:45:00,solar,1231.913
2026-09-20 05:45:00,pumped,-1200.0
2026-09-20 05:50:00,nuclear,20058.25
2026-09-20 05:50:00,bituminous_coal,16490.943
2026-09-20 05:50:00,lng,11230.554
2026-09-20 05:50:00,renewable,3525.445
2026-09-20 05:50:00,hydro,579.629
2026-09-20 05:50:00,oil,203.966
2026-09-20 05:50:00,anthracite,95.431
2026-09-20 05:50:00,solar,1371.287
2026-09-20 05:50:00,pumped,-1200.0
2026-09-20 05:55:00,nuclear,20117.813
2026-09-20 05:55:00,bituminous_coal,16584.214
2026-09-20 05:55:00,lng,11211.325
2026-09-20 05:55:00,renewable,3572.546
2026-09-20 05:55:00,hydro,557.13
2026-09-20 05:55:00,oil,192.119
2026-09-20 05:55:00,anthracite,42.795
2026-09-20 05:55:00,solar,1511.198
2026-09-20 05:55:00,pumped,-1200.0
2026-09-20 06:00:00,nuclear,20175.986
2026-09-20 06:00:00,bituminous_coal,16638.598
2026-09-20 06:00:00,lng,11237.855
2026-09-20 06:00:00,renewable,3541.09
2026-09-20 06:00:00,hydro,602.68
2026-09-20 06:00:00,oil,167.215
2026-09-20 06:00:00,anthracite,27.428
2026-09-20 06:00:00,solar,1651.58
2026-09-20 06:00:00,pumped,0.0
2026-09-20 06:05:00,nuclear,20253.17
2026-09-20 06:05:00,bituminous_coal,16711.7
2026-09-20 06:05:00,lng,11308.018
2026-09-20 06:05:00,renewable,3579.578
2026-09-20 06:05:00,hydro,629.177
2026-09-20 06:05:00,oil,216.863
2026-09-20 06:05:00,anthracite,72.533
2026-09-20 06:05:00,solar,1792.365
2026-09-20 06:05:00,pumped,0.0
2026-09-20 06:10:00,nuclear,20370.506
2026-09-20 06:10:00,bituminous_coal,16802.282
2026-09-20 06:10:00,lng,11367.577
2026-09-20 06:10:00,renewable,3624.79
2026-09-20 06:10:00,hydro,585.142
2026-09-20 06:10:00,oil,218.288
2026-09-20 06:10:00,anthracite,82.741
2026-09-20 06:10:00,solar,1933.488
2026-09-20 06:10:00,pumped,0.0
2026-09-20 06:15:00,nuclear,20439.814
2026-09-20 06:15:00,bituminous_coal,16833.258
2026-09-20 06:15:00,lng,11395.809
2026-09-20 06:15:00,renewable,3586.708
2026-09-20 06:15:00,hydro,608.142
2026-09-20 06:15:00,oil,154.081
2026-09-20 06:15:00,anthracite,75.365
2026-09-20 06:15:00,solar,2074.88
2026-09-20 06:15:00,pumped,10.981
2026-09-20 06:20:00,nuclear,20474.814
2026-09-20 06:20:00,bituminous_coal,16896.289
2026-09-20 06:20:00,lng,11505.59
2026-09-20 06:20:00,renewable,3620.219
2026-09-20 06:20:00,hydro,610.932
2026-09-20 06:20:00,oil,210.461
2026-09-20 06:20:00,anthracite,105.604
2026-09-20 06:20:00,solar,2216.474
2026-09-20 06:20:00,pumped,35.819
2026-09-20 06:25:00,nuclear,20640.277
2026-09-20 06:25:00,bituminous_coal,16949.03
2026-09-20 06:25:00,lng,11484.221
2026-09-20 06:25:00,renewable,3658.728
2026-09-20 06:25:00,hydro,619.773
2026-09-20 06:25:00,oil,161.184
2026-09-20 06:25:00,anthracite,33.809
2026-09-20 06:25:00,solar,2358.203
2026-09-20 06:25:00,pumped,61.115
2026-09-20 06:30:00,nuclear,20717.78
2026-09-20 06:30:00,bituminous_coal,17088.602
2026-09-20 06:30:00,lng,11613.965
2026-09-20 06:30:00,renewable,3687.816
2026-09-20 06:30:00,hydro,639.895
2026-09-20 06:30:00,oil,226.266
2026-09-20 06:30:00,anthracite,100.668
2026-09-20 06:30:00,solar,2500.0
2026-09-20 06:30:00,pumped,86.858
2026-09-20 06:35:00,nuclear,20830.638
2026-09-20 06:35:00,bituminous_coal,17101.544
2026-09-20 06:35:00,lng,11589.475
2026-09-20 06:35:00,renewable,3685.148
2026-09-20 06:35:00,hydro,580.055
2026-09-20 06:35:00,oil,154.197
2026-09-20 06:35:00,anthracite,35.788
2026-09-20 06:35:00,solar,2641.797
2026-09-20 06:35:00,pumped,113.036
2026-09-20 06:40:00,nuclear,20849.748
2026-09-20 06:40:00,bituminous_coal,17142.009
2026-09-20 06:40:00,lng,11627.607
2026-09-20 06:40:00,renewable,3659.924
2026-09-20 06:40:00,hydro,578.447
2026-09-20 06:40:00,oil,222.8
2026-09-20 06:40:00,anthracite,24.392
2026-09-20 06:40:00,solar,2783.526
2026-09-20 06:40:00,pumped,139.635
2026-09-20 06:45:00,nuclear,20956.924
2026-09-20 06:45:00,bituminous_coal,17220.88
2026-09-20 06:45:00,lng,11755.646
2026-09-20 06:45:00,renewable,3675.898
2026-09-20 06:45:00,hydro,585.833
2026-09-20 06:45:00,oil,201.503
2026-09-20 06:45:00,anthracite,104.65
2026-09-20 06:45:00,solar,2925.12
2026-09-20 06:45:00,pumped,166.645
2026-09-20 06:50:00,nuclear,21032.439
2026-09-20 06:50:00,bituminous_coal,17369.092
2026-09-20 06:50:00,lng,11719.586
2026-09-20 06:50:00,renewable,3718.834
2026-09-20 06:50:00,hydro,598.937
2026-09-20 06:50:00,oil,162.899
2026-09-20 06:50:00,anthracite,36.174
2026-09-20 06:50:00,solar,3066.512
2026-09-20 06:50:00,pumped,194.051
2026-09-20 06:55:00,nuclear,21146.539
2026-09-20 06:55:00,bituminous_coal,17401.244
2026-09-20 06:55:00,lng,11792.669
2026-09-20 06:55:00,renewable,3686.998
2026-09-20 06:55:00,hydro,575.634
2026-09-20 06:55:00,oil,190.164
2026-09-20 06:55:00,anthracite,31.054
2026-09-20 06:55:00,solar,3207.635
2026-09-20 06:55:00,pumped,221.84
2026-09-20 07:00:00,nuclear,21237.496
2026-09-20 07:00:00,bituminous_coal,17517.241
2026-09-20 07:00:00,lng,11849.902
2026-09-20 07:00:00,renewable,3713.445
2026-09-20 07:00:00,hydro,578.107
2026-09-20 07:00:00,oil,141.225
2026-09-20 07:00:00,anthracite,38.312
2026-09-20 07:00:00,solar,3348.42
2026-09-20 07:00:00,pumped,250.0
2026-09-20 07:05:00,nuclear,21373.942
2026-09-20 07:05:00,bituminous_coal,17558.479
2026-09-20 07:05:00,lng,11893.068
2026-09-20 07:05:00,renewable,3729.468
2026-09-20 07:05:00,hydro,625.293
2026-09-20 07:05:00,oil,237.297
2026-09-20 07:05:00,anthracite,62.722
2026-09-20 07:05:00,solar,3488.802
2026-09-20 07:05:00,pumped,278.517
2026-09-20 07:10:00,nuclear,21407.95
2026-09-20 07:10:00,bituminous_coal,17689.283
2026-09-20 07:10:00,lng,12007.539
2026-09-20 07:10:00,renewable,3758.697
2026-09-20 07:10:00,hydro,622.572
2026-09-20 07:10:00,oil,188.019
2026-09-20 07:10:00,anthracite,103.977
2026-09-20 07:10:00,solar,3628.713
2026-09-20 07:10:00,pumped,307.377
2026-09-20 07:15:00,nuclear,21575.458
2026-09-20 07:15:00,bituminous_coal,17729.61
2026-09-20 07:15:00,lng,12014.766
2026-09-20 07:15:00,renewable,3770.054
2026-09-20 07:15:00,hydro,636.765
2026-09-20 07:15:00,oil,150.358
2026-09-20 07:15:00,anthracite,39.37
2026-09-20 07:15:00,solar,3768.087
2026-09-20 07:15:00,pumped,336.567
2026-09-20 07:20:00,nuclear,21631.953
2026-09-20 07:20:00,bituminous_coal,17855.124
2026-09-20 07:20:00,lng,12113.177
2026-09-20 07:20:00,renewable,3774.061
2026-09-20 07:20:00,hydro,653.029
2026-09-20 07:20:00,oil,226.916
2026-09-20 07:20:00,anthracite,86.711
2026-09-20 07:20:00,solar,3906.857
2026-09-20 07:20:00,pumped,366.073
2026-09-20 07:25:00,nuclear,21721.661
2026-09-20 07:25:00,bituminous_coal,17861.715
2026-09-20 07:25:00,lng,12134.386
2026-09-20 07:25:00,renewable,3812.266
2026-09-20 07:25:00,hydro,621.247
2026-09-20 07:25:00,oil,150.733
2026-09-20 07:25:00,anthracite,47.933
2026-09-20 07:25:00,solar,4044.958
2026-09-20 07:25:00,pumped,395.88
2026-09-20 07:30:00,nuclear,21801.005
2026-09-20 07:30:00,bituminous_coal,17955.391
2026-09-20 07:30:00,lng,12180.546
2026-09-20 07:30:00,renewable,3869.215
2026-09-20 07:30:00,hydro,691.182
2026-09-20 07:30:00,oil,225.306
2026-09-20 07:30:00,anthracite,50.258
2026-09-20 07:30:00,solar,4182.324
2026-09-20 07:30:00,pumped,425.975
2026-09-20 07:35:00,nuclear,21957.239
2026-09-20 07:35:00,bituminous_coal,18077.196
2026-09-20 07:35:00,lng,12312.478
2026-09-20 07:35:00,renewable,3901.433
2026-09-20 07:35:00,hydro,664.797
2026-09-20 07:35:00,oil,196.39
2026-09-20 07:35:00,anthracite,50.899
2026-09-20 07:35:00,solar,4318.889
2026-09-20 07:35:00,pumped,456.343
2026-09-20 07:40:00,nuclear,22035.489
2026-09-20 07:40:00,bituminous_coal,18131.342
2026-09-20 07:40:00,lng,12311.521
2026-09-20 07:40:00,renewable,3849.741
2026-09-20 07:40:00,hydro,635.658
2026-09-20 07:40:00,oil,174.361
2026-09-20 07:40:00,anthracite,50.205
2026-09-20 07:40:00,solar,4454.588
2026-09-20 07:40:00,pumped,486.97
2026-09-20 07:45:00,nuclear,22168.63
2026-09-20 07:45:00,bituminous_coal,18209.991
2026-09-20 07:45:00,lng,12371.872
2026-09-20 07:45:00,renewable,3900.226
2026-09-20 07:45:00,hydro,686.276
2026-09-20 07:45:00,oil,146.515
2026-09-20 07:45:00,anthracite,74.616
2026-09-20 07:45:00,solar,4589.357
2026-09-20 07:45:00,pumped,517.841
2026-09-20 07:50:00,nuclear,22277.419
2026-09-20 07:50:00,bituminous_coal,18307.738
2026-09-20 07:50:00,lng,12395.216
2026-09-20 07:50:00,renewable,3888.375
2026-09-20 07:50:00,hydro,669.133
2026-09-20 07:50:00,oil,210.429
2026-09-20 07:50:00,anthracite,78.679
2026-09-20 07:50:00,solar,4723.131
2026-09-20 07:50:00,pumped,548.941
2026-09-20 07:55:00,nuclear,22358.506
2026-09-20 07:55:00,bituminous_coal,18467.92
2026-09-20 07:55:00,lng,12477.174
2026-09-20 07:55:00,renewable,3936.008
2026-09-20 07:55:00,hydro,650.941
2026-09-20 07:55:00,oil,210.099
2026-09-20 07:55:00,anthracite,66.136
2026-09-20 07:55:00,solar,4855.847
2026-09-20 07:55:00,pumped,580.256
2026-09-20 08:00:00,nuclear,22437.238
2026-09-20 08:00:00,bituminous_coal,18511.062
2026-09-20 08:00:00,lng,12530.853
2026-09-20 08:00:00,renewable,3998.39
2026-09-20 08:00:00,hydro,671.84
2026-09-20 08:00:00,oil,199.543
2026-09-20 08:00:00,anthracite,44.421
2026-09-20 08:00:00,solar,4987.442
2026-09-20 08:00:00,pumped,611.771
2026-09-20 08:05:00,nuclear,22551.604
2026-09-20 08:05:00,bituminous_coal,18559.169
2026-09-20 08:05:00,lng,12592.237
2026-09-20 08:05:00,renewable,4023.202
2026-09-20 08:05:00,hydro,659.535
2026-09-20 08:05:00,oil,235.57
2026-09-20 08:05:00,anthracite,61.443
2026-09-20 08:05:00,solar,5117.853
2026-09-20 08:05:00,pumped,643.471
2026-09-20 08:10:00,nuclear,22731.548
2026-09-20 08:10:00,bituminous_coal,18730.268
2026-09-20 08:10:00,lng,12730.958
2026-09-20 08:10:00,renewable,4025.781
2026-09-20 08:10:00,hydro,688.438
2026-09-20 08:10:00,oil,241.019
2026-09-20 08:10:00,anthracite,18.467
2026-09-20 08:10:00,solar,5247.019
2026-09-20 08:10:00,pumped,675.341
2026-09-20 08:15:00,nuclear,22842.0
2026-09-20 08:15:00,bituminous_coal,18798.289
2026-09-20 08:15:00,lng,12774.117
2026-09-20 08:15:00,renewable,4062.391
2026-09-20 08:15:00,hydro,622.32
2026-09-20 08:15:00,oil,154.68
2026-09-20 08:15:00,anthracite,40.567
2026-09-20 08:15:00,solar,5374.876
2026-09-20 08:15:00,pumped,707.365
2026-09-20 08:20:00,nuclear,22919.183
2026-09-20 08:20:00,bituminous_coal,18878.817
2026-09-20 08:20:00,lng,12824.983
2026-09-20 08:20:00,renewable,4076.941
2026-09-20 08:20:00,hydro,699.478
2026-09-20 08:20:00,oil,175.837
2026-09-20 08:20:00,anthracite,45.604
2026-09-20 08:20:00,solar,5501.366
2026-09-20 08:20:00,pumped,739.528
2026-09-20 08:25:00,nuclear,23065.789
2026-09-20 08:25:00,bituminous_coal,18919.519
2026-09-20 08:25:00,lng,12830.248
2026-09-20 08:25:00,renewable,4028.18
2026-09-20 08:25:00,hydro,634.488
2026-09-20 08:25:00,oil,213.404
2026-09-20 08:25:00,anthracite,73.697
2026-09-20 08:25:00,solar,5626.427
2026-09-20 08:25:00,pumped,771.815
2026-09-20 08:30:00,nuclear,23139.804
2026-09-20 08:30:00,bituminous_coal,19010.259
2026-09-20 08:30:00,lng,12923.73
2026-09-20 08:30:00,renewable,4039.509
2026-09-20 08:30:00,hydro,685.324
2026-09-20 08:30:00,oil,252.641
2026-09-20 08:30:00,anthracite,25.633
2026-09-20 08:30:00,solar,5750.0
2026-09-20 08:30:00,pumped,804.211
2026-09-20 08:35:00,nuclear,23282.934
2026-09-20 08:35:00,bituminous_coal,19121.826
2026-09-20 08:35:00,lng,12991.41
2026-09-20 08:35:00,renewable,4108.831
2026-09-20 08:35:00,hydro,690.3
2026-09-20 08:35:00,oil,205.251
2026-09-20 08:35:00,anthracite,109.205
2026-09-20 08:35:00,solar,5872.026
2026-09-20 08:35:00,pumped,836.7
2026-09-20 08:40:00,nuclear,23310.823
2026-09-20 08:40:00,bituminous_coal,19235.538
2026-09-20 08:40:00,lng,13075.184
2026-09-20 08:40:00,renewable,4119.296
2026-09-20 08:40:00,hydro,649.191
2026-09-20 08:40:00,oil,201.555
2026-09-20 08:40:00,anthracite,48.005
2026-09-20 08:40:00,solar,5992.447
2026-09-20 08:40:00,pumped,869.266
2026-09-20 08:45:00,nuclear,23479.521
2026-09-20 08:45:00,bituminous_coal,19298.406
2026-09-20 08:45:00,lng,13092.57
2026-09-20 08:45:00,renewable,4137.057
2026-09-20 08:45:00,hydro,710.222
2026-09-20 08:45:00,oil,193.965
2026-09-20 08:45:00,anthracite,92.855
2026-09-20 08:45:00,solar,6111.207
2026-09-20 08:45:00,pumped,901.895
2026-09-20 08:50:00,nuclear,23538.827
2026-09-20 08:50:00,bituminous_coal,19396.935
2026-09-20 08:50:00,lng,13197.803
2026-09-20 08:50:00,renewable,4196.858
2026-09-20 08:50:00,hydro,697.883
2026-09-20 08:50:00,oil,216.752
2026-09-20 08:50:00,anthracite,86.829
2026-09-20 08:50:00,solar,6228.247
2026-09-20 08:50:00,pumped,934.571
2026-09-20 08:55:00,nuclear,23674.059
2026-09-20 08:55:00,bituminous_coal,19525.943
2026-09-20 08:55:00,lng,13216.563
2026-09-20 08:55:00,renewable,4156.428
2026-09-20 08:55:00,hydro,688.47
2026-09-20 08:55:00,oil,227.492
2026-09-20 08:55:00,anthracite,84.118
2026-09-20 08:55:00,solar,6343.513
2026-09-20 08:55:00,pumped,967.278
2026-09-20 09:00:00,nuclear,23810.611
2026-09-20 09:00:00,bituminous_coal,19571.175
2026-09-20 09:00:00,lng,13314.313
2026-09-20 09:00:00,renewable,4150.0
2026-09-20 09:00:00,hydro,661.443
2026-09-20 09:00:00,oil,239.073
2026-09-20 09:00:00,anthracite,92.548
2026-09-20 09:00:00,solar,6456.949
2026-09-20 09:00:00,pumped,1000.0
2026-09-20 09:05:00,nuclear,23880.253
2026-09-20 09:05:00,bituminous_coal,19713.382
2026-09-20 09:05:00,lng,13371.288
2026-09-20 09:05:00,renewable,4243.889
2026-09-20 09:05:00,hydro,704.186
2026-09-20 09:05:00,oil,250.394
2026-09-20 09:05:00,anthracite,80.116
2026-09-20 09:05:00,solar,6568.503
2026-09-20 09:05:00,pumped,1032.722
2026-09-20 09:10:00,nuclear,24031.818
2026-09-20 09:10:00,bituminous_coal,19738.126
2026-09-20 09:10:00,lng,13403.961
2026-09-20 09:10:00,renewable,4226.635
2026-09-20 09:10:00,hydro,746.891
2026-09-20 09:10:00,oil,224.805
2026-09-20 09:10:00,anthracite,94.719
2026-09-20 09:10:00,solar,6678.119
2026-09-20 09:10:00,pumped,1065.429
2026-09-20 09:15:00,nuclear,24120.262
2026-09-20 09:15:00,bituminous_coal,19895.271
2026-09-20 09:15:00,lng,13527.508
2026-09-20 09:15:00,renewable,4303.847
2026-09-20 09:15:00,hydro,675.333
2026-09-20 09:15:00,oil,257.318
2026-09-20 09:15:00,anthracite,66.321
2026-09-20 09:15:00,solar,6785.748
2026-09-20 09:15:00,pumped,1098.105
2026-09-20 09:20:00,nuclear,24267.42
2026-09-20 09:20:00,bituminous_coal,20010.403
2026-09-20 09:20:00,lng,13544.664
2026-09-20 09:20:00,renewable,4241.524
2026-09-20 09:20:00,hydro,742.345
2026-09-20 09:20:00,oil,255.584
2026-09-20 09:20:00,anthracite,76.923
2026-09-20 09:20:00,solar,6891.336
2026-09-20 09:20:00,pumped,1130.734
2026-09-20 09:25:00,nuclear,24399.697
2026-09-20 09:25:00,bituminous_coal,20024.119
2026-09-20 09:25:00,lng,13568.185
2026-09-20 09:25:00,renewable,4285.865
2026-09-20 09:25:00,hydro,673.214
2026-09-20 09:25:00,oil,218.056
2026-09-20 09:25:00,anthracite,34.398
2026-09-20 09:25:00,solar,6994.835
2026-09-20 09:25:00,pumped,1163.3
2026-09-20 09:30:00,nuclear,24500.628
2026-09-20 09:30:00,bituminous_coal,20103.057
2026-09-20 09:30:00,lng,13706.105
2026-09-20 09:30:00,renewable,4298.042
2026-09-20 09:30:00,hydro,763.925
2026-09-20 09:30:00,oil,224.591
2026-09-20 09:30:00,anthracite,88.808
2026-09-20 09:30:00,solar,7096.194
2026-09-20 09:30:00,pumped,1195.789
2026-09-20 09:35:00,nuclear,24611.843
2026-09-20 09:35:00,bituminous_coal,20287.918
2026-09-20 09:35:00,lng,13707.356
2026-09-20 09:35:00,renewable,4305.205
2026-09-20 09:35:00,hydro,723.189
2026-09-20 09:35:00,oil,246.774
2026-09-20 09:35:00,anthracite,84.168
2026-09-20 09:35:00,solar,7195.366
2026-09-20 09:35:00,pumped,1228.185
2026-09-20 09:40:00,nuclear,24726.668
2026-09-20 09:40:00,bituminous_coal,20306.398
2026-09-20 09:40:00,lng,13828.135
2026-09-20 09:40:00,renewable,4406.204
2026-09-20 09:40:00,hydro,769.608
2026-09-20 09:40:00,oil,219.952
2026-09-20 09:40:00,anthracite,120.485
2026-09-20 09:40:00,solar,7292.303
2026-09-20 09:40:00,pumped,1260.472
2026-09-20 09:45:00,nuclear,24765.255
2026-09-20 09:45:00,bituminous_coal,20468.785
2026-09-20 09:45:00,lng,13856.238
2026-09-20 09:45:00,renewable,4417.546
2026-09-20 09:45:00,hydro,697.256
2026-09-20 09:45:00,oil,211.324
2026-09-20 09:45:00,anthracite,48.064
2026-09-20 09:45:00,solar,7386.959
2026-09-20 09:45:00,pumped,1292.635
2026-09-20 09:50:00,nuclear,24860.223
2026-09-20 09:50:00,bituminous_coal,20556.57
2026-09-20 09:50:00,lng,13955.358
2026-09-20 09:50:00,renewable,4444.56
2026-09-20 09:50:00,hydro,720.673
2026-09-20 09:50:00,oil,212.919
2026-09-20 09:50:00,anthracite,45.359
2026-09-20 09:50:00,solar,7479.289
2026-09-20 09:50:00,pumped,1324.659
2026-09-20 09:55:00,nuclear,25053.684
2026-09-20 09:55:00,bituminous_coal,20638.438
2026-09-20 09:55:00,lng,13928.181
2026-09-20 09:55:00,renewable,4457.08
2026-09-20 09:55:00,hydro,711.154
2026-09-20 09:55:00,oil,192.194
2026-09-20 09:55:00,anthracite,57.001
2026-09-20 09:55:00,solar,7569.249
2026-09-20 09:55:00,pumped,1356.529
2026-09-20 10:00:00,nuclear,25110.973
2026-09-20 10:00:00,bituminous_coal,20688.688
2026-09-20 10:00:00,lng,14044.71
2026-09-20 10:00:00,renewable,4417.888
2026-09-20 10:00:00,hydro,721.723
2026-09-20 10:00:00,oil,199.676
2026-09-20 10:00:00,anthracite,86.109
2026-09-20 10:00:00,solar,7656.797
2026-09-20 10:00:00,pumped,1388.229
2026-09-20 10:05:00,nuclear,25216.003
2026-09-20 10:05:00,bituminous_coal,20748.232
2026-09-20 10:05:00,lng,14126.512
2026-09-20 10:05:00,renewable,4437.304
2026-09-20 10:05:00,hydro,759.476
2026-09-20 10:05:00,oil,225.071
2026-09-20 10:05:00,anthracite,71.305
2026-09-20 10:05:00,solar,7741.89
2026-09-20 10:05:00,pumped,1419.744
2026-09-20 10:10:00,nuclear,25307.559
2026-09-20 10:10:00,bituminous_coal,20818.752
2026-09-20 10:10:00,lng,14155.809
2026-09-20 10:10:00,renewable,4475.898
2026-09-20 10:10:00,hydro,765.704
2026-09-20 10:10:00,oil,220.649
2026-09-20 10:10:00,anthracite,93.611
2026-09-20 10:10:00,solar,7824.488
2026-09-20 10:10:00,pumped,1451.059
2026-09-20 10:15:00,nuclear,25397.317
2026-09-20 10:15:00,bituminous_coal,20976.507
2026-09-20 10:15:00,lng,14199.649
2026-09-20 10:15:00,renewable,4491.285
2026-09-20 10:15:00,hydro,724.087
2026-09-20 10:15:00,oil,192.013
2026-09-20 10:15:00,anthracite,89.564
2026-09-20 10:15:00,solar,7904.552
2026-09-20 10:15:00,pumped,1482.159
2026-09-20 10:20:00,nuclear,25516.714
2026-09-20 10:20:00,bituminous_coal,21080.807
2026-09-20 10:20:00,lng,14274.9
2026-09-20 10:20:00,renewable,4494.664
2026-09-20 10:20:00,hydro,790.557
2026-09-20 10:20:00,oil,199.823
2026-09-20 10:20:00,anthracite,30.168
2026-09-20 10:20:00,solar,7982.044
2026-09-20 10:20:00,pumped,1513.03
2026-09-20 10:25:00,nuclear,25679.626
2026-09-20 10:25:00,bituminous_coal,21159.922
2026-09-20 10:25:00,lng,14333.218
2026-09-20 10:25:00,renewable,4551.578
2026-09-20 10:25:00,hydro,786.666
2026-09-20 10:25:00,oil,225.183
2026-09-20 10:25:00,anthracite,102.303
2026-09-20 10:25:00,solar,8056.927
2026-09-20 10:25:00,pumped,1543.657
2026-09-20 10:30:00,nuclear,25753.959
2026-09-20 10:30:00,bituminous_coal,21247.453
2026-09-20 10:30:00,lng,14351.397
2026-09-20 10:30:00,renewable,4499.64
2026-09-20 10:30:00,hydro,740.087
2026-09-20 10:30:00,oil,226.709
2026-09-20 10:30:00,anthracite,75.339
2026-09-20 10:30:00,solar,8129.165
2026-09-20 10:30:00,pumped,1574.025
2026-09-20 10:35:00,nuclear,25844.375
2026-09-20 10:35:00,bituminous_coal,21255.101
2026-09-20 10:35:00,lng,14441.299
2026-09-20 10:35:00,renewable,4554.425
2026-09-20 10:35:00,hydro,793.775
2026-09-20 10:35:00,oil,198.047
2026-09-20 10:35:00,anthracite,107.324
2026-09-20 10:35:00,solar,8198.724
2026-09-20 10:35:00,pumped,1604.12
2026-09-20 10:40:00,nuclear,25973.496
2026-09-20 10:40:00,bituminous_coal,21377.066
2026-09-20 10:40:00,lng,14477.074
2026-09-20 10:40:00,renewable,4611.162
2026-09-20 10:40:00,hydro,746.879
2026-09-20 10:40:00,oil,253.797
2026-09-20 10:40:00,anthracite,27.213
2026-09-20 10:40:00,solar,8265.57
2026-09-20 10:40:00,pumped,1633.927
2026-09-20 10:45:00,nuclear,26091.667
2026-09-20 10:45:00,bituminous_coal,21495.291
2026-09-20 10:45:00,lng,14573.664
2026-09-20 10:45:00,renewable,4643.011
2026-09-20 10:45:00,hydro,716.953
2026-09-20 10:45:00,oil,242.018
2026-09-20 10:45:00,anthracite,97.862
2026-09-20 10:45:00,solar,8329.673
2026-09-20 10:45:00,pumped,1663.433
2026-09-20 10:50:00,nuclear,26129.703
2026-09-20 10:50:00,bituminous_coal,21549.185
2026-09-20 10:50:00,lng,14653.608
2026-09-20 10:50:00,renewable,4633.992
2026-09-20 10:50:00,hydro,775.047
2026-09-20 10:50:00,oil,211.43
2026-09-20 10:50:00,anthracite,85.922
2026-09-20 10:50:00,solar,8391.001
2026-09-20 10:50:00,pumped,1692.623
2026-09-20 10:55:00,nuclear,26270.814
2026-09-20 10:55:00,bituminous_coal,21661.965
2026-09-20 10:55:00,lng,14666.309
2026-09-20 10:55:00,renewable,4603.07
2026-09-20 10:55:00,hydro,741.529
2026-09-20 10:55:00,oil,187.499
2026-09-20 10:55:00,anthracite,72.176
2026-09-20 10:55:00,solar,8449.525
2026-09-20 10:55:00,pumped,1721.483
2026-09-20 11:00:00,nuclear,26383.97
2026-09-20 11:00:00,bituminous_coal,21666.322
2026-09-20 11:00:00,lng,14677.477
2026-09-20 11:00:00,renewable,4637.702
2026-09-20 11:00:00,hydro,749.791
2026-09-20 11:00:00,oil,206.254
2026-09-20 11:00:00,anthracite,32.839
2026-09-20 11:00:00,solar,8505.217
2026-09-20 11:00:00,pumped,1750.0
2026-09-20 11:05:00,nuclear,26434.843
2026-09-20 11:05:00,bituminous_coal,21734.066
2026-09-20 11:05:00,lng,14787.593
2026-09-20 11:05:00,renewable,4698.391
2026-09-20 11:05:00,hydro,790.213
2026-09-20 11:05:00,oil,278.643
2026-09-20 11:05:00,anthracite,120.317
2026-09-20 11:05:00,solar,8558.051
2026-09-20 11:05:00,pumped,1778.16
2026-09-20 11:10:00,nuclear,26509.664
2026-09-20 11:10:00,bituminous_coal,21857.227
2026-09-20 11:10:00,lng,14867.022
2026-09-20 11:10:00,renewable,4709.485
2026-09-20 11:10:00,hydro,764.801
2026-09-20 11:10:00,oil,282.825
2026-09-20 11:10:00,anthracite,77.74
2026-09-20 11:10:00,solar,8608.002
2026-09-20 11:10:00,pumped,1805.949
2026-09-20 11:15:00,nuclear,26591.08
2026-09-20 11:15:00,bituminous_coal,21930.916
2026-09-20 11:15:00,lng,14836.895
2026-09-20 11:15:00,renewable,4693.725
2026-09-20 11:15:00,hydro,790.281
2026-09-20 11:15:00,oil,203.269
2026-09-20 11:15:00,anthracite,97.384
2026-09-20 11:15:00,solar,8655.046
2026-09-20 11:15:00,pumped,1833.355
2026-09-20 11:20:00,nuclear,26766.096
2026-09-20 11:20:00,bituminous_coal,21987.268
2026-09-20 11:20:00,lng,14969.725
2026-09-20 11:20:00,renewable,4737.983
2026-09-20 11:20:00,hydro,788.013
2026-09-20 11:20:00,oil,248.65
2026-09-20 11:20:00,anthracite,109.889
2026-09-20 11:20:00,solar,8699.16
2026-09-20 11:20:00,pumped,1860.365
2026-09-20 11:25:00,nuclear,26812.924
2026-09-20 11:25:00,bituminous_coal,22054.879
2026-09-20 11:25:00,lng,15031.098
2026-09-20 11:25:00,renewable,4696.215
2026-09-20 11:25:00,hydro,800.116
2026-09-20 11:25:00,oil,244.428
2026-09-20 11:25:00,anthracite,53.101
2026-09-20 11:25:00,solar,8740.324
2026-09-20 11:25:00,pumped,1886.964
2026-09-20 11:30:00,nuclear,26946.706
2026-09-20 11:30:00,bituminous_coal,22193.003
2026-09-20 11:30:00,lng,15018.175
2026-09-20 11:30:00,renewable,4719.058
2026-09-20 11:30:00,hydro,828.961
2026-09-20 11:30:00,oil,231.266
2026-09-20 11:30:00,anthracite,100.512
2026-09-20 11:30:00,solar,8778.518
2026-09-20 11:30:00,pumped,1913.142
2026-09-20 11:35:00,nuclear,27039.476
2026-09-20 11:35:00,bituminous_coal,22186.99
2026-09-20 11:35:00,lng,15068.409
2026-09-20 11:35:00,renewable,4780.532
2026-09-20 11:35:00,hydro,810.754
2026-09-20 11:35:00,oil,270.076
2026-09-20 11:35:00,anthracite,70.285
2026-09-20 11:35:00,solar,8813.723
2026-09-20 11:35:00,pumped,1938.885
2026-09-20 11:40:00,nuclear,27071.322
2026-09-20 11:40:00,bituminous_coal,22273.343
2026-09-20 11:40:00,lng,15140.199
2026-09-20 11:40:00,renewable,4731.845
2026-09-20 11:40:00,hydro,804.352
2026-09-20 11:40:00,oil,212.045
2026-09-20 11:40:00,anthracite,113.644
2026-09-20 11:40:00,solar,8845.924
2026-09-20 11:40:00,pumped,1964.181
2026-09-20 11:45:00,nuclear,27176.587
2026-09-20 11:45:00,bituminous_coal,22407.076
2026-09-20 11:45:00,lng,15193.041
2026-09-20 11:45:00,renewable,4753.425
2026-09-20 11:45:00,hydro,771.053
2026-09-20 11:45:00,oil,219.57
2026-09-20 11:45:00,anthracite,84.459
2026-09-20 11:45:00,solar,8875.104
2026-09-20 11:45:00,pumped,1989.019
2026-09-20 11:50:00,nuclear,27282.812
2026-09-20 11:50:00,bituminous_coal,22424.864
2026-09-20 11:50:00,lng,15227.82
2026-09-20 11:50:00,renewable,4760.972
2026-09-20 11:50:00,hydro,788.34
2026-09-20 11:50:00,oil,281.1
2026-09-20 11:50:00,anthracite,65.375
2026-09-20 11:50:00,solar,8901.25
2026-09-20 11:50:00,pumped,2013.385
2026-09-20 11:55:00,nuclear,27298.486
2026-09-20 11:55:00,bituminous_coal,22458.641
2026-09-20 11:55:00,lng,15251.538
2026-09-20 11:55:00,renewable,4803.605
2026-09-20 11:55:00,hydro,808.939
2026-09-20 11:55:00,oil,208.092
2026-09-20 11:55:00,anthracite,102.384
2026-09-20 11:55:00,solar,8924.35
2026-09-20 11:55:00,pumped,2037.27
2026-09-20 12:00:00,nuclear,27370.815
2026-09-20 12:00:00,bituminous_coal,22552.732
2026-09-20 12:00:00,lng,15330.833
2026-09-20 12:00:00,renewable,4831.318
2026-09-20 12:00:00,hydro,836.978
2026-09-20 12:00:00,oil,231.431
2026-09-20 12:00:00,anthracite,100.877
2026-09-20 12:00:00,solar,8944.392
2026-09-20 12:00:00,pumped,2060.66
2026-09-20 12:05:00,nuclear,27519.183
2026-09-20 12:05:00,bituminous_coal,22630.504
2026-09-20 12:05:00,lng,15376.49
2026-09-20 12:05:00,renewable,4842.034
2026-09-20 12:05:00,hydro,764.173
2026-09-20 12:05:00,oil,257.607
2026-09-20 12:05:00,anthracite,34.178
2026-09-20 12:05:00,solar,8961.366
2026-09-20 12:05:00,pumped,2083.546
2026-09-20 12:10:00,nuclear,27607.396
2026-09-20 12:10:00,bituminous_coal,22651.248
2026-09-20 12:10:00,lng,15378.05
2026-09-20 12:10:00,renewable,4849.743
2026-09-20 12:10:00,hydro,763.972
2026-09-20 12:10:00,oil,260.338
2026-09-20 12:10:00,anthracite,81.084
2026-09-20 12:10:00,solar,8975.266
2026-09-20 12:10:00,pumped,2105.916
2026-09-20 12:15:00,nuclear,27674.324
2026-09-20 12:15:00,bituminous_coal,22764.514
2026-09-20 12:15:00,lng,15486.064
2026-09-20 12:15:00,renewable,4834.778
2026-09-20 12:15:00,hydro,771.642
2026-09-20 12:15:00,oil,229.253
2026-09-20 12:15:00,anthracite,107.913
2026-09-20 12:15:00,solar,8986.083
2026-09-20 12:15:00,pumped,2127.76
2026-09-20 12:20:00,nuclear,27706.221
2026-09-20 12:20:00,bituminous_coal,22835.033
2026-09-20 12:20:00,lng,15478.778
2026-09-20 12:20:00,renewable,4893.848
2026-09-20 12:20:00,hydro,842.76
2026-09-20 12:20:00,oil,219.365
2026-09-20 12:20:00,anthracite,38.107
2026-09-20 12:20:00,solar,8993.813
2026-09-20 12:20:00,pumped,2149.067
2026-09-20 12:25:00,nuclear,27801.916
2026-09-20 12:25:00,bituminous_coal,22889.687
2026-09-20 12:25:00,lng,15501.898
2026-09-20 12:25:00,renewable,4933.668
2026-09-20 12:25:00,hydro,855.599
2026-09-20 12:25:00,oil,272.451
2026-09-20 12:25:00,anthracite,103.392
2026-09-20 12:25:00,solar,8998.453
2026-09-20 12:25:00,pumped,2169.827
2026-09-20 12:30:00,nuclear,27894.902
2026-09-20 12:30:00,bituminous_coal,22922.853
2026-09-20 12:30:00,lng,15554.643
2026-09-20 12:30:00,renewable,4940.967
2026-09-20 12:30:00,hydro,799.948
2026-09-20 12:30:00,oil,283.408
2026-09-20 12:30:00,anthracite,113.593
2026-09-20 12:30:00,solar,9000.0
2026-09-20 12:30:00,pumped,2190.03
2026-09-20 12:35:00,nuclear,27877.86
2026-09-20 12:35:00,bituminous_coal,22977.931
2026-09-20 12:35:00,lng,15613.56
2026-09-20 12:35:00,renewable,4939.431
2026-09-20 12:35:00,hydro,780.419
2026-09-20 12:35:00,oil,247.902
2026-09-20 12:35:00,anthracite,95.931
2026-09-20 12:35:00,solar,8998.453
2026-09-20 12:35:00,pumped,2209.667
2026-09-20 12:40:00,nuclear,27957.848
2026-09-20 12:40:00,bituminous_coal,23021.062
2026-09-20 12:40:00,lng,15665.235
2026-09-20 12:40:00,renewable,4899.465
2026-09-20 12:40:00,hydro,854.974
2026-09-20 12:40:00,oil,209.161
2026-09-20 12:40:00,anthracite,79.875
2026-09-20 12:40:00,solar,8993.813
2026-09-20 12:40:00,pumped,2228.728
2026-09-20 12:45:00,nuclear,28035.901
2026-09-20 12:45:00,bituminous_coal,23069.971
2026-09-20 12:45:00,lng,15620.886
2026-09-20 12:45:00,renewable,4898.383
2026-09-20 12:45:00,hydro,799.201
2026-09-20 12:45:00,oil,205.676
2026-09-20 12:45:00,anthracite,36.716
2026-09-20 12:45:00,solar,8986.083
2026-09-20 12:45:00,pumped,2247.204
2026-09-20 12:50:00,nuclear,28146.879
2026-09-20 12:50:00,bituminous_coal,23103.216
2026-09-20 12:50:00,lng,15654.517
2026-09-20 12:50:00,renewable,4939.071
2026-09-20 12:50:00,hydro,799.852
2026-09-20 12:50:00,oil,271.543
2026-09-20 12:50:00,anthracite,127.349
2026-09-20 12:50:00,solar,8975.266
2026-09-20 12:50:00,pumped,2265.087
2026-09-20 12:55:00,nuclear,28169.78
2026-09-20 12:55:00,bituminous_coal,23226.489
2026-09-20 12:55:00,lng,15711.045
2026-09-20 12:55:00,renewable,4982.094
2026-09-20 12:55:00,hydro,826.481
2026-09-20 12:55:00,oil,218.417
2026-09-20 12:55:00,anthracite,86.927
2026-09-20 12:55:00,solar,8961.366
2026-09-20 12:55:00,pumped,2282.368
2026-09-20 13:00:00,nuclear,28245.724
2026-09-20 13:00:00,bituminous_coal,23257.902
2026-09-20 13:00:00,lng,15815.77
2026-09-20 13:00:00,renewable,4953.931
2026-09-20 13:00:00,hydro,837.792
2026-09-20 13:00:00,oil,259.03
2026-09-20 13:00:00,anthracite,77.974
2026-09-20 13:00:00,solar,8944.392
2026-09-20 13:00:00,pumped,2299.038
2026-09-20 13:05:00,nuclear,28243.395
2026-09-20 13:05:00,bituminous_coal,23234.582
2026-09-20 13:05:00,lng,15819.456
2026-09-20 13:05:00,renewable,4994.589
2026-09-20 13:05:00,hydro,837.448
2026-09-20 13:05:00,oil,225.89
2026-09-20 13:05:00,anthracite,115.551
2026-09-20 13:05:00,solar,8924.35
2026-09-20 13:05:00,pumped,2315.09
2026-09-20 13:10:00,nuclear,28302.293
2026-09-20 13:10:00,bituminous_coal,23332.058
2026-09-20 13:10:00,lng,15821.099
2026-09-20 13:10:00,renewable,4962.193
2026-09-20 13:10:00,hydro,807.089
2026-09-20 13:10:00,oil,204.437
2026-09-20 13:10:00,anthracite,96.199
2026-09-20 13:10:00,solar,8901.25
2026-09-20 13:10:00,pumped,2330.516
2026-09-20 13:15:00,nuclear,28353.65
2026-09-20 13:15:00,bituminous_coal,23413.63
2026-09-20 13:15:00,lng,15846.294
2026-09-20 13:15:00,renewable,5012.547
2026-09-20 13:15:00,hydro,787.85
2026-09-20 13:15:00,oil,272.493
2026-09-20 13:15:00,anthracite,91.604
2026-09-20 13:15:00,solar,8875.104
2026-09-20 13:15:00,pumped,2345.309
2026-09-20 13:20:00,nuclear,28381.402
2026-09-20 13:20:00,bituminous_coal,23446.364
2026-09-20 13:20:00,lng,15853.752
2026-09-20 13:20:00,renewable,5056.895
2026-09-20 13:20:00,hydro,879.985
2026-09-20 13:20:00,oil,262.051
2026-09-20 13:20:00,anthracite,85.369
2026-09-20 13:20:00,solar,8845.924
2026-09-20 13:20:00,pumped,2359.462
2026-09-20 13:25:00,nuclear,28470.126
2026-09-20 13:25:00,bituminous_coal,23415.823
2026-09-20 13:25:00,lng,15885.928
2026-09-20 13:25:00,renewable,5069.9
2026-09-20 13:25:00,hydro,836.858
2026-09-20 13:25:00,oil,206.877
2026-09-20 13:25:00,anthracite,105.641
2026-09-20 13:25:00,solar,8813.723
2026-09-20 13:25:00,pumped,2372.967
2026-09-20 13:30:00,nuclear,28480.585
2026-09-20 13:30:00,bituminous_coal,23445.826
2026-09-20 13:30:00,lng,15896.03
2026-09-20 13:30:00,renewable,5028.994
2026-09-20 13:30:00,hydro,827.26
2026-09-20 13:30:00,oil,232.881
2026-09-20 13:30:00,anthracite,39.562
2026-09-20 13:30:00,solar,8778.518
2026-09-20 13:30:00,pumped,2385.819
2026-09-20 13:35:00,nuclear,28581.755
2026-09-20 13:35:00,bituminous_coal,23497.047
2026-09-20 13:35:00,lng,15912.246
2026-09-20 13:35:00,renewable,5085.494
2026-09-20 13:35:00,hydro,887.419
2026-09-20 13:35:00,oil,227.785
2026-09-20 13:35:00,anthracite,43.616
2026-09-20 13:35:00,solar,8740.324
2026-09-20 13:35:00,pumped,2398.012
2026-09-20 13:40:00,nuclear,28583.89
2026-09-20 13:40:00,bituminous_coal,23560.825
2026-09-20 13:40:00,lng,15989.4
2026-09-20 13:40:00,renewable,5001.293
2026-09-20 13:40:00,hydro,824.054
2026-09-20 13:40:00,oil,299.579
2026-09-20 13:40:00,anthracite,87.615
2026-09-20 13:40:00,solar,8699.16
2026-09-20 13:40:00,pumped,2409.539
2026-09-20 13:45:00,nuclear,28613.589
2026-09-20 13:45:00,bituminous_coal,23565.055
2026-09-20 13:45:00,lng,15956.13
2026-09-20 13:45:00,renewable,5023.969
2026-09-20 13:45:00,hydro,824.173
2026-09-20 13:45:00,oil,223.567
2026-09-20 13:45:00,anthracite,111.235
2026-09-20 13:45:00,solar,8655.046
2026-09-20 13:45:00,pumped,2420.395
2026-09-20 13:50:00,nuclear,28677.454
2026-09-20 13:50:00,bituminous_coal,23560.939
2026-09-20 13:50:00,lng,15991.803
2026-09-20 13:50:00,renewable,5028.051
2026-09-20 13:50:00,hydro,833.166
2026-09-20 13:50:00,oil,286.271
2026-09-20 13:50:00,anthracite,92.521
2026-09-20 13:50:00,solar,8608.002
2026-09-20 13:50:00,pumped,2430.575
2026-09-20 13:55:00,nuclear,28682.284
2026-09-20 13:55:00,bituminous_coal,23653.52
2026-09-20 13:55:00,lng,16026.444
2026-09-20 13:55:00,renewable,5039.886
2026-09-20 13:55:00,hydro,880.434
2026-09-20 13:55:00,oil,206.201
2026-09-20 13:55:00,anthracite,80.788
2026-09-20 13:55:00,solar,8558.051
2026-09-20 13:55:00,pumped,2440.075
2026-09-20 14:00:00,nuclear,28767.828
2026-09-20 14:00:00,bituminous_coal,23645.941
2026-09-20 14:00:00,lng,16005.419
2026-09-20 14:00:00,renewable,5096.507
2026-09-20 14:00:00,hydro,874.65
2026-09-20 14:00:00,oil,278.112
2026-09-20 14:00:00,anthracite,116.035
2026-09-20 14:00:00,solar,8505.217
2026-09-20 14:00:00,pumped,2448.889
2026-09-20 14:05:00,nuclear,28799.881
2026-09-20 14:05:00,bituminous_coal,23666.168
2026-09-20 14:05:00,lng,16069.533
2026-09-20 14:05:00,renewable,5032.232
2026-09-20 14:05:00,hydro,802.07
2026-09-20 14:05:00,oil,259.521
2026-09-20 14:05:00,anthracite,56.649
2026-09-20 14:05:00,solar,8449.525
2026-09-20 14:05:00,pumped,2457.013
2026-09-20 14:10:00,nuclear,28801.865
2026-09-20 14:10:00,bituminous_coal,23676.913
2026-09-20 14:10:00,lng,16048.603
2026-09-20 14:10:00,renewable,5062.407
2026-09-20 14:10:00,hydro,806.044
2026-09-20 14:10:00,oil,289.969
2026-09-20 14:10:00,anthracite,111.358
2026-09-20 14:10:00,solar,8391.001
2026-09-20 14:10:00,pumped,2464.444
2026-09-20 14:15:00,nuclear,28839.698
2026-09-20 14:15:00,bituminous_coal,23728.45
2026-09-20 14:15:00,lng,16063.553
2026-09-20 14:15:00,renewable,5085.373
2026-09-20 14:15:00,hydro,876.609
2026-09-20 14:15:00,oil,270.954
2026-09-20 14:15:00,anthracite,110.361
2026-09-20 14:15:00,solar,8329.673
2026-09-20 14:15:00,pumped,2471.178
2026-09-20 14:20:00,nuclear,28798.596
2026-09-20 14:20:00,bituminous_coal,23732.922
2026-09-20 14:20:00,lng,16093.149
2026-09-20 14:20:00,renewable,5054.242
2026-09-20 14:20:00,hydro,860.498
2026-09-20 14:20:00,oil,213.412
2026-09-20 14:20:00,anthracite,111.446
2026-09-20 14:20:00,solar,8265.57
2026-09-20 14:20:00,pumped,2477.212
2026-09-20 14:25:00,nuclear,28805.453
2026-09-20 14:25:00,bituminous_coal,23769.212
2026-09-20 14:25:00,lng,16096.14
2026-09-20 14:25:00,renewable,5065.841
2026-09-20 14:25:00,hydro,823.179
2026-09-20 14:25:00,oil,234.186
2026-09-20 14:25:00,anthracite,85.69
2026-09-20 14:25:00,solar,8198.724
2026-09-20 14:25:00,pumped,2482.542
2026-09-20 14:30:00,nuclear,28818.038
2026-09-20 14:30:00,bituminous_coal,23755.922
2026-09-20 14:30:00,lng,16144.082
2026-09-20 14:30:00,renewable,5133.745
2026-09-20 14:30:00,hydro,856.609
2026-09-20 14:30:00,oil,252.808
2026-09-20 14:30:00,anthracite,133.172
2026-09-20 14:30:00,solar,8129.165
2026-09-20 14:30:00,pumped,2487.167
2026-09-20 14:35:00,nuclear,28825.467
2026-09-20 14:35:00,bituminous_coal,23771.661
2026-09-20 14:35:00,lng,16170.986
2026-09-20 14:35:00,renewable,5131.838
2026-09-20 14:35:00,hydro,875.312
2026-09-20 14:35:00,oil,214.39
2026-09-20 14:35:00,anthracite,49.069
2026-09-20 14:35:00,solar,8056.927
2026-09-20 14:35:00,pumped,2491.085
2026-09-20 14:40:00,nuclear,28905.838
2026-09-20 14:40:00,bituminous_coal,23791.995
2026-09-20 14:40:00,lng,16132.151
2026-09-20 14:40:00,renewable,5070.941
2026-09-20 14:40:00,hydro,854.973
2026-09-20 14:40:00,oil,275.242
2026-09-20 14:40:00,anthracite,61.907
2026-09-20 14:40:00,solar,7982.044
2026-09-20 14:40:00,pumped,2494.292
2026-09-20 14:45:00,nuclear,28848.189
2026-09-20 14:45:00,bituminous_coal,23763.167
2026-09-20 14:45:00,lng,16188.426
2026-09-20 14:45:00,renewable,5060.66
2026-09-20 14:45:00,hydro,817.739
2026-09-20 14:45:00,oil,291.12
2026-09-20 14:45:00,anthracite,109.068
2026-09-20 14:45:00,solar,7904.552
2026-09-20 14:45:00,pumped,2496.788
2026-09-20 14:50:00,nuclear,28934.136
2026-09-20 14:50:00,bituminous_coal,23782.259
2026-09-20 14:50:00,lng,16162.207
2026-09-20 14:50:00,renewable,5049.445
2026-09-20 14:50:00,hydro,855.804
2026-09-20 14:50:00,oil,260.113
2026-09-20 14:50:00,anthracite,52.031
2026-09-20 14:50:00,solar,7824.488
2026-09-20 14:50:00,pumped,2498.572
2026-09-20 14:55:00,nuclear,28865.834
2026-09-20 14:55:00,bituminous_coal,23791.666
2026-09-20 14:55:00,lng,16131.065
2026-09-20 14:55:00,renewable,5086.092
2026-09-20 14:55:00,hydro,836.419
2026-09-20 14:55:00,oil,261.902
2026-09-20 14:55:00,anthracite,60.015
2026-09-20 14:55:00,solar,7741.89
2026-09-20 14:55:00,pumped,2499.643
2026-09-20 15:00:00,nuclear,28929.544
2026-09-20 15:00:00,bituminous_coal,23807.24
2026-09-20 15:00:00,lng,16140.113
2026-09-20 15:00:00,renewable,5138.635
2026-09-20 15:00:00,hydro,810.835
2026-09-20 15:00:00,oil,298.828
2026-09-20 15:00:00,anthracite,55.197
2026-09-20 15:00:00,solar,7656.797
2026-09-20 15:00:00,pumped,2500.0
2026-09-20 15:05:00,nuclear,28854.337
2026-09-20 15:05:00,bituminous_coal,23786.687
2026-09-20 15:05:00,lng,16128.723
2026-09-20 15:05:00,renewable,5106.286
2026-09-20 15:05:00,hydro,817.969
2026-09-20 15:05:00,oil,211.345
2026-09-20 15:05:00,anthracite,93.09
2026-09-20 15:05:00,solar,7569.249
2026-09-20 15:05:00,pumped,2499.643
2026-09-20 15:10:00,nuclear,28922.775
2026-09-20 15:10:00,bituminous_coal,23780.198
2026-09-20 15:10:00,lng,16117.014
2026-09-20 15:10:00,renewable,5122.71
2026-09-20 15:10:00,hydro,821.168
2026-09-20 15:10:00,oil,259.916
2026-09-20 15:10:00,anthracite,128.409
2026-09-20 15:10:00,solar,7479.289
2026-09-20 15:10:00,pumped,2498.572
2026-09-20 15:15:00,nuclear,28882.943
2026-09-20 15:15:00,bituminous_coal,23790.035
2026-09-20 15:15:00,lng,16164.765
2026-09-20 15:15:00,renewable,5049.949
2026-09-20 15:15:00,hydro,837.465
2026-09-20 15:15:00,oil,280.629
2026-09-20 15:15:00,anthracite,114.087
2026-09-20 15:15:00,solar,7386.959
2026-09-20 15:15:00,pumped,2496.788
2026-09-20 15:20:00,nuclear,28837.404
2026-09-20 15:20:00,bituminous_coal,23770.216
2026-09-20 15:20:00,lng,16091.006
2026-09-20 15:20:00,renewable,5117.452
2026-09-20 15:20:00,hydro,864.578
2026-09-20 15:20:00,oil,303.178
2026-09-20 15:20:00,anthracite,37.81
2026-09-20 15:20:00,solar,7292.303
2026-09-20 15:20:00,pumped,2494.292
2026-09-20 15:25:00,nuclear,28905.021
2026-09-20 15:25:00,bituminous_coal,23740.166
2026-09-20 15:25:00,lng,16099.232
2026-09-20 15:25:00,renewable,5083.551
2026-09-20 15:25:00,hydro,830.342
2026-09-20 15:25:00,oil,301.105
2026-09-20 15:25:00,anthracite,50.659
2026-09-20 15:25:00,solar,7195.366
2026-09-20 15:25:00,pumped,2491.085
2026-09-20 15:30:00,nuclear,28814.095
2026-09-20 15:30:00,bituminous_coal,23788.921
2026-09-20 15:30:00,lng,16103.727
2026-09-20 15:30:00,renewable,5134.544
2026-09-20 15:30:00,hydro,861.746
2026-09-20 15:30:00,oil,267.817
2026-09-20 15:30:00,anthracite,66.446
2026-09-20 15:30:00,solar,7096.194
2026-09-20 15:30:00,pumped,2487.167
2026-09-20 15:35:00,nuclear,28820.789
2026-09-20 15:35:00,bituminous_coal,23798.478
2026-09-20 15:35:00,lng,16071.472
2026-09-20 15:35:00,renewable,5070.672
2026-09-20 15:35:00,hydro,845.748
2026-09-20 15:35:00,oil,234.51
2026-09-20 15:35:00,anthracite,41.744
2026-09-20 15:35:00,solar,6994.835
2026-09-20 15:35:00,pumped,2482.542
2026-09-20 15:40:00,nuclear,28813.302
2026-09-20 15:40:00,bituminous_coal,23750.725
2026-09-20 15:40:00,lng,16134.071
2026-09-20 15:40:00,renewable,5095.824
2026-09-20 15:40:00,hydro,862.599
2026-09-20 15:40:00,oil,221.787
2026-09-20 15:40:00,anthracite,128.614
2026-09-20 15:40:00,solar,6891.336
2026-09-20 15:40:00,pumped,2477.212
2026-09-20 15:45:00,nuclear,28812.362
2026-09-20 15:45:00,bituminous_coal,23699.2
2026-09-20 15:45:00,lng,16102.4
2026-09-20 15:45:00,renewable,5102.556
2026-09-20 15:45:00,hydro,839.94
2026-09-20 15:45:00,oil,214.763
2026-09-20 15:45:00,anthracite,93.387
2026-09-20 15:45:00,solar,6785.748
2026-09-20 15:45:00,pumped,2471.178
2026-09-20 15:50:00,nuclear,28774.936
2026-09-20 15:50:00,bituminous_coal,23723.714
2026-09-20 15:50:00,lng,16081.546
2026-09-20 15:50:00,renewable,5066.874
2026-09-20 15:50:00,hydro,806.837
2026-09-20 15:50:00,oil,230.542
2026-09-20 15:50:00,anthracite,113.392
2026-09-20 15:50:00,solar,6678.119
2026-09-20 15:50:00,pumped,2464.444
2026-09-20 15:55:00,nuclear,28780.495
2026-09-20 15:55:00,bituminous_coal,23646.469
2026-09-20 15:55:00,lng,16044.973
2026-09-20 15:55:00,renewable,5076.057
2026-09-20 15:55:00,hydro,834.613
2026-09-20 15:55:00,oil,228.439
2026-09-20 15:55:00,anthracite,86.28
2026-09-20 15:55:00,solar,6568.503
2026-09-20 15:55:00,pumped,2457.013
2026-09-20 16:00:00,nuclear,28745.841
2026-09-20 16:00:00,bituminous_coal,23678.565
2026-09-20 16:00:00,lng,16089.512
2026-09-20 16:00:00,renewable,5105.115
2026-09-20 16:00:00,hydro,796.353
2026-09-20 16:00:00,oil,230.484
2026-09-20 16:00:00,anthracite,92.947
2026-09-20 16:00:00,solar,6456.949
2026-09-20 16:00:00,pumped,2448.889
2026-09-20 16:05:00,nuclear,28740.961
2026-09-20 16:05:00,bituminous_coal,23673.706
2026-09-20 16:05:00,lng,16068.611
2026-09-20 16:05:00,renewable,5036.287
2026-09-20 16:05:00,hydro,861.247
2026-09-20 16:05:00,oil,209.843
2026-09-20 16:05:00,anthracite,73.98
2026-09-20 16:05:00,solar,6343.513
2026-09-20 16:05:00,pumped,2440.075
2026-09-20 16:10:00,nuclear,28705.148
2026-09-20 16:10:00,bituminous_coal,23595.722
2026-09-20 16:10:00,lng,16035.125
2026-09-20 16:10:00,renewable,5020.459
2026-09-20 16:10:00,hydro,848.647
2026-09-20 16:10:00,oil,224.195
2026-09-20 16:10:00,anthracite,110.559
2026-09-20 16:10:00,solar,6228.247
2026-09-20 16:10:00,pumped,2430.575
2026-09-20 16:15:00,nuclear,28675.795
2026-09-20 16:15:00,bituminous_coal,23528.046
2026-09-20 16:15:00,lng,16045.508
2026-09-20 16:15:00,renewable,5033.176
2026-09-20 16:15:00,hydro,870.28
2026-09-20 16:15:00,oil,239.931
2026-09-20 16:15:00,anthracite,84.242
2026-09-20 16:15:00,solar,6111.207
2026-09-20 16:15:00,pumped,2420.395
2026-09-20 16:20:00,nuclear,28610.864
2026-09-20 16:20:00,bituminous_coal,23569.576
2026-09-20 16:20:00,lng,15959.3
2026-09-20 16:20:00,renewable,5041.521
2026-09-20 16:20:00,hydro,803.589
2026-09-20 16:20:00,oil,270.026
2026-09-20 16:20:00,anthracite,53.551
2026-09-20 16:20:00,solar,5992.447
2026-09-20 16:20:00,pumped,2409.539
2026-09-20 16:25:00,nuclear,28540.775
2026-09-20 16:25:00,bituminous_coal,23477.567
2026-09-20 16:25:00,lng,15972.708
2026-09-20 16:25:00,renewable,5047.65
2026-09-20 16:25:00,hydro,864.291
2026-09-20 16:25:00,oil,257.453
2026-09-20 16:25:00,anthracite,39.01
2026-09-20 16:25:00,solar,5872.026
2026-09-20 16:25:00,pumped,2398.012
2026-09-20 16:30:00,nuclear,28552.103
2026-09-20 16:30:00,bituminous_coal,23453.006
2026-09-20 16:30:00,lng,15909.52
2026-09-20 16:30:00,renewable,4988.327
2026-09-20 16:30:00,hydro,852.29
2026-09-20 16:30:00,oil,299.202
2026-09-20 16:30:00,anthracite,130.798
2026-09-20 16:30:00,solar,5750.0
2026-09-20 16:30:00,pumped,2385.819
2026-09-20 16:35:00,nuclear,28421.037
2026-09-20 16:35:00,bituminous_coal,23478.492
2026-09-20 16:35:00,lng,15952.315
2026-09-20 16:35:00,renewable,4993.075
2026-09-20 16:35:00,hydro,799.518
2026-09-20 16:35:00,oil,292.226
2026-09-20 16:35:00,anthracite,65.641
2026-09-20 16:35:00,solar,5626.427
2026-09-20 16:35:00,pumped,2372.967
2026-09-20 16:40:00,nuclear,28454.135
2026-09-20 16:40:00,bituminous_coal,23375.873
2026-09-20 16:40:00,lng,15847.723
2026-09-20 16:40:00,renewable,5027.225
2026-09-20 16:40:00,hydro,860.437
2026-09-20 16:40:00,oil,219.692
2026-09-20 16:40:00,anthracite,115.303
2026-09-20 16:40:00,solar,5501.366
2026-09-20 16:40:00,pumped,2359.462
2026-09-20 16:45:00,nuclear,28410.64
2026-09-20 16:45:00,bituminous_coal,23407.051
2026-09-20 16:45:00,lng,15842.681
2026-09-20 16:45:00,renewable,4976.379
2026-09-20 16:45:00,hydro,809.144
2026-09-20 16:45:00,oil,288.75
2026-09-20 16:45:00,anthracite,107.453
2026-09-20 16:45:00,solar,5374.876
2026-09-20 16:45:00,pumped,2345.309
2026-09-20 16:50:00,nuclear,28344.946
2026-09-20 16:50:00,bituminous_coal,23331.628
2026-09-20 16:50:00,lng,15839.08
2026-09-20 16:50:00,renewable,4994.801
2026-09-20 16:50:00,hydro,807.996
2026-09-20 16:50:00,oil,274.376
2026-09-20 16:50:00,anthracite,105.62
2026-09-20 16:50:00,solar,5247.019
2026-09-20 16:50:00,pumped,2330.516
2026-09-20 16:55:00,nuclear,28234.452
2026-09-20 16:55:00,bituminous_coal,23285.49
2026-09-20 16:55:00,lng,15822.204
2026-09-20 16:55:00,renewable,4951.067
2026-09-20 16:55:00,hydro,878.875
2026-09-20 16:55:00,oil,292.386
2026-09-20 16:55:00,anthracite,97.372
2026-09-20 16:55:00,solar,5117.853
2026-09-20 16:55:00,pumped,2315.09
2026-09-20 17:00:00,nuclear,28256.871
2026-09-20 17:00:00,bituminous_coal,23199.201
2026-09-20 17:00:00,lng,15797.095
2026-09-20 17:00:00,renewable,4980.185
2026-09-20 17:00:00,hydro,868.988
2026-09-20 17:00:00,oil,250.025
2026-09-20 17:00:00,anthracite,50.455
2026-09-20 17:00:00,solar,4987.442
2026-09-20 17:00:00,pumped,2299.038
2026-09-20 17:05:00,nuclear,28156.362
2026-09-20 17:05:00,bituminous_coal,23239.983
2026-09-20 17:05:00,lng,15720.247
2026-09-20 17:05:00,renewable,5009.646
2026-09-20 17:05:00,hydro,798.094
2026-09-20 17:05:00,oil,204.151
2026-09-20 17:05:00,anthracite,106.002
2026-09-20 17:05:00,solar,4855.847
2026-09-20 17:05:00,pumped,2282.368
2026-09-20 17:10:00,nuclear,28127.964
2026-09-20 17:10:00,bituminous_coal,23143.614
2026-09-20 17:10:00,lng,15685.005
2026-09-20 17:10:00,renewable,4920.337
2026-09-20 17:10:00,hydro,849.55
2026-09-20 17:10:00,oil,262.809
2026-09-20 17:10:00,anthracite,63.544
2026-09-20 17:10:00,solar,4723.131
2026-09-20 17:10:00,pumped,2265.087
2026-09-20 17:15:00,nuclear,28043.414
2026-09-20 17:15:00,bituminous_coal,23060.345
2026-09-20 17:15:00,lng,15664.631
2026-09-20 17:15:00,renewable,4991.078
2026-09-20 17:15:00,hydro,790.723
2026-09-20 17:15:00,oil,199.775
2026-09-20 17:15:00,anthracite,92.1
2026-09-20 17:15:00,solar,4589.357
2026-09-20 17:15:00,pumped,2247.204
2026-09-20 17:20:00,nuclear,28014.23
2026-09-20 17:20:00,bituminous_coal,23060.743
2026-09-20 17:20:00,lng,15641.368
2026-09-20 17:20:00,renewable,4924.775
2026-09-20 17:20:00,hydro,795.175
2026-09-20 17:20:00,oil,244.182
2026-09-20 17:20:00,anthracite,71.04
2026-09-20 17:20:00,solar,4454.588
2026-09-20 17:20:00,pumped,2228.728
2026-09-20 17:25:00,nuclear,27872.831
2026-09-20 17:25:00,bituminous_coal,22946.055
2026-09-20 17:25:00,lng,15622.769
2026-09-20 17:25:00,renewable,4888.579
2026-09-20 17:25:00,hydro,815.651
2026-09-20 17:25:00,oil,259.372
2026-09-20 17:25:00,anthracite,98.75
2026-09-20 17:25:00,solar,4318.889
2026-09-20 17:25:00,pumped,2209.667
2026-09-20 17:30:00,nuclear,27843.029
2026-09-20 17:30:00,bituminous_coal,22949.034
2026-09-20 17:30:00,lng,15603.093
2026-09-20 17:30:00,renewable,4962.423
2026-09-20 17:30:00,hydro,810.383
2026-09-20 17:30:00,oil,213.736
2026-09-20 17:30:00,anthracite,72.31
2026-09-20 17:30:00,solar,4182.324
2026-09-20 17:30:00,pumped,2190.03
2026-09-20 17:35:00,nuclear,27798.157
2026-09-20 17:35:00,bituminous_coal,22831.411
2026-09-20 17:35:00,lng,15550.51
2026-09-20 17:35:00,renewable,4905.287
2026-09-20 17:35:00,hydro,785.41
2026-09-20 17:35:00,oil,293.501
2026-09-20 17:35:00,anthracite,79.649
2026-09-20 17:35:00,solar,4044.958
2026-09-20 17:35:00,pumped,2169.827
2026-09-20 17:40:00,nuclear,27703.33
2026-09-20 17:40:00,bituminous_coal,22847.39
2026-09-20 17:40:00,lng,15485.868
2026-09-20 17:40:00,renewable,4869.472
2026-09-20 17:40:00,hydro,769.136
2026-09-20 17:40:00,oil,244.526
2026-09-20 17:40:00,anthracite,45.254
2026-09-20 17:40:00,solar,3906.857
2026-09-20 17:40:00,pumped,2149.067
2026-09-20 17:45:00,nuclear,27653.224
2026-09-20 17:45:00,bituminous_coal,22734.351
2026-09-20 17:45:00,lng,15488.18
2026-09-20 17:45:00,renewable,4872.906
2026-09-20 17:45:00,hydro,773.548
2026-09-20 17:45:00,oil,195.835
2026-09-20 17:45:00,anthracite,65.269
2026-09-20 17:45:00,solar,3768.087
2026-09-20 17:45:00,pumped,2127.76
2026-09-20 17:50:00,nuclear,27600.123
2026-09-20 17:50:00,bituminous_coal,22678.475
2026-09-20 17:50:00,lng,15352.977
2026-09-20 17:50:00,renewable,4866.83
2026-09-20 17:50:00,hydro,833.783
2026-09-20 17:50:00,oil,286.948
2026-09-20 17:50:00,anthracite,32.547
2026-09-20 17:50:00,solar,3628.713
2026-09-20 17:50:00,pumped,2105.916
2026-09-20 17:55:00,nuclear,27496.096
2026-09-20 17:55:00,bituminous_coal,22621.656
2026-09-20 17:55:00,lng,15343.423
2026-09-20 17:55:00,renewable,4824.674
2026-09-20 17:55:00,hydro,799.143
2026-09-20 17:55:00,oil,195.843
2026-09-20 17:55:00,anthracite,122.703
2026-09-20 17:55:00,solar,3488.802
2026-09-20 17:55:00,pumped,2083.546
2026-09-20 18:00:00,nuclear,27434.993
2026-09-20 18:00:00,bituminous_coal,22606.21
2026-09-20 18:00:00,lng,15347.886
2026-09-20 18:00:00,renewable,4840.501
2026-09-20 18:00:00,hydro,804.966
2026-09-20 18:00:00,oil,238.084
2026-09-20 18:00:00,anthracite,85.497
2026-09-20 18:00:00,solar,3348.42
2026-09-20 18:00:00,pumped,2060.66
2026-09-20 18:05:00,nuclear,27293.765
2026-09-20 18:05:00,bituminous_coal,22473.58
2026-09-20 18:05:00,lng,15300.478
2026-09-20 18:05:00,renewable,4833.102
2026-09-20 18:05:00,hydro,769.414
2026-09-20 18:05:00,oil,219.054
2026-09-20 18:05:00,anthracite,64.432
2026-09-20 18:05:00,solar,3207.635
2026-09-20 18:05:00,pumped,2037.27
2026-09-20 18:10:00,nuclear,27197.18
2026-09-20 18:10:00,bituminous_coal,22464.106
2026-09-20 18:10:00,lng,15260.605
2026-09-20 18:10:00,renewable,4800.713
2026-09-20 18:10:00,hydro,785.042
2026-09-20 18:10:00,oil,190.963
2026-09-20 18:10:00,anthracite,111.186
2026-09-20 18:10:00,solar,3066.512
2026-09-20 18:10:00,pumped,2013.385
2026-09-20 18:15:00,nuclear,27188.203
2026-09-20 18:15:00,bituminous_coal,22346.652
2026-09-20 18:15:00,lng,15153.687
2026-09-20 18:15:00,renewable,4788.636
2026-09-20 18:15:00,hydro,832.411
2026-09-20 18:15:00,oil,199.884
2026-09-20 18:15:00,anthracite,50.318
2026-09-20 18:15:00,solar,2925.12
2026-09-20 18:15:00,pumped,1989.019
2026-09-20 18:20:00,nuclear,27046.545
2026-09-20 18:20:00,bituminous_coal,22346.049
2026-09-20 18:20:00,lng,15179.106
2026-09-20 18:20:00,renewable,4758.233
2026-09-20 18:20:00,hydro,841.256
2026-09-20 18:20:00,oil,284.316
2026-09-20 18:20:00,anthracite,50.202
2026-09-20 18:20:00,solar,2783.526
2026-09-20 18:20:00,pumped,1964.181
2026-09-20 18:25:00,nuclear,26986.427
2026-09-20 18:25:00,bituminous_coal,22202.235
2026-09-20 18:25:00,lng,15043.274
2026-09-20 18:25:00,renewable,4791.929
2026-09-20 18:25:00,hydro,801.135
2026-09-20 18:25:00,oil,241.015
2026-09-20 18:25:00,anthracite,85.773
2026-09-20 18:25:00,solar,2641.797
2026-09-20 18:25:00,pumped,1938.885
2026-09-20 18:30:00,nuclear,26892.834
2026-09-20 18:30:00,bituminous_coal,22156.435
2026-09-20 18:30:00,lng,15080.223
2026-09-20 18:30:00,renewable,4709.611
2026-09-20 18:30:00,hydro,805.482
2026-09-20 18:30:00,oil,281.378
2026-09-20 18:30:00,anthracite,86.24
2026-09-20 18:30:00,solar,2500.0
2026-09-20 18:30:00,pumped,1913.142
2026-09-20 18:35:00,nuclear,26768.609
2026-09-20 18:35:00,bituminous_coal,22042.976
2026-09-20 18:35:00,lng,15008.512
2026-09-20 18:35:00,renewable,4702.435
2026-09-20 18:35:00,hydro,818.363
2026-09-20 18:35:00,oil,194.438
2026-09-20 18:35:00,anthracite,100.654
2026-09-20 18:35:00,solar,2358.203
2026-09-20 18:35:00,pumped,1886.964
2026-09-20 18:40:00,nuclear,26775.194
2026-09-20 18:40:00,bituminous_coal,22029.288
2026-09-20 18:40:00,lng,14967.077
2026-09-20 18:40:00,renewable,4704.519
2026-09-20 18:40:00,hydro,757.753
2026-09-20 18:40:00,oil,214.012
2026-09-20 18:40:00,anthracite,118.82
2026-09-20 18:40:00,solar,2216.474
2026-09-20 18:40:00,pumped,1860.365
2026-09-20 18:45:00,nuclear,26591.418
2026-09-20 18:45:00,bituminous_coal,21893.888
2026-09-20 18:45:00,lng,14887.22
2026-09-20 18:45:00,renewable,4723.916
2026-09-20 18:45:00,hydro,744.608
2026-09-20 18:45:00,oil,247.243
2026-09-20 18:45:00,anthracite,91.91
2026-09-20 18:45:00,solar,2074.88
2026-09-20 18:45:00,pumped,1833.355
2026-09-20 18:50:00,nuclear,26501.735
2026-09-20 18:50:00,bituminous_coal,21875.235
2026-09-20 18:50:00,lng,14796.07
2026-09-20 18:50:00,renewable,4656.874
2026-09-20 18:50:00,hydro,737.739
2026-09-20 18:50:00,oil,209.636
2026-09-20 18:50:00,anthracite,95.72
2026-09-20 18:50:00,solar,1933.488
2026-09-20 18:50:00,pumped,1805.949
2026-09-20 18:55:00,nuclear,26449.147
2026-09-20 18:55:00,bituminous_coal,21796.14
2026-09-20 18:55:00,lng,14765.72
2026-09-20 18:55:00,renewable,4667.765
2026-09-20 18:55:00,hydro,756.445
2026-09-20 18:55:00,oil,234.782
2026-09-20 18:55:00,anthracite,125.75
2026-09-20 18:55:00,solar,1792.365
2026-09-20 18:55:00,pumped,1778.16
2026-09-20 19:00:00,nuclear,26300.208
2026-09-20 19:00:00,bituminous_coal,21657.115
2026-09-20 19:00:00,lng,14741.801
2026-09-20 19:00:00,renewable,4665.797
2026-09-20 19:00:00,hydro,781.269
2026-09-20 19:00:00,oil,261.806
2026-09-20 19:00:00,anthracite,115.163
2026-09-20 19:00:00,solar,1651.58
2026-09-20 19:00:00,pumped,1750.0
2026-09-20 19:05:00,nuclear,26230.149
2026-09-20 19:05:00,bituminous_coal,21593.421
2026-09-20 19:05:00,lng,14639.351
2026-09-20 19:05:00,renewable,4637.21
2026-09-20 19:05:00,hydro,757.8
2026-09-20 19:05:00,oil,257.764
2026-09-20 19:05:00,anthracite,109.006
2026-09-20 19:05:00,solar,1511.198
2026-09-20 19:05:00,pumped,1721.483
2026-09-20 19:10:00,nuclear,26192.886
2026-09-20 19:10:00,bituminous_coal,21578.676
2026-09-20 19:10:00,lng,14664.647
2026-09-20 19:10:00,renewable,4583.165
2026-09-20 19:10:00,hydro,773.65
2026-09-20 19:10:00,oil,192.91
2026-09-20 19:10:00,anthracite,109.381
2026-09-20 19:10:00,solar,1371.287
2026-09-20 19:10:00,pumped,1692.623
2026-09-20 19:15:00,nuclear,26030.754
2026-09-20 19:15:00,bituminous_coal,21470.878
2026-09-20 19:15:00,lng,14592.649
2026-09-20 19:15:00,renewable,4594.611
2026-09-20 19:15:00,hydro,759.685
2026-09-20 19:15:00,oil,247.011
2026-09-20 19:15:00,anthracite,89.832
2026-09-20 19:15:00,solar,1231.913
2026-09-20 19:15:00,pumped,1663.433
2026-09-20 19:20:00,nuclear,25987.693
2026-09-20 19:20:00,bituminous_coal,21381.723
2026-09-20 19:20:00,lng,14545.283
2026-09-20 19:20:00,renewable,4542.283
2026-09-20 19:20:00,hydro,721.189
2026-09-20 19:20:00,oil,186.986
2026-09-20 19:20:00,anthracite,45.999
2026-09-20 19:20:00,solar,1093.143
2026-09-20 19:20:00,pumped,1633.927
2026-09-20 19:25:00,nuclear,25875.198
2026-09-20 19:25:00,bituminous_coal,21263.082
2026-09-20 19:25:00,lng,14421.774
2026-09-20 19:25:00,renewable,4572.767
2026-09-20 19:25:00,hydro,750.005
2026-09-20 19:25:00,oil,196.373
2026-09-20 19:25:00,anthracite,102.545
2026-09-20 19:25:00,solar,955.042
2026-09-20 19:25:00,pumped,1604.12
2026-09-20 19:30:00,nuclear,25772.386
2026-09-20 19:30:00,bituminous_coal,21252.416
2026-09-20 19:30:00,lng,14349.141
2026-09-20 19:30:00,renewable,4593.863
2026-09-20 19:30:00,hydro,777.668
2026-09-20 19:30:00,oil,205.624
2026-09-20 19:30:00,anthracite,67.953
2026-09-20 19:30:00,solar,817.676
2026-09-20 19:30:00,pumped,1574.025
2026-09-20 19:35:00,nuclear,25602.501
2026-09-20 19:35:00,bituminous_coal,21135.181
2026-09-20 19:35:00,lng,14314.477
2026-09-20 19:35:00,renewable,4479.278
2026-09-20 19:35:00,hydro,712.362
2026-09-20 19:35:00,oil,261.713
2026-09-20 19:35:00,anthracite,100.912
2026-09-20 19:35:00,solar,681.111
2026-09-20 19:35:00,pumped,1543.657
2026-09-20 19:40:00,nuclear,25549.953
2026-09-20 19:40:00,bituminous_coal,21061.509
2026-09-20 19:40:00,lng,14267.06
2026-09-20 19:40:00,renewable,4486.85
2026-09-20 19:40:00,hydro,756.327
2026-09-20 19:40:00,oil,227.326
2026-09-20 19:40:00,anthracite,61.22
2026-09-20 19:40:00,solar,545.412
2026-09-20 19:40:00,pumped,1513.03
2026-09-20 19:45:00,nuclear,25391.277
2026-09-20 19:45:00,bituminous_coal,20968.965
2026-09-20 19:45:00,lng,14242.256
2026-09-20 19:45:00,renewable,4509.622
2026-09-20 19:45:00,hydro,767.015
2026-09-20 19:45:00,oil,187.209
2026-09-20 19:45:00,anthracite,87.788
2026-09-20 19:45:00,solar,410.643
2026-09-20 19:45:00,pumped,1482.159
2026-09-20 19:50:00,nuclear,25352.455
2026-09-20 19:50:00,bituminous_coal,20849.474
2026-09-20 19:50:00,lng,14156.509
2026-09-20 19:50:00,renewable,4441.253
2026-09-20 19:50:00,hydro,708.901
2026-09-20 19:50:00,oil,216.368
2026-09-20 19:50:00,anthracite,77.909
2026-09-20 19:50:00,solar,276.869
2026-09-20 19:50:00,pumped,1451.059
2026-09-20 19:55:00,nuclear,25196.85
2026-09-20 19:55:00,bituminous_coal,20788.697
2026-09-20 19:55:00,lng,14067.766
2026-09-20 19:55:00,renewable,4480.483
2026-09-20 19:55:00,hydro,789.211
2026-09-20 19:55:00,oil,241.2
2026-09-20 19:55:00,anthracite,45.358
2026-09-20 19:55:00,solar,144.153
2026-09-20 19:55:00,pumped,1419.744
2026-09-20 20:00:00,nuclear,25089.108
2026-09-20 20:00:00,bituminous_coal,20734.703
2026-09-20 20:00:00,lng,13994.979
2026-09-20 20:00:00,renewable,4474.933
2026-09-20 20:00:00,hydro,778.601
2026-09-20 20:00:00,oil,197.427
2026-09-20 20:00:00,anthracite,72.89
2026-09-20 20:00:00,solar,12.558
2026-09-20 20:00:00,pumped,1388.229
2026-09-20 20:05:00,nuclear,25041.782
2026-09-20 20:05:00,bituminous_coal,20599.968
2026-09-20 20:05:00,lng,13961.835
2026-09-20 20:05:00,renewable,4433.05
2026-09-20 20:05:00,hydro,768.685
2026-09-20 20:05:00,oil,172.169
2026-09-20 20:05:00,anthracite,80.417
2026-09-20 20:05:00,solar,0.0
2026-09-20 20:05:00,pumped,1356.529
2026-09-20 20:10:00,nuclear,24934.281
2026-09-20 20:10:00,bituminous_coal,20495.328
2026-09-20 20:10:00,lng,13962.548
2026-09-20 20:10:00,renewable,4393.332
2026-09-20 20:10:00,hydro,691.158
2026-09-20 20:10:00,oil,230.282
2026-09-20 20:10:00,anthracite,28.73
2026-09-20 20:10:00,solar,0.0
2026-09-20 20:10:00,pumped,1324.659
2026-09-20 20:15:00,nuclear,24759.044
2026-09-20 20:15:00,bituminous_coal,20392.498
2026-09-20 20:15:00,lng,13837.969
2026-09-20 20:15:00,renewable,4357.847
2026-09-20 20:15:00,hydro,773.139
2026-09-20 20:15:00,oil,177.848
2026-09-20 20:15:00,anthracite,112.395
2026-09-20 20:15:00,solar,0.0
2026-09-20 20:15:00,pumped,1292.635
2026-09-20 20:20:00,nuclear,24700.05
2026-09-20 20:20:00,bituminous_coal,20366.956
2026-09-20 20:20:00,lng,13755.826
2026-09-20 20:20:00,renewable,4372.212
2026-09-20 20:20:00,hydro,694.595
2026-09-20 20:20:00,oil,248.097
2026-09-20 20:20:00,anthracite,66.307
2026-09-20 20:20:00,solar,0.0
2026-09-20 20:20:00,pumped,1260.472
2026-09-20 20:25:00,nuclear,24586.127
2026-09-20 20:25:00,bituminous_coal,20199.808
2026-09-20 20:25:00,lng,13752.761
2026-09-20 20:25:00,renewable,4320.379
2026-09-20 20:25:00,hydro,693.931
2026-09-20 20:25:00,oil,246.062
2026-09-20 20:25:00,anthracite,58.86
2026-09-20 20:25:00,solar,0.0
2026-09-20 20:25:00,pumped,1228.185
2026-09-20 20:30:00,nuclear,24473.631
2026-09-20 20:30:00,bituminous_coal,20162.68
2026-09-20 20:30:00,lng,13627.978
2026-09-20 20:30:00,renewable,4333.283
2026-09-20 20:30:00,hydro,758.297
2026-09-20 20:30:00,oil,189.716
2026-09-20 20:30:00,anthracite,72.637
2026-09-20 20:30:00,solar,0.0
2026-09-20 20:30:00,pumped,1195.789
2026-09-20 20:35:00,nuclear,24397.552
2026-09-20 20:35:00,bituminous_coal,20090.76
2026-09-20 20:35:00,lng,13652.517
2026-09-20 20:35:00,renewable,4254.743
2026-09-20 20:35:00,hydro,690.009
2026-09-20 20:35:00,oil,181.033
2026-09-20 20:35:00,anthracite,111.717
2026-09-20 20:35:00,solar,0.0
2026-09-20 20:35:00,pumped,1163.3
2026-09-20 20:40:00,nuclear,24221.593
2026-09-20 20:40:00,bituminous_coal,20003.347
2026-09-20 20:40:00,lng,13558.681
2026-09-20 20:40:00,renewable,4271.593
2026-09-20 20:40:00,hydro,683.588
2026-09-20 20:40:00,oil,242.247
2026-09-20 20:40:00,anthracite,30.988
2026-09-20 20:40:00,solar,0.0
2026-09-20 20:40:00,pumped,1130.734
2026-09-20 20:45:00,nuclear,24158.878
2026-09-20 20:45:00,bituminous_coal,19865.212
2026-09-20 20:45:00,lng,13508.811
2026-09-20 20:45:00,renewable,4251.624
2026-09-20 20:45:00,hydro,692.147
2026-09-20 20:45:00,oil,237.775
2026-09-20 20:45:00,anthracite,42.894
2026-09-20 20:45:00,solar,0.0
2026-09-20 20:45:00,pumped,1098.105
2026-09-20 20:50:00,nuclear,24018.293
2026-09-20 20:50:00,bituminous_coal,19794.392
2026-09-20 20:50:00,lng,13388.458
2026-09-20 20:50:00,renewable,4204.731
2026-09-20 20:50:00,hydro,702.337
2026-09-20 20:50:00,oil,220.6
2026-09-20 20:50:00,anthracite,40.483
2026-09-20 20:50:00,solar,0.0
2026-09-20 20:50:00,pumped,1065.429
2026-09-20 20:55:00,nuclear,23918.229
2026-09-20 20:55:00,bituminous_coal,19723.283
2026-09-20 20:55:00,lng,13338.235
2026-09-20 20:55:00,renewable,4180.496
2026-09-20 20:55:00,hydro,708.855
2026-09-20 20:55:00,oil,165.455
2026-09-20 20:55:00,anthracite,104.735
2026-09-20 20:55:00,solar,0.0
2026-09-20 20:55:00,pumped,1032.722
2026-09-20 21:00:00,nuclear,23752.151
2026-09-20 21:00:00,bituminous_coal,19572.276
2026-09-20 21:00:00,lng,13317.667
2026-09-20 21:00:00,renewable,4192.75
2026-09-20 21:00:00,hydro,696.807
2026-09-20 21:00:00,oil,239.086
2026-09-20 21:00:00,anthracite,98.556
2026-09-20 21:00:00,solar,0.0
2026-09-20 21:00:00,pumped,1000.0
2026-09-20 21:05:00,nuclear,23652.463
2026-09-20 21:05:00,bituminous_coal,19473.63
2026-09-20 21:05:00,lng,13205.432
2026-09-20 21:05:00,renewable,4168.305
2026-09-20 21:05:00,hydro,659.556
2026-09-20 21:05:00,oil,184.32
2026-09-20 21:05:00,anthracite,59.534
2026-09-20 21:05:00,solar,0.0
2026-09-20 21:05:00,pumped,967.278
2026-09-20 21:10:00,nuclear,23543.777
2026-09-20 21:10:00,bituminous_coal,19409.045
2026-09-20 21:10:00,lng,13152.573
2026-09-20 21:10:00,renewable,4196.645
2026-09-20 21:10:00,hydro,723.816
2026-09-20 21:10:00,oil,204.637
2026-09-20 21:10:00,anthracite,110.707
2026-09-20 21:10:00,solar,0.0
2026-09-20 21:10:00,pumped,934.571
2026-09-20 21:15:00,nuclear,23417.947
2026-09-20 21:15:00,bituminous_coal,19289.852
2026-09-20 21:15:00,lng,13101.993
2026-09-20 21:15:00,renewable,4128.839
2026-09-20 21:15:00,hydro,647.764
2026-09-20 21:15:00,oil,248.537
2026-09-20 21:15:00,anthracite,64.019
2026-09-20 21:15:00,solar,0.0
2026-09-20 21:15:00,pumped,901.895
2026-09-20 21:20:00,nuclear,23390.892
2026-09-20 21:20:00,bituminous_coal,19245.237
2026-09-20 21:20:00,lng,13049.815
2026-09-20 21:20:00,renewable,4132.064
2026-09-20 21:20:00,hydro,665.768
2026-09-20 21:20:00,oil,228.001
2026-09-20 21:20:00,anthracite,66.154
2026-09-20 21:20:00,solar,0.0
2026-09-20 21:20:00,pumped,869.266
2026-09-20 21:25:00,nuclear,23226.281
2026-09-20 21:25:00,bituminous_coal,19166.953
2026-09-20 21:25:00,lng,13004.714
2026-09-20 21:25:00,renewable,4056.644
2026-09-20 21:25:00,hydro,712.114
2026-09-20 21:25:00,oil,160.146
2026-09-20 21:25:00,anthracite,20.869
2026-09-20 21:25:00,solar,0.0
2026-09-20 21:25:00,pumped,836.7
2026-09-20 21:30:00,nuclear,23121.997
2026-09-20 21:30:00,bituminous_coal,19086.978
2026-09-20 21:30:00,lng,12951.336
2026-09-20 21:30:00,renewable,4038.612
2026-09-20 21:30:00,hydro,724.212
2026-09-20 21:30:00,oil,180.548
2026-09-20 21:30:00,anthracite,79.948
2026-09-20 21:30:00,solar,0.0
2026-09-20 21:30:00,pumped,804.211
2026-09-20 21:35:00,nuclear,22984.874
2026-09-20 21:35:00,bituminous_coal,18984.356
2026-09-20 21:35:00,lng,12893.736
2026-09-20 21:35:00,renewable,4013.104
2026-09-20 21:35:00,hydro,672.572
2026-09-20 21:35:00,oil,226.303
2026-09-20 21:35:00,anthracite,69.715
2026-09-20 21:35:00,solar,0.0
2026-09-20 21:35:00,pumped,771.815
2026-09-20 21:40:00,nuclear,22924.742
2026-09-20 21:40:00,bituminous_coal,18877.97
2026-09-20 21:40:00,lng,12795.908
2026-09-20 21:40:00,renewable,4040.253
2026-09-20 21:40:00,hydro,624.769
2026-09-20 21:40:00,oil,209.272
2026-09-20 21:40:00,anthracite,35.556
2026-09-20 21:40:00,solar,0.0
2026-09-20 21:40:00,pumped,739.528
2026-09-20 21:45:00,nuclear,22789.889
2026-09-20 21:45:00,bituminous_coal,18755.208
2026-09-20 21:45:00,lng,12740.943
2026-09-20 21:45:00,renewable,4012.578
2026-09-20 21:45:00,hydro,673.874
2026-09-20 21:45:00,oil,189.423
2026-09-20 21:45:00,anthracite,68.033
2026-09-20 21:45:00,solar,0.0
2026-09-20 21:45:00,pumped,707.365
2026-09-20 21:50:00,nuclear,22686.746
2026-09-20 21:50:00,bituminous_coal,18645.486
2026-09-20 21:50:00,lng,12708.696
2026-09-20 21:50:00,renewable,4054.916
2026-09-20 21:50:00,hydro,621.138
2026-09-20 21:50:00,oil,174.764
2026-09-20 21:50:00,anthracite,40.982
2026-09-20 21:50:00,solar,0.0
2026-09-20 21:50:00,pumped,675.341
2026-09-20 21:55:00,nuclear,22608.263
2026-09-20 21:55:00,bituminous_coal,18595.117
2026-09-20 21:55:00,lng,12588.493
2026-09-20 21:55:00,renewable,3977.482
2026-09-20 21:55:00,hydro,703.064
2026-09-20 21:55:00,oil,169.133
2026-09-20 21:55:00,anthracite,66.401
2026-09-20 21:55:00,solar,0.0
2026-09-20 21:55:00,pumped,643.471
2026-09-20 22:00:00,nuclear,22525.677
2026-09-20 22:00:00,bituminous_coal,18464.935
2026-09-20 22:00:00,lng,12556.484
2026-09-20 22:00:00,renewable,3971.488
2026-09-20 22:00:00,hydro,673.645
2026-09-20 22:00:00,oil,220.978
2026-09-20 22:00:00,anthracite,86.142
2026-09-20 22:00:00,solar,0.0
2026-09-20 22:00:00,pumped,611.771
2026-09-20 22:05:00,nuclear,22419.29
2026-09-20 22:05:00,bituminous_coal,18409.956
2026-09-20 22:05:00,lng,12458.131
2026-09-20 22:05:00,renewable,3990.908
2026-09-20 22:05:00,hydro,623.969
2026-09-20 22:05:00,oil,234.314
2026-09-20 22:05:00,anthracite,20.187
2026-09-20 22:05:00,solar,0.0
2026-09-20 22:05:00,pumped,580.256
2026-09-20 22:10:00,nuclear,22314.741
2026-09-20 22:10:00,bituminous_coal,18337.549
2026-09-20 22:10:00,lng,12398.842
2026-09-20 22:10:00,renewable,3970.511
2026-09-20 22:10:00,hydro,612.044
2026-09-20 22:10:00,oil,236.288
2026-09-20 22:10:00,anthracite,36.525
2026-09-20 22:10:00,solar,0.0
2026-09-20 22:10:00,pumped,548.941
2026-09-20 22:15:00,nuclear,22174.119
2026-09-20 22:15:00,bituminous_coal,18234.719
2026-09-20 22:15:00,lng,12349.536
2026-09-20 22:15:00,renewable,3913.709
2026-09-20 22:15:00,hydro,605.529
2026-09-20 22:15:00,oil,169.925
2026-09-20 22:15:00,anthracite,35.625
2026-09-20 22:15:00,solar,0.0
2026-09-20 22:15:00,pumped,517.841
2026-09-20 22:20:00,nuclear,22046.599
2026-09-20 22:20:00,bituminous_coal,18119.656
2026-09-20 22:20:00,lng,12322.225
2026-09-20 22:20:00,renewable,3870.495
2026-09-20 22:20:00,hydro,658.774
2026-09-20 22:20:00,oil,235.578
2026-09-20 22:20:00,anthracite,57.967
2026-09-20 22:20:00,solar,0.0
2026-09-20 22:20:00,pumped,486.97
2026-09-20 22:25:00,nuclear,21950.779
2026-09-20 22:25:00,bituminous_coal,18095.293
2026-09-20 22:25:00,lng,12225.75
2026-09-20 22:25:00,renewable,3893.546
2026-09-20 22:25:00,hydro,624.241
2026-09-20 22:25:00,oil,226.27
2026-09-20 22:25:00,anthracite,22.718
2026-09-20 22:25:00,solar,0.0
2026-09-20 22:25:00,pumped,456.343
2026-09-20 22:30:00,nuclear,21867.077
2026-09-20 22:30:00,bituminous_coal,18025.708
2026-09-20 22:30:00,lng,12159.928
2026-09-20 22:30:00,renewable,3851.391
2026-09-20 22:30:00,hydro,665.268
2026-09-20 22:30:00,oil,218.467
2026-09-20 22:30:00,anthracite,53.24
2026-09-20 22:30:00,solar,0.0
2026-09-20 22:30:00,pumped,425.975
2026-09-20 22:35:00,nuclear,21744.149
2026-09-20 22:35:00,bituminous_coal,17859.096
2026-09-20 22:35:00,lng,12110.713
2026-09-20 22:35:00,renewable,3870.738
2026-09-20 22:35:00,hydro,676.778
2026-09-20 22:35:00,oil,171.581
2026-09-20 22:35:00,anthracite,76.466
2026-09-20 22:35:00,solar,0.0
2026-09-20 22:35:00,pumped,395.88
2026-09-20 22:40:00,nuclear,21604.196
2026-09-20 22:40:00,bituminous_coal,17860.919
2026-09-20 22:40:00,lng,12070.908
2026-09-20 22:40:00,renewable,3790.291
2026-09-20 22:40:00,hydro,615.595
2026-09-20 22:40:00,oil,177.644
2026-09-20 22:40:00,anthracite,39.041
2026-09-20 22:40:00,solar,0.0
2026-09-20 22:40:00,pumped,366.073
2026-09-20 22:45:00,nuclear,21562.642
2026-09-20 22:45:00,bituminous_coal,17725.729
2026-09-20 22:45:00,lng,12018.615
2026-09-20 22:45:00,renewable,3792.583
2026-09-20 22:45:00,hydro,600.288
2026-09-20 22:45:00,oil,229.278
2026-09-20 22:45:00,anthracite,17.874
2026-09-20 22:45:00,solar,0.0
2026-09-20 22:45:00,pumped,336.567
2026-09-20 22:50:00,nuclear,21478.746
2026-09-20 22:50:00,bituminous_coal,17705.968
2026-09-20 22:50:00,lng,12022.681
2026-09-20 22:50:00,renewable,3830.439
2026-09-20 22:50:00,hydro,635.481
2026-09-20 22:50:00,oil,215.843
2026-09-20 22:50:00,anthracite,27.643
2026-09-20 22:50:00,solar,0.0
2026-09-20 22:50:00,pumped,307.377
2026-09-20 22:55:00,nuclear,21352.805
2026-09-20 22:55:00,bituminous_coal,17574.913
2026-09-20 22:55:00,lng,11907.893
2026-09-20 22:55:00,renewable,3798.389
2026-09-20 22:55:00,hydro,670.469
2026-09-20 22:55:00,oil,164.975
2026-09-20 22:55:00,anthracite,106.002
2026-09-20 22:55:00,solar,0.0
2026-09-20 22:55:00,pumped,278.517
2026-09-20 23:00:00,nuclear,21204.99
2026-09-20 23:00:00,bituminous_coal,17547.947
2026-09-20 23:00:00,lng,11868.255
2026-09-20 23:00:00,renewable,3777.723
2026-09-20 23:00:00,hydro,640.088
2026-09-20 23:00:00,oil,150.461
2026-09-20 23:00:00,anthracite,29.204
2026-09-20 23:00:00,solar,0.0
2026-09-20 23:00:00,pumped,250.0
2026-09-20 23:05:00,nuclear,21196.887
2026-09-20 23:05:00,bituminous_coal,17442.855
2026-09-20 23:05:00,lng,11858.175
2026-09-20 23:05:00,renewable,3699.264
2026-09-20 23:05:00,hydro,659.798
2026-09-20 23:05:00,oil,173.971
2026-09-20 23:05:00,anthracite,24.149
2026-09-20 23:05:00,solar,0.0
2026-09-20 23:05:00,pumped,221.84
2026-09-20 23:10:00,nuclear,21102.682
2026-09-20 23:10:00,bituminous_coal,17339.129
2026-09-20 23:10:00,lng,11766.75
2026-09-20 23:10:00,renewable,3706.579
2026-09-20 23:10:00,hydro,596.4
2026-09-20 23:10:00,oil,140.176
2026-09-20 23:10:00,anthracite,68.245
2026-09-20 23:10:00,solar,0.0
2026-09-20 23:10:00,pumped,194.051
2026-09-20 23:15:00,nuclear,21012.498
2026-09-20 23:15:00,bituminous_coal,17247.051
2026-09-20 23:15:00,lng,11740.053
2026-09-20 23:15:00,renewable,3719.316
2026-09-20 23:15:00,hydro,657.003
2026-09-20 23:15:00,oil,202.542
2026-09-20 23:15:00,anthracite,40.087
2026-09-20 23:15:00,solar,0.0
2026-09-20 23:15:00,pumped,166.645
2026-09-20 23:20:00,nuclear,20919.782
2026-09-20 23:20:00,bituminous_coal,17173.356
2026-09-20 23:20:00,lng,11649.189
2026-09-20 23:20:00,renewable,3649.429
2026-09-20 23:20:00,hydro,602.466
2026-09-20 23:20:00,oil,202.308
2026-09-20 23:20:00,anthracite,39.347
2026-09-20 23:20:00,solar,0.0
2026-09-20 23:20:00,pumped,139.635
2026-09-20 23:25:00,nuclear,20738.326
2026-09-20 23:25:00,bituminous_coal,17115.174
2026-09-20 23:25:00,lng,11649.886
2026-09-20 23:25:00,renewable,3699.896
2026-09-20 23:25:00,hydro,596.576
2026-09-20 23:25:00,oil,215.979
2026-09-20 23:25:00,anthracite,54.281
2026-09-20 23:25:00,solar,0.0
2026-09-20 23:25:00,pumped,113.036
2026-09-20 23:30:00,nuclear,20734.067
2026-09-20 23:30:00,bituminous_coal,17032.786
2026-09-20 23:30:00,lng,11549.828
2026-09-20 23:30:00,renewable,3695.714
2026-09-20 23:30:00,hydro,579.706
2026-09-20 23:30:00,oil,134.257
2026-09-20 23:30:00,anthracite,67.921
2026-09-20 23:30:00,solar,0.0
2026-09-20 23:30:00,pumped,86.858
2026-09-20 23:35:00,nuclear,20558.045
2026-09-20 23:35:00,bituminous_coal,17011.318
2026-09-20 23:35:00,lng,11558.023
2026-09-20 23:35:00,renewable,3633.691
2026-09-20 23:35:00,hydro,612.377
2026-09-20 23:35:00,oil,215.396
2026-09-20 23:35:00,anthracite,97.77
2026-09-20 23:35:00,solar,0.0
2026-09-20 23:35:00,pumped,61.115
2026-09-20 23:40:00,nuclear,20552.917
2026-09-20 23:40:00,bituminous_coal,16923.974
2026-09-20 23:40:00,lng,11501.498
2026-09-20 23:40:00,renewable,3637.648
2026-09-20 23:40:00,hydro,563.065
2026-09-20 23:40:00,oil,211.532
2026-09-20 23:40:00,anthracite,94.298
2026-09-20 23:40:00,solar,0.0
2026-09-20 23:40:00,pumped,35.819
2026-09-20 23:45:00,nuclear,20472.526
2026-09-20 23:45:00,bituminous_coal,16854.78
2026-09-20 23:45:00,lng,11453.649
2026-09-20 23:45:00,renewable,3650.5
2026-09-20 23:45:00,hydro,621.583
2026-09-20 23:45:00,oil,164.756
2026-09-20 23:45:00,anthracite,96.713
2026-09-20 23:45:00,solar,0.0
2026-09-20 23:45:00,pumped,10.981
2026-09-20 23:50:00,nuclear,20370.26
2026-09-20 23:50:00,bituminous_coal,16779.711
2026-09-20 23:50:00,lng,11384.993
2026-09-20 23:50:00,renewable,3633.805
2026-09-20 23:50:00,hydro,561.605
2026-09-20 23:50:00,oil,194.76
2026-09-20 23:50:00,anthracite,75.036
2026-09-20 23:50:00,solar,0.0
2026-09-20 23:50:00,pumped,0.0
2026-09-20 23:55:00,nuclear,20263.838
2026-09-20 23:55:00,bituminous_coal,16708.611
2026-09-20 23:55:00,lng,11281.038
2026-09-20 23:55:00,renewable,3576.047
2026-09-20 23:55:00,hydro,627.878
2026-09-20 23:55:00,oil,171.57
2026-09-20 23:55:00,anthracite,76.833
2026-09-20 23:55:00,solar,0.0
2026-09-20 23:55:00,pumped,0.0
2026-09-21 00:00:00,nuclear,20217.237
2026-09-21 00:00:00,bituminous_coal,16599.637
2026-09-21 00:00:00,lng,11305.841
2026-09-21 00:00:00,renewable,3537.597
2026-09-21 00:00:00,hydro,547.056
2026-09-21 00:00:00,oil,191.241
2026-09-21 00:00:00,anthracite,105.281
2026-09-21 00:00:00,solar,0.0
2026-09-21 00:00:00,pumped,0.0
2026-09-21 00:05:00,nuclear,20143.99
2026-09-21 00:05:00,bituminous_coal,16583.796
2026-09-21 00:05:00,lng,11218.179
2026-09-21 00:05:00,renewable,3545.837
2026-09-21 00:05:00,hydro,574.814
2026-09-21 00:05:00,oil,133.444
2026-09-21 00:05:00,anthracite,85.252
2026-09-21 00:05:00,solar,0.0
2026-09-21 00:05:00,pumped,0.0
2026-09-21 00:10:00,nuclear,20068.782
2026-09-21 00:10:00,bituminous_coal,16516.034
2026-09-21 00:10:00,lng,11166.19
2026-09-21 00:10:00,renewable,3520.494
2026-09-21 00:10:00,hydro,556.508
2026-09-21 00:10:00,oil,212.54
2026-09-21 00:10:00,anthracite,50.761
2026-09-21 00:10:00,solar,0.0
2026-09-21 00:10:00,pumped,0.0
2026-09-21 00:15:00,nuclear,19988.556
2026-09-21 00:15:00,bituminous_coal,16461.177
2026-09-21 00:15:00,lng,11124.436
2026-09-21 00:15:00,renewable,3489.826
2026-09-21 00:15:00,hydro,613.735
2026-09-21 00:15:00,oil,223.616
2026-09-21 00:15:00,anthracite,47.582
2026-09-21 00:15:00,solar,0.0
2026-09-21 00:15:00,pumped,0.0
2026-09-21 00:20:00,nuclear,19848.188
2026-09-21 00:20:00,bituminous_coal,16393.705
2026-09-21 00:20:00,lng,11092.037
2026-09-21 00:20:00,renewable,3466.55
2026-09-21 00:20:00,hydro,568.385
2026-09-21 00:20:00,oil,193.121
2026-09-21 00:20:00,anthracite,53.962
2026-09-21 00:20:00,solar,0.0
2026-09-21 00:20:00,pumped,0.0
2026-09-21 00:25:00,nuclear,19779.828
2026-09-21 00:25:00,bituminous_coal,16332.999
2026-09-21 00:25:00,lng,11029.891
2026-09-21 00:25:00,renewable,3479.851
2026-09-21 00:25:00,hydro,613.544
2026-09-21 00:25:00,oil,176.389
2026-09-21 00:25:00,anthracite,61.817
2026-09-21 00:25:00,solar,0.0
2026-09-21 00:25:00,pumped,0.0
2026-09-21 00:30:00,nuclear,19768.567
2026-09-21 00:30:00,bituminous_coal,16316.517
2026-09-21 00:30:00,lng,11040.002
2026-09-21 00:30:00,renewable,3497.331
2026-09-21 00:30:00,hydro,621.518
2026-09-21 00:30:00,oil,143.503
2026-09-21 00:30:00,anthracite,25.565
2026-09-21 00:30:00,solar,0.0
2026-09-21 00:30:00,pumped,0.0
2026-09-21 00:35:00,nuclear,19731.584
2026-09-21 00:35:00,bituminous_coal,16218.792
2026-09-21 00:35:00,lng,11033.658
2026-09-21 00:35:00,renewable,3481.194
2026-09-21 00:35:00,hydro,531.18
2026-09-21 00:35:00,oil,216.497
2026-09-21 00:35:00,anthracite,37.198
2026-09-21 00:35:00,solar,0.0
2026-09-21 00:35:00,pumped,0.0
2026-09-21 00:40:00,nuclear,19587.49
2026-09-21 00:40:00,bituminous_coal,16201.32
2026-09-21 00:40:00,lng,10988.352
2026-09-21 00:40:00,renewable,3511.215
2026-09-21 00:40:00,hydro,527.161
2026-09-21 00:40:00,oil,178.383
2026-09-21 00:40:00,anthracite,43.209
2026-09-21 00:40:00,solar,0.0
2026-09-21 00:40:00,pumped,0.0
2026-09-21 00:45:00,nuclear,19528.975
2026-09-21 00:45:00,bituminous_coal,16077.671
2026-09-21 00:45:00,lng,10897.091
2026-09-21 00:45:00,renewable,3445.688
2026-09-21 00:45:00,hydro,588.298
2026-09-21 00:45:00,oil,201.269
2026-09-21 00:45:00,anthracite,75.947
2026-09-21 00:45:00,solar,0.0
2026-09-21 00:45:00,pumped,0.0
2026-09-21 00:50:00,nuclear,19463.315
2026-09-21 00:50:00,bituminous_coal,16079.213
2026-09-21 00:50:00,lng,10903.705
2026-09-21 00:50:00,renewable,3432.644
2026-09-21 00:50:00,hydro,578.076
2026-09-21 00:50:00,oil,192.973
2026-09-21 00:50:00,anthracite,15.544
2026-09-21 00:50:00,solar,0.0
2026-09-21 00:50:00,pumped,0.0
2026-09-21 00:55:00,nuclear,19425.17
2026-09-21 00:55:00,bituminous_coal,16054.934
2026-09-21 00:55:00,lng,10873.927
2026-09-21 00:55:00,renewable,3457.897
2026-09-21 00:55:00,hydro,579.365
2026-09-21 00:55:00,oil,144.658
2026-09-21 00:55:00,anthracite,51.388
2026-09-21 00:55:00,solar,0.0
2026-09-21 00:55:00,pumped,0.0
2026-09-21 01:00:00,nuclear,19354.252
2026-09-21 01:00:00,bituminous_coal,15979.639
2026-09-21 01:00:00,lng,10792.082
2026-09-21 01:00:00,renewable,3450.739
2026-09-21 01:00:00,hydro,536.864
2026-09-21 01:00:00,oil,134.367
2026-09-21 01:00:00,anthracite,25.387
2026-09-21 01:00:00,solar,0.0
2026-09-21 01:00:00,pumped,-1200.0
2026-09-21 01:05:00,nuclear,19367.712
2026-09-21 01:05:00,bituminous_coal,15927.008
2026-09-21 01:05:00,lng,10811.874
2026-09-21 01:05:00,renewable,3362.532
2026-09-21 01:05:00,hydro,540.36
2026-09-21 01:05:00,oil,168.153
2026-09-21 01:05:00,anthracite,35.726
2026-09-21 01:05:00,solar,0.0
2026-09-21 01:05:00,pumped,-1200.0
2026-09-21 01:10:00,nuclear,19304.384
2026-09-21 01:10:00,bituminous_coal,15828.98
2026-09-21 01:10:00,lng,10777.278
2026-09-21 01:10:00,renewable,3420.269
2026-09-21 01:10:00,hydro,533.043
2026-09-21 01:10:00,oil,140.777
2026-09-21 01:10:00,anthracite,26.093
2026-09-21 01:10:00,solar,0.0
2026-09-21 01:10:00,pumped,-1200.0
2026-09-21 01:15:00,nuclear,19260.903
2026-09-21 01:15:00,bituminous_coal,15846.923
2026-09-21 01:15:00,lng,10703.909
2026-09-21 01:15:00,renewable,3344.656
2026-09-21 01:15:00,hydro,548.353
2026-09-21 01:15:00,oil,183.185
2026-09-21 01:15:00,anthracite,41.926
2026-09-21 01:15:00,solar,0.0
2026-09-21 01:15:00,pumped,-1200.0
2026-09-21 01:20:00,nuclear,19142.29
2026-09-21 01:20:00,bituminous_coal,15814.721
2026-09-21 01:20:00,lng,10675.978
2026-09-21 01:20:00,renewable,3393.051
2026-09-21 01:20:00,hydro,582.465
2026-09-21 01:20:00,oil,188.003
2026-09-21 01:20:00,anthracite,89.337
2026-09-21 01:20:00,solar,0.0
2026-09-21 01:20:00,pumped,-1200.0
2026-09-21 01:25:00,nuclear,19094.242
2026-09-21 01:25:00,bituminous_coal,15795.696
2026-09-21 01:25:00,lng,10654.287
2026-09-21 01:25:00,renewable,3328.27
2026-09-21 01:25:00,hydro,539.233
2026-09-21 01:25:00,oil,166.243
2026-09-21 01:25:00,anthracite,37.472
2026-09-21 01:25:00,solar,0.0
2026-09-21 01:25:00,pumped,-1200.0
2026-09-21 01:30:00,nuclear,19123.82
2026-09-21 01:30:00,bituminous_coal,15701.439
2026-09-21 01:30:00,lng,10661.172
2026-09-21 01:30:00,renewable,3323.625
2026-09-21 01:30:00,hydro,563.184
2026-09-21 01:30:00,oil,141.041
2026-09-21 01:30:00,anthracite,71.055
2026-09-21 01:30:00,solar,0.0
2026-09-21 01:30:00,pumped,-1200.0
2026-09-21 01:35:00,nuclear,19039.244
2026-09-21 01:35:00,bituminous_coal,15656.577
2026-09-21 01:35:00,lng,10646.566
2026-09-21 01:35:00,renewable,3367.539
2026-09-21 01:35:00,hydro,601.997
2026-09-21 01:35:00,oil,202.12
2026-09-21 01:35:00,anthracite,20.514
2026-09-21 01:35:00,solar,0.0
2026-09-21 01:35:00,pumped,-1200.0
2026-09-21 01:40:00,nuclear,18977.509
2026-09-21 01:40:00,bituminous_coal,15654.764
2026-09-21 01:40:00,lng,10619.185
2026-09-21 01:40:00,renewable,3399.934
2026-09-21 01:40:00,hydro,580.443
2026-09-21 01:40:00,oil,194.18
2026-09-21 01:40:00,anthracite,17.418
2026-09-21 01:40:00,solar,0.0
2026-09-21 01:40:00,pumped,-1200.0
2026-09-21 01:45:00,nuclear,18978.753
2026-09-21 01:45:00,bituminous_coal,15650.218
2026-09-21 01:45:00,lng,10589.148
2026-09-21 01:45:00,renewable,3331.247
2026-09-21 01:45:00,hydro,561.935
2026-09-21 01:45:00,oil,204.491
2026-09-21 01:45:00,anthracite,42.865
2026-09-21 01:45:00,solar,0.0
2026-09-21 01:45:00,pumped,-1200.0
2026-09-21 01:50:00,nuclear,18958.916
2026-09-21 01:50:00,bituminous_coal,15591.894
2026-09-21 01:50:00,lng,10568.045
2026-09-21 01:50:00,renewable,3340.426
2026-09-21 01:50:00,hydro,532.368
2026-09-21 01:50:00,oil,150.118
2026-09-21 01:50:00,anthracite,13.627
2026-09-21 01:50:00,solar,0.0
2026-09-21 01:50:00,pumped,-1200.0
2026-09-21 01:55:00,nuclear,18860.694
2026-09-21 01:55:00,bituminous_coal,15577.749
2026-09-21 01:55:00,lng,10536.858
2026-09-21 01:55:00,renewable,3312.183
2026-09-21 01:55:00,hydro,536.422
2026-09-21 01:55:00,oil,200.238
2026-09-21 01:55:00,anthracite,37.137
2026-09-21 01:55:00,solar,0.0
2026-09-21 01:55:00,pumped,-1200.0
2026-09-21 02:00:00,nuclear,18873.032
2026-09-21 02:00:00,bituminous_coal,15583.853
2026-09-21 02:00:00,lng,10506.92
2026-09-21 02:00:00,renewable,3313.264
2026-09-21 02:00:00,hydro,592.541
2026-09-21 02:00:00,oil,147.926
2026-09-21 02:00:00,anthracite,85.678
2026-09-21 02:00:00,solar,0.0
2026-09-21 02:00:00,pumped,-1200.0
2026-09-21 02:05:00,nuclear,18874.469
2026-09-21 02:05:00,bituminous_coal,15543.645
2026-09-21 02:05:00,lng,10504.455
2026-09-21 02:05:00,renewable,3299.45
2026-09-21 02:05:00,hydro,571.995
2026-09-21 02:05:00,oil,141.909
2026-09-21 02:05:00,anthracite,43.97
2026-09-21 02:05:00,solar,0.0
2026-09-21 02:05:00,pumped,-1200.0
2026-09-21 02:10:00,nuclear,18824.52
2026-09-21 02:10:00,bituminous_coal,15466.198
2026-09-21 02:10:00,lng,10487.778
2026-09-21 02:10:00,renewable,3311.767
2026-09-21 02:10:00,hydro,518.72
2026-09-21 02:10:00,oil,121.772
2026-09-21 02:10:00,anthracite,90.613
2026-09-21 02:10:00,solar,0.0
2026-09-21 02:10:00,pumped,-1200.0
2026-09-21 02:15:00,nuclear,18819.687
2026-09-21 02:15:00,bituminous_coal,15507.141
2026-09-21 02:15:00,lng,10515.038
2026-09-21 02:15:00,renewable,3289.386
2026-09-21 02:15:00,hydro,582.077
2026-09-21 02:15:00,oil,130.74
2026-09-21 02:15:00,anthracite,30.977
2026-09-21 02:15:00,solar,0.0
2026-09-21 02:15:00,pumped,-1200.0
2026-09-21 02:20:00,nuclear,18773.291
2026-09-21 02:20:00,bituminous_coal,15416.719
2026-09-21 02:20:00,lng,10511.761
2026-09-21 02:20:00,renewable,3286.813
2026-09-21 02:20:00,hydro,585.491
2026-09-21 02:20:00,oil,164.857
2026-09-21 02:20:00,anthracite,7.218
2026-09-21 02:20:00,solar,0.0
2026-09-21 02:20:00,pumped,-1200.0
2026-09-21 02:25:00,nuclear,18732.902
2026-09-21 02:25:00,bituminous_coal,15432.146
2026-09-21 02:25:00,lng,10494.457
2026-09-21 02:25:00,renewable,3320.343
2026-09-21 02:25:00,hydro,573.015
2026-09-21 02:25:00,oil,162.253
2026-09-21 02:25:00,anthracite,82.446
2026-09-21 02:25:00,solar,0.0
2026-09-21 02:25:00,pumped,-1200.0
2026-09-21 02:30:00,nuclear,18736.176
2026-09-21 02:30:00,bituminous_coal,15435.288
2026-09-21 02:30:00,lng,10478.004
2026-09-21 02:30:00,renewable,3265.272
2026-09-21 02:30:00,hydro,534.527
2026-09-21 02:30:00,oil,132.646
2026-09-21 02:30:00,anthracite,26.134
2026-09-21 02:30:00,solar,0.0
2026-09-21 02:30:00,pumped,-1200.0
2026-09-21 02:35:00,nuclear,18738.074
2026-09-21 02:35:00,bituminous_coal,15465.171
2026-09-21 02:35:00,lng,10445.192
2026-09-21 02:35:00,renewable,3344.971
2026-09-21 02:35:00,hydro,592.255
2026-09-21 02:35:00,oil,146.659
2026-09-21 02:35:00,anthracite,63.129
2026-09-21 02:35:00,solar,0.0
2026-09-21 02:35:00,pumped,-1200.0
2026-09-21 02:40:00,nuclear,18721.311
2026-09-21 02:40:00,bituminous_coal,15393.532
2026-09-21 02:40:00,lng,10475.194
2026-09-21 02:40:00,renewable,3296.057
2026-09-21 02:40:00,hydro,526.542
2026-09-21 02:40:00,oil,194.044
2026-09-21 02:40:00,anthracite,104.903
2026-09-21 02:40:00,solar,0.0
2026-09-21 02:40:00,pumped,-1200.0
2026-09-21 02:45:00,nuclear,18737.024
2026-09-21 02:45:00,bituminous_coal,15380.84
2026-09-21 02:45:00,lng,10417.426
2026-09-21 02:45:00,renewable,3329.338
2026-09-21 02:45:00,hydro,511.312
2026-09-21 02:45:00,oil,196.506
2026-09-21 02:45:00,anthracite,38.723
2026-09-21 02:45:00,solar,0.0
2026-09-21 02:45:00,pumped,-1200.0
2026-09-21 02:50:00,nuclear,18708.131
2026-09-21 02:50:00,bituminous_coal,15361.347
2026-09-21 02:50:00,lng,10433.431
2026-09-21 02:50:00,renewable,3315.703
2026-09-21 02:50:00,hydro,571.62
2026-09-21 02:50:00,oil,148.712
2026-09-21 02:50:00,anthracite,26.376
2026-09-21 02:50:00,solar,0.0
2026-09-21 02:50:00,pumped,-1200.0
2026-09-21 02:55:00,nuclear,18724.442
2026-09-21 02:55:00,bituminous_coal,15424.473
2026-09-21 02:55:00,lng,10406.115
2026-09-21 02:55:00,renewable,3325.652
2026-09-21 02:55:00,hydro,559.95
2026-09-21 02:55:00,oil,207.962
2026-09-21 02:55:00,anthracite,8.076
2026-09-21 02:55:00,solar,0.0
2026-09-21 02:55:00,pumped,-1200.0
2026-09-21 03:00:00,nuclear,18733.814
2026-09-21 03:00:00,bituminous_coal,15370.792
2026-09-21 03:00:00,lng,10406.472
2026-09-21 03:00:00,renewable,3335.788
2026-09-21 03:00:00,hydro,508.864
2026-09-21 03:00:00,oil,143.933
2026-09-21 03:00:00,anthracite,91.275
2026-09-21 03:00:00,solar,0.0
2026-09-21 03:00:00,pumped,-1200.0
2026-09-21 03:05:00,nuclear,18654.496
2026-09-21 03:05:00,bituminous_coal,15404.374
2026-09-21 03:05:00,lng,10482.334
2026-09-21 03:05:00,renewable,3315.618
2026-09-21 03:05:00,hydro,571.734
2026-09-21 03:05:00,oil,163.438
2026-09-21 03:05:00,anthracite,73.682
2026-09-21 03:05:00,solar,0.0
2026-09-21 03:05:00,pumped,-1200.0
2026-09-21 03:10:00,nuclear,18733.671
2026-09-21 03:10:00,bituminous_coal,15374.973
2026-09-21 03:10:00,lng,10498.974
2026-09-21 03:10:00,renewable,3295.427
2026-09-21 03:10:00,hydro,508.599
2026-09-21 03:10:00,oil,192.695
2026-09-21 03:10:00,anthracite,58.805
2026-09-21 03:10:00,solar,0.0
2026-09-21 03:10:00,pumped,-1200.0
2026-09-21 03:15:00,nuclear,18665.65
2026-09-21 03:15:00,bituminous_coal,15431.588
2026-09-21 03:15:00,lng,10422.521
2026-09-21 03:15:00,renewable,3261.903
2026-09-21 03:15:00,hydro,556.806
2026-09-21 03:15:00,oil,139.548
2026-09-21 03:15:00,anthracite,29.086
2026-09-21 03:15:00,solar,0.0
2026-09-21 03:15:00,pumped,-1200.0
2026-09-21 03:20:00,nuclear,18676.104
2026-09-21 03:20:00,bituminous_coal,15419.586
2026-09-21 03:20:00,lng,10442.327
2026-09-21 03:20:00,renewable,3284.204
2026-09-21 03:20:00,hydro,541.474
2026-09-21 03:20:00,oil,192.217
2026-09-21 03:20:00,anthracite,64.866
2026-09-21 03:20:00,solar,0.0
2026-09-21 03:20:00,pumped,-1200.0
2026-09-21 03:25:00,nuclear,18734.397
2026-09-21 03:25:00,bituminous_coal,15405.556
2026-09-21 03:25:00,lng,10503.592
2026-09-21 03:25:00,renewable,3287.206
2026-09-21 03:25:00,hydro,502.446
2026-09-21 03:25:00,oil,178.857
2026-09-21 03:25:00,anthracite,17.499
2026-09-21 03:25:00,solar,0.0
2026-09-21 03:25:00,pumped,-1200.0
2026-09-21 03:30:00,nuclear,18764.123
2026-09-21 03:30:00,bituminous_coal,15406.378
2026-09-21 03:30:00,lng,10465.365
2026-09-21 03:30:00,renewable,3314.321
2026-09-21 03:30:00,hydro,575.773
2026-09-21 03:30:00,oil,176.918
2026-09-21 03:30:00,anthracite,90.131
2026-09-21 03:30:00,solar,0.0
2026-09-21 03:30:00,pumped,-1200.0
2026-09-21 03:35:00,nuclear,18769.099
2026-09-21 03:35:00,bituminous_coal,15465.779
2026-09-21 03:35:00,lng,10481.89
2026-09-21 03:35:00,renewable,3338.016
2026-09-21 03:35:00,hydro,566.754
2026-09-21 03:35:00,oil,172.965
2026-09-21 03:35:00,anthracite,61.823
2026-09-21 03:35:00,solar,0.0
2026-09-21 03:35:00,pumped,-1200.0
2026-09-21 03:40:00,nuclear,18789.373
2026-09-21 03:40:00,bituminous_coal,15469.432
2026-09-21 03:40:00,lng,10533.533
2026-09-21 03:40:00,renewable,3298.555
2026-09-21 03:40:00,hydro,558.745
2026-09-21 03:40:00,oil,204.403
2026-09-21 03:40:00,anthracite,55.703
2026-09-21 03:40:00,solar,0.0
2026-09-21 03:40:00,pumped,-1200.0
2026-09-21 03:45:00,nuclear,18823.879
2026-09-21 03:45:00,bituminous_coal,15519.888
2026-09-21 03:45:00,lng,10486.185
2026-09-21 03:45:00,renewable,3328.547
2026-09-21 03:45:00,hydro,597.076
2026-09-21 03:45:00,oil,184.451
2026-09-21 03:45:00,anthracite,43.652
2026-09-21 03:45:00,solar,0.0
2026-09-21 03:45:00,pumped,-1200.0
2026-09-21 03:50:00,nuclear,18852.872
2026-09-21 03:50:00,bituminous_coal,15469.629
2026-09-21 03:50:00,lng,10542.957
2026-09-21 03:50:00,renewable,3339.323
2026-09-21 03:50:00,hydro,527.308
2026-09-21 03:50:00,oil,192.1
2026-09-21 03:50:00,anthracite,75.269
2026-09-21 03:50:00,solar,0.0
2026-09-21 03:50:00,pumped,-1200.0
2026-09-21 03:55:00,nuclear,18848.179
2026-09-21 03:55:00,bituminous_coal,15538.076
2026-09-21 03:55:00,lng,10553.469
2026-09-21 03:55:00,renewable,3293.861
2026-09-21 03:55:00,hydro,543.695
2026-09-21 03:55:00,oil,137.131
2026-09-21 03:55:00,anthracite,5.609
2026-09-21 03:55:00,solar,0.0
2026-09-21 03:55:00,pumped,-1200.0
2026-09-21 04:00:00,nuclear,18874.653
2026-09-21 04:00:00,bituminous_coal,15549.712
2026-09-21 04:00:00,lng,10550.828
2026-09-21 04:00:00,renewable,3308.411
2026-09-21 04:00:00,hydro,560.974
2026-09-21 04:00:00,oil,140.71
2026-09-21 04:00:00,anthracite,55.71
2026-09-21 04:00:00,solar,0.0
2026-09-21 04:00:00,pumped,-1200.0
2026-09-21 04:05:00,nuclear,18875.174
2026-09-21 04:05:00,bituminous_coal,15559.655
2026-09-21 04:05:00,lng,10532.553
2026-09-21 04:05:00,renewable,3308.336
2026-09-21 04:05:00,hydro,565.818
2026-09-21 04:05:00,oil,125.292
2026-09-21 04:05:00,anthracite,98.391
2026-09-21 04:05:00,solar,0.0
2026-09-21 04:05:00,pumped,-1200.0
2026-09-21 04:10:00,nuclear,18933.698
2026-09-21 04:10:00,bituminous_coal,15614.078
2026-09-21 04:10:00,lng,10606.93
2026-09-21 04:10:00,renewable,3387.462
2026-09-21 04:10:00,hydro,569.668
2026-09-21 04:10:00,oil,132.172
2026-09-21 04:10:00,anthracite,6.177
2026-09-21 04:10:00,solar,0.0
2026-09-21 04:10:00,pumped,-1200.0
2026-09-21 04:15:00,nuclear,18931.706
2026-09-21 04:15:00,bituminous_coal,15615.933
2026-09-21 04:15:00,lng,10632.312
2026-09-21 04:15:00,renewable,3349.58
2026-09-21 04:15:00,hydro,596.29
2026-09-21 04:15:00,oil,190.858
2026-09-21 04:15:00,anthracite,77.092
2026-09-21 04:15:00,solar,0.0
2026-09-21 04:15:00,pumped,-1200.0
2026-09-21 04:20:00,nuclear,18998.454
2026-09-21 04:20:00,bituminous_coal,15691.665
2026-09-21 04:20:00,lng,10607.049
2026-09-21 04:20:00,renewable,3352.321
2026-09-21 04:20:00,hydro,516.476
2026-09-21 04:20:00,oil,175.919
2026-09-21 04:20:00,anthracite,101.866
2026-09-21 04:20:00,solar,0.0
2026-09-21 04:20:00,pumped,-1200.0
2026-09-21 04:25:00,nuclear,19023.911
2026-09-21 04:25:00,bituminous_coal,15729.511
2026-09-21 04:25:00,lng,10669.35
2026-09-21 04:25:00,renewable,3354.334
2026-09-21 04:25:00,hydro,547.539
2026-09-21 04:25:00,oil,187.402
2026-09-21 04:25:00,anthracite,26.267
2026-09-21 04:25:00,solar,0.0
2026-09-21 04:25:00,pumped,-1200.0
2026-09-21 04:30:00,nuclear,19098.496
2026-09-21 04:30:00,bituminous_coal,15760.502
2026-09-21 04:30:00,lng,10629.226
2026-09-21 04:30:00,renewable,3396.159
2026-09-21 04:30:00,hydro,515.717
2026-09-21 04:30:00,oil,204.239
2026-09-21 04:30:00,anthracite,72.717
2026-09-21 04:30:00,solar,0.0
2026-09-21 04:30:00,pumped,-1200.0
2026-09-21 04:35:00,nuclear,19152.338
2026-09-21 04:35:00,bituminous_coal,15719.368
2026-09-21 04:35:00,lng,10654.212
2026-09-21 04:35:00,renewable,3415.044
2026-09-21 04:35:00,hydro,529.784
2026-09-21 04:35:00,oil,180.914
2026-09-21 04:35:00,anthracite,36.713
2026-09-21 04:35:00,solar,0.0
2026-09-21 04:35:00,pumped,-1200.0
2026-09-21 04:40:00,nuclear,19165.62
2026-09-21 04:40:00,bituminous_coal,15832.53
2026-09-21 04:40:00,lng,10696.598
2026-09-21 04:40:00,renewable,3422.146
2026-09-21 04:40:00,hydro,551.316
2026-09-21 04:40:00,oil,166.086
2026-09-21 04:40:00,anthracite,77.119
2026-09-21 04:40:00,solar,0.0
2026-09-21 04:40:00,pumped,-1200.0
2026-09-21 04:45:00,nuclear,19211.345
2026-09-21 04:45:00,bituminous_coal,15819.435
2026-09-21 04:45:00,lng,10755.457
2026-09-21 04:45:00,renewable,3395.328
2026-09-21 04:45:00,hydro,552.132
2026-09-21 04:45:00,oil,206.038
2026-09-21 04:45:00,anthracite,59.515
2026-09-21 04:45:00,solar,0.0
2026-09-21 04:45:00,pumped,-1200.0
2026-09-21 04:50:00,nuclear,19268.597
2026-09-21 04:50:00,bituminous_coal,15842.951
2026-09-21 04:50:00,lng,10731.751
2026-09-21 04:50:00,renewable,3376.719
2026-09-21 04:50:00,hydro,573.315
2026-09-21 04:50:00,oil,171.019
2026-09-21 04:50:00,anthracite,70.48
2026-09-21 04:50:00,solar,0.0
2026-09-21 04:50:00,pumped,-1200.0
2026-09-21 04:55:00,nuclear,19350.988
2026-09-21 04:55:00,bituminous_coal,15890.285
2026-09-21 04:55:00,lng,10806.386
2026-09-21 04:55:00,renewable,3379.054
2026-09-21 04:55:00,hydro,564.24
2026-09-21 04:55:00,oil,157.475
2026-09-21 04:55:00,anthracite,38.535
2026-09-21 04:55:00,solar,0.0
2026-09-21 04:55:00,pumped,-1200.0
2026-09-21 05:00:00,nuclear,19348.459
2026-09-21 05:00:00,bituminous_coal,15934.2
2026-09-21 05:00:00,lng,10790.827
2026-09-21 05:00:00,renewable,3386.623
2026-09-21 05:00:00,hydro,555.974
2026-09-21 05:00:00,oil,136.839
2026-09-21 05:00:00,anthracite,76.845
2026-09-21 05:00:00,solar,12.558
2026-09-21 05:00:00,pumped,-1200.0
2026-09-21 05:05:00,nuclear,19458.682
2026-09-21 05:05:00,bituminous_coal,16036.319
2026-09-21 05:05:00,lng,10871.079
2026-09-21 05:05:00,renewable,3434.023
2026-09-21 05:05:00,hydro,541.314
2026-09-21 05:05:00,oil,165.764
2026-09-21 05:05:00,anthracite,40.889
2026-09-21 05:05:00,solar,144.153
2026-09-21 05:05:00,pumped,-1200.0
2026-09-21 05:10:00,nuclear,19501.09
2026-09-21 05:10:00,bituminous_coal,16084.295
2026-09-21 05:10:00,lng,10873.89
2026-09-21 05:10:00,renewable,3430.703
2026-09-21 05:10:00,hydro,538.096
2026-09-21 05:10:00,oil,213.346
2026-09-21 05:10:00,anthracite,58.476
2026-09-21 05:10:00,solar,276.869
2026-09-21 05:10:00,pumped,-1200.0
2026-09-21 05:15:00,nuclear,19586.039
2026-09-21 05:15:00,bituminous_coal,16083.797
2026-09-21 05:15:00,lng,10910.23
2026-09-21 05:15:00,renewable,3489.426
2026-09-21 05:15:00,hydro,592.656
2026-09-21 05:15:00,oil,199.971
2026-09-21 05:15:00,anthracite,16.834
2026-09-21 05:15:00,solar,410.643
2026-09-21 05:15:00,pumped,-1200.0
2026-09-21 05:20:00,nuclear,19600.316
2026-09-21 05:20:00,bituminous_coal,16138.809
2026-09-21 05:20:00,lng,10988.986
2026-09-21 05:20:00,renewable,3499.503
2026-09-21 05:20:00,hydro,549.452
2026-09-21 05:20:00,oil,146.065
2026-09-21 05:20:00,anthracite,80.8
2026-09-21 05:20:00,solar,545.412
2026-09-21 05:20:00,pumped,-1200.0
2026-09-21 05:25:00,nuclear,19641.861
2026-09-21 05:25:00,bituminous_coal,16203.656
2026-09-21 05:25:00,lng,11021.885
2026-09-21 05:25:00,renewable,3440.466
2026-09-21 05:25:00,hydro,544.881
2026-09-21 05:25:00,oil,146.612
2026-09-21 05:25:00,anthracite,79.63
2026-09-21 05:25:00,solar,681.111
2026-09-21 05:25:00,pumped,-1200.0
2026-09-21 05:30:00,nuclear,19741.56
2026-09-21 05:30:00,bituminous_coal,16248.366
2026-09-21 05:30:00,lng,11059.644
2026-09-21 05:30:00,renewable,3444.967
2026-09-21 05:30:00,hydro,558.938
2026-09-21 05:30:00,oil,216.683
2026-09-21 05:30:00,anthracite,21.582
2026-09-21 05:30:00,solar,817.676
2026-09-21 05:30:00,pumped,-1200.0
2026-09-21 05:35:00,nuclear,19782.589
2026-09-21 05:35:00,bituminous_coal,16299.812
2026-09-21 05:35:00,lng,11100.014
2026-09-21 05:35:00,renewable,3496.224
2026-09-21 05:35:00,hydro,574.694
2026-09-21 05:35:00,oil,125.59
2026-09-21 05:35:00,anthracite,49.407
2026-09-21 05:35:00,solar,955.042
2026-09-21 05:35:00,pumped,-1200.0
2026-09-21 05:40:00,nuclear,19931.424
2026-09-21 05:40:00,bituminous_coal,16346.335
2026-09-21 05:40:00,lng,11089.61
2026-09-21 05:40:00,renewable,3506.404
2026-09-21 05:40:00,hydro,585.964
2026-09-21 05:40:00,oil,209.24
2026-09-21 05:40:00,anthracite,78.8
2026-09-21 05:40:00,solar,1093.143
2026-09-21 05:40:00,pumped,-1200.0
2026-09-21 05:45:00,nuclear,19988.401
2026-09-21 05:45:00,bituminous_coal,16398.422
2026-09-21 05:45:00,lng,11203.485
2026-09-21 05:45:00,renewable,3533.651
2026-09-21 05:45:00,hydro,630.498
2026-09-21 05:45:00,oil,206.548
2026-09-21 05:45:00,anthracite,14.101
2026-09-21 05:45:00,solar,1231.913
2026-09-21 05:45:00,pumped,-1200.0
2026-09-21 05:50:00,nuclear,20051.866
2026-09-21 05:50:00,bituminous_coal,16485.853
2026-09-21 05:50:00,lng,11226.304
2026-09-21 05:50:00,renewable,3556.631
2026-09-21 05:50:00,hydro,596.868
2026-09-21 05:50:00,oil,168.077
2026-09-21 05:50:00,anthracite,89.764
2026-09-21 05:50:00,solar,1371.287
2026-09-21 05:50:00,pumped,-1200.0
2026-09-21 05:55:00,nuclear,20069.27
2026-09-21 05:55:00,bituminous_coal,16600.269
2026-09-21 05:55:00,lng,11269.062
2026-09-21 05:55:00,renewable,3566.377
2026-09-21 05:55:00,hydro,564.911
2026-09-21 05:55:00,oil,194.734
2026-09-21 05:55:00,anthracite,90.254
2026-09-21 05:55:00,solar,1511.198
2026-09-21 05:55:00,pumped,-1200.0
2026-09-21 06:00:00,nuclear,20154.297
2026-09-21 06:00:00,bituminous_coal,16614.255
2026-09-21 06:00:00,lng,11324.598
2026-09-21 06:00:00,renewable,3580.235
2026-09-21 06:00:00,hydro,606.735
2026-09-21 06:00:00,oil,149.697
2026-09-21 06:00:00,anthracite,48.675
2026-09-21 06:00:00,solar,1651.58
2026-09-21 06:00:00,pumped,0.0
2026-09-21 06:05:00,nuclear,20297.193
2026-09-21 06:05:00,bituminous_coal,16663.714
2026-09-21 06:05:00,lng,11287.788
2026-09-21 06:05:00,renewable,3613.824
2026-09-21 06:05:00,hydro,578.815
2026-09-21 06:05:00,oil,134.739
2026-09-21 06:05:00,anthracite,57.265
2026-09-21 06:05:00,solar,1792.365
2026-09-21 06:05:00,pumped,0.0
2026-09-21 06:10:00,nuclear,20371.031
2026-09-21 06:10:00,bituminous_coal,16728.71
2026-09-21 06:10:00,lng,11376.212
2026-09-21 06:10:00,renewable,3564.179
2026-09-21 06:10:00,hydro,630.745
2026-09-21 06:10:00,oil,155.731
2026-09-21 06:10:00,anthracite,37.092
2026-09-21 06:10:00,solar,1933.488
2026-09-21 06:10:00,pumped,0.0
2026-09-21 06:15:00,nuclear,20436.099
2026-09-21 06:15:00,bituminous_coal,16879.847
2026-09-21 06:15:00,lng,11419.649
2026-09-21 06:15:00,renewable,3557.883
2026-09-21 06:15:00,hydro,640.198
2026-09-21 06:15:00,oil,227.628
2026-09-21 06:15:00,anthracite,93.106
2026-09-21 06:15:00,solar,2074.88
2026-09-21 06:15:00,pumped,10.981
2026-09-21 06:20:00,nuclear,20503.247
2026-09-21 06:20:00,bituminous_coal,16878.108
2026-09-21 06:20:00,lng,11503.627
2026-09-21 06:20:00,renewable,3664.836
2026-09-21 06:20:00,hydro,553.875
2026-09-21 06:20:00,oil,230.809
2026-09-21 06:20:00,anthracite,101.644
2026-09-21 06:20:00,solar,2216.474
2026-09-21 06:20:00,pumped,35.819
2026-09-21 06:25:00,nuclear,20634.811
2026-09-21 06:25:00,bituminous_coal,16957.232
2026-09-21 06:25:00,lng,11471.972
2026-09-21 06:25:00,renewable,3668.369
2026-09-21 06:25:00,hydro,600.021
2026-09-21 06:25:00,oil,164.663
2026-09-21 06:25:00,anthracite,93.818
2026-09-21 06:25:00,solar,2358.203
2026-09-21 06:25:00,pumped,61.115
2026-09-21 06:30:00,nuclear,20703.352
2026-09-21 06:30:00,bituminous_coal,17063.111
2026-09-21 06:30:00,lng,11552.348
2026-09-21 06:30:00,renewable,3650.729
2026-09-21 06:30:00,hydro,589.206
2026-09-21 06:30:00,oil,199.396
2026-09-21 06:30:00,anthracite,48.986
2026-09-21 06:30:00,solar,2500.0
2026-09-21 06:30:00,pumped,86.858
2026-09-21 06:35:00,nuclear,20816.65
2026-09-21 06:35:00,bituminous_coal,17087.376
2026-09-21 06:35:00,lng,11641.387
2026-09-21 06:35:00,renewable,3631.879
2026-09-21 06:35:00,hydro,632.756
2026-09-21 06:35:00,oil,155.222
2026-09-21 06:35:00,anthracite,91.9
2026-09-21 06:35:00,solar,2641.797
2026-09-21 06:35:00,pumped,113.036
2026-09-21 06:40:00,nuclear,20870.176
2026-09-21 06:40:00,bituminous_coal,17181.602
2026-09-21 06:40:00,lng,11628.795
2026-09-21 06:40:00,renewable,3718.111
2026-09-21 06:40:00,hydro,611.336
2026-09-21 06:40:00,oil,206.095
2026-09-21 06:40:00,anthracite,32.932
2026-09-21 06:40:00,solar,2783.526
2026-09-21 06:40:00,pumped,139.635
2026-09-21 06:45:00,nuclear,21013.984
2026-09-21 06:45:00,bituminous_coal,17236.708
2026-09-21 06:45:00,lng,11733.16
2026-09-21 06:45:00,renewable,3720.302
2026-09-21 06:45:00,hydro,569.503
2026-09-21 06:45:00,oil,160.779
2026-09-21 06:45:00,anthracite,32.221
2026-09-21 06:45:00,solar,2925.12
2026-09-21 06:45:00,pumped,166.645
2026-09-21 06:50:00,nuclear,21088.75
2026-09-21 06:50:00,bituminous_coal,17347.585
2026-09-21 06:50:00,lng,11816.159
2026-09-21 06:50:00,renewable,3741.835
2026-09-21 06:50:00,hydro,580.586
2026-09-21 06:50:00,oil,197.182
2026-09-21 06:50:00,anthracite,34.078
2026-09-21 06:50:00,solar,3066.512
2026-09-21 06:50:00,pumped,194.051
2026-09-21 06:55:00,nuclear,21114.492
2026-09-21 06:55:00,bituminous_coal,17449.21
2026-09-21 06:55:00,lng,11854.786
2026-09-21 06:55:00,renewable,3773.095
2026-09-21 06:55:00,hydro,593.298
2026-09-21 06:55:00,oil,181.412
2026-09-21 06:55:00,anthracite,23.295
2026-09-21 06:55:00,solar,3207.635
2026-09-21 06:55:00,pumped,221.84
2026-09-21 07:00:00,nuclear,21232.565
2026-09-21 07:00:00,bituminous_coal,17473.168
2026-09-21 07:00:00,lng,11895.3
2026-09-21 07:00:00,renewable,3775.353
2026-09-21 07:00:00,hydro,638.07
2026-09-21 07:00:00,oil,229.054
2026-09-21 07:00:00,anthracite,82.473
2026-09-21 07:00:00,solar,3348.42
2026-09-21 07:00:00,pumped,250.0
2026-09-21 07:05:00,nuclear,21313.98
2026-09-21 07:05:00,bituminous_coal,17554.981
2026-09-21 07:05:00,lng,11961.466
2026-09-21 07:05:00,renewable,3816.154
2026-09-21 07:05:00,hydro,580.983
2026-09-21 07:05:00,oil,214.717
2026-09-21 07:05:00,anthracite,57.824
2026-09-21 07:05:00,solar,3488.802
2026-09-21 07:05:00,pumped,278.517
2026-09-21 07:10:00,nuclear,21459.701
2026-09-21 07:10:00,bituminous_coal,17693.352
2026-09-21 07:10:00,lng,11950.28
2026-09-21 07:10:00,renewable,3803.799
2026-09-21 07:10:00,hydro,640.821
2026-09-21 07:10:00,oil,151.462
2026-09-21 07:10:00,anthracite,73.172
2026-09-21 07:10:00,solar,3628.713
2026-09-21 07:10:00,pumped,307.377
2026-09-21 07:15:00,nuclear,21573.712
2026-09-21 07:15:00,bituminous_coal,17730.234
2026-09-21 07:15:00,lng,12052.605
2026-09-21 07:15:00,renewable,3824.952
2026-09-21 07:15:00,hydro,608.849
2026-09-21 07:15:00,oil,149.123
2026-09-21 07:15:00,anthracite,42.867
2026-09-21 07:15:00,solar,3768.087
2026-09-21 07:15:00,pumped,336.567
2026-09-21 07:20:00,nuclear,21599.733
2026-09-21 07:20:00,bituminous_coal,17811.633
2026-09-21 07:20:00,lng,12097.429
2026-09-21 07:20:00,renewable,3817.132
2026-09-21 07:20:00,hydro,674.71
2026-09-21 07:20:00,oil,168.598
2026-09-21 07:20:00,anthracite,54.113
2026-09-21 07:20:00,solar,3906.857
2026-09-21 07:20:00,pumped,366.073
2026-09-21 07:25:00,nuclear,21719.423
2026-09-21 07:25:00,bituminous_coal,17912.744
2026-09-21 07:25:00,lng,12183.935
2026-09-21 07:25:00,renewable,3855.021
2026-09-21 07:25:00,hydro,681.393
2026-09-21 07:25:00,oil,183.516
2026-09-21 07:25:00,anthracite,55.61
2026-09-21 07:25:00,solar,4044.958
2026-09-21 07:25:00,pumped,395.88
2026-09-21 07:30:00,nuclear,21822.965
2026-09-21 07:30:00,bituminous_coal,17979.741
2026-09-21 07:30:00,lng,12200.146
2026-09-21 07:30:00,renewable,3895.208
2026-09-21 07:30:00,hydro,678.13
2026-09-21 07:30:00,oil,224.313
2026-09-21 07:30:00,anthracite,62.068
2026-09-21 07:30:00,solar,4182.324
2026-09-21 07:30:00,pumped,425.975
2026-09-21 07:35:00,nuclear,21963.327
2026-09-21 07:35:00,bituminous_coal,18043.436
2026-09-21 07:35:00,lng,12274.752
2026-09-21 07:35:00,renewable,3879.753
2026-09-21 07:35:00,hydro,635.814
2026-09-21 07:35:00,oil,187.081
2026-09-21 07:35:00,anthracite,47.305
2026-09-21 07:35:00,solar,4318.889
2026-09-21 07:35:00,pumped,456.343
2026-09-21 07:40:00,nuclear,22104.359
2026-09-21 07:40:00,bituminous_coal,18178.09
2026-09-21 07:40:00,lng,12326.765
2026-09-21 07:40:00,renewable,3892.359
2026-09-21 07:40:00,hydro,615.392
2026-09-21 07:40:00,oil,183.67
2026-09-21 07:40:00,anthracite,97.273
2026-09-21 07:40:00,solar,4454.588
2026-09-21 07:40:00,pumped,486.97
2026-09-21 07:45:00,nuclear,22197.994
2026-09-21 07:45:00,bituminous_coal,18239.123
2026-09-21 07:45:00,lng,12387.594
2026-09-21 07:45:00,renewable,3933.347
2026-09-21 07:45:00,hydro,660.856
2026-09-21 07:45:00,oil,167.526
2026-09-21 07:45:00,anthracite,35.392
2026-09-21 07:45:00,solar,4589.357
2026-09-21 07:45:00,pumped,517.841
2026-09-21 07:50:00,nuclear,22307.117
2026-09-21 07:50:00,bituminous_coal,18324.302
2026-09-21 07:50:00,lng,12414.824
2026-09-21 07:50:00,renewable,3919.834
2026-09-21 07:50:00,hydro,681.598
2026-09-21 07:50:00,oil,201.545
2026-09-21 07:50:00,anthracite,33.109
2026-09-21 07:50:00,solar,4723.131
2026-09-21 07:50:00,pumped,548.941
2026-09-21 07:55:00,nuclear,22323.065
2026-09-21 07:55:00,bituminous_coal,18429.712
2026-09-21 07:55:00,lng,12476.341
2026-09-21 07:55:00,renewable,3982.143
2026-09-21 07:55:00,hydro,638.374
2026-09-21 07:55:00,oil,152.163
2026-09-21 07:55:00,anthracite,54.554
2026-09-21 07:55:00,solar,4855.847
2026-09-21 07:55:00,pumped,580.256
2026-09-21 08:00:00,nuclear,22463.059
2026-09-21 08:00:00,bituminous_coal,18546.58
2026-09-21 08:00:00,lng,12549.186
2026-09-21 08:00:00,renewable,3969.608
2026-09-21 08:00:00,hydro,653.444
2026-09-21 08:00:00,oil,240.794
2026-09-21 08:00:00,anthracite,54.87
2026-09-21 08:00:00,solar,4987.442
2026-09-21 08:00:00,pumped,611.771
2026-09-21 08:05:00,nuclear,22563.001
2026-09-21 08:05:00,bituminous_coal,18625.454
2026-09-21 08:05:00,lng,12633.313
2026-09-21 08:05:00,renewable,3947.137
2026-09-21 08:05:00,hydro,698.619
2026-09-21 08:05:00,oil,161.046
2026-09-21 08:05:00,anthracite,36.778
2026-09-21 08:05:00,solar,5117.853
2026-09-21 08:05:00,pumped,643.471
2026-09-21 08:10:00,nuclear,22650.284
2026-09-21 08:10:00,bituminous_coal,18697.22
2026-09-21 08:10:00,lng,12640.385
2026-09-21 08:10:00,renewable,4027.013
2026-09-21 08:10:00,hydro,659.688
2026-09-21 08:10:00,oil,226.561
2026-09-21 08:10:00,anthracite,112.065
2026-09-21 08:10:00,solar,5247.019
2026-09-21 08:10:00,pumped,675.341
2026-09-21 08:15:00,nuclear,22810.431
2026-09-21 08:15:00,bituminous_coal,18814.857
2026-09-21 08:15:00,lng,12705.652
2026-09-21 08:15:00,renewable,4048.496
2026-09-21 08:15:00,hydro,710.913
2026-09-21 08:15:00,oil,152.196
2026-09-21 08:15:00,anthracite,61.595
2026-09-21 08:15:00,solar,5374.876
2026-09-21 08:15:00,pumped,707.365
2026-09-21 08:20:00,nuclear,22867.342
2026-09-21 08:20:00,bituminous_coal,18892.14
2026-09-21 08:20:00,lng,12833.506
2026-09-21 08:20:00,renewable,4084.209
2026-09-21 08:20:00,hydro,656.578
2026-09-21 08:20:00,oil,203.596
2026-09-21 08:20:00,anthracite,44.408
2026-09-21 08:20:00,solar,5501.366
2026-09-21 08:20:00,pumped,739.528
2026-09-21 08:25:00,nuclear,22989.131
2026-09-21 08:25:00,bituminous_coal,18944.909
2026-09-21 08:25:00,lng,12912.833
2026-09-21 08:25:00,renewable,4041.974
2026-09-21 08:25:00,hydro,689.05
2026-09-21 08:25:00,oil,182.875
2026-09-21 08:25:00,anthracite,103.408
2026-09-21 08:25:00,solar,5626.427
2026-09-21 08:25:00,pumped,771.815
2026-09-21 08:30:00,nuclear,23108.774
2026-09-21 08:30:00,bituminous_coal,19052.599
2026-09-21 08:30:00,lng,12949.416
2026-09-21 08:30:00,renewable,4113.635
2026-09-21 08:30:00,hydro,680.573
2026-09-21 08:30:00,oil,195.39
2026-09-21 08:30:00,anthracite,38.015
2026-09-21 08:30:00,solar,5750.0
2026-09-21 08:30:00,pumped,804.211
2026-09-21 08:35:00,nuclear,23289.989
2026-09-21 08:35:00,bituminous_coal,19164.922
2026-09-21 08:35:00,lng,12981.837
2026-09-21 08:35:00,renewable,4088.876
2026-09-21 08:35:00,hydro,641.525
2026-09-21 08:35:00,oil,210.092
2026-09-21 08:35:00,anthracite,58.762
2026-09-21 08:35:00,solar,5872.026
2026-09-21 08:35:00,pumped,836.7
2026-09-21 08:40:00,nuclear,23366.202
2026-09-21 08:40:00,bituminous_coal,19251.018
2026-09-21 08:40:00,lng,13051.592
2026-09-21 08:40:00,renewable,4087.358
2026-09-21 08:40:00,hydro,690.338
2026-09-21 08:40:00,oil,178.101
2026-09-21 08:40:00,anthracite,71.435
2026-09-21 08:40:00,solar,5992.447
2026-09-21 08:40:00,pumped,869.266
2026-09-21 08:45:00,nuclear,23474.191
2026-09-21 08:45:00,bituminous_coal,19306.922
2026-09-21 08:45:00,lng,13131.415
2026-09-21 08:45:00,renewable,4099.791
2026-09-21 08:45:00,hydro,696.656
2026-09-21 08:45:00,oil,217.481
2026-09-21 08:45:00,anthracite,115.056
2026-09-21 08:45:00,solar,6111.207
2026-09-21 08:45:00,pumped,901.895
2026-09-21 08:50:00,nuclear,23567.408
2026-09-21 08:50:00,bituminous_coal,19415.643
2026-09-21 08:50:00,lng,13156.404
2026-09-21 08:50:00,renewable,4147.993
2026-09-21 08:50:00,hydro,664.318
2026-09-21 08:50:00,oil,183.436
2026-09-21 08:50:00,anthracite,101.345
2026-09-21 08:50:00,solar,6228.247
2026-09-21 08:50:00,pumped,934.571
2026-09-21 08:55:00,nuclear,23675.102
2026-09-21 08:55:00,bituminous_coal,19544.693
2026-09-21 08:55:00,lng,13225.874
2026-09-21 08:55:00,renewable,4142.468
2026-09-21 08:55:00,hydro,673.74
2026-09-21 08:55:00,oil,236.132
2026-09-21 08:55:00,anthracite,38.835
2026-09-21 08:55:00,solar,6343.513
2026-09-21 08:55:00,pumped,967.278
2026-09-21 09:00:00,nuclear,23751.775
2026-09-21 09:00:00,bituminous_coal,19573.996
2026-09-21 09:00:00,lng,13286.642
2026-09-21 09:00:00,renewable,4241.989
2026-09-21 09:00:00,hydro,703.394
2026-09-21 09:00:00,oil,162.346
2026-09-21 09:00:00,anthracite,59.29
2026-09-21 09:00:00,solar,6456.949
2026-09-21 09:00:00,pumped,1000.0
2026-09-21 09:05:00,nuclear,23870.366
2026-09-21 09:05:00,bituminous_coal,19647.467
2026-09-21 09:05:00,lng,13378.545
2026-09-21 09:05:00,renewable,4262.176
2026-09-21 09:05:00,hydro,727.788
2026-09-21 09:05:00,oil,260.734
2026-09-21 09:05:00,anthracite,104.216
2026-09-21 09:05:00,solar,6568.503
2026-09-21 09:05:00,pumped,1032.722
2026-09-21 09:10:00,nuclear,24000.489
2026-09-21 09:10:00,bituminous_coal,19736.371
2026-09-21 09:10:00,lng,13407.37
2026-09-21 09:10:00,renewable,4265.856
2026-09-21 09:10:00,hydro,724.669
2026-09-21 09:10:00,oil,247.756
2026-09-21 09:10:00,anthracite,89.852
2026-09-21 09:10:00,solar,6678.119
2026-09-21 09:10:00,pumped,1065.429
2026-09-21 09:15:00,nuclear,24131.587
2026-09-21 09:15:00,bituminous_coal,19829.008
2026-09-21 09:15:00,lng,13446.858
2026-09-21 09:15:00,renewable,4298.002
2026-09-21 09:15:00,hydro,714.852
2026-09-21 09:15:00,oil,190.733
2026-09-21 09:15:00,anthracite,65.35
2026-09-21 09:15:00,solar,6785.748
2026-09-21 09:15:00,pumped,1098.105
2026-09-21 09:20:00,nuclear,24263.179
2026-09-21 09:20:00,bituminous_coal,19985.602
2026-09-21 09:20:00,lng,13563.196
2026-09-21 09:20:00,renewable,4328.044
2026-09-21 09:20:00,hydro,677.567
2026-09-21 09:20:00,oil,167.417
2026-09-21 09:20:00,anthracite,121.239
2026-09-21 09:20:00,solar,6891.336
2026-09-21 09:20:00,pumped,1130.734
2026-09-21 09:25:00,nuclear,24313.35
2026-09-21 09:25:00,bituminous_coal,20033.345
2026-09-21 09:25:00,lng,13584.672
2026-09-21 09:25:00,renewable,4249.267
2026-09-21 09:25:00,hydro,666.903
2026-09-21 09:25:00,oil,249.358
2026-09-21 09:25:00,anthracite,95.262
2026-09-21 09:25:00,solar,6994.835
2026-09-21 09:25:00,pumped,1163.3
2026-09-21 09:30:00,nuclear,24449.772
2026-09-21 09:30:00,bituminous_coal,20137.043
2026-09-21 09:30:00,lng,13721.586
2026-09-21 09:30:00,renewable,4277.332
2026-09-21 09:30:00,hydro,683.731
2026-09-21 09:30:00,oil,211.658
2026-09-21 09:30:00,anthracite,118.727
2026-09-21 09:30:00,solar,7096.194
2026-09-21 09:30:00,pumped,1195.789
2026-09-21 09:35:00,nuclear,24591.114
2026-09-21 09:35:00,bituminous_coal,20260.731
2026-09-21 09:35:00,lng,13735.666
2026-09-21 09:35:00,renewable,4344.711
2026-09-21 09:35:00,hydro,687.392
2026-09-21 09:35:00,oil,209.297
2026-09-21 09:35:00,anthracite,68.545
2026-09-21 09:35:00,solar,7195.366
2026-09-21 09:35:00,pumped,1228.185
2026-09-21 09:40:00,nuclear,24682.593
2026-09-21 09:40:00,bituminous_coal,20325.805
2026-09-21 09:40:00,lng,13784.465
2026-09-21 09:40:00,renewable,4345.025
2026-09-21 09:40:00,hydro,677.797
2026-09-21 09:40:00,oil,256.89
2026-09-21 09:40:00,anthracite,30.871
2026-09-21 09:40:00,solar,7292.303
2026-09-21 09:40:00,pumped,1260.472
2026-09-21 09:45:00,nuclear,24822.419
2026-09-21 09:45:00,bituminous_coal,20412.26
2026-09-21 09:45:00,lng,13896.218
2026-09-21 09:45:00,renewable,4381.957
2026-09-21 09:45:00,hydro,730.471
2026-09-21 09:45:00,oil,247.948
2026-09-21 09:45:00,anthracite,56.985
2026-09-21 09:45:00,solar,7386.959
2026-09-21 09:45:00,pumped,1292.635
2026-09-21 09:50:00,nuclear,24876.348
2026-09-21 09:50:00,bituminous_coal,20485.493
2026-09-21 09:50:00,lng,13920.204
2026-09-21 09:50:00,renewable,4423.889
2026-09-21 09:50:00,hydro,721.452
2026-09-21 09:50:00,oil,217.728
2026-09-21 09:50:00,anthracite,41.576
2026-09-21 09:50:00,solar,7479.289
2026-09-21 09:50:00,pumped,1324.659
2026-09-21 09:55:00,nuclear,25027.32
2026-09-21 09:55:00,bituminous_coal,20563.258
2026-09-21 09:55:00,lng,13953.145
2026-09-21 09:55:00,renewable,4403.037
2026-09-21 09:55:00,hydro,712.76
2026-09-21 09:55:00,oil,233.691
2026-09-21 09:55:00,anthracite,44.39
2026-09-21 09:55:00,solar,7569.249
2026-09-21 09:55:00,pumped,1356.529
2026-09-21 10:00:00,nuclear,25103.07
2026-09-21 10:00:00,bituminous_coal,20719.566
2026-09-21 10:00:00,lng,14028.863
2026-09-21 10:00:00,renewable,4401.532
2026-09-21 10:00:00,hydro,749.361
2026-09-21 10:00:00,oil,249.377
2026-09-21 10:00:00,anthracite,34.474
2026-09-21 10:00:00,solar,7656.797
2026-09-21 10:00:00,pumped,1388.229
2026-09-21 10:05:00,nuclear,25240.417
2026-09-21 10:05:00,bituminous_coal,20765.062
2026-09-21 10:05:00,lng,14051.868
2026-09-21 10:05:00,renewable,4420.157
2026-09-21 10:05:00,hydro,781.979
2026-09-21 10:05:00,oil,225.865
2026-09-21 10:05:00,anthracite,67.166
2026-09-21 10:05:00,solar,7741.89
2026-09-21 10:05:00,pumped,1419.744
2026-09-21 10:10:00,nuclear,25346.223
2026-09-21 10:10:00,bituminous_coal,20899.294
2026-09-21 10:10:00,lng,14119.607
2026-09-21 10:10:00,renewable,4490.807
2026-09-21 10:10:00,hydro,764.836
2026-09-21 10:10:00,oil,178.814
2026-09-21 10:10:00,anthracite,70.669
2026-09-21 10:10:00,solar,7824.488
2026-09-21 10:10:00,pumped,1451.059
2026-09-21 10:15:00,nuclear,25459.622
2026-09-21 10:15:00,bituminous_coal,20919.853
2026-09-21 10:15:00,lng,14177.882
2026-09-21 10:15:00,renewable,4460.866
2026-09-21 10:15:00,hydro,744.708
2026-09-21 10:15:00,oil,206.874
2026-09-21 10:15:00,anthracite,56.686
2026-09-21 10:15:00,solar,7904.552
2026-09-21 10:15:00,pumped,1482.159
2026-09-21 10:20:00,nuclear,25580.119
2026-09-21 10:20:00,bituminous_coal,20988.951
2026-09-21 10:20:00,lng,14317.103
2026-09-21 10:20:00,renewable,4520.866
2026-09-21 10:20:00,hydro,732.489
2026-09-21 10:20:00,oil,253.53
2026-09-21 10:20:00,anthracite,44.851
2026-09-21 10:20:00,solar,7982.044
2026-09-21 10:20:00,pumped,1513.03
2026-09-21 10:25:00,nuclear,25684.753
2026-09-21 10:25:00,bituminous_coal,21130.599
2026-09-21 10:25:00,lng,14326.173
2026-09-21 10:25:00,renewable,4509.064
2026-09-21 10:25:00,hydro,773.707
2026-09-21 10:25:00,oil,211.838
2026-09-21 10:25:00,anthracite,82.713
2026-09-21 10:25:00,solar,8056.927
2026-09-21 10:25:00,pumped,1543.657
2026-09-21 10:30:00,nuclear,25795.101
2026-09-21 10:30:00,bituminous_coal,21222.637
2026-09-21 10:30:00,lng,14396.433
2026-09-21 10:30:00,renewable,4525.476
2026-09-21 10:30:00,hydro,774.187
2026-09-21 10:30:00,oil,217.639
2026-09-21 10:30:00,anthracite,39.037
2026-09-21 10:30:00,solar,8129.165
2026-09-21 10:30:00,pumped,1574.025
2026-09-21 10:35:00,nuclear,25855.212
2026-09-21 10:35:00,bituminous_coal,21262.968
2026-09-21 10:35:00,lng,14420.298
2026-09-21 10:35:00,renewable,4610.985
2026-09-21 10:35:00,hydro,810.071
2026-09-21 10:35:00,oil,191.81
2026-09-21 10:35:00,anthracite,84.894
2026-09-21 10:35:00,solar,8198.724
2026-09-21 10:35:00,pumped,1604.12
2026-09-21 10:40:00,nuclear,25982.998
2026-09-21 10:40:00,bituminous_coal,21326.432
2026-09-21 10:40:00,lng,14530.593
2026-09-21 10:40:00,renewable,4623.54
2026-09-21 10:40:00,hydro,775.978
2026-09-21 10:40:00,oil,234.825
2026-09-21 10:40:00,anthracite,124.702
2026-09-21 10:40:00,solar,8265.57
2026-09-21 10:40:00,pumped,1633.927
2026-09-21 10:45:00,nuclear,26016.057
2026-09-21 10:45:00,bituminous_coal,21489.53
2026-09-21 10:45:00,lng,14541.092
2026-09-21 10:45:00,renewable,4634.673
2026-09-21 10:45:00,hydro,760.699
2026-09-21 10:45:00,oil,181.36
2026-09-21 10:45:00,anthracite,36.31
2026-09-21 10:45:00,solar,8329.673
2026-09-21 10:45:00,pumped,1663.433
2026-09-21 10:50:00,nuclear,26157.748
2026-09-21 10:50:00,bituminous_coal,21527.65
2026-09-21 10:50:00,lng,14651.249
2026-09-21 10:50:00,renewable,4577.302
2026-09-21 10:50:00,hydro,781.549
2026-09-21 10:50:00,oil,258.886
2026-09-21 10:50:00,anthracite,95.188
2026-09-21 10:50:00,solar,8391.001
2026-09-21 10:50:00,pumped,1692.623
2026-09-21 10:55:00,nuclear,26273.315
2026-09-21 10:55:00,bituminous_coal,21643.524
2026-09-21 10:55:00,lng,14629.711
2026-09-21 10:55:00,renewable,4593.741
2026-09-21 10:55:00,hydro,749.483
2026-09-21 10:55:00,oil,272.316
2026-09-21 10:55:00,anthracite,54.007
2026-09-21 10:55:00,solar,8449.525
2026-09-21 10:55:00,pumped,1721.483
2026-09-21 11:00:00,nuclear,26358.046
2026-09-21 11:00:00,bituminous_coal,21673.955
2026-09-21 11:00:00,lng,14680.07
2026-09-21 11:00:00,renewable,4631.661
2026-09-21 11:00:00,hydro,758.696
2026-09-21 11:00:00,oil,230.434
2026-09-21 11:00:00,anthracite,67.023
2026-09-21 11:00:00,solar,8505.217
2026-09-21 11:00:00,pumped,1750.0
2026-09-21 11:05:00,nuclear,26404.693
2026-09-21 11:05:00,bituminous_coal,21744.828
2026-09-21 11:05:00,lng,14790.767
2026-09-21 11:05:00,renewable,4666.873
2026-09-21 11:05:00,hydro,791.484
2026-09-21 11:05:00,oil,196.629
2026-09-21 11:05:00,anthracite,29.752
2026-09-21 11:05:00,solar,8558.051
2026-09-21 11:05:00,pumped,1778.16
2026-09-21 11:10:00,nuclear,26554.183
2026-09-21 11:10:00,bituminous_coal,21861.857
2026-09-21 11:10:00,lng,14867.615
2026-09-21 11:10:00,renewable,4634.176
2026-09-21 11:10:00,hydro,758.286
2026-09-21 11:10:00,oil,234.074
2026-09-21 11:10:00,anthracite,119.248
2026-09-21 11:10:00,solar,8608.002
2026-09-21 11:10:00,pumped,1805.949
2026-09-21 11:15:00,nuclear,26590.344
2026-09-21 11:15:00,bituminous_coal,21894.771
2026-09-21 11:15:00,lng,14928.606
2026-09-21 11:15:00,renewable,4704.925
2026-09-21 11:15:00,hydro,746.942
2026-09-21 11:15:00,oil,209.389
2026-09-21 11:15:00,anthracite,52.819
2026-09-21 11:15:00,solar,8655.046
2026-09-21 11:15:00,pumped,1833.355
2026-09-21 11:20:00,nuclear,26749.707
2026-09-21 11:20:00,bituminous_coal,21965.201
2026-09-21 11:20:00,lng,14957.741
2026-09-21 11:20:00,renewable,4736.795
2026-09-21 11:20:00,hydro,831.3
2026-09-21 11:20:00,oil,211.715
2026-09-21 11:20:00,anthracite,74.511
2026-09-21 11:20:00,solar,8699.16
2026-09-21 11:20:00,pumped,1860.365
2026-09-21 11:25:00,nuclear,26780.426
2026-09-21 11:25:00,bituminous_coal,22116.304
2026-09-21 11:25:00,lng,15030.71
2026-09-21 11:25:00,renewable,4713.504
2026-09-21 11:25:00,hydro,748.638
2026-09-21 11:25:00,oil,194.842
2026-09-21 11:25:00,anthracite,81.174
2026-09-21 11:25:00,solar,8740.324
2026-09-21 11:25:00,pumped,1886.964
2026-09-21 11:30:00,nuclear,26887.868
2026-09-21 11:30:00,bituminous_coal,22151.05
2026-09-21 11:30:00,lng,14995.939
2026-09-21 11:30:00,renewable,4785.062
2026-09-21 11:30:00,hydro,823.638
2026-09-21 11:30:00,oil,277.564
2026-09-21 11:30:00,anthracite,71.86
2026-09-21 11:30:00,solar,8778.518
2026-09-21 11:30:00,pumped,1913.142
2026-09-21 11:35:00,nuclear,26968.362
2026-09-21 11:35:00,bituminous_coal,22181.309
2026-09-21 11:35:00,lng,15112.883
2026-09-21 11:35:00,renewable,4760.229
2026-09-21 11:35:00,hydro,809.927
2026-09-21 11:35:00,oil,263.634
2026-09-21 11:35:00,anthracite,108.628
2026-09-21 11:35:00,solar,8813.723
2026-09-21 11:35:00,pumped,1938.885
2026-09-21 11:40:00,nuclear,27049.119
2026-09-21 11:40:00,bituminous_coal,22318.179
2026-09-21 11:40:00,lng,15090.451
2026-09-21 11:40:00,renewable,4781.509
2026-09-21 11:40:00,hydro,773.227
2026-09-21 11:40:00,oil,267.328
2026-09-21 11:40:00,anthracite,117.955
2026-09-21 11:40:00,solar,8845.924
2026-09-21 11:40:00,pumped,1964.181
2026-09-21 11:45:00,nuclear,27187.955
2026-09-21 11:45:00,bituminous_coal,22370.02
2026-09-21 11:45:00,lng,15196.199
2026-09-21 11:45:00,renewable,4805.746
2026-09-21 11:45:00,hydro,823.152
2026-09-21 11:45:00,oil,190.535
2026-09-21 11:45:00,anthracite,103.124
2026-09-21 11:45:00,solar,8875.104
2026-09-21 11:45:00,pumped,1989.019
2026-09-21 11:50:00,nuclear,27198.32
2026-09-21 11:50:00,bituminous_coal,22449.85
2026-09-21 11:50:00,lng,15230.699
2026-09-21 11:50:00,renewable,4787.732
2026-09-21 11:50:00,hydro,816.731
2026-09-21 11:50:00,oil,224.458
2026-09-21 11:50:00,anthracite,30.736
2026-09-21 11:50:00,solar,8901.25
2026-09-21 11:50:00,pumped,2013.385
2026-09-21 11:55:00,nuclear,27301.81
2026-09-21 11:55:00,bituminous_coal,22521.477
2026-09-21 11:55:00,lng,15267.548
2026-09-21 11:55:00,renewable,4795.684
2026-09-21 11:55:00,hydro,781.002
2026-09-21 11:55:00,oil,284.106
2026-09-21 11:55:00,anthracite,48.073
2026-09-21 11:55:00,solar,8924.35
2026-09-21 11:55:00,pumped,2037.27
2026-09-21 12:00:00,nuclear,27430.996
2026-09-21 12:00:00,bituminous_coal,22560.872
2026-09-21 12:00:00,lng,15304.427
2026-09-21 12:00:00,renewable,4793.749
2026-09-21 12:00:00,hydro,785.224
2026-09-21 12:00:00,oil,234.436
2026-09-21 12:00:00,anthracite,66.629
2026-09-21 12:00:00,solar,8944.392
2026-09-21 12:00:00,pumped,2060.66
2026-09-21 12:05:00,nuclear,27494.237
2026-09-21 12:05:00,bituminous_coal,22626.671
2026-09-21 12:05:00,lng,15318.353
2026-09-21 12:05:00,renewable,4882.202
2026-09-21 12:05:00,hydro,826.534
2026-09-21 12:05:00,oil,272.638
2026-09-21 12:05:00,anthracite,41.395
2026-09-21 12:05:00,solar,8961.366
2026-09-21 12:05:00,pumped,2083.546
2026-09-21 12:10:00,nuclear,27533.471
2026-09-21 12:10:00,bituminous_coal,22711.86
2026-09-21 12:10:00,lng,15401.882
2026-09-21 12:10:00,renewable,4884.217
2026-09-21 12:10:00,hydro,846.908
2026-09-21 12:10:00,oil,240.679
2026-09-21 12:10:00,anthracite,33.852
2026-09-21 12:10:00,solar,8975.266
2026-09-21 12:10:00,pumped,2105.916
2026-09-21 12:15:00,nuclear,27679.94
2026-09-21 12:15:00,bituminous_coal,22713.68
2026-09-21 12:15:00,lng,15455.286
2026-09-21 12:15:00,renewable,4918.396
2026-09-21 12:15:00,hydro,857.891
2026-09-21 12:15:00,oil,241.855
2026-09-21 12:15:00,anthracite,91.367
2026-09-21 12:15:00,solar,8986.083
2026-09-21 12:15:00,pumped,2127.76
2026-09-21 12:20:00,nuclear,27677.955
2026-09-21 12:20:00,bituminous_coal,22782.095
2026-09-21 12:20:00,lng,15523.67
2026-09-21 12:20:00,renewable,4916.507
2026-09-21 12:20:00,hydro,850.283
2026-09-21 12:20:00,oil,220.077
2026-09-21 12:20:00,anthracite,98.178
2026-09-21 12:20:00,solar,8993.813
2026-09-21 12:20:00,pumped,2149.067
2026-09-21 12:25:00,nuclear,27772.595
2026-09-21 12:25:00,bituminous_coal,22825.833
2026-09-21 12:25:00,lng,15554.525
2026-09-21 12:25:00,renewable,4873.457
2026-09-21 12:25:00,hydro,774.737
2026-09-21 12:25:00,oil,244.544
2026-09-21 12:25:00,anthracite,66.988
2026-09-21 12:25:00,solar,8998.453
2026-09-21 12:25:00,pumped,2169.827
2026-09-21 12:30:00,nuclear,27798.845
2026-09-21 12:30:00,bituminous_coal,22976.901
2026-09-21 12:30:00,lng,15554.845
2026-09-21 12:30:00,renewable,4960.211
2026-09-21 12:30:00,hydro,854.934
2026-09-21 12:30:00,oil,259.896
2026-09-21 12:30:00,anthracite,85.107
2026-09-21 12:30:00,solar,9000.0
2026-09-21 12:30:00,pumped,2190.03
2026-09-21 12:35:00,nuclear,27925.863
2026-09-21 12:35:00,bituminous_coal,22986.919
2026-09-21 12:35:00,lng,15596.671
2026-09-21 12:35:00,renewable,4929.946
2026-09-21 12:35:00,hydro,774.56
2026-09-21 12:35:00,oil,273.029
2026-09-21 12:35:00,anthracite,56.438
2026-09-21 12:35:00,solar,8998.453
2026-09-21 12:35:00,pumped,2209.667
2026-09-21 12:40:00,nuclear,28005.41
2026-09-21 12:40:00,bituminous_coal,23015.803
2026-09-21 12:40:00,lng,15631.778
2026-09-21 12:40:00,renewable,4984.352
2026-09-21 12:40:00,hydro,802.283
2026-09-21 12:40:00,oil,269.345
2026-09-21 12:40:00,anthracite,42.576
2026-09-21 12:40:00,solar,8993.813
2026-09-21 12:40:00,pumped,2228.728
2026-09-21 12:45:00,nuclear,28042.472
2026-09-21 12:45:00,bituminous_coal,23094.458
2026-09-21 12:45:00,lng,15671.393
2026-09-21 12:45:00,renewable,4909.788
2026-09-21 12:45:00,hydro,873.431
2026-09-21 12:45:00,oil,280.331
2026-09-21 12:45:00,anthracite,108.175
2026-09-21 12:45:00,solar,8986.083
2026-09-21 12:45:00,pumped,2247.204
2026-09-21 12:50:00,nuclear,28149.612
2026-09-21 12:50:00,bituminous_coal,23122.261
2026-09-21 12:50:00,lng,15692.756
2026-09-21 12:50:00,renewable,4965.696
2026-09-21 12:50:00,hydro,822.754
2026-09-21 12:50:00,oil,229.187
2026-09-21 12:50:00,anthracite,86.127
2026-09-21 12:50:00,solar,8975.266
2026-09-21 12:50:00,pumped,2265.087
2026-09-21 12:55:00,nuclear,28150.231
2026-09-21 12:55:00,bituminous_coal,23203.313
2026-09-21 12:55:00,lng,15758.913
2026-09-21 12:55:00,renewable,5013.714
2026-09-21 12:55:00,hydro,787.344
2026-09-21 12:55:00,oil,201.277
2026-09-21 12:55:00,anthracite,39.521
2026-09-21 12:55:00,solar,8961.366
2026-09-21 12:55:00,pumped,2282.368
2026-09-21 13:00:00,nuclear,28183.357
2026-09-21 13:00:00,bituminous_coal,23269.809
2026-09-21 13:00:00,lng,15775.569
2026-09-21 13:00:00,renewable,4979.905
2026-09-21 13:00:00,hydro,867.189
2026-09-21 13:00:00,oil,273.751
2026-09-21 13:00:00,anthracite,39.211
2026-09-21 13:00:00,solar,8944.392
2026-09-21 13:00:00,pumped,2299.038
2026-09-21 13:05:00,nuclear,28266.123
2026-09-21 13:05:00,bituminous_coal,23254.202
2026-09-21 13:05:00,lng,15793.373
2026-09-21 13:05:00,renewable,4950.147
2026-09-21 13:05:00,hydro,814.231
2026-09-21 13:05:00,oil,286.989
2026-09-21 13:05:00,anthracite,99.712
2026-09-21 13:05:00,solar,8924.35
2026-09-21 13:05:00,pumped,2315.09
2026-09-21 13:10:00,nuclear,28284.94
2026-09-21 13:10:00,bituminous_coal,23279.381
2026-09-21 13:10:00,lng,15803.459
2026-09-21 13:10:00,renewable,5039.881
2026-09-21 13:10:00,hydro,873.947
2026-09-21 13:10:00,oil,280.352
2026-09-21 13:10:00,anthracite,55.681
2026-09-21 13:10:00,solar,8901.25
2026-09-21 13:10:00,pumped,2330.516
2026-09-21 13:15:00,nuclear,28346.155
2026-09-21 13:15:00,bituminous_coal,23344.141
2026-09-21 13:15:00,lng,15887.752
2026-09-21 13:15:00,renewable,4969.573
2026-09-21 13:15:00,hydro,827.844
2026-09-21 13:15:00,oil,228.16
2026-09-21 13:15:00,anthracite,124.697
2026-09-21 13:15:00,solar,8875.104
2026-09-21 13:15:00,pumped,2345.309
2026-09-21 13:20:00,nuclear,28377.542
2026-09-21 13:20:00,bituminous_coal,23376.229
2026-09-21 13:20:00,lng,15931.103
2026-09-21 13:20:00,renewable,4966.298
2026-09-21 13:20:00,hydro,809.297
2026-09-21 13:20:00,oil,248.218
2026-09-21 13:20:00,anthracite,81.308
2026-09-21 13:20:00,solar,8845.924
2026-09-21 13:20:00,pumped,2359.462
2026-09-21 13:25:00,nuclear,28484.114
2026-09-21 13:25:00,bituminous_coal,23482.351
2026-09-21 13:25:00,lng,15892.548
2026-09-21 13:25:00,renewable,5031.004
2026-09-21 13:25:00,hydro,794.884
2026-09-21 13:25:00,oil,219.953
2026-09-21 13:25:00,anthracite,105.612
2026-09-21 13:25:00,solar,8813.723
2026-09-21 13:25:00,pumped,2372.967
2026-09-21 13:30:00,nuclear,28520.21
2026-09-21 13:30:00,bituminous_coal,23527.79
2026-09-21 13:30:00,lng,15905.034
2026-09-21 13:30:00,renewable,5053.354
2026-09-21 13:30:00,hydro,844.055
2026-09-21 13:30:00,oil,265.668
2026-09-21 13:30:00,anthracite,65.807
2026-09-21 13:30:00,solar,8778.518
2026-09-21 13:30:00,pumped,2385.819
2026-09-21 13:35:00,nuclear,28547.625
2026-09-21 13:35:00,bituminous_coal,23465.86
2026-09-21 13:35:00,lng,15930.416
2026-09-21 13:35:00,renewable,5025.242
2026-09-21 13:35:00,hydro,806.398
2026-09-21 13:35:00,oil,260.162
2026-09-21 13:35:00,anthracite,41.394
2026-09-21 13:35:00,solar,8740.324
2026-09-21 13:35:00,pumped,2398.012
2026-09-21 13:40:00,nuclear,28619.199
2026-09-21 13:40:00,bituminous_coal,23543.647
2026-09-21 13:40:00,lng,15965.323
2026-09-21 13:40:00,renewable,5059.228
2026-09-21 13:40:00,hydro,887.031
2026-09-21 13:40:00,oil,282.821
2026-09-21 13:40:00,anthracite,101.068
2026-09-21 13:40:00,solar,8699.16
2026-09-21 13:40:00,pumped,2409.539
2026-09-21 13:45:00,nuclear,28616.245
2026-09-21 13:45:00,bituminous_coal,23591.511
2026-09-21 13:45:00,lng,15949.351
2026-09-21 13:45:00,renewable,5017.602
2026-09-21 13:45:00,hydro,823.579
2026-09-21 13:45:00,oil,294.995
2026-09-21 13:45:00,anthracite,121.03
2026-09-21 13:45:00,solar,8655.046
2026-09-21 13:45:00,pumped,2420.395
2026-09-21 13:50:00,nuclear,28690.064
2026-09-21 13:50:00,bituminous_coal,23556.057
2026-09-21 13:50:00,lng,15971.13
2026-09-21 13:50:00,renewable,5056.249
2026-09-21 13:50:00,hydro,839.698
2026-09-21 13:50:00,oil,246.681
2026-09-21 13:50:00,anthracite,99.691
2026-09-21 13:50:00,solar,8608.002
2026-09-21 13:50:00,pumped,2430.575
2026-09-21 13:55:00,nuclear,28711.916
2026-09-21 13:55:00,bituminous_coal,23617.829
2026-09-21 13:55:00,lng,16031.947
2026-09-21 13:55:00,renewable,5058.998
2026-09-21 13:55:00,hydro,835.738
2026-09-21 13:55:00,oil,270.935
2026-09-21 13:55:00,anthracite,44.482
2026-09-21 13:55:00,solar,8558.051
2026-09-21 13:55:00,pumped,2440.075
2026-09-21 14:00:00,nuclear,28758.669
2026-09-21 14:00:00,bituminous_coal,23612.644
2026-09-21 14:00:00,lng,16025.851
2026-09-21 14:00:00,renewable,5063.234
2026-09-21 14:00:00,hydro,879.425
2026-09-21 14:00:00,oil,240.022
2026-09-21 14:00:00,anthracite,81.219
2026-09-21 14:00:00,solar,8505.217
2026-09-21 14:00:00,pumped,2448.889
2026-09-21 14:05:00,nuclear,28768.653
2026-09-21 14:05:00,bituminous_coal,23664.134
2026-09-21 14:05:00,lng,16110.145
2026-09-21 14:05:00,renewable,5084.299
2026-09-21 14:05:00,hydro,817.798
2026-09-21 14:05:00,oil,288.396
2026-09-21 14:05:00,anthracite,109.454
2026-09-21 14:05:00,solar,8449.525
2026-09-21 14:05:00,pumped,2457.013
2026-09-21 14:10:00,nuclear,28803.674
2026-09-21 14:10:00,bituminous_coal,23728.138
2026-09-21 14:10:00,lng,16059.884
2026-09-21 14:10:00,renewable,5067.197
2026-09-21 14:10:00,hydro,817.315
2026-09-21 14:10:00,oil,206.634
2026-09-21 14:10:00,anthracite,83.709
2026-09-21 14:10:00,solar,8391.001
2026-09-21 14:10:00,pumped,2464.444
2026-09-21 14:15:00,nuclear,28790.809
2026-09-21 14:15:00,bituminous_coal,23711.246
2026-09-21 14:15:00,lng,16061.285
2026-09-21 14:15:00,renewable,5076.971
2026-09-21 14:15:00,hydro,857.964
2026-09-21 14:15:00,oil,258.369
2026-09-21 14:15:00,anthracite,128.458
2026-09-21 14:15:00,solar,8329.673
2026-09-21 14:15:00,pumped,2471.178
2026-09-21 14:20:00,nuclear,28817.585
2026-09-21 14:20:00,bituminous_coal,23691.422
2026-09-21 14:20:00,lng,16144.052
2026-09-21 14:20:00,renewable,5047.677
2026-09-21 14:20:00,hydro,886.943
2026-09-21 14:20:00,oil,213.347
2026-09-21 14:20:00,anthracite,107.797
2026-09-21 14:20:00,solar,8265.57
2026-09-21 14:20:00,pumped,2477.212
2026-09-21 14:25:00,nuclear,28809.391
2026-09-21 14:25:00,bituminous_coal,23771.665
2026-09-21 14:25:00,lng,16131.001
2026-09-21 14:25:00,renewable,5120.913
2026-09-21 14:25:00,hydro,828.465
2026-09-21 14:25:00,oil,287.593
2026-09-21 14:25:00,anthracite,129.592
2026-09-21 14:25:00,solar,8198.724
2026-09-21 14:25:00,pumped,2482.542
2026-09-21 14:30:00,nuclear,28820.367
2026-09-21 14:30:00,bituminous_coal,23783.687
2026-09-21 14:30:00,lng,16090.951
2026-09-21 14:30:00,renewable,5070.892
2026-09-21 14:30:00,hydro,853.331
2026-09-21 14:30:00,oil,225.47
2026-09-21 14:30:00,anthracite,79.696
2026-09-21 14:30:00,solar,8129.165
2026-09-21 14:30:00,pumped,2487.167
2026-09-21 14:35:00,nuclear,28897.875
2026-09-21 14:35:00,bituminous_coal,23750.534
2026-09-21 14:35:00,lng,16174.833
2026-09-21 14:35:00,renewable,5090.367
2026-09-21 14:35:00,hydro,835.472
2026-09-21 14:35:00,oil,230.432
2026-09-21 14:35:00,anthracite,105.922
2026-09-21 14:35:00,solar,8056.927
2026-09-21 14:35:00,pumped,2491.085
2026-09-21 14:40:00,nuclear,28845.384
2026-09-21 14:40:00,bituminous_coal,23740.67
2026-09-21 14:40:00,lng,16132.337
2026-09-21 14:40:00,renewable,5143.038
2026-09-21 14:40:00,hydro,822.534
2026-09-21 14:40:00,oil,270.083
2026-09-21 14:40:00,anthracite,120.355
2026-09-21 14:40:00,solar,7982.044
2026-09-21 14:40:00,pumped,2494.292
2026-09-21 14:45:00,nuclear,28855.893
2026-09-21 14:45:00,bituminous_coal,23838.562
2026-09-21 14:45:00,lng,16147.899
2026-09-21 14:45:00,renewable,5065.017
2026-09-21 14:45:00,hydro,889.974
2026-09-21 14:45:00,oil,216.764
2026-09-21 14:45:00,anthracite,131.701
2026-09-21 14:45:00,solar,7904.552
2026-09-21 14:45:00,pumped,2496.788
2026-09-21 14:50:00,nuclear,28939.987
2026-09-21 14:50:00,bituminous_coal,23754.54
2026-09-21 14:50:00,lng,16195.065
2026-09-21 14:50:00,renewable,5141.376
2026-09-21 14:50:00,hydro,879.107
2026-09-21 14:50:00,oil,219.1
2026-09-21 14:50:00,anthracite,128.541
2026-09-21 14:50:00,solar,7824.488
2026-09-21 14:50:00,pumped,2498.572
2026-09-21 14:55:00,nuclear,28853.101
2026-09-21 14:55:00,bituminous_coal,23809.383
2026-09-21 14:55:00,lng,16164.352
2026-09-21 14:55:00,renewable,5107.592
2026-09-21 14:55:00,hydro,823.724
2026-09-21 14:55:00,oil,285.187
2026-09-21 14:55:00,anthracite,85.721
2026-09-21 14:55:00,solar,7741.89
2026-09-21 14:55:00,pumped,2499.643
2026-09-21 15:00:00,nuclear,28936.199
2026-09-21 15:00:00,bituminous_coal,23814.107
2026-09-21 15:00:00,lng,16186.314
2026-09-21 15:00:00,renewable,5146.985
2026-09-21 15:00:00,hydro,838.994
2026-09-21 15:00:00,oil,252.142
2026-09-21 15:00:00,anthracite,134.345
2026-09-21 15:00:00,solar,7656.797
2026-09-21 15:00:00,pumped,2500.0
2026-09-21 15:05:00,nuclear,28880.127
2026-09-21 15:05:00,bituminous_coal,23772.653
2026-09-21 15:05:00,lng,16157.484
2026-09-21 15:05:00,renewable,5096.136
2026-09-21 15:05:00,hydro,885.056
2026-09-21 15:05:00,oil,296.361
2026-09-21 15:05:00,anthracite,130.294
2026-09-21 15:05:00,solar,7569.249
2026-09-21 15:05:00,pumped,2499.643
2026-09-21 15:10:00,nuclear,28864.279
2026-09-21 15:10:00,bituminous_coal,23755.826
2026-09-21 15:10:00,lng,16176.707
2026-09-21 15:10:00,renewable,5148.176
2026-09-21 15:10:00,hydro,855.631
2026-09-21 15:10:00,oil,287.97
2026-09-21 15:10:00,anthracite,121.9
2026-09-21 15:10:00,solar,7479.289
2026-09-21 15:10:00,pumped,2498.572
2026-09-21 15:15:00,nuclear,28895.46
2026-09-21 15:15:00,bituminous_coal,23821.195
2026-09-21 15:15:00,lng,16186.542
2026-09-21 15:15:00,renewable,5137.667
2026-09-21 15:15:00,hydro,896.13
2026-09-21 15:15:00,oil,233.246
2026-09-21 15:15:00,anthracite,70.964
2026-09-21 15:15:00,solar,7386.959
2026-09-21 15:15:00,pumped,2496.788
2026-09-21 15:20:00,nuclear,28867.24
2026-09-21 15:20:00,bituminous_coal,23762.541
2026-09-21 15:20:00,lng,16117.593
2026-09-21 15:20:00,renewable,5111.727
2026-09-21 15:20:00,hydro,833.569
2026-09-21 15:20:00,oil,243.505
2026-09-21 15:20:00,anthracite,108.348
2026-09-21 15:20:00,solar,7292.303
2026-09-21 15:20:00,pumped,2494.292
2026-09-21 15:25:00,nuclear,28822.502
2026-09-21 15:25:00,bituminous_coal,23734.259
2026-09-21 15:25:00,lng,16145.163
2026-09-21 15:25:00,renewable,5078.165
2026-09-21 15:25:00,hydro,836.266
2026-09-21 15:25:00,oil,281.214
2026-09-21 15:25:00,anthracite,74.584
2026-09-21 15:25:00,solar,7195.366
2026-09-21 15:25:00,pumped,2491.085
2026-09-21 15:30:00,nuclear,28872.082
2026-09-21 15:30:00,bituminous_coal,23749.874
2026-09-21 15:30:00,lng,16078.975
2026-09-21 15:30:00,renewable,5056.71
2026-09-21 15:30:00,hydro,811.904
2026-09-21 15:30:00,oil,253.515
2026-09-21 15:30:00,anthracite,100.496
2026-09-21 15:30:00,solar,7096.194
2026-09-21 15:30:00,pumped,2487.167
2026-09-21 15:35:00,nuclear,28851.921
2026-09-21 15:35:00,bituminous_coal,23740.887
2026-09-21 15:35:00,lng,16144.347
2026-09-21 15:35:00,renewable,5106.447
2026-09-21 15:35:00,hydro,881.812
2026-09-21 15:35:00,oil,220.839
2026-09-21 15:35:00,anthracite,43.115
2026-09-21 15:35:00,solar,6994.835
2026-09-21 15:35:00,pumped,2482.542
2026-09-21 15:40:00,nuclear,28856.051
2026-09-21 15:40:00,bituminous_coal,23744.401
2026-09-21 15:40:00,lng,16148.341
2026-09-21 15:40:00,renewable,5062.383
2026-09-21 15:40:00,hydro,875.321
2026-09-21 15:40:00,oil,247.328
2026-09-21 15:40:00,anthracite,131.033
2026-09-21 15:40:00,solar,6891.336
2026-09-21 15:40:00,pumped,2477.212
2026-09-21 15:45:00,nuclear,28808.808
2026-09-21 15:45:00,bituminous_coal,23702.746
2026-09-21 15:45:00,lng,16076.259
2026-09-21 15:45:00,renewable,5103.128
2026-09-21 15:45:00,hydro,873.69
2026-09-21 15:45:00,oil,292.925
2026-09-21 15:45:00,anthracite,40.685
2026-09-21 15:45:00,solar,6785.748
2026-09-21 15:45:00,pumped,2471.178
2026-09-21 15:50:00,nuclear,28758.564
2026-09-21 15:50:00,bituminous_coal,23683.925
2026-09-21 15:50:00,lng,16107.941
2026-09-21 15:50:00,renewable,5059.098
2026-09-21 15:50:00,hydro,872.639
2026-09-21 15:50:00,oil,226.559
2026-09-21 15:50:00,anthracite,84.13
2026-09-21 15:50:00,solar,6678.119
2026-09-21 15:50:00,pumped,2464.444
2026-09-21 15:55:00,nuclear,28777.742
2026-09-21 15:55:00,bituminous_coal,23674.097
2026-09-21 15:55:00,lng,16087.862
2026-09-21 15:55:00,renewable,5101.7
2026-09-21 15:55:00,hydro,819.926
2026-09-21 15:55:00,oil,205.401
2026-09-21 15:55:00,anthracite,98.724
2026-09-21 15:55:00,solar,6568.503
2026-09-21 15:55:00,pumped,2457.013
2026-09-21 16:00:00,nuclear,28755.654
2026-09-21 16:00:00,bituminous_coal,23686.679
2026-09-21 16:00:00,lng,16089.336
2026-09-21 16:00:00,renewable,5118.81
2026-09-21 16:00:00,hydro,850.728
2026-09-21 16:00:00,oil,293.964
2026-09-21 16:00:00,anthracite,118.99
2026-09-21 16:00:00,solar,6456.949
2026-09-21 16:00:00,pumped,2448.889
2026-09-21 16:05:00,nuclear,28699.375
2026-09-21 16:05:00,bituminous_coal,23657.263
2026-09-21 16:05:00,lng,16022.028
2026-09-21 16:05:00,renewable,5016.303
2026-09-21 16:05:00,hydro,878.289
2026-09-21 16:05:00,oil,216.288
2026-09-21 16:05:00,anthracite,43.56
2026-09-21 16:05:00,solar,6343.513
2026-09-21 16:05:00,pumped,2440.075
2026-09-21 16:10:00,nuclear,28662.671
2026-09-21 16:10:00,bituminous_coal,23563.866
2026-09-21 16:10:00,lng,16032.803
2026-09-21 16:10:00,renewable,5060.877
2026-09-21 16:10:00,hydro,797.038
2026-09-21 16:10:00,oil,213.435
2026-09-21 16:10:00,anthracite,85.186
2026-09-21 16:10:00,solar,6228.247
2026-09-21 16:10:00,pumped,2430.575
2026-09-21 16:15:00,nuclear,28595.209
2026-09-21 16:15:00,bituminous_coal,23611.607
2026-09-21 16:15:00,lng,16006.969
2026-09-21 16:15:00,renewable,5055.244
2026-09-21 16:15:00,hydro,841.068
2026-09-21 16:15:00,oil,217.113
2026-09-21 16:15:00,anthracite,99.368
2026-09-21 16:15:00,solar,6111.207
2026-09-21 16:15:00,pumped,2420.395
2026-09-21 16:20:00,nuclear,28604.441
2026-09-21 16:20:00,bituminous_coal,23545.323
2026-09-21 16:20:00,lng,15934.973
2026-09-21 16:20:00,renewable,5042.322
2026-09-21 16:20:00,hydro,847.428
2026-09-21 16:20:00,oil,209.524
2026-09-21 16:20:00,anthracite,129.704
2026-09-21 16:20:00,solar,5992.447
2026-09-21 16:20:00,pumped,2409.539
2026-09-21 16:25:00,nuclear,28510.555
2026-09-21 16:25:00,bituminous_coal,23518.774
2026-09-21 16:25:00,lng,15911.298
2026-09-21 16:25:00,renewable,4999.758
2026-09-21 16:25:00,hydro,806.777
2026-09-21 16:25:00,oil,225.667
2026-09-21 16:25:00,anthracite,85.322
2026-09-21 16:25:00,solar,5872.026
2026-09-21 16:25:00,pumped,2398.012
2026-09-21 16:30:00,nuclear,28502.298
2026-09-21 16:30:00,bituminous_coal,23463.761
2026-09-21 16:30:00,lng,15891.375
2026-09-21 16:30:00,renewable,5011.56
2026-09-21 16:30:00,hydro,886.534
2026-09-21 16:30:00,oil,296.428
2026-09-21 16:30:00,anthracite,89.39
2026-09-21 16:30:00,solar,5750.0
2026-09-21 16:30:00,pumped,2385.819
2026-09-21 16:35:00,nuclear,28477.685
2026-09-21 16:35:00,bituminous_coal,23409.455
2026-09-21 16:35:00,lng,15869.568
2026-09-21 16:35:00,renewable,5060.245
2026-09-21 16:35:00,hydro,804.173
2026-09-21 16:35:00,oil,222.155
2026-09-21 16:35:00,anthracite,126.397
2026-09-21 16:35:00,solar,5626.427
2026-09-21 16:35:00,pumped,2372.967
2026-09-21 16:40:00,nuclear,28471.301
2026-09-21 16:40:00,bituminous_coal,23369.368
2026-09-21 16:40:00,lng,15848.821
2026-09-21 16:40:00,renewable,5011.829
2026-09-21 16:40:00,hydro,795.193
2026-09-21 16:40:00,oil,208.634
2026-09-21 16:40:00,anthracite,35.978
2026-09-21 16:40:00,solar,5501.366
2026-09-21 16:40:00,pumped,2359.462
2026-09-21 16:45:00,nuclear,28365.6
2026-09-21 16:45:00,bituminous_coal,23319.677
2026-09-21 16:45:00,lng,15854.87
2026-09-21 16:45:00,renewable,5008.74
2026-09-21 16:45:00,hydro,856.458
2026-09-21 16:45:00,oil,240.779
2026-09-21 16:45:00,anthracite,110.986
2026-09-21 16:45:00,solar,5374.876
2026-09-21 16:45:00,pumped,2345.309
2026-09-21 16:50:00,nuclear,28327.495
2026-09-21 16:50:00,bituminous_coal,23295.015
2026-09-21 16:50:00,lng,15782.43
2026-09-21 16:50:00,renewable,4970.292
2026-09-21 16:50:00,hydro,875.806
2026-09-21 16:50:00,oil,261.936
2026-09-21 16:50:00,anthracite,74.331
2026-09-21 16:50:00,solar,5247.019
2026-09-21 16:50:00,pumped,2330.516
2026-09-21 16:55:00,nuclear,28280.34
2026-09-21 16:55:00,bituminous_coal,23314.601
2026-09-21 16:55:00,lng,15839.189
2026-09-21 16:55:00,renewable,4982.568
2026-09-21 16:55:00,hydro,795.876
2026-09-21 16:55:00,oil,266.794
2026-09-21 16:55:00,anthracite,44.328
2026-09-21 16:55:00,solar,5117.853
2026-09-21 16:55:00,pumped,2315.09
2026-09-21 17:00:00,nuclear,28219.812
2026-09-21 17:00:00,bituminous_coal,23271.942
2026-09-21 17:00:00,lng,15735.212
2026-09-21 17:00:00,renewable,5025.395
2026-09-21 17:00:00,hydro,799.582
2026-09-21 17:00:00,oil,278.965
2026-09-21 17:00:00,anthracite,64.894
2026-09-21 17:00:00,solar,4987.442
2026-09-21 17:00:00,pumped,2299.038
2026-09-21 17:05:00,nuclear,28146.443
2026-09-21 17:05:00,bituminous_coal,23224.667
2026-09-21 17:05:00,lng,15689.42
2026-09-21 17:05:00,renewable,4930.62
2026-09-21 17:05:00,hydro,858.233
2026-09-21 17:05:00,oil,286.701
2026-09-21 17:05:00,anthracite,132.105
2026-09-21 17:05:00,solar,4855.847
2026-09-21 17:05:00,pumped,2282.368
2026-09-21 17:10:00,nuclear,28111.493
2026-09-21 17:10:00,bituminous_coal,23159.875
2026-09-21 17:10:00,lng,15682.132
2026-09-21 17:10:00,renewable,4922.033
2026-09-21 17:10:00,hydro,804.47
2026-09-21 17:10:00,oil,212.52
2026-09-21 17:10:00,anthracite,58.629
2026-09-21 17:10:00,solar,4723.131
2026-09-21 17:10:00,pumped,2265.087
2026-09-21 17:15:00,nuclear,28085.53
2026-09-21 17:15:00,bituminous_coal,23051.731
2026-09-21 17:15:00,lng,15632.977
2026-09-21 17:15:00,renewable,4901.989
2026-09-21 17:15:00,hydro,784.39
2026-09-21 17:15:00,oil,224.589
2026-09-21 17:15:00,anthracite,48.035
2026-09-21 17:15:00,solar,4589.357
2026-09-21 17:15:00,pumped,2247.204
2026-09-21 17:20:00,nuclear,27996.748
2026-09-21 17:20:00,bituminous_coal,23034.108
2026-09-21 17:20:00,lng,15606.086
2026-09-21 17:20:00,renewable,4974.993
2026-09-21 17:20:00,hydro,864.473
2026-09-21 17:20:00,oil,261.914
2026-09-21 17:20:00,anthracite,129.078
2026-09-21 17:20:00,solar,4454.588
2026-09-21 17:20:00,pumped,2228.728
2026-09-21 17:25:00,nuclear,27891.583
2026-09-21 17:25:00,bituminous_coal,22964.622
2026-09-21 17:25:00,lng,15627.888
2026-09-21 17:25:00,renewable,4912.558
2026-09-21 17:25:00,hydro,776.328
2026-09-21 17:25:00,oil,204.744
2026-09-21 17:25:00,anthracite,53.969
2026-09-21 17:25:00,solar,4318.889
2026-09-21 17:25:00,pumped,2209.667
2026-09-21 17:30:00,nuclear,27829.346
2026-09-21 17:30:00,bituminous_coal,22932.842
2026-09-21 17:30:00,lng,15525.188
2026-09-21 17:30:00,renewable,4943.48
2026-09-21 17:30:00,hydro,801.293
2026-09-21 17:30:00,oil,270.52
2026-09-21 17:30:00,anthracite,55.052
2026-09-21 17:30:00,solar,4182.324
2026-09-21 17:30:00,pumped,2190.03
2026-09-21 17:35:00,nuclear,27770.573
2026-09-21 17:35:00,bituminous_coal,22872.084
2026-09-21 17:35:00,lng,15503.754
2026-09-21 17:35:00,renewable,4887.129
2026-09-21 17:35:00,hydro,849.343
2026-09-21 17:35:00,oil,229.721
2026-09-21 17:35:00,anthracite,112.752
2026-09-21 17:35:00,solar,4044.958
2026-09-21 17:35:00,pumped,2169.827
2026-09-21 17:40:00,nuclear,27678.858
2026-09-21 17:40:00,bituminous_coal,22830.236
2026-09-21 17:40:00,lng,15453.683
2026-09-21 17:40:00,renewable,4880.933
2026-09-21 17:40:00,hydro,796.309
2026-09-21 17:40:00,oil,233.31
2026-09-21 17:40:00,anthracite,44.748
2026-09-21 17:40:00,solar,3906.857
2026-09-21 17:40:00,pumped,2149.067
2026-09-21 17:45:00,nuclear,27644.213
2026-09-21 17:45:00,bituminous_coal,22709.999
2026-09-21 17:45:00,lng,15446.9
2026-09-21 17:45:00,renewable,4890.479
2026-09-21 17:45:00,hydro,842.24
2026-09-21 17:45:00,oil,232.423
2026-09-21 17:45:00,anthracite,121.693
2026-09-21 17:45:00,solar,3768.087
2026-09-21 17:45:00,pumped,2127.76
2026-09-21 17:50:00,nuclear,27521.371
2026-09-21 17:50:00,bituminous_coal,22711.341
2026-09-21 17:50:00,lng,15387.605
2026-09-21 17:50:00,renewable,4860.217
2026-09-21 17:50:00,hydro,761.246
2026-09-21 17:50:00,oil,213.736
2026-09-21 17:50:00,anthracite,98.366
2026-09-21 17:50:00,solar,3628.713
2026-09-21 17:50:00,pumped,2105.916
2026-09-21 17:55:00,nuclear,27482.471
2026-09-21 17:55:00,bituminous_coal,22654.916
2026-09-21 17:55:00,lng,15388.786
2026-09-21 17:55:00,renewable,4804.339
2026-09-21 17:55:00,hydro,852.309
2026-09-21 17:55:00,oil,273.023
2026-09-21 17:55:00,anthracite,87.104
2026-09-21 17:55:00,solar,3488.802
2026-09-21 17:55:00,pumped,2083.546
2026-09-21 18:00:00,nuclear,27422.699
2026-09-21 18:00:00,bituminous_coal,22542.49
2026-09-21 18:00:00,lng,15342.622
2026-09-21 18:00:00,renewable,4860.572
2026-09-21 18:00:00,hydro,832.011
2026-09-21 18:00:00,oil,232.483
2026-09-21 18:00:00,anthracite,99.518
2026-09-21 18:00:00,solar,3348.42
2026-09-21 18:00:00,pumped,2060.66
2026-09-21 18:05:00,nuclear,27304.922
2026-09-21 18:05:00,bituminous_coal,22488.197
2026-09-21 18:05:00,lng,15239.949
2026-09-21 18:05:00,renewable,4865.748
2026-09-21 18:05:00,hydro,772.269
2026-09-21 18:05:00,oil,264.193
2026-09-21 18:05:00,anthracite,32.17
2026-09-21 18:05:00,solar,3207.635
2026-09-21 18:05:00,pumped,2037.27
2026-09-21 18:10:00,nuclear,27233.324
2026-09-21 18:10:00,bituminous_coal,22442.931
2026-09-21 18:10:00,lng,15245.773
2026-09-21 18:10:00,renewable,4768.577
2026-09-21 18:10:00,hydro,829.985
2026-09-21 18:10:00,oil,284.907
2026-09-21 18:10:00,anthracite,126.345
2026-09-21 18:10:00,solar,3066.512
2026-09-21 18:10:00,pumped,2013.385
2026-09-21 18:15:00,nuclear,27137.558
2026-09-21 18:15:00,bituminous_coal,22410.105
2026-09-21 18:15:00,lng,15166.813
2026-09-21 18:15:00,renewable,4833.747
2026-09-21 18:15:00,hydro,813.996
2026-09-21 18:15:00,oil,240.201
2026-09-21 18:15:00,anthracite,58.265
2026-09-21 18:15:00,solar,2925.12
2026-09-21 18:15:00,pumped,1989.019
2026-09-21 18:20:00,nuclear,27101.037
2026-09-21 18:20:00,bituminous_coal,22342.898
2026-09-21 18:20:00,lng,15153.613
2026-09-21 18:20:00,renewable,4798.801
2026-09-21 18:20:00,hydro,749.723
2026-09-21 18:20:00,oil,196.976
2026-09-21 18:20:00,anthracite,93.655
2026-09-21 18:20:00,solar,2783.526
2026-09-21 18:20:00,pumped,1964.181
2026-09-21 18:25:00,nuclear,26975.478
2026-09-21 18:25:00,bituminous_coal,22197.588
2026-09-21 18:25:00,lng,15037.052
2026-09-21 18:25:00,renewable,4759.969
2026-09-21 18:25:00,hydro,785.127
2026-09-21 18:25:00,oil,227.281
2026-09-21 18:25:00,anthracite,115.283
2026-09-21 18:25:00,solar,2641.797
2026-09-21 18:25:00,pumped,1938.885
2026-09-21 18:30:00,nuclear,26932.383
2026-09-21 18:30:00,bituminous_coal,22161.681
2026-09-21 18:30:00,lng,15053.291
2026-09-21 18:30:00,renewable,4741.752
2026-09-21 18:30:00,hydro,799.777
2026-09-21 18:30:00,oil,222.864
2026-09-21 18:30:00,anthracite,58.445
2026-09-21 18:30:00,solar,2500.0
2026-09-21 18:30:00,pumped,1913.142
2026-09-21 18:35:00,nuclear,26849.174
2026-09-21 18:35:00,bituminous_coal,22062.082
2026-09-21 18:35:00,lng,14998.506
2026-09-21 18:35:00,renewable,4709.708
2026-09-21 18:35:00,hydro,798.29
2026-09-21 18:35:00,oil,274.012
2026-09-21 18:35:00,anthracite,59.442
2026-09-21 18:35:00,solar,2358.203
2026-09-21 18:35:00,pumped,1886.964
2026-09-21 18:40:00,nuclear,26744.33
2026-09-21 18:40:00,bituminous_coal,21980.831
2026-09-21 18:40:00,lng,14978.546
2026-09-21 18:40:00,renewable,4677.193
2026-09-21 18:40:00,hydro,751.33
2026-09-21 18:40:00,oil,210.93
2026-09-21 18:40:00,anthracite,114.082
2026-09-21 18:40:00,solar,2216.474
2026-09-21 18:40:00,pumped,1860.365
2026-09-21 18:45:00,nuclear,26605.334
2026-09-21 18:45:00,bituminous_coal,21982.357
2026-09-21 18:45:00,lng,14876.063
2026-09-21 18:45:00,renewable,4746.814
2026-09-21 18:45:00,hydro,744.376
2026-09-21 18:45:00,oil,229.397
2026-09-21 18:45:00,anthracite,85.006
2026-09-21 18:45:00,solar,2074.88
2026-09-21 18:45:00,pumped,1833.355
2026-09-21 18:50:00,nuclear,26551.609
2026-09-21 18:50:00,bituminous_coal,21889.321
2026-09-21 18:50:00,lng,14843.005
2026-09-21 18:50:00,renewable,4674.336
2026-09-21 18:50:00,hydro,751.299
2026-09-21 18:50:00,oil,224.995
2026-09-21 18:50:00,anthracite,78.495
2026-09-21 18:50:00,solar,1933.488
2026-09-21 18:50:00,pumped,1805.949
2026-09-21 18:55:00,nuclear,26460.98
2026-09-21 18:55:00,bituminous_coal,21803.017
2026-09-21 18:55:00,lng,14737.51
2026-09-21 18:55:00,renewable,4676.222
2026-09-21 18:55:00,hydro,751.787
2026-09-21 18:55:00,oil,210.429
2026-09-21 18:55:00,anthracite,66.225
2026-09-21 18:55:00,solar,1792.365
2026-09-21 18:55:00,pumped,1778.16
2026-09-21 19:00:00,nuclear,26399.828
2026-09-21 19:00:00,bituminous_coal,21745.927
2026-09-21 19:00:00,lng,14719.85
2026-09-21 19:00:00,renewable,4628.676
2026-09-21 19:00:00,hydro,778.021
2026-09-21 19:00:00,oil,225.17
2026-09-21 19:00:00,anthracite,76.309
2026-09-21 19:00:00,solar,1651.58
2026-09-21 19:00:00,pumped,1750.0
2026-09-21 19:05:00,nuclear,26296.801
2026-09-21 19:05:00,bituminous_coal,21659.358
2026-09-21 19:05:00,lng,14719.679
2026-09-21 19:05:00,renewable,4620.487
2026-09-21 19:05:00,hydro,800.458
2026-09-21 19:05:00,oil,229.925
2026-09-21 19:05:00,anthracite,73.221
2026-09-21 19:05:00,solar,1511.198
2026-09-21 19:05:00,pumped,1721.483
2026-09-21 19:10:00,nuclear,26131.887
2026-09-21 19:10:00,bituminous_coal,21560.848
2026-09-21 19:10:00,lng,14580.826
2026-09-21 19:10:00,renewable,4587.33
2026-09-21 19:10:00,hydro,801.83
2026-09-21 19:10:00,oil,228.965
2026-09-21 19:10:00,anthracite,62.626
2026-09-21 19:10:00,solar,1371.287
2026-09-21 19:10:00,pumped,1692.623
2026-09-21 19:15:00,nuclear,26071.197
2026-09-21 19:15:00,bituminous_coal,21495.83
2026-09-21 19:15:00,lng,14570.338
2026-09-21 19:15:00,renewable,4615.342
2026-09-21 19:15:00,hydro,768.295
2026-09-21 19:15:00,oil,241.073
2026-09-21 19:15:00,anthracite,80.285
2026-09-21 19:15:00,solar,1231.913
2026-09-21 19:15:00,pumped,1663.433
2026-09-21 19:20:00,nuclear,25924.843
2026-09-21 19:20:00,bituminous_coal,21349.287
2026-09-21 19:20:00,lng,14527.383
2026-09-21 19:20:00,renewable,4608.714
2026-09-21 19:20:00,hydro,740.57
2026-09-21 19:20:00,oil,229.816
2026-09-21 19:20:00,anthracite,101.424
2026-09-21 19:20:00,solar,1093.143
2026-09-21 19:20:00,pumped,1633.927
2026-09-21 19:25:00,nuclear,25869.852
2026-09-21 19:25:00,bituminous_coal,21308.856
2026-09-21 19:25:00,lng,14497.072
2026-09-21 19:25:00,renewable,4513.21
2026-09-21 19:25:00,hydro,788.243
2026-09-21 19:25:00,oil,223.643
2026-09-21 19:25:00,anthracite,78.62
2026-09-21 19:25:00,solar,955.042
2026-09-21 19:25:00,pumped,1604.12
2026-09-21 19:30:00,nuclear,25794.411
2026-09-21 19:30:00,bituminous_coal,21182.713
2026-09-21 19:30:00,lng,14356.063
2026-09-21 19:30:00,renewable,4532.961
2026-09-21 19:30:00,hydro,783.871
2026-09-21 19:30:00,oil,225.17
2026-09-21 19:30:00,anthracite,110.819
2026-09-21 19:30:00,solar,817.676
2026-09-21 19:30:00,pumped,1574.025
2026-09-21 19:35:00,nuclear,25688.312
2026-09-21 19:35:00,bituminous_coal,21170.722
2026-09-21 19:35:00,lng,14348.68
2026-09-21 19:35:00,renewable,4508.119
2026-09-21 19:35:00,hydro,760.84
2026-09-21 19:35:00,oil,217.022
2026-09-21 19:35:00,anthracite,51.157
2026-09-21 19:35:00,solar,681.111
2026-09-21 19:35:00,pumped,1543.657
2026-09-21 19:40:00,nuclear,25542.804
2026-09-21 19:40:00,bituminous_coal,21007.03
2026-09-21 19:40:00,lng,14242.799
2026-09-21 19:40:00,renewable,4471.961
2026-09-21 19:40:00,hydro,798.13
2026-09-21 19:40:00,oil,231.766
2026-09-21 19:40:00,anthracite,54.833
2026-09-21 19:40:00,solar,545.412
2026-09-21 19:40:00,pumped,1513.03
2026-09-21 19:45:00,nuclear,25430.769
2026-09-21 19:45:00,bituminous_coal,20945.719
2026-09-21 19:45:00,lng,14220.013
2026-09-21 19:45:00,renewable,4450.01
2026-09-21 19:45:00,hydro,731.324
2026-09-21 19:45:00,oil,240.68
2026-09-21 19:45:00,anthracite,98.683
2026-09-21 19:45:00,solar,410.643
2026-09-21 19:45:00,pumped,1482.159
2026-09-21 19:50:00,nuclear,25365.929
2026-09-21 19:50:00,bituminous_coal,20886.026
2026-09-21 19:50:00,lng,14114.906
2026-09-21 19:50:00,renewable,4433.374
2026-09-21 19:50:00,hydro,779.232
2026-09-21 19:50:00,oil,272.172
2026-09-21 19:50:00,anthracite,103.232
2026-09-21 19:50:00,solar,276.869
2026-09-21 19:50:00,pumped,1451.059
2026-09-21 19:55:00,nuclear,25223.022
2026-09-21 19:55:00,bituminous_coal,20780.561
2026-09-21 19:55:00,lng,14124.057
2026-09-21 19:55:00,renewable,4484.262
2026-09-21 19:55:00,hydro,696.514
2026-09-21 19:55:00,oil,208.638
2026-09-21 19:55:00,anthracite,74.271
2026-09-21 19:55:00,solar,144.153
2026-09-21 19:55:00,pumped,1419.744
2026-09-21 20:00:00,nuclear,25127.22
2026-09-21 20:00:00,bituminous_coal,20676.525
2026-09-21 20:00:00,lng,14047.327
2026-09-21 20:00:00,renewable,4453.571
2026-09-21 20:00:00,hydro,785.39
2026-09-21 20:00:00,oil,215.808
2026-09-21 20:00:00,anthracite,25.437
2026-09-21 20:00:00,solar,12.558
2026-09-21 20:00:00,pumped,1388.229
2026-09-21 20:05:00,nuclear,25037.368
2026-09-21 20:05:00,bituminous_coal,20622.201
2026-09-21 20:05:00,lng,14025.572
2026-09-21 20:05:00,renewable,4376.516
2026-09-21 20:05:00,hydro,712.571
2026-09-21 20:05:00,oil,217.062
2026-09-21 20:05:00,anthracite,43.902
2026-09-21 20:05:00,solar,0.0
2026-09-21 20:05:00,pumped,1356.529
2026-09-21 20:10:00,nuclear,24948.192
2026-09-21 20:10:00,bituminous_coal,20508.166
2026-09-21 20:10:00,lng,13892.617
2026-09-21 20:10:00,renewable,4368.502
2026-09-21 20:10:00,hydro,701.965
2026-09-21 20:10:00,oil,227.086
2026-09-21 20:10:00,anthracite,56.834
2026-09-21 20:10:00,solar,0.0
2026-09-21 20:10:00,pumped,1324.659
2026-09-21 20:15:00,nuclear,24809.696
2026-09-21 20:15:00,bituminous_coal,20424.77
2026-09-21 20:15:00,lng,13849.414
2026-09-21 20:15:00,renewable,4420.039
2026-09-21 20:15:00,hydro,749.045
2026-09-21 20:15:00,oil,243.627
2026-09-21 20:15:00,anthracite,115.876
2026-09-21 20:15:00,solar,0.0
2026-09-21 20:15:00,pumped,1292.635
2026-09-21 20:20:00,nuclear,24724.688
2026-09-21 20:20:00,bituminous_coal,20357.266
2026-09-21 20:20:00,lng,13790.053
2026-09-21 20:20:00,renewable,4362.481
2026-09-21 20:20:00,hydro,762.81
2026-09-21 20:20:00,oil,214.99
2026-09-21 20:20:00,anthracite,80.141
2026-09-21 20:20:00,solar,0.0
2026-09-21 20:20:00,pumped,1260.472
2026-09-21 20:25:00,nuclear,24598.788
2026-09-21 20:25:00,bituminous_coal,20203.476
2026-09-21 20:25:00,lng,13689.765
2026-09-21 20:25:00,renewable,4359.375
2026-09-21 20:25:00,hydro,715.556
2026-09-21 20:25:00,oil,254.501
2026-09-21 20:25:00,anthracite,68.918
2026-09-21 20:25:00,solar,0.0
2026-09-21 20:25:00,pumped,1228.185
2026-09-21 20:30:00,nuclear,24433.698
2026-09-21 20:30:00,bituminous_coal,20164.628
2026-09-21 20:30:00,lng,13675.595
2026-09-21 20:30:00,renewable,4324.557
2026-09-21 20:30:00,hydro,695.741
2026-09-21 20:30:00,oil,218.701
2026-09-21 20:30:00,anthracite,49.65
2026-09-21 20:30:00,solar,0.0
2026-09-21 20:30:00,pumped,1195.789
2026-09-21 20:35:00,nuclear,24370.017
2026-09-21 20:35:00,bituminous_coal,20098.1
2026-09-21 20:35:00,lng,13622.499
2026-09-21 20:35:00,renewable,4344.966
2026-09-21 20:35:00,hydro,722.935
2026-09-21 20:35:00,oil,245.537
2026-09-21 20:35:00,anthracite,22.377
2026-09-21 20:35:00,solar,0.0
2026-09-21 20:35:00,pumped,1163.3
2026-09-21 20:40:00,nuclear,24266.632
2026-09-21 20:40:00,bituminous_coal,19969.151
2026-09-21 20:40:00,lng,13543.92
2026-09-21 20:40:00,renewable,4268.843
2026-09-21 20:40:00,hydro,760.802
2026-09-21 20:40:00,oil,231.105
2026-09-21 20:40:00,anthracite,77.102
2026-09-21 20:40:00,solar,0.0
2026-09-21 20:40:00,pumped,1130.734
2026-09-21 20:45:00,nuclear,24112.885
2026-09-21 20:45:00,bituminous_coal,19838.538
2026-09-21 20:45:00,lng,13451.756
2026-09-21 20:45:00,renewable,4225.004
2026-09-21 20:45:00,hydro,661.226
2026-09-21 20:45:00,oil,249.902
2026-09-21 20:45:00,anthracite,71.885
2026-09-21 20:45:00,solar,0.0
2026-09-21 20:45:00,pumped,1098.105
2026-09-21 20:50:00,nuclear,23990.087
2026-09-21 20:50:00,bituminous_coal,19763.878
2026-09-21 20:50:00,lng,13455.133
2026-09-21 20:50:00,renewable,4207.068
2026-09-21 20:50:00,hydro,708.204
2026-09-21 20:50:00,oil,258.224
2026-09-21 20:50:00,anthracite,94.451
2026-09-21 20:50:00,solar,0.0
2026-09-21 20:50:00,pumped,1065.429
2026-09-21 20:55:00,nuclear,23917.202
2026-09-21 20:55:00,bituminous_coal,19729.042
2026-09-21 20:55:00,lng,13346.204
2026-09-21 20:55:00,renewable,4250.125
2026-09-21 20:55:00,hydro,677.623
2026-09-21 20:55:00,oil,243.468
2026-09-21 20:55:00,anthracite,24.121
2026-09-21 20:55:00,solar,0.0
2026-09-21 20:55:00,pumped,1032.722
2026-09-21 21:00:00,nuclear,23757.169
2026-09-21 21:00:00,bituminous_coal,19612.976
2026-09-21 21:00:00,lng,13306.998
2026-09-21 21:00:00,renewable,4203.015
2026-09-21 21:00:00,hydro,712.117
2026-09-21 21:00:00,oil,216.714
2026-09-21 21:00:00,anthracite,47.684
2026-09-21 21:00:00,solar,0.0
2026-09-21 21:00:00,pumped,1000.0
2026-09-21 21:05:00,nuclear,23674.822
2026-09-21 21:05:00,bituminous_coal,19472.654
2026-09-21 21:05:00,lng,13273.131
2026-09-21 21:05:00,renewable,4190.28
2026-09-21 21:05:00,hydro,660.018
2026-09-21 21:05:00,oil,166.9
2026-09-21 21:05:00,anthracite,32.408
2026-09-21 21:05:00,solar,0.0
2026-09-21 21:05:00,pumped,967.278
2026-09-21 21:10:00,nuclear,23549.753
2026-09-21 21:10:00,bituminous_coal,19377.107
2026-09-21 21:10:00,lng,13190.137
2026-09-21 21:10:00,renewable,4151.316
2026-09-21 21:10:00,hydro,650.621
2026-09-21 21:10:00,oil,193.515
2026-09-21 21:10:00,anthracite,31.689
2026-09-21 21:10:00,solar,0.0
2026-09-21 21:10:00,pumped,934.571
2026-09-21 21:15:00,nuclear,23461.781
2026-09-21 21:15:00,bituminous_coal,19306.281
2026-09-21 21:15:00,lng,13135.793
2026-09-21 21:15:00,renewable,4107.236
2026-09-21 21:15:00,hydro,683.74
2026-09-21 21:15:00,oil,190.655
2026-09-21 21:15:00,anthracite,47.064
2026-09-21 21:15:00,solar,0.0
2026-09-21 21:15:00,pumped,901.895
2026-09-21 21:20:00,nuclear,23370.022
2026-09-21 21:20:00,bituminous_coal,19214.927
2026-09-21 21:20:00,lng,13078.321
2026-09-21 21:20:00,renewable,4072.604
2026-09-21 21:20:00,hydro,714.778
2026-09-21 21:20:00,oil,170.186
2026-09-21 21:20:00,anthracite,87.445
2026-09-21 21:20:00,solar,0.0
2026-09-21 21:20:00,pumped,869.266
2026-09-21 21:25:00,nuclear,23230.56
2026-09-21 21:25:00,bituminous_coal,19099.566
2026-09-21 21:25:00,lng,13027.597
2026-09-21 21:25:00,renewable,4061.319
2026-09-21 21:25:00,hydro,669.402
2026-09-21 21:25:00,oil,187.461
2026-09-21 21:25:00,anthracite,106.832
2026-09-21 21:25:00,solar,0.0
2026-09-21 21:25:00,pumped,836.7
2026-09-21 21:30:00,nuclear,23116.503
2026-09-21 21:30:00,bituminous_coal,19100.08
2026-09-21 21:30:00,lng,12975.585
2026-09-21 21:30:00,renewable,4089.097
2026-09-21 21:30:00,hydro,702.979
2026-09-21 21:30:00,oil,187.346
2026-09-21 21:30:00,anthracite,40.376
2026-09-21 21:30:00,solar,0.0
2026-09-21 21:30:00,pumped,804.211
2026-09-21 21:35:00,nuclear,23058.545
2026-09-21 21:35:00,bituminous_coal,18926.184
2026-09-21 21:35:00,lng,12885.723
2026-09-21 21:35:00,renewable,4038.846
2026-09-21 21:35:00,hydro,684.585
2026-09-21 21:35:00,oil,161.12
2026-09-21 21:35:00,anthracite,26.932
2026-09-21 21:35:00,solar,0.0
2026-09-21 21:35:00,pumped,771.815
2026-09-21 21:40:00,nuclear,22922.588
2026-09-21 21:40:00,bituminous_coal,18836.479
2026-09-21 21:40:00,lng,12833.427
2026-09-21 21:40:00,renewable,4040.931
2026-09-21 21:40:00,hydro,722.894
2026-09-21 21:40:00,oil,212.218
2026-09-21 21:40:00,anthracite,23.205
2026-09-21 21:40:00,solar,0.0
2026-09-21 21:40:00,pumped,739.528
2026-09-21 21:45:00,nuclear,22765.569
2026-09-21 21:45:00,bituminous_coal,18787.276
2026-09-21 21:45:00,lng,12729.144
2026-09-21 21:45:00,renewable,3995.768
2026-09-21 21:45:00,hydro,648.191
2026-09-21 21:45:00,oil,161.607
2026-09-21 21:45:00,anthracite,25.435
2026-09-21 21:45:00,solar,0.0
2026-09-21 21:45:00,pumped,707.365
2026-09-21 21:50:00,nuclear,22681.041
2026-09-21 21:50:00,bituminous_coal,18653.076
2026-09-21 21:50:00,lng,12697.831
2026-09-21 21:50:00,renewable,3964.358
2026-09-21 21:50:00,hydro,698.326
2026-09-21 21:50:00,oil,153.365
2026-09-21 21:50:00,anthracite,27.144
2026-09-21 21:50:00,solar,0.0
2026-09-21 21:50:00,pumped,675.341
2026-09-21 21:55:00,nuclear,22587.598
2026-09-21 21:55:00,bituminous_coal,18605.48
2026-09-21 21:55:00,lng,12640.259
2026-09-21 21:55:00,renewable,4000.682
2026-09-21 21:55:00,hydro,671.697
2026-09-21 21:55:00,oil,219.577
2026-09-21 21:55:00,anthracite,29.023
2026-09-21 21:55:00,solar,0.0
2026-09-21 21:55:00,pumped,643.471
2026-09-21 22:00:00,nuclear,22434.759
2026-09-21 22:00:00,bituminous_coal,18544.209
2026-09-21 22:00:00,lng,12537.842
2026-09-21 22:00:00,renewable,4004.739
2026-09-21 22:00:00,hydro,663.857
2026-09-21 22:00:00,oil,199.865
2026-09-21 22:00:00,anthracite,101.681
2026-09-21 22:00:00,solar,0.0
2026-09-21 22:00:00,pumped,611.771
2026-09-21 22:05:00,nuclear,22413.205
2026-09-21 22:05:00,bituminous_coal,18450.357
2026-09-21 22:05:00,lng,12482.307
2026-09-21 22:05:00,renewable,3967.594
2026-09-21 22:05:00,hydro,656.434
2026-09-21 22:05:00,oil,189.223
2026-09-21 22:05:00,anthracite,106.456
2026-09-21 22:05:00,solar,0.0
2026-09-21 22:05:00,pumped,580.256
2026-09-21 22:10:00,nuclear,22237.066
2026-09-21 22:10:00,bituminous_coal,18385.103
2026-09-21 22:10:00,lng,12430.311
2026-09-21 22:10:00,renewable,3947.754
2026-09-21 22:10:00,hydro,617.317
2026-09-21 22:10:00,oil,205.351
2026-09-21 22:10:00,anthracite,107.986
2026-09-21 22:10:00,solar,0.0
2026-09-21 22:10:00,pumped,548.941
2026-09-21 22:15:00,nuclear,22208.123
2026-09-21 22:15:00,bituminous_coal,18216.61
2026-09-21 22:15:00,lng,12408.289
2026-09-21 22:15:00,renewable,3895.168
2026-09-21 22:15:00,hydro,656.546
2026-09-21 22:15:00,oil,176.633
2026-09-21 22:15:00,anthracite,109.423
2026-09-21 22:15:00,solar,0.0
2026-09-21 22:15:00,pumped,517.841
2026-09-21 22:20:00,nuclear,22093.684
2026-09-21 22:20:00,bituminous_coal,18192.014
2026-09-21 22:20:00,lng,12290.733
2026-09-21 22:20:00,renewable,3883.063
2026-09-21 22:20:00,hydro,659.19
2026-09-21 22:20:00,oil,234.636
2026-09-21 22:20:00,anthracite,31.141
2026-09-21 22:20:00,solar,0.0
2026-09-21 22:20:00,pumped,486.97
2026-09-21 22:25:00,nuclear,21912.982
2026-09-21 22:25:00,bituminous_coal,18122.887
2026-09-21 22:25:00,lng,12280.415
2026-09-21 22:25:00,renewable,3876.957
2026-09-21 22:25:00,hydro,659.441
2026-09-21 22:25:00,oil,236.539
2026-09-21 22:25:00,anthracite,78.048
2026-09-21 22:25:00,solar,0.0
2026-09-21 22:25:00,pumped,456.343
2026-09-21 22:30:00,nuclear,21868.065
2026-09-21 22:30:00,bituminous_coal,17972.119
2026-09-21 22:30:00,lng,12181.04
2026-09-21 22:30:00,renewable,3897.984
2026-09-21 22:30:00,hydro,652.432
2026-09-21 22:30:00,oil,235.0
2026-09-21 22:30:00,anthracite,97.815
2026-09-21 22:30:00,solar,0.0
2026-09-21 22:30:00,pumped,425.975
2026-09-21 22:35:00,nuclear,21718.479
2026-09-21 22:35:00,bituminous_coal,17930.268
2026-09-21 22:35:00,lng,12166.172
2026-09-21 22:35:00,renewable,3831.835
2026-09-21 22:35:00,hydro,643.807
2026-09-21 22:35:00,oil,218.72
2026-09-21 22:35:00,anthracite,14.092
2026-09-21 22:35:00,solar,0.0
2026-09-21 22:35:00,pumped,395.88
2026-09-21 22:40:00,nuclear,21693.747
2026-09-21 22:40:00,bituminous_coal,17796.14
2026-09-21 22:40:00,lng,12082.581
2026-09-21 22:40:00,renewable,3783.551
2026-09-21 22:40:00,hydro,663.828
2026-09-21 22:40:00,oil,220.072
2026-09-21 22:40:00,anthracite,75.826
2026-09-21 22:40:00,solar,0.0
2026-09-21 22:40:00,pumped,366.073
2026-09-21 22:45:00,nuclear,21544.15
2026-09-21 22:45:00,bituminous_coal,17728.073
2026-09-21 22:45:00,lng,12070.691
2026-09-21 22:45:00,renewable,3759.2
2026-09-21 22:45:00,hydro,618.506
2026-09-21 22:45:00,oil,161.938
2026-09-21 22:45:00,anthracite,67.532
2026-09-21 22:45:00,solar,0.0
2026-09-21 22:45:00,pumped,336.567
2026-09-21 22:50:00,nuclear,21441.726
2026-09-21 22:50:00,bituminous_coal,17664.478
2026-09-21 22:50:00,lng,11988.295
2026-09-21 22:50:00,renewable,3811.541
2026-09-21 22:50:00,hydro,642.878
2026-09-21 22:50:00,oil,157.439
2026-09-21 22:50:00,anthracite,37.273
2026-09-21 22:50:00,solar,0.0
2026-09-21 22:50:00,pumped,307.377
2026-09-21 22:55:00,nuclear,21352.984
2026-09-21 22:55:00,bituminous_coal,17618.833
2026-09-21 22:55:00,lng,11889.398
2026-09-21 22:55:00,renewable,3750.179
2026-09-21 22:55:00,hydro,640.04
2026-09-21 22:55:00,oil,193.292
2026-09-21 22:55:00,anthracite,19.649
2026-09-21 22:55:00,solar,0.0
2026-09-21 22:55:00,pumped,278.517
2026-09-21 23:00:00,nuclear,21270.72
2026-09-21 23:00:00,bituminous_coal,17516.719
2026-09-21 23:00:00,lng,11915.431
2026-09-21 23:00:00,renewable,3751.652
2026-09-21 23:00:00,hydro,646.496
2026-09-21 23:00:00,oil,173.531
2026-09-21 23:00:00,anthracite,40.093
2026-09-21 23:00:00,solar,0.0
2026-09-21 23:00:00,pumped,250.0
2026-09-21 23:05:00,nuclear,21185.356
2026-09-21 23:05:00,bituminous_coal,17395.816
2026-09-21 23:05:00,lng,11836.757
2026-09-21 23:05:00,renewable,3710.717
2026-09-21 23:05:00,hydro,575.342
2026-09-21 23:05:00,oil,161.388
2026-09-21 23:05:00,anthracite,37.917
2026-09-21 23:05:00,solar,0.0
2026-09-21 23:05:00,pumped,221.84
2026-09-21 23:10:00,nuclear,21091.489
2026-09-21 23:10:00,bituminous_coal,17360.718
2026-09-21 23:10:00,lng,11780.892
2026-09-21 23:10:00,renewable,3719.671
2026-09-21 23:10:00,hydro,649.05
2026-09-21 23:10:00,oil,155.885
2026-09-21 23:10:00,anthracite,109.203
2026-09-21 23:10:00,solar,0.0
2026-09-21 23:10:00,pumped,194.051
2026-09-21 23:15:00,nuclear,21007.771
2026-09-21 23:15:00,bituminous_coal,17237.636
2026-09-21 23:15:00,lng,11747.67
2026-09-21 23:15:00,renewable,3722.244
2026-09-21 23:15:00,hydro,574.293
2026-09-21 23:15:00,oil,229.589
2026-09-21 23:15:00,anthracite,101.529
2026-09-21 23:15:00,solar,0.0
2026-09-21 23:15:00,pumped,166.645
2026-09-21 23:20:00,nuclear,20896.522
2026-09-21 23:20:00,bituminous_coal,17183.109
2026-09-21 23:20:00,lng,11709.968
2026-09-21 23:20:00,renewable,3651.09
2026-09-21 23:20:00,hydro,590.404
2026-09-21 23:20:00,oil,226.951
2026-09-21 23:20:00,anthracite,43.501
2026-09-21 23:20:00,solar,0.0
2026-09-21 23:20:00,pumped,139.635
2026-09-21 23:25:00,nuclear,20832.676
2026-09-21 23:25:00,bituminous_coal,17139.782
2026-09-21 23:25:00,lng,11622.785
2026-09-21 23:25:00,renewable,3618.549
2026-09-21 23:25:00,hydro,588.005
2026-09-21 23:25:00,oil,133.84
2026-09-21 23:25:00,anthracite,68.908
2026-09-21 23:25:00,solar,0.0
2026-09-21 23:25:00,pumped,113.036
2026-09-21 23:30:00,nuclear,20662.032
2026-09-21 23:30:00,bituminous_coal,16996.406
2026-09-21 23:30:00,lng,11578.541
2026-09-21 23:30:00,renewable,3650.665
2026-09-21 23:30:00,hydro,569.054
2026-09-21 23:30:00,oil,186.348
2026-09-21 23:30:00,anthracite,68.167
2026-09-21 23:30:00,solar,0.0
2026-09-21 23:30:00,pumped,86.858
2026-09-21 23:35:00,nuclear,20604.466
2026-09-21 23:35:00,bituminous_coal,16992.363
2026-09-21 23:35:00,lng,11469.707
2026-09-21 23:35:00,renewable,3661.408
2026-09-21 23:35:00,hydro,561.934
2026-09-21 23:35:00,oil,155.763
2026-09-21 23:35:00,anthracite,95.149
2026-09-21 23:35:00,solar,0.0
2026-09-21 23:35:00,pumped,61.115
2026-09-21 23:40:00,nuclear,20473.136
2026-09-21 23:40:00,bituminous_coal,16892.324
2026-09-21 23:40:00,lng,11500.011
2026-09-21 23:40:00,renewable,3598.864
2026-09-21 23:40:00,hydro,615.671
2026-09-21 23:40:00,oil,173.721
2026-09-21 23:40:00,anthracite,102.386
2026-09-21 23:40:00,solar,0.0
2026-09-21 23:40:00,pumped,35.819
2026-09-21 23:45:00,nuclear,20399.745
2026-09-21 23:45:00,bituminous_coal,16811.457
2026-09-21 23:45:00,lng,11384.046
2026-09-21 23:45:00,renewable,3611.783
2026-09-21 23:45:00,hydro,583.038
2026-09-21 23:45:00,oil,171.355
2026-09-21 23:45:00,anthracite,56.701
2026-09-21 23:45:00,solar,0.0
2026-09-21 23:45:00,pumped,10.981
2026-09-21 23:50:00,nuclear,20328.103
2026-09-21 23:50:00,bituminous_coal,16801.684
2026-09-21 23:50:00,lng,11411.194
2026-09-21 23:50:00,renewable,3626.253
2026-09-21 23:50:00,hydro,624.072
2026-09-21 23:50:00,oil,203.213
2026-09-21 23:50:00,anthracite,104.928
2026-09-21 23:50:00,solar,0.0
2026-09-21 23:50:00,pumped,0.0
2026-09-21 23:55:00,nuclear,20285.23
2026-09-21 23:55:00,bituminous_coal,16659.041
2026-09-21 23:55:00,lng,11281.354
2026-09-21 23:55:00,renewable,3528.05
2026-09-21 23:55:00,hydro,596.258
2026-09-21 23:55:00,oil,152.199
2026-09-21 23:55:00,anthracite,10.904
2026-09-21 23:55:00,solar,0.0
2026-09-21 23:55:00,pumped,0.0
2026-09-22 00:00:00,nuclear,20237.445
2026-09-22 00:00:00,bituminous_coal,16622.796
2026-09-22 00:00:00,lng,11272.46
2026-09-22 00:00:00,renewable,3578.06
2026-09-22 00:00:00,hydro,562.886
2026-09-22 00:00:00,oil,129.0
2026-09-22 00:00:00,anthracite,73.88
2026-09-22 00:00:00,solar,0.0
2026-09-22 00:00:00,pumped,0.0
2026-09-22 00:05:00,nuclear,20150.774
2026-09-22 00:05:00,bituminous_coal,16564.489
2026-09-22 00:05:00,lng,11244.994
2026-09-22 00:05:00,renewable,3540.655
2026-09-22 00:05:00,hydro,565.705
2026-09-22 00:05:00,oil,143.777
2026-09-22 00:05:00,anthracite,109.153
2026-09-22 00:05:00,solar,0.0
2026-09-22 00:05:00,pumped,0.0
2026-09-22 00:10:00,nuclear,19993.565
2026-09-22 00:10:00,bituminous_coal,16508.868
2026-09-22 00:10:00,lng,11176.27
2026-09-22 00:10:00,renewable,3524.445
2026-09-22 00:10:00,hydro,597.167
2026-09-22 00:10:00,oil,223.706
2026-09-22 00:10:00,anthracite,50.996
2026-09-22 00:10:00,solar,0.0
2026-09-22 00:10:00,pumped,0.0
2026-09-22 00:15:00,nuclear,19974.068
2026-09-22 00:15:00,bituminous_coal,16482.444
2026-09-22 00:15:00,lng,11135.925
2026-09-22 00:15:00,renewable,3475.697
2026-09-22 00:15:00,hydro,542.498
2026-09-22 00:15:00,oil,172.105
2026-09-22 00:15:00,anthracite,32.092
2026-09-22 00:15:00,solar,0.0
2026-09-22 00:15:00,pumped,0.0
2026-09-22 00:20:00,nuclear,19852.485
2026-09-22 00:20:00,bituminous_coal,16399.698
2026-09-22 00:20:00,lng,11146.408
2026-09-22 00:20:00,renewable,3461.056
2026-09-22 00:20:00,hydro,577.842
2026-09-22 00:20:00,oil,142.949
2026-09-22 00:20:00,anthracite,87.361
2026-09-22 00:20:00,solar,0.0
2026-09-22 00:20:00,pumped,0.0
2026-09-22 00:25:00,nuclear,19818.173
2026-09-22 00:25:00,bituminous_coal,16313.248
2026-09-22 00:25:00,lng,11036.823
2026-09-22 00:25:00,renewable,3483.234
2026-09-22 00:25:00,hydro,621.485
2026-09-22 00:25:00,oil,140.103
2026-09-22 00:25:00,anthracite,96.991
2026-09-22 00:25:00,solar,0.0
2026-09-22 00:25:00,pumped,0.0
2026-09-22 00:30:00,nuclear,19726.631
2026-09-22 00:30:00,bituminous_coal,16305.151
2026-09-22 00:30:00,lng,11051.834
2026-09-22 00:30:00,renewable,3498.616
2026-09-22 00:30:00,hydro,595.498
2026-09-22 00:30:00,oil,126.66
2026-09-22 00:30:00,anthracite,55.731
2026-09-22 00:30:00,solar,0.0
2026-09-22 00:30:00,pumped,0.0
2026-09-22 00:35:00,nuclear,19675.032
2026-09-22 00:35:00,bituminous_coal,16261.789
2026-09-22 00:35:00,lng,10957.893
2026-09-22 00:35:00,renewable,3444.008
2026-09-22 00:35:00,hydro,567.503
2026-09-22 00:35:00,oil,139.173
2026-09-22 00:35:00,anthracite,9.738
2026-09-22 00:35:00,solar,0.0
2026-09-22 00:35:00,pumped,0.0
2026-09-22 00:40:00,nuclear,19598.023
2026-09-22 00:40:00,bituminous_coal,16198.634
2026-09-22 00:40:00,lng,10970.231
2026-09-22 00:40:00,renewable,3469.493
2026-09-22 00:40:00,hydro,608.684
2026-09-22 00:40:00,oil,141.421
2026-09-22 00:40:00,anthracite,32.82
2026-09-22 00:40:00,solar,0.0
2026-09-22 00:40:00,pumped,0.0
2026-09-22 00:45:00,nuclear,19546.8
2026-09-22 00:45:00,bituminous_coal,16063.63
2026-09-22 00:45:00,lng,10964.27
2026-09-22 00:45:00,renewable,3496.677
2026-09-22 00:45:00,hydro,531.666
2026-09-22 00:45:00,oil,134.906
2026-09-22 00:45:00,anthracite,77.541
2026-09-22 00:45:00,solar,0.0
2026-09-22 00:45:00,pumped,0.0
2026-09-22 00:50:00,nuclear,19546.726
2026-09-22 00:50:00,bituminous_coal,16078.698
2026-09-22 00:50:00,lng,10912.342
2026-09-22 00:50:00,renewable,3404.87
2026-09-22 00:50:00,hydro,577.71
2026-09-22 00:50:00,oil,124.087
2026-09-22 00:50:00,anthracite,17.661
2026-09-22 00:50:00,solar,0.0
2026-09-22 00:50:00,pumped,0.0
2026-09-22 00:55:00,nuclear,19484.085
2026-09-22 00:55:00,bituminous_coal,16000.114
2026-09-22 00:55:00,lng,10854.304
2026-09-22 00:55:00,renewable,3469.25
2026-09-22 00:55:00,hydro,619.53
2026-09-22 00:55:00,oil,122.636
2026-09-22 00:55:00,anthracite,78.897
2026-09-22 00:55:00,solar,0.0
2026-09-22 00:55:00,pumped,0.0
2026-09-22 01:00:00,nuclear,19369.569
2026-09-22 01:00:00,bituminous_coal,15930.726
2026-09-22 01:00:00,lng,10852.977
2026-09-22 01:00:00,renewable,3407.266
2026-09-22 01:00:00,hydro,551.984
2026-09-22 01:00:00,oil,147.757
2026-09-22 01:00:00,anthracite,29.49
2026-09-22 01:00:00,solar,0.0
2026-09-22 01:00:00,pumped,-1200.0
2026-09-22 01:05:00,nuclear,19321.439
2026-09-22 01:05:00,bituminous_coal,15909.035
2026-09-22 01:05:00,lng,10764.091
2026-09-22 01:05:00,renewable,3386.231
2026-09-22 01:05:00,hydro,613.812
2026-09-22 01:05:00,oil,182.347
2026-09-22 01:05:00,anthracite,66.912
2026-09-22 01:05:00,solar,0.0
2026-09-22 01:05:00,pumped,-1200.0
2026-09-22 01:10:00,nuclear,19233.952
2026-09-22 01:10:00,bituminous_coal,15853.07
2026-09-22 01:10:00,lng,10815.696
2026-09-22 01:10:00,renewable,3406.687
2026-09-22 01:10:00,hydro,589.242
2026-09-22 01:10:00,oil,218.087
2026-09-22 01:10:00,anthracite,83.373
2026-09-22 01:10:00,solar,0.0
2026-09-22 01:10:00,pumped,-1200.0
2026-09-22 01:15:00,nuclear,19223.19
2026-09-22 01:15:00,bituminous_coal,15858.363
2026-09-22 01:15:00,lng,10767.15
2026-09-22 01:15:00,renewable,3441.895
2026-09-22 01:15:00,hydro,606.991
2026-09-22 01:15:00,oil,189.92
2026-09-22 01:15:00,anthracite,87.605
2026-09-22 01:15:00,solar,0.0
2026-09-22 01:15:00,pumped,-1200.0
2026-09-22 01:20:00,nuclear,19151.155
2026-09-22 01:20:00,bituminous_coal,15756.643
2026-09-22 01:20:00,lng,10683.479
2026-09-22 01:20:00,renewable,3393.373
2026-09-22 01:20:00,hydro,605.004
2026-09-22 01:20:00,oil,129.561
2026-09-22 01:20:00,anthracite,103.626
2026-09-22 01:20:00,solar,0.0
2026-09-22 01:20:00,pumped,-1200.0
2026-09-22 01:25:00,nuclear,19096.116
2026-09-22 01:25:00,bituminous_coal,15732.733
2026-09-22 01:25:00,lng,10727.894
2026-09-22 01:25:00,renewable,3368.353
2026-09-22 01:25:00,hydro,519.849
2026-09-22 01:25:00,oil,155.273
2026-09-22 01:25:00,anthracite,25.95
2026-09-22 01:25:00,solar,0.0
2026-09-22 01:25:00,pumped,-1200.0
2026-09-22 01:30:00,nuclear,19104.227
2026-09-22 01:30:00,bituminous_coal,15706.951
2026-09-22 01:30:00,lng,10667.991
2026-09-22 01:30:00,renewable,3324.372
2026-09-22 01:30:00,hydro,581.987
2026-09-22 01:30:00,oil,127.251
2026-09-22 01:30:00,anthracite,102.682
2026-09-22 01:30:00,solar,0.0
2026-09-22 01:30:00,pumped,-1200.0
2026-09-22 01:35:00,nuclear,19071.422
2026-09-22 01:35:00,bituminous_coal,15638.18
2026-09-22 01:35:00,lng,10638.045
2026-09-22 01:35:00,renewable,3326.123
2026-09-22 01:35:00,hydro,549.383
2026-09-22 01:35:00,oil,183.105
2026-09-22 01:35:00,anthracite,67.896
2026-09-22 01:35:00,solar,0.0
2026-09-22 01:35:00,pumped,-1200.0
2026-09-22 01:40:00,nuclear,19039.35
2026-09-22 01:40:00,bituminous_coal,15618.286
2026-09-22 01:40:00,lng,10606.821
2026-09-22 01:40:00,renewable,3321.582
2026-09-22 01:40:00,hydro,513.079
2026-09-22 01:40:00,oil,118.305
2026-09-22 01:40:00,anthracite,33.429
2026-09-22 01:40:00,solar,0.0
2026-09-22 01:40:00,pumped,-1200.0
2026-09-22 01:45:00,nuclear,18951.529
2026-09-22 01:45:00,bituminous_coal,15629.525
2026-09-22 01:45:00,lng,10603.334
2026-09-22 01:45:00,renewable,3304.396
2026-09-22 01:45:00,hydro,582.673
2026-09-22 01:45:00,oil,160.859
2026-09-22 01:45:00,anthracite,84.73
2026-09-22 01:45:00,solar,0.0
2026-09-22 01:45:00,pumped,-1200.0
2026-09-22 01:50:00,nuclear,18918.437
2026-09-22 01:50:00,bituminous_coal,15576.549
2026-09-22 01:50:00,lng,10609.168
2026-09-22 01:50:00,renewable,3338.488
2026-09-22 01:50:00,hydro,585.659
2026-09-22 01:50:00,oil,185.607
2026-09-22 01:50:00,anthracite,59.359
2026-09-22 01:50:00,solar,0.0
2026-09-22 01:50:00,pumped,-1200.0
2026-09-22 01:55:00,nuclear,18936.65
2026-09-22 01:55:00,bituminous_coal,15555.853
2026-09-22 01:55:00,lng,10556.246
2026-09-22 01:55:00,renewable,3288.167
2026-09-22 01:55:00,hydro,517.475
2026-09-22 01:55:00,oil,196.075
2026-09-22 01:55:00,anthracite,24.282
2026-09-22 01:55:00,solar,0.0
2026-09-22 01:55:00,pumped,-1200.0
2026-09-22 02:00:00,nuclear,18843.279
2026-09-22 02:00:00,bituminous_coal,15588.586
2026-09-22 02:00:00,lng,10525.453
2026-09-22 02:00:00,renewable,3374.841
2026-09-22 02:00:00,hydro,522.421
2026-09-22 02:00:00,oil,120.115
2026-09-22 02:00:00,anthracite,74.832
2026-09-22 02:00:00,solar,0.0
2026-09-22 02:00:00,pumped,-1200.0
2026-09-22 02:05:00,nuclear,18856.102
2026-09-22 02:05:00,bituminous_coal,15522.643
2026-09-22 02:05:00,lng,10485.325
2026-09-22 02:05:00,renewable,3342.119
2026-09-22 02:05:00,hydro,558.806
2026-09-22 02:05:00,oil,199.12
2026-09-22 02:05:00,anthracite,24.652
2026-09-22 02:05:00,solar,0.0
2026-09-22 02:05:00,pumped,-1200.0
2026-09-22 02:10:00,nuclear,18798.198
2026-09-22 02:10:00,bituminous_coal,15455.474
2026-09-22 02:10:00,lng,10520.511
2026-09-22 02:10:00,renewable,3287.622
2026-09-22 02:10:00,hydro,566.712
2026-09-22 02:10:00,oil,159.123
2026-09-22 02:10:00,anthracite,99.527
2026-09-22 02:10:00,solar,0.0
2026-09-22 02:10:00,pumped,-1200.0
2026-09-22 02:15:00,nuclear,18820.608
2026-09-22 02:15:00,bituminous_coal,15463.923
2026-09-22 02:15:00,lng,10510.356
2026-09-22 02:15:00,renewable,3328.571
2026-09-22 02:15:00,hydro,555.498
2026-09-22 02:15:00,oil,193.096
2026-09-22 02:15:00,anthracite,84.771
2026-09-22 02:15:00,solar,0.0
2026-09-22 02:15:00,pumped,-1200.0
2026-09-22 02:20:00,nuclear,18750.181
2026-09-22 02:20:00,bituminous_coal,15445.753
2026-09-22 02:20:00,lng,10518.726
2026-09-22 02:20:00,renewable,3295.294
2026-09-22 02:20:00,hydro,507.767
2026-09-22 02:20:00,oil,160.627
2026-09-22 02:20:00,anthracite,18.028
2026-09-22 02:20:00,solar,0.0
2026-09-22 02:20:00,pumped,-1200.0
2026-09-22 02:25:00,nuclear,18806.113
2026-09-22 02:25:00,bituminous_coal,15413.58
2026-09-22 02:25:00,lng,10488.8
2026-09-22 02:25:00,renewable,3283.836
2026-09-22 02:25:00,hydro,519.804
2026-09-22 02:25:00,oil,183.393
2026-09-22 02:25:00,anthracite,93.518
2026-09-22 02:25:00,solar,0.0
2026-09-22 02:25:00,pumped,-1200.0
2026-09-22 02:30:00,nuclear,18716.64
2026-09-22 02:30:00,bituminous_coal,15458.076
2026-09-22 02:30:00,lng,10468.815
2026-09-22 02:30:00,renewable,3328.303
2026-09-22 02:30:00,hydro,549.122
2026-09-22 02:30:00,oil,177.948
2026-09-22 02:30:00,anthracite,28.475
2026-09-22 02:30:00,solar,0.0
2026-09-22 02:30:00,pumped,-1200.0
2026-09-22 02:35:00,nuclear,18717.313
2026-09-22 02:35:00,bituminous_coal,15401.957
2026-09-22 02:35:00,lng,10420.924
2026-09-22 02:35:00,renewable,3345.989
2026-09-22 02:35:00,hydro,585.546
2026-09-22 02:35:00,oil,175.686
2026-09-22 02:35:00,anthracite,90.097
2026-09-22 02:35:00,solar,0.0
2026-09-22 02:35:00,pumped,-1200.0
2026-09-22 02:40:00,nuclear,18688.19
2026-09-22 02:40:00,bituminous_coal,15460.065
2026-09-22 02:40:00,lng,10472.018
2026-09-22 02:40:00,renewable,3282.189
2026-09-22 02:40:00,hydro,558.418
2026-09-22 02:40:00,oil,137.184
2026-09-22 02:40:00,anthracite,31.297
2026-09-22 02:40:00,solar,0.0
2026-09-22 02:40:00,pumped,-1200.0
2026-09-22 02:45:00,nuclear,18696.383
2026-09-22 02:45:00,bituminous_coal,15427.401
2026-09-22 02:45:00,lng,10480.799
2026-09-22 02:45:00,renewable,3317.454
2026-09-22 02:45:00,hydro,574.617
2026-09-22 02:45:00,oil,122.744
2026-09-22 02:45:00,anthracite,67.438
2026-09-22 02:45:00,solar,0.0
2026-09-22 02:45:00,pumped,-1200.0
2026-09-22 02:50:00,nuclear,18673.224
2026-09-22 02:50:00,bituminous_coal,15410.941
2026-09-22 02:50:00,lng,10496.84
2026-09-22 02:50:00,renewable,3295.094
2026-09-22 02:50:00,hydro,525.564
2026-09-22 02:50:00,oil,124.005
2026-09-22 02:50:00,anthracite,6.6
2026-09-22 02:50:00,solar,0.0
2026-09-22 02:50:00,pumped,-1200.0
2026-09-22 02:55:00,nuclear,18674.389
2026-09-22 02:55:00,bituminous_coal,15420.947
2026-09-22 02:55:00,lng,10453.09
2026-09-22 02:55:00,renewable,3261.837
2026-09-22 02:55:00,hydro,552.184
2026-09-22 02:55:00,oil,138.049
2026-09-22 02:55:00,anthracite,46.581
2026-09-22 02:55:00,solar,0.0
2026-09-22 02:55:00,pumped,-1200.0
2026-09-22 03:00:00,nuclear,18657.192
2026-09-22 03:00:00,bituminous_coal,15436.424
2026-09-22 03:00:00,lng,10437.214
2026-09-22 03:00:00,renewable,3342.239
2026-09-22 03:00:00,hydro,547.262
2026-09-22 03:00:00,oil,179.01
2026-09-22 03:00:00,anthracite,55.264
2026-09-22 03:00:00,solar,0.0
2026-09-22 03:00:00,pumped,-1200.0
2026-09-22 03:05:00,nuclear,18709.179
2026-09-22 03:05:00,bituminous_coal,15405.808
2026-09-22 03:05:00,lng,10455.861
2026-09-22 03:05:00,renewable,3285.202
2026-09-22 03:05:00,hydro,521.529
2026-09-22 03:05:00,oil,136.25
2026-09-22 03:05:00,anthracite,99.275
2026-09-22 03:05:00,solar,0.0
2026-09-22 03:05:00,pumped,-1200.0
2026-09-22 03:10:00,nuclear,18656.225
2026-09-22 03:10:00,bituminous_coal,15431.671
2026-09-22 03:10:00,lng,10425.602
2026-09-22 03:10:00,renewable,3291.806
2026-09-22 03:10:00,hydro,516.88
2026-09-22 03:10:00,oil,183.669
2026-09-22 03:10:00,anthracite,42.35
2026-09-22 03:10:00,solar,0.0
2026-09-22 03:10:00,pumped,-1200.0
2026-09-22 03:15:00,nuclear,18727.635
2026-09-22 03:15:00,bituminous_coal,15451.724
2026-09-22 03:15:00,lng,10477.416
2026-09-22 03:15:00,renewable,3292.437
2026-09-22 03:15:00,hydro,510.618
2026-09-22 03:15:00,oil,183.379
2026-09-22 03:15:00,anthracite,23.559
2026-09-22 03:15:00,solar,0.0
2026-09-22 03:15:00,pumped,-1200.0
2026-09-22 03:20:00,nuclear,18754.161
2026-09-22 03:20:00,bituminous_coal,15456.397
2026-09-22 03:20:00,lng,10411.705
2026-09-22 03:20:00,renewable,3276.659
2026-09-22 03:20:00,hydro,597.678
2026-09-22 03:20:00,oil,142.521
2026-09-22 03:20:00,anthracite,35.441
2026-09-22 03:20:00,solar,0.0
2026-09-22 03:20:00,pumped,-1200.0
2026-09-22 03:25:00,nuclear,18775.532
2026-09-22 03:25:00,bituminous_coal,15377.664
2026-09-22 03:25:00,lng,10513.198
2026-09-22 03:25:00,renewable,3349.876
2026-09-22 03:25:00,hydro,585.475
2026-09-22 03:25:00,oil,139.441
2026-09-22 03:25:00,anthracite,26.37
2026-09-22 03:25:00,solar,0.0
2026-09-22 03:25:00,pumped,-1200.0
2026-09-22 03:30:00,nuclear,18738.404
2026-09-22 03:30:00,bituminous_coal,15413.102
2026-09-22 03:30:00,lng,10510.114
2026-09-22 03:30:00,renewable,3260.78
2026-09-22 03:30:00,hydro,503.509
2026-09-22 03:30:00,oil,196.814
2026-09-22 03:30:00,anthracite,66.032
2026-09-22 03:30:00,solar,0.0
2026-09-22 03:30:00,pumped,-1200.0
2026-09-22 03:35:00,nuclear,18713.979
2026-09-22 03:35:00,bituminous_coal,15425.123
2026-09-22 03:35:00,lng,10509.046
2026-09-22 03:35:00,renewable,3285.472
2026-09-22 03:35:00,hydro,534.874
2026-09-22 03:35:00,oil,155.279
2026-09-22 03:35:00,anthracite,85.11
2026-09-22 03:35:00,solar,0.0
2026-09-22 03:35:00,pumped,-1200.0
2026-09-22 03:40:00,nuclear,18740.19
2026-09-22 03:40:00,bituminous_coal,15448.022
2026-09-22 03:40:00,lng,10510.665
2026-09-22 03:40:00,renewable,3359.673
2026-09-22 03:40:00,hydro,540.369
2026-09-22 03:40:00,oil,116.561
2026-09-22 03:40:00,anthracite,20.427
2026-09-22 03:40:00,solar,0.0
2026-09-22 03:40:00,pumped,-1200.0
2026-09-22 03:45:00,nuclear,18803.574
2026-09-22 03:45:00,bituminous_coal,15476.315
2026-09-22 03:45:00,lng,10460.757
2026-09-22 03:45:00,renewable,3354.373
2026-09-22 03:45:00,hydro,568.322
2026-09-22 03:45:00,oil,168.777
2026-09-22 03:45:00,anthracite,63.917
2026-09-22 03:45:00,solar,0.0
2026-09-22 03:45:00,pumped,-1200.0
2026-09-22 03:50:00,nuclear,18864.769
2026-09-22 03:50:00,bituminous_coal,15491.408
2026-09-22 03:50:00,lng,10499.37
2026-09-22 03:50:00,renewable,3314.148
2026-09-22 03:50:00,hydro,576.815
2026-09-22 03:50:00,oil,174.299
2026-09-22 03:50:00,anthracite,93.593
2026-09-22 03:50:00,solar,0.0
2026-09-22 03:50:00,pumped,-1200.0
2026-09-22 03:55:00,nuclear,18864.613
2026-09-22 03:55:00,bituminous_coal,15480.755
2026-09-22 03:55:00,lng,10564.159
2026-09-22 03:55:00,renewable,3362.624
2026-09-22 03:55:00,hydro,550.146
2026-09-22 03:55:00,oil,189.238
2026-09-22 03:55:00,anthracite,17.254
2026-09-22 03:55:00,solar,0.0
2026-09-22 03:55:00,pumped,-1200.0
2026-09-22 04:00:00,nuclear,18851.951
2026-09-22 04:00:00,bituminous_coal,15589.681
2026-09-22 04:00:00,lng,10529.558
2026-09-22 04:00:00,renewable,3347.422
2026-09-22 04:00:00,hydro,567.055
2026-09-22 04:00:00,oil,136.204
2026-09-22 04:00:00,anthracite,33.365
2026-09-22 04:00:00,solar,0.0
2026-09-22 04:00:00,pumped,-1200.0
2026-09-22 04:05:00,nuclear,18901.85
2026-09-22 04:05:00,bituminous_coal,15600.314
2026-09-22 04:05:00,lng,10578.91
2026-09-22 04:05:00,renewable,3312.382
2026-09-22 04:05:00,hydro,508.631
2026-09-22 04:05:00,oil,172.882
2026-09-22 04:05:00,anthracite,99.419
2026-09-22 04:05:00,solar,0.0
2026-09-22 04:05:00,pumped,-1200.0
2026-09-22 04:10:00,nuclear,18888.2
2026-09-22 04:10:00,bituminous_coal,15618.863
2026-09-22 04:10:00,lng,10581.031
2026-09-22 04:10:00,renewable,3366.736
2026-09-22 04:10:00,hydro,574.851
2026-09-22 04:10:00,oil,164.279
2026-09-22 04:10:00,anthracite,37.179
2026-09-22 04:10:00,solar,0.0
2026-09-22 04:10:00,pumped,-1200.0
2026-09-22 04:15:00,nuclear,18975.946
2026-09-22 04:15:00,bituminous_coal,15573.916
2026-09-22 04:15:00,lng,10567.697
2026-09-22 04:15:00,renewable,3323.116
2026-09-22 04:15:00,hydro,514.538
2026-09-22 04:15:00,oil,174.383
2026-09-22 04:15:00,anthracite,10.422
2026-09-22 04:15:00,solar,0.0
2026-09-22 04:15:00,pumped,-1200.0
2026-09-22 04:20:00,nuclear,18960.082
2026-09-22 04:20:00,bituminous_coal,15648.175
2026-09-22 04:20:00,lng,10651.037
2026-09-22 04:20:00,renewable,3363.906
2026-09-22 04:20:00,hydro,550.511
2026-09-22 04:20:00,oil,207.723
2026-09-22 04:20:00,anthracite,6.174
2026-09-22 04:20:00,solar,0.0
2026-09-22 04:20:00,pumped,-1200.0
2026-09-22 04:25:00,nuclear,19013.553
2026-09-22 04:25:00,bituminous_coal,15715.312
2026-09-22 04:25:00,lng,10642.037
2026-09-22 04:25:00,renewable,3410.767
2026-09-22 04:25:00,hydro,534.829
2026-09-22 04:25:00,oil,191.804
2026-09-22 04:25:00,anthracite,93.939
2026-09-22 04:25:00,solar,0.0
2026-09-22 04:25:00,pumped,-1200.0
2026-09-22 04:30:00,nuclear,19052.214
2026-09-22 04:30:00,bituminous_coal,15750.592
2026-09-22 04:30:00,lng,10632.387
2026-09-22 04:30:00,renewable,3363.984
2026-09-22 04:30:00,hydro,598.919
2026-09-22 04:30:00,oil,125.917
2026-09-22 04:30:00,anthracite,37.721
2026-09-22 04:30:00,solar,0.0
2026-09-22 04:30:00,pumped,-1200.0
2026-09-22 04:35:00,nuclear,19109.711
2026-09-22 04:35:00,bituminous_coal,15769.883
2026-09-22 04:35:00,lng,10739.945
2026-09-22 04:35:00,renewable,3346.532
2026-09-22 04:35:00,hydro,516.484
2026-09-22 04:35:00,oil,175.738
2026-09-22 04:35:00,anthracite,31.873
2026-09-22 04:35:00,solar,0.0
2026-09-22 04:35:00,pumped,-1200.0
2026-09-22 04:40:00,nuclear,19209.929
2026-09-22 04:40:00,bituminous_coal,15830.934
2026-09-22 04:40:00,lng,10716.783
2026-09-22 04:40:00,renewable,3370.369
2026-09-22 04:40:00,hydro,610.384
2026-09-22 04:40:00,oil,176.333
2026-09-22 04:40:00,anthracite,37.238
2026-09-22 04:40:00,solar,0.0
2026-09-22 04:40:00,pumped,-1200.0
2026-09-22 04:45:00,nuclear,19211.999
2026-09-22 04:45:00,bituminous_coal,15854.558
2026-09-22 04:45:00,lng,10784.8
2026-09-22 04:45:00,renewable,3345.222
2026-09-22 04:45:00,hydro,600.063
2026-09-22 04:45:00,oil,139.785
2026-09-22 04:45:00,anthracite,95.468
2026-09-22 04:45:00,solar,0.0
2026-09-22 04:45:00,pumped,-1200.0
2026-09-22 04:50:00,nuclear,19250.225
2026-09-22 04:50:00,bituminous_coal,15844.981
2026-09-22 04:50:00,lng,10803.808
2026-09-22 04:50:00,renewable,3403.449
2026-09-22 04:50:00,hydro,559.69
2026-09-22 04:50:00,oil,126.714
2026-09-22 04:50:00,anthracite,87.169
2026-09-22 04:50:00,solar,0.0
2026-09-22 04:50:00,pumped,-1200.0
2026-09-22 04:55:00,nuclear,19377.077
2026-09-22 04:55:00,bituminous_coal,15964.458
2026-09-22 04:55:00,lng,10827.559
2026-09-22 04:55:00,renewable,3365.353
2026-09-22 04:55:00,hydro,606.564
2026-09-22 04:55:00,oil,151.008
2026-09-22 04:55:00,anthracite,16.241
2026-09-22 04:55:00,solar,0.0
2026-09-22 04:55:00,pumped,-1200.0
2026-09-22 05:00:00,nuclear,19379.79
2026-09-22 05:00:00,bituminous_coal,15957.867
2026-09-22 05:00:00,lng,10800.204
2026-09-22 05:00:00,renewable,3454.191
2026-09-22 05:00:00,hydro,608.828
2026-09-22 05:00:00,oil,139.551
2026-09-22 05:00:00,anthracite,101.768
2026-09-22 05:00:00,solar,12.558
2026-09-22 05:00:00,pumped,-1200.0
2026-09-22 05:05:00,nuclear,19417.433
2026-09-22 05:05:00,bituminous_coal,16007.665
2026-09-22 05:05:00,lng,10818.725
2026-09-22 05:05:00,renewable,3402.589
2026-09-22 05:05:00,hydro,580.303
2026-09-22 05:05:00,oil,142.574
2026-09-22 05:05:00,anthracite,70.484
2026-09-22 05:05:00,solar,144.153
2026-09-22 05:05:00,pumped,-1200.0
2026-09-22 05:10:00,nuclear,19494.376
2026-09-22 05:10:00,bituminous_coal,16054.407
2026-09-22 05:10:00,lng,10855.371
2026-09-22 05:10:00,renewable,3483.066
2026-09-22 05:10:00,hydro,599.712
2026-09-22 05:10:00,oil,191.619
2026-09-22 05:10:00,anthracite,26.621
2026-09-22 05:10:00,solar,276.869
2026-09-22 05:10:00,pumped,-1200.0
2026-09-22 05:15:00,nuclear,19557.843
2026-09-22 05:15:00,bituminous_coal,16088.672
2026-09-22 05:15:00,lng,10888.082
2026-09-22 05:15:00,renewable,3421.805
2026-09-22 05:15:00,hydro,586.131
2026-09-22 05:15:00,oil,157.929
2026-09-22 05:15:00,anthracite,99.924
2026-09-22 05:15:00,solar,410.643
2026-09-22 05:15:00,pumped,-1200.0
2026-09-22 05:20:00,nuclear,19643.996
2026-09-22 05:20:00,bituminous_coal,16151.515
2026-09-22 05:20:00,lng,10961.938
2026-09-22 05:20:00,renewable,3465.756
2026-09-22 05:20:00,hydro,569.467
2026-09-22 05:20:00,oil,125.823
2026-09-22 05:20:00,anthracite,45.855
2026-09-22 05:20:00,solar,545.412
2026-09-22 05:20:00,pumped,-1200.0
2026-09-22 05:25:00,nuclear,19690.507
2026-09-22 05:25:00,bituminous_coal,16188.471
2026-09-22 05:25:00,lng,10970.441
2026-09-22 05:25:00,renewable,3433.795
2026-09-22 05:25:00,hydro,603.873
2026-09-22 05:25:00,oil,213.511
2026-09-22 05:25:00,anthracite,81.454
2026-09-22 05:25:00,solar,681.111
2026-09-22 05:25:00,pumped,-1200.0
2026-09-22 05:30:00,nuclear,19795.464
2026-09-22 05:30:00,bituminous_coal,16219.318
2026-09-22 05:30:00,lng,11015.591
2026-09-22 05:30:00,renewable,3491.196
2026-09-22 05:30:00,hydro,627.318
2026-09-22 05:30:00,oil,178.836
2026-09-22 05:30:00,anthracite,96.635
2026-09-22 05:30:00,solar,817.676
2026-09-22 05:30:00,pumped,-1200.0
2026-09-22 05:35:00,nuclear,19865.896
2026-09-22 05:35:00,bituminous_coal,16277.687
2026-09-22 05:35:00,lng,11055.08
2026-09-22 05:35:00,renewable,3494.985
2026-09-22 05:35:00,hydro,533.339
2026-09-22 05:35:00,oil,147.506
2026-09-22 05:35:00,anthracite,71.117
2026-09-22 05:35:00,solar,955.042
2026-09-22 05:35:00,pumped,-1200.0
2026-09-22 05:40:00,nuclear,19851.146
2026-09-22 05:40:00,bituminous_coal,16333.779
2026-09-22 05:40:00,lng,11110.298
2026-09-22 05:40:00,renewable,3468.924
2026-09-22 05:40:00,hydro,613.639
2026-09-22 05:40:00,oil,160.007
2026-09-22 05:40:00,anthracite,85.721
2026-09-22 05:40:00,solar,1093.143
2026-09-22 05:40:00,pumped,-1200.0
2026-09-22 05:45:00,nuclear,19993.34
2026-09-22 05:45:00,bituminous_coal,16456.526
2026-09-22 05:45:00,lng,11197.478
2026-09-22 05:45:00,renewable,3532.023
2026-09-22 05:45:00,hydro,562.044
2026-09-22 05:45:00,oil,215.103
2026-09-22 05:45:00,anthracite,39.632
2026-09-22 05:45:00,solar,1231.913
2026-09-22 05:45:00,pumped,-1200.0
2026-09-22 05:50:00,nuclear,20051.636
2026-09-22 05:50:00,bituminous_coal,16477.152
2026-09-22 05:50:00,lng,11208.857
2026-09-22 05:50:00,renewable,3506.232
2026-09-22 05:50:00,hydro,540.699
2026-09-22 05:50:00,oil,169.157
2026-09-22 05:50:00,anthracite,23.585
2026-09-22 05:50:00,solar,1371.287
2026-09-22 05:50:00,pumped,-1200.0
2026-09-22 05:55:00,nuclear,20118.273
2026-09-22 05:55:00,bituminous_coal,16596.786
2026-09-22 05:55:00,lng,11255.806
2026-09-22 05:55:00,renewable,3544.52
2026-09-22 05:55:00,hydro,617.998
2026-09-22 05:55:00,oil,155.181
2026-09-22 05:55:00,anthracite,43.539
2026-09-22 05:55:00,solar,1511.198
2026-09-22 05:55:00,pumped,-1200.0
2026-09-22 06:00:00,nuclear,20159.825
2026-09-22 06:00:00,bituminous_coal,16601.839
2026-09-22 06:00:00,lng,11256.592
2026-09-22 06:00:00,renewable,3554.288
2026-09-22 06:00:00,hydro,574.907
2026-09-22 06:00:00,oil,156.205
2026-09-22 06:00:00,anthracite,46.253
2026-09-22 06:00:00,solar,1651.58
2026-09-22 06:00:00,pumped,0.0
2026-09-22 06:05:00,nuclear,20273.318
2026-09-22 06:05:00,bituminous_coal,16740.271
2026-09-22 06:05:00,lng,11346.641
2026-09-22 06:05:00,renewable,3548.961
2026-09-22 06:05:00,hydro,635.158
2026-09-22 06:05:00,oil,185.431
2026-09-22 06:05:00,anthracite,27.512
2026-09-22 06:05:00,solar,1792.365
2026-09-22 06:05:00,pumped,0.0
2026-09-22 06:10:00,nuclear,20319.357
2026-09-22 06:10:00,bituminous_coal,16757.871
2026-09-22 06:10:00,lng,11371.711
2026-09-22 06:10:00,renewable,3553.412
2026-09-22 06:10:00,hydro,642.296
2026-09-22 06:10:00,oil,176.62
2026-09-22 06:10:00,anthracite,67.925
2026-09-22 06:10:00,solar,1933.488
2026-09-22 06:10:00,pumped,0.0
2026-09-22 06:15:00,nuclear,20455.392
2026-09-22 06:15:00,bituminous_coal,16871.202
2026-09-22 06:15:00,lng,11437.615
2026-09-22 06:15:00,renewable,3562.58
2026-09-22 06:15:00,hydro,637.667
2026-09-22 06:15:00,oil,177.287
2026-09-22 06:15:00,anthracite,84.536
2026-09-22 06:15:00,solar,2074.88
2026-09-22 06:15:00,pumped,10.981
2026-09-22 06:20:00,nuclear,20549.724
2026-09-22 06:20:00,bituminous_coal,16879.351
2026-09-22 06:20:00,lng,11501.09
2026-09-22 06:20:00,renewable,3647.146
2026-09-22 06:20:00,hydro,616.855
2026-09-22 06:20:00,oil,213.755
2026-09-22 06:20:00,anthracite,13.194
2026-09-22 06:20:00,solar,2216.474
2026-09-22 06:20:00,pumped,35.819
2026-09-22 06:25:00,nuclear,20656.875
2026-09-22 06:25:00,bituminous_coal,16931.864
2026-09-22 06:25:00,lng,11563.972
2026-09-22 06:25:00,renewable,3682.408
2026-09-22 06:25:00,hydro,638.998
2026-09-22 06:25:00,oil,227.293
2026-09-22 06:25:00,anthracite,32.122
2026-09-22 06:25:00,solar,2358.203
2026-09-22 06:25:00,pumped,61.115
2026-09-22 06:30:00,nuclear,20689.007
2026-09-22 06:30:00,bituminous_coal,17092.603
2026-09-22 06:30:00,lng,11564.539
2026-09-22 06:30:00,renewable,3664.885
2026-09-22 06:30:00,hydro,559.757
2026-09-22 06:30:00,oil,228.366
2026-09-22 06:30:00,anthracite,69.421
2026-09-22 06:30:00,solar,2500.0
2026-09-22 06:30:00,pumped,86.858
2026-09-22 06:35:00,nuclear,20807.286
2026-09-22 06:35:00,bituminous_coal,17099.136
2026-09-22 06:35:00,lng,11631.686
2026-09-22 06:35:00,renewable,3652.646
2026-09-22 06:35:00,hydro,623.683
2026-09-22 06:35:00,oil,199.119
2026-09-22 06:35:00,anthracite,27.272
2026-09-22 06:35:00,solar,2641.797
2026-09-22 06:35:00,pumped,113.036
2026-09-22 06:40:00,nuclear,20854.687
2026-09-22 06:40:00,bituminous_coal,17199.263
2026-09-22 06:40:00,lng,11631.677
2026-09-22 06:40:00,renewable,3647.784
2026-09-22 06:40:00,hydro,623.586
2026-09-22 06:40:00,oil,138.921
2026-09-22 06:40:00,anthracite,19.915
2026-09-22 06:40:00,solar,2783.526
2026-09-22 06:40:00,pumped,139.635
2026-09-22 06:45:00,nuclear,21003.867
2026-09-22 06:45:00,bituminous_coal,17270.15
2026-09-22 06:45:00,lng,11693.269
2026-09-22 06:45:00,renewable,3655.348
2026-09-22 06:45:00,hydro,577.391
2026-09-22 06:45:00,oil,233.697
2026-09-22 06:45:00,anthracite,101.568
2026-09-22 06:45:00,solar,2925.12
2026-09-22 06:45:00,pumped,166.645
2026-09-22 06:50:00,nuclear,21029.739
2026-09-22 06:50:00,bituminous_coal,17367.664
2026-09-22 06:50:00,lng,11735.278
2026-09-22 06:50:00,renewable,3668.198
2026-09-22 06:50:00,hydro,603.995
2026-09-22 06:50:00,oil,156.208
2026-09-22 06:50:00,anthracite,40.46
2026-09-22 06:50:00,solar,3066.512
2026-09-22 06:50:00,pumped,194.051
2026-09-22 06:55:00,nuclear,21199.847
2026-09-22 06:55:00,bituminous_coal,17385.677
2026-09-22 06:55:00,lng,11783.594
2026-09-22 06:55:00,renewable,3683.906
2026-09-22 06:55:00,hydro,636.818
2026-09-22 06:55:00,oil,162.362
2026-09-22 06:55:00,anthracite,93.318
2026-09-22 06:55:00,solar,3207.635
2026-09-22 06:55:00,pumped,221.84
2026-09-22 07:00:00,nuclear,21298.386
2026-09-22 07:00:00,bituminous_coal,17483.928
2026-09-22 07:00:00,lng,11911.657
2026-09-22 07:00:00,renewable,3762.451
2026-09-22 07:00:00,hydro,667.417
2026-09-22 07:00:00,oil,169.698
2026-09-22 07:00:00,anthracite,108.626
2026-09-22 07:00:00,solar,3348.42
2026-09-22 07:00:00,pumped,250.0
2026-09-22 07:05:00,nuclear,21350.496
2026-09-22 07:05:00,bituminous_coal,17579.166
2026-09-22 07:05:00,lng,11928.854
2026-09-22 07:05:00,renewable,3753.807
2026-09-22 07:05:00,hydro,623.597
2026-09-22 07:05:00,oil,212.703
2026-09-22 07:05:00,anthracite,107.289
2026-09-22 07:05:00,solar,3488.802
2026-09-22 07:05:00,pumped,278.517
2026-09-22 07:10:00,nuclear,21475.036
2026-09-22 07:10:00,bituminous_coal,17634.892
2026-09-22 07:10:00,lng,11968.518
2026-09-22 07:10:00,renewable,3816.537
2026-09-22 07:10:00,hydro,678.717
2026-09-22 07:10:00,oil,210.356
2026-09-22 07:10:00,anthracite,100.389
2026-09-22 07:10:00,solar,3628.713
2026-09-22 07:10:00,pumped,307.377
2026-09-22 07:15:00,nuclear,21501.484
2026-09-22 07:15:00,bituminous_coal,17730.129
2026-09-22 07:15:00,lng,12041.263
2026-09-22 07:15:00,renewable,3796.347
2026-09-22 07:15:00,hydro,628.458
2026-09-22 07:15:00,oil,230.219
2026-09-22 07:15:00,anthracite,62.789
2026-09-22 07:15:00,solar,3768.087
2026-09-22 07:15:00,pumped,336.567
2026-09-22 07:20:00,nuclear,21610.962
2026-09-22 07:20:00,bituminous_coal,17787.651
2026-09-22 07:20:00,lng,12072.215
2026-09-22 07:20:00,renewable,3794.794
2026-09-22 07:20:00,hydro,596.96
2026-09-22 07:20:00,oil,147.031
2026-09-22 07:20:00,anthracite,47.434
2026-09-22 07:20:00,solar,3906.857
2026-09-22 07:20:00,pumped,366.073
2026-09-22 07:25:00,nuclear,21755.896
2026-09-22 07:25:00,bituminous_coal,17868.352
2026-09-22 07:25:00,lng,12162.958
2026-09-22 07:25:00,renewable,3797.093
2026-09-22 07:25:00,hydro,609.129
2026-09-22 07:25:00,oil,190.628
2026-09-22 07:25:00,anthracite,50.197
2026-09-22 07:25:00,solar,4044.958
2026-09-22 07:25:00,pumped,395.88
2026-09-22 07:30:00,nuclear,21888.952
2026-09-22 07:30:00,bituminous_coal,18029.973
2026-09-22 07:30:00,lng,12250.106
2026-09-22 07:30:00,renewable,3831.33
2026-09-22 07:30:00,hydro,614.541
2026-09-22 07:30:00,oil,152.569
2026-09-22 07:30:00,anthracite,94.788
2026-09-22 07:30:00,solar,4182.324
2026-09-22 07:30:00,pumped,425.975
2026-09-22 07:35:00,nuclear,21979.246
2026-09-22 07:35:00,bituminous_coal,18104.065
2026-09-22 07:35:00,lng,12288.477
2026-09-22 07:35:00,renewable,3827.625
2026-09-22 07:35:00,hydro,653.422
2026-09-22 07:35:00,oil,200.653
2026-09-22 07:35:00,anthracite,53.788
2026-09-22 07:35:00,solar,4318.889
2026-09-22 07:35:00,pumped,456.343
2026-09-22 07:40:00,nuclear,22052.069
2026-09-22 07:40:00,bituminous_coal,18172.819
2026-09-22 07:40:00,lng,12350.871
2026-09-22 07:40:00,renewable,3888.058
2026-09-22 07:40:00,hydro,605.06
2026-09-22 07:40:00,oil,163.471
2026-09-22 07:40:00,anthracite,57.321
2026-09-22 07:40:00,solar,4454.588
2026-09-22 07:40:00,pumped,486.97
2026-09-22 07:45:00,nuclear,22167.756
2026-09-22 07:45:00,bituminous_coal,18249.501
2026-09-22 07:45:00,lng,12419.355
2026-09-22 07:45:00,renewable,3938.18
2026-09-22 07:45:00,hydro,682.686
2026-09-22 07:45:00,oil,206.345
2026-09-22 07:45:00,anthracite,38.563
2026-09-22 07:45:00,solar,4589.357
2026-09-22 07:45:00,pumped,517.841
2026-09-22 07:50:00,nuclear,22247.913
2026-09-22 07:50:00,bituminous_coal,18360.423
2026-09-22 07:50:00,lng,12490.078
2026-09-22 07:50:00,renewable,3925.219
2026-09-22 07:50:00,hydro,660.222
2026-09-22 07:50:00,oil,169.336
2026-09-22 07:50:00,anthracite,36.467
2026-09-22 07:50:00,solar,4723.131
2026-09-22 07:50:00,pumped,548.941
2026-09-22 07:55:00,nuclear,22323.637
2026-09-22 07:55:00,bituminous_coal,18377.533
2026-09-22 07:55:00,lng,12513.275
2026-09-22 07:55:00,renewable,3983.319
2026-09-22 07:55:00,hydro,676.055
2026-09-22 07:55:00,oil,237.41
2026-09-22 07:55:00,anthracite,97.482
2026-09-22 07:55:00,solar,4855.847
2026-09-22 07:55:00,pumped,580.256
2026-09-22 08:00:00,nuclear,22519.037
2026-09-22 08:00:00,bituminous_coal,18531.675
2026-09-22 08:00:00,lng,12578.986
2026-09-22 08:00:00,renewable,4014.846
2026-09-22 08:00:00,hydro,705.52
2026-09-22 08:00:00,oil,193.64
2026-09-22 08:00:00,anthracite,30.688
2026-09-22 08:00:00,solar,4987.442
2026-09-22 08:00:00,pumped,611.771
2026-09-22 08:05:00,nuclear,22541.715
2026-09-22 08:05:00,bituminous_coal,18604.374
2026-09-22 08:05:00,lng,12598.348
2026-09-22 08:05:00,renewable,3952.734
2026-09-22 08:05:00,hydro,709.124
2026-09-22 08:05:00,oil,239.935
2026-09-22 08:05:00,anthracite,26.151
2026-09-22 08:05:00,solar,5117.853
2026-09-22 08:05:00,pumped,643.471
2026-09-22 08:10:00,nuclear,22669.832
2026-09-22 08:10:00,bituminous_coal,18663.049
2026-09-22 08:10:00,lng,12691.671
2026-09-22 08:10:00,renewable,4040.841
2026-09-22 08:10:00,hydro,659.687
2026-09-22 08:10:00,oil,163.295
2026-09-22 08:10:00,anthracite,60.219
2026-09-22 08:10:00,solar,5247.019
2026-09-22 08:10:00,pumped,675.341
2026-09-22 08:15:00,nuclear,22835.983
2026-09-22 08:15:00,bituminous_coal,18782.211
2026-09-22 08:15:00,lng,12765.419
2026-09-22 08:15:00,renewable,3991.666
2026-09-22 08:15:00,hydro,715.235
2026-09-22 08:15:00,oil,180.265
2026-09-22 08:15:00,anthracite,24.578
2026-09-22 08:15:00,solar,5374.876
2026-09-22 08:15:00,pumped,707.365
2026-09-22 08:20:00,nuclear,22895.189
2026-09-22 08:20:00,bituminous_coal,18878.528
2026-09-22 08:20:00,lng,12845.711
2026-09-22 08:20:00,renewable,3999.792
2026-09-22 08:20:00,hydro,665.147
2026-09-22 08:20:00,oil,187.842
2026-09-22 08:20:00,anthracite,47.621
2026-09-22 08:20:00,solar,5501.366
2026-09-22 08:20:00,pumped,739.528
2026-09-22 08:25:00,nuclear,23001.971
2026-09-22 08:25:00,bituminous_coal,18960.834
2026-09-22 08:25:00,lng,12842.221
2026-09-22 08:25:00,renewable,4028.014
2026-09-22 08:25:00,hydro,717.954
2026-09-22 08:25:00,oil,239.634
2026-09-22 08:25:00,anthracite,50.701
2026-09-22 08:25:00,solar,5626.427
2026-09-22 08:25:00,pumped,771.815
2026-09-22 08:30:00,nuclear,23150.703
2026-09-22 08:30:00,bituminous_coal,19015.94
2026-09-22 08:30:00,lng,12946.495
2026-09-22 08:30:00,renewable,4084.437
2026-09-22 08:30:00,hydro,689.846
2026-09-22 08:30:00,oil,204.139
2026-09-22 08:30:00,anthracite,31.199
2026-09-22 08:30:00,solar,5750.0
2026-09-22 08:30:00,pumped,804.211
2026-09-22 08:35:00,nuclear,23293.645
2026-09-22 08:35:00,bituminous_coal,19154.594
2026-09-22 08:35:00,lng,12989.461
2026-09-22 08:35:00,renewable,4110.741
2026-09-22 08:35:00,hydro,665.963
2026-09-22 08:35:00,oil,245.999
2026-09-22 08:35:00,anthracite,58.913
2026-09-22 08:35:00,solar,5872.026
2026-09-22 08:35:00,pumped,836.7
2026-09-22 08:40:00,nuclear,23389.958
2026-09-22 08:40:00,bituminous_coal,19213.67
2026-09-22 08:40:00,lng,13048.518
2026-09-22 08:40:00,renewable,4154.617
2026-09-22 08:40:00,hydro,647.051
2026-09-22 08:40:00,oil,169.934
2026-09-22 08:40:00,anthracite,91.301
2026-09-22 08:40:00,solar,5992.447
2026-09-22 08:40:00,pumped,869.266
2026-09-22 08:45:00,nuclear,23442.337
2026-09-22 08:45:00,bituminous_coal,19369.253
2026-09-22 08:45:00,lng,13087.54
2026-09-22 08:45:00,renewable,4187.214
2026-09-22 08:45:00,hydro,683.68
2026-09-22 08:45:00,oil,208.466
2026-09-22 08:45:00,anthracite,98.641
2026-09-22 08:45:00,solar,6111.207
2026-09-22 08:45:00,pumped,901.895
2026-09-22 08:50:00,nuclear,23550.938
2026-09-22 08:50:00,bituminous_coal,19370.002
2026-09-22 08:50:00,lng,13209.266
2026-09-22 08:50:00,renewable,4140.596
2026-09-22 08:50:00,hydro,702.418
2026-09-22 08:50:00,oil,227.502
2026-09-22 08:50:00,anthracite,91.844
2026-09-22 08:50:00,solar,6228.247
2026-09-22 08:50:00,pumped,934.571
2026-09-22 08:55:00,nuclear,23644.655
2026-09-22 08:55:00,bituminous_coal,19459.548
2026-09-22 08:55:00,lng,13280.487
2026-09-22 08:55:00,renewable,4186.787
2026-09-22 08:55:00,hydro,723.599
2026-09-22 08:55:00,oil,232.372
2026-09-22 08:55:00,anthracite,82.701
2026-09-22 08:55:00,solar,6343.513
2026-09-22 08:55:00,pumped,967.278
2026-09-22 09:00:00,nuclear,23756.923
2026-09-22 09:00:00,bituminous_coal,19563.792
2026-09-22 09:00:00,lng,13305.695
2026-09-22 09:00:00,renewable,4175.916
2026-09-22 09:00:00,hydro,681.311
2026-09-22 09:00:00,oil,226.935
2026-09-22 09:00:00,anthracite,110.591
2026-09-22 09:00:00,solar,6456.949
2026-09-22 09:00:00,pumped,1000.0
2026-09-22 09:05:00,nuclear,23905.487
2026-09-22 09:05:00,bituminous_coal,19666.333
2026-09-22 09:05:00,lng,13410.893
2026-09-22 09:05:00,renewable,4221.258
2026-09-22 09:05:00,hydro,711.496
2026-09-22 09:05:00,oil,178.771
2026-09-22 09:05:00,anthracite,20.366
2026-09-22 09:05:00,solar,6568.503
2026-09-22 09:05:00,pumped,1032.722
2026-09-22 09:10:00,nuclear,24017.699
2026-09-22 09:10:00,bituminous_coal,19796.786
2026-09-22 09:10:00,lng,13379.417
2026-09-22 09:10:00,renewable,4227.306
2026-09-22 09:10:00,hydro,707.469
2026-09-22 09:10:00,oil,166.119
2026-09-22 09:10:00,anthracite,45.09
2026-09-22 09:10:00,solar,6678.119
2026-09-22 09:10:00,pumped,1065.429
2026-09-22 09:15:00,nuclear,24175.504
2026-09-22 09:15:00,bituminous_coal,19825.442
2026-09-22 09:15:00,lng,13480.414
2026-09-22 09:15:00,renewable,4264.861
2026-09-22 09:15:00,hydro,687.566
2026-09-22 09:15:00,oil,222.265
2026-09-22 09:15:00,anthracite,67.549
2026-09-22 09:15:00,solar,6785.748
2026-09-22 09:15:00,pumped,1098.105
2026-09-22 09:20:00,nuclear,24222.053
2026-09-22 09:20:00,bituminous_coal,20003.856
2026-09-22 09:20:00,lng,13573.214
2026-09-22 09:20:00,renewable,4324.436
2026-09-22 09:20:00,hydro,687.801
2026-09-22 09:20:00,oil,191.501
2026-09-22 09:20:00,anthracite,80.825
2026-09-22 09:20:00,solar,6891.336
2026-09-22 09:20:00,pumped,1130.734
2026-09-22 09:25:00,nuclear,24392.551
2026-09-22 09:25:00,bituminous_coal,20008.703
2026-09-22 09:25:00,lng,13606.963
2026-09-22 09:25:00,renewable,4250.094
2026-09-22 09:25:00,hydro,765.368
2026-09-22 09:25:00,oil,171.102
2026-09-22 09:25:00,anthracite,98.143
2026-09-22 09:25:00,solar,6994.835
2026-09-22 09:25:00,pumped,1163.3
2026-09-22 09:30:00,nuclear,24443.615
2026-09-22 09:30:00,bituminous_coal,20163.294
2026-09-22 09:30:00,lng,13703.698
2026-09-22 09:30:00,renewable,4277.128
2026-09-22 09:30:00,hydro,678.353
2026-09-22 09:30:00,oil,245.995
2026-09-22 09:30:00,anthracite,47.543
2026-09-22 09:30:00,solar,7096.194
2026-09-22 09:30:00,pumped,1195.789
2026-09-22 09:35:00,nuclear,24580.388
2026-09-22 09:35:00,bituminous_coal,20233.825
2026-09-22 09:35:00,lng,13716.216
2026-09-22 09:35:00,renewable,4333.871
2026-09-22 09:35:00,hydro,724.216
2026-09-22 09:35:00,oil,214.703
2026-09-22 09:35:00,anthracite,43.065
2026-09-22 09:35:00,solar,7195.366
2026-09-22 09:35:00,pumped,1228.185
2026-09-22 09:40:00,nuclear,24677.391
2026-09-22 09:40:00,bituminous_coal,20295.167
2026-09-22 09:40:00,lng,13831.365
2026-09-22 09:40:00,renewable,4340.583
2026-09-22 09:40:00,hydro,702.706
2026-09-22 09:40:00,oil,209.588
2026-09-22 09:40:00,anthracite,62.351
2026-09-22 09:40:00,solar,7292.303
2026-09-22 09:40:00,pumped,1260.472
2026-09-22 09:45:00,nuclear,24776.626
2026-09-22 09:45:00,bituminous_coal,20373.868
2026-09-22 09:45:00,lng,13848.605
2026-09-22 09:45:00,renewable,4346.382
2026-09-22 09:45:00,hydro,746.354
2026-09-22 09:45:00,oil,255.886
2026-09-22 09:45:00,anthracite,44.917
2026-09-22 09:45:00,solar,7386.959
2026-09-22 09:45:00,pumped,1292.635
2026-09-22 09:50:00,nuclear,24909.729
2026-09-22 09:50:00,bituminous_coal,20556.031
2026-09-22 09:50:00,lng,13931.214
2026-09-22 09:50:00,renewable,4437.502
2026-09-22 09:50:00,hydro,740.926
2026-09-22 09:50:00,oil,256.971
2026-09-22 09:50:00,anthracite,106.021
2026-09-22 09:50:00,solar,7479.289
2026-09-22 09:50:00,pumped,1324.659
2026-09-22 09:55:00,nuclear,25014.44
2026-09-22 09:55:00,bituminous_coal,20562.072
2026-09-22 09:55:00,lng,14018.69
2026-09-22 09:55:00,renewable,4460.88
2026-09-22 09:55:00,hydro,719.701
2026-09-22 09:55:00,oil,199.781
2026-09-22 09:55:00,anthracite,102.722
2026-09-22 09:55:00,solar,7569.249
2026-09-22 09:55:00,pumped,1356.529
2026-09-22 10:00:00,nuclear,25090.853
2026-09-22 10:00:00,bituminous_coal,20716.06
2026-09-22 10:00:00,lng,14038.61
2026-09-22 10:00:00,renewable,4430.675
2026-09-22 10:00:00,hydro,702.252
2026-09-22 10:00:00,oil,181.068
2026-09-22 10:00:00,anthracite,89.742
2026-09-22 10:00:00,solar,7656.797
2026-09-22 10:00:00,pumped,1388.229
2026-09-22 10:05:00,nuclear,25268.127
2026-09-22 10:05:00,bituminous_coal,20783.823
2026-09-22 10:05:00,lng,14125.689
2026-09-22 10:05:00,renewable,4473.141
2026-09-22 10:05:00,hydro,718.115
2026-09-22 10:05:00,oil,223.126
2026-09-22 10:05:00,anthracite,94.463
2026-09-22 10:05:00,solar,7741.89
2026-09-22 10:05:00,pumped,1419.744
2026-09-22 10:10:00,nuclear,25374.9
2026-09-22 10:10:00,bituminous_coal,20893.133
2026-09-22 10:10:00,lng,14161.096
2026-09-22 10:10:00,renewable,4456.174
2026-09-22 10:10:00,hydro,751.629
2026-09-22 10:10:00,oil,224.416
2026-09-22 10:10:00,anthracite,89.719
2026-09-22 10:10:00,solar,7824.488
2026-09-22 10:10:00,pumped,1451.059
2026-09-22 10:15:00,nuclear,25432.632
2026-09-22 10:15:00,bituminous_coal,20904.1
2026-09-22 10:15:00,lng,14253.864
2026-09-22 10:15:00,renewable,4496.279
2026-09-22 10:15:00,hydro,789.04
2026-09-22 10:15:00,oil,257.419
2026-09-22 10:15:00,anthracite,52.926
2026-09-22 10:15:00,solar,7904.552
2026-09-22 10:15:00,pumped,1482.159
2026-09-22 10:20:00,nuclear,25516.15
2026-09-22 10:20:00,bituminous_coal,21053.613
2026-09-22 10:20:00,lng,14277.791
2026-09-22 10:20:00,renewable,4551.886
2026-09-22 10:20:00,hydro,774.546
2026-09-22 10:20:00,oil,270.273
2026-09-22 10:20:00,anthracite,72.59
2026-09-22 10:20:00,solar,7982.044
2026-09-22 10:20:00,pumped,1513.03
2026-09-22 10:25:00,nuclear,25643.226
2026-09-22 10:25:00,bituminous_coal,21117.22
2026-09-22 10:25:00,lng,14356.294
2026-09-22 10:25:00,renewable,4516.231
2026-09-22 10:25:00,hydro,727.92
2026-09-22 10:25:00,oil,193.868
2026-09-22 10:25:00,anthracite,47.56
2026-09-22 10:25:00,solar,8056.927
2026-09-22 10:25:00,pumped,1543.657
2026-09-22 10:30:00,nuclear,25770.028
2026-09-22 10:30:00,bituminous_coal,21236.826
2026-09-22 10:30:00,lng,14373.412
2026-09-22 10:30:00,renewable,4587.272
2026-09-22 10:30:00,hydro,757.132
2026-09-22 10:30:00,oil,219.983
2026-09-22 10:30:00,anthracite,62.22
2026-09-22 10:30:00,solar,8129.165
2026-09-22 10:30:00,pumped,1574.025
2026-09-22 10:35:00,nuclear,25815.886
2026-09-22 10:35:00,bituminous_coal,21270.7
2026-09-22 10:35:00,lng,14444.515
2026-09-22 10:35:00,renewable,4590.505
2026-09-22 10:35:00,hydro,741.645
2026-09-22 10:35:00,oil,222.255
2026-09-22 10:35:00,anthracite,63.025
2026-09-22 10:35:00,solar,8198.724
2026-09-22 10:35:00,pumped,1604.12
2026-09-22 10:40:00,nuclear,25909.099
2026-09-22 10:40:00,bituminous_coal,21326.441
2026-09-22 10:40:00,lng,14464.701
2026-09-22 10:40:00,renewable,4574.07
2026-09-22 10:40:00,hydro,808.635
2026-09-22 10:40:00,oil,252.889
2026-09-22 10:40:00,anthracite,70.656
2026-09-22 10:40:00,solar,8265.57
2026-09-22 10:40:00,pumped,1633.927
2026-09-22 10:45:00,nuclear,26059.675
2026-09-22 10:45:00,bituminous_coal,21461.043
2026-09-22 10:45:00,lng,14602.948
2026-09-22 10:45:00,renewable,4630.584
2026-09-22 10:45:00,hydro,807.368
2026-09-22 10:45:00,oil,227.998
2026-09-22 10:45:00,anthracite,75.957
2026-09-22 10:45:00,solar,8329.673
2026-09-22 10:45:00,pumped,1663.433
2026-09-22 10:50:00,nuclear,26111.605
2026-09-22 10:50:00,bituminous_coal,21541.82
2026-09-22 10:50:00,lng,14618.75
2026-09-22 10:50:00,renewable,4581.903
2026-09-22 10:50:00,hydro,795.342
2026-09-22 10:50:00,oil,187.393
2026-09-22 10:50:00,anthracite,121.402
2026-09-22 10:50:00,solar,8391.001
2026-09-22 10:50:00,pumped,1692.623
2026-09-22 10:55:00,nuclear,26218.199
2026-09-22 10:55:00,bituminous_coal,21591.722
2026-09-22 10:55:00,lng,14691.896
2026-09-22 10:55:00,renewable,4605.868
2026-09-22 10:55:00,hydro,732.417
2026-09-22 10:55:00,oil,232.019
2026-09-22 10:55:00,anthracite,52.028
2026-09-22 10:55:00,solar,8449.525
2026-09-22 10:55:00,pumped,1721.483
2026-09-22 11:00:00,nuclear,26342.131
2026-09-22 11:00:00,bituminous_coal,21699.684
2026-09-22 11:00:00,lng,14749.664
2026-09-22 11:00:00,renewable,4684.118
2026-09-22 11:00:00,hydro,789.154
2026-09-22 11:00:00,oil,216.255
2026-09-22 11:00:00,anthracite,35.046
2026-09-22 11:00:00,solar,8505.217
2026-09-22 11:00:00,pumped,1750.0
2026-09-22 11:05:00,nuclear,26467.619
2026-09-22 11:05:00,bituminous_coal,21828.481
2026-09-22 11:05:00,lng,14763.944
2026-09-22 11:05:00,renewable,4636.756
2026-09-22 11:05:00,hydro,818.555
2026-09-22 11:05:00,oil,275.157
2026-09-22 11:05:00,anthracite,108.724
2026-09-22 11:05:00,solar,8558.051
2026-09-22 11:05:00,pumped,1778.16
2026-09-22 11:10:00,nuclear,26518.251
2026-09-22 11:10:00,bituminous_coal,21899.856
2026-09-22 11:10:00,lng,14864.898
2026-09-22 11:10:00,renewable,4698.366
2026-09-22 11:10:00,hydro,827.391
2026-09-22 11:10:00,oil,184.384
2026-09-22 11:10:00,anthracite,99.616
2026-09-22 11:10:00,solar,8608.002
2026-09-22 11:10:00,pumped,1805.949
2026-09-22 11:15:00,nuclear,26592.206
2026-09-22 11:15:00,bituminous_coal,21934.543
2026-09-22 11:15:00,lng,14869.885
2026-09-22 11:15:00,renewable,4661.25
2026-09-22 11:15:00,hydro,812.482
2026-09-22 11:15:00,oil,223.542
2026-09-22 11:15:00,anthracite,94.093
2026-09-22 11:15:00,solar,8655.046
2026-09-22 11:15:00,pumped,1833.355
2026-09-22 11:20:00,nuclear,26753.216
2026-09-22 11:20:00,bituminous_coal,22007.395
2026-09-22 11:20:00,lng,14924.984
2026-09-22 11:20:00,renewable,4740.56
2026-09-22 11:20:00,hydro,802.856
2026-09-22 11:20:00,oil,212.558
2026-09-22 11:20:00,anthracite,96.261
2026-09-22 11:20:00,solar,8699.16
2026-09-22 11:20:00,pumped,1860.365
2026-09-22 11:25:00,nuclear,26840.396
2026-09-22 11:25:00,bituminous_coal,22107.268
2026-09-22 11:25:00,lng,14959.705
2026-09-22 11:25:00,renewable,4770.053
2026-09-22 11:25:00,hydro,808.934
2026-09-22 11:25:00,oil,220.81
2026-09-22 11:25:00,anthracite,100.157
2026-09-22 11:25:00,solar,8740.324
2026-09-22 11:25:00,pumped,1886.964
2026-09-22 11:30:00,nuclear,26941.524
2026-09-22 11:30:00,bituminous_coal,22112.435
2026-09-22 11:30:00,lng,15043.786
2026-09-22 11:30:00,renewable,4729.904
2026-09-22 11:30:00,hydro,801.798
2026-09-22 11:30:00,oil,211.52
2026-09-22 11:30:00,anthracite,121.992
2026-09-22 11:30:00,solar,8778.518
2026-09-22 11:30:00,pumped,1913.142
2026-09-22 11:35:00,nuclear,27016.787
2026-09-22 11:35:00,bituminous_coal,22198.284
2026-09-22 11:35:00,lng,15132.331
2026-09-22 11:35:00,renewable,4733.776
2026-09-22 11:35:00,hydro,825.485
2026-09-22 11:35:00,oil,195.614
2026-09-22 11:35:00,anthracite,91.838
2026-09-22 11:35:00,solar,8813.723
2026-09-22 11:35:00,pumped,1938.885
2026-09-22 11:40:00,nuclear,27104.943
2026-09-22 11:40:00,bituminous_coal,22276.705
2026-09-22 11:40:00,lng,15149.957
2026-09-22 11:40:00,renewable,4805.243
2026-09-22 11:40:00,hydro,761.524
2026-09-22 11:40:00,oil,285.433
2026-09-22 11:40:00,anthracite,34.294
2026-09-22 11:40:00,solar,8845.924
2026-09-22 11:40:00,pumped,1964.181
2026-09-22 11:45:00,nuclear,27169.075
2026-09-22 11:45:00,bituminous_coal,22325.885
2026-09-22 11:45:00,lng,15177.267
2026-09-22 11:45:00,renewable,4763.953
2026-09-22 11:45:00,hydro,818.446
2026-09-22 11:45:00,oil,249.26
2026-09-22 11:45:00,anthracite,40.184
2026-09-22 11:45:00,solar,8875.104
2026-09-22 11:45:00,pumped,1989.019
2026-09-22 11:50:00,nuclear,27281.944
2026-09-22 11:50:00,bituminous_coal,22445.922
2026-09-22 11:50:00,lng,15258.946
2026-09-22 11:50:00,renewable,4842.361
2026-09-22 11:50:00,hydro,758.935
2026-09-22 11:50:00,oil,231.073
2026-09-22 11:50:00,anthracite,115.931
2026-09-22 11:50:00,solar,8901.25
2026-09-22 11:50:00,pumped,2013.385
2026-09-22 11:55:00,nuclear,27376.113
2026-09-22 11:55:00,bituminous_coal,22519.984
2026-09-22 11:55:00,lng,15237.203
2026-09-22 11:55:00,renewable,4793.228
2026-09-22 11:55:00,hydro,761.438
2026-09-22 11:55:00,oil,266.019
2026-09-22 11:55:00,anthracite,107.086
2026-09-22 11:55:00,solar,8924.35
2026-09-22 11:55:00,pumped,2037.27
2026-09-22 12:00:00,nuclear,27452.595
2026-09-22 12:00:00,bituminous_coal,22580.375
2026-09-22 12:00:00,lng,15335.241
2026-09-22 12:00:00,renewable,4798.71
2026-09-22 12:00:00,hydro,854.44
2026-09-22 12:00:00,oil,274.913
2026-09-22 12:00:00,anthracite,95.274
2026-09-22 12:00:00,solar,8944.392
2026-09-22 12:00:00,pumped,2060.66
2026-09-22 12:05:00,nuclear,27524.896
2026-09-22 12:05:00,bituminous_coal,22590.757
2026-09-22 12:05:00,lng,15390.267
2026-09-22 12:05:00,renewable,4864.928
2026-09-22 12:05:00,hydro,796.305
2026-09-22 12:05:00,oil,247.372
2026-09-22 12:05:00,anthracite,85.558
2026-09-22 12:05:00,solar,8961.366
2026-09-22 12:05:00,pumped,2083.546
2026-09-22 12:10:00,nuclear,27518.787
2026-09-22 12:10:00,bituminous_coal,22727.359
2026-09-22 12:10:00,lng,15374.384
2026-09-22 12:10:00,renewable,4896.808
2026-09-22 12:10:00,hydro,780.592
2026-09-22 12:10:00,oil,233.968
2026-09-22 12:10:00,anthracite,72.715
2026-09-22 12:10:00,solar,8975.266
2026-09-22 12:10:00,pumped,2105.916
2026-09-22 12:15:00,nuclear,27623.566
2026-09-22 12:15:00,bituminous_coal,22802.399
2026-09-22 12:15:00,lng,15491.303
2026-09-22 12:15:00,renewable,4924.432
2026-09-22 12:15:00,hydro,859.977
2026-09-22 12:15:00,oil,289.178
2026-09-22 12:15:00,anthracite,47.926
2026-09-22 12:15:00,solar,8986.083
2026-09-22 12:15:00,pumped,2127.76
2026-09-22 12:20:00,nuclear,27665.031
2026-09-22 12:20:00,bituminous_coal,22834.555
2026-09-22 12:20:00,lng,15521.018
2026-09-22 12:20:00,renewable,4931.182
2026-09-22 12:20:00,hydro,773.395
2026-09-22 12:20:00,oil,263.575
2026-09-22 12:20:00,anthracite,44.534
2026-09-22 12:20:00,solar,8993.813
2026-09-22 12:20:00,pumped,2149.067
2026-09-22 12:25:00,nuclear,27826.86
2026-09-22 12:25:00,bituminous_coal,22903.182
2026-09-22 12:25:00,lng,15484.073
2026-09-22 12:25:00,renewable,4903.788
2026-09-22 12:25:00,hydro,848.26
2026-09-22 12:25:00,oil,236.444
2026-09-22 12:25:00,anthracite,49.462
2026-09-22 12:25:00,solar,8998.453
2026-09-22 12:25:00,pumped,2169.827
2026-09-22 12:30:00,nuclear,27863.397
2026-09-22 12:30:00,bituminous_coal,22926.854
2026-09-22 12:30:00,lng,15607.991
2026-09-22 12:30:00,renewable,4907.478
2026-09-22 12:30:00,hydro,807.749
2026-09-22 12:30:00,oil,234.847
2026-09-22 12:30:00,anthracite,69.074
2026-09-22 12:30:00,solar,9000.0
2026-09-22 12:30:00,pumped,2190.03
2026-09-22 12:35:00,nuclear,27916.198
2026-09-22 12:35:00,bituminous_coal,22977.412
2026-09-22 12:35:00,lng,15627.02
2026-09-22 12:35:00,renewable,4950.057
2026-09-22 12:35:00,hydro,858.774
2026-09-22 12:35:00,oil,250.214
2026-09-22 12:35:00,anthracite,78.58
2026-09-22 12:35:00,solar,8998.453
2026-09-22 12:35:00,pumped,2209.667
2026-09-22 12:40:00,nuclear,27938.47
2026-09-22 12:40:00,bituminous_coal,23012.075
2026-09-22 12:40:00,lng,15600.102
2026-09-22 12:40:00,renewable,4912.689
2026-09-22 12:40:00,hydro,837.89
2026-09-22 12:40:00,oil,199.773
2026-09-22 12:40:00,anthracite,89.213
2026-09-22 12:40:00,solar,8993.813
2026-09-22 12:40:00,pumped,2228.728
2026-09-22 12:45:00,nuclear,28006.776
2026-09-22 12:45:00,bituminous_coal,23128.268
2026-09-22 12:45:00,lng,15704.464
2026-09-22 12:45:00,renewable,4952.604
2026-09-22 12:45:00,hydro,784.003
2026-09-22 12:45:00,oil,278.638
2026-09-22 12:45:00,anthracite,109.653
2026-09-22 12:45:00,solar,8986.083
2026-09-22 12:45:00,pumped,2247.204
2026-09-22 12:50:00,nuclear,28137.473
2026-09-22 12:50:00,bituminous_coal,23143.513
2026-09-22 12:50:00,lng,15708.373
2026-09-22 12:50:00,renewable,4941.934
2026-09-22 12:50:00,hydro,791.887
2026-09-22 12:50:00,oil,264.661
2026-09-22 12:50:00,anthracite,34.212
2026-09-22 12:50:00,solar,8975.266
2026-09-22 12:50:00,pumped,2265.087
2026-09-22 12:55:00,nuclear,28206.851
2026-09-22 12:55:00,bituminous_coal,23182.176
2026-09-22 12:55:00,lng,15759.82
2026-09-22 12:55:00,renewable,5008.702
2026-09-22 12:55:00,hydro,829.266
2026-09-22 12:55:00,oil,293.984
2026-09-22 12:55:00,anthracite,34.043
2026-09-22 12:55:00,solar,8961.366
2026-09-22 12:55:00,pumped,2282.368
2026-09-22 13:00:00,nuclear,28176.673
2026-09-22 13:00:00,bituminous_coal,23247.38
2026-09-22 13:00:00,lng,15815.787
2026-09-22 13:00:00,renewable,4951.081
2026-09-22 13:00:00,hydro,838.712
2026-09-22 13:00:00,oil,212.103
2026-09-22 13:00:00,anthracite,92.502
2026-09-22 13:00:00,solar,8944.392
2026-09-22 13:00:00,pumped,2299.038
2026-09-22 13:05:00,nuclear,28293.621
2026-09-22 13:05:00,bituminous_coal,23300.647
2026-09-22 13:05:00,lng,15750.964
2026-09-22 13:05:00,renewable,4976.613
2026-09-22 13:05:00,hydro,792.93
2026-09-22 13:05:00,oil,224.486
2026-09-22 13:05:00,anthracite,96.675
2026-09-22 13:05:00,solar,8924.35
2026-09-22 13:05:00,pumped,2315.09
2026-09-22 13:10:00,nuclear,28279.918
2026-09-22 13:10:00,bituminous_coal,23279.858
2026-09-22 13:10:00,lng,15873.313
2026-09-22 13:10:00,renewable,4964.891
2026-09-22 13:10:00,hydro,859.977
2026-09-22 13:10:00,oil,264.022
2026-09-22 13:10:00,anthracite,122.526
2026-09-22 13:10:00,solar,8901.25
2026-09-22 13:10:00,pumped,2330.516
2026-09-22 13:15:00,nuclear,28368.042
2026-09-22 13:15:00,bituminous_coal,23317.249
2026-09-22 13:15:00,lng,15821.727
2026-09-22 13:15:00,renewable,5039.808
2026-09-22 13:15:00,hydro,800.405
2026-09-22 13:15:00,oil,252.301
2026-09-22 13:15:00,anthracite,50.078
2026-09-22 13:15:00,solar,8875.104
2026-09-22 13:15:00,pumped,2345.309
2026-09-22 13:20:00,nuclear,28453.055
2026-09-22 13:20:00,bituminous_coal,23390.131
2026-09-22 13:20:00,lng,15853.645
2026-09-22 13:20:00,renewable,5015.339
2026-09-22 13:20:00,hydro,839.38
2026-09-22 13:20:00,oil,271.01
2026-09-22 13:20:00,anthracite,82.089
2026-09-22 13:20:00,solar,8845.924
2026-09-22 13:20:00,pumped,2359.462
2026-09-22 13:25:00,nuclear,28493.39
2026-09-22 13:25:00,bituminous_coal,23441.289
2026-09-22 13:25:00,lng,15908.279
2026-09-22 13:25:00,renewable,5027.023
2026-09-22 13:25:00,hydro,882.834
2026-09-22 13:25:00,oil,218.501
2026-09-22 13:25:00,anthracite,45.483
2026-09-22 13:25:00,solar,8813.723
2026-09-22 13:25:00,pumped,2372.967
2026-09-22 13:30:00,nuclear,28552.675
2026-09-22 13:30:00,bituminous_coal,23514.721
2026-09-22 13:30:00,lng,15975.823
2026-09-22 13:30:00,renewable,5009.34
2026-09-22 13:30:00,hydro,823.87
2026-09-22 13:30:00,oil,292.795
2026-09-22 13:30:00,anthracite,47.981
2026-09-22 13:30:00,solar,8778.518
2026-09-22 13:30:00,pumped,2385.819
2026-09-22 13:35:00,nuclear,28593.516
2026-09-22 13:35:00,bituminous_coal,23549.253
2026-09-22 13:35:00,lng,15929.453
2026-09-22 13:35:00,renewable,5042.309
2026-09-22 13:35:00,hydro,889.253
2026-09-22 13:35:00,oil,231.085
2026-09-22 13:35:00,anthracite,108.469
2026-09-22 13:35:00,solar,8740.324
2026-09-22 13:35:00,pumped,2398.012
2026-09-22 13:40:00,nuclear,28580.195
2026-09-22 13:40:00,bituminous_coal,23552.253
2026-09-22 13:40:00,lng,16002.487
2026-09-22 13:40:00,renewable,5002.869
2026-09-22 13:40:00,hydro,827.277
2026-09-22 13:40:00,oil,219.259
2026-09-22 13:40:00,anthracite,65.884
2026-09-22 13:40:00,solar,8699.16
2026-09-22 13:40:00,pumped,2409.539
2026-09-22 13:45:00,nuclear,28579.733
2026-09-22 13:45:00,bituminous_coal,23594.273
2026-09-22 13:45:00,lng,16046.615
2026-09-22 13:45:00,renewable,5009.445
2026-09-22 13:45:00,hydro,879.138
2026-09-22 13:45:00,oil,226.479
2026-09-22 13:45:00,anthracite,99.523
2026-09-22 13:45:00,solar,8655.046
2026-09-22 13:45:00,pumped,2420.395
2026-09-22 13:50:00,nuclear,28710.498
2026-09-22 13:50:00,bituminous_coal,23641.316
2026-09-22 13:50:00,lng,15975.548
2026-09-22 13:50:00,renewable,5016.988
2026-09-22 13:50:00,hydro,862.66
2026-09-22 13:50:00,oil,268.339
2026-09-22 13:50:00,anthracite,101.841
2026-09-22 13:50:00,solar,8608.002
2026-09-22 13:50:00,pumped,2430.575
2026-09-22 13:55:00,nuclear,28740.834
2026-09-22 13:55:00,bituminous_coal,23617.474
2026-09-22 13:55:00,lng,15993.022
2026-09-22 13:55:00,renewable,5110.085
2026-09-22 13:55:00,hydro,892.417
2026-09-22 13:55:00,oil,281.593
2026-09-22 13:55:00,anthracite,35.076
2026-09-22 13:55:00,solar,8558.051
2026-09-22 13:55:00,pumped,2440.075
2026-09-22 14:00:00,anthracite,0.021972
2026-09-22 14:00:00,bituminous_coal,21503.6
2026-09-22 14:00:00,hydro,354.656
2026-09-22 14:00:00,lng,13687.6
2026-09-22 14:00:00,nuclear,20667.4
2026-09-22 14:00:00,oil,118.04
2026-09-22 14:00:00,pumped,-1074.55
2026-09-22 14:00:00,renewable,3235.48
2026-09-22 14:00:00,solar,7432.06
2026-09-22 14:05:00,anthracite,0.021972
2026-09-22 14:05:00,bituminous_coal,21276.0
2026-09-22 14:05:00,hydro,513.401
2026-09-22 14:05:00,lng,13843.5
2026-09-22 14:05:00,nuclear,20667.6
2026-09-22 14:05:00,oil,118.189
2026-09-22 14:05:00,pumped,-1146.36
2026-09-22 14:05:00,renewable,3349.54
2026-09-22 14:05:00,solar,7419.98
2026-09-22 14:10:00,anthracite,0.021972
2026-09-22 14:10:00,bituminous_coal,21393.2
2026-09-22 14:10:00,hydro,517.166
2026-09-22 14:10:00,lng,14100.0
2026-09-22 14:10:00,nuclear,20671.9
2026-09-22 14:10:00,oil,116.918
2026-09-22 14:10:00,pumped,-1136.7
2026-09-22 14:10:00,renewable,3408.13
2026-09-22 14:10:00,solar,7290.1
2026-09-22 14:15:00,anthracite,0.021972
2026-09-22 14:15:00,bituminous_coal,21558.4
2026-09-22 14:15:00,hydro,458.512
2026-09-22 14:15:00,lng,14397.0
2026-09-22 14:15:00,nuclear,20695.3
2026-09-22 14:15:00,oil,118.79
2026-09-22 14:15:00,pumped,-1278.15
2026-09-22 14:15:00,renewable,3406.15
2026-09-22 14:15:00,solar,7152.66
2026-09-22 14:20:00,anthracite,0.021972
2026-09-22 14:20:00,bituminous_coal,21824.6
2026-09-22 14:20:00,hydro,419.948
2026-09-22 14:20:00,lng,14577.5
2026-09-22 14:20:00,nuclear,20691.9
2026-09-22 14:20:00,oil,118.902
2026-09-22 14:20:00,pumped,-1071.64
2026-09-22 14:20:00,renewable,3431.63
2026-09-22 14:20:00,solar,7108.03
2026-09-22 14:25:00,anthracite,0.021972
2026-09-22 14:25:00,bituminous_coal,22027.6
2026-09-22 14:25:00,hydro,499.865
2026-09-22 14:25:00,lng,14406.2
2026-09-22 14:25:00,nuclear,20668.8
2026-09-22 14:25:00,oil,118.146
2026-09-22 14:25:00,pumped,-1067.78
2026-09-22 14:25:00,renewable,3573.08
2026-09-22 14:25:00,solar,6989.52
2026-09-22 14:30:00,anthracite,0.021972
2026-09-22 14:30:00,bituminous_coal,22574.1
2026-09-22 14:30:00,hydro,450.533
2026-09-22 14:30:00,lng,14298.2
2026-09-22 14:30:00,nuclear,20670.2
2026-09-22 14:30:00,oil,118.171
2026-09-22 14:30:00,pumped,-1070.33
2026-09-22 14:30:00,renewable,3630.93
2026-09-22 14:30:00,solar,6911.03
2026-09-22 14:35:00,anthracite,0.021972
2026-09-22 14:35:00,bituminous_coal,22334.2
2026-09-22 14:35:00,hydro,446.273
2026-09-22 14:35:00,lng,14180.3
2026-09-22 14:35:00,nuclear,20665.9
2026-09-22 14:35:00,oil,117.436
2026-09-22 14:35:00,pumped,-747.172
2026-09-22 14:35:00,renewable,3665.05
2026-09-22 14:35:00,solar,6791.83
2026-09-22 14:40:00,anthracite,0.021972
2026-09-22 14:40:00,bituminous_coal,22421.9
2026-09-22 14:40:00,hydro,455.951
2026-09-22 14:40:00,lng,14404.4
2026-09-22 14:40:00,nuclear,20668.3
2026-09-22 14:40:00,oil,116.989
2026-09-22 14:40:00,pumped,-748.094
2026-09-22 14:40:00,renewable,3700.76
2026-09-22 14:40:00,solar,6622.62
2026-09-22 14:45:00,anthracite,0.021972
2026-09-22 14:45:00,bituminous_coal,22651.6
2026-09-22 14:45:00,hydro,453.159
2026-09-22 14:45:00,lng,14315.0
2026-09-22 14:45:00,nuclear,20663.0
2026-09-22 14:45:00,oil,120.798
2026-09-22 14:45:00,pumped,-684.579
2026-09-22 14:45:00,renewable,3648.11
2026-09-22 14:45:00,solar,6574.46
2026-09-22 14:50:00,anthracite,0.021972
2026-09-22 14:50:00,bituminous_coal,22898.7
2026-09-22 14:50:00,hydro,453.61
2026-09-22 14:50:00,lng,14514.4
2026-09-22 14:50:00,nuclear,20672.9
2026-09-22 14:50:00,oil,130.35
2026-09-22 14:50:00,pumped,-422.181
2026-09-22 14:50:00,renewable,3743.33
2026-09-22 14:50:00,solar,6462.9
2026-09-22 14:55:00,anthracite,0.021972
2026-09-22 14:55:00,bituminous_coal,23372.0
2026-09-22 14:55:00,hydro,399.4
2026-09-22 14:55:00,lng,14518.8
2026-09-22 14:55:00,nuclear,20692.0
2026-09-22 14:55:00,oil,139.194
2026-09-22 14:55:00,pumped,-423.618
2026-09-22 14:55:00,renewable,3778.57
2026-09-22 14:55:00,solar,6417.45
2026-09-22 15:00:00,anthracite,0.021972
2026-09-22 15:00:00,bituminous_coal,23349.6
2026-09-22 15:00:00,hydro,338.087
2026-09-22 15:00:00,lng,14675.4
2026-09-22 15:00:00,nuclear,20681.2
2026-09-22 15:00:00,oil,142.064
2026-09-22 15:00:00,pumped,-420.505
2026-09-22 15:00:00,renewable,3654.57
2026-09-22 15:00:00,solar,6287.6
2026-09-22 15:05:00,anthracite,0.021972
2026-09-22 15:05:00,bituminous_coal,23409.8
2026-09-22 15:05:00,hydro,352.787
2026-09-22 15:05:00,lng,14605.2
2026-09-22 15:05:00,nuclear,20629.8
2026-09-22 15:05:00,oil,148.162
2026-09-22 15:05:00,pumped,-420.585
2026-09-22 15:05:00,renewable,3684.02
2026-09-22 15:05:00,solar,6173.04
2026-09-22 15:10:00,anthracite,0.021972
2026-09-22 15:10:00,bituminous_coal,23278.9
2026-09-22 15:10:00,hydro,357.481
2026-09-22 15:10:00,lng,14948.2
2026-09-22 15:10:00,nuclear,20671.6
2026-09-22 15:10:00,oil,149.568
2026-09-22 15:10:00,pumped,-420.904
2026-09-22 15:10:00,renewable,3749.1
2026-09-22 15:10:00,solar,6096.82
2026-09-22 15:15:00,anthracite,0.021972
2026-09-22 15:15:00,bituminous_coal,23358.7
2026-09-22 15:15:00,hydro,358.928
2026-09-22 15:15:00,lng,15533.6
2026-09-22 15:15:00,nuclear,20679.7
2026-09-22 15:15:00,oil,149.112
2026-09-22 15:15:00,pumped,-422.301
2026-09-22 15:15:00,renewable,3731.75
2026-09-22 15:15:00,solar,5991.19
2026-09-22 15:20:00,anthracite,0.021972
2026-09-22 15:20:00,bituminous_coal,23681.3
2026-09-22 15:20:00,hydro,358.607
2026-09-22 15:20:00,lng,15788.8
2026-09-22 15:20:00,nuclear,20652.1
2026-09-22 15:20:00,oil,153.475
2026-09-22 15:20:00,pumped,-417.712
2026-09-22 15:20:00,renewable,3801.85
2026-09-22 15:20:00,solar,5791.37
2026-09-22 15:25:00,anthracite,0.021972
2026-09-22 15:25:00,bituminous_coal,24115.7
2026-09-22 15:25:00,hydro,358.462
2026-09-22 15:25:00,lng,15775.7
2026-09-22 15:25:00,nuclear,20669.1
2026-09-22 15:25:00,oil,163.979
2026-09-22 15:25:00,pumped,-420.904
2026-09-22 15:25:00,renewable,3754.41
2026-09-22 15:25:00,solar,5693.97
2026-09-22 15:30:00,anthracite,0.021972
2026-09-22 15:30:00,bituminous_coal,24271.8
2026-09-22 15:30:00,hydro,357.056
2026-09-22 15:30:00,lng,16391.6
2026-09-22 15:30:00,nuclear,20694.7
2026-09-22 15:30:00,oil,178.81
2026-09-22 15:30:00,pumped,-419.588
2026-09-22 15:30:00,renewable,3734.83
2026-09-22 15:30:00,solar,5529.77
2026-09-22 15:35:00,anthracite,0.021972
2026-09-22 15:35:00,bituminous_coal,24679.1
2026-09-22 15:35:00,hydro,316.715
2026-09-22 15:35:00,lng,16502.5
2026-09-22 15:35:00,nuclear,20657.8
2026-09-22 15:35:00,oil,182.427
2026-09-22 15:35:00,pumped,-419.867
2026-09-22 15:35:00,renewable,3836.66
2026-09-22 15:35:00,solar,5380.43
2026-09-22 15:40:00,anthracite,0.021972
2026-09-22 15:40:00,bituminous_coal,24840.5
2026-09-22 15:40:00,hydro,305.204
2026-09-22 15:40:00,lng,16425.8
2026-09-22 15:40:00,nuclear,20659.8
2026-09-22 15:40:00,oil,185.69
2026-09-22 15:40:00,pumped,-416.276
2026-09-22 15:40:00,renewable,3695.47
2026-09-22 15:40:00,solar,5263.62
2026-09-22 15:45:00,anthracite,0.021972
2026-09-22 15:45:00,bituminous_coal,25252.9
2026-09-22 15:45:00,hydro,305.911
2026-09-22 15:45:00,lng,16738.6
2026-09-22 15:45:00,nuclear,20699.8
2026-09-22 15:45:00,oil,190.869
2026-09-22 15:45:00,pumped,-421.184
2026-09-22 15:45:00,renewable,3743.96
2026-09-22 15:45:00,solar,5100.85
2026-09-22 15:50:00,anthracite,0.021972
2026-09-22 15:50:00,bituminous_coal,25514.9
2026-09-22 15:50:00,hydro,297.845
2026-09-22 15:50:00,lng,16889.0
2026-09-22 15:50:00,nuclear,20692.9
2026-09-22 15:50:00,oil,194.581
2026-09-22 15:50:00,pumped,-219.225
2026-09-22 15:50:00,renewable,3756.4
2026-09-22 15:50:00,solar,4945.58
2026-09-22 15:55:00,anthracite,0.021972
2026-09-22 15:55:00,bituminous_coal,25797.4
2026-09-22 15:55:00,hydro,279.942
2026-09-22 15:55:00,lng,17204.4
2026-09-22 15:55:00,nuclear,20691.4
2026-09-22 15:55:00,oil,195.468
2026-09-22 15:55:00,pumped,-66.8132
2026-09-22 15:55:00,renewable,3749.77
2026-09-22 15:55:00,solar,4789.19
