observed_at,station_id,wind_speed_ms,temperature_c,humidity_pct,solar_radiation_mj
2025-07-01 00:00:00,108,2.6,27.7,77.0,None
2025-07-01 01:00:00,108,2.6,27.4,79.0,None
2025-07-01 02:00:00,108,2.7,27.1,81.0,None
2025-07-01 03:00:00,108,2.6,26.9,82.0,None
2025-07-01 04:00:00,108,3.2,26.7,84.0,None
2025-07-01 05:00:00,108,2.9,26.7,84.0,None
2025-07-01 06:00:00,108,2.0,26.5,87.0,0.02
2025-07-01 07:00:00,108,2.4,26.4,91.0,0.13
2025-07-01 08:00:00,108,3.1,26.4,91.0,0.31
2025-07-01 09:00:00,108,2.7,27.0,88.0,0.65
2025-07-01 10:00:00,108,2.9,28.1,83.0,1.01
2025-07-01 11:00:00,108,2.8,29.1,78.0,1.65
2025-07-01 12:00:00,108,3.3,29.8,75.0,1.76
2025-07-01 13:00:00,108,3.2,31.3,71.0,2.47
2025-07-01 14:00:00,108,2.8,31.6,69.0,2.83
2025-07-01 15:00:00,108,3.8,31.2,69.0,1.79
2025-07-01 16:00:00,108,3.4,31.6,69.0,1.8
2025-07-01 17:00:00,108,4.7,31.2,68.0,1.41
2025-07-01 18:00:00,108,3.1,31.1,69.0,1.13
2025-07-01 19:00:00,108,2.7,30.1,71.0,0.34
2025-07-01 20:00:00,108,3.2,29.4,74.0,0.08
2025-07-01 21:00:00,108,2.9,28.6,78.0,None
2025-07-01 22:00:00,108,2.9,28.3,79.0,None
2025-07-01 23:00:00,108,3.2,28.0,81.0,None
2025-07-02 00:00:00,108,2.6,27.8,81.0,None
2025-07-02 01:00:00,108,1.9,27.4,82.0,None
2025-07-02 02:00:00,108,3.2,27.2,82.0,None
2025-07-02 03:00:00,108,2.5,27.0,83.0,None
2025-07-02 04:00:00,108,2.5,27.0,84.0,None
2025-07-02 05:00:00,108,2.4,26.9,84.0,None
2025-07-02 06:00:00,108,2.6,26.8,83.0,0.04
2025-07-02 07:00:00,108,3.4,27.0,82.0,0.28
2025-07-02 08:00:00,108,2.7,27.4,81.0,0.4
2025-07-02 09:00:00,108,3.5,28.2,79.0,0.72
2025-07-02 10:00:00,108,3.7,28.8,77.0,1.25
2025-07-02 11:00:00,108,3.2,29.1,75.0,1.02
2025-07-02 12:00:00,108,4.3,30.2,69.0,1.89
2025-07-02 13:00:00,108,5.2,30.6,67.0,2.0
2025-07-02 14:00:00,108,4.2,30.2,69.0,1.09
2025-07-02 15:00:00,108,3.6,30.2,69.0,1.3
2025-07-02 16:00:00,108,3.4,30.4,66.0,1.39
2025-07-02 17:00:00,108,3.6,30.6,62.0,1.38
2025-07-02 18:00:00,108,3.2,30.3,67.0,1.08
2025-07-02 19:00:00,108,3.2,29.5,67.0,0.46
2025-07-02 20:00:00,108,2.6,28.8,71.0,0.1
2025-07-02 21:00:00,108,2.9,28.3,78.0,None
2025-07-02 22:00:00,108,2.1,28.0,79.0,None
2025-07-02 23:00:00,108,2.6,27.8,81.0,None
2025-07-03 00:00:00,108,2.1,27.6,82.0,None
2025-07-03 01:00:00,108,2.4,27.4,84.0,None
2025-07-03 02:00:00,108,2.2,27.2,85.0,None
2025-07-03 03:00:00,108,1.9,27.1,85.0,None
2025-07-03 04:00:00,108,2.0,27.0,87.0,None
2025-07-03 05:00:00,108,2.1,26.9,85.0,None
2025-07-03 06:00:00,108,3.0,26.8,85.0,0.01
2025-07-03 07:00:00,108,3.3,26.8,84.0,0.09
2025-07-03 08:00:00,108,1.8,27.0,83.0,0.18
2025-07-03 09:00:00,108,3.7,27.1,81.0,0.39
2025-07-03 10:00:00,108,3.2,27.5,80.0,0.71
2025-07-03 11:00:00,108,2.8,28.2,77.0,0.85
2025-07-03 12:00:00,108,2.9,28.5,75.0,0.79
2025-07-03 13:00:00,108,4.2,28.6,75.0,0.91
2025-07-03 14:00:00,108,2.9,30.0,69.0,2.29
2025-07-03 15:00:00,108,3.2,31.5,61.0,2.6
2025-07-03 16:00:00,108,3.5,31.1,61.0,1.92
2025-07-03 17:00:00,108,4.0,31.5,56.0,1.62
2025-07-03 18:00:00,108,2.9,30.5,63.0,0.76
2025-07-03 19:00:00,108,3.0,29.6,70.0,0.35
2025-07-03 20:00:00,108,2.6,28.7,72.0,0.13
2025-07-03 21:00:00,108,2.7,28.0,74.0,None
2025-07-03 22:00:00,108,2.3,27.5,76.0,None
2025-07-03 23:00:00,108,2.2,27.0,79.0,None
2025-07-04 00:00:00,108,3.1,26.5,80.0,None
2025-07-04 01:00:00,108,2.9,26.3,80.0,None
2025-07-04 02:00:00,108,3.8,26.1,81.0,None
2025-07-04 03:00:00,108,2.6,26.0,80.0,None
2025-07-04 04:00:00,108,3.0,25.8,81.0,None
2025-07-04 05:00:00,108,2.4,25.8,82.0,None
2025-07-04 06:00:00,108,2.7,25.7,84.0,0.04
2025-07-04 07:00:00,108,2.9,26.0,82.0,0.24
2025-07-04 08:00:00,108,2.3,26.6,78.0,0.6
2025-07-04 09:00:00,108,3.5,26.8,75.0,0.49
2025-07-04 10:00:00,108,3.0,27.1,73.0,0.59
2025-07-04 11:00:00,108,3.2,27.3,75.0,0.57
2025-07-04 12:00:00,108,2.8,27.0,76.0,0.25
2025-07-04 13:00:00,108,4.1,27.4,74.0,0.42
2025-07-04 14:00:00,108,3.9,29.1,69.0,1.57
2025-07-04 15:00:00,108,3.9,29.5,67.0,2.14
2025-07-04 16:00:00,108,3.8,28.9,71.0,0.32
2025-07-04 17:00:00,108,3.9,28.6,74.0,0.21
2025-07-04 18:00:00,108,3.0,28.4,75.0,0.17
2025-07-04 19:00:00,108,3.2,28.1,76.0,0.08
2025-07-04 20:00:00,108,3.9,27.7,77.0,0.03
2025-07-04 21:00:00,108,3.0,27.4,78.0,None
2025-07-04 22:00:00,108,3.2,27.1,79.0,None
2025-07-04 23:00:00,108,2.3,26.9,81.0,None
2025-07-05 00:00:00,108,3.8,26.7,81.0,None
2025-07-05 01:00:00,108,2.6,26.6,81.0,None
2025-07-05 02:00:00,108,2.2,26.5,82.0,None
2025-07-05 03:00:00,108,2.7,26.3,81.0,None
2025-07-05 04:00:00,108,2.5,26.2,83.0,None
2025-07-05 05:00:00,108,1.6,26.1,83.0,None
2025-07-05 06:00:00,108,2.8,26.0,81.0,0.02
2025-07-05 07:00:00,108,2.1,26.2,82.0,0.18
2025-07-05 08:00:00,108,2.1,26.4,81.0,0.34
2025-07-05 09:00:00,108,2.4,27.2,77.0,0.77
2025-07-05 10:00:00,108,2.7,27.7,73.0,0.76
2025-07-05 11:00:00,108,2.7,28.2,71.0,0.71
2025-07-05 12:00:00,108,2.8,29.2,68.0,1.2
2025-07-05 13:00:00,108,2.8,30.3,66.0,1.67
2025-07-05 14:00:00,108,2.9,31.1,64.0,1.95
2025-07-05 15:00:00,108,2.8,32.2,61.0,2.69
2025-07-05 16:00:00,108,3.6,32.0,60.0,2.2
2025-07-05 17:00:00,108,3.8,31.2,61.0,0.98
2025-07-05 18:00:00,108,3.1,30.7,65.0,0.88
2025-07-05 19:00:00,108,2.7,30.1,68.0,0.38
2025-07-05 20:00:00,108,2.7,29.2,71.0,0.04
2025-07-05 21:00:00,108,2.4,28.7,72.0,None
2025-07-05 22:00:00,108,3.4,28.0,76.0,None
2025-07-05 23:00:00,108,3.2,27.4,79.0,None
2025-07-06 00:00:00,108,3.3,27.1,78.0,None
2025-07-06 01:00:00,108,2.9,26.8,79.0,None
2025-07-06 02:00:00,108,2.1,26.6,80.0,None
2025-07-06 03:00:00,108,2.6,26.6,81.0,None
2025-07-06 04:00:00,108,2.4,26.5,82.0,None
2025-07-06 05:00:00,108,3.2,26.5,82.0,None
2025-07-06 06:00:00,108,3.2,26.4,83.0,0.0
2025-07-06 07:00:00,108,2.9,26.4,82.0,0.07
2025-07-06 08:00:00,108,2.3,26.4,83.0,0.16
2025-07-06 09:00:00,108,2.8,26.6,82.0,0.2
2025-07-06 10:00:00,108,1.8,27.4,79.0,0.52
2025-07-06 11:00:00,108,1.4,28.6,76.0,1.04
2025-07-06 12:00:00,108,2.5,30.6,68.0,2.55
2025-07-06 13:00:00,108,2.7,31.5,63.0,2.67
2025-07-06 14:00:00,108,2.8,32.6,61.0,2.43
2025-07-06 15:00:00,108,2.7,32.7,60.0,1.78
2025-07-06 16:00:00,108,3.0,32.3,62.0,1.18
2025-07-06 17:00:00,108,3.4,31.9,62.0,0.79
2025-07-06 18:00:00,108,1.8,32.0,67.0,0.73
2025-07-06 19:00:00,108,2.2,31.4,67.0,0.47
2025-07-06 20:00:00,108,1.7,30.2,72.0,0.11
2025-07-06 21:00:00,108,2.1,29.5,74.0,None
2025-07-06 22:00:00,108,2.1,28.8,77.0,None
2025-07-06 23:00:00,108,1.5,28.4,79.0,None
2025-07-07 00:00:00,108,1.3,28.2,79.0,None
2025-07-07 01:00:00,108,2.6,27.7,79.0,None
2025-07-07 02:00:00,108,1.8,27.3,81.0,None
2025-07-07 03:00:00,108,2.3,27.2,82.0,None
2025-07-07 04:00:00,108,2.4,27.0,81.0,None
2025-07-07 05:00:00,108,2.4,27.0,82.0,None
2025-07-07 06:00:00,108,2.8,26.7,85.0,0.01
2025-07-07 07:00:00,108,1.2,26.8,84.0,0.06
2025-07-07 08:00:00,108,1.0,27.2,84.0,0.18
2025-07-07 09:00:00,108,0.8,27.5,83.0,0.25
2025-07-07 10:00:00,108,1.3,28.0,82.0,0.33
2025-07-07 11:00:00,108,2.0,28.3,81.0,0.33
2025-07-07 12:00:00,108,1.3,28.8,79.0,0.45
2025-07-07 13:00:00,108,1.6,30.7,74.0,1.43
2025-07-07 14:00:00,108,0.8,32.3,70.0,2.07
2025-07-07 15:00:00,108,2.1,32.8,66.0,1.71
2025-07-07 16:00:00,108,2.1,33.0,67.0,1.39
2025-07-07 17:00:00,108,3.5,32.8,69.0,1.56
2025-07-07 18:00:00,108,2.8,32.2,72.0,1.0
2025-07-07 19:00:00,108,2.8,30.9,75.0,0.35
2025-07-07 20:00:00,108,2.2,29.7,81.0,0.09
2025-07-07 21:00:00,108,1.8,29.1,81.0,None
2025-07-07 22:00:00,108,1.4,28.8,82.0,None
2025-07-07 23:00:00,108,1.2,28.6,83.0,None
2025-07-08 00:00:00,108,1.7,28.4,84.0,None
2025-07-08 01:00:00,108,1.4,28.2,85.0,None
2025-07-08 02:00:00,108,0.8,27.9,87.0,None
2025-07-08 03:00:00,108,1.2,27.7,87.0,None
2025-07-08 04:00:00,108,1.3,27.4,88.0,None
2025-07-08 05:00:00,108,1.5,27.0,88.0,None
2025-07-08 06:00:00,108,1.5,27.0,88.0,0.04
2025-07-08 07:00:00,108,2.0,27.7,85.0,0.39
2025-07-08 08:00:00,108,2.5,29.5,77.0,1.0
2025-07-08 09:00:00,108,1.9,31.1,72.0,1.76
2025-07-08 10:00:00,108,2.3,32.7,65.0,2.41
2025-07-08 11:00:00,108,2.0,34.4,60.0,2.91
2025-07-08 12:00:00,108,2.1,35.3,56.0,3.24
2025-07-08 13:00:00,108,2.7,35.2,55.0,1.87
2025-07-08 14:00:00,108,2.3,36.7,51.0,2.66
2025-07-08 15:00:00,108,1.3,37.4,48.0,2.42
2025-07-08 16:00:00,108,2.5,36.6,49.0,1.34
2025-07-08 17:00:00,108,2.2,37.2,49.0,1.41
2025-07-08 18:00:00,108,4.1,36.0,57.0,0.83
2025-07-08 19:00:00,108,6.3,27.9,80.0,0.27
2025-07-08 20:00:00,108,1.4,27.2,81.0,0.09
2025-07-08 21:00:00,108,2.2,27.4,87.0,None
2025-07-08 22:00:00,108,0.9,27.8,84.0,None
2025-07-08 23:00:00,108,0.7,28.1,84.0,None
2025-07-09 00:00:00,108,2.0,28.2,85.0,None
2025-07-09 01:00:00,108,0.9,28.3,81.0,None
2025-07-09 02:00:00,108,1.1,28.3,79.0,None
2025-07-09 03:00:00,108,1.1,28.0,82.0,None
2025-07-09 04:00:00,108,1.9,27.8,81.0,None
2025-07-09 05:00:00,108,1.8,27.6,82.0,None
2025-07-09 06:00:00,108,2.4,27.5,80.0,0.04
2025-07-09 07:00:00,108,1.7,27.9,77.0,0.32
2025-07-09 08:00:00,108,2.7,29.7,71.0,1.07
2025-07-09 09:00:00,108,2.3,31.3,63.0,2.02
2025-07-09 10:00:00,108,2.8,32.3,62.0,2.3
2025-07-09 11:00:00,108,2.5,33.6,57.0,3.05
2025-07-09 12:00:00,108,2.2,33.8,55.0,2.96
2025-07-09 13:00:00,108,2.3,34.0,53.0,2.03
2025-07-09 14:00:00,108,2.5,35.4,48.0,3.22
2025-07-09 15:00:00,108,2.2,35.4,48.0,2.45
2025-07-09 16:00:00,108,2.1,35.5,46.0,1.6
2025-07-09 17:00:00,108,1.9,35.4,47.0,1.26
2025-07-09 18:00:00,108,1.8,35.3,48.0,0.9
2025-07-09 19:00:00,108,2.0,34.4,51.0,0.28
2025-07-09 20:00:00,108,2.2,33.5,53.0,0.05
2025-07-09 21:00:00,108,1.3,32.9,54.0,None
2025-07-09 22:00:00,108,3.3,32.1,54.0,None
2025-07-09 23:00:00,108,3.1,31.3,58.0,None
2025-07-10 00:00:00,108,3.1,30.9,59.0,None
2025-07-10 01:00:00,108,2.3,30.1,62.0,None
2025-07-10 02:00:00,108,2.6,29.3,64.0,None
2025-07-10 03:00:00,108,2.0,28.7,65.0,None
2025-07-10 04:00:00,108,2.4,28.2,64.0,None
2025-07-10 05:00:00,108,2.1,27.8,63.0,None
2025-07-10 06:00:00,108,3.7,27.3,64.0,0.04
2025-07-10 07:00:00,108,2.8,27.6,63.0,0.39
2025-07-10 08:00:00,108,3.0,29.4,55.0,1.16
2025-07-10 09:00:00,108,2.2,31.0,49.0,1.99
2025-07-10 10:00:00,108,3.0,32.1,43.0,2.53
2025-07-10 11:00:00,108,2.9,33.4,42.0,3.07
2025-07-10 12:00:00,108,3.2,34.1,42.0,3.43
2025-07-10 13:00:00,108,3.2,34.5,40.0,3.55
2025-07-10 14:00:00,108,3.0,35.4,39.0,3.48
2025-07-10 15:00:00,108,2.7,35.7,37.0,3.19
2025-07-10 16:00:00,108,3.6,36.1,36.0,2.73
2025-07-10 17:00:00,108,3.1,36.0,35.0,2.13
2025-07-10 18:00:00,108,2.7,35.5,34.0,1.42
2025-07-10 19:00:00,108,4.3,33.9,34.0,0.69
2025-07-10 20:00:00,108,4.3,32.2,35.0,0.15
2025-07-10 21:00:00,108,3.2,31.0,39.0,None
2025-07-10 22:00:00,108,3.3,29.9,40.0,None
2025-07-10 23:00:00,108,3.8,28.9,42.0,None
2025-07-11 00:00:00,108,3.5,28.0,43.0,None
2025-07-11 01:00:00,108,3.8,27.1,45.0,None
2025-07-11 02:00:00,108,4.0,26.4,49.0,None
2025-07-11 03:00:00,108,3.1,25.8,50.0,None
2025-07-11 04:00:00,108,3.4,25.3,53.0,None
2025-07-11 05:00:00,108,3.6,24.8,56.0,None
2025-07-11 06:00:00,108,3.1,24.6,58.0,0.03
2025-07-11 07:00:00,108,4.7,25.3,57.0,0.48
2025-07-11 08:00:00,108,4.2,27.1,52.0,1.23
2025-07-11 09:00:00,108,3.6,28.8,49.0,1.94
2025-07-11 10:00:00,108,3.0,30.2,47.0,2.58
2025-07-11 11:00:00,108,3.5,31.4,45.0,3.09
2025-07-11 12:00:00,108,3.9,32.5,44.0,3.47
2025-07-11 13:00:00,108,2.8,33.5,40.0,3.59
2025-07-11 14:00:00,108,3.7,34.3,41.0,3.53
2025-07-11 15:00:00,108,2.6,35.0,38.0,3.23
2025-07-11 16:00:00,108,2.8,35.7,37.0,2.77
2025-07-11 17:00:00,108,2.7,36.0,35.0,2.14
2025-07-11 18:00:00,108,2.4,35.6,38.0,1.43
2025-07-11 19:00:00,108,2.7,34.2,39.0,0.69
2025-07-11 20:00:00,108,3.7,32.5,43.0,0.15
2025-07-11 21:00:00,108,4.6,30.9,47.0,None
2025-07-11 22:00:00,108,3.5,29.8,50.0,None
2025-07-11 23:00:00,108,2.8,28.8,51.0,None
2025-07-12 00:00:00,108,2.5,28.0,53.0,None
2025-07-12 01:00:00,108,2.9,27.2,53.0,None
2025-07-12 02:00:00,108,3.5,26.6,54.0,None
2025-07-12 03:00:00,108,3.5,26.0,55.0,None
2025-07-12 04:00:00,108,2.8,25.4,56.0,None
2025-07-12 05:00:00,108,2.6,24.8,56.0,None
2025-07-12 06:00:00,108,1.3,24.4,58.0,0.03
2025-07-12 07:00:00,108,2.4,25.1,56.0,0.45
2025-07-12 08:00:00,108,2.3,27.3,50.0,1.24
2025-07-12 09:00:00,108,2.6,29.1,46.0,1.95
2025-07-12 10:00:00,108,3.3,30.6,40.0,2.62
2025-07-12 11:00:00,108,2.5,32.2,37.0,3.14
2025-07-12 12:00:00,108,2.0,33.3,37.0,3.51
2025-07-12 13:00:00,108,1.7,34.3,32.0,3.65
2025-07-12 14:00:00,108,2.1,35.2,30.0,3.54
2025-07-12 15:00:00,108,2.2,35.9,29.0,3.17
2025-07-12 16:00:00,108,2.5,36.2,28.0,2.72
2025-07-12 17:00:00,108,2.9,36.0,29.0,2.08
2025-07-12 18:00:00,108,2.7,34.9,38.0,1.24
2025-07-12 19:00:00,108,2.4,32.8,48.0,0.56
2025-07-12 20:00:00,108,2.1,31.4,51.0,0.12
2025-07-12 21:00:00,108,1.6,30.6,53.0,None
2025-07-12 22:00:00,108,2.0,29.7,57.0,None
2025-07-12 23:00:00,108,2.4,28.8,60.0,None
2025-07-13 00:00:00,108,1.5,28.2,64.0,None
2025-07-13 01:00:00,108,1.1,27.7,66.0,None
2025-07-13 02:00:00,108,0.4,27.3,66.0,None
2025-07-13 03:00:00,108,0.6,27.0,69.0,None
2025-07-13 04:00:00,108,0.5,26.7,67.0,None
2025-07-13 05:00:00,108,1.4,26.0,67.0,None
2025-07-13 06:00:00,108,1.5,25.7,69.0,0.03
2025-07-13 07:00:00,108,0.7,26.4,66.0,0.37
2025-07-13 08:00:00,108,1.7,27.8,64.0,0.73
2025-07-13 09:00:00,108,1.4,29.3,60.0,1.51
2025-07-13 10:00:00,108,1.6,30.1,58.0,1.21
2025-07-13 11:00:00,108,1.7,30.8,58.0,1.64
2025-07-13 12:00:00,108,2.0,30.6,58.0,1.16
2025-07-13 13:00:00,108,2.3,30.7,58.0,1.38
2025-07-13 14:00:00,108,3.1,28.2,69.0,0.44
2025-07-13 15:00:00,108,2.1,28.1,71.0,0.42
2025-07-13 16:00:00,108,1.9,28.3,67.0,0.57
2025-07-13 17:00:00,108,2.0,28.3,65.0,0.46
2025-07-13 18:00:00,108,1.6,28.2,69.0,0.19
2025-07-13 19:00:00,108,1.3,28.1,68.0,0.19
2025-07-13 20:00:00,108,1.1,27.8,67.0,0.09
2025-07-13 21:00:00,108,1.8,27.0,70.0,None
2025-07-13 22:00:00,108,1.0,26.5,67.0,None
2025-07-13 23:00:00,108,1.4,25.9,67.0,None
2025-07-14 00:00:00,108,1.6,25.6,68.0,None
2025-07-14 01:00:00,108,1.3,25.3,64.0,None
2025-07-14 02:00:00,108,2.3,25.1,66.0,None
2025-07-14 03:00:00,108,0.9,24.7,67.0,None
2025-07-14 04:00:00,108,1.6,24.3,70.0,None
2025-07-14 05:00:00,108,1.5,23.9,73.0,None
2025-07-14 06:00:00,108,0.7,23.6,74.0,0.01
2025-07-14 07:00:00,108,1.4,24.0,75.0,0.21
2025-07-14 08:00:00,108,1.1,25.1,75.0,0.66
2025-07-14 09:00:00,108,2.4,25.6,74.0,0.41
2025-07-14 10:00:00,108,1.9,26.1,70.0,0.73
2025-07-14 11:00:00,108,2.1,27.7,62.0,1.37
2025-07-14 12:00:00,108,2.7,27.9,62.0,1.04
2025-07-14 13:00:00,108,3.4,25.8,73.0,0.6
2025-07-14 14:00:00,108,2.6,25.6,71.0,0.77
2025-07-14 15:00:00,108,3.9,24.8,77.0,0.42
2025-07-14 16:00:00,108,2.7,23.2,88.0,0.27
2025-07-14 17:00:00,108,2.2,23.2,85.0,0.34
2025-07-14 18:00:00,108,0.5,23.1,87.0,0.16
2025-07-14 19:00:00,108,0.9,23.0,89.0,0.18
2025-07-14 20:00:00,108,2.6,22.7,92.0,0.02
2025-07-14 21:00:00,108,3.4,22.5,93.0,None
2025-07-14 22:00:00,108,1.9,22.1,93.0,None
2025-07-14 23:00:00,108,3.4,21.9,95.0,None
2025-07-15 00:00:00,108,2.4,21.7,92.0,None
2025-07-15 01:00:00,108,1.8,21.6,94.0,None
2025-07-15 02:00:00,108,3.2,21.5,95.0,None
2025-07-15 03:00:00,108,3.2,21.6,93.0,None
2025-07-15 04:00:00,108,3.0,21.6,93.0,None
2025-07-15 05:00:00,108,3.3,21.6,94.0,None
2025-07-15 06:00:00,108,5.0,21.5,93.0,0.01
2025-07-15 07:00:00,108,3.2,21.6,93.0,0.15
2025-07-15 08:00:00,108,1.7,22.0,92.0,0.33
2025-07-15 09:00:00,108,2.5,22.5,89.0,0.55
2025-07-15 10:00:00,108,1.7,22.8,89.0,0.52
2025-07-15 11:00:00,108,1.7,23.0,85.0,0.53
2025-07-15 12:00:00,108,2.1,23.8,83.0,0.85
2025-07-15 13:00:00,108,2.0,24.2,85.0,1.26
2025-07-15 14:00:00,108,2.0,24.4,81.0,1.19
2025-07-15 15:00:00,108,2.1,25.7,77.0,2.04
2025-07-15 16:00:00,108,2.1,25.5,75.0,1.3
2025-07-15 17:00:00,108,2.0,25.4,78.0,0.56
2025-07-15 18:00:00,108,1.6,25.0,82.0,0.38
2025-07-15 19:00:00,108,2.5,25.0,75.0,0.28
2025-07-15 20:00:00,108,1.7,24.4,73.0,0.08
2025-07-15 21:00:00,108,1.8,24.2,75.0,None
2025-07-15 22:00:00,108,1.7,24.2,75.0,None
2025-07-15 23:00:00,108,2.6,24.1,79.0,None
2025-07-16 00:00:00,108,1.9,24.1,81.0,None
2025-07-16 01:00:00,108,2.3,24.1,82.0,None
2025-07-16 02:00:00,108,2.4,24.1,84.0,None
2025-07-16 03:00:00,108,2.6,24.2,85.0,None
2025-07-16 04:00:00,108,2.9,24.3,87.0,None
2025-07-16 05:00:00,108,0.9,24.2,87.0,None
2025-07-16 06:00:00,108,1.6,24.1,86.0,0.0
2025-07-16 07:00:00,108,1.0,24.3,88.0,0.15
2025-07-16 08:00:00,108,1.0,24.4,90.0,0.21
2025-07-16 09:00:00,108,2.9,24.6,85.0,0.39
2025-07-16 10:00:00,108,1.5,24.6,84.0,0.25
2025-07-16 11:00:00,108,3.2,23.2,81.0,0.27
2025-07-16 12:00:00,108,1.3,23.3,85.0,0.23
2025-07-16 13:00:00,108,2.6,23.5,78.0,0.21
2025-07-16 14:00:00,108,2.6,23.6,80.0,0.15
2025-07-16 15:00:00,108,3.0,23.0,89.0,0.18
2025-07-16 16:00:00,108,2.9,22.7,93.0,0.09
2025-07-16 17:00:00,108,1.6,22.7,94.0,0.11
2025-07-16 18:00:00,108,3.6,22.6,95.0,0.08
2025-07-16 19:00:00,108,2.1,22.5,96.0,0.02
2025-07-16 20:00:00,108,1.5,22.4,98.0,0.0
2025-07-16 21:00:00,108,2.5,22.3,98.0,None
2025-07-16 22:00:00,108,1.8,22.3,96.0,None
2025-07-16 23:00:00,108,2.2,22.4,95.0,None
2025-07-17 00:00:00,108,1.6,22.5,98.0,None
2025-07-17 01:00:00,108,1.7,22.6,97.0,None
2025-07-17 02:00:00,108,1.6,22.8,96.0,None
2025-07-17 03:00:00,108,2.2,22.9,97.0,None
2025-07-17 04:00:00,108,1.5,22.8,94.0,None
2025-07-17 05:00:00,108,2.3,22.6,96.0,None
2025-07-17 06:00:00,108,2.4,22.7,98.0,0.0
2025-07-17 07:00:00,108,3.2,22.6,99.0,0.01
2025-07-17 08:00:00,108,2.2,22.6,98.0,0.01
2025-07-17 09:00:00,108,2.7,22.3,98.0,0.03
2025-07-17 10:00:00,108,2.7,22.0,97.0,0.03
2025-07-17 11:00:00,108,2.3,22.7,96.0,0.4
2025-07-17 12:00:00,108,3.2,23.9,91.0,1.45
2025-07-17 13:00:00,108,3.1,24.3,87.0,0.87
2025-07-17 14:00:00,108,1.9,23.8,90.0,0.38
2025-07-17 15:00:00,108,2.4,24.0,89.0,0.7
2025-07-17 16:00:00,108,2.0,24.2,87.0,0.54
2025-07-17 17:00:00,108,1.3,24.1,91.0,0.14
2025-07-17 18:00:00,108,2.4,23.8,94.0,0.14
2025-07-17 19:00:00,108,1.2,23.7,92.0,0.04
2025-07-17 20:00:00,108,1.4,23.5,94.0,0.03
2025-07-17 21:00:00,108,1.4,23.3,94.0,None
2025-07-17 22:00:00,108,1.7,23.2,96.0,None
2025-07-17 23:00:00,108,0.8,23.3,96.0,None
2025-07-18 00:00:00,108,1.9,23.4,93.0,None
2025-07-18 01:00:00,108,1.6,23.5,92.0,None
2025-07-18 02:00:00,108,1.4,23.5,91.0,None
2025-07-18 03:00:00,108,1.1,23.4,91.0,None
2025-07-18 04:00:00,108,0.9,23.4,92.0,None
2025-07-18 05:00:00,108,1.0,23.2,95.0,None
2025-07-18 06:00:00,108,0.9,23.1,94.0,0.01
2025-07-18 07:00:00,108,1.9,23.1,94.0,0.06
2025-07-18 08:00:00,108,0.8,23.4,93.0,0.15
2025-07-18 09:00:00,108,1.7,23.0,96.0,0.1
2025-07-18 10:00:00,108,1.3,23.2,97.0,0.23
2025-07-18 11:00:00,108,1.1,23.9,96.0,0.59
2025-07-18 12:00:00,108,2.2,24.2,93.0,0.53
2025-07-18 13:00:00,108,2.2,24.7,94.0,0.87
2025-07-18 14:00:00,108,2.7,25.4,90.0,1.17
2025-07-18 15:00:00,108,2.5,25.9,87.0,1.09
2025-07-18 16:00:00,108,1.7,26.9,82.0,1.23
2025-07-18 17:00:00,108,2.3,27.0,83.0,0.54
2025-07-18 18:00:00,108,1.5,27.0,81.0,0.57
2025-07-18 19:00:00,108,1.6,26.9,81.0,0.27
2025-07-18 20:00:00,108,2.0,26.3,85.0,0.03
2025-07-18 21:00:00,108,2.4,25.8,86.0,None
2025-07-18 22:00:00,108,2.2,25.5,86.0,None
2025-07-18 23:00:00,108,2.3,25.4,88.0,None
2025-07-19 00:00:00,108,2.0,25.3,88.0,None
2025-07-19 01:00:00,108,1.2,25.1,92.0,None
2025-07-19 02:00:00,108,2.0,24.8,96.0,None
2025-07-19 03:00:00,108,1.1,22.6,92.0,None
2025-07-19 04:00:00,108,1.6,22.0,96.0,None
2025-07-19 05:00:00,108,1.9,21.9,96.0,None
2025-07-19 06:00:00,108,1.9,22.0,97.0,0.0
2025-07-19 07:00:00,108,3.2,22.1,97.0,0.06
2025-07-19 08:00:00,108,2.8,22.0,98.0,0.1
2025-07-19 09:00:00,108,2.8,22.2,96.0,0.22
2025-07-19 10:00:00,108,2.7,22.5,98.0,0.3
2025-07-19 11:00:00,108,2.4,22.9,99.0,0.32
2025-07-19 12:00:00,108,1.9,23.2,98.0,0.35
2025-07-19 13:00:00,108,1.7,23.7,98.0,0.44
2025-07-19 14:00:00,108,2.1,24.1,96.0,0.43
2025-07-19 15:00:00,108,1.5,24.8,96.0,0.45
2025-07-19 16:00:00,108,1.8,25.4,95.0,0.46
2025-07-19 17:00:00,108,1.4,25.6,94.0,0.32
2025-07-19 18:00:00,108,1.4,25.6,92.0,0.25
2025-07-19 19:00:00,108,2.0,25.5,92.0,0.07
2025-07-19 20:00:00,108,1.6,25.4,93.0,0.02
2025-07-19 21:00:00,108,1.4,25.2,94.0,None
2025-07-19 22:00:00,108,0.9,25.1,94.0,None
2025-07-19 23:00:00,108,1.5,25.2,98.0,None
2025-07-20 00:00:00,108,1.9,25.3,98.0,None
2025-07-20 01:00:00,108,3.6,25.5,99.0,None
2025-07-20 02:00:00,108,4.4,25.6,95.0,None
2025-07-20 03:00:00,108,4.5,25.5,98.0,None
2025-07-20 04:00:00,108,3.3,25.4,95.0,None
2025-07-20 05:00:00,108,2.9,25.2,96.0,None
2025-07-20 06:00:00,108,2.7,25.0,98.0,0.01
2025-07-20 07:00:00,108,3.1,25.0,95.0,0.07
2025-07-20 08:00:00,108,1.4,25.3,95.0,0.23
2025-07-20 09:00:00,108,2.4,26.1,92.0,0.7
2025-07-20 10:00:00,108,2.8,26.2,89.0,0.58
2025-07-20 11:00:00,108,2.7,28.0,83.0,2.28
2025-07-20 12:00:00,108,3.0,28.6,79.0,2.13
2025-07-20 13:00:00,108,3.4,28.7,76.0,1.31
2025-07-20 14:00:00,108,3.0,29.3,76.0,1.66
2025-07-20 15:00:00,108,2.6,30.0,73.0,1.7
2025-07-20 16:00:00,108,3.0,30.6,67.0,2.03
2025-07-20 17:00:00,108,3.3,31.3,65.0,1.91
2025-07-20 18:00:00,108,2.4,31.1,64.0,1.41
2025-07-20 19:00:00,108,1.8,30.4,66.0,0.56
2025-07-20 20:00:00,108,3.0,29.1,72.0,0.11
2025-07-20 21:00:00,108,2.4,28.2,77.0,None
2025-07-20 22:00:00,108,1.9,27.6,79.0,None
2025-07-20 23:00:00,108,1.3,27.5,79.0,None
2025-07-21 00:00:00,108,0.8,27.3,81.0,None
2025-07-21 01:00:00,108,0.4,26.9,83.0,None
2025-07-21 02:00:00,108,0.6,26.5,85.0,None
2025-07-21 03:00:00,108,0.8,26.1,86.0,None
2025-07-21 04:00:00,108,0.7,25.8,88.0,None
2025-07-21 05:00:00,108,0.6,25.7,88.0,None
2025-07-21 06:00:00,108,0.9,25.9,90.0,0.01
2025-07-21 07:00:00,108,0.8,26.1,88.0,0.09
2025-07-21 08:00:00,108,1.4,26.6,85.0,0.26
2025-07-21 09:00:00,108,1.6,27.1,83.0,0.42
2025-07-21 10:00:00,108,2.6,28.0,81.0,0.99
2025-07-21 11:00:00,108,3.4,29.2,77.0,2.18
2025-07-21 12:00:00,108,3.1,30.5,68.0,3.23
2025-07-21 13:00:00,108,2.2,30.8,70.0,2.03
2025-07-21 14:00:00,108,3.6,30.8,68.0,1.86
2025-07-21 15:00:00,108,3.8,31.6,64.0,2.53
2025-07-21 16:00:00,108,3.4,31.3,65.0,1.77
2025-07-21 17:00:00,108,3.0,31.1,66.0,1.48
2025-07-21 18:00:00,108,3.6,31.0,65.0,1.39
2025-07-21 19:00:00,108,3.2,29.8,70.0,0.47
2025-07-21 20:00:00,108,3.1,28.8,76.0,0.1
2025-07-21 21:00:00,108,2.4,28.2,79.0,None
2025-07-21 22:00:00,108,2.6,27.9,81.0,None
2025-07-21 23:00:00,108,3.1,27.7,81.0,None
2025-07-22 00:00:00,108,2.5,27.4,84.0,None
2025-07-22 01:00:00,108,2.5,27.2,85.0,None
2025-07-22 02:00:00,108,2.3,27.0,87.0,None
2025-07-22 03:00:00,108,1.7,26.9,86.0,None
2025-07-22 04:00:00,108,3.1,26.8,86.0,None
2025-07-22 05:00:00,108,2.8,26.7,87.0,None
2025-07-22 06:00:00,108,2.2,26.7,88.0,0.02
2025-07-22 07:00:00,108,3.0,26.8,86.0,0.22
2025-07-22 08:00:00,108,2.3,27.4,83.0,0.49
2025-07-22 09:00:00,108,3.4,28.3,78.0,1.29
2025-07-22 10:00:00,108,2.4,29.2,76.0,1.42
2025-07-22 11:00:00,108,3.0,29.6,72.0,1.45
2025-07-22 12:00:00,108,3.3,30.4,68.0,1.94
2025-07-22 13:00:00,108,3.4,31.3,68.0,2.12
2025-07-22 14:00:00,108,3.8,31.9,59.0,3.46
2025-07-22 15:00:00,108,4.2,32.0,59.0,2.96
2025-07-22 16:00:00,108,3.2,31.7,66.0,2.13
2025-07-22 17:00:00,108,3.3,30.2,69.0,0.7
2025-07-22 18:00:00,108,3.7,30.6,66.0,1.39
2025-07-22 19:00:00,108,2.8,30.0,68.0,0.71
2025-07-22 20:00:00,108,2.6,28.9,74.0,0.13
2025-07-22 21:00:00,108,1.3,28.2,80.0,None
2025-07-22 22:00:00,108,1.7,27.6,82.0,None
2025-07-22 23:00:00,108,2.3,27.3,82.0,None
2025-07-23 00:00:00,108,1.6,27.3,80.0,None
2025-07-23 01:00:00,108,1.9,27.1,82.0,None
2025-07-23 02:00:00,108,1.9,26.5,84.0,None
2025-07-23 03:00:00,108,1.7,26.3,85.0,None
2025-07-23 04:00:00,108,0.8,26.0,86.0,None
2025-07-23 05:00:00,108,0.4,25.7,87.0,None
2025-07-23 06:00:00,108,0.7,25.5,87.0,0.02
2025-07-23 07:00:00,108,1.0,25.9,86.0,0.27
2025-07-23 08:00:00,108,2.1,26.8,86.0,0.61
2025-07-23 09:00:00,108,1.8,28.2,77.0,1.34
2025-07-23 10:00:00,108,1.0,29.5,73.0,1.89
2025-07-23 11:00:00,108,2.0,30.7,68.0,2.47
2025-07-23 12:00:00,108,2.1,31.6,60.0,3.54
2025-07-23 13:00:00,108,2.4,32.1,57.0,2.94
2025-07-23 14:00:00,108,2.0,33.1,56.0,3.35
2025-07-23 15:00:00,108,3.8,32.5,55.0,2.06
2025-07-23 16:00:00,108,2.4,32.0,61.0,1.11
2025-07-23 17:00:00,108,2.9,31.7,63.0,1.06
2025-07-23 18:00:00,108,2.8,31.3,64.0,0.82
2025-07-23 19:00:00,108,2.4,30.9,64.0,0.56
2025-07-23 20:00:00,108,2.4,29.8,68.0,0.1
2025-07-23 21:00:00,108,3.0,29.0,65.0,None
2025-07-23 22:00:00,108,1.7,28.2,70.0,None
2025-07-23 23:00:00,108,0.9,27.6,67.0,None
2025-07-24 00:00:00,108,1.1,27.1,70.0,None
2025-07-24 01:00:00,108,1.2,26.8,74.0,None
2025-07-24 02:00:00,108,1.5,26.3,75.0,None
2025-07-24 03:00:00,108,1.2,26.3,79.0,None
2025-07-24 04:00:00,108,1.0,26.1,80.0,None
2025-07-24 05:00:00,108,0.7,26.0,81.0,None
2025-07-24 06:00:00,108,0.8,25.8,81.0,0.03
2025-07-24 07:00:00,108,1.1,26.0,81.0,0.23
2025-07-24 08:00:00,108,2.3,27.3,81.0,0.75
2025-07-24 09:00:00,108,2.2,29.6,69.0,1.92
2025-07-24 10:00:00,108,2.1,30.2,62.0,1.82
2025-07-24 11:00:00,108,1.9,31.5,64.0,1.76
2025-07-24 12:00:00,108,2.5,32.4,59.0,3.34
2025-07-24 13:00:00,108,2.9,33.4,54.0,3.82
2025-07-24 14:00:00,108,2.0,33.9,49.0,3.65
2025-07-24 15:00:00,108,2.9,32.8,56.0,1.54
2025-07-24 16:00:00,108,2.9,33.7,55.0,2.13
2025-07-24 17:00:00,108,3.0,33.9,56.0,1.99
2025-07-24 18:00:00,108,2.5,33.2,59.0,1.27
2025-07-24 19:00:00,108,3.0,32.0,62.0,0.55
2025-07-24 20:00:00,108,3.4,30.7,66.0,0.11
2025-07-24 21:00:00,108,2.7,30.0,67.0,None
2025-07-24 22:00:00,108,1.9,29.5,68.0,None
2025-07-24 23:00:00,108,1.5,28.9,72.0,None
2025-07-25 00:00:00,108,0.8,28.4,74.0,None
2025-07-25 01:00:00,108,0.9,27.8,77.0,None
2025-07-25 02:00:00,108,0.8,27.3,76.0,None
2025-07-25 03:00:00,108,1.2,26.9,78.0,None
2025-07-25 04:00:00,108,1.2,26.4,80.0,None
2025-07-25 05:00:00,108,2.0,25.9,81.0,None
2025-07-25 06:00:00,108,2.1,25.7,84.0,0.02
2025-07-25 07:00:00,108,1.1,26.2,84.0,0.4
2025-07-25 08:00:00,108,1.7,28.4,77.0,1.01
2025-07-25 09:00:00,108,2.0,30.2,69.0,1.78
2025-07-25 10:00:00,108,1.7,31.9,66.0,2.39
2025-07-25 11:00:00,108,1.1,32.7,59.0,2.7
2025-07-25 12:00:00,108,2.6,33.9,55.0,3.05
2025-07-25 13:00:00,108,2.1,35.0,52.0,3.23
2025-07-25 14:00:00,108,1.9,35.2,54.0,2.55
2025-07-25 15:00:00,108,2.6,36.0,52.0,3.21
2025-07-25 16:00:00,108,3.2,35.7,52.0,2.25
2025-07-25 17:00:00,108,2.9,35.6,52.0,1.96
2025-07-25 18:00:00,108,2.7,34.8,51.0,1.29
2025-07-25 19:00:00,108,3.1,33.6,52.0,0.55
2025-07-25 20:00:00,108,2.5,32.4,58.0,0.09
2025-07-25 21:00:00,108,1.0,31.7,61.0,None
2025-07-25 22:00:00,108,2.2,30.8,66.0,None
2025-07-25 23:00:00,108,1.5,30.2,68.0,None
2025-07-26 00:00:00,108,1.4,29.8,67.0,None
2025-07-26 01:00:00,108,1.8,29.1,69.0,None
2025-07-26 02:00:00,108,1.5,28.7,72.0,None
2025-07-26 03:00:00,108,2.2,28.3,73.0,None
2025-07-26 04:00:00,108,1.5,28.1,74.0,None
2025-07-26 05:00:00,108,2.4,27.9,75.0,None
2025-07-26 06:00:00,108,2.2,27.6,76.0,0.03
2025-07-26 07:00:00,108,1.4,28.2,76.0,0.39
2025-07-26 08:00:00,108,1.6,29.5,71.0,0.98
2025-07-26 09:00:00,108,2.8,31.3,64.0,1.62
2025-07-26 10:00:00,108,2.5,32.7,61.0,2.54
2025-07-26 11:00:00,108,1.3,33.8,56.0,2.96
2025-07-26 12:00:00,108,2.2,34.9,55.0,3.27
2025-07-26 13:00:00,108,2.3,35.0,53.0,2.75
2025-07-26 14:00:00,108,2.2,35.5,47.0,2.26
2025-07-26 15:00:00,108,2.3,35.8,49.0,1.92
2025-07-26 16:00:00,108,1.0,36.2,48.0,1.77
2025-07-26 17:00:00,108,1.2,37.0,46.0,1.8
2025-07-26 18:00:00,108,1.6,36.7,51.0,1.47
2025-07-26 19:00:00,108,3.2,35.1,48.0,0.49
2025-07-26 20:00:00,108,1.5,34.0,55.0,0.07
2025-07-26 21:00:00,108,1.4,32.9,61.0,None
2025-07-26 22:00:00,108,0.5,32.2,63.0,None
2025-07-26 23:00:00,108,0.7,31.5,65.0,None
2025-07-27 00:00:00,108,1.0,31.1,66.0,None
2025-07-27 01:00:00,108,1.2,30.5,67.0,None
2025-07-27 02:00:00,108,1.4,29.7,71.0,None
2025-07-27 03:00:00,108,1.5,29.3,72.0,None
2025-07-27 04:00:00,108,1.5,28.9,73.0,None
2025-07-27 05:00:00,108,1.6,28.6,75.0,None
2025-07-27 06:00:00,108,1.2,28.3,76.0,0.01
2025-07-27 07:00:00,108,2.1,28.6,76.0,0.41
2025-07-27 08:00:00,108,1.9,30.3,67.0,1.06
2025-07-27 09:00:00,108,2.6,31.8,61.0,1.83
2025-07-27 10:00:00,108,2.1,32.8,56.0,2.43
2025-07-27 11:00:00,108,2.2,34.0,53.0,3.03
2025-07-27 12:00:00,108,2.0,35.0,51.0,3.37
2025-07-27 13:00:00,108,1.6,35.9,46.0,3.51
2025-07-27 14:00:00,108,2.6,36.7,44.0,3.46
2025-07-27 15:00:00,108,2.3,37.3,43.0,3.19
2025-07-27 16:00:00,108,2.2,37.6,41.0,2.79
2025-07-27 17:00:00,108,2.0,36.8,46.0,1.31
2025-07-27 18:00:00,108,2.9,36.5,52.0,1.21
2025-07-27 19:00:00,108,2.5,35.3,56.0,0.72
2025-07-27 20:00:00,108,2.0,33.8,61.0,0.09
2025-07-27 21:00:00,108,1.4,32.7,69.0,None
2025-07-27 22:00:00,108,1.1,32.2,71.0,None
2025-07-27 23:00:00,108,2.3,31.7,74.0,None
2025-07-28 00:00:00,108,2.9,31.2,75.0,None
2025-07-28 01:00:00,108,1.7,30.7,76.0,None
2025-07-28 02:00:00,108,1.6,30.2,78.0,None
2025-07-28 03:00:00,108,1.1,29.8,79.0,None
2025-07-28 04:00:00,108,1.3,29.4,79.0,None
2025-07-28 05:00:00,108,0.7,29.1,81.0,None
2025-07-28 06:00:00,108,0.7,28.9,82.0,0.01
2025-07-28 07:00:00,108,1.0,29.2,81.0,0.35
2025-07-28 08:00:00,108,1.3,30.5,79.0,0.72
2025-07-28 09:00:00,108,1.7,31.7,68.0,1.44
2025-07-28 10:00:00,108,2.3,33.1,62.0,2.16
2025-07-28 11:00:00,108,1.7,34.0,58.0,2.55
2025-07-28 12:00:00,108,2.5,34.7,58.0,3.26
2025-07-28 13:00:00,108,2.8,35.2,53.0,3.19
2025-07-28 14:00:00,108,3.1,35.9,52.0,3.55
2025-07-28 15:00:00,108,3.0,36.0,53.0,2.98
2025-07-28 16:00:00,108,2.5,36.3,49.0,2.64
2025-07-28 17:00:00,108,2.6,36.3,51.0,2.15
2025-07-28 18:00:00,108,3.1,35.2,56.0,1.21
2025-07-28 19:00:00,108,2.8,34.0,61.0,0.68
2025-07-28 20:00:00,108,2.8,32.3,66.0,0.11
2025-07-28 21:00:00,108,2.1,31.3,69.0,None
2025-07-28 22:00:00,108,2.2,30.8,69.0,None
2025-07-28 23:00:00,108,2.0,30.3,72.0,None
2025-07-29 00:00:00,108,1.4,30.0,73.0,None
2025-07-29 01:00:00,108,2.1,29.5,76.0,None
2025-07-29 02:00:00,108,0.8,29.0,76.0,None
2025-07-29 03:00:00,108,0.8,28.7,76.0,None
2025-07-29 04:00:00,108,1.6,28.2,75.0,None
2025-07-29 05:00:00,108,1.7,27.9,78.0,None
2025-07-29 06:00:00,108,2.2,27.6,78.0,0.01
2025-07-29 07:00:00,108,2.6,27.9,77.0,0.35
2025-07-29 08:00:00,108,2.6,29.7,68.0,1.0
2025-07-29 09:00:00,108,2.3,31.5,65.0,1.75
2025-07-29 10:00:00,108,2.1,32.9,60.0,2.22
2025-07-29 11:00:00,108,1.7,33.0,59.0,1.4
2025-07-29 12:00:00,108,2.0,34.2,56.0,2.36
2025-07-29 13:00:00,108,2.6,35.6,53.0,2.94
2025-07-29 14:00:00,108,2.1,36.3,50.0,2.78
2025-07-29 15:00:00,108,2.5,36.1,50.0,2.05
2025-07-29 16:00:00,108,2.0,35.5,52.0,0.79
2025-07-29 17:00:00,108,2.6,35.9,53.0,1.3
2025-07-29 18:00:00,108,3.0,34.9,56.0,0.93
2025-07-29 19:00:00,108,2.3,34.0,61.0,0.48
2025-07-29 20:00:00,108,2.1,32.9,63.0,0.05
2025-07-29 21:00:00,108,2.0,32.3,64.0,None
2025-07-29 22:00:00,108,3.0,31.7,59.0,None
2025-07-29 23:00:00,108,2.0,31.0,63.0,None
2025-07-30 00:00:00,108,1.8,30.4,67.0,None
2025-07-30 01:00:00,108,0.9,30.0,68.0,None
2025-07-30 02:00:00,108,1.0,29.7,69.0,None
2025-07-30 03:00:00,108,1.0,29.3,72.0,None
2025-07-30 04:00:00,108,1.3,29.0,74.0,None
2025-07-30 05:00:00,108,2.1,28.4,77.0,None
2025-07-30 06:00:00,108,2.1,28.3,79.0,0.01
2025-07-30 07:00:00,108,1.0,28.9,74.0,0.3
2025-07-30 08:00:00,108,1.5,30.3,73.0,0.8
2025-07-30 09:00:00,108,1.6,31.8,65.0,1.77
2025-07-30 10:00:00,108,2.0,32.9,62.0,2.08
2025-07-30 11:00:00,108,2.9,33.4,59.0,1.95
2025-07-30 12:00:00,108,1.8,34.3,54.0,2.41
2025-07-30 13:00:00,108,2.6,34.8,54.0,1.99
2025-07-30 14:00:00,108,2.0,35.5,51.0,2.54
2025-07-30 15:00:00,108,2.4,35.8,49.0,2.25
2025-07-30 16:00:00,108,2.2,35.3,46.0,1.29
2025-07-30 17:00:00,108,2.1,35.3,41.0,1.25
2025-07-30 18:00:00,108,2.2,34.1,59.0,0.59
2025-07-30 19:00:00,108,0.9,33.5,59.0,0.25
2025-07-30 20:00:00,108,1.9,32.7,65.0,0.03
2025-07-30 21:00:00,108,0.9,32.2,65.0,None
2025-07-30 22:00:00,108,1.2,31.7,68.0,None
2025-07-30 23:00:00,108,1.6,31.1,59.0,None
2025-07-31 00:00:00,108,2.3,30.7,60.0,None
2025-07-31 01:00:00,108,2.0,30.5,60.0,None
2025-07-31 02:00:00,108,1.9,30.1,62.0,None
2025-07-31 03:00:00,108,1.8,29.9,63.0,None
2025-07-31 04:00:00,108,1.6,29.9,64.0,None
2025-07-31 05:00:00,108,2.4,29.6,66.0,None
2025-07-31 06:00:00,108,2.4,29.4,67.0,0.0
2025-07-31 07:00:00,108,1.7,29.4,68.0,0.11
2025-07-31 08:00:00,108,1.9,29.6,67.0,0.35
2025-07-31 09:00:00,108,0.9,30.0,67.0,0.6
2025-07-31 10:00:00,108,2.3,31.3,64.0,1.48
2025-07-31 11:00:00,108,1.4,32.3,59.0,1.66
2025-07-31 12:00:00,108,1.5,32.6,57.0,1.46
2025-07-31 13:00:00,108,1.6,33.4,54.0,1.92
2025-07-31 14:00:00,108,1.6,34.0,53.0,1.95
2025-07-31 15:00:00,108,2.3,33.8,50.0,1.52
2025-07-31 16:00:00,108,3.4,32.5,61.0,0.56
2025-07-31 17:00:00,108,1.8,32.7,51.0,0.77
2025-07-31 18:00:00,108,2.7,32.1,63.0,0.51
2025-07-31 19:00:00,108,2.2,31.1,65.0,0.25
2025-07-31 20:00:00,108,1.9,30.6,65.0,0.03
2025-07-31 21:00:00,108,2.0,30.2,66.0,None
2025-07-31 22:00:00,108,1.5,29.9,68.0,None
2025-07-31 23:00:00,108,1.2,29.8,66.0,None
2025-08-01 00:00:00,108,1.6,29.3,65.0,None
2025-08-01 01:00:00,108,1.8,29.0,70.0,None
2025-08-01 02:00:00,108,1.4,28.8,71.0,None
2025-08-01 03:00:00,108,1.3,28.6,71.0,None
2025-08-01 04:00:00,108,1.9,28.2,72.0,None
2025-08-01 05:00:00,108,1.7,28.0,74.0,None
2025-08-01 06:00:00,108,1.6,27.8,77.0,0.01
2025-08-01 07:00:00,108,1.8,28.0,77.0,0.21
2025-08-01 08:00:00,108,2.0,29.4,68.0,0.76
2025-08-01 09:00:00,108,1.8,30.9,66.0,1.45
2025-08-01 10:00:00,108,1.7,32.7,60.0,2.19
2025-08-01 11:00:00,108,1.9,34.2,56.0,2.74
2025-08-01 12:00:00,108,1.4,34.6,52.0,2.8
2025-08-01 13:00:00,108,1.7,34.5,54.0,1.66
2025-08-01 14:00:00,108,2.1,34.6,51.0,1.18
2025-08-01 15:00:00,108,2.6,33.9,55.0,0.86
2025-08-01 16:00:00,108,2.4,33.7,59.0,0.69
2025-08-01 17:00:00,108,3.1,33.0,63.0,0.69
2025-08-01 18:00:00,108,3.2,32.1,66.0,0.51
2025-08-01 19:00:00,108,2.5,31.4,68.0,0.3
2025-08-01 20:00:00,108,0.7,30.8,72.0,0.04
2025-08-01 21:00:00,108,0.9,30.4,74.0,None
2025-08-01 22:00:00,108,0.8,30.0,75.0,None
2025-08-01 23:00:00,108,1.0,29.7,75.0,None
2025-08-02 00:00:00,108,1.0,29.5,74.0,None
2025-08-02 01:00:00,108,1.7,29.2,75.0,None
2025-08-02 02:00:00,108,1.4,28.7,73.0,None
2025-08-02 03:00:00,108,1.1,28.4,76.0,None
2025-08-02 04:00:00,108,1.8,28.0,74.0,None
2025-08-02 05:00:00,108,1.4,27.6,76.0,None
2025-08-02 06:00:00,108,0.6,27.4,77.0,0.01
2025-08-02 07:00:00,108,1.2,27.5,76.0,0.27
2025-08-02 08:00:00,108,2.6,28.5,76.0,0.59
2025-08-02 09:00:00,108,0.9,30.1,71.0,1.17
2025-08-02 10:00:00,108,1.3,31.2,67.0,1.5
2025-08-02 11:00:00,108,1.7,32.5,62.0,1.98
2025-08-02 12:00:00,108,1.9,33.9,57.0,2.69
2025-08-02 13:00:00,108,2.9,33.5,60.0,1.24
2025-08-02 14:00:00,108,2.6,34.5,54.0,2.5
2025-08-02 15:00:00,108,1.6,35.0,49.0,2.73
2025-08-02 16:00:00,108,2.3,36.2,47.0,2.65
2025-08-02 17:00:00,108,2.6,35.2,48.0,1.77
2025-08-02 18:00:00,108,2.3,34.8,47.0,1.23
2025-08-02 19:00:00,108,2.7,33.3,53.0,0.51
2025-08-02 20:00:00,108,2.0,31.6,56.0,0.04
2025-08-02 21:00:00,108,2.2,30.6,58.0,None
2025-08-02 22:00:00,108,1.8,30.0,61.0,None
2025-08-02 23:00:00,108,1.3,29.7,62.0,None
2025-08-03 00:00:00,108,0.2,29.2,62.0,None
2025-08-03 01:00:00,108,0.6,28.9,63.0,None
2025-08-03 02:00:00,108,0.8,28.5,67.0,None
2025-08-03 03:00:00,108,0.9,28.2,67.0,None
2025-08-03 04:00:00,108,0.7,27.9,68.0,None
2025-08-03 05:00:00,108,1.1,27.7,71.0,None
2025-08-03 06:00:00,108,0.8,27.5,75.0,0.01
2025-08-03 07:00:00,108,1.7,27.8,76.0,0.15
2025-08-03 08:00:00,108,2.0,28.3,76.0,0.34
2025-08-03 09:00:00,108,1.5,29.0,74.0,0.56
2025-08-03 10:00:00,108,2.2,29.8,70.0,0.67
2025-08-03 11:00:00,108,2.5,31.1,61.0,1.56
2025-08-03 12:00:00,108,2.0,31.3,64.0,0.77
2025-08-03 13:00:00,108,2.4,32.0,58.0,1.19
2025-08-03 14:00:00,108,1.7,32.4,58.0,1.12
2025-08-03 15:00:00,108,3.1,32.1,59.0,0.81
2025-08-03 16:00:00,108,1.3,31.5,62.0,0.33
2025-08-03 17:00:00,108,2.9,30.9,59.0,0.22
2025-08-03 18:00:00,108,3.0,30.1,52.0,0.14
2025-08-03 19:00:00,108,1.9,28.7,63.0,0.13
2025-08-03 20:00:00,108,1.4,28.2,69.0,0.08
2025-08-03 21:00:00,108,2.7,28.0,72.0,None
2025-08-03 22:00:00,108,3.7,27.0,68.0,None
2025-08-03 23:00:00,108,3.4,25.4,80.0,None
2025-08-04 00:00:00,108,3.5,24.0,89.0,None
2025-08-04 01:00:00,108,2.9,23.8,92.0,None
2025-08-04 02:00:00,108,4.1,23.9,92.0,None
2025-08-04 03:00:00,108,2.8,24.0,90.0,None
2025-08-04 04:00:00,108,3.1,24.0,90.0,None
2025-08-04 05:00:00,108,1.8,23.8,94.0,None
2025-08-04 06:00:00,108,2.3,23.8,93.0,0.0
2025-08-04 07:00:00,108,2.0,24.0,92.0,0.06
2025-08-04 08:00:00,108,2.4,24.5,91.0,0.26
2025-08-04 09:00:00,108,1.6,26.0,86.0,0.85
2025-08-04 10:00:00,108,1.4,27.6,81.0,1.79
2025-08-04 11:00:00,108,1.1,28.8,74.0,2.0
2025-08-04 12:00:00,108,1.3,29.7,72.0,1.63
2025-08-04 13:00:00,108,1.9,30.8,67.0,2.07
2025-08-04 14:00:00,108,1.1,31.5,67.0,1.45
2025-08-04 15:00:00,108,2.4,32.5,61.0,1.67
2025-08-04 16:00:00,108,2.4,33.2,55.0,1.82
2025-08-04 17:00:00,108,2.1,33.6,55.0,1.83
2025-08-04 18:00:00,108,3.4,32.3,62.0,0.71
2025-08-04 19:00:00,108,3.2,30.4,65.0,0.16
2025-08-04 20:00:00,108,1.8,29.6,66.0,0.05
2025-08-04 21:00:00,108,1.8,28.9,67.0,None
2025-08-04 22:00:00,108,1.4,28.5,70.0,None
2025-08-04 23:00:00,108,1.7,28.2,71.0,None
2025-08-05 00:00:00,108,2.4,27.8,73.0,None
2025-08-05 01:00:00,108,0.7,27.4,74.0,None
2025-08-05 02:00:00,108,0.8,27.0,77.0,None
2025-08-05 03:00:00,108,1.2,26.6,76.0,None
2025-08-05 04:00:00,108,1.6,26.3,78.0,None
2025-08-05 05:00:00,108,1.9,25.7,83.0,None
2025-08-05 06:00:00,108,1.4,25.4,83.0,0.0
2025-08-05 07:00:00,108,0.9,25.5,82.0,0.28
2025-08-05 08:00:00,108,2.1,26.3,80.0,0.58
2025-08-05 09:00:00,108,2.0,28.1,72.0,1.73
2025-08-05 10:00:00,108,2.3,29.3,67.0,2.4
2025-08-05 11:00:00,108,2.8,30.5,61.0,2.65
2025-08-05 12:00:00,108,3.0,31.7,56.0,2.82
2025-08-05 13:00:00,108,3.2,32.3,53.0,2.96
2025-08-05 14:00:00,108,4.0,32.5,54.0,2.58
2025-08-05 15:00:00,108,3.8,33.4,47.0,2.78
2025-08-05 16:00:00,108,2.8,33.2,50.0,2.2
2025-08-05 17:00:00,108,3.6,31.7,57.0,1.11
2025-08-05 18:00:00,108,2.5,30.9,60.0,0.76
2025-08-05 19:00:00,108,3.0,29.8,66.0,0.24
2025-08-05 20:00:00,108,2.1,29.0,70.0,0.02
2025-08-05 21:00:00,108,2.6,28.6,71.0,None
2025-08-05 22:00:00,108,1.9,28.2,73.0,None
2025-08-05 23:00:00,108,1.4,28.1,73.0,None
2025-08-06 00:00:00,108,2.2,28.1,74.0,None
2025-08-06 01:00:00,108,2.2,27.9,75.0,None
2025-08-06 02:00:00,108,2.7,27.8,78.0,None
2025-08-06 03:00:00,108,2.9,27.6,85.0,None
2025-08-06 04:00:00,108,4.0,27.0,92.0,None
2025-08-06 05:00:00,108,3.9,27.1,94.0,None
2025-08-06 06:00:00,108,4.7,27.3,91.0,0.0
2025-08-06 07:00:00,108,3.1,27.5,90.0,0.08
2025-08-06 08:00:00,108,3.4,27.9,89.0,0.25
2025-08-06 09:00:00,108,3.8,27.9,91.0,0.37
2025-08-06 10:00:00,108,4.6,28.6,86.0,0.76
2025-08-06 11:00:00,108,4.8,29.3,80.0,1.27
2025-08-06 12:00:00,108,2.6,28.8,82.0,0.36
2025-08-06 13:00:00,108,4.0,28.8,84.0,0.61
2025-08-06 14:00:00,108,3.9,27.6,91.0,0.24
2025-08-06 15:00:00,108,3.0,27.0,94.0,0.18
2025-08-06 16:00:00,108,2.9,26.6,94.0,0.21
2025-08-06 17:00:00,108,2.9,26.1,92.0,0.22
2025-08-06 18:00:00,108,2.3,26.5,89.0,0.49
2025-08-06 19:00:00,108,2.4,26.7,86.0,0.47
2025-08-06 20:00:00,108,2.3,26.1,87.0,0.06
2025-08-06 21:00:00,108,2.8,25.8,90.0,None
2025-08-06 22:00:00,108,2.8,25.8,89.0,None
2025-08-06 23:00:00,108,2.3,25.9,89.0,None
2025-08-07 00:00:00,108,2.2,26.0,90.0,None
2025-08-07 01:00:00,108,3.0,26.0,90.0,None
2025-08-07 02:00:00,108,3.7,26.0,90.0,None
2025-08-07 03:00:00,108,2.5,25.9,90.0,None
2025-08-07 04:00:00,108,2.9,25.8,89.0,None
2025-08-07 05:00:00,108,2.6,25.6,89.0,None
2025-08-07 06:00:00,108,2.0,25.5,88.0,0.0
2025-08-07 07:00:00,108,1.8,25.6,88.0,0.16
2025-08-07 08:00:00,108,2.3,26.4,86.0,0.66
2025-08-07 09:00:00,108,3.0,27.4,79.0,1.78
2025-08-07 10:00:00,108,3.2,28.6,71.0,2.45
2025-08-07 11:00:00,108,2.9,29.5,62.0,2.91
2025-08-07 12:00:00,108,2.9,30.3,57.0,3.3
2025-08-07 13:00:00,108,2.9,30.9,55.0,3.5
2025-08-07 14:00:00,108,2.6,31.3,54.0,3.07
2025-08-07 15:00:00,108,3.7,31.8,52.0,3.03
2025-08-07 16:00:00,108,2.9,32.0,52.0,2.72
2025-08-07 17:00:00,108,2.9,31.8,52.0,1.92
2025-08-07 18:00:00,108,3.2,31.2,54.0,1.16
2025-08-07 19:00:00,108,3.5,29.8,66.0,0.44
2025-08-07 20:00:00,108,4.0,28.0,69.0,0.08
2025-08-07 21:00:00,108,2.1,27.3,70.0,None
2025-08-07 22:00:00,108,2.7,26.9,72.0,None
2025-08-07 23:00:00,108,2.3,26.6,72.0,None
2025-08-08 00:00:00,108,1.6,26.2,76.0,None
2025-08-08 01:00:00,108,2.2,25.9,80.0,None
2025-08-08 02:00:00,108,2.2,25.6,80.0,None
2025-08-08 03:00:00,108,2.2,25.2,80.0,None
2025-08-08 04:00:00,108,1.5,24.7,83.0,None
2025-08-08 05:00:00,108,1.1,24.2,84.0,None
2025-08-08 06:00:00,108,0.7,24.0,85.0,0.01
2025-08-08 07:00:00,108,1.0,24.2,85.0,0.21
2025-08-08 08:00:00,108,1.8,25.4,83.0,0.56
2025-08-08 09:00:00,108,1.0,26.3,79.0,0.79
2025-08-08 10:00:00,108,1.3,27.0,75.0,0.57
2025-08-08 11:00:00,108,1.7,27.6,71.0,0.66
2025-08-08 12:00:00,108,1.3,28.7,67.0,1.06
2025-08-08 13:00:00,108,2.1,29.5,66.0,1.41
2025-08-08 14:00:00,108,2.0,30.1,63.0,1.15
2025-08-08 15:00:00,108,2.8,29.2,69.0,0.6
2025-08-08 16:00:00,108,1.2,27.0,80.0,0.24
2025-08-08 17:00:00,108,1.2,28.0,81.0,0.54
2025-08-08 18:00:00,108,2.9,28.2,67.0,0.55
2025-08-08 19:00:00,108,2.4,27.5,65.0,0.39
2025-08-08 20:00:00,108,2.7,26.7,66.0,0.02
2025-08-08 21:00:00,108,1.7,26.1,71.0,None
2025-08-08 22:00:00,108,1.2,25.7,71.0,None
2025-08-08 23:00:00,108,1.4,25.4,75.0,None
2025-08-09 00:00:00,108,0.5,25.2,80.0,None
2025-08-09 01:00:00,108,0.9,25.0,82.0,None
2025-08-09 02:00:00,108,1.4,25.1,83.0,None
2025-08-09 03:00:00,108,0.8,25.1,85.0,None
2025-08-09 04:00:00,108,0.6,25.0,85.0,None
2025-08-09 05:00:00,108,1.0,25.1,85.0,None
2025-08-09 06:00:00,108,1.1,25.0,89.0,0.0
2025-08-09 07:00:00,108,1.7,24.6,85.0,0.1
2025-08-09 08:00:00,108,1.0,24.7,88.0,0.21
2025-08-09 09:00:00,108,1.7,25.0,88.0,0.31
2025-08-09 10:00:00,108,2.1,25.4,86.0,0.39
2025-08-09 11:00:00,108,1.6,25.7,84.0,0.42
2025-08-09 12:00:00,108,1.9,25.0,86.0,0.22
2025-08-09 13:00:00,108,2.0,24.5,74.0,0.62
2025-08-09 14:00:00,108,1.4,24.8,84.0,0.44
2025-08-09 15:00:00,108,2.2,25.4,79.0,0.58
2025-08-09 16:00:00,108,1.9,25.6,79.0,0.56
2025-08-09 17:00:00,108,1.9,25.9,78.0,0.51
2025-08-09 18:00:00,108,1.5,26.4,72.0,0.69
2025-08-09 19:00:00,108,1.8,26.1,73.0,0.28
2025-08-09 20:00:00,108,0.8,25.2,76.0,0.04
2025-08-09 21:00:00,108,1.4,24.5,76.0,None
2025-08-09 22:00:00,108,1.5,24.1,79.0,None
2025-08-09 23:00:00,108,1.5,23.5,81.0,None
2025-08-10 00:00:00,108,1.2,23.1,82.0,None
2025-08-10 01:00:00,108,1.6,22.7,84.0,None
2025-08-10 02:00:00,108,0.5,22.3,85.0,None
2025-08-10 03:00:00,108,0.9,22.0,86.0,None
2025-08-10 04:00:00,108,1.5,21.6,84.0,None
2025-08-10 05:00:00,108,1.2,21.2,83.0,None
2025-08-10 06:00:00,108,1.6,21.0,85.0,0.01
2025-08-10 07:00:00,108,1.7,21.4,86.0,0.3
2025-08-10 08:00:00,108,0.6,23.3,81.0,1.01
2025-08-10 09:00:00,108,1.2,25.2,74.0,1.63
2025-08-10 10:00:00,108,1.5,27.1,68.0,2.14
2025-08-10 11:00:00,108,1.6,28.2,64.0,2.8
2025-08-10 12:00:00,108,2.1,29.7,63.0,3.35
2025-08-10 13:00:00,108,1.9,30.5,60.0,3.37
2025-08-10 14:00:00,108,1.8,31.8,53.0,3.06
2025-08-10 15:00:00,108,2.9,32.7,53.0,3.09
2025-08-10 16:00:00,108,3.0,33.1,50.0,2.81
2025-08-10 17:00:00,108,3.1,32.8,50.0,1.77
2025-08-10 18:00:00,108,3.0,32.3,51.0,1.32
2025-08-10 19:00:00,108,2.5,31.1,54.0,0.52
2025-08-10 20:00:00,108,1.7,29.7,60.0,0.04
2025-08-10 21:00:00,108,2.2,28.6,70.0,None
2025-08-10 22:00:00,108,1.3,28.0,73.0,None
2025-08-10 23:00:00,108,1.2,27.5,77.0,None
2025-08-11 00:00:00,108,1.1,27.0,78.0,None
2025-08-11 01:00:00,108,0.8,26.5,79.0,None
2025-08-11 02:00:00,108,0.5,26.1,80.0,None
2025-08-11 03:00:00,108,0.9,25.7,79.0,None
2025-08-11 04:00:00,108,1.0,25.5,80.0,None
2025-08-11 05:00:00,108,1.1,25.2,81.0,None
2025-08-11 06:00:00,108,2.0,25.0,83.0,0.0
2025-08-11 07:00:00,108,1.8,25.1,83.0,0.11
2025-08-11 08:00:00,108,2.5,25.4,82.0,0.24
2025-08-11 09:00:00,108,2.7,26.2,79.0,0.57
2025-08-11 10:00:00,108,1.8,26.7,76.0,0.55
2025-08-11 11:00:00,108,2.0,27.6,71.0,1.06
2025-08-11 12:00:00,108,2.6,28.2,69.0,1.09
2025-08-11 13:00:00,108,1.9,28.7,69.0,1.12
2025-08-11 14:00:00,108,2.4,29.2,69.0,1.11
2025-08-11 15:00:00,108,1.9,29.2,66.0,1.14
2025-08-11 16:00:00,108,2.0,29.2,67.0,0.94
2025-08-11 17:00:00,108,2.4,29.2,66.0,1.03
2025-08-11 18:00:00,108,3.3,28.7,68.0,0.64
2025-08-11 19:00:00,108,2.3,27.7,73.0,0.22
2025-08-11 20:00:00,108,1.6,27.3,74.0,0.02
2025-08-11 21:00:00,108,2.7,26.9,73.0,None
2025-08-11 22:00:00,108,2.3,26.6,75.0,None
2025-08-11 23:00:00,108,1.7,26.2,73.0,None
2025-08-12 00:00:00,108,1.6,25.9,74.0,None
2025-08-12 01:00:00,108,1.6,25.5,78.0,None
2025-08-12 02:00:00,108,1.6,25.1,82.0,None
2025-08-12 03:00:00,108,1.9,25.0,83.0,None
2025-08-12 04:00:00,108,0.9,24.6,82.0,None
2025-08-12 05:00:00,108,1.4,23.8,85.0,None
2025-08-12 06:00:00,108,1.0,23.3,86.0,0.01
2025-08-12 07:00:00,108,1.8,23.5,87.0,0.26
2025-08-12 08:00:00,108,1.9,25.4,79.0,0.88
2025-08-12 09:00:00,108,2.2,27.3,71.0,1.69
2025-08-12 10:00:00,108,2.4,28.7,66.0,2.32
2025-08-12 11:00:00,108,2.5,30.2,57.0,2.92
2025-08-12 12:00:00,108,2.9,31.4,50.0,3.29
2025-08-12 13:00:00,108,2.6,32.4,51.0,3.34
2025-08-12 14:00:00,108,1.9,33.2,48.0,3.15
2025-08-12 15:00:00,108,3.3,33.2,37.0,2.85
2025-08-12 16:00:00,108,1.5,34.0,40.0,2.51
2025-08-12 17:00:00,108,2.9,33.6,42.0,1.76
2025-08-12 18:00:00,108,3.0,32.9,43.0,1.19
2025-08-12 19:00:00,108,3.7,31.4,51.0,0.4
2025-08-12 20:00:00,108,3.8,29.7,57.0,0.03
2025-08-12 21:00:00,108,2.8,28.6,62.0,None
2025-08-12 22:00:00,108,1.9,27.8,67.0,None
2025-08-12 23:00:00,108,2.0,27.3,69.0,None
2025-08-13 00:00:00,108,2.1,26.9,71.0,None
2025-08-13 01:00:00,108,2.3,26.8,72.0,None
2025-08-13 02:00:00,108,2.2,26.7,73.0,None
2025-08-13 03:00:00,108,1.4,26.4,74.0,None
2025-08-13 04:00:00,108,1.8,26.4,75.0,None
2025-08-13 05:00:00,108,3.2,26.1,81.0,None
2025-08-13 06:00:00,108,2.0,24.6,94.0,0.0
2025-08-13 07:00:00,108,2.5,24.3,95.0,0.01
2025-08-13 08:00:00,108,3.8,24.0,95.0,0.04
2025-08-13 09:00:00,108,3.5,23.4,96.0,0.04
2025-08-13 10:00:00,108,3.8,22.7,96.0,0.03
2025-08-13 11:00:00,108,2.8,22.0,96.0,0.03
2025-08-13 12:00:00,108,3.7,23.3,99.0,0.04
2025-08-13 13:00:00,108,1.6,23.7,98.0,0.16
2025-08-13 14:00:00,108,5.2,26.6,92.0,0.6
2025-08-13 15:00:00,108,3.0,26.7,94.0,0.36
2025-08-13 16:00:00,108,3.8,26.7,92.0,0.18
2025-08-13 17:00:00,108,2.1,26.8,91.0,0.3
2025-08-13 18:00:00,108,2.8,26.8,94.0,0.11
2025-08-13 19:00:00,108,4.7,26.2,94.0,0.01
2025-08-13 20:00:00,108,2.1,24.7,90.0,0.01
2025-08-13 21:00:00,108,0.9,24.5,90.0,None
2025-08-13 22:00:00,108,1.8,24.5,92.0,None
2025-08-13 23:00:00,108,1.4,24.6,92.0,None
2025-08-14 00:00:00,108,1.1,24.8,93.0,None
2025-08-14 01:00:00,108,1.1,24.9,94.0,None
2025-08-14 02:00:00,108,4.4,25.0,97.0,None
2025-08-14 03:00:00,108,4.0,24.7,97.0,None
2025-08-14 04:00:00,108,2.6,24.4,95.0,None
2025-08-14 05:00:00,108,3.2,24.3,97.0,None
2025-08-14 06:00:00,108,1.7,24.4,97.0,0.01
2025-08-14 07:00:00,108,2.3,24.5,98.0,0.03
2025-08-14 08:00:00,108,1.8,24.3,98.0,0.04
2025-08-14 09:00:00,108,3.1,24.8,95.0,0.29
2025-08-14 10:00:00,108,1.8,25.0,95.0,0.41
2025-08-14 11:00:00,108,2.0,25.0,95.0,0.23
2025-08-14 12:00:00,108,3.0,25.3,94.0,0.45
2025-08-14 13:00:00,108,2.2,26.0,91.0,1.12
2025-08-14 14:00:00,108,2.4,26.6,88.0,1.06
2025-08-14 15:00:00,108,2.2,26.4,90.0,0.55
2025-08-14 16:00:00,108,2.4,26.5,88.0,0.75
2025-08-14 17:00:00,108,1.8,26.9,85.0,0.75
2025-08-14 18:00:00,108,1.6,26.8,82.0,0.42
2025-08-14 19:00:00,108,1.8,26.4,83.0,0.16
2025-08-14 20:00:00,108,1.4,26.0,84.0,0.02
2025-08-14 21:00:00,108,1.3,25.8,86.0,None
2025-08-14 22:00:00,108,1.4,25.6,88.0,None
2025-08-14 23:00:00,108,1.7,25.5,87.0,None
2025-08-15 00:00:00,108,1.7,25.5,88.0,None
2025-08-15 01:00:00,108,1.4,25.6,88.0,None
2025-08-15 02:00:00,108,0.8,25.2,90.0,None
2025-08-15 03:00:00,108,0.7,25.0,90.0,None
2025-08-15 04:00:00,108,0.8,24.7,91.0,None
2025-08-15 05:00:00,108,1.4,24.5,92.0,None
2025-08-15 06:00:00,108,1.0,24.4,93.0,0.01
2025-08-15 07:00:00,108,1.2,24.7,93.0,0.09
2025-08-15 08:00:00,108,1.9,25.4,93.0,0.35
2025-08-15 09:00:00,108,2.0,27.0,85.0,1.35
2025-08-15 10:00:00,108,1.3,28.8,80.0,2.05
2025-08-15 11:00:00,108,1.8,28.3,76.0,0.82
2025-08-15 12:00:00,108,1.9,27.2,87.0,0.27
2025-08-15 13:00:00,108,1.6,27.4,84.0,0.94
2025-08-15 14:00:00,108,2.9,27.8,83.0,1.34
2025-08-15 15:00:00,108,2.5,29.4,74.0,2.83
2025-08-15 16:00:00,108,1.6,30.9,71.0,2.53
2025-08-15 17:00:00,108,2.5,30.5,71.0,1.37
2025-08-15 18:00:00,108,2.1,29.7,73.0,0.61
2025-08-15 19:00:00,108,2.4,29.2,76.0,0.3
2025-08-15 20:00:00,108,2.3,28.1,80.0,0.03
2025-08-15 21:00:00,108,3.1,27.5,84.0,None
2025-08-15 22:00:00,108,2.9,26.9,85.0,None
2025-08-15 23:00:00,108,2.1,26.5,88.0,None
2025-08-16 00:00:00,108,0.6,26.4,88.0,None
2025-08-16 01:00:00,108,1.3,26.1,90.0,None
2025-08-16 02:00:00,108,1.5,26.0,90.0,None
2025-08-16 03:00:00,108,0.5,25.8,90.0,None
2025-08-16 04:00:00,108,0.5,25.6,91.0,None
2025-08-16 05:00:00,108,0.3,25.6,91.0,None
2025-08-16 06:00:00,108,0.8,25.8,91.0,0.0
2025-08-16 07:00:00,108,1.3,26.0,91.0,0.13
2025-08-16 08:00:00,108,1.6,26.5,89.0,0.42
2025-08-16 09:00:00,108,1.9,27.4,84.0,0.81
2025-08-16 10:00:00,108,2.0,28.3,79.0,1.17
2025-08-16 11:00:00,108,3.8,30.0,71.0,2.76
2025-08-16 12:00:00,108,4.0,30.7,65.0,2.87
2025-08-16 13:00:00,108,4.0,30.1,65.0,1.24
2025-08-16 14:00:00,108,3.7,31.7,63.0,2.99
2025-08-16 15:00:00,108,4.4,31.4,59.0,2.54
2025-08-16 16:00:00,108,3.8,31.2,63.0,1.88
2025-08-16 17:00:00,108,3.0,30.5,63.0,1.04
2025-08-16 18:00:00,108,3.7,30.2,64.0,0.85
2025-08-16 19:00:00,108,3.0,29.4,64.0,0.5
2025-08-16 20:00:00,108,1.9,28.3,70.0,0.02
2025-08-16 21:00:00,108,2.2,27.8,73.0,None
2025-08-16 22:00:00,108,2.3,27.2,79.0,None
2025-08-16 23:00:00,108,2.2,26.9,80.0,None
2025-08-17 00:00:00,108,2.0,26.5,82.0,None
2025-08-17 01:00:00,108,0.9,26.4,83.0,None
2025-08-17 02:00:00,108,2.4,26.3,85.0,None
2025-08-17 03:00:00,108,2.5,26.2,86.0,None
2025-08-17 04:00:00,108,1.5,26.1,87.0,None
2025-08-17 05:00:00,108,1.6,26.2,87.0,None
2025-08-17 06:00:00,108,2.2,26.2,88.0,0.0
2025-08-17 07:00:00,108,1.7,26.4,88.0,0.14
2025-08-17 08:00:00,108,2.3,26.6,87.0,0.31
2025-08-17 09:00:00,108,2.8,27.3,84.0,0.7
2025-08-17 10:00:00,108,2.4,28.4,78.0,1.4
2025-08-17 11:00:00,108,3.5,29.2,72.0,1.7
2025-08-17 12:00:00,108,2.9,30.7,67.0,2.8
2025-08-17 13:00:00,108,2.3,31.3,64.0,2.22
2025-08-17 14:00:00,108,3.5,31.9,58.0,2.53
2025-08-17 15:00:00,108,2.7,31.1,60.0,1.59
2025-08-17 16:00:00,108,2.9,31.0,63.0,0.96
2025-08-17 17:00:00,108,2.6,30.9,63.0,1.26
2025-08-17 18:00:00,108,2.9,30.1,68.0,0.54
2025-08-17 19:00:00,108,2.1,29.5,70.0,0.24
2025-08-17 20:00:00,108,2.3,28.6,72.0,0.04
2025-08-17 21:00:00,108,1.1,28.1,77.0,None
2025-08-17 22:00:00,108,1.0,28.0,78.0,None
2025-08-17 23:00:00,108,1.9,27.9,78.0,None
2025-08-18 00:00:00,108,1.7,27.7,80.0,None
2025-08-18 01:00:00,108,0.5,27.6,79.0,None
2025-08-18 02:00:00,108,2.0,27.6,82.0,None
2025-08-18 03:00:00,108,1.5,27.4,83.0,None
2025-08-18 04:00:00,108,1.6,27.3,85.0,None
2025-08-18 05:00:00,108,1.5,27.2,86.0,None
2025-08-18 06:00:00,108,2.4,27.0,86.0,0.0
2025-08-18 07:00:00,108,2.5,27.1,84.0,0.08
2025-08-18 08:00:00,108,2.3,27.4,83.0,0.26
2025-08-18 09:00:00,108,2.3,27.9,81.0,0.42
2025-08-18 10:00:00,108,2.6,29.3,76.0,1.39
2025-08-18 11:00:00,108,3.5,30.3,71.0,2.03
2025-08-18 12:00:00,108,3.3,31.1,65.0,2.75
2025-08-18 13:00:00,108,3.5,32.3,63.0,2.92
2025-08-18 14:00:00,108,4.6,32.3,58.0,3.24
2025-08-18 15:00:00,108,4.6,32.6,56.0,3.22
2025-08-18 16:00:00,108,3.1,32.1,58.0,1.59
2025-08-18 17:00:00,108,4.5,31.3,56.0,1.56
2025-08-18 18:00:00,108,4.3,30.1,62.0,0.41
2025-08-18 19:00:00,108,5.0,29.3,71.0,0.05
2025-08-18 20:00:00,108,3.5,28.2,79.0,0.0
2025-08-18 21:00:00,108,3.9,27.8,86.0,None
2025-08-18 22:00:00,108,3.0,27.5,88.0,None
2025-08-18 23:00:00,108,3.2,27.3,90.0,None
2025-08-19 00:00:00,108,1.9,27.2,86.0,None
2025-08-19 01:00:00,108,1.6,27.2,87.0,None
2025-08-19 02:00:00,108,2.0,27.3,86.0,None
2025-08-19 03:00:00,108,2.8,27.2,87.0,None
2025-08-19 04:00:00,108,2.1,27.1,88.0,None
2025-08-19 05:00:00,108,2.2,27.0,87.0,None
2025-08-19 06:00:00,108,2.2,26.9,89.0,0.01
2025-08-19 07:00:00,108,2.3,27.0,89.0,0.1
2025-08-19 08:00:00,108,3.2,27.6,87.0,0.35
2025-08-19 09:00:00,108,3.3,28.6,81.0,1.22
2025-08-19 10:00:00,108,3.6,29.7,73.0,1.9
2025-08-19 11:00:00,108,3.5,30.5,71.0,2.25
2025-08-19 12:00:00,108,4.7,30.9,68.0,2.47
2025-08-19 13:00:00,108,4.3,31.2,65.0,2.64
2025-08-19 14:00:00,108,3.7,31.5,63.0,2.16
2025-08-19 15:00:00,108,4.9,32.1,59.0,2.49
2025-08-19 16:00:00,108,4.6,31.3,67.0,1.54
2025-08-19 17:00:00,108,4.1,31.2,63.0,1.38
2025-08-19 18:00:00,108,2.7,30.8,65.0,0.66
2025-08-19 19:00:00,108,4.5,29.7,67.0,0.29
2025-08-19 20:00:00,108,4.1,29.0,71.0,0.02
2025-08-19 21:00:00,108,2.2,28.6,74.0,None
2025-08-19 22:00:00,108,2.4,28.4,76.0,None
2025-08-19 23:00:00,108,2.7,28.3,80.0,None
2025-08-20 00:00:00,108,2.4,28.0,79.0,None
2025-08-20 01:00:00,108,2.5,27.9,83.0,None
2025-08-20 02:00:00,108,3.6,27.7,84.0,None
2025-08-20 03:00:00,108,2.1,27.6,84.0,None
2025-08-20 04:00:00,108,2.1,27.4,85.0,None
2025-08-20 05:00:00,108,1.4,27.2,85.0,None
2025-08-20 06:00:00,108,3.2,27.0,85.0,0.0
2025-08-20 07:00:00,108,2.1,27.0,85.0,0.13
2025-08-20 08:00:00,108,3.2,27.7,82.0,0.52
2025-08-20 09:00:00,108,2.6,28.7,78.0,0.99
2025-08-20 10:00:00,108,3.0,29.7,74.0,1.78
2025-08-20 11:00:00,108,2.9,30.5,69.0,1.79
2025-08-20 12:00:00,108,2.7,31.4,67.0,2.49
2025-08-20 13:00:00,108,3.6,31.6,63.0,2.17
2025-08-20 14:00:00,108,3.4,32.2,59.0,2.51
2025-08-20 15:00:00,108,2.4,32.7,59.0,2.57
2025-08-20 16:00:00,108,2.8,32.1,59.0,1.48
2025-08-20 17:00:00,108,2.9,31.6,61.0,1.13
2025-08-20 18:00:00,108,3.3,30.5,67.0,0.43
2025-08-20 19:00:00,108,2.4,29.7,71.0,0.14
2025-08-20 20:00:00,108,2.7,29.2,73.0,0.01
2025-08-20 21:00:00,108,2.4,28.8,77.0,None
2025-08-20 22:00:00,108,1.4,28.4,78.0,None
2025-08-20 23:00:00,108,1.8,28.4,79.0,None
2025-08-21 00:00:00,108,1.0,28.2,79.0,None
2025-08-21 01:00:00,108,1.9,28.2,80.0,None
2025-08-21 02:00:00,108,1.6,28.1,81.0,None
2025-08-21 03:00:00,108,1.5,27.9,83.0,None
2025-08-21 04:00:00,108,2.1,27.7,85.0,None
2025-08-21 05:00:00,108,2.0,27.5,84.0,None
2025-08-21 06:00:00,108,1.8,27.4,86.0,0.0
2025-08-21 07:00:00,108,1.9,27.6,85.0,0.09
2025-08-21 08:00:00,108,2.2,28.0,83.0,0.41
2025-08-21 09:00:00,108,2.4,29.0,77.0,1.09
2025-08-21 10:00:00,108,1.8,30.0,73.0,1.31
2025-08-21 11:00:00,108,2.0,31.2,70.0,1.86
2025-08-21 12:00:00,108,3.0,32.2,63.0,2.98
2025-08-21 13:00:00,108,3.3,33.4,59.0,3.42
2025-08-21 14:00:00,108,2.5,34.2,54.0,2.92
2025-08-21 15:00:00,108,3.2,33.3,56.0,2.1
2025-08-21 16:00:00,108,3.6,33.8,52.0,2.27
2025-08-21 17:00:00,108,3.9,33.0,60.0,1.87
2025-08-21 18:00:00,108,3.2,31.8,62.0,1.03
2025-08-21 19:00:00,108,3.4,30.4,66.0,0.3
2025-08-21 20:00:00,108,2.1,29.4,67.0,0.01
2025-08-21 21:00:00,108,1.2,29.0,65.0,None
2025-08-21 22:00:00,108,1.1,28.6,69.0,None
2025-08-21 23:00:00,108,1.0,28.2,72.0,None
2025-08-22 00:00:00,108,1.5,27.7,73.0,None
2025-08-22 01:00:00,108,1.3,27.3,75.0,None
2025-08-22 02:00:00,108,1.1,27.0,76.0,None
2025-08-22 03:00:00,108,0.8,26.7,79.0,None
2025-08-22 04:00:00,108,1.4,26.5,82.0,None
2025-08-22 05:00:00,108,0.5,26.3,81.0,None
2025-08-22 06:00:00,108,0.6,26.3,87.0,0.0
2025-08-22 07:00:00,108,0.9,26.4,87.0,0.1
2025-08-22 08:00:00,108,2.4,27.7,80.0,0.73
2025-08-22 09:00:00,108,2.0,28.4,79.0,0.81
2025-08-22 10:00:00,108,2.2,29.7,69.0,1.4
2025-08-22 11:00:00,108,2.3,31.5,63.0,2.52
2025-08-22 12:00:00,108,2.6,32.2,59.0,2.96
2025-08-22 13:00:00,108,3.1,32.5,55.0,2.93
2025-08-22 14:00:00,108,3.3,33.0,56.0,2.69
2025-08-22 15:00:00,108,3.2,33.4,52.0,2.72
2025-08-22 16:00:00,108,3.7,33.4,49.0,2.47
2025-08-22 17:00:00,108,2.9,33.1,53.0,1.74
2025-08-22 18:00:00,108,3.3,31.8,61.0,1.02
2025-08-22 19:00:00,108,3.1,30.2,67.0,0.3
2025-08-22 20:00:00,108,3.1,29.1,73.0,0.02
2025-08-22 21:00:00,108,1.7,28.6,76.0,None
2025-08-22 22:00:00,108,2.1,28.3,76.0,None
2025-08-22 23:00:00,108,1.9,28.1,79.0,None
2025-08-23 00:00:00,108,1.4,28.0,79.0,None
2025-08-23 01:00:00,108,1.6,27.9,80.0,None
2025-08-23 02:00:00,108,1.3,27.9,82.0,None
2025-08-23 03:00:00,108,1.4,27.7,82.0,None
2025-08-23 04:00:00,108,1.3,27.6,82.0,None
2025-08-23 05:00:00,108,0.9,27.4,83.0,None
2025-08-23 06:00:00,108,1.5,27.4,84.0,0.0
2025-08-23 07:00:00,108,2.2,27.5,84.0,0.09
2025-08-23 08:00:00,108,1.0,27.9,83.0,0.36
2025-08-23 09:00:00,108,2.0,28.9,79.0,0.88
2025-08-23 10:00:00,108,0.9,30.0,74.0,1.47
2025-08-23 11:00:00,108,3.6,30.7,71.0,1.4
2025-08-23 12:00:00,108,2.4,31.0,68.0,1.89
2025-08-23 13:00:00,108,2.4,30.5,71.0,0.65
2025-08-23 14:00:00,108,2.0,30.3,72.0,0.4
2025-08-23 15:00:00,108,2.6,30.4,72.0,0.61
2025-08-23 16:00:00,108,2.3,31.6,70.0,1.83
2025-08-23 17:00:00,108,1.7,31.8,67.0,1.23
2025-08-23 18:00:00,108,1.4,31.7,67.0,0.6
2025-08-23 19:00:00,108,2.3,30.7,70.0,0.29
2025-08-23 20:00:00,108,2.4,29.7,72.0,0.01
2025-08-23 21:00:00,108,2.2,29.0,70.0,None
2025-08-23 22:00:00,108,1.3,28.7,75.0,None
2025-08-23 23:00:00,108,1.1,28.5,76.0,None
2025-08-24 00:00:00,108,0.6,28.2,77.0,None
2025-08-24 01:00:00,108,1.6,27.7,79.0,None
2025-08-24 02:00:00,108,0.9,27.4,79.0,None
2025-08-24 03:00:00,108,1.6,27.3,81.0,None
2025-08-24 04:00:00,108,0.5,27.1,81.0,None
2025-08-24 05:00:00,108,1.5,26.9,83.0,None
2025-08-24 06:00:00,108,0.6,27.1,84.0,0.0
2025-08-24 07:00:00,108,0.7,27.2,85.0,0.11
2025-08-24 08:00:00,108,1.3,28.0,84.0,0.43
2025-08-24 09:00:00,108,1.1,28.6,81.0,0.49
2025-08-24 10:00:00,108,1.8,29.3,77.0,0.79
2025-08-24 11:00:00,108,2.3,30.7,67.0,1.89
2025-08-24 12:00:00,108,1.5,32.6,61.0,3.04
2025-08-24 13:00:00,108,2.1,32.9,61.0,1.79
2025-08-24 14:00:00,108,2.8,33.7,54.0,2.93
2025-08-24 15:00:00,108,2.9,34.5,50.0,2.69
2025-08-24 16:00:00,108,2.0,34.0,49.0,1.87
2025-08-24 17:00:00,108,2.6,34.0,49.0,1.1
2025-08-24 18:00:00,108,3.0,33.1,57.0,0.92
2025-08-24 19:00:00,108,2.5,31.5,62.0,0.34
2025-08-24 20:00:00,108,2.2,30.5,66.0,0.0
2025-08-24 21:00:00,108,2.1,30.0,68.0,None
2025-08-24 22:00:00,108,0.6,29.6,68.0,None
2025-08-24 23:00:00,108,1.4,29.0,71.0,None
2025-08-25 00:00:00,108,1.2,28.7,73.0,None
2025-08-25 01:00:00,108,1.8,28.6,74.0,None
2025-08-25 02:00:00,108,1.8,28.5,76.0,None
2025-08-25 03:00:00,108,2.8,28.3,78.0,None
2025-08-25 04:00:00,108,0.9,28.0,79.0,None
2025-08-25 05:00:00,108,1.0,27.5,82.0,None
2025-08-25 06:00:00,108,1.9,27.5,83.0,0.0
2025-08-25 07:00:00,108,1.9,27.8,81.0,0.19
2025-08-25 08:00:00,108,1.8,28.6,77.0,0.65
2025-08-25 09:00:00,108,2.6,26.7,84.0,0.35
2025-08-25 10:00:00,108,1.6,26.7,93.0,0.38
2025-08-25 11:00:00,108,1.4,27.9,92.0,0.85
2025-08-25 12:00:00,108,1.1,28.8,88.0,0.74
2025-08-25 13:00:00,108,3.1,30.2,74.0,1.76
2025-08-25 14:00:00,108,3.3,32.0,67.0,2.38
2025-08-25 15:00:00,108,3.5,31.4,69.0,1.21
2025-08-25 16:00:00,108,3.0,31.7,67.0,0.82
2025-08-25 17:00:00,108,4.0,31.8,64.0,0.83
2025-08-25 18:00:00,108,4.3,30.0,76.0,0.48
2025-08-25 19:00:00,108,4.2,29.6,76.0,0.16
2025-08-25 20:00:00,108,3.5,28.8,81.0,0.0
2025-08-25 21:00:00,108,4.2,29.1,80.0,None
2025-08-25 22:00:00,108,3.7,28.9,81.0,None
2025-08-25 23:00:00,108,3.9,28.6,83.0,None
2025-08-26 00:00:00,108,2.7,28.0,87.0,None
2025-08-26 01:00:00,108,2.8,27.6,88.0,None
2025-08-26 02:00:00,108,1.7,27.3,88.0,None
2025-08-26 03:00:00,108,2.2,26.8,90.0,None
2025-08-26 04:00:00,108,3.5,26.4,90.0,None
2025-08-26 05:00:00,108,2.9,25.7,93.0,None
2025-08-26 06:00:00,108,3.0,25.6,95.0,0.0
2025-08-26 07:00:00,108,2.7,25.5,96.0,0.01
2025-08-26 08:00:00,108,2.7,25.6,94.0,0.05
2025-08-26 09:00:00,108,2.7,25.9,94.0,0.14
2025-08-26 10:00:00,108,2.5,26.4,91.0,0.31
2025-08-26 11:00:00,108,2.4,27.5,87.0,1.2
2025-08-26 12:00:00,108,3.1,28.3,80.0,1.25
2025-08-26 13:00:00,108,3.6,29.3,66.0,1.61
2025-08-26 14:00:00,108,4.2,30.3,62.0,2.66
2025-08-26 15:00:00,108,3.0,31.2,62.0,2.76
2025-08-26 16:00:00,108,3.7,31.3,61.0,2.28
2025-08-26 17:00:00,108,3.8,30.9,64.0,1.6
2025-08-26 18:00:00,108,4.3,29.8,70.0,0.87
2025-08-26 19:00:00,108,3.8,28.5,74.0,0.26
2025-08-26 20:00:00,108,2.3,27.7,76.0,0.0
2025-08-26 21:00:00,108,3.1,27.0,78.0,None
2025-08-26 22:00:00,108,1.3,26.8,77.0,None
2025-08-26 23:00:00,108,1.5,26.4,82.0,None
2025-08-27 00:00:00,108,1.2,25.9,85.0,None
2025-08-27 01:00:00,108,0.6,25.5,85.0,None
2025-08-27 02:00:00,108,1.0,25.1,86.0,None
2025-08-27 03:00:00,108,1.1,24.8,88.0,None
2025-08-27 04:00:00,108,0.9,24.7,88.0,None
2025-08-27 05:00:00,108,1.5,24.3,89.0,None
2025-08-27 06:00:00,108,1.0,23.9,88.0,0.0
2025-08-27 07:00:00,108,1.3,23.6,89.0,0.19
2025-08-27 08:00:00,108,2.1,25.0,87.0,0.64
2025-08-27 09:00:00,108,2.2,25.8,83.0,0.66
2025-08-27 10:00:00,108,2.0,26.1,80.0,0.5
2025-08-27 11:00:00,108,2.6,26.8,74.0,0.57
2025-08-27 12:00:00,108,2.3,27.7,68.0,0.65
2025-08-27 13:00:00,108,2.1,28.7,62.0,1.28
2025-08-27 14:00:00,108,1.6,29.8,58.0,1.94
2025-08-27 15:00:00,108,1.5,29.9,56.0,1.0
2025-08-27 16:00:00,108,0.9,30.6,51.0,1.37
2025-08-27 17:00:00,108,3.2,30.0,61.0,0.58
2025-08-27 18:00:00,108,2.9,28.6,62.0,0.29
2025-08-27 19:00:00,108,1.9,27.8,65.0,0.09
2025-08-27 20:00:00,108,2.2,27.4,68.0,0.0
2025-08-27 21:00:00,108,0.5,26.9,69.0,None
2025-08-27 22:00:00,108,1.2,26.4,73.0,None
2025-08-27 23:00:00,108,0.9,26.1,76.0,None
2025-08-28 00:00:00,108,1.0,26.0,76.0,None
2025-08-28 01:00:00,108,1.4,25.7,76.0,None
2025-08-28 02:00:00,108,2.1,25.5,78.0,None
2025-08-28 03:00:00,108,2.1,25.1,77.0,None
2025-08-28 04:00:00,108,1.7,24.9,77.0,None
2025-08-28 05:00:00,108,1.3,24.9,78.0,None
2025-08-28 06:00:00,108,1.6,24.8,79.0,0.0
2025-08-28 07:00:00,108,0.9,24.9,80.0,0.12
2025-08-28 08:00:00,108,1.7,25.9,78.0,0.48
2025-08-28 09:00:00,108,1.7,27.5,76.0,1.08
2025-08-28 10:00:00,108,1.9,28.8,70.0,1.71
2025-08-28 11:00:00,108,3.4,29.8,66.0,2.32
2025-08-28 12:00:00,108,3.7,30.4,63.0,1.95
2025-08-28 13:00:00,108,3.8,30.1,62.0,1.49
2025-08-28 14:00:00,108,3.9,30.8,58.0,1.66
2025-08-28 15:00:00,108,2.4,30.9,64.0,1.16
2025-08-28 16:00:00,108,3.1,30.6,66.0,0.87
2025-08-28 17:00:00,108,3.2,30.6,67.0,0.74
2025-08-28 18:00:00,108,2.6,30.7,67.0,0.66
2025-08-28 19:00:00,108,3.8,29.7,69.0,0.11
2025-08-28 20:00:00,108,3.7,29.2,72.0,0.0
2025-08-28 21:00:00,108,4.0,28.7,75.0,None
2025-08-28 22:00:00,108,3.0,28.4,79.0,None
2025-08-28 23:00:00,108,3.2,28.2,80.0,None
2025-08-29 00:00:00,108,3.2,28.1,82.0,None
2025-08-29 01:00:00,108,2.9,28.0,82.0,None
2025-08-29 02:00:00,108,3.6,27.9,83.0,None
2025-08-29 03:00:00,108,3.0,27.9,84.0,None
2025-08-29 04:00:00,108,2.8,27.7,86.0,None
2025-08-29 05:00:00,108,2.5,27.7,84.0,None
2025-08-29 06:00:00,108,2.1,27.3,88.0,None
2025-08-29 07:00:00,108,3.6,27.5,88.0,0.07
2025-08-29 08:00:00,108,4.3,27.8,87.0,0.37
2025-08-29 09:00:00,108,3.2,28.6,83.0,0.7
2025-08-29 10:00:00,108,4.4,29.9,77.0,1.69
2025-08-29 11:00:00,108,4.0,31.1,73.0,2.64
2025-08-29 12:00:00,108,4.4,31.8,67.0,2.31
2025-08-29 13:00:00,108,5.1,32.4,63.0,2.99
2025-08-29 14:00:00,108,5.1,32.7,63.0,2.97
2025-08-29 15:00:00,108,3.9,32.6,65.0,1.99
2025-08-29 16:00:00,108,5.3,31.1,69.0,1.21
2025-08-29 17:00:00,108,2.7,27.9,86.0,0.43
2025-08-29 18:00:00,108,3.4,28.6,85.0,0.31
2025-08-29 19:00:00,108,3.5,28.5,85.0,0.11
2025-08-29 20:00:00,108,2.6,28.6,85.0,0.01
2025-08-29 21:00:00,108,3.2,28.0,90.0,None
2025-08-29 22:00:00,108,2.4,27.7,91.0,None
2025-08-29 23:00:00,108,2.4,27.6,92.0,None
2025-08-30 00:00:00,108,1.3,27.4,94.0,None
2025-08-30 01:00:00,108,2.2,27.3,93.0,None
2025-08-30 02:00:00,108,1.5,27.0,93.0,None
2025-08-30 03:00:00,108,1.8,27.2,95.0,None
2025-08-30 04:00:00,108,1.8,27.0,96.0,None
2025-08-30 05:00:00,108,1.4,26.9,94.0,None
2025-08-30 06:00:00,108,1.5,26.2,94.0,None
2025-08-30 07:00:00,108,0.3,26.5,94.0,0.03
2025-08-30 08:00:00,108,2.1,26.1,92.0,0.05
2025-08-30 09:00:00,108,1.1,25.9,92.0,0.14
2025-08-30 10:00:00,108,0.9,27.2,91.0,1.01
2025-08-30 11:00:00,108,1.7,28.3,85.0,1.22
2025-08-30 12:00:00,108,3.6,30.0,79.0,2.51
2025-08-30 13:00:00,108,3.8,31.0,67.0,2.89
2025-08-30 14:00:00,108,3.6,31.1,63.0,2.38
2025-08-30 15:00:00,108,4.1,31.0,68.0,1.75
2025-08-30 16:00:00,108,2.8,31.6,67.0,1.82
2025-08-30 17:00:00,108,2.7,31.7,66.0,1.71
2025-08-30 18:00:00,108,2.5,31.3,63.0,0.96
2025-08-30 19:00:00,108,1.1,30.1,67.0,0.22
2025-08-30 20:00:00,108,1.5,29.0,73.0,0.0
2025-08-30 21:00:00,108,1.8,28.4,75.0,None
2025-08-30 22:00:00,108,0.3,27.8,77.0,None
2025-08-30 23:00:00,108,1.1,27.4,80.0,None
2025-08-31 00:00:00,108,0.5,27.0,83.0,None
2025-08-31 01:00:00,108,0.5,26.6,82.0,None
2025-08-31 02:00:00,108,1.6,26.2,84.0,None
2025-08-31 03:00:00,108,1.0,25.9,86.0,None
2025-08-31 04:00:00,108,1.4,25.5,87.0,None
2025-08-31 05:00:00,108,2.0,25.3,88.0,None
2025-08-31 06:00:00,108,2.1,25.1,89.0,None
2025-08-31 07:00:00,108,1.4,25.3,89.0,0.13
2025-08-31 08:00:00,108,1.6,26.5,86.0,0.62
2025-08-31 09:00:00,108,2.1,27.7,82.0,1.02
2025-08-31 10:00:00,108,1.8,29.6,75.0,2.2
2025-08-31 11:00:00,108,3.3,30.3,68.0,1.88
2025-08-31 12:00:00,108,2.7,30.7,68.0,1.63
2025-08-31 13:00:00,108,2.7,30.5,70.0,1.87
2025-08-31 14:00:00,108,1.3,30.9,71.0,1.45
2025-08-31 15:00:00,108,3.5,31.5,61.0,1.8
2025-08-31 16:00:00,108,2.0,31.1,65.0,1.17
2025-08-31 17:00:00,108,3.7,30.9,67.0,1.1
2025-08-31 18:00:00,108,3.8,30.4,65.0,0.6
2025-08-31 19:00:00,108,2.5,29.4,69.0,0.26
2025-08-31 20:00:00,108,3.4,29.0,72.0,0.01
2025-08-31 21:00:00,108,3.4,28.7,75.0,None
2025-08-31 22:00:00,108,4.1,28.3,76.0,None
2025-08-31 23:00:00,108,2.6,28.0,76.0,None
2025-09-01 00:00:00,108,1.9,27.7,76.0,None
2025-09-01 01:00:00,108,2.9,27.5,77.0,None
2025-09-01 02:00:00,108,2.7,27.2,78.0,None
2025-09-01 03:00:00,108,2.9,27.1,79.0,None
2025-09-01 04:00:00,108,3.4,27.0,80.0,None
2025-09-01 05:00:00,108,3.0,25.9,92.0,None
2025-09-01 06:00:00,108,1.8,25.1,93.0,None
2025-09-01 07:00:00,108,0.5,25.2,91.0,0.12
2025-09-01 08:00:00,108,2.5,25.4,90.0,0.38
2025-09-01 09:00:00,108,1.0,26.0,90.0,0.48
2025-09-01 10:00:00,108,3.1,26.5,89.0,0.5
2025-09-01 11:00:00,108,2.9,26.8,85.0,0.51
2025-09-01 12:00:00,108,3.8,27.3,83.0,0.63
2025-09-01 13:00:00,108,4.6,28.1,78.0,1.26
2025-09-01 14:00:00,108,3.5,27.5,87.0,0.58
2025-09-01 15:00:00,108,4.9,27.6,83.0,0.79
2025-09-01 16:00:00,108,4.8,27.6,82.0,0.9
2025-09-01 17:00:00,108,3.1,27.9,82.0,0.96
2025-09-01 18:00:00,108,1.3,26.1,90.0,0.29
2025-09-01 19:00:00,108,1.4,25.7,88.0,0.06
2025-09-01 20:00:00,108,0.9,25.5,87.0,0.01
2025-09-01 21:00:00,108,1.1,25.3,88.0,None
2025-09-01 22:00:00,108,1.7,25.1,87.0,None
2025-09-01 23:00:00,108,1.5,24.7,90.0,None
2025-09-02 00:00:00,108,0.6,24.4,92.0,None
2025-09-02 01:00:00,108,0.9,24.1,91.0,None
2025-09-02 02:00:00,108,0.3,23.8,92.0,None
2025-09-02 03:00:00,108,1.0,23.4,91.0,None
2025-09-02 04:00:00,108,1.5,23.1,92.0,None
2025-09-02 05:00:00,108,1.4,22.7,92.0,None
2025-09-02 06:00:00,108,0.8,22.2,91.0,None
2025-09-02 07:00:00,108,1.2,22.0,92.0,0.08
2025-09-02 08:00:00,108,2.2,23.1,89.0,0.58
2025-09-02 09:00:00,108,2.1,24.2,85.0,1.24
2025-09-02 10:00:00,108,1.1,24.8,81.0,1.2
2025-09-02 11:00:00,108,1.0,26.4,74.0,2.16
2025-09-02 12:00:00,108,1.9,27.6,69.0,2.83
2025-09-02 13:00:00,108,2.3,28.5,66.0,2.56
2025-09-02 14:00:00,108,2.1,29.1,63.0,2.76
2025-09-02 15:00:00,108,2.3,29.6,59.0,2.15
2025-09-02 16:00:00,108,3.2,30.3,58.0,1.98
2025-09-02 17:00:00,108,2.4,30.5,54.0,1.67
2025-09-02 18:00:00,108,2.2,29.7,57.0,0.88
2025-09-02 19:00:00,108,1.7,28.4,60.0,0.23
2025-09-02 20:00:00,108,1.5,27.1,64.0,None
2025-09-02 21:00:00,108,1.3,26.2,68.0,None
2025-09-02 22:00:00,108,0.8,25.6,72.0,None
2025-09-02 23:00:00,108,0.9,25.2,75.0,None
2025-09-03 00:00:00,108,0.6,24.7,77.0,None
2025-09-03 01:00:00,108,1.9,24.3,81.0,None
2025-09-03 02:00:00,108,1.7,23.9,82.0,None
2025-09-03 03:00:00,108,1.8,23.6,84.0,None
2025-09-03 04:00:00,108,1.8,23.3,86.0,None
2025-09-03 05:00:00,108,1.5,23.0,87.0,None
2025-09-03 06:00:00,108,2.0,22.7,89.0,None
2025-09-03 07:00:00,108,1.9,22.8,90.0,0.12
2025-09-03 08:00:00,108,2.2,24.1,86.0,0.69
2025-09-03 09:00:00,108,2.3,25.4,79.0,1.33
2025-09-03 10:00:00,108,2.6,27.2,69.0,2.21
2025-09-03 11:00:00,108,2.2,28.4,66.0,2.38
2025-09-03 12:00:00,108,2.1,29.6,58.0,3.14
2025-09-03 13:00:00,108,1.5,30.6,53.0,3.14
2025-09-03 14:00:00,108,2.2,31.1,50.0,2.37
2025-09-03 15:00:00,108,2.9,31.9,42.0,2.42
2025-09-03 16:00:00,108,2.1,31.4,47.0,1.79
2025-09-03 17:00:00,108,1.5,31.6,53.0,1.28
2025-09-03 18:00:00,108,1.5,30.9,55.0,0.45
2025-09-03 19:00:00,108,1.5,29.8,59.0,0.06
2025-09-03 20:00:00,108,1.9,29.0,62.0,None
2025-09-03 21:00:00,108,2.2,28.7,65.0,None
2025-09-03 22:00:00,108,1.7,28.4,66.0,None
2025-09-03 23:00:00,108,1.8,28.2,66.0,None
2025-09-04 00:00:00,108,2.2,27.7,68.0,None
2025-09-04 01:00:00,108,2.3,27.5,73.0,None
2025-09-04 02:00:00,108,2.6,25.6,86.0,None
2025-09-04 03:00:00,108,4.1,24.5,91.0,None
2025-09-04 04:00:00,108,1.5,24.0,94.0,None
2025-09-04 05:00:00,108,2.2,23.6,93.0,None
2025-09-04 06:00:00,108,2.7,23.0,93.0,None
2025-09-04 07:00:00,108,2.0,22.9,95.0,0.02
2025-09-04 08:00:00,108,3.3,23.1,95.0,0.12
2025-09-04 09:00:00,108,2.6,23.3,96.0,0.16
2025-09-04 10:00:00,108,3.4,23.5,96.0,0.34
2025-09-04 11:00:00,108,2.7,24.1,92.0,0.59
2025-09-04 12:00:00,108,2.7,25.8,88.0,1.66
2025-09-04 13:00:00,108,2.7,27.0,79.0,2.55
2025-09-04 14:00:00,108,2.7,28.3,74.0,2.81
2025-09-04 15:00:00,108,2.1,29.1,70.0,2.01
2025-09-04 16:00:00,108,2.9,29.7,67.0,1.97
2025-09-04 17:00:00,108,2.6,29.1,68.0,0.92
2025-09-04 18:00:00,108,2.1,28.5,68.0,0.43
2025-09-04 19:00:00,108,2.5,27.7,71.0,0.18
2025-09-04 20:00:00,108,1.7,27.0,74.0,None
2025-09-04 21:00:00,108,2.2,26.5,75.0,None
2025-09-04 22:00:00,108,2.7,26.1,76.0,None
2025-09-04 23:00:00,108,2.9,25.8,76.0,None
2025-09-05 00:00:00,108,2.6,25.3,76.0,None
2025-09-05 01:00:00,108,2.9,25.0,74.0,None
2025-09-05 02:00:00,108,2.3,24.5,74.0,None
2025-09-05 03:00:00,108,2.1,24.2,74.0,None
2025-09-05 04:00:00,108,1.4,23.9,73.0,None
2025-09-05 05:00:00,108,2.4,23.8,73.0,None
2025-09-05 06:00:00,108,2.3,23.6,80.0,None
2025-09-05 07:00:00,108,2.3,23.9,79.0,0.19
2025-09-05 08:00:00,108,3.2,24.6,73.0,0.53
2025-09-05 09:00:00,108,2.7,26.3,69.0,1.28
2025-09-05 10:00:00,108,3.4,28.2,64.0,2.13
2025-09-05 11:00:00,108,2.3,29.7,62.0,2.69
2025-09-05 12:00:00,108,2.3,30.8,59.0,3.05
2025-09-05 13:00:00,108,1.7,31.2,58.0,2.89
2025-09-05 14:00:00,108,2.4,32.5,54.0,3.07
2025-09-05 15:00:00,108,2.9,32.5,55.0,2.14
2025-09-05 16:00:00,108,2.3,32.0,54.0,1.52
2025-09-05 17:00:00,108,2.9,31.7,58.0,0.65
2025-09-05 18:00:00,108,3.1,30.4,65.0,0.25
2025-09-05 19:00:00,108,1.9,29.5,69.0,0.06
2025-09-05 20:00:00,108,1.9,28.6,71.0,None
2025-09-05 21:00:00,108,1.4,28.2,71.0,None
2025-09-05 22:00:00,108,1.6,27.8,73.0,None
2025-09-05 23:00:00,108,1.5,27.4,73.0,None
2025-09-06 00:00:00,108,1.4,27.1,75.0,None
2025-09-06 01:00:00,108,2.8,27.2,80.0,None
2025-09-06 02:00:00,108,1.4,27.2,79.0,None
2025-09-06 03:00:00,108,1.3,27.1,80.0,None
2025-09-06 04:00:00,108,1.7,26.8,85.0,None
2025-09-06 05:00:00,108,1.9,26.4,86.0,None
2025-09-06 06:00:00,108,1.2,26.1,86.0,None
2025-09-06 07:00:00,108,1.3,26.0,88.0,0.02
2025-09-06 08:00:00,108,2.0,26.1,90.0,0.2
2025-09-06 09:00:00,108,1.7,26.2,91.0,0.33
2025-09-06 10:00:00,108,1.3,26.7,91.0,0.67
2025-09-06 11:00:00,108,2.7,26.5,93.0,0.4
2025-09-06 12:00:00,108,2.9,27.9,89.0,1.89
2025-09-06 13:00:00,108,2.8,28.6,84.0,1.57
2025-09-06 14:00:00,108,4.7,29.6,77.0,1.43
2025-09-06 15:00:00,108,5.0,30.0,72.0,1.13
2025-09-06 16:00:00,108,6.2,29.2,75.0,1.01
2025-09-06 17:00:00,108,3.9,27.4,87.0,0.11
2025-09-06 18:00:00,108,1.9,25.7,88.0,0.09
2025-09-06 19:00:00,108,1.6,25.6,90.0,0.09
2025-09-06 20:00:00,108,3.0,25.4,91.0,None
2025-09-06 21:00:00,108,2.6,25.5,92.0,None
2025-09-06 22:00:00,108,2.2,25.6,91.0,None
2025-09-06 23:00:00,108,3.2,25.8,92.0,None
2025-09-07 00:00:00,108,2.3,25.8,95.0,None
2025-09-07 01:00:00,108,2.8,25.7,93.0,None
2025-09-07 02:00:00,108,2.7,25.7,92.0,None
2025-09-07 03:00:00,108,2.5,25.5,92.0,None
2025-09-07 04:00:00,108,2.3,24.9,90.0,None
2025-09-07 05:00:00,108,1.6,24.7,90.0,None
2025-09-07 06:00:00,108,2.3,24.5,90.0,None
2025-09-07 07:00:00,108,2.0,24.4,91.0,0.03
2025-09-07 08:00:00,108,1.0,24.7,89.0,0.35
2025-09-07 09:00:00,108,2.0,25.2,86.0,0.78
2025-09-07 10:00:00,108,2.3,26.1,80.0,1.45
2025-09-07 11:00:00,108,2.4,26.9,73.0,1.71
2025-09-07 12:00:00,108,2.6,27.4,65.0,2.0
2025-09-07 13:00:00,108,2.5,28.1,66.0,1.9
2025-09-07 14:00:00,108,3.3,27.5,68.0,1.27
2025-09-07 15:00:00,108,2.2,27.2,67.0,1.09
2025-09-07 16:00:00,108,2.5,26.7,61.0,0.75
2025-09-07 17:00:00,108,1.8,26.4,62.0,0.53
2025-09-07 18:00:00,108,2.8,26.3,65.0,0.51
2025-09-07 19:00:00,108,1.6,25.5,69.0,0.21
2025-09-07 20:00:00,108,2.3,24.8,72.0,None
2025-09-07 21:00:00,108,0.9,24.1,74.0,None
2025-09-07 22:00:00,108,1.5,23.3,79.0,None
2025-09-07 23:00:00,108,1.0,22.7,80.0,None
2025-09-08 00:00:00,108,0.5,22.3,81.0,None
2025-09-08 01:00:00,108,0.6,22.0,83.0,None
2025-09-08 02:00:00,108,1.3,21.8,82.0,None
2025-09-08 03:00:00,108,1.2,21.5,86.0,None
2025-09-08 04:00:00,108,1.3,21.4,86.0,None
2025-09-08 05:00:00,108,1.5,21.1,87.0,None
2025-09-08 06:00:00,108,1.9,20.7,89.0,None
2025-09-08 07:00:00,108,2.0,20.9,90.0,0.14
2025-09-08 08:00:00,108,2.5,21.7,89.0,0.41
2025-09-08 09:00:00,108,2.2,22.5,88.0,0.58
2025-09-08 10:00:00,108,2.4,24.4,79.0,1.52
2025-09-08 11:00:00,108,2.1,25.2,74.0,1.37
2025-09-08 12:00:00,108,0.8,26.7,67.0,2.35
2025-09-08 13:00:00,108,2.1,27.9,60.0,2.61
2025-09-08 14:00:00,108,1.6,29.1,52.0,2.94
2025-09-08 15:00:00,108,2.7,29.4,50.0,2.48
2025-09-08 16:00:00,108,2.5,28.4,52.0,1.18
2025-09-08 17:00:00,108,2.1,27.4,57.0,0.44
2025-09-08 18:00:00,108,1.3,26.4,62.0,0.11
2025-09-08 19:00:00,108,3.0,25.7,66.0,0.04
2025-09-08 20:00:00,108,1.4,25.0,66.0,None
2025-09-08 21:00:00,108,3.2,24.6,71.0,None
2025-09-08 22:00:00,108,1.1,24.2,74.0,None
2025-09-08 23:00:00,108,1.6,24.0,74.0,None
2025-09-09 00:00:00,108,2.1,23.6,71.0,None
2025-09-09 01:00:00,108,1.5,23.4,71.0,None
2025-09-09 02:00:00,108,1.5,23.0,75.0,None
2025-09-09 03:00:00,108,0.3,22.8,74.0,None
2025-09-09 04:00:00,108,1.4,22.6,74.0,None
2025-09-09 05:00:00,108,1.1,22.4,77.0,None
2025-09-09 06:00:00,108,1.3,22.2,78.0,None
2025-09-09 07:00:00,108,1.5,22.0,79.0,0.08
2025-09-09 08:00:00,108,1.6,22.4,79.0,0.33
2025-09-09 09:00:00,108,2.0,23.2,76.0,0.54
2025-09-09 10:00:00,108,1.9,24.2,74.0,0.79
2025-09-09 11:00:00,108,0.9,25.2,68.0,1.35
2025-09-09 12:00:00,108,2.0,25.7,69.0,1.08
2025-09-09 13:00:00,108,1.4,26.3,68.0,1.27
2025-09-09 14:00:00,108,3.1,25.7,63.0,0.9
2025-09-09 15:00:00,108,2.4,25.6,59.0,0.73
2025-09-09 16:00:00,108,2.9,26.5,64.0,1.07
2025-09-09 17:00:00,108,3.0,26.8,59.0,1.09
2025-09-09 18:00:00,108,1.5,25.9,64.0,0.4
2025-09-09 19:00:00,108,1.9,24.8,68.0,0.1
2025-09-09 20:00:00,108,1.6,23.9,72.0,None
2025-09-09 21:00:00,108,1.7,23.1,74.0,None
2025-09-09 22:00:00,108,1.4,22.5,76.0,None
2025-09-09 23:00:00,108,1.8,21.9,79.0,None
2025-09-10 00:00:00,108,1.5,21.4,81.0,None
2025-09-10 01:00:00,108,2.0,20.8,83.0,None
2025-09-10 02:00:00,108,0.9,20.5,86.0,None
2025-09-10 03:00:00,108,0.8,20.2,86.0,None
2025-09-10 04:00:00,108,1.3,19.8,86.0,None
2025-09-10 05:00:00,108,2.2,19.1,89.0,None
2025-09-10 06:00:00,108,2.0,18.7,89.0,None
2025-09-10 07:00:00,108,2.2,18.5,91.0,0.12
2025-09-10 08:00:00,108,2.0,20.0,86.0,0.72
2025-09-10 09:00:00,108,1.6,22.4,77.0,1.56
2025-09-10 10:00:00,108,1.5,24.2,66.0,2.23
2025-09-10 11:00:00,108,2.3,26.6,53.0,2.82
2025-09-10 12:00:00,108,2.5,27.9,42.0,3.17
2025-09-10 13:00:00,108,3.2,29.2,35.0,3.31
2025-09-10 14:00:00,108,2.8,30.3,33.0,3.18
2025-09-10 15:00:00,108,2.6,30.9,31.0,2.82
2025-09-10 16:00:00,108,2.4,31.2,31.0,2.26
2025-09-10 17:00:00,108,1.1,31.2,32.0,1.53
2025-09-10 18:00:00,108,3.4,29.9,43.0,0.71
2025-09-10 19:00:00,108,2.5,28.0,48.0,0.13
2025-09-10 20:00:00,108,0.9,26.6,54.0,None
2025-09-10 21:00:00,108,0.7,25.5,56.0,None
2025-09-10 22:00:00,108,0.3,24.6,59.0,None
2025-09-10 23:00:00,108,0.3,24.0,62.0,None
2025-09-11 00:00:00,108,2.0,23.0,65.0,None
2025-09-11 01:00:00,108,2.6,22.1,71.0,None
2025-09-11 02:00:00,108,1.7,21.8,73.0,None
2025-09-11 03:00:00,108,1.6,21.4,76.0,None
2025-09-11 04:00:00,108,1.6,20.8,77.0,None
2025-09-11 05:00:00,108,1.7,20.2,78.0,None
2025-09-11 06:00:00,108,2.1,19.9,82.0,None
2025-09-11 07:00:00,108,2.2,20.1,82.0,0.12
2025-09-11 08:00:00,108,3.1,22.0,73.0,0.68
2025-09-11 09:00:00,108,3.1,23.6,62.0,1.51
2025-09-11 10:00:00,108,3.0,25.7,50.0,2.19
2025-09-11 11:00:00,108,2.9,27.4,43.0,2.78
2025-09-11 12:00:00,108,3.3,28.5,41.0,3.14
2025-09-11 13:00:00,108,3.5,29.5,41.0,3.25
2025-09-11 14:00:00,108,3.4,30.6,41.0,3.14
2025-09-11 15:00:00,108,3.2,31.2,39.0,2.76
2025-09-11 16:00:00,108,3.1,31.6,37.0,2.21
2025-09-11 17:00:00,108,2.3,31.2,38.0,1.53
2025-09-11 18:00:00,108,2.5,30.0,45.0,0.7
2025-09-11 19:00:00,108,2.0,28.4,50.0,0.1
2025-09-11 20:00:00,108,1.8,27.5,53.0,None
2025-09-11 21:00:00,108,3.1,26.8,56.0,None
2025-09-11 22:00:00,108,2.6,26.2,56.0,None
2025-09-11 23:00:00,108,3.2,25.5,58.0,None
2025-09-12 00:00:00,108,3.7,25.0,60.0,None
2025-09-12 01:00:00,108,3.0,24.3,60.0,None
2025-09-12 02:00:00,108,2.9,24.0,59.0,None
2025-09-12 03:00:00,108,2.5,23.6,63.0,None
2025-09-12 04:00:00,108,2.4,23.3,62.0,None
2025-09-12 05:00:00,108,1.8,23.1,63.0,None
2025-09-12 06:00:00,108,2.4,23.1,62.0,None
2025-09-12 07:00:00,108,2.8,22.9,63.0,0.03
2025-09-12 08:00:00,108,3.6,23.3,59.0,0.31
2025-09-12 09:00:00,108,3.7,23.9,59.0,0.57
2025-09-12 10:00:00,108,3.5,25.1,56.0,1.34
2025-09-12 11:00:00,108,2.6,25.7,56.0,1.26
2025-09-12 12:00:00,108,2.3,25.8,56.0,1.04
2025-09-12 13:00:00,108,2.0,26.1,57.0,1.13
2025-09-12 14:00:00,108,2.5,26.2,57.0,0.67
2025-09-12 15:00:00,108,2.5,26.3,59.0,0.59
2025-09-12 16:00:00,108,3.1,26.0,60.0,0.44
2025-09-12 17:00:00,108,2.0,25.6,65.0,0.21
2025-09-12 18:00:00,108,3.9,24.9,68.0,0.1
2025-09-12 19:00:00,108,2.1,24.0,77.0,0.01
2025-09-12 20:00:00,108,2.1,23.0,85.0,None
2025-09-12 21:00:00,108,2.1,22.5,89.0,None
2025-09-12 22:00:00,108,4.1,21.9,90.0,None
2025-09-12 23:00:00,108,3.2,21.4,93.0,None
2025-09-13 00:00:00,108,3.1,21.1,94.0,None
2025-09-13 01:00:00,108,3.0,20.8,95.0,None
2025-09-13 02:00:00,108,3.4,20.5,97.0,None
2025-09-13 03:00:00,108,3.3,20.4,98.0,None
2025-09-13 04:00:00,108,2.6,20.5,98.0,None
2025-09-13 05:00:00,108,3.3,20.6,95.0,None
2025-09-13 06:00:00,108,3.0,20.6,96.0,None
2025-09-13 07:00:00,108,2.3,20.8,95.0,0.01
2025-09-13 08:00:00,108,0.5,21.1,95.0,0.12
2025-09-13 09:00:00,108,1.2,21.8,94.0,0.4
2025-09-13 10:00:00,108,2.2,22.7,90.0,None
2025-09-13 11:00:00,108,1.7,23.7,85.0,None
2025-09-13 12:00:00,108,2.4,24.7,80.0,None
2025-09-13 13:00:00,108,1.7,26.1,68.0,None
2025-09-13 14:00:00,108,1.8,26.5,65.0,None
2025-09-13 15:00:00,108,1.7,26.6,64.0,None
2025-09-13 16:00:00,108,1.4,27.4,61.0,None
2025-09-13 17:00:00,108,0.7,26.5,62.0,None
2025-09-13 18:00:00,108,2.0,25.7,65.0,None
2025-09-13 19:00:00,108,1.4,25.1,68.0,0.07
2025-09-13 20:00:00,108,1.9,24.4,70.0,None
2025-09-13 21:00:00,108,1.7,23.8,75.0,None
2025-09-13 22:00:00,108,1.9,23.3,76.0,None
2025-09-13 23:00:00,108,2.0,22.9,77.0,None
2025-09-14 00:00:00,108,1.0,22.5,76.0,None
2025-09-14 01:00:00,108,1.8,22.0,79.0,None
2025-09-14 02:00:00,108,1.8,21.7,80.0,None
2025-09-14 03:00:00,108,1.0,21.7,82.0,None
2025-09-14 04:00:00,108,1.5,21.8,80.0,None
2025-09-14 05:00:00,108,1.6,21.7,81.0,None
2025-09-14 06:00:00,108,1.6,21.6,82.0,None
2025-09-14 07:00:00,108,1.5,21.5,82.0,0.07
2025-09-14 08:00:00,108,1.7,22.1,81.0,0.4
2025-09-14 09:00:00,108,1.2,23.2,78.0,0.83
2025-09-14 10:00:00,108,0.4,24.2,76.0,1.19
2025-09-14 11:00:00,108,1.0,25.4,72.0,1.5
2025-09-14 12:00:00,108,2.1,27.0,63.0,2.69
2025-09-14 13:00:00,108,1.6,27.3,63.0,1.93
2025-09-14 14:00:00,108,1.7,27.8,59.0,1.96
2025-09-14 15:00:00,108,1.4,28.5,56.0,2.15
2025-09-14 16:00:00,108,1.9,29.2,52.0,1.87
2025-09-14 17:00:00,108,1.7,29.1,55.0,1.37
2025-09-14 18:00:00,108,1.9,28.2,60.0,0.69
2025-09-14 19:00:00,108,1.9,26.7,64.0,0.09
2025-09-14 20:00:00,108,2.3,25.8,67.0,None
2025-09-14 21:00:00,108,2.0,25.0,73.0,None
2025-09-14 22:00:00,108,1.5,24.2,75.0,None
2025-09-14 23:00:00,108,1.7,23.7,79.0,None
2025-09-15 00:00:00,108,1.7,23.3,82.0,None
2025-09-15 01:00:00,108,0.9,23.1,84.0,None
2025-09-15 02:00:00,108,1.2,22.7,86.0,None
2025-09-15 03:00:00,108,0.9,22.4,86.0,None
2025-09-15 04:00:00,108,1.6,21.8,86.0,None
2025-09-15 05:00:00,108,2.0,21.2,88.0,None
2025-09-15 06:00:00,108,1.5,20.9,88.0,None
2025-09-15 07:00:00,108,1.7,20.9,90.0,0.09
2025-09-15 08:00:00,108,1.9,22.4,88.0,0.54
2025-09-15 09:00:00,108,1.4,24.3,80.0,1.32
2025-09-15 10:00:00,108,1.3,25.8,74.0,1.8
2025-09-15 11:00:00,108,2.5,27.1,66.0,2.25
2025-09-15 12:00:00,108,1.0,28.3,60.0,2.46
2025-09-15 13:00:00,108,1.6,29.0,58.0,1.96
2025-09-15 14:00:00,108,2.1,29.7,56.0,2.26
2025-09-15 15:00:00,108,2.9,30.3,54.0,2.53
2025-09-15 16:00:00,108,1.4,30.4,54.0,1.75
2025-09-15 17:00:00,108,1.1,30.2,52.0,1.05
2025-09-15 18:00:00,108,0.9,29.3,51.0,0.55
2025-09-15 19:00:00,108,1.1,28.0,62.0,0.1
2025-09-15 20:00:00,108,1.5,26.8,72.0,None
2025-09-15 21:00:00,108,1.2,26.1,75.0,None
2025-09-15 22:00:00,108,0.5,25.4,76.0,None
2025-09-15 23:00:00,108,1.4,24.6,79.0,None
2025-09-16 00:00:00,108,1.3,24.0,79.0,None
2025-09-16 01:00:00,108,0.7,23.5,80.0,None
2025-09-16 02:00:00,108,1.7,23.1,83.0,None
2025-09-16 03:00:00,108,1.0,22.8,85.0,None
2025-09-16 04:00:00,108,1.4,22.4,85.0,None
2025-09-16 05:00:00,108,2.0,22.2,87.0,None
2025-09-16 06:00:00,108,1.8,22.3,87.0,None
2025-09-16 07:00:00,108,1.6,22.5,86.0,0.09
2025-09-16 08:00:00,108,1.5,23.2,84.0,0.31
2025-09-16 09:00:00,108,1.6,24.7,80.0,0.83
2025-09-16 10:00:00,108,1.5,25.2,81.0,0.44
2025-09-16 11:00:00,108,2.2,26.2,79.0,0.72
2025-09-16 12:00:00,108,1.1,26.4,78.0,0.42
2025-09-16 13:00:00,108,1.4,26.7,78.0,0.41
2025-09-16 14:00:00,108,5.5,24.3,86.0,0.36
2025-09-16 15:00:00,108,2.0,22.5,94.0,0.04
2025-09-16 16:00:00,108,2.0,23.3,93.0,0.49
2025-09-16 17:00:00,108,1.6,24.1,90.0,0.75
2025-09-16 18:00:00,108,1.3,23.9,88.0,0.23
2025-09-16 19:00:00,108,0.7,23.8,91.0,0.02
2025-09-16 20:00:00,108,1.0,23.7,91.0,None
2025-09-16 21:00:00,108,0.6,23.6,90.0,None
2025-09-16 22:00:00,108,1.5,23.5,91.0,None
2025-09-16 23:00:00,108,1.4,23.2,91.0,None
2025-09-17 00:00:00,108,1.7,23.3,92.0,None
2025-09-17 01:00:00,108,1.0,23.1,92.0,None
2025-09-17 02:00:00,108,1.1,23.2,93.0,None
2025-09-17 03:00:00,108,0.9,23.4,94.0,None
2025-09-17 04:00:00,108,0.7,23.5,93.0,None
2025-09-17 05:00:00,108,1.3,23.5,93.0,None
2025-09-17 06:00:00,108,1.6,23.5,93.0,None
2025-09-17 07:00:00,108,1.5,23.5,93.0,0.01
2025-09-17 08:00:00,108,1.2,23.7,95.0,0.04
2025-09-17 09:00:00,108,1.7,23.9,93.0,0.16
2025-09-17 10:00:00,108,1.9,23.8,95.0,0.16
2025-09-17 11:00:00,108,3.5,22.4,95.0,0.05
2025-09-17 12:00:00,108,3.6,22.1,97.0,0.17
2025-09-17 13:00:00,108,1.3,23.2,92.0,0.94
2025-09-17 14:00:00,108,4.5,22.3,91.0,0.39
2025-09-17 15:00:00,108,0.8,22.8,93.0,0.39
2025-09-17 16:00:00,108,3.5,22.5,93.0,0.34
2025-09-17 17:00:00,108,2.7,22.4,90.0,0.43
2025-09-17 18:00:00,108,1.8,22.5,87.0,0.39
2025-09-17 19:00:00,108,2.2,22.1,88.0,0.07
2025-09-17 20:00:00,108,1.3,21.9,87.0,None
2025-09-17 21:00:00,108,1.4,21.9,89.0,None
2025-09-17 22:00:00,108,0.4,21.7,88.0,None
2025-09-17 23:00:00,108,0.9,21.5,90.0,None
2025-09-18 00:00:00,108,1.7,21.2,90.0,None
2025-09-18 01:00:00,108,1.2,20.8,92.0,None
2025-09-18 02:00:00,108,1.0,20.6,91.0,None
2025-09-18 03:00:00,108,1.5,20.4,92.0,None
2025-09-18 04:00:00,108,0.2,20.1,92.0,None
2025-09-18 05:00:00,108,1.7,19.9,92.0,None
2025-09-18 06:00:00,108,1.6,19.7,93.0,None
2025-09-18 07:00:00,108,0.8,19.6,92.0,0.04
2025-09-18 08:00:00,108,2.0,20.2,90.0,0.34
2025-09-18 09:00:00,108,2.3,20.8,89.0,0.51
2025-09-18 10:00:00,108,2.7,21.7,81.0,0.8
2025-09-18 11:00:00,108,3.5,22.5,76.0,1.46
2025-09-18 12:00:00,108,4.0,24.4,67.0,2.52
2025-09-18 13:00:00,108,3.4,25.2,62.0,2.9
2025-09-18 14:00:00,108,3.4,25.6,59.0,3.06
2025-09-18 15:00:00,108,3.2,25.8,59.0,2.26
2025-09-18 16:00:00,108,3.2,25.6,57.0,1.67
2025-09-18 17:00:00,108,3.4,25.2,58.0,1.17
2025-09-18 18:00:00,108,3.1,24.3,61.0,0.48
2025-09-18 19:00:00,108,3.8,23.1,63.0,0.06
2025-09-18 20:00:00,108,3.9,22.0,65.0,None
2025-09-18 21:00:00,108,4.0,21.3,66.0,None
2025-09-18 22:00:00,108,3.4,20.7,67.0,None
2025-09-18 23:00:00,108,3.0,20.4,66.0,None
2025-09-19 00:00:00,108,3.4,20.0,68.0,None
2025-09-19 01:00:00,108,2.7,19.7,67.0,None
2025-09-19 02:00:00,108,3.4,19.5,68.0,None
2025-09-19 03:00:00,108,2.6,19.3,68.0,None
2025-09-19 04:00:00,108,3.0,19.2,71.0,None
2025-09-19 05:00:00,108,3.1,19.1,71.0,None
2025-09-19 06:00:00,108,2.6,19.1,73.0,None
2025-09-19 07:00:00,108,3.5,19.2,73.0,0.03
2025-09-19 08:00:00,108,3.2,19.5,74.0,0.21
2025-09-19 09:00:00,108,3.3,19.9,73.0,0.3
2025-09-19 10:00:00,108,3.6,20.4,73.0,0.5
2025-09-19 11:00:00,108,3.1,20.8,72.0,0.46
2025-09-19 12:00:00,108,2.1,21.4,75.0,0.79
2025-09-19 13:00:00,108,3.0,20.8,79.0,0.69
2025-09-19 14:00:00,108,2.8,20.6,81.0,0.54
2025-09-19 15:00:00,108,2.9,20.3,85.0,0.48
2025-09-19 16:00:00,108,3.0,20.1,86.0,0.44
2025-09-19 17:00:00,108,3.2,19.6,91.0,0.2
2025-09-19 18:00:00,108,3.1,19.0,91.0,0.08
2025-09-19 19:00:00,108,2.5,18.7,93.0,0.01
2025-09-19 20:00:00,108,1.8,18.5,93.0,None
2025-09-19 21:00:00,108,2.4,18.6,95.0,None
2025-09-19 22:00:00,108,2.9,18.5,95.0,None
2025-09-19 23:00:00,108,3.4,18.1,95.0,None
2025-09-20 00:00:00,108,2.4,17.9,96.0,None
2025-09-20 01:00:00,108,2.9,17.7,97.0,None
2025-09-20 02:00:00,108,3.0,17.7,98.0,None
2025-09-20 03:00:00,108,3.2,17.6,98.0,None
2025-09-20 04:00:00,108,3.2,17.5,98.0,None
2025-09-20 05:00:00,108,2.3,17.5,97.0,None
2025-09-20 06:00:00,108,1.6,17.6,97.0,None
2025-09-20 07:00:00,108,0.7,17.7,95.0,0.01
2025-09-20 08:00:00,108,1.2,18.0,95.0,0.15
2025-09-20 09:00:00,108,1.3,18.6,94.0,0.43
2025-09-20 10:00:00,108,0.5,19.0,91.0,0.5
2025-09-20 11:00:00,108,1.4,19.9,89.0,0.67
2025-09-20 12:00:00,108,0.9,20.6,84.0,0.93
2025-09-20 13:00:00,108,1.7,21.4,81.0,0.99
2025-09-20 14:00:00,108,1.4,22.5,74.0,1.61
2025-09-20 15:00:00,108,1.7,23.4,71.0,1.36
2025-09-20 16:00:00,108,1.7,23.0,70.0,0.53
2025-09-20 17:00:00,108,2.1,23.3,68.0,1.0
2025-09-20 18:00:00,108,1.9,22.5,75.0,0.23
2025-09-20 19:00:00,108,0.9,21.6,79.0,0.0
2025-09-20 20:00:00,108,0.8,21.1,81.0,None
2025-09-20 21:00:00,108,2.3,20.5,82.0,None
2025-09-20 22:00:00,108,1.6,20.0,81.0,None
2025-09-20 23:00:00,108,1.8,19.7,82.0,None
2025-09-21 00:00:00,108,1.6,19.5,82.0,None
2025-09-21 01:00:00,108,2.3,19.1,80.0,None
2025-09-21 02:00:00,108,1.2,18.5,82.0,None
2025-09-21 03:00:00,108,0.8,18.1,86.0,None
2025-09-21 04:00:00,108,1.1,17.7,87.0,None
2025-09-21 05:00:00,108,0.8,17.4,85.0,None
2025-09-21 06:00:00,108,1.2,17.2,85.0,None
2025-09-21 07:00:00,108,1.4,17.6,83.0,0.08
2025-09-21 08:00:00,108,1.7,19.1,78.0,0.63
2025-09-21 09:00:00,108,2.7,20.8,70.0,1.42
2025-09-21 10:00:00,108,2.6,22.1,65.0,1.76
2025-09-21 11:00:00,108,3.6,23.4,61.0,2.56
2025-09-21 12:00:00,108,3.0,24.6,59.0,2.97
2025-09-21 13:00:00,108,1.7,25.5,57.0,3.1
2025-09-21 14:00:00,108,2.5,26.5,54.0,3.04
2025-09-21 15:00:00,108,2.9,26.9,50.0,2.67
2025-09-21 16:00:00,108,2.3,27.1,50.0,2.06
2025-09-21 17:00:00,108,2.6,26.5,51.0,1.28
2025-09-21 18:00:00,108,2.2,24.8,56.0,0.4
2025-09-21 19:00:00,108,1.8,23.3,60.0,0.04
2025-09-21 20:00:00,108,1.9,22.0,63.0,None
2025-09-21 21:00:00,108,2.5,21.1,65.0,None
2025-09-21 22:00:00,108,2.5,20.7,63.0,None
2025-09-21 23:00:00,108,2.4,19.9,65.0,None
2025-09-22 00:00:00,108,2.6,19.4,65.0,None
2025-09-22 01:00:00,108,2.0,19.1,61.0,None
2025-09-22 02:00:00,108,1.6,18.6,62.0,None
2025-09-22 03:00:00,108,2.0,18.3,62.0,None
2025-09-22 04:00:00,108,2.0,18.1,64.0,None
2025-09-22 05:00:00,108,3.0,18.0,63.0,None
2025-09-22 06:00:00,108,4.0,17.9,64.0,None
2025-09-22 07:00:00,108,2.9,17.6,66.0,0.03
2025-09-22 08:00:00,108,2.8,18.1,64.0,0.36
2025-09-22 09:00:00,108,1.6,19.3,59.0,0.8
2025-09-22 10:00:00,108,2.7,21.4,55.0,1.81
2025-09-22 11:00:00,108,3.0,23.0,49.0,2.4
2025-09-22 12:00:00,108,2.8,24.3,47.0,2.51
2025-09-22 13:00:00,108,2.2,24.6,47.0,2.13
2025-09-22 14:00:00,108,2.0,24.9,47.0,1.8
2025-09-22 15:00:00,108,2.8,24.4,51.0,0.99
2025-09-22 16:00:00,108,3.6,24.6,51.0,1.16
2025-09-22 17:00:00,108,2.6,24.5,52.0,0.58
2025-09-22 18:00:00,108,1.6,24.0,54.0,0.39
2025-09-22 19:00:00,108,2.6,22.6,63.0,0.02
2025-09-22 20:00:00,108,1.8,21.9,66.0,None
2025-09-22 21:00:00,108,2.5,21.4,68.0,None
2025-09-22 22:00:00,108,1.8,21.1,69.0,None
2025-09-22 23:00:00,108,2.1,21.0,71.0,None
2025-09-23 00:00:00,108,2.3,20.7,73.0,None
2025-09-23 01:00:00,108,2.3,20.5,70.0,None
2025-09-23 02:00:00,108,2.2,20.3,73.0,None
2025-09-23 03:00:00,108,2.3,20.1,75.0,None
2025-09-23 04:00:00,108,2.0,19.9,71.0,None
2025-09-23 05:00:00,108,2.6,19.6,69.0,None
2025-09-23 06:00:00,108,2.6,19.3,68.0,None
2025-09-23 07:00:00,108,2.2,19.2,69.0,0.04
2025-09-23 08:00:00,108,1.8,19.7,69.0,0.33
2025-09-23 09:00:00,108,2.1,20.8,64.0,0.84
2025-09-23 10:00:00,108,3.0,22.3,57.0,1.38
2025-09-23 11:00:00,108,1.9,23.4,52.0,2.12
2025-09-23 12:00:00,108,3.4,24.8,41.0,2.54
2025-09-23 13:00:00,108,3.5,25.7,37.0,2.96
2025-09-23 14:00:00,108,2.8,25.8,40.0,2.04
2025-09-23 15:00:00,108,3.3,26.2,41.0,1.88
2025-09-23 16:00:00,108,1.8,26.4,40.0,1.87
2025-09-23 17:00:00,108,2.7,25.4,43.0,0.69
2025-09-23 18:00:00,108,1.8,24.8,45.0,0.19
2025-09-23 19:00:00,108,1.8,24.4,47.0,0.01
2025-09-23 20:00:00,108,2.5,23.6,52.0,None
2025-09-23 21:00:00,108,2.6,23.3,58.0,None
2025-09-23 22:00:00,108,3.0,23.2,58.0,None
2025-09-23 23:00:00,108,2.9,22.9,59.0,None
2025-09-24 00:00:00,108,2.5,22.4,60.0,None
2025-09-24 01:00:00,108,2.4,21.8,62.0,None
2025-09-24 02:00:00,108,2.3,21.5,61.0,None
2025-09-24 03:00:00,108,2.2,21.1,63.0,None
2025-09-24 04:00:00,108,2.6,20.4,68.0,None
2025-09-24 05:00:00,108,2.9,20.6,69.0,None
2025-09-24 06:00:00,108,3.3,20.4,68.0,None
2025-09-24 07:00:00,108,2.2,20.6,70.0,0.04
2025-09-24 08:00:00,108,2.0,21.4,71.0,0.31
2025-09-24 09:00:00,108,3.5,22.6,70.0,0.49
2025-09-24 10:00:00,108,3.2,23.1,70.0,0.46
2025-09-24 11:00:00,108,2.1,23.4,71.0,0.31
2025-09-24 12:00:00,108,1.3,23.5,79.0,0.26
2025-09-24 13:00:00,108,1.7,22.9,83.0,0.21
2025-09-24 14:00:00,108,0.9,22.1,93.0,0.1
2025-09-24 15:00:00,108,1.5,22.4,93.0,0.25
2025-09-24 16:00:00,108,1.2,22.7,95.0,0.13
2025-09-24 17:00:00,108,1.5,22.9,94.0,0.19
2025-09-24 18:00:00,108,2.3,22.8,93.0,0.08
2025-09-24 19:00:00,108,2.6,22.7,95.0,0.01
2025-09-24 20:00:00,108,3.4,21.8,94.0,None
2025-09-24 21:00:00,108,1.9,21.4,94.0,None
2025-09-24 22:00:00,108,1.9,21.5,95.0,None
2025-09-24 23:00:00,108,1.9,21.6,95.0,None
2025-09-25 00:00:00,108,0.2,21.6,94.0,None
2025-09-25 01:00:00,108,1.1,21.5,95.0,None
2025-09-25 02:00:00,108,0.9,21.3,93.0,None
2025-09-25 03:00:00,108,0.2,21.3,92.0,None
2025-09-25 04:00:00,108,2.1,21.2,93.0,None
2025-09-25 05:00:00,108,1.4,20.8,91.0,None
2025-09-25 06:00:00,108,0.5,20.7,90.0,None
2025-09-25 07:00:00,108,0.8,20.7,91.0,0.03
2025-09-25 08:00:00,108,1.2,20.9,91.0,0.15
2025-09-25 09:00:00,108,1.0,21.5,90.0,0.55
2025-09-25 10:00:00,108,1.2,22.5,85.0,1.02
2025-09-25 11:00:00,108,1.2,23.1,81.0,1.2
2025-09-25 12:00:00,108,1.8,23.8,77.0,1.57
2025-09-25 13:00:00,108,2.0,24.7,74.0,1.89
2025-09-25 14:00:00,108,1.9,25.0,67.0,2.06
2025-09-25 15:00:00,108,2.1,25.7,61.0,2.15
2025-09-25 16:00:00,108,2.2,26.0,59.0,1.73
2025-09-25 17:00:00,108,1.4,25.5,56.0,1.02
2025-09-25 18:00:00,108,1.3,24.9,61.0,0.41
2025-09-25 19:00:00,108,0.9,23.5,70.0,0.03
2025-09-25 20:00:00,108,2.0,22.5,78.0,None
2025-09-25 21:00:00,108,0.8,21.8,80.0,None
2025-09-25 22:00:00,108,1.6,21.2,84.0,None
2025-09-25 23:00:00,108,1.2,20.7,86.0,None
2025-09-26 00:00:00,108,2.2,20.2,89.0,None
2025-09-26 01:00:00,108,0.9,19.9,89.0,None
2025-09-26 02:00:00,108,0.9,19.6,92.0,None
2025-09-26 03:00:00,108,0.6,19.1,93.0,None
2025-09-26 04:00:00,108,1.2,18.7,92.0,None
2025-09-26 05:00:00,108,1.2,18.4,92.0,None
2025-09-26 06:00:00,108,1.2,17.9,94.0,None
2025-09-26 07:00:00,108,0.8,17.8,94.0,0.05
2025-09-26 08:00:00,108,0.6,18.4,95.0,0.4
2025-09-26 09:00:00,108,1.9,19.3,92.0,0.75
2025-09-26 10:00:00,108,2.2,20.0,86.0,1.06
2025-09-26 11:00:00,108,2.4,21.5,81.0,1.97
2025-09-26 12:00:00,108,2.1,22.9,73.0,2.88
2025-09-26 13:00:00,108,1.5,24.4,68.0,2.92
2025-09-26 14:00:00,108,1.3,25.4,61.0,2.86
2025-09-26 15:00:00,108,1.1,26.7,58.0,2.41
2025-09-26 16:00:00,108,1.6,26.8,57.0,1.76
2025-09-26 17:00:00,108,2.1,26.4,60.0,1.1
2025-09-26 18:00:00,108,1.8,24.8,63.0,0.35
2025-09-26 19:00:00,108,1.8,23.5,67.0,0.02
2025-09-26 20:00:00,108,0.6,22.8,70.0,None
2025-09-26 21:00:00,108,0.6,22.2,72.0,None
2025-09-26 22:00:00,108,0.4,21.5,77.0,None
2025-09-26 23:00:00,108,0.3,20.8,79.0,None
2025-09-27 00:00:00,108,1.0,20.3,80.0,None
2025-09-27 01:00:00,108,1.3,19.7,81.0,None
2025-09-27 02:00:00,108,1.4,19.2,85.0,None
2025-09-27 03:00:00,108,1.8,18.6,86.0,None
2025-09-27 04:00:00,108,1.7,18.2,88.0,None
2025-09-27 05:00:00,108,1.6,18.0,88.0,None
2025-09-27 06:00:00,108,2.1,17.7,90.0,None
2025-09-27 07:00:00,108,2.3,17.8,92.0,0.05
2025-09-27 08:00:00,108,2.4,18.9,88.0,0.44
2025-09-27 09:00:00,108,2.4,21.2,76.0,1.24
2025-09-27 10:00:00,108,2.7,23.0,67.0,1.91
2025-09-27 11:00:00,108,1.9,25.0,64.0,2.52
2025-09-27 12:00:00,108,3.1,26.1,56.0,2.59
2025-09-27 13:00:00,108,1.5,26.7,57.0,1.97
2025-09-27 14:00:00,108,1.8,26.7,55.0,2.0
2025-09-27 15:00:00,108,2.0,26.8,56.0,1.75
2025-09-27 16:00:00,108,1.7,26.4,59.0,0.94
2025-09-27 17:00:00,108,2.3,26.2,58.0,0.77
2025-09-27 18:00:00,108,2.1,25.5,61.0,0.31
2025-09-27 19:00:00,108,1.5,24.3,64.0,0.01
2025-09-27 20:00:00,108,1.8,23.1,67.0,None
2025-09-27 21:00:00,108,1.6,22.4,71.0,None
2025-09-27 22:00:00,108,1.3,21.9,72.0,None
2025-09-27 23:00:00,108,0.9,21.6,73.0,None
2025-09-28 00:00:00,108,1.4,21.6,73.0,None
2025-09-28 01:00:00,108,0.9,21.5,75.0,None
2025-09-28 02:00:00,108,1.3,21.5,76.0,None
2025-09-28 03:00:00,108,1.3,21.4,78.0,None
2025-09-28 04:00:00,108,1.1,21.3,82.0,None
2025-09-28 05:00:00,108,1.8,21.1,90.0,None
2025-09-28 06:00:00,108,1.4,20.3,93.0,None
2025-09-28 07:00:00,108,2.3,20.1,93.0,0.0
2025-09-28 08:00:00,108,0.8,19.1,93.0,0.03
2025-09-28 09:00:00,108,1.0,19.2,95.0,0.11
2025-09-28 10:00:00,108,3.5,18.4,95.0,0.14
2025-09-28 11:00:00,108,1.3,18.7,95.0,0.16
2025-09-28 12:00:00,108,1.1,19.0,94.0,0.43
2025-09-28 13:00:00,108,1.7,19.6,91.0,0.79
2025-09-28 14:00:00,108,0.5,21.4,88.0,1.84
2025-09-28 15:00:00,108,2.4,21.1,79.0,1.27
2025-09-28 16:00:00,108,1.7,21.2,78.0,0.49
2025-09-28 17:00:00,108,1.9,20.9,81.0,0.4
2025-09-28 18:00:00,108,0.8,20.6,80.0,0.19
2025-09-28 19:00:00,108,2.3,20.2,80.0,0.01
2025-09-28 20:00:00,108,0.7,19.8,80.0,None
2025-09-28 21:00:00,108,1.2,19.7,83.0,None
2025-09-28 22:00:00,108,1.3,19.6,83.0,None
2025-09-28 23:00:00,108,1.5,19.4,83.0,None
2025-09-29 00:00:00,108,2.8,18.9,83.0,None
2025-09-29 01:00:00,108,2.9,18.4,86.0,None
2025-09-29 02:00:00,108,1.3,18.0,87.0,None
2025-09-29 03:00:00,108,2.1,17.6,90.0,None
2025-09-29 04:00:00,108,2.3,17.3,90.0,None
2025-09-29 05:00:00,108,0.2,17.0,90.0,None
2025-09-29 06:00:00,108,1.6,16.7,91.0,None
2025-09-29 07:00:00,108,1.1,16.6,92.0,0.03
2025-09-29 08:00:00,108,1.8,17.2,91.0,0.38
2025-09-29 09:00:00,108,0.9,17.7,87.0,0.48
2025-09-29 10:00:00,108,2.0,20.0,79.0,1.22
2025-09-29 11:00:00,108,2.1,20.9,71.0,1.64
2025-09-29 12:00:00,108,2.4,20.9,72.0,0.64
2025-09-29 13:00:00,108,1.6,22.2,68.0,1.48
2025-09-29 14:00:00,108,2.2,22.9,61.0,2.01
2025-09-29 15:00:00,108,2.3,23.7,57.0,1.8
2025-09-29 16:00:00,108,1.5,23.4,59.0,0.92
2025-09-29 17:00:00,108,0.7,23.8,57.0,0.97
2025-09-29 18:00:00,108,2.5,22.5,64.0,0.38
2025-09-29 19:00:00,108,2.1,20.9,71.0,0.02
2025-09-29 20:00:00,108,1.0,20.3,73.0,None
2025-09-29 21:00:00,108,0.7,19.7,77.0,None
2025-09-29 22:00:00,108,0.8,19.1,81.0,None
2025-09-29 23:00:00,108,1.3,18.5,82.0,None
2025-09-30 00:00:00,108,0.9,18.2,84.0,None
2025-09-30 01:00:00,108,0.9,17.9,85.0,None
2025-09-30 02:00:00,108,0.9,17.7,87.0,None
2025-09-30 03:00:00,108,0.4,17.7,89.0,None
2025-09-30 04:00:00,108,1.9,17.7,89.0,None
2025-09-30 05:00:00,108,1.4,17.7,90.0,None
2025-09-30 06:00:00,108,1.9,17.5,90.0,None
2025-09-30 07:00:00,108,1.2,17.3,91.0,0.02
2025-09-30 08:00:00,108,1.2,17.7,91.0,0.25
2025-09-30 09:00:00,108,1.4,18.6,89.0,0.46
2025-09-30 10:00:00,108,1.6,19.3,86.0,0.56
2025-09-30 11:00:00,108,1.2,19.9,83.0,0.56
2025-09-30 12:00:00,108,1.8,20.8,80.0,0.73
2025-09-30 13:00:00,108,1.4,21.7,74.0,1.18
2025-09-30 14:00:00,108,1.6,23.7,69.0,2.04
2025-09-30 15:00:00,108,1.9,23.3,63.0,1.17
2025-09-30 16:00:00,108,1.1,23.2,64.0,0.8
2025-09-30 17:00:00,108,1.4,22.8,64.0,0.52
2025-09-30 18:00:00,108,1.7,22.1,69.0,0.24
2025-09-30 19:00:00,108,1.4,21.0,73.0,0.03
2025-09-30 20:00:00,108,1.7,20.2,77.0,None
2025-09-30 21:00:00,108,1.4,19.8,82.0,None
2025-09-30 22:00:00,108,1.0,19.3,83.0,None
2025-09-30 23:00:00,108,0.5,18.8,85.0,None
2025-10-01 00:00:00,108,0.9,18.6,88.0,None
2025-10-01 01:00:00,108,0.8,18.0,88.0,None
2025-10-01 02:00:00,108,0.5,17.7,90.0,None
2025-10-01 03:00:00,108,1.0,17.6,91.0,None
2025-10-01 04:00:00,108,0.8,17.6,92.0,None
2025-10-01 05:00:00,108,1.1,17.3,93.0,None
2025-10-01 06:00:00,108,1.6,16.8,92.0,None
2025-10-01 07:00:00,108,1.8,16.7,95.0,0.03
2025-10-01 08:00:00,108,2.2,17.5,95.0,0.35
2025-10-01 09:00:00,108,1.9,19.5,90.0,1.0
2025-10-01 10:00:00,108,2.0,21.0,81.0,1.49
2025-10-01 11:00:00,108,0.9,22.0,76.0,1.12
2025-10-01 12:00:00,108,2.5,22.8,70.0,1.07
2025-10-01 13:00:00,108,2.3,24.1,63.0,1.83
2025-10-01 14:00:00,108,1.6,25.2,60.0,1.91
2025-10-01 15:00:00,108,2.7,25.6,55.0,2.04
2025-10-01 16:00:00,108,3.0,24.5,62.0,0.84
2025-10-01 17:00:00,108,2.5,23.4,67.0,0.39
2025-10-01 18:00:00,108,4.3,22.5,72.0,0.16
2025-10-01 19:00:00,108,2.4,21.7,66.0,0.0
2025-10-01 20:00:00,108,2.0,21.1,72.0,None
2025-10-01 21:00:00,108,1.7,20.4,73.0,None
2025-10-01 22:00:00,108,1.3,19.7,78.0,None
2025-10-01 23:00:00,108,0.8,19.1,82.0,None
2025-10-02 00:00:00,108,0.9,18.6,82.0,None
2025-10-02 01:00:00,108,0.7,18.3,85.0,None
2025-10-02 02:00:00,108,0.9,18.2,86.0,None
2025-10-02 03:00:00,108,0.6,18.0,87.0,None
2025-10-02 04:00:00,108,0.5,17.8,88.0,None
2025-10-02 05:00:00,108,1.3,17.6,88.0,None
2025-10-02 06:00:00,108,1.3,17.4,88.0,None
2025-10-02 07:00:00,108,2.2,17.3,90.0,0.02
2025-10-02 08:00:00,108,1.1,17.9,90.0,0.24
2025-10-02 09:00:00,108,1.6,19.7,85.0,0.83
2025-10-02 10:00:00,108,2.0,21.4,77.0,1.57
2025-10-02 11:00:00,108,1.0,22.9,68.0,2.04
2025-10-02 12:00:00,108,1.8,24.2,59.0,2.48
2025-10-02 13:00:00,108,2.0,25.7,59.0,2.36
2025-10-02 14:00:00,108,1.9,25.7,58.0,1.91
2025-10-02 15:00:00,108,2.0,25.4,59.0,1.11
2025-10-02 16:00:00,108,2.5,25.4,57.0,0.83
2025-10-02 17:00:00,108,1.7,24.3,60.0,0.42
2025-10-02 18:00:00,108,1.6,23.5,63.0,0.12
2025-10-02 19:00:00,108,1.0,22.7,69.0,0.01
2025-10-02 20:00:00,108,1.6,22.1,72.0,None
2025-10-02 21:00:00,108,1.7,21.7,75.0,None
2025-10-02 22:00:00,108,1.5,21.5,77.0,None
2025-10-02 23:00:00,108,1.8,21.2,78.0,None
2025-10-03 00:00:00,108,2.3,21.1,80.0,None
2025-10-03 01:00:00,108,1.3,20.9,79.0,None
2025-10-03 02:00:00,108,1.9,20.9,81.0,None
2025-10-03 03:00:00,108,1.6,20.8,80.0,None
2025-10-03 04:00:00,108,1.1,20.6,82.0,None
2025-10-03 05:00:00,108,0.9,20.3,85.0,None
2025-10-03 06:00:00,108,2.1,19.9,88.0,None
2025-10-03 07:00:00,108,1.8,19.8,87.0,0.02
2025-10-03 08:00:00,108,2.2,19.9,80.0,0.09
2025-10-03 09:00:00,108,1.6,20.0,83.0,0.29
2025-10-03 10:00:00,108,2.9,20.2,83.0,0.45
2025-10-03 11:00:00,108,2.7,20.4,78.0,0.55
2025-10-03 12:00:00,108,2.9,21.8,70.0,1.2
2025-10-03 13:00:00,108,2.3,22.0,70.0,0.73
2025-10-03 14:00:00,108,2.7,22.1,69.0,0.69
2025-10-03 15:00:00,108,3.6,22.3,70.0,0.58
2025-10-03 16:00:00,108,3.0,22.0,76.0,0.53
2025-10-03 17:00:00,108,2.6,22.0,74.0,0.37
2025-10-03 18:00:00,108,2.7,21.9,72.0,0.13
2025-10-03 19:00:00,108,2.5,21.7,71.0,0.01
2025-10-03 20:00:00,108,2.4,21.7,68.0,None
2025-10-03 21:00:00,108,2.0,21.5,74.0,None
2025-10-03 22:00:00,108,3.0,21.5,69.0,None
2025-10-03 23:00:00,108,2.6,21.2,67.0,None
2025-10-04 00:00:00,108,2.2,21.2,67.0,None
2025-10-04 01:00:00,108,2.7,21.1,68.0,None
2025-10-04 02:00:00,108,1.7,21.0,69.0,None
2025-10-04 03:00:00,108,1.6,21.0,69.0,None
2025-10-04 04:00:00,108,2.2,21.1,72.0,None
2025-10-04 05:00:00,108,2.2,21.1,70.0,None
2025-10-04 06:00:00,108,1.4,21.0,70.0,None
2025-10-04 07:00:00,108,2.3,21.0,73.0,0.02
2025-10-04 08:00:00,108,1.8,21.5,73.0,0.29
2025-10-04 09:00:00,108,2.0,21.7,74.0,0.35
2025-10-04 10:00:00,108,2.4,22.1,74.0,0.45
2025-10-04 11:00:00,108,2.9,22.6,74.0,0.7
2025-10-04 12:00:00,108,2.0,22.9,77.0,0.58
2025-10-04 13:00:00,108,1.7,23.6,77.0,1.1
2025-10-04 14:00:00,108,2.5,24.9,71.0,2.13
2025-10-04 15:00:00,108,1.9,24.9,71.0,0.86
2025-10-04 16:00:00,108,1.9,24.5,72.0,0.52
2025-10-04 17:00:00,108,2.4,24.1,74.0,0.23
2025-10-04 18:00:00,108,1.3,23.7,75.0,0.06
2025-10-04 19:00:00,108,1.2,23.5,75.0,0.0
2025-10-04 20:00:00,108,1.0,23.3,78.0,None
2025-10-04 21:00:00,108,0.3,22.9,79.0,None
2025-10-04 22:00:00,108,1.9,22.5,81.0,None
2025-10-04 23:00:00,108,1.4,22.2,82.0,None
2025-10-05 00:00:00,108,0.3,22.2,82.0,None
2025-10-05 01:00:00,108,1.0,22.2,83.0,None
2025-10-05 02:00:00,108,0.9,22.1,83.0,None
2025-10-05 03:00:00,108,1.4,22.0,84.0,None
2025-10-05 04:00:00,108,1.5,21.9,85.0,None
2025-10-05 05:00:00,108,1.5,21.7,85.0,None
2025-10-05 06:00:00,108,1.3,21.7,86.0,None
2025-10-05 07:00:00,108,1.8,21.6,85.0,0.01
2025-10-05 08:00:00,108,1.1,21.7,86.0,0.11
2025-10-05 09:00:00,108,1.5,21.9,85.0,0.18
2025-10-05 10:00:00,108,1.9,21.7,91.0,0.1
2025-10-05 11:00:00,108,0.9,21.3,94.0,0.16
2025-10-05 12:00:00,108,2.3,21.3,94.0,0.27
2025-10-05 13:00:00,108,1.8,21.8,92.0,0.63
2025-10-05 14:00:00,108,1.4,21.5,93.0,0.31
2025-10-05 15:00:00,108,1.9,21.4,92.0,0.28
2025-10-05 16:00:00,108,2.3,21.8,93.0,0.43
2025-10-05 17:00:00,108,1.9,21.6,91.0,0.26
2025-10-05 18:00:00,108,1.9,21.3,90.0,0.11
2025-10-05 19:00:00,108,2.2,20.9,91.0,0.0
2025-10-05 20:00:00,108,1.8,20.7,92.0,None
2025-10-05 21:00:00,108,2.5,20.8,93.0,None
2025-10-05 22:00:00,108,1.4,20.9,91.0,None
2025-10-05 23:00:00,108,1.5,20.7,93.0,None
2025-10-06 00:00:00,108,1.9,20.7,93.0,None
2025-10-06 01:00:00,108,1.5,20.6,92.0,None
2025-10-06 02:00:00,108,1.1,20.6,92.0,None
2025-10-06 03:00:00,108,1.6,20.6,91.0,None
2025-10-06 04:00:00,108,2.3,20.5,90.0,None
2025-10-06 05:00:00,108,2.9,20.3,91.0,None
2025-10-06 06:00:00,108,3.1,20.1,89.0,None
2025-10-06 07:00:00,108,2.5,20.1,90.0,0.0
2025-10-06 08:00:00,108,2.4,19.7,95.0,0.02
2025-10-06 09:00:00,108,3.8,18.7,95.0,0.11
2025-10-06 10:00:00,108,4.0,17.7,93.0,0.2
2025-10-06 11:00:00,108,4.2,17.8,91.0,0.23
2025-10-06 12:00:00,108,3.9,17.8,87.0,0.3
2025-10-06 13:00:00,108,3.8,17.6,89.0,0.26
2025-10-06 14:00:00,108,4.2,17.5,93.0,0.37
2025-10-06 15:00:00,108,4.3,17.0,94.0,0.32
2025-10-06 16:00:00,108,5.0,16.5,96.0,0.21
2025-10-06 17:00:00,108,4.7,16.2,97.0,0.12
2025-10-06 18:00:00,108,4.8,15.9,97.0,0.03
2025-10-06 19:00:00,108,4.8,15.6,98.0,0.0
2025-10-06 20:00:00,108,5.2,15.5,97.0,None
2025-10-06 21:00:00,108,4.7,15.4,98.0,None
2025-10-06 22:00:00,108,4.8,15.4,98.0,None
2025-10-06 23:00:00,108,4.6,15.4,99.0,None
2025-10-07 00:00:00,108,3.9,15.5,99.0,None
2025-10-07 01:00:00,108,3.7,15.8,99.0,None
2025-10-07 02:00:00,108,4.6,16.1,99.0,None
2025-10-07 03:00:00,108,4.9,16.2,98.0,None
2025-10-07 04:00:00,108,4.9,16.5,96.0,None
2025-10-07 05:00:00,108,4.5,16.7,97.0,None
2025-10-07 06:00:00,108,4.2,16.7,98.0,None
2025-10-07 07:00:00,108,4.2,16.9,96.0,0.01
2025-10-07 08:00:00,108,4.5,17.0,98.0,0.11
2025-10-07 09:00:00,108,3.8,17.5,96.0,0.28
2025-10-07 10:00:00,108,3.7,18.2,94.0,0.42
2025-10-07 11:00:00,108,3.9,18.7,91.0,0.57
2025-10-07 12:00:00,108,3.0,19.4,90.0,0.64
2025-10-07 13:00:00,108,3.3,19.7,89.0,1.08
2025-10-07 14:00:00,108,2.7,19.7,87.0,0.61
2025-10-07 15:00:00,108,2.8,19.5,93.0,0.47
2025-10-07 16:00:00,108,2.8,19.6,93.0,0.41
2025-10-07 17:00:00,108,1.7,19.4,94.0,0.14
2025-10-07 18:00:00,108,1.3,19.3,94.0,0.07
2025-10-07 19:00:00,108,1.8,19.1,95.0,0.0
2025-10-07 20:00:00,108,2.0,18.9,95.0,None
2025-10-07 21:00:00,108,1.5,18.8,96.0,None
2025-10-07 22:00:00,108,0.5,18.8,95.0,None
2025-10-07 23:00:00,108,1.4,18.7,95.0,None
2025-10-08 00:00:00,108,1.0,18.5,94.0,None
2025-10-08 01:00:00,108,1.0,18.4,93.0,None
2025-10-08 02:00:00,108,0.2,18.5,94.0,None
2025-10-08 03:00:00,108,1.2,18.4,95.0,None
2025-10-08 04:00:00,108,0.6,18.3,94.0,None
2025-10-08 05:00:00,108,0.2,18.1,93.0,None
2025-10-08 06:00:00,108,0.2,17.9,94.0,None
2025-10-08 07:00:00,108,1.6,17.2,93.0,0.02
2025-10-08 08:00:00,108,0.8,17.5,94.0,0.46
2025-10-08 09:00:00,108,1.8,19.8,89.0,1.14
2025-10-08 10:00:00,108,1.9,22.0,80.0,1.84
2025-10-08 11:00:00,108,2.2,23.7,74.0,2.36
2025-10-08 12:00:00,108,1.2,24.7,70.0,2.67
2025-10-08 13:00:00,108,2.7,26.0,58.0,2.76
2025-10-08 14:00:00,108,2.3,26.9,54.0,2.61
2025-10-08 15:00:00,108,1.6,27.5,47.0,2.22
2025-10-08 16:00:00,108,1.4,27.7,44.0,1.65
2025-10-08 17:00:00,108,3.0,26.4,49.0,0.95
2025-10-08 18:00:00,108,3.5,24.5,53.0,0.29
2025-10-08 19:00:00,108,2.6,23.1,59.0,0.0
2025-10-08 20:00:00,108,0.9,22.1,65.0,None
2025-10-08 21:00:00,108,1.1,21.7,66.0,None
2025-10-08 22:00:00,108,0.3,21.2,69.0,None
2025-10-08 23:00:00,108,0.8,21.0,70.0,None
2025-10-09 00:00:00,108,2.0,20.7,68.0,None
2025-10-09 01:00:00,108,2.3,20.5,69.0,None
2025-10-09 02:00:00,108,2.9,20.4,71.0,None
2025-10-09 03:00:00,108,2.9,20.4,64.0,None
2025-10-09 04:00:00,108,3.2,20.2,64.0,None
2025-10-09 05:00:00,108,2.9,20.0,61.0,None
2025-10-09 06:00:00,108,2.9,19.8,60.0,None
2025-10-09 07:00:00,108,2.6,19.8,61.0,0.01
2025-10-09 08:00:00,108,2.5,19.9,66.0,0.13
2025-10-09 09:00:00,108,3.7,20.2,69.0,0.29
2025-10-09 10:00:00,108,4.0,20.8,69.0,0.61
2025-10-09 11:00:00,108,4.2,21.3,66.0,0.87
2025-10-09 12:00:00,108,3.1,22.3,65.0,1.21
2025-10-09 13:00:00,108,3.5,22.5,64.0,1.2
2025-10-09 14:00:00,108,2.8,22.3,66.0,0.95
2025-10-09 15:00:00,108,3.1,21.7,65.0,0.49
2025-10-09 16:00:00,108,4.5,20.8,69.0,0.19
2025-10-09 17:00:00,108,3.5,20.5,68.0,0.15
2025-10-09 18:00:00,108,3.5,20.0,69.0,0.07
2025-10-09 19:00:00,108,3.6,19.6,71.0,0.01
2025-10-09 20:00:00,108,3.7,19.2,71.0,None
2025-10-09 21:00:00,108,3.4,18.7,75.0,None
2025-10-09 22:00:00,108,4.7,18.0,79.0,None
2025-10-09 23:00:00,108,4.3,17.4,85.0,None
2025-10-10 00:00:00,108,3.7,16.9,90.0,None
2025-10-10 01:00:00,108,3.2,16.5,94.0,None
2025-10-10 02:00:00,108,4.0,16.1,96.0,None
2025-10-10 03:00:00,108,2.9,16.1,96.0,None
2025-10-10 04:00:00,108,3.3,16.1,95.0,None
2025-10-10 05:00:00,108,2.8,16.1,97.0,None
2025-10-10 06:00:00,108,3.0,16.2,98.0,None
2025-10-10 07:00:00,108,2.9,16.3,98.0,0.01
2025-10-10 08:00:00,108,1.6,16.4,98.0,0.01
2025-10-10 09:00:00,108,2.8,16.6,98.0,0.04
2025-10-10 10:00:00,108,2.5,16.8,98.0,0.09
2025-10-10 11:00:00,108,2.1,17.3,98.0,0.26
2025-10-10 12:00:00,108,2.9,17.5,98.0,0.27
2025-10-10 13:00:00,108,2.3,17.6,98.0,0.23
2025-10-10 14:00:00,108,2.9,17.7,98.0,0.2
2025-10-10 15:00:00,108,2.9,17.6,96.0,0.15
2025-10-10 16:00:00,108,2.5,17.5,98.0,0.11
2025-10-10 17:00:00,108,2.9,17.4,99.0,0.03
2025-10-10 18:00:00,108,3.1,17.3,99.0,0.02
2025-10-10 19:00:00,108,3.2,17.2,99.0,0.0
2025-10-10 20:00:00,108,3.1,17.3,99.0,None
2025-10-10 21:00:00,108,3.8,17.3,100.0,None
2025-10-10 22:00:00,108,3.3,17.3,99.0,None
2025-10-10 23:00:00,108,2.5,17.3,100.0,None
2025-10-11 00:00:00,108,2.9,17.3,100.0,None
2025-10-11 01:00:00,108,2.7,17.3,100.0,None
2025-10-11 02:00:00,108,2.5,17.3,100.0,None
2025-10-11 03:00:00,108,2.3,17.4,100.0,None
2025-10-11 04:00:00,108,1.8,17.4,100.0,None
2025-10-11 05:00:00,108,1.7,17.5,99.0,None
2025-10-11 06:00:00,108,1.4,17.7,99.0,None
2025-10-11 07:00:00,108,1.8,17.9,100.0,0.01
2025-10-11 08:00:00,108,1.1,18.1,100.0,0.02
2025-10-11 09:00:00,108,1.2,18.4,98.0,0.06
2025-10-11 10:00:00,108,1.6,19.1,100.0,0.23
2025-10-11 11:00:00,108,2.3,20.3,98.0,0.29
2025-10-11 12:00:00,108,2.4,21.1,95.0,0.45
2025-10-11 13:00:00,108,2.7,22.6,90.0,0.85
2025-10-11 14:00:00,108,4.8,23.7,77.0,1.36
2025-10-11 15:00:00,108,4.8,23.7,74.0,0.64
2025-10-11 16:00:00,108,3.5,23.6,78.0,0.33
2025-10-11 17:00:00,108,3.9,23.3,81.0,0.06
2025-10-11 18:00:00,108,3.8,22.6,91.0,0.01
2025-10-11 19:00:00,108,3.4,22.2,96.0,0.0
2025-10-11 20:00:00,108,2.8,22.1,97.0,None
2025-10-11 21:00:00,108,1.4,21.4,94.0,None
2025-10-11 22:00:00,108,3.3,20.8,96.0,None
2025-10-11 23:00:00,108,1.9,19.9,93.0,None
2025-10-12 00:00:00,108,1.4,19.7,94.0,None
2025-10-12 01:00:00,108,1.9,19.3,95.0,None
2025-10-12 02:00:00,108,2.3,18.7,95.0,None
2025-10-12 03:00:00,108,1.6,17.8,95.0,None
2025-10-12 04:00:00,108,1.1,17.7,96.0,None
2025-10-12 05:00:00,108,1.3,17.6,95.0,None
2025-10-12 06:00:00,108,0.9,17.7,94.0,None
2025-10-12 07:00:00,108,1.1,17.6,95.0,0.0
2025-10-12 08:00:00,108,0.6,17.6,95.0,0.06
2025-10-12 09:00:00,108,1.2,17.9,94.0,0.23
2025-10-12 10:00:00,108,1.0,18.9,93.0,0.86
2025-10-12 11:00:00,108,2.2,20.3,87.0,1.21
2025-10-12 12:00:00,108,2.1,20.9,84.0,0.87
2025-10-12 13:00:00,108,1.7,21.3,82.0,0.65
2025-10-12 14:00:00,108,3.1,21.2,76.0,0.6
2025-10-12 15:00:00,108,4.0,20.5,74.0,0.6
2025-10-12 16:00:00,108,3.8,20.5,73.0,0.64
2025-10-12 17:00:00,108,3.6,19.9,74.0,0.27
2025-10-12 18:00:00,108,3.1,19.5,76.0,0.04
2025-10-12 19:00:00,108,2.7,19.2,78.0,None
2025-10-12 20:00:00,108,2.9,19.0,78.0,None
2025-10-12 21:00:00,108,3.5,19.0,77.0,None
2025-10-12 22:00:00,108,3.1,18.9,79.0,None
2025-10-12 23:00:00,108,3.2,18.8,79.0,None
2025-10-13 00:00:00,108,3.1,18.3,83.0,None
2025-10-13 01:00:00,108,2.9,17.8,86.0,None
2025-10-13 02:00:00,108,3.2,17.2,94.0,None
2025-10-13 03:00:00,108,3.2,16.9,94.0,None
2025-10-13 04:00:00,108,3.0,16.8,93.0,None
2025-10-13 05:00:00,108,2.2,16.8,96.0,None
2025-10-13 06:00:00,108,2.7,16.7,98.0,None
2025-10-13 07:00:00,108,3.7,16.4,97.0,0.01
2025-10-13 08:00:00,108,3.3,16.4,97.0,0.05
2025-10-13 09:00:00,108,3.3,16.5,95.0,0.2
2025-10-13 10:00:00,108,3.8,16.5,91.0,0.22
2025-10-13 11:00:00,108,3.5,16.8,89.0,0.3
2025-10-13 12:00:00,108,3.1,16.9,88.0,0.36
2025-10-13 13:00:00,108,3.9,16.4,93.0,0.25
2025-10-13 14:00:00,108,4.1,16.1,94.0,0.19
2025-10-13 15:00:00,108,2.9,15.9,97.0,0.1
2025-10-13 16:00:00,108,4.0,15.5,97.0,0.08
2025-10-13 17:00:00,108,4.3,15.0,96.0,0.05
2025-10-13 18:00:00,108,4.7,14.4,97.0,0.02
2025-10-13 19:00:00,108,4.0,14.1,97.0,None
2025-10-13 20:00:00,108,3.8,13.9,97.0,None
2025-10-13 21:00:00,108,3.3,14.0,96.0,None
2025-10-13 22:00:00,108,2.9,14.0,96.0,None
2025-10-13 23:00:00,108,3.0,14.2,94.0,None
2025-10-14 00:00:00,108,3.3,14.4,90.0,None
2025-10-14 01:00:00,108,2.7,14.6,89.0,None
2025-10-14 02:00:00,108,3.1,14.8,89.0,None
2025-10-14 03:00:00,108,3.1,15.0,89.0,None
2025-10-14 04:00:00,108,3.1,14.7,94.0,None
2025-10-14 05:00:00,108,2.3,14.6,97.0,None
2025-10-14 06:00:00,108,3.4,14.6,96.0,None
2025-10-14 07:00:00,108,3.3,14.7,95.0,0.0
2025-10-14 08:00:00,108,3.6,15.1,93.0,0.13
2025-10-14 09:00:00,108,3.7,16.0,91.0,0.51
2025-10-14 10:00:00,108,3.4,17.1,84.0,1.01
2025-10-14 11:00:00,108,2.8,18.5,79.0,1.36
2025-10-14 12:00:00,108,3.3,19.9,71.0,1.87
2025-10-14 13:00:00,108,3.8,20.5,70.0,1.87
2025-10-14 14:00:00,108,3.5,20.8,70.0,1.47
2025-10-14 15:00:00,108,3.9,20.6,69.0,1.04
2025-10-14 16:00:00,108,3.1,20.8,68.0,0.7
2025-10-14 17:00:00,108,2.7,20.4,71.0,0.44
2025-10-14 18:00:00,108,3.0,19.9,71.0,0.08
2025-10-14 19:00:00,108,2.3,19.5,74.0,None
2025-10-14 20:00:00,108,2.9,19.2,75.0,None
2025-10-14 21:00:00,108,1.5,18.8,76.0,None
2025-10-14 22:00:00,108,2.3,18.8,75.0,None
2025-10-14 23:00:00,108,3.5,18.5,77.0,None
2025-10-15 00:00:00,108,3.8,18.0,79.0,None
2025-10-15 01:00:00,108,2.4,17.9,77.0,None
2025-10-15 02:00:00,108,1.9,17.3,79.0,None
2025-10-15 03:00:00,108,2.2,16.9,80.0,None
2025-10-15 04:00:00,108,2.0,16.7,82.0,None
2025-10-15 05:00:00,108,2.6,16.4,85.0,None
2025-10-15 06:00:00,108,2.3,16.3,84.0,None
2025-10-15 07:00:00,108,2.8,16.5,84.0,0.0
2025-10-15 08:00:00,108,3.0,17.3,82.0,0.24
2025-10-15 09:00:00,108,2.8,18.9,75.0,0.96
2025-10-15 10:00:00,108,3.4,21.1,69.0,1.75
2025-10-15 11:00:00,108,2.3,22.6,63.0,2.27
2025-10-15 12:00:00,108,2.9,23.4,59.0,2.44
2025-10-15 13:00:00,108,2.5,24.9,56.0,2.66
2025-10-15 14:00:00,108,2.9,25.2,56.0,2.01
2025-10-15 15:00:00,108,2.3,24.4,60.0,1.02
2025-10-15 16:00:00,108,2.3,23.9,62.0,0.45
2025-10-15 17:00:00,108,2.2,23.4,62.0,0.23
2025-10-15 18:00:00,108,1.7,22.9,65.0,0.04
2025-10-15 19:00:00,108,3.1,21.9,73.0,None
2025-10-15 20:00:00,108,1.8,20.4,79.0,None
2025-10-15 21:00:00,108,2.1,20.0,84.0,None
2025-10-15 22:00:00,108,2.3,19.8,82.0,None
2025-10-15 23:00:00,108,0.7,19.6,86.0,None
2025-10-16 00:00:00,108,2.6,18.8,91.0,None
2025-10-16 01:00:00,108,1.9,18.5,92.0,None
2025-10-16 02:00:00,108,2.4,18.0,92.0,None
2025-10-16 03:00:00,108,3.3,17.6,92.0,None
2025-10-16 04:00:00,108,3.2,17.3,91.0,None
2025-10-16 05:00:00,108,0.4,17.4,89.0,None
2025-10-16 06:00:00,108,0.9,17.3,89.0,None
2025-10-16 07:00:00,108,0.5,17.1,90.0,0.01
2025-10-16 08:00:00,108,1.0,17.1,89.0,0.17
2025-10-16 09:00:00,108,2.7,19.1,82.0,0.98
2025-10-16 10:00:00,108,2.2,20.4,76.0,1.37
2025-10-16 11:00:00,108,1.9,22.4,67.0,2.24
2025-10-16 12:00:00,108,1.1,23.7,66.0,2.55
2025-10-16 13:00:00,108,2.1,23.3,65.0,1.77
2025-10-16 14:00:00,108,1.5,24.0,62.0,1.43
2025-10-16 15:00:00,108,3.8,24.4,62.0,1.45
2025-10-16 16:00:00,108,3.6,24.7,62.0,1.11
2025-10-16 17:00:00,108,2.4,23.2,65.0,0.67
2025-10-16 18:00:00,108,2.6,21.9,68.0,0.1
2025-10-16 19:00:00,108,2.4,20.9,72.0,None
2025-10-16 20:00:00,108,3.6,20.2,71.0,None
2025-10-16 21:00:00,108,3.7,19.7,71.0,None
2025-10-16 22:00:00,108,3.4,19.2,71.0,None
2025-10-16 23:00:00,108,3.7,18.6,72.0,None
2025-10-17 00:00:00,108,4.3,18.1,72.0,None
2025-10-17 01:00:00,108,2.3,17.7,74.0,None
2025-10-17 02:00:00,108,3.6,17.5,74.0,None
2025-10-17 03:00:00,108,2.7,17.1,77.0,None
2025-10-17 04:00:00,108,1.5,16.7,77.0,None
2025-10-17 05:00:00,108,2.2,16.1,79.0,None
2025-10-17 06:00:00,108,2.3,15.6,82.0,None
2025-10-17 07:00:00,108,2.4,15.7,83.0,0.01
2025-10-17 08:00:00,108,3.1,16.6,81.0,0.36
2025-10-17 09:00:00,108,2.3,18.5,74.0,0.93
2025-10-17 10:00:00,108,3.3,19.7,70.0,1.13
2025-10-17 11:00:00,108,2.5,22.1,65.0,2.21
2025-10-17 12:00:00,108,3.3,23.5,59.0,2.3
2025-10-17 13:00:00,108,4.1,24.4,56.0,2.57
2025-10-17 14:00:00,108,3.2,24.4,55.0,1.84
2025-10-17 15:00:00,108,2.6,24.0,58.0,1.39
2025-10-17 16:00:00,108,2.2,23.3,60.0,0.44
2025-10-17 17:00:00,108,1.0,22.9,63.0,0.24
2025-10-17 18:00:00,108,1.5,22.2,69.0,0.03
2025-10-17 19:00:00,108,1.5,20.7,80.0,None
2025-10-17 20:00:00,108,1.2,19.9,84.0,None
2025-10-17 21:00:00,108,1.5,19.4,87.0,None
2025-10-17 22:00:00,108,0.9,19.0,91.0,None
2025-10-17 23:00:00,108,0.6,18.7,91.0,None
2025-10-18 00:00:00,108,0.8,18.6,92.0,None
2025-10-18 01:00:00,108,1.8,18.3,93.0,None
2025-10-18 02:00:00,108,1.1,18.0,92.0,None
2025-10-18 03:00:00,108,3.1,17.7,95.0,None
2025-10-18 04:00:00,108,3.4,16.8,94.0,None
2025-10-18 05:00:00,108,2.5,16.2,93.0,None
2025-10-18 06:00:00,108,2.0,16.0,94.0,None
2025-10-18 07:00:00,108,1.5,16.0,95.0,0.0
2025-10-18 08:00:00,108,3.8,15.3,92.0,0.06
2025-10-18 09:00:00,108,2.4,15.3,92.0,0.28
2025-10-18 10:00:00,108,1.4,15.7,90.0,0.46
2025-10-18 11:00:00,108,1.7,15.3,88.0,0.34
2025-10-18 12:00:00,108,2.9,15.8,86.0,0.63
2025-10-18 13:00:00,108,2.7,16.1,85.0,0.64
2025-10-18 14:00:00,108,2.9,16.2,83.0,0.65
2025-10-18 15:00:00,108,2.4,16.4,81.0,0.78
2025-10-18 16:00:00,108,2.1,16.5,81.0,0.63
2025-10-18 17:00:00,108,2.3,16.1,80.0,0.29
2025-10-18 18:00:00,108,3.2,15.8,83.0,0.05
2025-10-18 19:00:00,108,1.8,15.7,83.0,None
2025-10-18 20:00:00,108,1.7,15.5,84.0,None
2025-10-18 21:00:00,108,0.8,15.1,83.0,None
2025-10-18 22:00:00,108,1.6,14.6,85.0,None
2025-10-18 23:00:00,108,1.2,14.3,86.0,None
2025-10-19 00:00:00,108,1.6,14.2,88.0,None
2025-10-19 01:00:00,108,2.5,14.2,88.0,None
2025-10-19 02:00:00,108,2.5,14.2,89.0,None
2025-10-19 03:00:00,108,2.2,14.2,86.0,None
2025-10-19 04:00:00,108,2.8,14.0,86.0,None
2025-10-19 05:00:00,108,2.0,13.5,86.0,None
2025-10-19 06:00:00,108,1.4,13.1,86.0,None
2025-10-19 07:00:00,108,1.4,12.8,89.0,0.0
2025-10-19 08:00:00,108,1.7,13.6,91.0,0.3
2025-10-19 09:00:00,108,2.3,15.6,81.0,0.95
2025-10-19 10:00:00,108,1.1,17.9,74.0,1.84
2025-10-19 11:00:00,108,1.2,18.4,72.0,1.48
2025-10-19 12:00:00,108,2.5,18.7,72.0,1.57
2025-10-19 13:00:00,108,2.8,18.4,72.0,1.06
2025-10-19 14:00:00,108,3.1,18.6,67.0,1.4
2025-10-19 15:00:00,108,2.8,19.1,59.0,1.42
2025-10-19 16:00:00,108,3.8,18.2,64.0,0.88
2025-10-19 17:00:00,108,3.9,16.9,63.0,0.42
2025-10-19 18:00:00,108,4.7,14.9,60.0,0.11
2025-10-19 19:00:00,108,4.8,13.5,61.0,None
2025-10-19 20:00:00,108,4.3,12.3,60.0,None
2025-10-19 21:00:00,108,3.8,11.3,61.0,None
2025-10-19 22:00:00,108,3.7,10.6,64.0,None
2025-10-19 23:00:00,108,3.9,9.7,69.0,None
2025-10-20 00:00:00,108,5.1,8.9,67.0,None
2025-10-20 01:00:00,108,4.3,8.2,67.0,None
2025-10-20 02:00:00,108,2.7,7.3,72.0,None
2025-10-20 03:00:00,108,3.9,6.7,72.0,None
2025-10-20 04:00:00,108,2.4,6.2,73.0,None
2025-10-20 05:00:00,108,2.2,5.9,76.0,None
2025-10-20 06:00:00,108,1.7,5.6,77.0,None
2025-10-20 07:00:00,108,1.3,5.3,79.0,0.0
2025-10-20 08:00:00,108,2.4,6.3,80.0,0.2
2025-10-20 09:00:00,108,2.2,7.7,76.0,0.64
2025-10-20 10:00:00,108,1.3,10.1,69.0,1.45
2025-10-20 11:00:00,108,1.7,12.0,67.0,1.45
2025-10-20 12:00:00,108,2.2,13.5,66.0,1.81
2025-10-20 13:00:00,108,3.9,13.9,60.0,1.89
2025-10-20 14:00:00,108,3.4,15.4,60.0,2.07
2025-10-20 15:00:00,108,2.8,15.8,56.0,2.0
2025-10-20 16:00:00,108,2.5,15.7,59.0,1.24
2025-10-20 17:00:00,108,1.9,14.7,60.0,0.4
2025-10-20 18:00:00,108,3.1,13.5,63.0,0.09
2025-10-20 19:00:00,108,3.4,12.2,63.0,None
2025-10-20 20:00:00,108,3.6,11.1,55.0,None
2025-10-20 21:00:00,108,3.1,10.0,55.0,None
2025-10-20 22:00:00,108,1.9,8.9,57.0,None
2025-10-20 23:00:00,108,2.1,8.2,58.0,None
2025-10-21 00:00:00,108,1.2,7.4,62.0,None
2025-10-21 01:00:00,108,2.1,6.8,63.0,None
2025-10-21 02:00:00,108,1.4,6.3,64.0,None
2025-10-21 03:00:00,108,0.9,5.8,69.0,None
2025-10-21 04:00:00,108,1.4,5.7,70.0,None
2025-10-21 05:00:00,108,1.2,5.1,73.0,None
2025-10-21 06:00:00,108,1.3,4.9,73.0,None
2025-10-21 07:00:00,108,0.7,4.8,75.0,0.0
2025-10-21 08:00:00,108,0.5,5.2,77.0,0.23
2025-10-21 09:00:00,108,0.5,7.7,71.0,0.92
2025-10-21 10:00:00,108,1.1,9.4,67.0,1.11
2025-10-21 11:00:00,108,2.1,10.5,65.0,1.41
2025-10-21 12:00:00,108,2.1,12.6,61.0,1.99
2025-10-21 13:00:00,108,2.4,13.4,62.0,1.79
2025-10-21 14:00:00,108,2.7,13.8,62.0,1.43
2025-10-21 15:00:00,108,2.3,14.0,61.0,1.18
2025-10-21 16:00:00,108,2.5,13.8,61.0,0.76
2025-10-21 17:00:00,108,2.0,13.6,56.0,0.53
2025-10-21 18:00:00,108,2.3,12.1,63.0,0.13
2025-10-21 19:00:00,108,2.4,10.8,65.0,None
2025-10-21 20:00:00,108,2.5,10.1,64.0,None
2025-10-21 21:00:00,108,1.2,9.2,66.0,None
2025-10-21 22:00:00,108,0.9,8.5,74.0,None
2025-10-21 23:00:00,108,0.9,8.0,80.0,None
2025-10-22 00:00:00,108,0.9,7.6,82.0,None
2025-10-22 01:00:00,108,1.3,7.2,81.0,None
2025-10-22 02:00:00,108,0.4,6.8,84.0,None
2025-10-22 03:00:00,108,1.1,6.7,85.0,None
2025-10-22 04:00:00,108,0.3,6.6,86.0,None
2025-10-22 05:00:00,108,1.3,6.8,89.0,None
2025-10-22 06:00:00,108,0.9,6.8,90.0,None
2025-10-22 07:00:00,108,0.5,7.0,90.0,0.0
2025-10-22 08:00:00,108,0.6,7.7,89.0,0.27
2025-10-22 09:00:00,108,1.9,10.6,80.0,0.96
2025-10-22 10:00:00,108,2.2,13.6,67.0,1.67
2025-10-22 11:00:00,108,2.4,15.4,62.0,2.16
2025-10-22 12:00:00,108,1.8,16.8,59.0,2.44
2025-10-22 13:00:00,108,2.2,18.1,55.0,2.07
2025-10-22 14:00:00,108,2.4,17.9,57.0,1.17
2025-10-22 15:00:00,108,2.2,18.5,55.0,1.1
2025-10-22 16:00:00,108,1.5,18.5,56.0,0.83
2025-10-22 17:00:00,108,2.1,17.5,60.0,0.26
2025-10-22 18:00:00,108,1.4,16.9,61.0,0.06
2025-10-22 19:00:00,108,1.6,16.1,65.0,None
2025-10-22 20:00:00,108,0.9,15.4,70.0,None
2025-10-22 21:00:00,108,2.1,14.9,71.0,None
2025-10-22 22:00:00,108,2.0,14.4,74.0,None
2025-10-22 23:00:00,108,2.5,14.0,73.0,None
2025-10-23 00:00:00,108,2.4,13.4,76.0,None
2025-10-23 01:00:00,108,1.7,12.8,76.0,None
2025-10-23 02:00:00,108,1.7,12.5,79.0,None
2025-10-23 03:00:00,108,1.9,12.3,78.0,None
2025-10-23 04:00:00,108,1.3,12.0,80.0,None
2025-10-23 05:00:00,108,1.2,11.8,80.0,None
2025-10-23 06:00:00,108,1.6,12.0,81.0,None
2025-10-23 07:00:00,108,1.8,12.3,80.0,0.0
2025-10-23 08:00:00,108,2.4,12.8,79.0,0.16
2025-10-23 09:00:00,108,2.4,14.0,73.0,0.66
2025-10-23 10:00:00,108,1.8,14.6,72.0,0.64
2025-10-23 11:00:00,108,2.4,17.0,64.0,1.78
2025-10-23 12:00:00,108,1.5,17.8,62.0,1.81
2025-10-23 13:00:00,108,1.5,18.1,62.0,0.87
2025-10-23 14:00:00,108,1.3,18.4,60.0,0.8
2025-10-23 15:00:00,108,2.4,18.6,60.0,1.01
2025-10-23 16:00:00,108,2.2,19.3,58.0,0.91
2025-10-23 17:00:00,108,2.9,18.8,55.0,0.73
2025-10-23 18:00:00,108,3.0,17.4,60.0,0.12
2025-10-23 19:00:00,108,2.4,16.4,66.0,None
2025-10-23 20:00:00,108,1.5,15.5,70.0,None
2025-10-23 21:00:00,108,1.7,14.6,71.0,None
2025-10-23 22:00:00,108,1.7,13.9,72.0,None
2025-10-23 23:00:00,108,2.6,13.2,74.0,None
2025-10-24 00:00:00,108,2.5,12.7,77.0,None
2025-10-24 01:00:00,108,2.8,12.4,76.0,None
2025-10-24 02:00:00,108,3.2,12.3,76.0,None
2025-10-24 03:00:00,108,3.0,12.2,76.0,None
2025-10-24 04:00:00,108,2.7,12.3,75.0,None
2025-10-24 05:00:00,108,2.4,12.0,76.0,None
2025-10-24 06:00:00,108,2.0,11.6,77.0,None
2025-10-24 07:00:00,108,2.0,11.4,79.0,0.0
2025-10-24 08:00:00,108,2.4,12.1,77.0,0.29
2025-10-24 09:00:00,108,2.4,14.6,69.0,0.94
2025-10-24 10:00:00,108,3.6,15.8,64.0,1.36
2025-10-24 11:00:00,108,2.9,17.5,59.0,1.83
2025-10-24 12:00:00,108,2.6,18.7,57.0,2.14
2025-10-24 13:00:00,108,2.1,19.5,55.0,2.21
2025-10-24 14:00:00,108,1.5,20.8,52.0,2.14
2025-10-24 15:00:00,108,2.3,20.9,47.0,2.01
2025-10-24 16:00:00,108,1.7,20.8,50.0,1.31
2025-10-24 17:00:00,108,0.8,19.1,55.0,0.28
2025-10-24 18:00:00,108,0.9,17.9,59.0,0.06
2025-10-24 19:00:00,108,2.9,16.9,67.0,None
2025-10-24 20:00:00,108,2.7,16.5,67.0,None
2025-10-24 21:00:00,108,0.4,15.8,70.0,None
2025-10-24 22:00:00,108,0.8,15.3,72.0,None
2025-10-24 23:00:00,108,1.1,14.7,74.0,None
2025-10-25 00:00:00,108,1.1,14.8,77.0,None
2025-10-25 01:00:00,108,0.8,14.4,78.0,None
2025-10-25 02:00:00,108,1.2,14.3,79.0,None
2025-10-25 03:00:00,108,1.5,13.7,79.0,None
2025-10-25 04:00:00,108,1.1,13.3,82.0,None
2025-10-25 05:00:00,108,1.3,13.0,85.0,None
2025-10-25 06:00:00,108,2.4,12.9,86.0,None
2025-10-25 07:00:00,108,2.1,12.8,85.0,0.0
2025-10-25 08:00:00,108,2.6,12.6,85.0,0.07
2025-10-25 09:00:00,108,2.2,13.2,84.0,0.25
2025-10-25 10:00:00,108,2.2,13.7,81.0,0.53
2025-10-25 11:00:00,108,1.7,15.8,75.0,1.61
2025-10-25 12:00:00,108,2.3,16.4,69.0,1.37
2025-10-25 13:00:00,108,3.0,16.5,62.0,1.27
2025-10-25 14:00:00,108,2.1,16.5,62.0,0.81
2025-10-25 15:00:00,108,2.1,17.2,56.0,0.88
2025-10-25 16:00:00,108,2.7,17.5,47.0,1.28
2025-10-25 17:00:00,108,2.5,16.5,49.0,0.66
2025-10-25 18:00:00,108,1.9,14.9,52.0,0.05
2025-10-25 19:00:00,108,2.3,14.0,60.0,None
2025-10-25 20:00:00,108,2.7,14.0,55.0,None
2025-10-25 21:00:00,108,3.6,14.1,52.0,None
2025-10-25 22:00:00,108,3.6,13.8,55.0,None
2025-10-25 23:00:00,108,2.2,13.2,59.0,None
2025-10-26 00:00:00,108,3.0,12.9,57.0,None
2025-10-26 01:00:00,108,1.1,12.5,59.0,None
2025-10-26 02:00:00,108,1.1,12.1,61.0,None
2025-10-26 03:00:00,108,1.9,11.9,62.0,None
2025-10-26 04:00:00,108,2.1,11.7,62.0,None
2025-10-26 05:00:00,108,1.1,11.6,61.0,None
2025-10-26 06:00:00,108,1.2,11.4,63.0,None
2025-10-26 07:00:00,108,1.4,11.4,65.0,0.0
2025-10-26 08:00:00,108,0.9,11.7,65.0,0.18
2025-10-26 09:00:00,108,1.8,12.4,61.0,0.43
2025-10-26 10:00:00,108,1.8,13.0,51.0,0.66
2025-10-26 11:00:00,108,1.2,12.9,58.0,0.36
2025-10-26 12:00:00,108,1.1,12.4,69.0,0.33
2025-10-26 13:00:00,108,1.0,12.6,76.0,0.45
2025-10-26 14:00:00,108,1.1,13.7,72.0,0.89
2025-10-26 15:00:00,108,2.6,13.7,74.0,0.57
2025-10-26 16:00:00,108,2.5,13.5,78.0,0.38
2025-10-26 17:00:00,108,1.9,13.4,80.0,0.25
2025-10-26 18:00:00,108,1.5,12.7,84.0,0.05
2025-10-26 19:00:00,108,0.7,12.3,84.0,None
2025-10-26 20:00:00,108,0.6,12.3,83.0,None
2025-10-26 21:00:00,108,2.1,12.4,86.0,None
2025-10-26 22:00:00,108,3.2,12.5,81.0,None
2025-10-26 23:00:00,108,4.7,12.0,72.0,None
2025-10-27 00:00:00,108,2.3,10.6,62.0,None
2025-10-27 01:00:00,108,3.5,9.8,56.0,None
2025-10-27 02:00:00,108,4.0,8.8,51.0,None
2025-10-27 03:00:00,108,2.6,7.6,48.0,None
2025-10-27 04:00:00,108,2.6,6.5,51.0,None
2025-10-27 05:00:00,108,2.7,5.6,54.0,None
2025-10-27 06:00:00,108,2.5,4.8,54.0,None
2025-10-27 07:00:00,108,2.0,3.9,53.0,0.0
2025-10-27 08:00:00,108,2.2,3.9,54.0,0.26
2025-10-27 09:00:00,108,3.0,5.5,47.0,0.98
2025-10-27 10:00:00,108,2.8,7.3,38.0,1.67
2025-10-27 11:00:00,108,2.5,9.4,28.0,2.2
2025-10-27 12:00:00,108,4.4,10.3,29.0,2.51
2025-10-27 13:00:00,108,4.3,10.5,30.0,2.57
2025-10-27 14:00:00,108,3.7,11.9,33.0,2.31
2025-10-27 15:00:00,108,3.8,12.0,34.0,1.66
2025-10-27 16:00:00,108,3.1,11.5,37.0,0.98
2025-10-27 17:00:00,108,2.5,11.3,44.0,0.75
2025-10-27 18:00:00,108,3.2,10.2,46.0,0.12
2025-10-27 19:00:00,108,3.7,9.6,47.0,None
2025-10-27 20:00:00,108,1.5,8.9,49.0,None
2025-10-27 21:00:00,108,1.2,8.0,51.0,None
2025-10-27 22:00:00,108,0.8,7.1,56.0,None
2025-10-27 23:00:00,108,2.2,7.1,55.0,None
2025-10-28 00:00:00,108,1.5,6.7,51.0,None
2025-10-28 01:00:00,108,1.2,5.8,55.0,None
2025-10-28 02:00:00,108,1.0,5.1,63.0,None
2025-10-28 03:00:00,108,1.3,4.6,63.0,None
2025-10-28 04:00:00,108,0.7,4.2,62.0,None
2025-10-28 05:00:00,108,1.3,3.6,66.0,None
2025-10-28 06:00:00,108,0.7,3.4,68.0,None
2025-10-28 07:00:00,108,0.6,3.1,68.0,0.0
2025-10-28 08:00:00,108,1.6,3.3,62.0,0.24
2025-10-28 09:00:00,108,2.1,5.8,64.0,0.92
2025-10-28 10:00:00,108,1.7,8.5,47.0,1.6
2025-10-28 11:00:00,108,1.0,11.1,35.0,2.09
2025-10-28 12:00:00,108,2.5,11.9,26.0,2.41
2025-10-28 13:00:00,108,2.2,13.5,28.0,2.47
2025-10-28 14:00:00,108,2.5,14.0,30.0,2.2
2025-10-28 15:00:00,108,2.3,14.3,27.0,1.88
2025-10-28 16:00:00,108,2.2,13.5,32.0,1.19
2025-10-28 17:00:00,108,1.7,12.5,39.0,0.38
2025-10-28 18:00:00,108,1.1,11.5,42.0,0.05
2025-10-28 19:00:00,108,1.1,10.7,53.0,None
2025-10-28 20:00:00,108,0.7,9.7,58.0,None
2025-10-28 21:00:00,108,1.0,8.9,61.0,None
2025-10-28 22:00:00,108,1.4,8.3,64.0,None
2025-10-28 23:00:00,108,1.6,7.6,67.0,None
2025-10-29 00:00:00,108,1.4,7.3,68.0,None
2025-10-29 01:00:00,108,1.3,7.2,66.0,None
2025-10-29 02:00:00,108,1.9,6.7,72.0,None
2025-10-29 03:00:00,108,2.1,6.4,72.0,None
2025-10-29 04:00:00,108,2.0,6.3,73.0,None
2025-10-29 05:00:00,108,2.7,6.5,73.0,None
2025-10-29 06:00:00,108,2.4,6.4,71.0,None
2025-10-29 07:00:00,108,2.7,6.9,70.0,0.0
2025-10-29 08:00:00,108,2.3,7.4,68.0,0.16
2025-10-29 09:00:00,108,2.0,8.8,65.0,0.63
2025-10-29 10:00:00,108,2.5,10.5,60.0,1.03
2025-10-29 11:00:00,108,1.9,13.0,55.0,1.83
2025-10-29 12:00:00,108,1.4,14.6,52.0,1.9
2025-10-29 13:00:00,108,1.5,16.4,51.0,2.24
2025-10-29 14:00:00,108,1.5,17.3,50.0,2.04
2025-10-29 15:00:00,108,1.3,18.2,47.0,1.77
2025-10-29 16:00:00,108,1.8,17.6,46.0,1.13
2025-10-29 17:00:00,108,1.3,16.8,50.0,0.48
2025-10-29 18:00:00,108,0.9,14.8,62.0,0.06
2025-10-29 19:00:00,108,0.7,13.6,64.0,None
2025-10-29 20:00:00,108,1.5,12.6,68.0,None
2025-10-29 21:00:00,108,1.1,12.0,74.0,None
2025-10-29 22:00:00,108,0.9,11.3,72.0,None
2025-10-29 23:00:00,108,1.6,10.8,76.0,None
2025-10-30 00:00:00,108,1.4,10.2,77.0,None
2025-10-30 01:00:00,108,1.4,9.7,81.0,None
2025-10-30 02:00:00,108,1.0,9.2,82.0,None
2025-10-30 03:00:00,108,1.5,8.7,83.0,None
2025-10-30 04:00:00,108,1.7,8.6,84.0,None
2025-10-30 05:00:00,108,1.4,8.3,84.0,None
2025-10-30 06:00:00,108,1.8,7.9,85.0,None
2025-10-30 07:00:00,108,1.5,7.8,84.0,0.0
2025-10-30 08:00:00,108,1.5,8.4,83.0,0.2
2025-10-30 09:00:00,108,1.3,10.5,74.0,0.76
2025-10-30 10:00:00,108,1.7,12.8,65.0,1.35
2025-10-30 11:00:00,108,2.4,14.5,58.0,1.77
2025-10-30 12:00:00,108,2.2,15.9,53.0,1.78
2025-10-30 13:00:00,108,1.1,17.6,51.0,1.88
2025-10-30 14:00:00,108,2.1,18.1,49.0,1.53
2025-10-30 15:00:00,108,2.1,17.8,51.0,1.07
2025-10-30 16:00:00,108,1.3,17.4,54.0,0.66
2025-10-30 17:00:00,108,1.6,16.6,57.0,0.34
2025-10-30 18:00:00,108,1.7,15.5,65.0,0.04
2025-10-30 19:00:00,108,1.2,14.7,69.0,None
2025-10-30 20:00:00,108,1.1,14.2,70.0,None
2025-10-30 21:00:00,108,1.6,13.7,73.0,None
2025-10-30 22:00:00,108,0.7,13.2,75.0,None
2025-10-30 23:00:00,108,0.7,12.8,78.0,None
2025-10-31 00:00:00,108,1.1,12.5,78.0,None
2025-10-31 01:00:00,108,0.9,12.2,78.0,None
2025-10-31 02:00:00,108,1.1,11.8,82.0,None
2025-10-31 03:00:00,108,1.0,11.7,83.0,None
2025-10-31 04:00:00,108,1.4,11.4,83.0,None
2025-10-31 05:00:00,108,1.8,11.4,86.0,None
2025-10-31 06:00:00,108,1.3,11.4,86.0,None
2025-10-31 07:00:00,108,1.5,11.3,86.0,0.0
2025-10-31 08:00:00,108,2.2,11.8,85.0,0.06
2025-10-31 09:00:00,108,1.9,13.1,80.0,0.38
2025-10-31 10:00:00,108,2.3,14.5,74.0,0.86
2025-10-31 11:00:00,108,1.7,15.9,64.0,1.28
2025-10-31 12:00:00,108,2.0,17.8,55.0,1.91
2025-10-31 13:00:00,108,1.0,19.3,51.0,1.86
2025-10-31 14:00:00,108,1.2,20.4,45.0,1.86
2025-10-31 15:00:00,108,1.6,20.5,50.0,1.41
2025-10-31 16:00:00,108,2.2,19.3,53.0,0.59
2025-10-31 17:00:00,108,2.0,18.2,55.0,0.19
2025-10-31 18:00:00,108,2.6,17.3,57.0,0.02
2025-10-31 19:00:00,108,3.1,16.8,60.0,None
2025-10-31 20:00:00,108,3.0,16.1,64.0,None
2025-10-31 21:00:00,108,1.8,15.6,71.0,None
2025-10-31 22:00:00,108,3.6,14.6,70.0,None
2025-10-31 23:00:00,108,3.6,13.9,77.0,None
2025-11-01 00:00:00,108,1.5,13.4,77.0,None
2025-11-01 01:00:00,108,0.6,12.9,82.0,None
2025-11-01 02:00:00,108,1.1,12.7,83.0,None
2025-11-01 03:00:00,108,2.9,12.5,87.0,None
2025-11-01 04:00:00,108,3.0,12.4,88.0,None
2025-11-01 05:00:00,108,3.7,12.0,85.0,None
2025-11-01 06:00:00,108,2.2,11.7,87.0,None
2025-11-01 07:00:00,108,1.9,10.8,84.0,0.0
2025-11-01 08:00:00,108,1.4,10.6,83.0,0.2
2025-11-01 09:00:00,108,2.2,11.8,78.0,0.79
2025-11-01 10:00:00,108,3.1,13.2,70.0,1.46
2025-11-01 11:00:00,108,3.9,14.2,56.0,1.93
2025-11-01 12:00:00,108,3.0,15.7,51.0,2.28
2025-11-01 13:00:00,108,3.0,16.6,39.0,2.4
2025-11-01 14:00:00,108,3.8,17.2,37.0,2.23
2025-11-01 15:00:00,108,3.8,17.3,38.0,1.85
2025-11-01 16:00:00,108,2.8,16.0,36.0,0.93
2025-11-01 17:00:00,108,4.1,15.0,54.0,0.1
2025-11-01 18:00:00,108,2.8,11.9,76.0,0.06
2025-11-01 19:00:00,108,0.8,11.6,79.0,None
2025-11-01 20:00:00,108,1.0,11.2,84.0,None
2025-11-01 21:00:00,108,0.7,11.3,82.0,None
2025-11-01 22:00:00,108,1.7,11.8,78.0,None
2025-11-01 23:00:00,108,1.4,11.4,80.0,None
2025-11-02 00:00:00,108,1.3,10.6,85.0,None
2025-11-02 01:00:00,108,1.6,9.8,85.0,None
2025-11-02 02:00:00,108,0.9,9.2,84.0,None
2025-11-02 03:00:00,108,0.5,8.8,85.0,None
2025-11-02 04:00:00,108,0.7,8.7,84.0,None
2025-11-02 05:00:00,108,1.0,8.3,85.0,None
2025-11-02 06:00:00,108,2.7,8.4,81.0,None
2025-11-02 07:00:00,108,2.4,8.1,73.0,0.0
2025-11-02 08:00:00,108,2.3,7.9,71.0,0.14
2025-11-02 09:00:00,108,4.4,8.6,65.0,0.79
2025-11-02 10:00:00,108,4.3,9.6,55.0,1.5
2025-11-02 11:00:00,108,4.5,10.6,48.0,2.06
2025-11-02 12:00:00,108,4.7,10.7,48.0,2.23
2025-11-02 13:00:00,108,5.0,10.9,44.0,2.19
2025-11-02 14:00:00,108,4.7,11.2,41.0,2.36
2025-11-02 15:00:00,108,4.3,10.6,41.0,1.53
2025-11-02 16:00:00,108,4.3,10.4,40.0,1.05
2025-11-02 17:00:00,108,4.8,9.4,41.0,0.5
2025-11-02 18:00:00,108,3.1,7.8,45.0,0.05
2025-11-02 19:00:00,108,3.5,7.1,49.0,None
2025-11-02 20:00:00,108,3.0,6.5,48.0,None
2025-11-02 21:00:00,108,2.5,5.6,44.0,None
2025-11-02 22:00:00,108,3.2,4.8,47.0,None
2025-11-02 23:00:00,108,3.6,4.2,46.0,None
2025-11-03 00:00:00,108,2.7,3.7,47.0,None
2025-11-03 01:00:00,108,3.1,3.3,47.0,None
2025-11-03 02:00:00,108,3.5,3.0,49.0,None
2025-11-03 03:00:00,108,1.4,2.1,54.0,None
2025-11-03 04:00:00,108,0.5,1.6,59.0,None
2025-11-03 05:00:00,108,0.4,0.9,59.0,None
2025-11-03 06:00:00,108,1.0,0.8,68.0,None
2025-11-03 07:00:00,108,1.0,0.8,63.0,0.0
2025-11-03 08:00:00,108,1.2,1.0,68.0,0.2
2025-11-03 09:00:00,108,1.3,3.8,56.0,0.82
2025-11-03 10:00:00,108,2.0,7.2,48.0,1.52
2025-11-03 11:00:00,108,2.0,9.0,43.0,2.03
2025-11-03 12:00:00,108,1.5,11.0,42.0,2.32
2025-11-03 13:00:00,108,1.3,12.2,40.0,2.4
2025-11-03 14:00:00,108,1.5,13.4,38.0,2.23
2025-11-03 15:00:00,108,1.4,14.5,37.0,1.83
2025-11-03 16:00:00,108,0.8,14.3,36.0,1.25
2025-11-03 17:00:00,108,1.5,13.0,40.0,0.52
2025-11-03 18:00:00,108,1.8,10.9,46.0,0.04
2025-11-03 19:00:00,108,1.9,9.5,53.0,None
2025-11-03 20:00:00,108,0.9,8.7,56.0,None
2025-11-03 21:00:00,108,0.4,7.8,61.0,None
2025-11-03 22:00:00,108,0.9,7.6,65.0,None
2025-11-03 23:00:00,108,1.8,7.0,66.0,None
2025-11-04 00:00:00,108,1.2,6.7,69.0,None
2025-11-04 01:00:00,108,1.6,6.6,69.0,None
2025-11-04 02:00:00,108,1.3,6.5,71.0,None
2025-11-04 03:00:00,108,1.5,6.5,71.0,None
2025-11-04 04:00:00,108,1.9,6.1,74.0,None
2025-11-04 05:00:00,108,0.8,6.0,73.0,None
2025-11-04 06:00:00,108,1.7,5.7,75.0,None
2025-11-04 07:00:00,108,1.3,5.7,75.0,None
2025-11-04 08:00:00,108,1.2,6.3,76.0,0.14
2025-11-04 09:00:00,108,1.8,8.1,73.0,0.69
2025-11-04 10:00:00,108,1.2,10.7,61.0,1.42
2025-11-04 11:00:00,108,0.5,12.8,53.0,1.86
2025-11-04 12:00:00,108,1.6,14.6,54.0,2.17
2025-11-04 13:00:00,108,2.4,15.2,50.0,2.22
2025-11-04 14:00:00,108,2.5,15.7,48.0,2.06
2025-11-04 15:00:00,108,2.2,16.2,42.0,1.6
2025-11-04 16:00:00,108,1.8,15.3,44.0,1.01
2025-11-04 17:00:00,108,1.7,14.0,45.0,0.43
2025-11-04 18:00:00,108,2.1,12.4,48.0,0.04
2025-11-04 19:00:00,108,1.3,11.3,53.0,None
2025-11-04 20:00:00,108,1.1,10.3,54.0,None
2025-11-04 21:00:00,108,0.2,9.6,58.0,None
2025-11-04 22:00:00,108,0.7,9.0,62.0,None
2025-11-04 23:00:00,108,0.8,8.7,58.0,None
2025-11-05 00:00:00,108,0.6,8.1,64.0,None
2025-11-05 01:00:00,108,1.6,7.9,60.0,None
2025-11-05 02:00:00,108,1.5,7.5,63.0,None
2025-11-05 03:00:00,108,1.8,7.0,66.0,None
2025-11-05 04:00:00,108,1.2,6.8,69.0,None
2025-11-05 05:00:00,108,1.2,6.4,71.0,None
2025-11-05 06:00:00,108,2.0,6.1,73.0,None
2025-11-05 07:00:00,108,1.8,5.7,76.0,None
2025-11-05 08:00:00,108,2.5,5.9,78.0,0.15
2025-11-05 09:00:00,108,1.3,8.1,73.0,0.72
2025-11-05 10:00:00,108,1.3,11.2,62.0,1.39
2025-11-05 11:00:00,108,1.0,14.1,53.0,1.87
2025-11-05 12:00:00,108,1.5,16.0,48.0,2.16
2025-11-05 13:00:00,108,1.7,16.8,45.0,2.22
2025-11-05 14:00:00,108,1.2,18.5,41.0,2.07
2025-11-05 15:00:00,108,1.2,18.7,38.0,1.65
2025-11-05 16:00:00,108,2.2,18.7,40.0,1.07
2025-11-05 17:00:00,108,1.7,17.3,44.0,0.39
2025-11-05 18:00:00,108,1.6,15.1,50.0,0.04
2025-11-05 19:00:00,108,1.8,13.5,53.0,None
2025-11-05 20:00:00,108,1.3,12.7,60.0,None
2025-11-05 21:00:00,108,0.2,11.9,65.0,None
2025-11-05 22:00:00,108,0.9,11.5,63.0,None
2025-11-05 23:00:00,108,0.6,10.7,66.0,None
2025-11-06 00:00:00,108,1.4,10.1,67.0,None
2025-11-06 01:00:00,108,0.5,9.8,69.0,None
2025-11-06 02:00:00,108,1.5,9.4,71.0,None
2025-11-06 03:00:00,108,1.0,8.7,74.0,None
2025-11-06 04:00:00,108,2.2,8.1,77.0,None
2025-11-06 05:00:00,108,1.7,8.0,79.0,None
2025-11-06 06:00:00,108,1.3,7.8,80.0,None
2025-11-06 07:00:00,108,1.5,7.5,82.0,None
2025-11-06 08:00:00,108,1.2,7.6,83.0,0.15
2025-11-06 09:00:00,108,1.5,9.1,82.0,0.53
2025-11-06 10:00:00,108,1.3,11.2,72.0,0.99
2025-11-06 11:00:00,108,1.2,13.4,68.0,1.28
2025-11-06 12:00:00,108,2.2,16.1,59.0,1.93
2025-11-06 13:00:00,108,2.2,17.4,53.0,2.03
2025-11-06 14:00:00,108,2.7,18.1,51.0,1.92
2025-11-06 15:00:00,108,2.9,18.5,49.0,1.54
2025-11-06 16:00:00,108,2.5,17.8,52.0,0.86
2025-11-06 17:00:00,108,3.1,16.7,58.0,0.39
2025-11-06 18:00:00,108,1.2,15.4,62.0,0.02
2025-11-06 19:00:00,108,1.8,14.2,69.0,None
2025-11-06 20:00:00,108,0.9,13.7,71.0,None
2025-11-06 21:00:00,108,1.5,13.1,75.0,None
2025-11-06 22:00:00,108,1.5,12.6,78.0,None
2025-11-06 23:00:00,108,0.8,12.0,80.0,None
2025-11-07 00:00:00,108,1.0,11.3,78.0,None
2025-11-07 01:00:00,108,0.8,10.5,80.0,None
2025-11-07 02:00:00,108,1.3,10.2,82.0,None
2025-11-07 03:00:00,108,1.6,9.7,84.0,None
2025-11-07 04:00:00,108,2.0,9.2,86.0,None
2025-11-07 05:00:00,108,1.6,9.1,86.0,None
2025-11-07 06:00:00,108,1.5,9.1,87.0,None
2025-11-07 07:00:00,108,2.0,8.6,87.0,None
2025-11-07 08:00:00,108,1.5,9.0,90.0,0.14
2025-11-07 09:00:00,108,1.3,10.7,81.0,0.59
2025-11-07 10:00:00,108,1.3,13.2,70.0,1.14
2025-11-07 11:00:00,108,2.3,15.5,61.0,1.82
2025-11-07 12:00:00,108,1.4,17.0,56.0,1.76
2025-11-07 13:00:00,108,2.1,18.4,50.0,2.14
2025-11-07 14:00:00,108,1.9,19.5,46.0,1.98
2025-11-07 15:00:00,108,2.4,19.9,43.0,1.59
2025-11-07 16:00:00,108,1.9,19.9,44.0,1.09
2025-11-07 17:00:00,108,2.1,18.6,46.0,0.43
2025-11-07 18:00:00,108,1.6,16.8,54.0,0.04
2025-11-07 19:00:00,108,1.6,15.5,55.0,None
2025-11-07 20:00:00,108,1.7,14.5,59.0,None
2025-11-07 21:00:00,108,3.2,14.5,59.0,None
2025-11-07 22:00:00,108,3.1,14.1,60.0,None
2025-11-07 23:00:00,108,3.5,13.8,64.0,None
2025-11-08 00:00:00,108,2.7,13.1,66.0,None
2025-11-08 01:00:00,108,3.1,12.9,68.0,None
2025-11-08 02:00:00,108,3.3,13.1,68.0,None
2025-11-08 03:00:00,108,2.5,12.5,72.0,None
2025-11-08 04:00:00,108,2.1,12.4,73.0,None
2025-11-08 05:00:00,108,2.2,12.6,75.0,None
2025-11-08 06:00:00,108,3.0,12.8,75.0,None
2025-11-08 07:00:00,108,2.8,12.9,76.0,None
2025-11-08 08:00:00,108,3.2,13.1,75.0,0.03
2025-11-08 09:00:00,108,3.2,13.9,73.0,0.29
2025-11-08 10:00:00,108,2.5,14.9,70.0,0.53
2025-11-08 11:00:00,108,1.7,15.2,69.0,0.48
2025-11-08 12:00:00,108,2.1,16.0,65.0,0.7
2025-11-08 13:00:00,108,2.4,16.8,63.0,1.02
2025-11-08 14:00:00,108,2.1,16.9,61.0,0.53
2025-11-08 15:00:00,108,2.1,17.0,61.0,0.5
2025-11-08 16:00:00,108,1.8,16.8,61.0,0.31
2025-11-08 17:00:00,108,1.6,16.4,62.0,0.14
2025-11-08 18:00:00,108,1.7,15.8,64.0,0.01
2025-11-08 19:00:00,108,1.5,15.4,66.0,None
2025-11-08 20:00:00,108,1.4,15.0,69.0,None
2025-11-08 21:00:00,108,1.2,14.7,70.0,None
2025-11-08 22:00:00,108,1.9,14.3,70.0,None
2025-11-08 23:00:00,108,1.6,14.0,73.0,None
2025-11-09 00:00:00,108,1.9,13.3,75.0,None
2025-11-09 01:00:00,108,0.9,12.8,77.0,None
2025-11-09 02:00:00,108,1.4,12.3,79.0,None
2025-11-09 03:00:00,108,1.4,12.5,80.0,None
2025-11-09 04:00:00,108,0.2,12.6,79.0,None
2025-11-09 05:00:00,108,1.4,12.8,77.0,None
2025-11-09 06:00:00,108,1.7,12.3,79.0,None
2025-11-09 07:00:00,108,1.2,11.3,81.0,None
2025-11-09 08:00:00,108,1.2,11.0,83.0,0.1
2025-11-09 09:00:00,108,1.8,12.3,83.0,0.58
2025-11-09 10:00:00,108,2.4,13.9,78.0,1.18
2025-11-09 11:00:00,108,3.0,15.0,65.0,1.73
2025-11-09 12:00:00,108,2.6,16.4,52.0,2.12
2025-11-09 13:00:00,108,2.6,17.5,37.0,2.18
2025-11-09 14:00:00,108,3.5,17.1,36.0,1.73
2025-11-09 15:00:00,108,3.7,17.2,44.0,1.44
2025-11-09 16:00:00,108,3.8,16.1,51.0,0.89
2025-11-09 17:00:00,108,3.3,14.9,56.0,0.23
2025-11-09 18:00:00,108,3.3,14.0,59.0,0.02
2025-11-09 19:00:00,108,3.0,13.7,69.0,None
2025-11-09 20:00:00,108,3.3,13.3,71.0,None
2025-11-09 21:00:00,108,4.3,12.8,61.0,None
2025-11-09 22:00:00,108,4.0,11.7,53.0,None
2025-11-09 23:00:00,108,3.2,11.0,54.0,None
2025-11-10 00:00:00,108,3.4,10.5,55.0,None
2025-11-10 01:00:00,108,3.6,10.1,52.0,None
2025-11-10 02:00:00,108,3.3,9.4,44.0,None
2025-11-10 03:00:00,108,0.9,8.1,47.0,None
2025-11-10 04:00:00,108,0.2,7.0,46.0,None
2025-11-10 05:00:00,108,1.1,6.3,46.0,None
2025-11-10 06:00:00,108,0.6,5.9,45.0,None
2025-11-10 07:00:00,108,0.9,5.5,41.0,None
2025-11-10 08:00:00,108,3.5,6.0,39.0,0.16
2025-11-10 09:00:00,108,3.0,7.2,35.0,0.76
2025-11-10 10:00:00,108,2.6,8.6,30.0,1.48
2025-11-10 11:00:00,108,2.2,10.0,28.0,1.98
2025-11-10 12:00:00,108,4.4,10.5,27.0,2.3
2025-11-10 13:00:00,108,3.3,11.1,28.0,2.35
2025-11-10 14:00:00,108,3.4,11.5,24.0,2.17
2025-11-10 15:00:00,108,2.9,12.3,23.0,1.79
2025-11-10 16:00:00,108,3.5,11.8,26.0,1.22
2025-11-10 17:00:00,108,2.6,10.2,27.0,0.49
2025-11-10 18:00:00,108,2.5,9.0,36.0,0.03
2025-11-10 19:00:00,108,3.1,8.2,40.0,None
2025-11-10 20:00:00,108,2.6,7.8,43.0,None
2025-11-10 21:00:00,108,1.9,7.3,44.0,None
2025-11-10 22:00:00,108,2.4,6.9,44.0,None
2025-11-10 23:00:00,108,4.1,6.4,41.0,None
2025-11-11 00:00:00,108,1.8,5.7,44.0,None
2025-11-11 01:00:00,108,0.8,4.6,48.0,None
2025-11-11 02:00:00,108,1.0,4.3,53.0,None
2025-11-11 03:00:00,108,0.8,4.2,52.0,None
2025-11-11 04:00:00,108,1.3,4.0,53.0,None
2025-11-11 05:00:00,108,1.6,4.2,56.0,None
2025-11-11 06:00:00,108,1.2,4.3,55.0,None
2025-11-11 07:00:00,108,1.5,4.1,55.0,None
2025-11-11 08:00:00,108,0.7,4.2,54.0,0.12
2025-11-11 09:00:00,108,1.2,5.9,56.0,0.64
2025-11-11 10:00:00,108,1.3,9.0,48.0,1.31
2025-11-11 11:00:00,108,1.7,11.9,43.0,1.8
2025-11-11 12:00:00,108,1.7,13.1,41.0,2.18
2025-11-11 13:00:00,108,3.5,13.7,47.0,2.29
2025-11-11 14:00:00,108,2.6,15.1,44.0,2.0
2025-11-11 15:00:00,108,3.0,14.8,45.0,1.35
2025-11-11 16:00:00,108,2.3,14.2,46.0,0.68
2025-11-11 17:00:00,108,1.8,12.8,52.0,0.26
2025-11-11 18:00:00,108,2.0,11.7,60.0,0.04
2025-11-11 19:00:00,108,1.2,10.9,65.0,None
2025-11-11 20:00:00,108,1.6,10.1,71.0,None
2025-11-11 21:00:00,108,1.7,9.3,74.0,None
2025-11-11 22:00:00,108,1.0,8.8,75.0,None
2025-11-11 23:00:00,108,1.1,8.7,75.0,None
2025-11-12 00:00:00,108,1.7,7.8,78.0,None
2025-11-12 01:00:00,108,1.3,7.6,79.0,None
2025-11-12 02:00:00,108,1.3,7.4,80.0,None
2025-11-12 03:00:00,108,1.5,7.1,82.0,None
2025-11-12 04:00:00,108,1.0,6.6,83.0,None
2025-11-12 05:00:00,108,2.1,6.3,85.0,None
2025-11-12 06:00:00,108,1.5,6.0,85.0,None
2025-11-12 07:00:00,108,1.8,6.0,85.0,None
2025-11-12 08:00:00,108,1.7,6.6,83.0,0.12
2025-11-12 09:00:00,108,1.7,8.0,76.0,0.65
2025-11-12 10:00:00,108,1.8,10.4,65.0,1.32
2025-11-12 11:00:00,108,1.2,12.9,58.0,1.81
2025-11-12 12:00:00,108,1.3,15.0,53.0,2.07
2025-11-12 13:00:00,108,1.3,16.8,49.0,2.16
2025-11-12 14:00:00,108,2.0,17.1,44.0,2.03
2025-11-12 15:00:00,108,2.1,17.7,37.0,1.63
2025-11-12 16:00:00,108,1.9,16.9,40.0,0.96
2025-11-12 17:00:00,108,2.6,15.1,54.0,0.38
2025-11-12 18:00:00,108,2.9,13.5,60.0,0.02
2025-11-12 19:00:00,108,2.3,12.4,69.0,None
2025-11-12 20:00:00,108,1.5,11.3,68.0,None
2025-11-12 21:00:00,108,1.9,10.6,63.0,None
2025-11-12 22:00:00,108,1.3,9.6,70.0,None
2025-11-12 23:00:00,108,1.7,8.8,70.0,None
2025-11-13 00:00:00,108,1.3,8.2,68.0,None
2025-11-13 01:00:00,108,0.3,7.6,66.0,None
2025-11-13 02:00:00,108,0.8,7.5,69.0,None
2025-11-13 03:00:00,108,0.1,7.2,74.0,None
2025-11-13 04:00:00,108,0.2,7.2,77.0,None
2025-11-13 05:00:00,108,1.7,6.8,77.0,None
2025-11-13 06:00:00,108,2.1,7.6,82.0,None
2025-11-13 07:00:00,108,2.4,7.7,79.0,None
2025-11-13 08:00:00,108,2.6,8.1,81.0,0.04
2025-11-13 09:00:00,108,2.2,9.3,80.0,0.23
2025-11-13 10:00:00,108,1.2,10.8,77.0,0.43
2025-11-13 11:00:00,108,1.1,13.0,75.0,0.97
2025-11-13 12:00:00,108,1.8,15.5,68.0,1.72
2025-11-13 13:00:00,108,3.0,16.6,50.0,1.99
2025-11-13 14:00:00,108,3.0,16.9,38.0,2.04
2025-11-13 15:00:00,108,2.4,17.3,38.0,1.41
2025-11-13 16:00:00,108,3.1,16.3,36.0,0.95
2025-11-13 17:00:00,108,1.8,14.6,45.0,0.36
2025-11-13 18:00:00,108,2.4,13.4,58.0,0.02
2025-11-13 19:00:00,108,2.0,12.3,62.0,None
2025-11-13 20:00:00,108,2.9,11.6,63.0,None
2025-11-13 21:00:00,108,2.7,11.0,59.0,None
2025-11-13 22:00:00,108,1.6,9.9,56.0,None
2025-11-13 23:00:00,108,1.1,8.7,60.0,None
2025-11-14 00:00:00,108,1.9,7.6,64.0,None
2025-11-14 01:00:00,108,2.7,7.3,66.0,None
2025-11-14 02:00:00,108,2.7,6.7,68.0,None
2025-11-14 03:00:00,108,2.6,6.6,66.0,None
2025-11-14 04:00:00,108,1.3,5.9,67.0,None
2025-11-14 05:00:00,108,1.7,5.6,69.0,None
2025-11-14 06:00:00,108,1.1,5.2,67.0,None
2025-11-14 07:00:00,108,1.3,4.9,69.0,None
2025-11-14 08:00:00,108,1.1,4.6,68.0,0.13
2025-11-14 09:00:00,108,1.2,6.7,61.0,0.68
2025-11-14 10:00:00,108,1.9,9.6,52.0,1.37
2025-11-14 11:00:00,108,2.3,11.5,41.0,1.87
2025-11-14 12:00:00,108,3.8,12.6,34.0,2.18
2025-11-14 13:00:00,108,3.4,13.5,30.0,2.24
2025-11-14 14:00:00,108,2.3,14.8,32.0,2.05
2025-11-14 15:00:00,108,3.1,14.6,33.0,1.65
2025-11-14 16:00:00,108,2.0,14.3,32.0,1.11
2025-11-14 17:00:00,108,1.7,12.6,36.0,0.41
2025-11-14 18:00:00,108,1.3,11.2,42.0,0.02
2025-11-14 19:00:00,108,1.5,10.3,52.0,None
2025-11-14 20:00:00,108,1.7,9.5,58.0,None
2025-11-14 21:00:00,108,1.3,8.9,61.0,None
2025-11-14 22:00:00,108,1.6,8.1,65.0,None
2025-11-14 23:00:00,108,1.2,7.5,66.0,None
2025-11-15 00:00:00,108,0.8,6.8,66.0,None
2025-11-15 01:00:00,108,1.4,6.4,67.0,None
2025-11-15 02:00:00,108,0.1,6.0,70.0,None
2025-11-15 03:00:00,108,1.1,5.6,68.0,None
2025-11-15 04:00:00,108,1.9,5.2,68.0,None
2025-11-15 05:00:00,108,0.6,4.9,69.0,None
2025-11-15 06:00:00,108,1.7,4.5,70.0,None
2025-11-15 07:00:00,108,2.2,3.9,72.0,None
2025-11-15 08:00:00,108,2.2,3.7,74.0,0.08
2025-11-15 09:00:00,108,2.1,5.9,67.0,0.55
2025-11-15 10:00:00,108,1.8,8.7,53.0,1.31
2025-11-15 11:00:00,108,1.1,11.3,44.0,1.81
2025-11-15 12:00:00,108,1.0,14.2,39.0,2.14
2025-11-15 13:00:00,108,1.7,15.0,30.0,2.12
2025-11-15 14:00:00,108,0.8,16.7,27.0,1.84
2025-11-15 15:00:00,108,2.0,17.3,24.0,1.5
2025-11-15 16:00:00,108,1.6,16.9,22.0,1.01
2025-11-15 17:00:00,108,1.5,14.7,24.0,0.38
2025-11-15 18:00:00,108,1.4,13.0,31.0,0.02
2025-11-15 19:00:00,108,0.9,11.7,36.0,None
2025-11-15 20:00:00,108,0.9,10.6,40.0,None
2025-11-15 21:00:00,108,1.7,9.5,45.0,None
2025-11-15 22:00:00,108,0.8,8.9,49.0,None
2025-11-15 23:00:00,108,1.5,8.6,48.0,None
2025-11-16 00:00:00,108,1.4,8.0,49.0,None
2025-11-16 01:00:00,108,1.8,7.5,53.0,None
2025-11-16 02:00:00,108,2.1,7.0,55.0,None
2025-11-16 03:00:00,108,1.5,6.3,55.0,None
2025-11-16 04:00:00,108,1.4,6.6,56.0,None
2025-11-16 05:00:00,108,1.6,6.2,58.0,None
2025-11-16 06:00:00,108,1.7,5.8,60.0,None
2025-11-16 07:00:00,108,1.2,5.7,62.0,None
2025-11-16 08:00:00,108,1.1,5.7,62.0,0.06
2025-11-16 09:00:00,108,1.3,7.6,56.0,0.55
2025-11-16 10:00:00,108,1.4,10.5,48.0,1.25
2025-11-16 11:00:00,108,2.5,12.8,42.0,1.72
2025-11-16 12:00:00,108,2.2,16.5,38.0,2.01
2025-11-16 13:00:00,108,2.2,17.8,29.0,2.09
2025-11-16 14:00:00,108,4.2,18.4,28.0,1.97
2025-11-16 15:00:00,108,4.3,17.4,47.0,1.58
2025-11-16 16:00:00,108,3.1,16.6,56.0,0.84
2025-11-16 17:00:00,108,2.8,15.7,61.0,0.23
2025-11-16 18:00:00,108,2.9,15.1,70.0,0.02
2025-11-16 19:00:00,108,3.3,14.9,73.0,None
2025-11-16 20:00:00,108,3.0,14.8,76.0,None
2025-11-16 21:00:00,108,2.6,14.1,82.0,None
2025-11-16 22:00:00,108,3.0,13.9,84.0,None
2025-11-16 23:00:00,108,3.9,12.5,75.0,None
2025-11-17 00:00:00,108,3.9,9.7,59.0,None
2025-11-17 01:00:00,108,2.9,8.5,55.0,None
2025-11-17 02:00:00,108,3.8,7.7,52.0,None
2025-11-17 03:00:00,108,4.6,6.3,32.0,None
2025-11-17 04:00:00,108,3.6,5.3,35.0,None
2025-11-17 05:00:00,108,3.1,4.5,25.0,None
2025-11-17 06:00:00,108,4.2,4.1,27.0,None
2025-11-17 07:00:00,108,3.6,3.7,27.0,None
2025-11-17 08:00:00,108,2.8,3.3,30.0,0.07
2025-11-17 09:00:00,108,4.6,3.2,32.0,0.45
2025-11-17 10:00:00,108,3.5,3.8,34.0,0.74
2025-11-17 11:00:00,108,4.6,3.8,32.0,1.48
2025-11-17 12:00:00,108,4.3,3.8,28.0,1.3
2025-11-17 13:00:00,108,4.0,4.6,30.0,1.64
2025-11-17 14:00:00,108,4.5,4.7,35.0,1.82
2025-11-17 15:00:00,108,4.1,5.2,32.0,1.58
2025-11-17 16:00:00,108,5.1,5.1,34.0,1.03
2025-11-17 17:00:00,108,3.4,3.7,36.0,0.4
2025-11-17 18:00:00,108,4.2,3.0,43.0,0.02
2025-11-17 19:00:00,108,3.9,2.4,47.0,None
2025-11-17 20:00:00,108,4.9,1.4,48.0,None
2025-11-17 21:00:00,108,2.9,0.6,50.0,None
2025-11-17 22:00:00,108,2.7,0.2,52.0,None
2025-11-17 23:00:00,108,1.7,-0.1,53.0,None
2025-11-18 00:00:00,108,1.3,-0.6,55.0,None
2025-11-18 01:00:00,108,1.4,-1.0,55.0,None
2025-11-18 02:00:00,108,2.1,-1.5,56.0,None
2025-11-18 03:00:00,108,1.2,-1.6,55.0,None
2025-11-18 04:00:00,108,2.3,-1.6,54.0,None
2025-11-18 05:00:00,108,2.1,-1.9,55.0,None
2025-11-18 06:00:00,108,2.0,-2.0,56.0,None
2025-11-18 07:00:00,108,3.3,-1.7,55.0,None
2025-11-18 08:00:00,108,1.6,-1.9,57.0,0.1
2025-11-18 09:00:00,108,2.4,-0.9,49.0,0.65
2025-11-18 10:00:00,108,3.2,1.1,40.0,1.31
2025-11-18 11:00:00,108,2.7,2.9,33.0,1.79
2025-11-18 12:00:00,108,3.2,4.3,31.0,2.08
2025-11-18 13:00:00,108,3.8,5.4,31.0,2.16
2025-11-18 14:00:00,108,2.4,5.7,31.0,2.0
2025-11-18 15:00:00,108,3.4,6.3,33.0,1.62
2025-11-18 16:00:00,108,3.7,5.3,37.0,0.99
2025-11-18 17:00:00,108,2.7,4.3,40.0,0.4
2025-11-18 18:00:00,108,2.5,3.4,45.0,0.01
2025-11-18 19:00:00,108,2.8,3.0,48.0,None
2025-11-18 20:00:00,108,2.2,2.6,53.0,None
2025-11-18 21:00:00,108,0.9,2.1,54.0,None
2025-11-18 22:00:00,108,2.2,2.2,53.0,None
2025-11-18 23:00:00,108,1.2,1.6,51.0,None
2025-11-19 00:00:00,108,2.4,0.8,54.0,None
2025-11-19 01:00:00,108,2.4,0.4,53.0,None
2025-11-19 02:00:00,108,1.4,-0.1,54.0,None
2025-11-19 03:00:00,108,1.5,-0.5,56.0,None
2025-11-19 04:00:00,108,1.3,-0.8,58.0,None
2025-11-19 05:00:00,108,0.5,-1.2,57.0,None
2025-11-19 06:00:00,108,0.8,-1.2,57.0,None
2025-11-19 07:00:00,108,1.6,-1.4,59.0,None
2025-11-19 08:00:00,108,1.9,-1.4,62.0,0.09
2025-11-19 09:00:00,108,1.1,0.0,59.0,0.56
2025-11-19 10:00:00,108,1.3,3.3,43.0,1.22
2025-11-19 11:00:00,108,2.2,4.9,33.0,1.72
2025-11-19 12:00:00,108,2.0,6.5,31.0,2.04
2025-11-19 13:00:00,108,2.6,7.5,30.0,2.1
2025-11-19 14:00:00,108,2.4,8.3,30.0,1.94
2025-11-19 15:00:00,108,1.8,8.5,30.0,1.56
2025-11-19 16:00:00,108,2.9,8.0,32.0,0.9
2025-11-19 17:00:00,108,2.9,6.3,41.0,0.38
2025-11-19 18:00:00,108,2.1,5.1,48.0,0.02
2025-11-19 19:00:00,108,1.6,4.3,53.0,None
2025-11-19 20:00:00,108,1.1,3.8,56.0,None
2025-11-19 21:00:00,108,0.4,3.2,58.0,None
2025-11-19 22:00:00,108,0.5,2.7,62.0,None
2025-11-19 23:00:00,108,0.9,2.4,65.0,None
2025-11-20 00:00:00,108,1.0,2.3,62.0,None
2025-11-20 01:00:00,108,2.1,1.7,64.0,None
2025-11-20 02:00:00,108,1.7,1.9,65.0,None
2025-11-20 03:00:00,108,1.5,2.6,64.0,None
2025-11-20 04:00:00,108,1.9,3.1,64.0,None
2025-11-20 05:00:00,108,2.1,3.3,64.0,None
2025-11-20 06:00:00,108,1.8,3.6,64.0,None
2025-11-20 07:00:00,108,1.7,3.7,65.0,None
2025-11-20 08:00:00,108,2.2,4.0,67.0,0.04
2025-11-20 09:00:00,108,1.8,5.0,66.0,0.26
2025-11-20 10:00:00,108,1.1,7.4,61.0,1.02
2025-11-20 11:00:00,108,1.2,9.8,57.0,1.59
2025-11-20 12:00:00,108,2.8,12.2,55.0,1.46
2025-11-20 13:00:00,108,3.9,13.2,56.0,0.98
2025-11-20 14:00:00,108,5.0,13.7,59.0,1.36
2025-11-20 15:00:00,108,2.5,14.6,52.0,1.27
2025-11-20 16:00:00,108,3.6,13.9,51.0,0.78
2025-11-20 17:00:00,108,3.4,11.9,49.0,0.36
2025-11-20 18:00:00,108,4.3,10.7,63.0,0.01
2025-11-20 19:00:00,108,3.6,9.4,50.0,None
2025-11-20 20:00:00,108,3.7,8.1,37.0,None
2025-11-20 21:00:00,108,3.9,7.0,51.0,None
2025-11-20 22:00:00,108,3.6,5.5,52.0,None
2025-11-20 23:00:00,108,1.6,4.6,52.0,None
2025-11-21 00:00:00,108,0.6,3.6,55.0,None
2025-11-21 01:00:00,108,1.0,2.9,57.0,None
2025-11-21 02:00:00,108,0.3,2.7,59.0,None
2025-11-21 03:00:00,108,0.6,2.4,63.0,None
2025-11-21 04:00:00,108,0.6,1.8,63.0,None
2025-11-21 05:00:00,108,0.6,1.5,66.0,None
2025-11-21 06:00:00,108,1.1,1.4,68.0,None
2025-11-21 07:00:00,108,0.5,1.0,70.0,None
2025-11-21 08:00:00,108,0.4,1.2,69.0,0.07
2025-11-21 09:00:00,108,1.9,3.0,62.0,0.58
2025-11-21 10:00:00,108,1.7,6.3,49.0,1.24
2025-11-21 11:00:00,108,2.3,8.8,37.0,1.73
2025-11-21 12:00:00,108,2.1,10.8,32.0,2.0
2025-11-21 13:00:00,108,4.5,11.5,35.0,2.08
2025-11-21 14:00:00,108,3.5,12.3,40.0,1.86
2025-11-21 15:00:00,108,3.4,11.3,46.0,1.25
2025-11-21 16:00:00,108,3.7,11.4,49.0,0.85
2025-11-21 17:00:00,108,3.3,10.5,54.0,0.1
2025-11-21 18:00:00,108,2.6,10.4,57.0,0.01
2025-11-21 19:00:00,108,2.2,10.3,61.0,None
2025-11-21 20:00:00,108,1.8,10.2,63.0,None
2025-11-21 21:00:00,108,2.4,10.5,67.0,None
2025-11-21 22:00:00,108,2.4,10.2,70.0,None
2025-11-21 23:00:00,108,1.9,9.7,72.0,None
2025-11-22 00:00:00,108,1.4,9.3,73.0,None
2025-11-22 01:00:00,108,0.6,8.7,73.0,None
2025-11-22 02:00:00,108,0.9,7.9,79.0,None
2025-11-22 03:00:00,108,0.8,7.2,81.0,None
2025-11-22 04:00:00,108,0.1,6.8,82.0,None
2025-11-22 05:00:00,108,1.1,6.7,83.0,None
2025-11-22 06:00:00,108,1.4,6.2,84.0,None
2025-11-22 07:00:00,108,1.6,5.7,84.0,None
2025-11-22 08:00:00,108,2.1,5.5,86.0,0.06
2025-11-22 09:00:00,108,1.7,6.7,84.0,0.36
2025-11-22 10:00:00,108,1.9,7.9,78.0,0.4
2025-11-22 11:00:00,108,1.7,10.6,70.0,1.42
2025-11-22 12:00:00,108,2.3,13.5,56.0,1.84
2025-11-22 13:00:00,108,2.5,13.2,52.0,1.03
2025-11-22 14:00:00,108,3.3,14.5,44.0,1.5
2025-11-22 15:00:00,108,4.2,14.8,40.0,1.52
2025-11-22 16:00:00,108,3.7,14.2,36.0,0.91
2025-11-22 17:00:00,108,2.6,12.7,39.0,0.35
2025-11-22 18:00:00,108,1.4,11.7,46.0,0.01
2025-11-22 19:00:00,108,1.3,10.6,51.0,None
2025-11-22 20:00:00,108,1.2,9.6,57.0,None
2025-11-22 21:00:00,108,0.4,8.8,61.0,None
2025-11-22 22:00:00,108,1.7,8.9,66.0,None
2025-11-22 23:00:00,108,1.3,8.2,67.0,None
2025-11-23 00:00:00,108,1.5,7.8,70.0,None
2025-11-23 01:00:00,108,1.7,7.4,70.0,None
2025-11-23 02:00:00,108,1.8,6.9,71.0,None
2025-11-23 03:00:00,108,1.4,6.7,74.0,None
2025-11-23 04:00:00,108,1.4,7.2,74.0,None
2025-11-23 05:00:00,108,0.7,7.6,76.0,None
2025-11-23 06:00:00,108,1.5,8.1,74.0,None
2025-11-23 07:00:00,108,1.8,8.2,75.0,None
2025-11-23 08:00:00,108,1.6,8.3,75.0,0.06
2025-11-23 09:00:00,108,1.7,8.9,75.0,0.18
2025-11-23 10:00:00,108,1.6,9.8,72.0,0.35
2025-11-23 11:00:00,108,1.8,11.3,67.0,0.83
2025-11-23 12:00:00,108,2.7,12.6,64.0,0.59
2025-11-23 13:00:00,108,3.2,13.3,64.0,0.43
2025-11-23 14:00:00,108,3.3,13.9,61.0,0.66
2025-11-23 15:00:00,108,4.2,13.9,61.0,0.65
2025-11-23 16:00:00,108,3.2,14.1,61.0,0.53
2025-11-23 17:00:00,108,2.7,13.4,63.0,0.17
2025-11-23 18:00:00,108,2.8,13.0,66.0,0.01
2025-11-23 19:00:00,108,2.3,12.6,69.0,None
2025-11-23 20:00:00,108,1.8,12.4,70.0,None
2025-11-23 21:00:00,108,2.1,12.3,71.0,None
2025-11-23 22:00:00,108,2.7,12.5,74.0,None
2025-11-23 23:00:00,108,1.1,12.3,73.0,None
2025-11-24 00:00:00,108,0.7,12.0,72.0,None
2025-11-24 01:00:00,108,0.4,11.8,74.0,None
2025-11-24 02:00:00,108,0.8,11.8,75.0,None
2025-11-24 03:00:00,108,0.7,11.7,75.0,None
2025-11-24 04:00:00,108,1.4,11.4,76.0,None
2025-11-24 05:00:00,108,1.4,11.3,75.0,None
2025-11-24 06:00:00,108,1.9,11.3,75.0,None
2025-11-24 07:00:00,108,1.2,11.1,76.0,None
2025-11-24 08:00:00,108,2.1,10.4,79.0,0.04
2025-11-24 09:00:00,108,2.0,11.1,78.0,0.21
2025-11-24 10:00:00,108,1.6,12.1,76.0,0.28
2025-11-24 11:00:00,108,1.3,13.2,74.0,0.51
2025-11-24 12:00:00,108,2.1,14.3,72.0,0.54
2025-11-24 13:00:00,108,1.9,15.3,68.0,0.79
2025-11-24 14:00:00,108,3.2,16.4,60.0,1.09
2025-11-24 15:00:00,108,3.8,16.6,52.0,1.17
2025-11-24 16:00:00,108,2.7,16.0,41.0,0.73
2025-11-24 17:00:00,108,2.6,14.5,48.0,0.27
2025-11-24 18:00:00,108,2.5,13.2,59.0,0.01
2025-11-24 19:00:00,108,1.7,12.2,65.0,None
2025-11-24 20:00:00,108,1.8,11.6,75.0,None
2025-11-24 21:00:00,108,2.4,11.3,82.0,None
2025-11-24 22:00:00,108,1.5,10.7,82.0,None
2025-11-24 23:00:00,108,1.2,10.2,85.0,None
2025-11-25 00:00:00,108,0.6,9.6,87.0,None
2025-11-25 01:00:00,108,0.2,9.1,87.0,None
2025-11-25 02:00:00,108,0.2,8.9,90.0,None
2025-11-25 03:00:00,108,0.1,8.5,89.0,None
2025-11-25 04:00:00,108,1.5,8.4,91.0,None
2025-11-25 05:00:00,108,1.6,8.3,91.0,None
2025-11-25 06:00:00,108,1.6,8.6,93.0,None
2025-11-25 07:00:00,108,1.1,8.3,91.0,None
2025-11-25 08:00:00,108,0.9,8.2,93.0,0.0
2025-11-25 09:00:00,108,1.4,8.5,91.0,0.19
2025-11-25 10:00:00,108,2.0,8.1,89.0,0.22
2025-11-25 11:00:00,108,3.6,8.0,89.0,0.32
2025-11-25 12:00:00,108,4.1,8.6,79.0,0.71
2025-11-25 13:00:00,108,4.2,8.5,75.0,0.47
2025-11-25 14:00:00,108,4.3,7.9,72.0,0.58
2025-11-25 15:00:00,108,3.8,7.4,73.0,0.23
2025-11-25 16:00:00,108,3.0,6.9,73.0,0.08
2025-11-25 17:00:00,108,4.1,6.5,73.0,0.08
2025-11-25 18:00:00,108,3.3,6.3,76.0,0.01
2025-11-25 19:00:00,108,3.0,6.1,77.0,None
2025-11-25 20:00:00,108,2.4,5.9,76.0,None
2025-11-25 21:00:00,108,2.8,5.7,76.0,None
2025-11-25 22:00:00,108,3.1,5.7,77.0,None
2025-11-25 23:00:00,108,2.9,5.4,73.0,None
2025-11-26 00:00:00,108,1.9,5.3,72.0,None
2025-11-26 01:00:00,108,2.1,5.3,70.0,None
2025-11-26 02:00:00,108,1.9,5.2,71.0,None
2025-11-26 03:00:00,108,1.2,5.2,71.0,None
2025-11-26 04:00:00,108,1.5,5.2,69.0,None
2025-11-26 05:00:00,108,1.5,5.3,70.0,None
2025-11-26 06:00:00,108,0.5,4.4,71.0,None
2025-11-26 07:00:00,108,0.5,3.8,76.0,None
2025-11-26 08:00:00,108,0.7,3.5,80.0,0.05
2025-11-26 09:00:00,108,2.0,4.3,79.0,0.46
2025-11-26 10:00:00,108,1.0,6.9,65.0,0.86
2025-11-26 11:00:00,108,2.2,8.2,53.0,1.25
2025-11-26 12:00:00,108,2.1,9.9,52.0,1.81
2025-11-26 13:00:00,108,3.2,10.8,48.0,2.15
2025-11-26 14:00:00,108,1.9,9.5,51.0,0.73
2025-11-26 15:00:00,108,2.5,9.8,52.0,0.61
2025-11-26 16:00:00,108,2.8,9.6,52.0,0.58
2025-11-26 17:00:00,108,1.8,8.7,54.0,0.26
2025-11-26 18:00:00,108,1.5,7.7,58.0,0.01
2025-11-26 19:00:00,108,0.6,6.7,62.0,None
2025-11-26 20:00:00,108,0.8,6.2,68.0,None
2025-11-26 21:00:00,108,0.1,5.6,71.0,None
2025-11-26 22:00:00,108,0.8,5.3,74.0,None
2025-11-26 23:00:00,108,1.8,5.0,74.0,None
2025-11-27 00:00:00,108,1.7,4.4,77.0,None
2025-11-27 01:00:00,108,1.6,3.8,80.0,None
2025-11-27 02:00:00,108,1.7,3.9,80.0,None
2025-11-27 03:00:00,108,3.0,3.9,79.0,None
2025-11-27 04:00:00,108,1.7,4.3,78.0,None
2025-11-27 05:00:00,108,2.8,4.7,76.0,None
2025-11-27 06:00:00,108,3.0,4.9,75.0,None
2025-11-27 07:00:00,108,3.1,5.4,78.0,None
2025-11-27 08:00:00,108,3.3,5.4,80.0,0.01
2025-11-27 09:00:00,108,3.3,6.0,78.0,0.11
2025-11-27 10:00:00,108,1.4,5.9,84.0,0.07
2025-11-27 11:00:00,108,3.1,6.2,90.0,0.07
2025-11-27 12:00:00,108,1.6,6.7,93.0,0.26
2025-11-27 13:00:00,108,2.4,8.4,90.0,1.14
2025-11-27 14:00:00,108,4.3,7.5,86.0,0.34
2025-11-27 15:00:00,108,3.1,6.4,87.0,0.16
2025-11-27 16:00:00,108,3.8,6.6,84.0,0.3
2025-11-27 17:00:00,108,4.8,6.7,73.0,0.22
2025-11-27 18:00:00,108,4.2,5.8,70.0,0.01
2025-11-27 19:00:00,108,2.7,4.9,68.0,None
2025-11-27 20:00:00,108,4.0,4.7,70.0,None
2025-11-27 21:00:00,108,4.1,4.5,72.0,None
2025-11-27 22:00:00,108,4.1,3.8,67.0,None
2025-11-27 23:00:00,108,3.9,2.9,65.0,None
2025-11-28 00:00:00,108,3.5,2.5,65.0,None
2025-11-28 01:00:00,108,3.3,2.1,69.0,None
2025-11-28 02:00:00,108,2.5,1.4,68.0,None
2025-11-28 03:00:00,108,2.5,0.7,70.0,None
2025-11-28 04:00:00,108,1.9,0.1,70.0,None
2025-11-28 05:00:00,108,0.3,-0.5,72.0,None
2025-11-28 06:00:00,108,1.2,-0.7,71.0,None
2025-11-28 07:00:00,108,1.6,-1.1,69.0,None
2025-11-28 08:00:00,108,2.0,-1.3,72.0,0.04
2025-11-28 09:00:00,108,2.1,-0.3,67.0,0.48
2025-11-28 10:00:00,108,2.4,1.5,60.0,1.15
2025-11-28 11:00:00,108,2.3,4.3,48.0,1.63
2025-11-28 12:00:00,108,1.1,4.7,42.0,1.94
2025-11-28 13:00:00,108,2.0,6.3,38.0,2.03
2025-11-28 14:00:00,108,2.4,6.7,35.0,1.89
2025-11-28 15:00:00,108,2.2,6.6,35.0,1.49
2025-11-28 16:00:00,108,2.8,6.5,38.0,0.92
2025-11-28 17:00:00,108,1.4,5.4,40.0,0.35
2025-11-28 18:00:00,108,0.6,4.3,45.0,0.01
2025-11-28 19:00:00,108,0.7,3.2,49.0,None
2025-11-28 20:00:00,108,1.7,2.4,54.0,None
2025-11-28 21:00:00,108,1.7,1.8,57.0,None
2025-11-28 22:00:00,108,2.6,1.5,61.0,None
2025-11-28 23:00:00,108,1.8,1.1,61.0,None
2025-11-29 00:00:00,108,2.2,0.9,64.0,None
2025-11-29 01:00:00,108,2.9,0.9,62.0,None
2025-11-29 02:00:00,108,2.2,0.6,60.0,None
2025-11-29 03:00:00,108,1.7,0.6,62.0,None
2025-11-29 04:00:00,108,2.1,0.7,61.0,None
2025-11-29 05:00:00,108,1.6,0.5,62.0,None
2025-11-29 06:00:00,108,2.8,0.4,63.0,None
2025-11-29 07:00:00,108,2.4,0.3,63.0,None
2025-11-29 08:00:00,108,2.7,0.5,62.0,0.04
2025-11-29 09:00:00,108,1.7,1.7,59.0,0.43
2025-11-29 10:00:00,108,2.6,4.2,51.0,0.98
2025-11-29 11:00:00,108,2.9,5.5,47.0,1.07
2025-11-29 12:00:00,108,2.5,6.9,44.0,1.23
2025-11-29 13:00:00,108,2.7,7.6,44.0,0.68
2025-11-29 14:00:00,108,2.5,8.8,44.0,0.76
2025-11-29 15:00:00,108,2.2,9.2,49.0,0.44
2025-11-29 16:00:00,108,2.7,8.9,48.0,0.23
2025-11-29 17:00:00,108,3.0,8.6,51.0,0.09
2025-11-29 18:00:00,108,2.2,8.6,53.0,0.0
2025-11-29 19:00:00,108,2.5,8.5,55.0,None
2025-11-29 20:00:00,108,1.5,8.7,54.0,None
2025-11-29 21:00:00,108,1.4,8.7,58.0,None
2025-11-29 22:00:00,108,1.3,8.9,61.0,None
2025-11-29 23:00:00,108,1.3,9.2,68.0,None
2025-11-30 00:00:00,108,1.8,9.2,69.0,None
2025-11-30 01:00:00,108,0.2,9.2,70.0,None
2025-11-30 02:00:00,108,0.4,9.6,75.0,None
2025-11-30 03:00:00,108,0.3,10.1,84.0,None
2025-11-30 04:00:00,108,0.9,10.2,85.0,None
2025-11-30 05:00:00,108,1.1,10.8,91.0,None
2025-11-30 06:00:00,108,0.8,10.1,85.0,None
2025-11-30 07:00:00,108,0.3,10.4,89.0,None
2025-11-30 08:00:00,108,0.8,9.9,86.0,0.03
2025-11-30 09:00:00,108,1.5,10.0,89.0,0.27
2025-11-30 10:00:00,108,0.9,11.8,87.0,0.8
2025-11-30 11:00:00,108,1.7,13.5,79.0,0.96
2025-11-30 12:00:00,108,2.4,13.9,74.0,0.63
2025-11-30 13:00:00,108,2.8,15.6,67.0,1.51
2025-11-30 14:00:00,108,3.0,15.8,62.0,1.07
2025-11-30 15:00:00,108,3.2,15.9,60.0,0.97
2025-11-30 16:00:00,108,2.9,15.6,59.0,0.48
2025-11-30 17:00:00,108,2.3,14.8,65.0,0.24
2025-11-30 18:00:00,108,1.8,13.9,71.0,0.01
2025-11-30 19:00:00,108,1.9,13.3,76.0,None
2025-11-30 20:00:00,108,2.9,13.3,81.0,None
2025-11-30 21:00:00,108,3.4,12.8,84.0,None
2025-11-30 22:00:00,108,3.0,12.6,86.0,None
2025-11-30 23:00:00,108,2.1,12.6,87.0,None
2025-12-01 00:00:00,108,2.8,12.2,83.0,None
2025-12-01 01:00:00,108,3.4,11.5,81.0,None
2025-12-01 02:00:00,108,4.3,9.2,56.0,None
2025-12-01 03:00:00,108,2.7,7.7,54.0,None
2025-12-01 04:00:00,108,2.3,6.4,54.0,None
2025-12-01 05:00:00,108,2.1,5.5,52.0,None
2025-12-01 06:00:00,108,2.4,4.8,56.0,None
2025-12-01 07:00:00,108,2.6,4.2,68.0,None
2025-12-01 08:00:00,108,3.4,3.8,62.0,0.04
2025-12-01 09:00:00,108,4.1,3.8,65.0,0.46
2025-12-01 10:00:00,108,2.9,4.5,62.0,1.09
2025-12-01 11:00:00,108,2.8,6.0,58.0,1.6
2025-12-01 12:00:00,108,3.2,6.6,51.0,1.93
2025-12-01 13:00:00,108,2.7,8.4,45.0,2.02
2025-12-01 14:00:00,108,3.5,8.9,39.0,1.89
2025-12-01 15:00:00,108,3.1,8.8,32.0,1.51
2025-12-01 16:00:00,108,2.8,8.6,37.0,0.91
2025-12-01 17:00:00,108,3.1,6.9,37.0,0.34
2025-12-01 18:00:00,108,2.8,5.9,46.0,0.01
2025-12-01 19:00:00,108,2.0,5.0,52.0,None
2025-12-01 20:00:00,108,2.2,4.5,55.0,None
2025-12-01 21:00:00,108,2.4,4.4,57.0,None
2025-12-01 22:00:00,108,4.6,3.8,45.0,None
2025-12-01 23:00:00,108,4.2,2.9,43.0,None
2025-12-02 00:00:00,108,3.9,2.3,43.0,None
2025-12-02 01:00:00,108,2.3,2.2,47.0,None
2025-12-02 02:00:00,108,2.2,2.5,51.0,None
2025-12-02 03:00:00,108,1.1,2.4,53.0,None
2025-12-02 04:00:00,108,1.5,2.3,53.0,None
2025-12-02 05:00:00,108,3.6,1.9,54.0,None
2025-12-02 06:00:00,108,3.5,1.3,53.0,None
2025-12-02 07:00:00,108,3.2,0.8,46.0,None
2025-12-02 08:00:00,108,2.3,0.4,38.0,0.02
2025-12-02 09:00:00,108,2.9,0.7,37.0,0.41
2025-12-02 10:00:00,108,4.5,1.6,30.0,0.94
2025-12-02 11:00:00,108,3.6,2.2,27.0,1.49
2025-12-02 12:00:00,108,5.2,2.7,25.0,1.71
2025-12-02 13:00:00,108,4.6,2.9,27.0,1.52
2025-12-02 14:00:00,108,5.1,2.9,28.0,1.51
2025-12-02 15:00:00,108,3.0,3.3,30.0,1.45
2025-12-02 16:00:00,108,4.1,1.8,30.0,0.79
2025-12-02 17:00:00,108,4.1,0.4,32.0,0.34
2025-12-02 18:00:00,108,3.6,-0.6,31.0,0.01
2025-12-02 19:00:00,108,2.3,-1.4,35.0,None
2025-12-02 20:00:00,108,4.4,-2.2,36.0,None
2025-12-02 21:00:00,108,5.8,-3.5,40.0,None
2025-12-02 22:00:00,108,3.2,-4.5,51.0,None
2025-12-02 23:00:00,108,4.2,-5.0,56.0,None
2025-12-03 00:00:00,108,2.9,-5.4,60.0,None
2025-12-03 01:00:00,108,1.5,-5.8,60.0,None
2025-12-03 02:00:00,108,4.7,-5.9,60.0,None
2025-12-03 03:00:00,108,2.1,-6.3,44.0,None
2025-12-03 04:00:00,108,2.9,-6.9,42.0,None
2025-12-03 05:00:00,108,2.5,-7.4,41.0,None
2025-12-03 06:00:00,108,1.3,-7.7,37.0,None
2025-12-03 07:00:00,108,1.9,-7.5,34.0,None
2025-12-03 08:00:00,108,2.7,-7.3,32.0,0.03
2025-12-03 09:00:00,108,2.8,-6.5,30.0,0.38
2025-12-03 10:00:00,108,3.6,-5.7,28.0,0.74
2025-12-03 11:00:00,108,3.2,-5.1,29.0,1.48
2025-12-03 12:00:00,108,4.0,-4.2,31.0,1.86
2025-12-03 13:00:00,108,3.8,-3.4,32.0,2.03
2025-12-03 14:00:00,108,3.9,-3.1,34.0,1.9
2025-12-03 15:00:00,108,5.3,-3.5,37.0,1.53
2025-12-03 16:00:00,108,5.3,-3.4,40.0,0.94
2025-12-03 17:00:00,108,3.7,-4.1,45.0,0.36
2025-12-03 18:00:00,108,4.4,-4.7,48.0,0.0
2025-12-03 19:00:00,108,4.0,-5.6,50.0,None
2025-12-03 20:00:00,108,3.1,-6.3,53.0,None
2025-12-03 21:00:00,108,2.9,-6.6,53.0,None
2025-12-03 22:00:00,108,3.4,-7.0,53.0,None
2025-12-03 23:00:00,108,3.5,-7.6,51.0,None
2025-12-04 00:00:00,108,1.3,-8.1,51.0,None
2025-12-04 01:00:00,108,1.2,-8.8,50.0,None
2025-12-04 02:00:00,108,0.5,-8.7,44.0,None
2025-12-04 03:00:00,108,1.7,-8.7,41.0,None
2025-12-04 04:00:00,108,2.6,-8.4,36.0,None
2025-12-04 05:00:00,108,1.7,-8.9,38.0,None
2025-12-04 06:00:00,108,0.5,-9.2,40.0,None
2025-12-04 07:00:00,108,1.4,-9.4,44.0,None
2025-12-04 08:00:00,108,1.5,-9.2,44.0,0.03
2025-12-04 09:00:00,108,2.0,-8.0,46.0,0.45
2025-12-04 10:00:00,108,2.2,-4.9,42.0,1.1
2025-12-04 11:00:00,108,0.6,-3.3,37.0,1.58
2025-12-04 12:00:00,108,2.1,-1.0,30.0,1.89
2025-12-04 13:00:00,108,2.1,0.6,26.0,1.99
2025-12-04 14:00:00,108,2.0,2.4,23.0,1.84
2025-12-04 15:00:00,108,2.7,3.3,26.0,1.49
2025-12-04 16:00:00,108,2.7,3.1,31.0,0.96
2025-12-04 17:00:00,108,2.5,1.9,45.0,0.23
2025-12-04 18:00:00,108,2.8,1.6,65.0,0.01
2025-12-04 19:00:00,108,0.5,0.4,85.0,None
2025-12-04 20:00:00,108,1.0,0.6,87.0,None
2025-12-04 21:00:00,108,4.9,-0.1,79.0,None
2025-12-04 22:00:00,108,4.7,-1.5,76.0,None
2025-12-04 23:00:00,108,4.7,-2.9,73.0,None
2025-12-05 00:00:00,108,3.5,-3.8,70.0,None
2025-12-05 01:00:00,108,3.2,-4.6,66.0,None
2025-12-05 02:00:00,108,1.9,-5.1,66.0,None
2025-12-05 03:00:00,108,2.6,-5.5,65.0,None
2025-12-05 04:00:00,108,2.7,-5.5,63.0,None
2025-12-05 05:00:00,108,2.4,-5.7,63.0,None
2025-12-05 06:00:00,108,1.8,-6.4,66.0,None
2025-12-05 07:00:00,108,0.4,-6.8,68.0,None
2025-12-05 08:00:00,108,1.5,-6.7,64.0,0.03
2025-12-05 09:00:00,108,1.2,-6.1,60.0,0.36
2025-12-05 10:00:00,108,1.9,-3.8,54.0,0.53
2025-12-05 11:00:00,108,2.7,-1.9,47.0,0.9
2025-12-05 12:00:00,108,1.9,-0.7,43.0,1.31
2025-12-05 13:00:00,108,2.2,0.3,39.0,2.23
2025-12-05 14:00:00,108,2.8,1.0,38.0,1.98
2025-12-05 15:00:00,108,2.0,1.6,35.0,1.56
2025-12-05 16:00:00,108,1.9,2.0,37.0,0.94
2025-12-05 17:00:00,108,1.2,0.9,41.0,0.38
2025-12-05 18:00:00,108,1.0,0.0,42.0,0.0
2025-12-05 19:00:00,108,0.9,-0.8,53.0,None
2025-12-05 20:00:00,108,1.7,-1.6,54.0,None
2025-12-05 21:00:00,108,1.0,-1.9,55.0,None
2025-12-05 22:00:00,108,2.6,-1.6,61.0,None
2025-12-05 23:00:00,108,2.1,-2.0,62.0,None
2025-12-06 00:00:00,108,1.9,-1.9,63.0,None
2025-12-06 01:00:00,108,2.7,-1.4,65.0,None
2025-12-06 02:00:00,108,1.8,-1.1,63.0,None
2025-12-06 03:00:00,108,2.4,-0.8,62.0,None
2025-12-06 04:00:00,108,2.1,-0.7,61.0,None
2025-12-06 05:00:00,108,2.2,-0.5,61.0,None
2025-12-06 06:00:00,108,2.0,-0.8,63.0,None
2025-12-06 07:00:00,108,2.5,-0.7,65.0,None
2025-12-06 08:00:00,108,2.2,-0.9,64.0,0.03
2025-12-06 09:00:00,108,2.6,-0.1,64.0,0.28
2025-12-06 10:00:00,108,2.5,1.4,61.0,0.63
2025-12-06 11:00:00,108,2.2,2.5,59.0,0.8
2025-12-06 12:00:00,108,2.6,2.7,60.0,0.28
2025-12-06 13:00:00,108,2.5,3.3,62.0,0.4
2025-12-06 14:00:00,108,2.4,3.8,63.0,0.34
2025-12-06 15:00:00,108,2.5,4.0,63.0,0.21
2025-12-06 16:00:00,108,1.4,4.4,67.0,0.08
2025-12-06 17:00:00,108,2.8,4.3,83.0,0.03
2025-12-06 18:00:00,108,1.7,4.1,82.0,0.0
2025-12-06 19:00:00,108,1.7,3.8,83.0,None
2025-12-06 20:00:00,108,1.5,3.7,84.0,None
2025-12-06 21:00:00,108,0.9,3.7,86.0,None
2025-12-06 22:00:00,108,0.6,4.0,85.0,None
2025-12-06 23:00:00,108,1.7,3.9,86.0,None
2025-12-07 00:00:00,108,0.9,3.9,87.0,None
2025-12-07 01:00:00,108,0.9,4.4,92.0,None
2025-12-07 02:00:00,108,1.7,5.5,93.0,None
2025-12-07 03:00:00,108,2.0,5.3,90.0,None
2025-12-07 04:00:00,108,1.1,4.9,91.0,None
2025-12-07 05:00:00,108,0.9,4.9,90.0,None
2025-12-07 06:00:00,108,0.3,4.2,90.0,None
2025-12-07 07:00:00,108,0.9,3.9,92.0,None
2025-12-07 08:00:00,108,1.7,3.4,93.0,0.02
2025-12-07 09:00:00,108,1.7,3.6,94.0,0.35
2025-12-07 10:00:00,108,1.4,5.6,92.0,0.84
2025-12-07 11:00:00,108,1.1,8.1,84.0,1.38
2025-12-07 12:00:00,108,2.4,11.4,65.0,1.67
2025-12-07 13:00:00,108,3.1,12.8,58.0,1.69
2025-12-07 14:00:00,108,3.8,13.3,54.0,1.52
2025-12-07 15:00:00,108,4.6,12.9,63.0,0.97
2025-12-07 16:00:00,108,2.8,12.3,70.0,0.37
2025-12-07 17:00:00,108,3.4,12.0,69.0,0.15
2025-12-07 18:00:00,108,2.3,11.5,73.0,0.01
2025-12-07 19:00:00,108,2.8,11.1,79.0,None
2025-12-07 20:00:00,108,2.5,11.0,80.0,None
2025-12-07 21:00:00,108,2.9,10.1,83.0,None
2025-12-07 22:00:00,108,3.2,9.0,83.0,None
2025-12-07 23:00:00,108,3.0,8.2,73.0,None
2025-12-08 00:00:00,108,2.3,7.2,61.0,None
2025-12-08 01:00:00,108,2.1,6.2,52.0,None
2025-12-08 02:00:00,108,0.5,5.2,54.0,None
2025-12-08 03:00:00,108,1.9,4.4,56.0,None
2025-12-08 04:00:00,108,1.2,3.4,59.0,None
2025-12-08 05:00:00,108,1.2,2.9,58.0,None
2025-12-08 06:00:00,108,0.7,2.4,59.0,None
2025-12-08 07:00:00,108,1.6,1.8,58.0,None
2025-12-08 08:00:00,108,1.5,1.3,60.0,0.02
2025-12-08 09:00:00,108,3.4,2.0,56.0,0.42
2025-12-08 10:00:00,108,3.8,2.8,49.0,1.06
2025-12-08 11:00:00,108,2.6,3.8,44.0,1.57
2025-12-08 12:00:00,108,3.0,4.8,39.0,1.89
2025-12-08 13:00:00,108,1.9,6.2,38.0,1.99
2025-12-08 14:00:00,108,2.4,6.4,35.0,1.85
2025-12-08 15:00:00,108,2.4,7.3,32.0,1.49
2025-12-08 16:00:00,108,3.4,6.4,32.0,0.95
2025-12-08 17:00:00,108,3.3,4.8,31.0,0.38
2025-12-08 18:00:00,108,2.4,3.7,34.0,0.01
2025-12-08 19:00:00,108,2.0,2.9,39.0,None
2025-12-08 20:00:00,108,1.9,2.3,43.0,None
2025-12-08 21:00:00,108,1.7,1.7,45.0,None
2025-12-08 22:00:00,108,1.8,1.4,39.0,None
2025-12-08 23:00:00,108,2.5,1.4,38.0,None
2025-12-09 00:00:00,108,1.8,0.8,42.0,None
2025-12-09 01:00:00,108,1.5,0.1,46.0,None
2025-12-09 02:00:00,108,1.0,-0.7,52.0,None
2025-12-09 03:00:00,108,2.0,-1.3,52.0,None
2025-12-09 04:00:00,108,2.1,-1.7,57.0,None
2025-12-09 05:00:00,108,1.4,-1.7,60.0,None
2025-12-09 06:00:00,108,1.8,-1.7,63.0,None
2025-12-09 07:00:00,108,2.1,-2.2,66.0,None
2025-12-09 08:00:00,108,2.3,-2.3,67.0,0.02
2025-12-09 09:00:00,108,1.5,-0.7,64.0,0.41
2025-12-09 10:00:00,108,1.2,2.4,53.0,0.97
2025-12-09 11:00:00,108,1.5,4.0,49.0,1.15
2025-12-09 12:00:00,108,2.2,5.1,47.0,1.08
2025-12-09 13:00:00,108,1.2,6.1,48.0,1.16
2025-12-09 14:00:00,108,2.2,8.3,45.0,1.69
2025-12-09 15:00:00,108,2.9,8.1,49.0,1.1
2025-12-09 16:00:00,108,2.5,7.8,51.0,0.68
2025-12-09 17:00:00,108,2.1,6.9,55.0,0.26
2025-12-09 18:00:00,108,2.0,6.3,58.0,0.01
2025-12-09 19:00:00,108,1.1,5.4,59.0,None
2025-12-09 20:00:00,108,0.9,4.7,62.0,None
2025-12-09 21:00:00,108,0.7,4.0,67.0,None
2025-12-09 22:00:00,108,0.3,3.5,69.0,None
2025-12-09 23:00:00,108,0.3,3.1,71.0,None
2025-12-10 00:00:00,108,1.0,2.7,72.0,None
2025-12-10 01:00:00,108,1.2,2.2,76.0,None
2025-12-10 02:00:00,108,1.7,1.8,78.0,None
2025-12-10 03:00:00,108,1.2,2.0,79.0,None
2025-12-10 04:00:00,108,1.6,1.6,80.0,None
2025-12-10 05:00:00,108,1.8,1.1,82.0,None
2025-12-10 06:00:00,108,1.3,0.8,84.0,None
2025-12-10 07:00:00,108,1.8,0.7,85.0,None
2025-12-10 08:00:00,108,2.8,1.1,85.0,0.0
2025-12-10 09:00:00,108,2.8,2.4,80.0,0.12
2025-12-10 10:00:00,108,3.5,3.4,74.0,0.34
2025-12-10 11:00:00,108,2.0,4.8,69.0,0.66
2025-12-10 12:00:00,108,2.7,5.8,66.0,0.66
2025-12-10 13:00:00,108,2.4,6.9,64.0,0.77
2025-12-10 14:00:00,108,2.2,7.9,62.0,0.81
2025-12-10 15:00:00,108,2.1,8.5,60.0,0.83
2025-12-10 16:00:00,108,2.1,8.4,60.0,0.26
2025-12-10 17:00:00,108,1.8,8.0,61.0,0.08
2025-12-10 18:00:00,108,2.0,7.4,64.0,0.01
2025-12-10 19:00:00,108,1.6,7.5,64.0,None
2025-12-10 20:00:00,108,1.7,7.4,68.0,None
2025-12-10 21:00:00,108,1.3,7.1,73.0,None
2025-12-10 22:00:00,108,0.8,6.4,74.0,None
2025-12-10 23:00:00,108,0.9,5.6,77.0,None
2025-12-11 00:00:00,108,0.9,5.0,79.0,None
2025-12-11 01:00:00,108,1.0,4.9,80.0,None
2025-12-11 02:00:00,108,1.5,5.2,78.0,None
2025-12-11 03:00:00,108,1.4,5.3,85.0,None
2025-12-11 04:00:00,108,1.7,5.2,91.0,None
2025-12-11 05:00:00,108,0.6,5.2,92.0,None
2025-12-11 06:00:00,108,1.4,5.2,94.0,None
2025-12-11 07:00:00,108,1.8,5.2,93.0,None
2025-12-11 08:00:00,108,1.2,5.5,93.0,0.0
2025-12-11 09:00:00,108,0.9,6.0,93.0,0.09
2025-12-11 10:00:00,108,1.4,7.0,94.0,0.25
2025-12-11 11:00:00,108,2.5,7.4,90.0,0.3
2025-12-11 12:00:00,108,5.1,7.3,82.0,0.49
2025-12-11 13:00:00,108,3.8,7.4,69.0,0.96
2025-12-11 14:00:00,108,3.5,7.9,59.0,1.53
2025-12-11 15:00:00,108,4.7,7.5,44.0,1.45
2025-12-11 16:00:00,108,3.6,6.2,46.0,0.92
2025-12-11 17:00:00,108,3.8,4.1,45.0,0.36
2025-12-11 18:00:00,108,4.0,2.6,50.0,0.02
2025-12-11 19:00:00,108,3.0,1.4,48.0,None
2025-12-11 20:00:00,108,3.7,0.5,48.0,None
2025-12-11 21:00:00,108,4.3,-0.3,48.0,None
2025-12-11 22:00:00,108,3.4,-0.9,50.0,None
2025-12-11 23:00:00,108,3.7,-1.2,49.0,None
2025-12-12 00:00:00,108,2.5,-1.7,50.0,None
2025-12-12 01:00:00,108,1.3,-2.5,53.0,None
2025-12-12 02:00:00,108,1.5,-2.7,54.0,None
2025-12-12 03:00:00,108,1.2,-3.1,57.0,None
2025-12-12 04:00:00,108,1.3,-3.3,59.0,None
2025-12-12 05:00:00,108,2.1,-3.3,61.0,None
2025-12-12 06:00:00,108,0.9,-3.5,61.0,None
2025-12-12 07:00:00,108,1.2,-3.1,61.0,None
2025-12-12 08:00:00,108,1.2,-2.9,64.0,0.01
2025-12-12 09:00:00,108,1.4,-2.1,64.0,0.37
2025-12-12 10:00:00,108,1.7,1.4,56.0,0.93
2025-12-12 11:00:00,108,2.4,3.6,51.0,1.46
2025-12-12 12:00:00,108,2.8,4.7,49.0,1.77
2025-12-12 13:00:00,108,2.0,6.6,47.0,1.79
2025-12-12 14:00:00,108,2.6,6.8,46.0,1.53
2025-12-12 15:00:00,108,2.0,6.9,47.0,0.88
2025-12-12 16:00:00,108,2.2,6.7,49.0,0.54
2025-12-12 17:00:00,108,2.1,6.2,51.0,0.27
2025-12-12 18:00:00,108,3.2,5.5,52.0,0.02
2025-12-12 19:00:00,108,2.3,5.1,54.0,None
2025-12-12 20:00:00,108,2.6,4.5,57.0,None
2025-12-12 21:00:00,108,2.2,4.3,58.0,None
2025-12-12 22:00:00,108,2.9,4.3,58.0,None
2025-12-12 23:00:00,108,2.9,4.1,59.0,None
2025-12-13 00:00:00,108,2.6,3.6,62.0,None
2025-12-13 01:00:00,108,3.1,3.5,63.0,None
2025-12-13 02:00:00,108,3.1,3.7,64.0,None
2025-12-13 03:00:00,108,2.5,3.9,64.0,None
2025-12-13 04:00:00,108,2.6,4.0,65.0,None
2025-12-13 05:00:00,108,3.0,3.9,66.0,None
2025-12-13 06:00:00,108,2.7,3.8,67.0,None
2025-12-13 07:00:00,108,2.1,4.2,68.0,None
2025-12-13 08:00:00,108,2.8,4.3,68.0,0.0
2025-12-13 09:00:00,108,2.9,4.5,69.0,0.07
2025-12-13 10:00:00,108,1.9,4.2,83.0,0.17
2025-12-13 11:00:00,108,2.7,3.9,86.0,0.28
2025-12-13 12:00:00,108,1.4,3.9,87.0,0.25
2025-12-13 13:00:00,108,1.7,3.8,88.0,0.19
2025-12-13 14:00:00,108,1.5,3.5,89.0,0.16
2025-12-13 15:00:00,108,1.0,3.6,89.0,0.17
2025-12-13 16:00:00,108,2.4,3.0,90.0,0.09
2025-12-13 17:00:00,108,2.1,1.9,91.0,0.03
2025-12-13 18:00:00,108,2.4,1.7,93.0,0.01
2025-12-13 19:00:00,108,2.6,1.3,93.0,None
2025-12-13 20:00:00,108,3.8,0.6,93.0,None
2025-12-13 21:00:00,108,3.5,0.2,93.0,None
2025-12-13 22:00:00,108,2.7,0.1,89.0,None
2025-12-13 23:00:00,108,2.6,-0.2,88.0,None
2025-12-14 00:00:00,108,2.7,-0.8,90.0,None
2025-12-14 01:00:00,108,1.9,-1.0,89.0,None
2025-12-14 02:00:00,108,1.1,-1.0,90.0,None
2025-12-14 03:00:00,108,0.7,-0.9,89.0,None
2025-12-14 04:00:00,108,2.0,-0.8,89.0,None
2025-12-14 05:00:00,108,1.4,-0.9,88.0,None
2025-12-14 06:00:00,108,2.6,-1.0,86.0,None
2025-12-14 07:00:00,108,1.9,-0.9,87.0,None
2025-12-14 08:00:00,108,2.3,-0.9,83.0,0.0
2025-12-14 09:00:00,108,3.6,-1.1,80.0,0.16
2025-12-14 10:00:00,108,2.3,-0.8,78.0,0.59
2025-12-14 11:00:00,108,3.5,-0.1,74.0,1.15
2025-12-14 12:00:00,108,3.1,0.5,72.0,1.13
2025-12-14 13:00:00,108,2.9,1.1,70.0,1.31
2025-12-14 14:00:00,108,3.0,1.5,67.0,1.36
2025-12-14 15:00:00,108,3.2,2.2,64.0,1.27
2025-12-14 16:00:00,108,2.0,3.0,62.0,0.96
2025-12-14 17:00:00,108,1.8,2.0,66.0,0.32
2025-12-14 18:00:00,108,0.9,1.0,71.0,0.0
2025-12-14 19:00:00,108,1.4,0.3,76.0,None
2025-12-14 20:00:00,108,2.4,0.1,72.0,None
2025-12-14 21:00:00,108,1.1,-0.3,75.0,None
2025-12-14 22:00:00,108,0.6,-0.7,77.0,None
2025-12-14 23:00:00,108,0.7,-1.1,73.0,None
2025-12-15 00:00:00,108,0.8,-1.5,75.0,None
2025-12-15 01:00:00,108,0.5,-1.6,80.0,None
2025-12-15 02:00:00,108,1.2,-1.8,81.0,None
2025-12-15 03:00:00,108,1.1,-2.2,81.0,None
2025-12-15 04:00:00,108,1.6,-2.7,85.0,None
2025-12-15 05:00:00,108,2.1,-2.9,86.0,None
2025-12-15 06:00:00,108,1.6,-3.2,87.0,None
2025-12-15 07:00:00,108,2.1,-3.5,88.0,None
2025-12-15 08:00:00,108,1.9,-3.4,90.0,0.01
2025-12-15 09:00:00,108,1.9,-2.4,90.0,0.39
2025-12-15 10:00:00,108,1.8,0.2,78.0,0.93
2025-12-15 11:00:00,108,2.1,2.1,70.0,1.43
2025-12-15 12:00:00,108,2.4,3.0,65.0,1.26
2025-12-15 13:00:00,108,1.7,3.7,60.0,0.85
2025-12-15 14:00:00,108,2.2,3.9,61.0,0.58
2025-12-15 15:00:00,108,2.1,4.5,61.0,0.67
2025-12-15 16:00:00,108,1.1,4.2,62.0,0.41
2025-12-15 17:00:00,108,1.7,3.7,63.0,0.28
2025-12-15 18:00:00,108,1.7,2.6,69.0,0.01
2025-12-15 19:00:00,108,2.7,1.7,74.0,None
2025-12-15 20:00:00,108,2.7,1.2,77.0,None
2025-12-15 21:00:00,108,2.4,1.1,79.0,None
2025-12-15 22:00:00,108,2.7,1.4,80.0,None
2025-12-15 23:00:00,108,2.0,1.7,79.0,None
2025-12-16 00:00:00,108,2.0,2.1,79.0,None
2025-12-16 01:00:00,108,2.0,2.3,78.0,None
2025-12-16 02:00:00,108,2.4,2.3,79.0,None
2025-12-16 03:00:00,108,2.5,2.3,79.0,None
2025-12-16 04:00:00,108,1.7,2.3,79.0,None
2025-12-16 05:00:00,108,1.7,2.5,79.0,None
2025-12-16 06:00:00,108,2.4,2.6,78.0,None
2025-12-16 07:00:00,108,1.9,3.0,78.0,None
2025-12-16 08:00:00,108,2.6,3.2,78.0,0.01
2025-12-16 09:00:00,108,3.1,3.5,80.0,0.03
2025-12-16 10:00:00,108,2.6,3.6,83.0,0.03
2025-12-16 11:00:00,108,2.7,3.7,89.0,0.1
2025-12-16 12:00:00,108,2.3,3.6,92.0,0.11
2025-12-16 13:00:00,108,2.5,3.8,94.0,0.11
2025-12-16 14:00:00,108,2.6,4.1,93.0,0.18
2025-12-16 15:00:00,108,2.2,4.2,95.0,0.05
2025-12-16 16:00:00,108,2.2,4.3,95.0,0.04
2025-12-16 17:00:00,108,1.9,4.4,95.0,0.02
2025-12-16 18:00:00,108,2.0,4.4,95.0,0.0
2025-12-16 19:00:00,108,1.9,4.4,94.0,None
2025-12-16 20:00:00,108,2.1,4.5,94.0,None
2025-12-16 21:00:00,108,1.6,4.6,94.0,None
2025-12-16 22:00:00,108,1.8,4.7,94.0,None
2025-12-16 23:00:00,108,2.1,4.9,94.0,None
2025-12-17 00:00:00,108,0.9,5.0,95.0,None
2025-12-17 01:00:00,108,1.3,5.1,95.0,None
2025-12-17 02:00:00,108,1.5,5.2,95.0,None
2025-12-17 03:00:00,108,1.7,4.9,93.0,None
2025-12-17 04:00:00,108,1.1,4.7,93.0,None
2025-12-17 05:00:00,108,2.0,4.5,92.0,None
2025-12-17 06:00:00,108,1.8,4.3,90.0,None
2025-12-17 07:00:00,108,2.5,3.7,90.0,None
2025-12-17 08:00:00,108,1.7,3.2,89.0,0.01
2025-12-17 09:00:00,108,2.0,3.2,87.0,0.23
2025-12-17 10:00:00,108,2.9,3.6,83.0,0.65
2025-12-17 11:00:00,108,2.8,4.7,79.0,1.31
2025-12-17 12:00:00,108,3.3,5.6,71.0,1.65
2025-12-17 13:00:00,108,3.2,6.2,62.0,1.69
2025-12-17 14:00:00,108,3.9,6.6,57.0,1.49
2025-12-17 15:00:00,108,3.6,7.3,58.0,1.32
2025-12-17 16:00:00,108,2.3,6.9,56.0,0.84
2025-12-17 17:00:00,108,2.3,5.7,56.0,0.31
2025-12-17 18:00:00,108,2.2,4.4,57.0,0.02
2025-12-17 19:00:00,108,1.6,3.9,58.0,None
2025-12-17 20:00:00,108,1.6,3.3,62.0,None
2025-12-17 21:00:00,108,1.7,2.9,65.0,None
2025-12-17 22:00:00,108,0.7,2.2,65.0,None
2025-12-17 23:00:00,108,1.9,1.7,63.0,None
2025-12-18 00:00:00,108,1.1,1.2,61.0,None
2025-12-18 01:00:00,108,1.8,0.7,59.0,None
2025-12-18 02:00:00,108,2.3,0.6,57.0,None
2025-12-18 03:00:00,108,1.7,-0.4,60.0,None
2025-12-18 04:00:00,108,1.3,-1.2,61.0,None
2025-12-18 05:00:00,108,1.1,-1.2,62.0,None
2025-12-18 06:00:00,108,0.4,-1.6,68.0,None
2025-12-18 07:00:00,108,0.7,-1.5,72.0,None
2025-12-18 08:00:00,108,2.1,-1.9,74.0,0.01
2025-12-18 09:00:00,108,2.3,-1.2,76.0,0.33
2025-12-18 10:00:00,108,2.8,1.5,71.0,0.85
2025-12-18 11:00:00,108,1.8,3.9,55.0,1.42
2025-12-18 12:00:00,108,1.7,5.0,49.0,1.75
2025-12-18 13:00:00,108,1.0,6.3,45.0,1.84
2025-12-18 14:00:00,108,1.9,8.4,42.0,1.74
2025-12-18 15:00:00,108,2.6,8.0,39.0,1.44
2025-12-18 16:00:00,108,2.0,7.7,42.0,0.87
2025-12-18 17:00:00,108,2.1,6.3,49.0,0.33
2025-12-18 18:00:00,108,1.0,5.0,54.0,0.01
2025-12-18 19:00:00,108,1.2,3.9,57.0,None
2025-12-18 20:00:00,108,1.6,2.8,64.0,None
2025-12-18 21:00:00,108,1.8,2.1,67.0,None
2025-12-18 22:00:00,108,2.3,1.6,71.0,None
2025-12-18 23:00:00,108,1.3,1.9,69.0,None
2025-12-19 00:00:00,108,1.8,1.4,72.0,None
2025-12-19 01:00:00,108,2.0,0.9,73.0,None
2025-12-19 02:00:00,108,2.2,0.7,74.0,None
2025-12-19 03:00:00,108,2.0,0.6,73.0,None
2025-12-19 04:00:00,108,1.6,0.1,78.0,None
2025-12-19 05:00:00,108,1.6,-0.6,81.0,None
2025-12-19 06:00:00,108,2.2,-0.6,80.0,None
2025-12-19 07:00:00,108,2.0,-0.4,78.0,None
2025-12-19 08:00:00,108,2.0,0.7,74.0,0.0
2025-12-19 09:00:00,108,2.6,1.6,70.0,0.04
2025-12-19 10:00:00,108,3.3,2.5,66.0,0.14
2025-12-19 11:00:00,108,2.1,3.7,62.0,0.36
2025-12-19 12:00:00,108,2.5,5.7,57.0,0.83
2025-12-19 13:00:00,108,1.9,7.5,53.0,1.52
2025-12-19 14:00:00,108,2.1,8.6,51.0,1.19
2025-12-19 15:00:00,108,2.3,9.3,53.0,0.82
2025-12-19 16:00:00,108,1.6,9.9,52.0,0.89
2025-12-19 17:00:00,108,2.6,8.8,55.0,0.34
2025-12-19 18:00:00,108,2.3,7.7,62.0,0.01
2025-12-19 19:00:00,108,1.7,6.8,64.0,None
2025-12-19 20:00:00,108,2.7,6.7,68.0,None
2025-12-19 21:00:00,108,2.0,7.2,67.0,None
2025-12-19 22:00:00,108,1.2,7.2,68.0,None
2025-12-19 23:00:00,108,1.1,7.4,70.0,None
2025-12-20 00:00:00,108,1.3,7.4,70.0,None
2025-12-20 01:00:00,108,1.0,7.6,69.0,None
2025-12-20 02:00:00,108,1.7,7.6,70.0,None
2025-12-20 03:00:00,108,1.7,7.9,73.0,None
2025-12-20 04:00:00,108,1.0,7.7,75.0,None
2025-12-20 05:00:00,108,1.5,8.0,75.0,None
2025-12-20 06:00:00,108,1.1,8.2,76.0,None
2025-12-20 07:00:00,108,1.8,8.4,82.0,None
2025-12-20 08:00:00,108,1.6,8.3,84.0,0.0
2025-12-20 09:00:00,108,1.9,8.6,83.0,0.02
2025-12-20 10:00:00,108,1.7,8.8,82.0,0.04
2025-12-20 11:00:00,108,0.4,9.0,84.0,0.06
2025-12-20 12:00:00,108,1.5,10.3,90.0,0.1
2025-12-20 13:00:00,108,2.1,10.7,91.0,0.11
2025-12-20 14:00:00,108,2.8,10.2,88.0,0.15
2025-12-20 15:00:00,108,2.9,9.5,85.0,0.07
2025-12-20 16:00:00,108,2.3,8.8,86.0,0.06
2025-12-20 17:00:00,108,3.2,8.6,83.0,0.06
2025-12-20 18:00:00,108,2.9,7.8,77.0,0.0
2025-12-20 19:00:00,108,3.9,7.0,74.0,None
2025-12-20 20:00:00,108,3.6,6.2,65.0,None
2025-12-20 21:00:00,108,3.9,4.9,57.0,None
2025-12-20 22:00:00,108,3.7,2.8,50.0,None
2025-12-20 23:00:00,108,3.5,1.8,53.0,None
2025-12-21 00:00:00,108,3.6,1.0,52.0,None
2025-12-21 01:00:00,108,3.4,0.3,49.0,None
2025-12-21 02:00:00,108,3.6,-0.4,45.0,None
2025-12-21 03:00:00,108,3.2,-0.8,45.0,None
2025-12-21 04:00:00,108,3.3,-1.2,48.0,None
2025-12-21 05:00:00,108,3.0,-1.7,47.0,None
2025-12-21 06:00:00,108,3.2,-2.0,44.0,None
2025-12-21 07:00:00,108,2.8,-2.4,44.0,None
2025-12-21 08:00:00,108,2.3,-2.7,44.0,0.0
2025-12-21 09:00:00,108,3.6,-2.9,44.0,0.29
2025-12-21 10:00:00,108,3.5,-2.2,42.0,0.9
2025-12-21 11:00:00,108,2.2,-0.8,39.0,1.44
2025-12-21 12:00:00,108,2.8,0.3,36.0,1.62
2025-12-21 13:00:00,108,3.3,0.7,34.0,1.96
2025-12-21 14:00:00,108,3.2,1.5,31.0,1.86
2025-12-21 15:00:00,108,3.3,2.0,32.0,1.52
2025-12-21 16:00:00,108,3.3,1.7,33.0,0.99
2025-12-21 17:00:00,108,2.4,0.5,38.0,0.41
2025-12-21 18:00:00,108,2.2,-0.5,39.0,0.02
2025-12-21 19:00:00,108,1.7,-1.0,43.0,None
2025-12-21 20:00:00,108,2.0,-1.6,43.0,None
2025-12-21 21:00:00,108,3.6,-1.5,43.0,None
2025-12-21 22:00:00,108,2.4,-2.0,47.0,None
2025-12-21 23:00:00,108,1.4,-2.9,52.0,None
2025-12-22 00:00:00,108,1.3,-3.4,53.0,None
2025-12-22 01:00:00,108,1.8,-4.1,54.0,None
2025-12-22 02:00:00,108,2.8,-4.4,53.0,None
2025-12-22 03:00:00,108,1.3,-4.9,55.0,None
2025-12-22 04:00:00,108,0.9,-5.0,57.0,None
2025-12-22 05:00:00,108,1.0,-5.1,60.0,None
2025-12-22 06:00:00,108,1.1,-5.2,62.0,None
2025-12-22 07:00:00,108,2.0,-5.7,62.0,None
2025-12-22 08:00:00,108,2.2,-5.7,63.0,0.01
2025-12-22 09:00:00,108,1.4,-4.6,60.0,0.35
2025-12-22 10:00:00,108,3.3,-1.6,50.0,0.92
2025-12-22 11:00:00,108,2.1,0.1,43.0,1.5
2025-12-22 12:00:00,108,2.2,1.7,35.0,1.76
2025-12-22 13:00:00,108,2.2,3.0,33.0,1.91
2025-12-22 14:00:00,108,1.8,4.0,31.0,1.7
2025-12-22 15:00:00,108,1.5,4.7,26.0,1.42
2025-12-22 16:00:00,108,2.0,5.0,23.0,0.89
2025-12-22 17:00:00,108,1.8,3.5,26.0,0.32
2025-12-22 18:00:00,108,2.0,2.0,29.0,0.01
2025-12-22 19:00:00,108,1.9,1.0,37.0,None
2025-12-22 20:00:00,108,1.7,0.4,38.0,None
2025-12-22 21:00:00,108,1.6,0.3,41.0,None
2025-12-22 22:00:00,108,1.9,0.3,45.0,None
2025-12-22 23:00:00,108,1.9,-0.3,50.0,None
2025-12-23 00:00:00,108,1.6,0.1,50.0,None
2025-12-23 01:00:00,108,2.0,0.4,47.0,None
2025-12-23 02:00:00,108,2.8,0.3,45.0,None
2025-12-23 03:00:00,108,2.6,0.2,46.0,None
2025-12-23 04:00:00,108,2.6,0.8,47.0,None
2025-12-23 05:00:00,108,3.0,0.8,46.0,None
2025-12-23 06:00:00,108,2.6,1.4,48.0,None
2025-12-23 07:00:00,108,3.0,1.7,48.0,None
2025-12-23 08:00:00,108,3.2,2.2,49.0,0.0
2025-12-23 09:00:00,108,2.5,2.6,48.0,0.05
2025-12-23 10:00:00,108,2.6,3.4,49.0,0.16
2025-12-23 11:00:00,108,3.1,4.0,50.0,0.29
2025-12-23 12:00:00,108,3.0,4.1,55.0,0.2
2025-12-23 13:00:00,108,2.6,4.3,65.0,0.34
2025-12-23 14:00:00,108,0.7,2.4,84.0,0.27
2025-12-23 15:00:00,108,3.9,2.8,89.0,0.14
2025-12-23 16:00:00,108,2.7,2.7,91.0,0.08
2025-12-23 17:00:00,108,2.7,2.7,93.0,0.03
2025-12-23 18:00:00,108,2.7,2.7,94.0,0.0
2025-12-23 19:00:00,108,1.7,2.9,94.0,None
2025-12-23 20:00:00,108,1.9,3.1,94.0,None
2025-12-23 21:00:00,108,1.8,3.2,94.0,None
2025-12-23 22:00:00,108,1.4,3.4,92.0,None
2025-12-23 23:00:00,108,1.1,3.6,92.0,None
2025-12-24 00:00:00,108,1.9,3.6,93.0,None
2025-12-24 01:00:00,108,0.2,3.5,93.0,None
2025-12-24 02:00:00,108,0.9,3.5,93.0,None
2025-12-24 03:00:00,108,1.1,3.5,94.0,None
2025-12-24 04:00:00,108,1.7,3.2,92.0,None
2025-12-24 05:00:00,108,1.8,3.0,93.0,None
2025-12-24 06:00:00,108,1.2,2.8,92.0,None
2025-12-24 07:00:00,108,3.5,2.7,92.0,None
2025-12-24 08:00:00,108,3.5,2.4,90.0,0.01
2025-12-24 09:00:00,108,3.1,2.5,87.0,0.1
2025-12-24 10:00:00,108,2.6,2.6,80.0,0.26
2025-12-24 11:00:00,108,1.9,3.4,78.0,0.58
2025-12-24 12:00:00,108,2.5,4.6,72.0,1.4
2025-12-24 13:00:00,108,3.4,5.1,66.0,1.91
2025-12-24 14:00:00,108,3.4,5.3,63.0,1.26
2025-12-24 15:00:00,108,3.4,5.9,59.0,1.43
2025-12-24 16:00:00,108,2.2,5.5,57.0,0.92
2025-12-24 17:00:00,108,2.9,4.2,59.0,0.39
2025-12-24 18:00:00,108,3.7,3.1,64.0,0.01
2025-12-24 19:00:00,108,2.2,2.2,68.0,None
2025-12-24 20:00:00,108,1.5,1.5,73.0,None
2025-12-24 21:00:00,108,2.4,0.7,78.0,None
2025-12-24 22:00:00,108,3.0,0.3,81.0,None
2025-12-24 23:00:00,108,2.6,-0.4,83.0,None
2025-12-25 00:00:00,108,2.5,-0.9,86.0,None
2025-12-25 01:00:00,108,3.6,-0.9,84.0,None
2025-12-25 02:00:00,108,2.1,-1.4,82.0,None
2025-12-25 03:00:00,108,2.5,-1.7,85.0,None
2025-12-25 04:00:00,108,2.8,-2.2,85.0,None
2025-12-25 05:00:00,108,3.1,-2.5,84.0,None
2025-12-25 06:00:00,108,3.1,-2.8,73.0,None
2025-12-25 07:00:00,108,3.8,-3.0,64.0,None
2025-12-25 08:00:00,108,2.5,-3.3,59.0,0.0
2025-12-25 09:00:00,108,2.4,-3.1,59.0,0.31
2025-12-25 10:00:00,108,3.9,-2.0,53.0,0.83
2025-12-25 11:00:00,108,5.2,-1.0,49.0,1.43
2025-12-25 12:00:00,108,3.9,-0.3,46.0,1.82
2025-12-25 13:00:00,108,5.1,-0.6,44.0,2.0
2025-12-25 14:00:00,108,4.3,-0.3,43.0,1.89
2025-12-25 15:00:00,108,5.2,-0.7,39.0,1.6
2025-12-25 16:00:00,108,5.3,-1.3,41.0,1.07
2025-12-25 17:00:00,108,4.5,-3.1,42.0,0.34
2025-12-25 18:00:00,108,5.1,-4.4,37.0,0.02
2025-12-25 19:00:00,108,4.9,-5.3,43.0,None
2025-12-25 20:00:00,108,5.1,-6.4,47.0,None
2025-12-25 21:00:00,108,4.0,-7.0,47.0,None
2025-12-25 22:00:00,108,4.2,-7.8,50.0,None
2025-12-25 23:00:00,108,4.2,-8.3,51.0,None
2025-12-26 00:00:00,108,3.0,-8.9,47.0,None
2025-12-26 01:00:00,108,4.8,-9.4,48.0,None
2025-12-26 02:00:00,108,5.2,-9.8,47.0,None
2025-12-26 03:00:00,108,4.2,-10.2,46.0,None
2025-12-26 04:00:00,108,1.6,-10.7,48.0,None
2025-12-26 05:00:00,108,3.8,-11.0,47.0,None
2025-12-26 06:00:00,108,2.0,-11.4,48.0,None
2025-12-26 07:00:00,108,3.1,-11.6,48.0,None
2025-12-26 08:00:00,108,1.6,-11.8,48.0,0.0
2025-12-26 09:00:00,108,2.8,-11.3,45.0,0.36
2025-12-26 10:00:00,108,3.1,-10.3,41.0,0.97
2025-12-26 11:00:00,108,2.7,-8.9,38.0,1.53
2025-12-26 12:00:00,108,3.0,-7.6,35.0,1.88
2025-12-26 13:00:00,108,2.6,-6.4,33.0,2.0
2025-12-26 14:00:00,108,2.4,-4.9,31.0,1.9
2025-12-26 15:00:00,108,2.7,-4.0,30.0,1.58
2025-12-26 16:00:00,108,2.2,-4.2,30.0,1.05
2025-12-26 17:00:00,108,3.1,-5.4,31.0,0.4
2025-12-26 18:00:00,108,3.1,-6.1,34.0,0.02
2025-12-26 19:00:00,108,2.9,-6.5,34.0,None
2025-12-26 20:00:00,108,2.1,-6.8,37.0,None
2025-12-26 21:00:00,108,2.3,-7.1,37.0,None
2025-12-26 22:00:00,108,0.9,-7.7,38.0,None
2025-12-26 23:00:00,108,1.4,-7.9,39.0,None
2025-12-27 00:00:00,108,0.8,-8.2,36.0,None
2025-12-27 01:00:00,108,0.6,-7.9,39.0,None
2025-12-27 02:00:00,108,1.7,-7.1,41.0,None
2025-12-27 03:00:00,108,2.2,-6.7,44.0,None
2025-12-27 04:00:00,108,2.3,-6.5,41.0,None
2025-12-27 05:00:00,108,2.5,-6.7,44.0,None
2025-12-27 06:00:00,108,2.0,-6.7,41.0,None
2025-12-27 07:00:00,108,2.6,-6.6,41.0,None
2025-12-27 08:00:00,108,2.7,-6.1,43.0,0.0
2025-12-27 09:00:00,108,2.5,-5.5,46.0,0.21
2025-12-27 10:00:00,108,2.2,-3.6,46.0,0.69
2025-12-27 11:00:00,108,1.6,-2.3,48.0,0.87
2025-12-27 12:00:00,108,1.8,-1.1,49.0,0.97
2025-12-27 13:00:00,108,2.0,-0.5,50.0,0.6
2025-12-27 14:00:00,108,1.8,-0.2,51.0,0.41
2025-12-27 15:00:00,108,1.6,0.4,52.0,0.51
2025-12-27 16:00:00,108,1.9,0.4,53.0,0.29
2025-12-27 17:00:00,108,0.8,0.3,55.0,0.14
2025-12-27 18:00:00,108,2.7,-0.3,58.0,0.02
2025-12-27 19:00:00,108,3.0,-0.4,59.0,None
2025-12-27 20:00:00,108,3.0,-0.7,60.0,None
2025-12-27 21:00:00,108,2.8,-0.7,61.0,None
2025-12-27 22:00:00,108,2.6,-0.4,61.0,None
2025-12-27 23:00:00,108,2.6,-0.2,64.0,None
2025-12-28 00:00:00,108,1.9,0.0,66.0,None
2025-12-28 01:00:00,108,1.8,0.1,68.0,None
2025-12-28 02:00:00,108,2.2,0.3,70.0,None
2025-12-28 03:00:00,108,2.6,0.3,73.0,None
2025-12-28 04:00:00,108,2.2,0.5,74.0,None
2025-12-28 05:00:00,108,2.5,0.5,75.0,None
2025-12-28 06:00:00,108,2.2,0.5,76.0,None
2025-12-28 07:00:00,108,2.6,0.5,77.0,None
2025-12-28 08:00:00,108,2.6,0.6,78.0,0.01
2025-12-28 09:00:00,108,2.4,1.0,78.0,0.12
2025-12-28 10:00:00,108,2.6,2.1,77.0,0.44
2025-12-28 11:00:00,108,1.9,3.0,75.0,0.65
2025-12-28 12:00:00,108,2.3,3.8,76.0,0.67
2025-12-28 13:00:00,108,1.9,4.5,74.0,0.84
2025-12-28 14:00:00,108,1.6,5.3,73.0,0.81
2025-12-28 15:00:00,108,2.1,5.8,69.0,0.66
2025-12-28 16:00:00,108,1.9,5.8,68.0,0.56
2025-12-28 17:00:00,108,1.8,5.5,70.0,0.12
2025-12-28 18:00:00,108,1.9,4.9,72.0,0.01
2025-12-28 19:00:00,108,2.0,4.4,75.0,None
2025-12-28 20:00:00,108,1.2,4.4,79.0,None
2025-12-28 21:00:00,108,1.5,4.3,80.0,None
2025-12-28 22:00:00,108,1.6,4.3,86.0,None
2025-12-28 23:00:00,108,1.8,5.1,89.0,None
2025-12-29 00:00:00,108,0.9,5.1,87.0,None
2025-12-29 01:00:00,108,1.0,4.6,89.0,None
2025-12-29 02:00:00,108,1.1,4.3,89.0,None
2025-12-29 03:00:00,108,1.1,4.3,90.0,None
2025-12-29 04:00:00,108,1.6,4.1,91.0,None
2025-12-29 05:00:00,108,1.5,3.8,90.0,None
2025-12-29 06:00:00,108,1.7,3.9,94.0,None
2025-12-29 07:00:00,108,1.5,4.9,94.0,None
2025-12-29 08:00:00,108,0.8,5.1,92.0,0.0
2025-12-29 09:00:00,108,1.6,5.0,92.0,0.14
2025-12-29 10:00:00,108,1.1,6.1,93.0,0.47
2025-12-29 11:00:00,108,1.6,7.8,84.0,1.0
2025-12-29 12:00:00,108,2.5,8.6,74.0,1.28
2025-12-29 13:00:00,108,1.9,8.9,73.0,0.92
2025-12-29 14:00:00,108,3.7,9.0,68.0,0.8
2025-12-29 15:00:00,108,4.1,9.0,61.0,0.83
2025-12-29 16:00:00,108,4.0,8.2,60.0,0.63
2025-12-29 17:00:00,108,2.3,7.1,59.0,0.33
2025-12-29 18:00:00,108,1.9,5.8,67.0,0.02
2025-12-29 19:00:00,108,2.7,5.1,73.0,None
2025-12-29 20:00:00,108,3.5,4.0,69.0,None
2025-12-29 21:00:00,108,2.8,2.7,58.0,None
2025-12-29 22:00:00,108,3.8,1.5,48.0,None
2025-12-29 23:00:00,108,1.9,0.4,54.0,None
2025-12-30 00:00:00,108,2.4,-0.1,57.0,None
2025-12-30 01:00:00,108,2.5,-0.6,59.0,None
2025-12-30 02:00:00,108,1.5,-1.4,62.0,None
2025-12-30 03:00:00,108,1.9,-1.9,63.0,None
2025-12-30 04:00:00,108,1.3,-2.4,61.0,None
2025-12-30 05:00:00,108,1.8,-3.2,61.0,None
2025-12-30 06:00:00,108,2.3,-3.2,60.0,None
2025-12-30 07:00:00,108,1.5,-3.1,63.0,None
2025-12-30 08:00:00,108,2.5,-3.6,64.0,0.0
2025-12-30 09:00:00,108,2.4,-3.1,61.0,0.34
2025-12-30 10:00:00,108,2.4,-0.8,44.0,0.9
2025-12-30 11:00:00,108,2.6,0.3,33.0,1.47
2025-12-30 12:00:00,108,3.6,1.6,26.0,1.81
2025-12-30 13:00:00,108,2.9,2.5,26.0,1.96
2025-12-30 14:00:00,108,4.1,2.9,27.0,1.86
2025-12-30 15:00:00,108,3.2,3.4,28.0,1.54
2025-12-30 16:00:00,108,4.0,2.7,29.0,0.98
2025-12-30 17:00:00,108,2.7,1.7,32.0,0.41
2025-12-30 18:00:00,108,1.8,0.5,37.0,0.02
2025-12-30 19:00:00,108,1.7,-0.2,38.0,None
2025-12-30 20:00:00,108,2.1,-0.5,44.0,None
2025-12-30 21:00:00,108,2.3,-0.5,46.0,None
2025-12-30 22:00:00,108,1.6,-0.8,46.0,None
2025-12-30 23:00:00,108,2.6,-1.0,44.0,None
2025-12-31 00:00:00,108,3.1,-1.2,40.0,None
2025-12-31 01:00:00,108,2.8,-1.5,35.0,None
2025-12-31 02:00:00,108,2.2,-2.6,37.0,None
2025-12-31 03:00:00,108,2.4,-3.5,41.0,None
2025-12-31 04:00:00,108,2.2,-4.4,43.0,None
2025-12-31 05:00:00,108,1.7,-5.3,46.0,None
2025-12-31 06:00:00,108,2.5,-5.8,47.0,None
2025-12-31 07:00:00,108,3.4,-6.3,46.0,None
2025-12-31 08:00:00,108,2.7,-7.1,49.0,0.0
2025-12-31 09:00:00,108,2.9,-7.1,44.0,0.35
2025-12-31 10:00:00,108,3.6,-6.2,39.0,0.94
2025-12-31 11:00:00,108,3.3,-5.4,33.0,1.51
2025-12-31 12:00:00,108,3.5,-4.6,30.0,1.86
2025-12-31 13:00:00,108,3.5,-3.8,28.0,2.01
2025-12-31 14:00:00,108,3.6,-3.4,27.0,1.93
2025-12-31 15:00:00,108,2.9,-3.0,28.0,1.61
2025-12-31 16:00:00,108,4.3,-3.2,28.0,1.08
2025-12-31 17:00:00,108,4.4,-3.9,36.0,0.42
2025-12-31 18:00:00,108,3.4,-4.9,40.0,0.03
2025-12-31 19:00:00,108,3.7,-5.6,41.0,None
2025-12-31 20:00:00,108,3.5,-6.3,45.0,None
2025-12-31 21:00:00,108,2.2,-7.4,48.0,None
2025-12-31 22:00:00,108,1.4,-8.1,47.0,None
2025-12-31 23:00:00,108,2.9,-8.7,49.0,None
2026-01-01 00:00:00,108,2.9,-8.9,49.0,None
2026-01-01 01:00:00,108,1.9,-9.3,52.0,None
2026-01-01 02:00:00,108,1.7,-9.5,51.0,None
2026-01-01 03:00:00,108,2.3,-9.7,53.0,None
2026-01-01 04:00:00,108,2.2,-9.8,52.0,None
2026-01-01 05:00:00,108,2.2,-9.9,48.0,None
2026-01-01 06:00:00,108,2.7,-10.0,50.0,None
2026-01-01 07:00:00,108,2.4,-10.3,50.0,None
2026-01-01 08:00:00,108,1.7,-10.5,50.0,0.0
2026-01-01 09:00:00,108,3.1,-10.0,48.0,0.27
2026-01-01 10:00:00,108,1.6,-8.6,45.0,0.83
2026-01-01 11:00:00,108,3.5,-7.6,37.0,1.46
2026-01-01 12:00:00,108,3.6,-5.6,33.0,1.78
2026-01-01 13:00:00,108,3.8,-4.3,30.0,2.0
2026-01-01 14:00:00,108,3.7,-4.0,26.0,1.93
2026-01-01 15:00:00,108,2.7,-2.1,26.0,1.61
2026-01-01 16:00:00,108,4.1,-2.8,27.0,1.11
2026-01-01 17:00:00,108,3.8,-4.0,28.0,0.44
2026-01-01 18:00:00,108,4.4,-5.0,33.0,0.03
2026-01-01 19:00:00,108,4.0,-5.9,37.0,None
2026-01-01 20:00:00,108,3.6,-6.6,39.0,None
2026-01-01 21:00:00,108,3.6,-7.6,42.0,None
2026-01-01 22:00:00,108,2.7,-8.2,45.0,None
2026-01-01 23:00:00,108,2.5,-8.6,46.0,None
2026-01-02 00:00:00,108,2.0,-9.2,47.0,None
2026-01-02 01:00:00,108,2.8,-9.4,45.0,None
2026-01-02 02:00:00,108,3.9,-9.5,47.0,None
2026-01-02 03:00:00,108,3.0,-10.0,49.0,None
2026-01-02 04:00:00,108,3.7,-10.4,49.0,None
2026-01-02 05:00:00,108,3.5,-10.6,51.0,None
2026-01-02 06:00:00,108,1.8,-11.0,49.0,None
2026-01-02 07:00:00,108,2.8,-11.0,50.0,None
2026-01-02 08:00:00,108,2.6,-11.2,53.0,0.0
2026-01-02 09:00:00,108,2.4,-10.7,50.0,0.32
2026-01-02 10:00:00,108,2.9,-8.8,43.0,0.89
2026-01-02 11:00:00,108,2.0,-6.9,40.0,1.45
2026-01-02 12:00:00,108,2.3,-5.5,39.0,1.81
2026-01-02 13:00:00,108,3.1,-5.5,36.0,1.95
2026-01-02 14:00:00,108,3.5,-4.7,36.0,1.9
2026-01-02 15:00:00,108,3.0,-4.5,37.0,1.58
2026-01-02 16:00:00,108,3.6,-4.4,38.0,1.04
2026-01-02 17:00:00,108,2.9,-5.1,42.0,0.42
2026-01-02 18:00:00,108,1.9,-5.9,46.0,0.03
2026-01-02 19:00:00,108,2.2,-6.4,46.0,None
2026-01-02 20:00:00,108,2.5,-6.9,48.0,None
2026-01-02 21:00:00,108,3.4,-7.3,49.0,None
2026-01-02 22:00:00,108,2.3,-7.7,51.0,None
2026-01-02 23:00:00,108,1.4,-8.2,51.0,None
2026-01-03 00:00:00,108,0.8,-8.8,54.0,None
2026-01-03 01:00:00,108,1.1,None,58.0,None
2026-01-03 02:00:00,108,1.0,-9.2,61.0,None
2026-01-03 03:00:00,108,0.8,-9.5,64.0,None
2026-01-03 04:00:00,108,1.1,-9.5,65.0,None
2026-01-03 05:00:00,108,0.8,-9.5,67.0,None
2026-01-03 06:00:00,108,0.2,-9.6,68.0,None
2026-01-03 07:00:00,108,1.2,-9.5,67.0,None
2026-01-03 08:00:00,108,2.2,-9.8,70.0,0.0
2026-01-03 09:00:00,108,2.0,-9.1,70.0,0.31
2026-01-03 10:00:00,108,2.7,-6.2,58.0,0.86
2026-01-03 11:00:00,108,1.9,-4.4,53.0,1.36
2026-01-03 12:00:00,108,1.2,-2.1,46.0,1.58
2026-01-03 13:00:00,108,1.6,-1.4,44.0,1.02
2026-01-03 14:00:00,108,2.0,-0.8,48.0,0.59
2026-01-03 15:00:00,108,1.8,-0.4,49.0,0.52
2026-01-03 16:00:00,108,2.2,0.0,48.0,0.43
2026-01-03 17:00:00,108,2.0,-0.7,50.0,0.25
2026-01-03 18:00:00,108,0.7,-1.7,55.0,0.02
2026-01-03 19:00:00,108,0.4,-2.3,60.0,None
2026-01-03 20:00:00,108,1.7,-2.7,65.0,None
2026-01-03 21:00:00,108,1.9,-2.7,64.0,None
2026-01-03 22:00:00,108,1.8,-2.3,65.0,None
2026-01-03 23:00:00,108,1.2,-1.8,63.0,None
2026-01-04 00:00:00,108,1.8,-2.3,64.0,None
2026-01-04 01:00:00,108,1.3,-2.4,67.0,None
2026-01-04 02:00:00,108,1.2,-2.0,67.0,None
2026-01-04 03:00:00,108,1.8,-1.7,67.0,None
2026-01-04 04:00:00,108,1.6,-2.2,66.0,None
2026-01-04 05:00:00,108,1.1,-2.4,68.0,None
2026-01-04 06:00:00,108,1.4,-2.4,69.0,None
2026-01-04 07:00:00,108,0.6,-2.3,70.0,None
2026-01-04 08:00:00,108,1.8,-2.5,74.0,0.0
2026-01-04 09:00:00,108,1.1,-2.2,79.0,0.26
2026-01-04 10:00:00,108,2.2,-0.4,74.0,0.82
2026-01-04 11:00:00,108,2.3,1.3,58.0,1.37
2026-01-04 12:00:00,108,2.8,1.8,47.0,1.74
2026-01-04 13:00:00,108,3.1,3.2,39.0,1.84
2026-01-04 14:00:00,108,2.9,4.4,35.0,1.82
2026-01-04 15:00:00,108,2.7,4.4,40.0,1.49
2026-01-04 16:00:00,108,2.9,4.0,46.0,0.77
2026-01-04 17:00:00,108,2.5,2.8,51.0,0.31
2026-01-04 18:00:00,108,2.0,1.6,61.0,0.02
2026-01-04 19:00:00,108,1.1,0.9,64.0,None
2026-01-04 20:00:00,108,1.5,0.3,64.0,None
2026-01-04 21:00:00,108,2.4,0.2,76.0,None
2026-01-04 22:00:00,108,2.0,0.1,74.0,None
2026-01-04 23:00:00,108,1.2,-0.2,72.0,None
2026-01-05 00:00:00,108,1.5,-0.5,68.0,None
2026-01-05 01:00:00,108,1.6,-1.1,64.0,None
2026-01-05 02:00:00,108,0.8,-1.7,62.0,None
2026-01-05 03:00:00,108,1.2,-2.2,63.0,None
2026-01-05 04:00:00,108,1.4,-2.9,62.0,None
2026-01-05 05:00:00,108,0.6,-3.6,63.0,None
2026-01-05 06:00:00,108,0.7,-3.8,65.0,None
2026-01-05 07:00:00,108,0.7,-4.4,66.0,None
2026-01-05 08:00:00,108,0.5,-4.5,66.0,0.0
2026-01-05 09:00:00,108,2.8,-3.3,63.0,0.29
2026-01-05 10:00:00,108,3.1,-2.2,59.0,0.85
2026-01-05 11:00:00,108,2.9,-0.7,50.0,1.46
2026-01-05 12:00:00,108,2.8,0.1,45.0,1.79
2026-01-05 13:00:00,108,3.7,0.6,37.0,1.98
2026-01-05 14:00:00,108,3.2,1.4,31.0,1.94
2026-01-05 15:00:00,108,4.3,1.3,27.0,1.64
2026-01-05 16:00:00,108,3.4,1.4,27.0,1.13
2026-01-05 17:00:00,108,3.5,0.3,29.0,0.48
2026-01-05 18:00:00,108,3.4,-0.8,33.0,0.04
2026-01-05 19:00:00,108,2.2,-1.6,35.0,None
2026-01-05 20:00:00,108,3.7,-2.1,40.0,None
2026-01-05 21:00:00,108,4.2,-2.8,44.0,None
2026-01-05 22:00:00,108,1.3,-3.4,46.0,None
2026-01-05 23:00:00,108,1.6,-3.7,47.0,None
2026-01-06 00:00:00,108,3.1,-4.1,48.0,None
2026-01-06 01:00:00,108,1.1,-5.2,51.0,None
2026-01-06 02:00:00,108,0.9,-5.6,52.0,None
2026-01-06 03:00:00,108,2.2,-6.0,54.0,None
2026-01-06 04:00:00,108,1.8,-6.4,57.0,None
2026-01-06 05:00:00,108,1.5,-6.7,57.0,None
2026-01-06 06:00:00,108,1.2,-6.5,59.0,None
2026-01-06 07:00:00,108,1.6,-6.6,56.0,None
2026-01-06 08:00:00,108,2.0,-7.0,61.0,0.0
2026-01-06 09:00:00,108,1.8,-6.2,60.0,0.3
2026-01-06 10:00:00,108,1.6,-3.1,54.0,0.87
2026-01-06 11:00:00,108,1.4,-0.1,38.0,1.44
2026-01-06 12:00:00,108,1.0,1.4,36.0,1.78
2026-01-06 13:00:00,108,1.6,3.4,35.0,1.93
2026-01-06 14:00:00,108,1.9,3.1,37.0,0.99
2026-01-06 15:00:00,108,2.1,3.5,38.0,0.71
2026-01-06 16:00:00,108,2.7,3.9,45.0,0.57
2026-01-06 17:00:00,108,1.8,3.3,51.0,0.23
2026-01-06 18:00:00,108,1.5,2.9,55.0,0.02
2026-01-06 19:00:00,108,2.0,2.7,57.0,None
2026-01-06 20:00:00,108,2.0,2.2,57.0,None
2026-01-06 21:00:00,108,2.4,2.2,66.0,None
2026-01-06 22:00:00,108,1.2,1.8,72.0,None
2026-01-06 23:00:00,108,0.4,1.7,76.0,None
2026-01-07 00:00:00,108,1.1,1.8,77.0,None
2026-01-07 01:00:00,108,0.9,1.3,76.0,None
2026-01-07 02:00:00,108,1.1,0.8,80.0,None
2026-01-07 03:00:00,108,0.4,0.6,82.0,None
2026-01-07 04:00:00,108,1.5,0.7,83.0,None
2026-01-07 05:00:00,108,1.3,1.0,83.0,None
2026-01-07 06:00:00,108,2.2,2.0,78.0,None
2026-01-07 07:00:00,108,2.2,2.3,76.0,None
2026-01-07 08:00:00,108,2.3,1.5,75.0,0.0
2026-01-07 09:00:00,108,3.5,0.5,72.0,0.23
2026-01-07 10:00:00,108,3.7,0.8,55.0,0.79
2026-01-07 11:00:00,108,3.9,0.8,47.0,1.43
2026-01-07 12:00:00,108,3.5,1.7,40.0,1.81
2026-01-07 13:00:00,108,4.7,1.8,34.0,2.02
2026-01-07 14:00:00,108,4.7,2.1,28.0,1.97
2026-01-07 15:00:00,108,4.6,2.7,24.0,1.65
2026-01-07 16:00:00,108,3.8,2.4,29.0,1.15
2026-01-07 17:00:00,108,4.3,0.8,27.0,0.52
2026-01-07 18:00:00,108,3.5,-0.5,34.0,0.05
2026-01-07 19:00:00,108,4.2,-2.0,36.0,None
2026-01-07 20:00:00,108,4.1,-3.1,38.0,None
2026-01-07 21:00:00,108,4.3,-3.8,41.0,None
2026-01-07 22:00:00,108,2.8,-4.3,43.0,None
2026-01-07 23:00:00,108,2.3,-4.9,45.0,None
2026-01-08 00:00:00,108,2.6,-5.2,44.0,None
2026-01-08 01:00:00,108,2.5,-5.5,41.0,None
2026-01-08 02:00:00,108,1.9,-5.8,42.0,None
2026-01-08 03:00:00,108,2.8,-6.0,40.0,None
2026-01-08 04:00:00,108,2.4,-6.6,43.0,None
2026-01-08 05:00:00,108,2.9,-6.7,41.0,None
2026-01-08 06:00:00,108,2.6,-7.3,44.0,None
2026-01-08 07:00:00,108,2.2,-7.8,42.0,None
2026-01-08 08:00:00,108,1.8,-8.2,41.0,0.0
2026-01-08 09:00:00,108,3.1,-7.6,40.0,0.32
2026-01-08 10:00:00,108,3.5,-6.5,37.0,0.94
2026-01-08 11:00:00,108,4.2,-5.2,31.0,1.51
2026-01-08 12:00:00,108,3.5,-4.4,29.0,1.9
2026-01-08 13:00:00,108,3.8,-3.8,27.0,2.06
2026-01-08 14:00:00,108,2.9,-2.6,28.0,2.0
2026-01-08 15:00:00,108,2.2,-1.3,27.0,1.68
2026-01-08 16:00:00,108,2.9,-1.3,25.0,1.18
2026-01-08 17:00:00,108,3.2,-2.3,26.0,0.5
2026-01-08 18:00:00,108,2.4,-3.4,33.0,0.05
2026-01-08 19:00:00,108,2.3,-4.0,34.0,None
2026-01-08 20:00:00,108,1.6,-4.6,36.0,None
2026-01-08 21:00:00,108,0.8,-4.9,42.0,None
2026-01-08 22:00:00,108,0.7,-5.1,47.0,None
2026-01-08 23:00:00,108,0.2,-5.5,51.0,None
2026-01-09 00:00:00,108,1.3,-5.6,53.0,None
2026-01-09 01:00:00,108,1.8,-6.1,55.0,None
2026-01-09 02:00:00,108,2.5,-6.3,57.0,None
2026-01-09 03:00:00,108,2.3,-6.5,56.0,None
2026-01-09 04:00:00,108,2.8,-6.6,57.0,None
2026-01-09 05:00:00,108,2.5,-6.4,59.0,None
2026-01-09 06:00:00,108,2.9,-6.1,59.0,None
2026-01-09 07:00:00,108,3.1,-5.6,59.0,None
2026-01-09 08:00:00,108,2.7,-5.5,59.0,0.0
2026-01-09 09:00:00,108,2.8,-4.5,59.0,0.23
2026-01-09 10:00:00,108,2.6,-2.1,54.0,0.72
2026-01-09 11:00:00,108,1.9,-0.4,50.0,1.23
2026-01-09 12:00:00,108,1.9,1.0,48.0,1.39
2026-01-09 13:00:00,108,2.3,1.7,50.0,0.64
2026-01-09 14:00:00,108,2.5,2.4,51.0,0.53
2026-01-09 15:00:00,108,2.2,3.0,52.0,0.48
2026-01-09 16:00:00,108,2.0,3.1,54.0,0.27
2026-01-09 17:00:00,108,2.4,2.8,55.0,0.08
2026-01-09 18:00:00,108,2.4,2.5,58.0,0.01
2026-01-09 19:00:00,108,1.7,2.5,59.0,None
2026-01-09 20:00:00,108,1.8,2.6,67.0,None
2026-01-09 21:00:00,108,0.6,3.4,73.0,None
2026-01-09 22:00:00,108,0.8,3.8,71.0,None
2026-01-09 23:00:00,108,1.3,4.2,72.0,None
2026-01-10 00:00:00,108,1.9,4.5,73.0,None
2026-01-10 01:00:00,108,2.3,4.8,72.0,None
2026-01-10 02:00:00,108,2.1,4.6,82.0,None
2026-01-10 03:00:00,108,3.4,5.1,82.0,None
2026-01-10 04:00:00,108,4.8,6.7,80.0,None
2026-01-10 05:00:00,108,5.2,7.4,78.0,None
2026-01-10 06:00:00,108,3.5,7.0,76.0,None
2026-01-10 07:00:00,108,4.2,7.0,65.0,None
2026-01-10 08:00:00,108,6.1,5.9,68.0,0.0
2026-01-10 09:00:00,108,4.3,5.1,63.0,0.12
2026-01-10 10:00:00,108,4.1,5.4,58.0,0.48
2026-01-10 11:00:00,108,5.6,5.5,57.0,0.83
2026-01-10 12:00:00,108,7.6,4.6,56.0,0.81
2026-01-10 13:00:00,108,6.6,4.3,49.0,1.04
2026-01-10 14:00:00,108,6.1,4.3,42.0,1.58
2026-01-10 15:00:00,108,7.7,3.0,46.0,1.36
2026-01-10 16:00:00,108,6.7,0.8,60.0,0.38
2026-01-10 17:00:00,108,5.4,0.0,64.0,0.23
2026-01-10 18:00:00,108,5.7,-0.7,65.0,0.03
2026-01-10 19:00:00,108,4.8,-1.9,66.0,None
2026-01-10 20:00:00,108,6.3,-2.7,63.0,None
2026-01-10 21:00:00,108,5.5,-3.1,59.0,None
2026-01-10 22:00:00,108,4.3,-3.4,56.0,None
2026-01-10 23:00:00,108,5.1,-4.2,50.0,None
2026-01-11 00:00:00,108,4.2,-4.7,49.0,None
2026-01-11 01:00:00,108,4.5,-5.5,48.0,None
2026-01-11 02:00:00,108,4.4,-6.0,49.0,None
2026-01-11 03:00:00,108,4.5,-6.6,49.0,None
2026-01-11 04:00:00,108,3.9,-7.1,48.0,None
2026-01-11 05:00:00,108,2.1,-7.6,45.0,None
2026-01-11 06:00:00,108,3.3,-8.0,47.0,None
2026-01-11 07:00:00,108,3.1,-8.1,46.0,None
2026-01-11 08:00:00,108,2.3,-8.3,45.0,0.0
2026-01-11 09:00:00,108,4.5,-7.9,44.0,0.28
2026-01-11 10:00:00,108,3.3,-6.9,43.0,0.9
2026-01-11 11:00:00,108,4.5,-6.2,35.0,1.49
2026-01-11 12:00:00,108,4.7,-5.2,30.0,1.9
2026-01-11 13:00:00,108,5.6,-4.6,30.0,2.06
2026-01-11 14:00:00,108,5.2,-4.1,31.0,1.97
2026-01-11 15:00:00,108,5.4,-4.1,34.0,1.64
2026-01-11 16:00:00,108,5.2,-4.0,36.0,1.12
2026-01-11 17:00:00,108,5.4,-4.7,38.0,0.51
2026-01-11 18:00:00,108,3.8,-5.4,37.0,0.06
2026-01-11 19:00:00,108,2.4,-6.2,37.0,None
2026-01-11 20:00:00,108,2.7,-6.8,38.0,None
2026-01-11 21:00:00,108,1.7,-7.6,42.0,None
2026-01-11 22:00:00,108,2.5,-7.9,43.0,None
2026-01-11 23:00:00,108,2.9,-8.4,49.0,None
2026-01-12 00:00:00,108,0.4,None,51.0,None
2026-01-12 01:00:00,108,1.0,-9.3,52.0,None
2026-01-12 02:00:00,108,1.7,-9.8,55.0,None
2026-01-12 03:00:00,108,1.6,-9.9,56.0,None
2026-01-12 04:00:00,108,2.4,-10.1,58.0,None
2026-01-12 05:00:00,108,2.5,-9.3,59.0,None
2026-01-12 06:00:00,108,2.8,-9.5,57.0,None
2026-01-12 07:00:00,108,2.8,-9.1,56.0,None
2026-01-12 08:00:00,108,2.5,-8.8,57.0,0.0
2026-01-12 09:00:00,108,2.3,-7.7,56.0,0.2
2026-01-12 10:00:00,108,3.0,-6.3,53.0,0.33
2026-01-12 11:00:00,108,2.1,-4.4,54.0,0.58
2026-01-12 12:00:00,108,2.9,-2.3,54.0,1.36
2026-01-12 13:00:00,108,2.2,-0.5,53.0,1.61
2026-01-12 14:00:00,108,0.8,-0.5,65.0,0.48
2026-01-12 15:00:00,108,3.0,-1.0,69.0,0.29
2026-01-12 16:00:00,108,3.0,-0.8,82.0,0.15
2026-01-12 17:00:00,108,2.1,-0.8,89.0,0.06
2026-01-12 18:00:00,108,2.4,-0.9,89.0,0.01
2026-01-12 19:00:00,108,2.2,-0.9,89.0,None
2026-01-12 20:00:00,108,2.3,-0.7,91.0,None
2026-01-12 21:00:00,108,2.0,-0.4,92.0,None
2026-01-12 22:00:00,108,1.8,-0.2,93.0,None
2026-01-12 23:00:00,108,1.1,0.1,92.0,None
2026-01-13 00:00:00,108,1.7,1.2,94.0,None
2026-01-13 01:00:00,108,2.2,1.7,94.0,None
2026-01-13 02:00:00,108,2.8,1.7,93.0,None
2026-01-13 03:00:00,108,3.2,1.1,88.0,None
2026-01-13 04:00:00,108,2.1,-0.2,85.0,None
2026-01-13 05:00:00,108,3.4,-0.9,80.0,None
2026-01-13 06:00:00,108,1.0,-1.7,81.0,None
2026-01-13 07:00:00,108,3.8,-2.4,76.0,None
2026-01-13 08:00:00,108,3.4,-3.0,66.0,0.0
2026-01-13 09:00:00,108,3.2,-3.1,63.0,0.31
2026-01-13 10:00:00,108,3.5,-2.8,47.0,0.9
2026-01-13 11:00:00,108,4.2,-2.6,44.0,1.5
2026-01-13 12:00:00,108,4.9,-2.4,41.0,1.91
2026-01-13 13:00:00,108,5.1,-2.5,40.0,2.08
2026-01-13 14:00:00,108,4.7,-2.1,42.0,2.01
2026-01-13 15:00:00,108,3.6,-1.7,42.0,1.68
2026-01-13 16:00:00,108,4.1,-1.8,37.0,1.2
2026-01-13 17:00:00,108,3.2,-2.8,39.0,0.55
2026-01-13 18:00:00,108,3.2,-4.1,43.0,0.08
2026-01-13 19:00:00,108,3.0,-4.8,45.0,None
2026-01-13 20:00:00,108,3.2,-5.4,43.0,None
2026-01-13 21:00:00,108,4.1,-6.2,36.0,None
2026-01-13 22:00:00,108,1.9,-6.8,39.0,None
2026-01-13 23:00:00,108,1.4,-7.4,43.0,None
2026-01-14 00:00:00,108,0.5,-8.1,44.0,None
2026-01-14 01:00:00,108,0.5,-8.6,47.0,None
2026-01-14 02:00:00,108,1.4,-8.8,53.0,None
2026-01-14 03:00:00,108,0.4,-8.8,52.0,None
2026-01-14 04:00:00,108,1.2,None,57.0,None
2026-01-14 05:00:00,108,1.2,-8.9,57.0,None
2026-01-14 06:00:00,108,1.5,-9.2,58.0,None
2026-01-14 07:00:00,108,2.3,-9.4,61.0,None
2026-01-14 08:00:00,108,2.6,-9.2,61.0,0.0
2026-01-14 09:00:00,108,2.4,-8.2,61.0,0.28
2026-01-14 10:00:00,108,2.1,-5.8,52.0,0.78
2026-01-14 11:00:00,108,2.0,-3.9,47.0,1.38
2026-01-14 12:00:00,108,2.3,-2.4,43.0,1.73
2026-01-14 13:00:00,108,1.4,-1.1,41.0,1.84
2026-01-14 14:00:00,108,1.2,0.5,34.0,1.76
2026-01-14 15:00:00,108,1.2,1.2,35.0,1.44
2026-01-14 16:00:00,108,3.6,0.9,37.0,0.8
2026-01-14 17:00:00,108,2.3,0.0,37.0,0.33
2026-01-14 18:00:00,108,3.0,-0.1,40.0,0.02
2026-01-14 19:00:00,108,3.5,-0.1,42.0,None
2026-01-14 20:00:00,108,3.9,0.0,42.0,None
2026-01-14 21:00:00,108,3.4,0.1,42.0,None
2026-01-14 22:00:00,108,4.5,0.3,46.0,None
2026-01-14 23:00:00,108,3.8,0.4,45.0,None
2026-01-15 00:00:00,108,3.4,0.8,47.0,None
2026-01-15 01:00:00,108,3.4,1.2,49.0,None
2026-01-15 02:00:00,108,2.6,1.6,51.0,None
2026-01-15 03:00:00,108,2.4,1.9,54.0,None
2026-01-15 04:00:00,108,1.9,2.2,55.0,None
2026-01-15 05:00:00,108,2.0,2.5,58.0,None
2026-01-15 06:00:00,108,1.7,2.7,60.0,None
2026-01-15 07:00:00,108,1.0,3.0,63.0,None
2026-01-15 08:00:00,108,2.0,3.1,65.0,0.01
2026-01-15 09:00:00,108,2.1,3.4,67.0,0.05
2026-01-15 10:00:00,108,1.1,4.5,67.0,0.27
2026-01-15 11:00:00,108,1.1,6.3,76.0,0.38
2026-01-15 12:00:00,108,1.9,7.9,79.0,0.52
2026-01-15 13:00:00,108,1.8,8.7,74.0,1.06
2026-01-15 14:00:00,108,2.1,9.0,68.0,0.86
2026-01-15 15:00:00,108,3.7,9.9,62.0,1.2
2026-01-15 16:00:00,108,2.9,9.2,64.0,0.61
2026-01-15 17:00:00,108,3.3,7.6,75.0,0.34
2026-01-15 18:00:00,108,3.9,5.9,78.0,0.06
2026-01-15 19:00:00,108,3.0,4.9,82.0,None
2026-01-15 20:00:00,108,0.7,4.3,82.0,None
2026-01-15 21:00:00,108,1.7,3.6,86.0,None
2026-01-15 22:00:00,108,1.6,3.0,87.0,None
2026-01-15 23:00:00,108,1.7,2.9,90.0,None
2026-01-16 00:00:00,108,0.3,2.2,89.0,None
2026-01-16 01:00:00,108,1.6,1.5,90.0,None
2026-01-16 02:00:00,108,1.2,1.4,93.0,None
2026-01-16 03:00:00,108,0.0,1.0,93.0,None
2026-01-16 04:00:00,108,0.6,1.3,95.0,None
2026-01-16 05:00:00,108,1.2,1.2,93.0,None
2026-01-16 06:00:00,108,1.7,1.2,94.0,None
2026-01-16 07:00:00,108,3.1,1.1,95.0,None
2026-01-16 08:00:00,108,2.5,1.0,96.0,0.0
2026-01-16 09:00:00,108,2.4,1.2,96.0,0.06
2026-01-16 10:00:00,108,2.5,1.7,93.0,0.28
2026-01-16 11:00:00,108,3.1,2.8,88.0,0.72
2026-01-16 12:00:00,108,2.3,4.3,79.0,1.49
2026-01-16 13:00:00,108,1.6,5.8,72.0,1.75
2026-01-16 14:00:00,108,1.5,7.9,64.0,1.71
2026-01-16 15:00:00,108,1.6,9.4,57.0,1.52
2026-01-16 16:00:00,108,2.0,9.1,55.0,1.01
2026-01-16 17:00:00,108,2.2,8.8,53.0,0.44
2026-01-16 18:00:00,108,3.2,5.2,72.0,0.07
2026-01-16 19:00:00,108,1.6,4.0,76.0,None
2026-01-16 20:00:00,108,2.1,3.4,77.0,None
2026-01-16 21:00:00,108,2.2,3.6,80.0,None
2026-01-16 22:00:00,108,2.0,4.0,79.0,None
2026-01-16 23:00:00,108,3.1,3.6,77.0,None
2026-01-17 00:00:00,108,1.3,3.1,76.0,None
2026-01-17 01:00:00,108,2.2,2.7,78.0,None
2026-01-17 02:00:00,108,2.3,1.9,83.0,None
2026-01-17 03:00:00,108,3.2,1.1,82.0,None
2026-01-17 04:00:00,108,2.7,-0.2,71.0,None
2026-01-17 05:00:00,108,3.0,-1.0,71.0,None
2026-01-17 06:00:00,108,2.8,-1.7,77.0,None
2026-01-17 07:00:00,108,3.1,-2.1,78.0,None
2026-01-17 08:00:00,108,0.9,-2.8,80.0,0.0
2026-01-17 09:00:00,108,3.1,-2.6,81.0,0.24
2026-01-17 10:00:00,108,2.3,-1.4,75.0,0.71
2026-01-17 11:00:00,108,1.8,0.3,68.0,1.39
2026-01-17 12:00:00,108,1.1,1.9,62.0,1.74
2026-01-17 13:00:00,108,2.4,3.3,55.0,1.88
2026-01-17 14:00:00,108,2.5,4.2,47.0,1.84
2026-01-17 15:00:00,108,2.4,4.7,44.0,1.58
2026-01-17 16:00:00,108,2.3,4.4,41.0,1.12
2026-01-17 17:00:00,108,2.4,3.1,44.0,0.5
2026-01-17 18:00:00,108,2.6,1.4,50.0,0.08
2026-01-17 19:00:00,108,2.9,0.5,54.0,None
2026-01-17 20:00:00,108,2.6,-0.4,54.0,None
2026-01-17 21:00:00,108,2.0,-1.0,57.0,None
2026-01-17 22:00:00,108,1.3,-1.6,60.0,None
2026-01-17 23:00:00,108,0.6,-2.2,61.0,None
2026-01-18 00:00:00,108,1.1,-2.5,62.0,None
2026-01-18 01:00:00,108,1.0,-2.5,68.0,None
2026-01-18 02:00:00,108,1.0,-3.0,64.0,None
2026-01-18 03:00:00,108,0.8,-2.9,70.0,None
2026-01-18 04:00:00,108,1.2,-3.4,68.0,None
2026-01-18 05:00:00,108,1.7,-3.6,65.0,None
2026-01-18 06:00:00,108,2.5,-2.9,66.0,None
2026-01-18 07:00:00,108,2.8,-2.0,62.0,None
2026-01-18 08:00:00,108,0.7,-1.4,60.0,0.0
2026-01-18 09:00:00,108,2.2,-1.2,59.0,0.05
2026-01-18 10:00:00,108,0.5,-0.7,60.0,0.11
2026-01-18 11:00:00,108,0.2,0.1,58.0,0.17
2026-01-18 12:00:00,108,1.7,0.8,54.0,0.23
2026-01-18 13:00:00,108,2.1,1.2,53.0,0.32
2026-01-18 14:00:00,108,1.9,2.2,49.0,0.58
2026-01-18 15:00:00,108,2.6,3.0,46.0,0.56
2026-01-18 16:00:00,108,1.1,2.8,47.0,0.3
2026-01-18 17:00:00,108,1.6,2.8,49.0,0.13
2026-01-18 18:00:00,108,0.7,2.6,52.0,0.01
2026-01-18 19:00:00,108,1.8,2.5,55.0,None
2026-01-18 20:00:00,108,1.0,2.4,62.0,None
2026-01-18 21:00:00,108,1.8,2.5,66.0,None
2026-01-18 22:00:00,108,0.6,2.5,66.0,None
2026-01-18 23:00:00,108,1.8,2.1,67.0,None
2026-01-19 00:00:00,108,2.8,1.6,71.0,None
2026-01-19 01:00:00,108,2.5,1.1,75.0,None
2026-01-19 02:00:00,108,2.0,0.5,82.0,None
2026-01-19 03:00:00,108,2.5,0.0,88.0,None
2026-01-19 04:00:00,108,3.0,-0.9,89.0,None
2026-01-19 05:00:00,108,1.9,-1.3,88.0,None
2026-01-19 06:00:00,108,2.6,-1.6,88.0,None
2026-01-19 07:00:00,108,3.1,-1.7,85.0,None
2026-01-19 08:00:00,108,3.6,-2.1,69.0,0.01
2026-01-19 09:00:00,108,2.3,-2.3,62.0,0.15
2026-01-19 10:00:00,108,4.5,-2.4,54.0,0.64
2026-01-19 11:00:00,108,4.9,-2.1,49.0,1.14
2026-01-19 12:00:00,108,4.3,-2.5,53.0,1.24
2026-01-19 13:00:00,108,4.2,-2.6,51.0,1.51
2026-01-19 14:00:00,108,4.1,-2.6,50.0,1.77
2026-01-19 15:00:00,108,4.1,-2.0,48.0,1.66
2026-01-19 16:00:00,108,4.7,-3.0,37.0,1.05
2026-01-19 17:00:00,108,4.6,-4.3,35.0,0.41
2026-01-19 18:00:00,108,4.7,-5.2,33.0,0.08
2026-01-19 19:00:00,108,4.9,-6.6,38.0,None
2026-01-19 20:00:00,108,4.0,-7.6,44.0,None
2026-01-19 21:00:00,108,2.8,-8.2,45.0,None
2026-01-19 22:00:00,108,4.0,-8.5,46.0,None
2026-01-19 23:00:00,108,2.3,-9.2,47.0,None
2026-01-20 00:00:00,108,1.5,-9.8,45.0,None
2026-01-20 01:00:00,108,1.9,-10.0,46.0,None
2026-01-20 02:00:00,108,4.1,-10.0,44.0,None
2026-01-20 03:00:00,108,1.0,-10.3,45.0,None
2026-01-20 04:00:00,108,2.6,-10.3,44.0,None
2026-01-20 05:00:00,108,3.8,-10.5,43.0,None
2026-01-20 06:00:00,108,2.2,-11.0,45.0,None
2026-01-20 07:00:00,108,2.0,-11.6,45.0,None
2026-01-20 08:00:00,108,2.8,-11.8,45.0,0.0
2026-01-20 09:00:00,108,3.1,-11.5,46.0,0.28
2026-01-20 10:00:00,108,2.7,-10.1,44.0,0.96
2026-01-20 11:00:00,108,3.0,-9.1,39.0,1.59
2026-01-20 12:00:00,108,2.5,-7.3,37.0,2.01
2026-01-20 13:00:00,108,2.4,-5.9,35.0,2.22
2026-01-20 14:00:00,108,2.8,-5.1,35.0,2.16
2026-01-20 15:00:00,108,3.2,-3.8,34.0,1.86
2026-01-20 16:00:00,108,3.2,-4.0,34.0,1.37
2026-01-20 17:00:00,108,3.3,-4.8,36.0,0.66
2026-01-20 18:00:00,108,3.5,-6.1,41.0,0.11
2026-01-20 19:00:00,108,2.9,-6.9,43.0,None
2026-01-20 20:00:00,108,1.7,-7.5,44.0,None
2026-01-20 21:00:00,108,2.0,-7.9,44.0,None
2026-01-20 22:00:00,108,2.1,-8.4,48.0,None
2026-01-20 23:00:00,108,1.8,-8.9,50.0,None
2026-01-21 00:00:00,108,1.9,-9.4,54.0,None
2026-01-21 01:00:00,108,2.8,-9.9,57.0,None
2026-01-21 02:00:00,108,2.1,-10.6,58.0,None
2026-01-21 03:00:00,108,2.4,-11.1,58.0,None
2026-01-21 04:00:00,108,1.1,-11.4,61.0,None
2026-01-21 05:00:00,108,1.9,-11.8,62.0,None
2026-01-21 06:00:00,108,1.6,-11.9,61.0,None
2026-01-21 07:00:00,108,1.8,-12.1,61.0,None
2026-01-21 08:00:00,108,1.5,-12.1,59.0,0.0
2026-01-21 09:00:00,108,2.8,-11.6,57.0,0.38
2026-01-21 10:00:00,108,3.6,-10.6,51.0,1.01
2026-01-21 11:00:00,108,2.5,-9.1,48.0,1.63
2026-01-21 12:00:00,108,3.3,-8.1,42.0,2.04
2026-01-21 13:00:00,108,3.0,-7.0,41.0,2.24
2026-01-21 14:00:00,108,3.8,-7.0,39.0,2.19
2026-01-21 15:00:00,108,3.6,-6.2,37.0,1.91
2026-01-21 16:00:00,108,3.4,-5.3,36.0,1.4
2026-01-21 17:00:00,108,3.6,-6.3,38.0,0.67
2026-01-21 18:00:00,108,3.9,-7.3,39.0,0.12
2026-01-21 19:00:00,108,4.7,-8.1,44.0,None
2026-01-21 20:00:00,108,3.9,-8.9,46.0,None
2026-01-21 21:00:00,108,3.5,-9.9,48.0,None
2026-01-21 22:00:00,108,4.3,-10.8,50.0,None
2026-01-21 23:00:00,108,3.6,-11.4,52.0,None
2026-01-22 00:00:00,108,3.4,-11.4,53.0,None
2026-01-22 01:00:00,108,2.6,-11.5,53.0,None
2026-01-22 02:00:00,108,3.4,-11.6,52.0,None
2026-01-22 03:00:00,108,2.3,-12.0,53.0,None
2026-01-22 04:00:00,108,1.9,-12.3,52.0,None
2026-01-22 05:00:00,108,3.5,-12.4,52.0,None
2026-01-22 06:00:00,108,2.6,-12.8,55.0,None
2026-01-22 07:00:00,108,3.1,-13.0,51.0,None
2026-01-22 08:00:00,108,3.3,-13.1,51.0,0.0
2026-01-22 09:00:00,108,3.1,-12.4,47.0,0.39
2026-01-22 10:00:00,108,3.3,-10.9,40.0,1.04
2026-01-22 11:00:00,108,3.0,-9.1,38.0,1.68
2026-01-22 12:00:00,108,4.7,-8.2,34.0,2.1
2026-01-22 13:00:00,108,3.7,-7.0,33.0,2.28
2026-01-22 14:00:00,108,4.3,-6.0,32.0,2.23
2026-01-22 15:00:00,108,3.6,-5.1,32.0,1.92
2026-01-22 16:00:00,108,3.0,-4.4,35.0,1.4
2026-01-22 17:00:00,108,2.8,-5.0,38.0,0.71
2026-01-22 18:00:00,108,2.9,-5.9,42.0,0.12
2026-01-22 19:00:00,108,3.1,-6.2,46.0,None
2026-01-22 20:00:00,108,2.7,-6.6,47.0,None
2026-01-22 21:00:00,108,2.0,-7.0,46.0,None
2026-01-22 22:00:00,108,2.0,-7.8,45.0,None
2026-01-22 23:00:00,108,1.2,-8.6,46.0,None
2026-01-23 00:00:00,108,1.1,-9.2,44.0,None
2026-01-23 01:00:00,108,1.2,-10.0,43.0,None
2026-01-23 02:00:00,108,0.5,-10.4,47.0,None
2026-01-23 03:00:00,108,1.2,-10.1,45.0,None
2026-01-23 04:00:00,108,0.9,-10.7,51.0,None
2026-01-23 05:00:00,108,1.3,-10.8,51.0,None
2026-01-23 06:00:00,108,1.3,-10.5,54.0,None
2026-01-23 07:00:00,108,0.4,-10.9,56.0,None
2026-01-23 08:00:00,108,2.0,-11.3,56.0,0.0
2026-01-23 09:00:00,108,1.9,-10.4,56.0,0.38
2026-01-23 10:00:00,108,0.5,-7.4,47.0,0.92
2026-01-23 11:00:00,108,1.0,-4.5,35.0,1.49
2026-01-23 12:00:00,108,1.8,-2.9,29.0,1.84
2026-01-23 13:00:00,108,2.2,-1.7,24.0,2.03
2026-01-23 14:00:00,108,2.1,-0.9,26.0,1.65
2026-01-23 15:00:00,108,2.3,-0.6,28.0,1.69
2026-01-23 16:00:00,108,1.6,0.2,32.0,1.2
2026-01-23 17:00:00,108,1.7,-0.5,33.0,0.51
2026-01-23 18:00:00,108,1.4,-1.4,38.0,0.07
2026-01-23 19:00:00,108,1.9,-1.3,53.0,None
2026-01-23 20:00:00,108,1.9,-1.3,59.0,None
2026-01-23 21:00:00,108,1.1,-1.9,67.0,None
2026-01-23 22:00:00,108,0.5,-2.1,84.0,None
2026-01-23 23:00:00,108,1.0,-2.0,86.0,None
2026-01-24 00:00:00,108,1.8,-1.9,88.0,None
2026-01-24 01:00:00,108,3.6,-2.4,87.0,None
2026-01-24 02:00:00,108,2.8,-4.3,77.0,None
2026-01-24 03:00:00,108,2.1,-5.3,76.0,None
2026-01-24 04:00:00,108,2.2,-6.2,72.0,None
2026-01-24 05:00:00,108,2.8,-7.0,64.0,None
2026-01-24 06:00:00,108,3.3,-7.4,58.0,None
2026-01-24 07:00:00,108,3.8,-7.8,57.0,None
2026-01-24 08:00:00,108,2.5,-8.7,51.0,0.01
2026-01-24 09:00:00,108,2.4,-8.5,49.0,0.39
2026-01-24 10:00:00,108,2.5,-7.2,41.0,1.05
2026-01-24 11:00:00,108,3.1,-5.8,36.0,1.68
2026-01-24 12:00:00,108,3.0,-4.7,34.0,2.11
2026-01-24 13:00:00,108,2.8,-2.9,33.0,2.29
2026-01-24 14:00:00,108,3.4,-2.6,29.0,2.22
2026-01-24 15:00:00,108,2.4,-1.4,33.0,1.91
2026-01-24 16:00:00,108,3.3,-1.7,32.0,1.41
2026-01-24 17:00:00,108,2.8,-2.5,37.0,0.71
2026-01-24 18:00:00,108,2.3,-3.7,47.0,0.13
2026-01-24 19:00:00,108,2.4,-4.1,53.0,None
2026-01-24 20:00:00,108,2.3,-4.3,55.0,None
2026-01-24 21:00:00,108,2.8,-4.8,41.0,None
2026-01-24 22:00:00,108,3.4,-5.2,41.0,None
2026-01-24 23:00:00,108,2.3,-5.9,42.0,None
2026-01-25 00:00:00,108,2.9,-6.3,38.0,None
2026-01-25 01:00:00,108,0.9,-6.9,35.0,None
2026-01-25 02:00:00,108,1.4,-7.4,37.0,None
2026-01-25 03:00:00,108,1.6,-8.0,41.0,None
2026-01-25 04:00:00,108,1.5,-7.6,43.0,None
2026-01-25 05:00:00,108,1.3,-8.3,46.0,None
2026-01-25 06:00:00,108,1.9,-8.1,49.0,None
2026-01-25 07:00:00,108,1.1,None,46.0,None
2026-01-25 08:00:00,108,2.3,None,46.0,0.01
2026-01-25 09:00:00,108,3.6,-8.5,43.0,0.4
2026-01-25 10:00:00,108,4.9,-7.6,39.0,1.04
2026-01-25 11:00:00,108,2.4,-5.9,36.0,1.65
2026-01-25 12:00:00,108,2.6,-4.2,32.0,2.09
2026-01-25 13:00:00,108,3.3,-3.8,32.0,2.26
2026-01-25 14:00:00,108,4.0,-2.5,30.0,2.19
2026-01-25 15:00:00,108,4.2,-2.4,28.0,1.88
2026-01-25 16:00:00,108,2.6,-2.1,30.0,1.38
2026-01-25 17:00:00,108,1.7,-2.8,30.0,0.7
2026-01-25 18:00:00,108,2.3,-4.1,37.0,0.15
2026-01-25 19:00:00,108,2.2,-4.9,42.0,None
2026-01-25 20:00:00,108,0.6,-5.3,46.0,None
2026-01-25 21:00:00,108,2.5,-5.7,49.0,None
2026-01-25 22:00:00,108,1.5,-6.2,52.0,None
2026-01-25 23:00:00,108,1.1,-6.4,50.0,None
2026-01-26 00:00:00,108,1.7,-6.9,54.0,None
2026-01-26 01:00:00,108,1.6,-7.6,56.0,None
2026-01-26 02:00:00,108,1.7,-7.8,57.0,None
2026-01-26 03:00:00,108,0.9,-7.6,57.0,None
2026-01-26 04:00:00,108,1.2,-7.8,59.0,None
2026-01-26 05:00:00,108,1.9,-8.0,60.0,None
2026-01-26 06:00:00,108,1.9,-7.8,61.0,None
2026-01-26 07:00:00,108,2.0,-7.5,59.0,None
2026-01-26 08:00:00,108,2.2,-7.6,59.0,0.0
2026-01-26 09:00:00,108,2.2,-6.6,58.0,0.26
2026-01-26 10:00:00,108,0.6,-5.4,54.0,0.52
2026-01-26 11:00:00,108,2.1,-3.7,53.0,0.74
2026-01-26 12:00:00,108,2.5,-2.6,48.0,1.08
2026-01-26 13:00:00,108,1.2,-2.1,47.0,0.98
2026-01-26 14:00:00,108,2.5,-1.3,44.0,1.36
2026-01-26 15:00:00,108,1.7,-0.6,42.0,1.26
2026-01-26 16:00:00,108,1.7,-0.4,42.0,0.99
2026-01-26 17:00:00,108,2.3,-1.2,40.0,0.45
2026-01-26 18:00:00,108,1.5,-2.1,39.0,0.08
2026-01-26 19:00:00,108,1.4,-2.6,39.0,None
2026-01-26 20:00:00,108,2.0,-3.0,43.0,None
2026-01-26 21:00:00,108,1.5,-3.4,50.0,None
2026-01-26 22:00:00,108,2.3,-3.3,53.0,None
2026-01-26 23:00:00,108,1.6,-3.5,57.0,None
2026-01-27 00:00:00,108,1.7,-3.2,59.0,None
2026-01-27 01:00:00,108,2.4,-3.0,66.0,None
2026-01-27 02:00:00,108,2.5,-3.9,64.0,None
2026-01-27 03:00:00,108,2.3,-4.8,61.0,None
2026-01-27 04:00:00,108,1.0,-5.7,62.0,None
2026-01-27 05:00:00,108,1.3,-6.3,63.0,None
2026-01-27 06:00:00,108,2.1,-6.3,61.0,None
2026-01-27 07:00:00,108,1.5,-6.4,64.0,None
2026-01-27 08:00:00,108,0.8,-6.9,66.0,0.01
2026-01-27 09:00:00,108,2.3,-6.4,62.0,0.36
2026-01-27 10:00:00,108,3.2,-5.4,52.0,0.99
2026-01-27 11:00:00,108,2.5,-3.7,45.0,1.63
2026-01-27 12:00:00,108,2.9,-2.5,41.0,2.06
2026-01-27 13:00:00,108,3.0,-2.0,34.0,2.23
2026-01-27 14:00:00,108,2.6,-0.7,34.0,2.21
2026-01-27 15:00:00,108,3.6,-0.6,30.0,1.91
2026-01-27 16:00:00,108,4.1,-0.4,29.0,1.43
2026-01-27 17:00:00,108,3.3,-1.1,31.0,0.73
2026-01-27 18:00:00,108,3.3,-2.5,40.0,0.15
2026-01-27 19:00:00,108,2.3,-3.2,44.0,None
2026-01-27 20:00:00,108,2.4,-3.8,40.0,None
2026-01-27 21:00:00,108,3.9,-4.9,42.0,None
2026-01-27 22:00:00,108,5.0,-5.9,44.0,None
2026-01-27 23:00:00,108,2.8,-6.7,48.0,None
2026-01-28 00:00:00,108,1.7,-7.4,49.0,None
2026-01-28 01:00:00,108,1.5,-7.8,48.0,None
2026-01-28 02:00:00,108,1.4,-8.1,49.0,None
2026-01-28 03:00:00,108,1.0,-8.5,50.0,None
2026-01-28 04:00:00,108,1.1,-8.7,51.0,None
2026-01-28 05:00:00,108,0.9,-9.3,51.0,None
2026-01-28 06:00:00,108,2.3,-8.9,50.0,None
2026-01-28 07:00:00,108,1.8,-9.3,49.0,None
2026-01-28 08:00:00,108,2.2,-9.1,48.0,0.01
2026-01-28 09:00:00,108,2.1,-8.4,49.0,0.4
2026-01-28 10:00:00,108,2.8,-6.7,42.0,1.05
2026-01-28 11:00:00,108,4.3,-5.5,35.0,1.65
2026-01-28 12:00:00,108,4.2,-4.4,32.0,2.11
2026-01-28 13:00:00,108,3.6,-3.2,30.0,2.29
2026-01-28 14:00:00,108,3.3,-2.3,28.0,2.23
2026-01-28 15:00:00,108,3.6,-1.1,25.0,1.94
2026-01-28 16:00:00,108,3.0,-0.8,25.0,1.44
2026-01-28 17:00:00,108,3.3,-1.2,27.0,0.73
2026-01-28 18:00:00,108,3.5,-2.5,31.0,0.15
2026-01-28 19:00:00,108,2.6,-3.0,34.0,None
2026-01-28 20:00:00,108,2.5,-3.5,38.0,None
2026-01-28 21:00:00,108,3.6,-3.8,39.0,None
2026-01-28 22:00:00,108,3.0,-4.1,38.0,None
2026-01-28 23:00:00,108,2.4,-4.7,41.0,None
2026-01-29 00:00:00,108,1.8,-5.4,46.0,None
2026-01-29 01:00:00,108,1.9,-6.1,42.0,None
2026-01-29 02:00:00,108,1.8,-6.6,43.0,None
2026-01-29 03:00:00,108,2.0,-7.2,44.0,None
2026-01-29 04:00:00,108,2.1,-7.7,47.0,None
2026-01-29 05:00:00,108,1.3,-8.3,49.0,None
2026-01-29 06:00:00,108,1.8,-8.2,51.0,None
2026-01-29 07:00:00,108,2.0,-8.6,50.0,None
2026-01-29 08:00:00,108,1.0,-8.7,51.0,0.01
2026-01-29 09:00:00,108,1.7,-7.3,50.0,0.4
2026-01-29 10:00:00,108,3.3,-5.2,43.0,1.1
2026-01-29 11:00:00,108,2.9,-3.9,36.0,1.71
2026-01-29 12:00:00,108,3.3,-2.7,30.0,2.13
2026-01-29 13:00:00,108,3.9,-2.1,28.0,2.33
2026-01-29 14:00:00,108,4.3,-1.2,24.0,2.29
2026-01-29 15:00:00,108,4.2,-0.9,24.0,1.99
2026-01-29 16:00:00,108,4.1,-0.4,23.0,1.51
2026-01-29 17:00:00,108,4.1,-1.1,25.0,0.81
2026-01-29 18:00:00,108,3.5,-2.4,28.0,0.18
2026-01-29 19:00:00,108,2.5,-3.4,26.0,None
2026-01-29 20:00:00,108,3.2,-4.0,27.0,None
2026-01-29 21:00:00,108,4.1,-5.3,37.0,None
2026-01-29 22:00:00,108,3.6,-6.6,41.0,None
2026-01-29 23:00:00,108,1.8,-7.3,42.0,None
2026-01-30 00:00:00,108,0.8,-7.8,43.0,None
2026-01-30 01:00:00,108,0.4,-8.3,44.0,None
2026-01-30 02:00:00,108,1.4,-8.9,45.0,None
2026-01-30 03:00:00,108,1.9,None,46.0,None
2026-01-30 04:00:00,108,2.8,-8.8,44.0,None
2026-01-30 05:00:00,108,1.9,-8.8,45.0,None
2026-01-30 06:00:00,108,1.3,None,47.0,None
2026-01-30 07:00:00,108,2.2,None,49.0,None
2026-01-30 08:00:00,108,2.8,-9.1,47.0,0.01
2026-01-30 09:00:00,108,2.9,-8.7,46.0,0.4
2026-01-30 10:00:00,108,2.2,-7.5,42.0,1.08
2026-01-30 11:00:00,108,3.2,-6.5,38.0,1.68
2026-01-30 12:00:00,108,3.3,-5.2,35.0,2.08
2026-01-30 13:00:00,108,2.7,-4.3,33.0,1.72
2026-01-30 14:00:00,108,2.6,-2.5,32.0,2.02
2026-01-30 15:00:00,108,3.4,-2.1,32.0,1.71
2026-01-30 16:00:00,108,3.2,-2.7,32.0,1.31
2026-01-30 17:00:00,108,2.5,-3.0,32.0,0.64
2026-01-30 18:00:00,108,2.6,-4.3,36.0,0.18
2026-01-30 19:00:00,108,2.8,-5.0,39.0,None
2026-01-30 20:00:00,108,0.9,-5.7,41.0,None
2026-01-30 21:00:00,108,1.6,-6.1,42.0,None
2026-01-30 22:00:00,108,1.0,-6.4,42.0,None
2026-01-30 23:00:00,108,2.6,-6.6,45.0,None
2026-01-31 00:00:00,108,2.9,-7.0,47.0,None
2026-01-31 01:00:00,108,0.8,-7.8,47.0,None
2026-01-31 02:00:00,108,1.7,-8.2,51.0,None
2026-01-31 03:00:00,108,2.4,-8.2,50.0,None
2026-01-31 04:00:00,108,0.5,-8.8,50.0,None
2026-01-31 05:00:00,108,1.2,-9.1,51.0,None
2026-01-31 06:00:00,108,0.9,None,52.0,None
2026-01-31 07:00:00,108,1.4,-9.3,56.0,None
2026-01-31 08:00:00,108,0.7,-9.3,54.0,0.01
2026-01-31 09:00:00,108,1.0,-8.6,55.0,0.33
2026-01-31 10:00:00,108,1.2,-5.7,46.0,0.97
2026-01-31 11:00:00,108,2.5,-2.8,36.0,1.63
2026-01-31 12:00:00,108,2.2,-1.7,30.0,2.06
2026-01-31 13:00:00,108,2.4,-0.1,25.0,2.29
2026-01-31 14:00:00,108,3.7,0.6,21.0,2.25
2026-01-31 15:00:00,108,3.4,1.3,24.0,1.97
2026-01-31 16:00:00,108,3.1,1.3,26.0,1.47
2026-01-31 17:00:00,108,3.1,0.3,29.0,0.76
2026-01-31 18:00:00,108,2.3,-1.4,32.0,0.18
2026-01-31 19:00:00,108,2.0,-2.3,38.0,None
2026-01-31 20:00:00,108,0.9,-2.8,51.0,None
2026-01-31 21:00:00,108,1.4,-3.0,61.0,None
2026-01-31 22:00:00,108,1.7,-2.3,65.0,None
2026-01-31 23:00:00,108,0.9,-2.3,61.0,None
2026-02-01 00:00:00,108,1.8,-2.1,60.0,None
2026-02-01 01:00:00,108,2.4,-2.0,60.0,None
2026-02-01 02:00:00,108,2.4,-2.6,56.0,None
2026-02-01 03:00:00,108,1.8,-3.6,58.0,None
2026-02-01 04:00:00,108,1.8,-4.5,61.0,None
2026-02-01 05:00:00,108,3.1,-5.1,61.0,None
2026-02-01 06:00:00,108,1.7,-6.1,61.0,None
2026-02-01 07:00:00,108,1.0,-6.8,61.0,None
2026-02-01 08:00:00,108,0.8,-7.1,62.0,0.01
2026-02-01 09:00:00,108,1.0,-6.0,63.0,0.42
2026-02-01 10:00:00,108,2.3,-3.3,57.0,1.02
2026-02-01 11:00:00,108,2.9,-2.0,47.0,1.68
2026-02-01 12:00:00,108,2.4,-0.5,36.0,2.07
2026-02-01 13:00:00,108,4.6,0.1,29.0,2.28
2026-02-01 14:00:00,108,4.0,0.9,26.0,2.26
2026-02-01 15:00:00,108,4.0,1.6,27.0,1.98
2026-02-01 16:00:00,108,3.5,1.8,30.0,1.41
2026-02-01 17:00:00,108,3.1,0.7,36.0,0.67
2026-02-01 18:00:00,108,2.1,-0.4,41.0,0.14
2026-02-01 19:00:00,108,1.2,-0.5,43.0,None
2026-02-01 20:00:00,108,2.5,-0.4,51.0,None
2026-02-01 21:00:00,108,0.6,-0.5,57.0,None
2026-02-01 22:00:00,108,1.3,-0.5,54.0,None
2026-02-01 23:00:00,108,1.5,-0.4,54.0,None
2026-02-02 00:00:00,108,1.6,-0.5,57.0,None
2026-02-02 01:00:00,108,1.9,-1.1,86.0,None
2026-02-02 02:00:00,108,1.5,-1.4,88.0,None
2026-02-02 03:00:00,108,0.3,-1.8,84.0,None
2026-02-02 04:00:00,108,0.4,-1.9,85.0,None
2026-02-02 05:00:00,108,1.6,-2.4,87.0,None
2026-02-02 06:00:00,108,1.7,-3.2,88.0,None
2026-02-02 07:00:00,108,3.2,-3.3,90.0,None
2026-02-02 08:00:00,108,3.4,-3.6,86.0,0.01
2026-02-02 09:00:00,108,2.2,-3.8,80.0,0.17
2026-02-02 10:00:00,108,2.7,-3.0,73.0,0.56
2026-02-02 11:00:00,108,2.6,-1.5,62.0,0.79
2026-02-02 12:00:00,108,3.6,-1.3,47.0,1.74
2026-02-02 13:00:00,108,2.9,0.1,49.0,2.09
2026-02-02 14:00:00,108,3.8,0.0,39.0,2.28
2026-02-02 15:00:00,108,2.6,0.6,37.0,2.02
2026-02-02 16:00:00,108,2.9,0.5,35.0,1.55
2026-02-02 17:00:00,108,3.7,0.5,35.0,0.85
2026-02-02 18:00:00,108,2.5,-1.0,43.0,0.21
2026-02-02 19:00:00,108,2.6,-1.7,51.0,None
2026-02-02 20:00:00,108,3.1,-2.0,56.0,None
2026-02-02 21:00:00,108,1.9,-2.3,57.0,None
2026-02-02 22:00:00,108,2.0,-2.8,56.0,None
2026-02-02 23:00:00,108,1.7,-3.5,60.0,None
2026-02-03 00:00:00,108,1.4,-4.3,59.0,None
2026-02-03 01:00:00,108,1.6,-4.9,62.0,None
2026-02-03 02:00:00,108,1.5,-5.3,61.0,None
2026-02-03 03:00:00,108,2.4,-5.9,60.0,None
2026-02-03 04:00:00,108,1.4,-6.5,61.0,None
2026-02-03 05:00:00,108,1.2,-7.1,62.0,None
2026-02-03 06:00:00,108,1.8,-7.5,64.0,None
2026-02-03 07:00:00,108,2.1,-7.4,67.0,None
2026-02-03 08:00:00,108,1.7,-7.5,69.0,0.02
2026-02-03 09:00:00,108,2.5,-6.2,70.0,0.41
2026-02-03 10:00:00,108,2.0,-3.3,63.0,1.11
2026-02-03 11:00:00,108,1.0,-0.5,50.0,1.69
2026-02-03 12:00:00,108,1.4,2.0,44.0,2.11
2026-02-03 13:00:00,108,2.1,3.6,42.0,2.32
2026-02-03 14:00:00,108,2.2,4.3,44.0,2.27
2026-02-03 15:00:00,108,2.2,5.4,42.0,1.98
2026-02-03 16:00:00,108,2.4,5.1,44.0,1.48
2026-02-03 17:00:00,108,3.1,4.0,52.0,0.75
2026-02-03 18:00:00,108,2.1,2.5,59.0,0.13
2026-02-03 19:00:00,108,1.8,1.7,62.0,None
2026-02-03 20:00:00,108,1.1,1.4,66.0,None
2026-02-03 21:00:00,108,0.3,1.2,65.0,None
2026-02-03 22:00:00,108,0.4,1.2,68.0,None
2026-02-03 23:00:00,108,0.8,1.1,70.0,None
2026-02-04 00:00:00,108,2.6,1.6,73.0,None
2026-02-04 01:00:00,108,1.4,1.3,76.0,None
2026-02-04 02:00:00,108,1.6,1.2,77.0,None
2026-02-04 03:00:00,108,1.3,1.1,76.0,None
2026-02-04 04:00:00,108,2.0,1.1,77.0,None
2026-02-04 05:00:00,108,2.3,1.0,75.0,None
2026-02-04 06:00:00,108,2.5,1.0,77.0,None
2026-02-04 07:00:00,108,2.7,1.1,77.0,None
2026-02-04 08:00:00,108,1.9,1.0,76.0,0.01
2026-02-04 09:00:00,108,2.0,1.3,76.0,0.18
2026-02-04 10:00:00,108,1.3,2.2,74.0,0.41
2026-02-04 11:00:00,108,1.2,3.4,70.0,0.56
2026-02-04 12:00:00,108,2.1,4.0,67.0,0.52
2026-02-04 13:00:00,108,1.7,4.6,65.0,0.62
2026-02-04 14:00:00,108,1.8,5.3,64.0,0.45
2026-02-04 15:00:00,108,1.6,5.3,65.0,0.32
2026-02-04 16:00:00,108,2.0,5.4,65.0,0.35
2026-02-04 17:00:00,108,1.2,5.7,64.0,0.41
2026-02-04 18:00:00,108,1.0,5.2,67.0,0.09
2026-02-04 19:00:00,108,1.9,4.5,67.0,None
2026-02-04 20:00:00,108,1.6,3.7,72.0,None
2026-02-04 21:00:00,108,0.8,3.2,73.0,None
2026-02-04 22:00:00,108,0.9,2.4,75.0,None
2026-02-04 23:00:00,108,1.2,1.9,78.0,None
2026-02-05 00:00:00,108,1.5,1.4,78.0,None
2026-02-05 01:00:00,108,1.0,1.7,79.0,None
2026-02-05 02:00:00,108,1.8,1.8,80.0,None
2026-02-05 03:00:00,108,1.4,2.0,79.0,None
2026-02-05 04:00:00,108,0.5,2.2,78.0,None
2026-02-05 05:00:00,108,0.6,2.3,78.0,None
2026-02-05 06:00:00,108,1.2,2.6,77.0,None
2026-02-05 07:00:00,108,2.0,2.6,77.0,None
2026-02-05 08:00:00,108,1.8,2.3,77.0,0.01
2026-02-05 09:00:00,108,0.4,3.1,77.0,0.13
2026-02-05 10:00:00,108,1.9,4.5,74.0,0.57
2026-02-05 11:00:00,108,1.2,5.6,69.0,0.54
2026-02-05 12:00:00,108,2.4,8.2,66.0,1.31
2026-02-05 13:00:00,108,3.3,9.9,62.0,2.0
2026-02-05 14:00:00,108,3.7,9.4,64.0,1.07
2026-02-05 15:00:00,108,4.0,8.9,68.0,0.7
2026-02-05 16:00:00,108,3.1,8.3,69.0,0.83
2026-02-05 17:00:00,108,3.0,7.3,71.0,0.35
2026-02-05 18:00:00,108,4.4,5.3,80.0,0.09
2026-02-05 19:00:00,108,2.7,4.2,73.0,None
2026-02-05 20:00:00,108,2.0,3.0,74.0,None
2026-02-05 21:00:00,108,4.1,1.4,54.0,None
2026-02-05 22:00:00,108,4.5,-0.3,47.0,None
2026-02-05 23:00:00,108,3.2,-1.8,53.0,None
2026-02-06 00:00:00,108,4.8,-2.8,53.0,None
2026-02-06 01:00:00,108,4.3,-3.5,50.0,None
2026-02-06 02:00:00,108,3.9,-4.3,46.0,None
2026-02-06 03:00:00,108,3.7,-4.9,44.0,None
2026-02-06 04:00:00,108,3.5,-5.4,39.0,None
2026-02-06 05:00:00,108,4.3,-6.2,38.0,None
2026-02-06 06:00:00,108,3.6,-6.7,36.0,None
2026-02-06 07:00:00,108,3.0,-7.5,37.0,None
2026-02-06 08:00:00,108,3.3,-8.0,37.0,0.02
2026-02-06 09:00:00,108,4.0,-8.0,33.0,0.42
2026-02-06 10:00:00,108,4.7,-7.6,30.0,1.19
2026-02-06 11:00:00,108,4.3,-6.4,29.0,1.72
2026-02-06 12:00:00,108,3.8,-5.8,26.0,2.1
2026-02-06 13:00:00,108,3.3,-4.1,23.0,2.41
2026-02-06 14:00:00,108,3.0,-3.0,24.0,2.37
2026-02-06 15:00:00,108,3.2,-2.5,23.0,2.07
2026-02-06 16:00:00,108,3.7,-2.7,23.0,1.54
2026-02-06 17:00:00,108,3.1,-3.9,26.0,0.8
2026-02-06 18:00:00,108,2.7,-5.1,28.0,0.17
2026-02-06 19:00:00,108,3.2,-5.5,29.0,0.0
2026-02-06 20:00:00,108,3.1,-6.2,31.0,None
2026-02-06 21:00:00,108,3.3,-6.8,32.0,None
2026-02-06 22:00:00,108,3.4,-7.3,34.0,None
2026-02-06 23:00:00,108,3.2,-7.9,35.0,None
2026-02-07 00:00:00,108,2.3,-8.3,35.0,None
2026-02-07 01:00:00,108,2.6,-8.6,35.0,None
2026-02-07 02:00:00,108,2.2,-8.9,35.0,None
2026-02-07 03:00:00,108,2.2,-9.5,37.0,None
2026-02-07 04:00:00,108,1.7,-9.9,38.0,None
2026-02-07 05:00:00,108,1.3,-10.4,40.0,None
2026-02-07 06:00:00,108,3.3,-10.2,39.0,None
2026-02-07 07:00:00,108,3.5,-10.7,40.0,None
2026-02-07 08:00:00,108,2.9,-10.8,38.0,0.02
2026-02-07 09:00:00,108,2.1,-10.3,41.0,0.49
2026-02-07 10:00:00,108,3.3,-9.2,37.0,1.26
2026-02-07 11:00:00,108,2.0,-7.3,30.0,1.87
2026-02-07 12:00:00,108,3.3,-5.4,29.0,2.31
2026-02-07 13:00:00,108,3.6,-4.8,25.0,2.52
2026-02-07 14:00:00,108,3.8,-5.1,25.0,2.49
2026-02-07 15:00:00,108,5.0,-4.2,26.0,2.18
2026-02-07 16:00:00,108,4.9,-4.3,25.0,1.67
2026-02-07 17:00:00,108,4.4,-4.8,22.0,0.95
2026-02-07 18:00:00,108,4.0,-6.1,22.0,0.28
2026-02-07 19:00:00,108,3.8,-6.9,25.0,0.01
2026-02-07 20:00:00,108,4.5,-7.6,28.0,None
2026-02-07 21:00:00,108,2.9,-8.7,37.0,None
2026-02-07 22:00:00,108,3.1,-9.9,45.0,None
2026-02-07 23:00:00,108,1.9,-10.5,44.0,None
2026-02-08 00:00:00,108,2.6,-10.7,45.0,None
2026-02-08 01:00:00,108,3.8,-10.6,44.0,None
2026-02-08 02:00:00,108,3.2,-10.7,41.0,None
2026-02-08 03:00:00,108,3.9,-10.9,39.0,None
2026-02-08 04:00:00,108,2.2,-11.3,40.0,None
2026-02-08 05:00:00,108,3.4,-11.6,42.0,None
2026-02-08 06:00:00,108,2.2,-11.9,43.0,None
2026-02-08 07:00:00,108,2.5,-12.2,42.0,None
2026-02-08 08:00:00,108,2.9,-12.2,43.0,0.03
2026-02-08 09:00:00,108,3.3,-11.7,41.0,0.48
2026-02-08 10:00:00,108,2.5,-10.4,37.0,1.2
2026-02-08 11:00:00,108,3.2,-9.3,34.0,1.82
2026-02-08 12:00:00,108,2.6,-7.6,30.0,2.24
2026-02-08 13:00:00,108,2.6,-6.3,29.0,2.45
2026-02-08 14:00:00,108,3.7,-5.8,27.0,2.47
2026-02-08 15:00:00,108,2.8,-4.0,28.0,2.17
2026-02-08 16:00:00,108,3.6,-3.6,28.0,1.65
2026-02-08 17:00:00,108,4.1,-4.1,27.0,0.93
2026-02-08 18:00:00,108,3.0,-5.3,38.0,0.28
2026-02-08 19:00:00,108,2.3,-5.9,41.0,0.01
2026-02-08 20:00:00,108,3.2,-6.0,41.0,None
2026-02-08 21:00:00,108,3.0,-6.3,33.0,None
2026-02-08 22:00:00,108,1.9,-7.0,34.0,None
2026-02-08 23:00:00,108,3.5,-7.3,36.0,None
2026-02-09 00:00:00,108,1.4,-8.1,43.0,None
2026-02-09 01:00:00,108,0.9,-8.8,47.0,None
2026-02-09 02:00:00,108,1.3,None,50.0,None
2026-02-09 03:00:00,108,1.1,-9.7,53.0,None
2026-02-09 04:00:00,108,1.3,-9.7,53.0,None
2026-02-09 05:00:00,108,0.9,-9.8,54.0,None
2026-02-09 06:00:00,108,1.5,-10.0,52.0,None
2026-02-09 07:00:00,108,1.6,-9.9,56.0,None
2026-02-09 08:00:00,108,2.0,-9.9,56.0,0.03
2026-02-09 09:00:00,108,2.2,-8.2,54.0,0.5
2026-02-09 10:00:00,108,2.2,-4.9,46.0,1.22
2026-02-09 11:00:00,108,1.7,-1.7,35.0,1.81
2026-02-09 12:00:00,108,1.9,0.2,33.0,2.3
2026-02-09 13:00:00,108,1.6,2.1,37.0,2.44
2026-02-09 14:00:00,108,2.8,2.7,40.0,2.4
2026-02-09 15:00:00,108,2.0,3.8,38.0,2.12
2026-02-09 16:00:00,108,2.5,4.0,38.0,1.59
2026-02-09 17:00:00,108,2.1,3.6,40.0,0.84
2026-02-09 18:00:00,108,1.8,2.0,53.0,0.25
2026-02-09 19:00:00,108,2.0,0.8,62.0,0.0
2026-02-09 20:00:00,108,1.2,-0.1,66.0,None
2026-02-09 21:00:00,108,0.8,-0.9,70.0,None
2026-02-09 22:00:00,108,1.4,-1.3,71.0,None
2026-02-09 23:00:00,108,1.6,-1.8,74.0,None
2026-02-10 00:00:00,108,1.2,-2.1,77.0,None
2026-02-10 01:00:00,108,1.5,-2.3,77.0,None
2026-02-10 02:00:00,108,1.7,-2.5,75.0,None
2026-02-10 03:00:00,108,1.4,-2.1,75.0,None
2026-02-10 04:00:00,108,1.9,-2.1,75.0,None
2026-02-10 05:00:00,108,1.5,-1.9,72.0,None
2026-02-10 06:00:00,108,1.6,-1.4,71.0,None
2026-02-10 07:00:00,108,1.6,-1.0,68.0,None
2026-02-10 08:00:00,108,2.2,-0.7,67.0,0.0
2026-02-10 09:00:00,108,2.7,-0.3,65.0,0.07
2026-02-10 10:00:00,108,2.2,0.3,63.0,0.24
2026-02-10 11:00:00,108,2.3,1.3,58.0,0.45
2026-02-10 12:00:00,108,2.4,2.2,54.0,0.68
2026-02-10 13:00:00,108,0.8,2.8,62.0,0.61
2026-02-10 14:00:00,108,1.7,4.2,66.0,1.09
2026-02-10 15:00:00,108,0.6,4.8,67.0,0.66
2026-02-10 16:00:00,108,2.0,4.2,75.0,0.26
2026-02-10 17:00:00,108,0.6,3.6,83.0,0.1
2026-02-10 18:00:00,108,0.8,3.2,85.0,0.03
2026-02-10 19:00:00,108,1.0,3.1,85.0,0.0
2026-02-10 20:00:00,108,0.8,3.1,87.0,None
2026-02-10 21:00:00,108,0.6,2.9,88.0,None
2026-02-10 22:00:00,108,1.4,2.7,87.0,None
2026-02-10 23:00:00,108,1.7,2.5,88.0,None
2026-02-11 00:00:00,108,0.9,1.9,84.0,None
2026-02-11 01:00:00,108,1.8,1.4,90.0,None
2026-02-11 02:00:00,108,0.9,1.6,91.0,None
2026-02-11 03:00:00,108,1.1,1.5,90.0,None
2026-02-11 04:00:00,108,0.8,1.7,91.0,None
2026-02-11 05:00:00,108,0.3,1.7,89.0,None
2026-02-11 06:00:00,108,0.9,1.8,89.0,None
2026-02-11 07:00:00,108,0.7,1.9,90.0,None
2026-02-11 08:00:00,108,2.4,2.0,92.0,0.01
2026-02-11 09:00:00,108,2.2,2.2,90.0,0.12
2026-02-11 10:00:00,108,2.3,2.6,88.0,0.4
2026-02-11 11:00:00,108,2.2,3.3,84.0,0.64
2026-02-11 12:00:00,108,2.3,3.2,84.0,0.47
2026-02-11 13:00:00,108,2.8,4.0,75.0,0.77
2026-02-11 14:00:00,108,3.0,5.4,63.0,1.79
2026-02-11 15:00:00,108,3.2,6.6,55.0,1.75
2026-02-11 16:00:00,108,3.6,6.8,52.0,1.54
2026-02-11 17:00:00,108,2.6,6.2,57.0,0.85
2026-02-11 18:00:00,108,2.4,4.3,65.0,0.22
2026-02-11 19:00:00,108,2.3,3.1,69.0,0.01
2026-02-11 20:00:00,108,2.1,2.2,74.0,None
2026-02-11 21:00:00,108,1.7,1.5,75.0,None
2026-02-11 22:00:00,108,0.8,0.9,78.0,None
2026-02-11 23:00:00,108,0.7,0.3,82.0,None
2026-02-12 00:00:00,108,1.3,0.1,87.0,None
2026-02-12 01:00:00,108,0.6,-0.3,87.0,None
2026-02-12 02:00:00,108,1.9,-0.7,88.0,None
2026-02-12 03:00:00,108,1.4,-1.0,90.0,None
2026-02-12 04:00:00,108,0.2,-1.8,89.0,None
2026-02-12 05:00:00,108,0.6,-2.1,89.0,None
2026-02-12 06:00:00,108,0.2,-2.2,91.0,None
2026-02-12 07:00:00,108,0.9,-2.4,91.0,None
2026-02-12 08:00:00,108,2.2,-2.5,93.0,0.03
2026-02-12 09:00:00,108,2.7,-1.4,93.0,0.51
2026-02-12 10:00:00,108,1.9,0.9,87.0,1.28
2026-02-12 11:00:00,108,1.9,3.1,71.0,1.83
2026-02-12 12:00:00,108,1.5,4.1,64.0,1.02
2026-02-12 13:00:00,108,2.7,5.9,60.0,1.43
2026-02-12 14:00:00,108,2.5,7.0,58.0,1.67
2026-02-12 15:00:00,108,2.7,8.5,57.0,1.62
2026-02-12 16:00:00,108,2.9,7.7,58.0,0.93
2026-02-12 17:00:00,108,3.7,7.3,59.0,0.59
2026-02-12 18:00:00,108,1.9,6.4,66.0,0.19
2026-02-12 19:00:00,108,2.4,5.4,70.0,0.01
2026-02-12 20:00:00,108,1.9,4.7,73.0,None
2026-02-12 21:00:00,108,2.1,4.2,76.0,None
2026-02-12 22:00:00,108,1.2,3.8,76.0,None
2026-02-12 23:00:00,108,0.8,3.8,78.0,None
2026-02-13 00:00:00,108,1.0,4.0,81.0,None
2026-02-13 01:00:00,108,0.6,3.9,79.0,None
2026-02-13 02:00:00,108,1.3,3.9,81.0,None
2026-02-13 03:00:00,108,0.4,3.8,82.0,None
2026-02-13 04:00:00,108,1.1,3.8,81.0,None
2026-02-13 05:00:00,108,0.7,3.8,82.0,None
2026-02-13 06:00:00,108,2.1,3.7,81.0,None
2026-02-13 07:00:00,108,1.3,3.7,81.0,None
2026-02-13 08:00:00,108,1.2,3.6,83.0,0.02
2026-02-13 09:00:00,108,1.0,4.3,82.0,0.19
2026-02-13 10:00:00,108,1.8,5.4,80.0,0.47
2026-02-13 11:00:00,108,1.8,6.1,76.0,0.52
2026-02-13 12:00:00,108,0.9,6.3,75.0,0.31
2026-02-13 13:00:00,108,0.6,7.2,72.0,0.53
2026-02-13 14:00:00,108,1.4,7.4,70.0,0.42
2026-02-13 15:00:00,108,1.8,7.5,70.0,0.29
2026-02-13 16:00:00,108,1.2,7.8,70.0,0.29
2026-02-13 17:00:00,108,1.1,7.8,68.0,0.2
2026-02-13 18:00:00,108,0.9,7.5,71.0,0.11
2026-02-13 19:00:00,108,1.2,6.7,73.0,0.0
2026-02-13 20:00:00,108,1.2,5.8,79.0,None
2026-02-13 21:00:00,108,0.3,5.1,82.0,None
2026-02-13 22:00:00,108,0.5,4.6,86.0,None
2026-02-13 23:00:00,108,0.9,4.5,85.0,None
2026-02-14 00:00:00,108,1.6,4.2,85.0,None
2026-02-14 01:00:00,108,1.3,4.7,85.0,None
2026-02-14 02:00:00,108,1.5,4.8,85.0,None
2026-02-14 03:00:00,108,1.3,5.0,84.0,None
2026-02-14 04:00:00,108,1.5,5.1,83.0,None
2026-02-14 05:00:00,108,1.6,5.1,83.0,None
2026-02-14 06:00:00,108,1.5,4.7,84.0,None
2026-02-14 07:00:00,108,1.2,4.6,86.0,None
2026-02-14 08:00:00,108,1.8,4.6,87.0,0.01
2026-02-14 09:00:00,108,1.8,5.2,87.0,0.2
2026-02-14 10:00:00,108,2.1,6.4,81.0,0.5
2026-02-14 11:00:00,108,2.3,8.0,76.0,0.82
2026-02-14 12:00:00,108,2.6,8.6,71.0,0.66
2026-02-14 13:00:00,108,1.3,10.7,63.0,1.85
2026-02-14 14:00:00,108,2.2,12.2,57.0,2.02
2026-02-14 15:00:00,108,1.5,12.8,56.0,1.58
2026-02-14 16:00:00,108,2.6,12.1,59.0,0.56
2026-02-14 17:00:00,108,2.0,12.0,60.0,0.56
2026-02-14 18:00:00,108,1.6,11.0,64.0,0.19
2026-02-14 19:00:00,108,0.9,10.0,70.0,0.01
2026-02-14 20:00:00,108,1.3,9.3,75.0,None
2026-02-14 21:00:00,108,1.1,8.5,78.0,None
2026-02-14 22:00:00,108,1.1,7.8,79.0,None
2026-02-14 23:00:00,108,1.1,7.2,83.0,None
2026-02-15 00:00:00,108,1.9,6.8,85.0,None
2026-02-15 01:00:00,108,1.7,7.4,84.0,None
2026-02-15 02:00:00,108,1.0,7.5,83.0,None
2026-02-15 03:00:00,108,1.8,7.5,83.0,None
2026-02-15 04:00:00,108,1.1,7.3,87.0,None
2026-02-15 05:00:00,108,2.3,7.1,82.0,None
2026-02-15 06:00:00,108,1.1,6.8,80.0,None
2026-02-15 07:00:00,108,1.3,6.8,80.0,None
2026-02-15 08:00:00,108,1.9,6.7,80.0,0.02
2026-02-15 09:00:00,108,2.8,6.8,80.0,0.16
2026-02-15 10:00:00,108,2.5,7.3,77.0,0.62
2026-02-15 11:00:00,108,3.2,8.0,71.0,1.21
2026-02-15 12:00:00,108,2.7,9.6,58.0,2.06
2026-02-15 13:00:00,108,3.4,10.6,41.0,2.27
2026-02-15 14:00:00,108,4.0,11.3,30.0,2.36
2026-02-15 15:00:00,108,4.4,11.3,29.0,2.07
2026-02-15 16:00:00,108,4.3,10.6,31.0,1.69
2026-02-15 17:00:00,108,3.5,8.9,27.0,0.97
2026-02-15 18:00:00,108,3.2,6.8,34.0,0.3
2026-02-15 19:00:00,108,3.8,5.5,39.0,0.0
2026-02-15 20:00:00,108,6.2,4.4,44.0,None
2026-02-15 21:00:00,108,5.2,3.3,45.0,None
2026-02-15 22:00:00,108,1.4,2.1,47.0,None
2026-02-15 23:00:00,108,2.7,1.3,49.0,None
2026-02-16 00:00:00,108,3.3,0.7,50.0,None
2026-02-16 01:00:00,108,2.7,0.1,49.0,None
2026-02-16 02:00:00,108,2.6,-0.1,51.0,None
2026-02-16 03:00:00,108,2.9,-0.1,50.0,None
2026-02-16 04:00:00,108,2.8,-0.3,49.0,None
2026-02-16 05:00:00,108,1.3,-0.8,50.0,None
2026-02-16 06:00:00,108,2.3,-1.1,52.0,None
2026-02-16 07:00:00,108,2.9,-1.3,52.0,None
2026-02-16 08:00:00,108,2.6,-1.6,52.0,0.03
2026-02-16 09:00:00,108,2.7,-0.8,49.0,0.54
2026-02-16 10:00:00,108,2.5,0.9,44.0,1.35
2026-02-16 11:00:00,108,1.2,3.2,40.0,1.94
2026-02-16 12:00:00,108,1.3,5.2,37.0,2.34
2026-02-16 13:00:00,108,3.0,6.1,36.0,2.54
2026-02-16 14:00:00,108,2.1,7.2,36.0,2.53
2026-02-16 15:00:00,108,2.8,7.7,34.0,2.21
2026-02-16 16:00:00,108,3.1,8.4,34.0,1.76
2026-02-16 17:00:00,108,3.0,7.5,37.0,0.99
2026-02-16 18:00:00,108,4.1,5.5,38.0,0.33
2026-02-16 19:00:00,108,2.9,4.1,38.0,0.01
2026-02-16 20:00:00,108,2.3,3.6,39.0,None
2026-02-16 21:00:00,108,2.0,2.7,40.0,None
2026-02-16 22:00:00,108,1.7,1.6,44.0,None
2026-02-16 23:00:00,108,1.8,0.7,46.0,None
2026-02-17 00:00:00,108,1.6,-0.1,49.0,None
2026-02-17 01:00:00,108,0.9,-0.8,51.0,None
2026-02-17 02:00:00,108,1.5,-1.2,53.0,None
2026-02-17 03:00:00,108,1.7,-1.9,57.0,None
2026-02-17 04:00:00,108,2.1,-1.9,58.0,None
2026-02-17 05:00:00,108,2.0,-2.2,59.0,None
2026-02-17 06:00:00,108,1.1,-2.9,62.0,None
2026-02-17 07:00:00,108,2.2,-3.0,64.0,None
2026-02-17 08:00:00,108,1.3,-3.1,63.0,0.05
2026-02-17 09:00:00,108,1.5,-1.6,53.0,0.63
2026-02-17 10:00:00,108,2.5,0.7,40.0,1.44
2026-02-17 11:00:00,108,2.0,3.3,34.0,2.05
2026-02-17 12:00:00,108,2.4,5.2,27.0,2.51
2026-02-17 13:00:00,108,2.9,6.6,25.0,2.7
2026-02-17 14:00:00,108,2.2,7.5,20.0,2.68
2026-02-17 15:00:00,108,3.1,8.7,21.0,2.39
2026-02-17 16:00:00,108,4.2,7.4,27.0,1.86
2026-02-17 17:00:00,108,3.6,6.0,31.0,1.18
2026-02-17 18:00:00,108,3.1,3.7,43.0,0.37
2026-02-17 19:00:00,108,3.0,2.6,57.0,0.01
2026-02-17 20:00:00,108,3.0,2.0,63.0,None
2026-02-17 21:00:00,108,2.1,1.4,68.0,None
2026-02-17 22:00:00,108,2.4,1.6,72.0,None
2026-02-17 23:00:00,108,2.6,1.3,76.0,None
2026-02-18 00:00:00,108,2.7,1.1,79.0,None
2026-02-18 01:00:00,108,2.0,1.0,79.0,None
2026-02-18 02:00:00,108,2.0,0.5,81.0,None
2026-02-18 03:00:00,108,1.6,0.1,80.0,None
2026-02-18 04:00:00,108,1.7,0.2,84.0,None
2026-02-18 05:00:00,108,1.6,-0.1,83.0,None
2026-02-18 06:00:00,108,1.3,-0.4,85.0,None
2026-02-18 07:00:00,108,0.4,-0.7,86.0,None
2026-02-18 08:00:00,108,0.6,-0.4,89.0,0.05
2026-02-18 09:00:00,108,1.8,1.1,82.0,0.53
2026-02-18 10:00:00,108,3.1,2.8,60.0,1.27
2026-02-18 11:00:00,108,3.2,4.1,40.0,1.94
2026-02-18 12:00:00,108,4.3,5.0,37.0,2.42
2026-02-18 13:00:00,108,2.2,6.6,31.0,2.67
2026-02-18 14:00:00,108,3.6,7.0,29.0,2.64
2026-02-18 15:00:00,108,3.8,6.8,27.0,2.36
2026-02-18 16:00:00,108,4.4,7.0,27.0,1.86
2026-02-18 17:00:00,108,3.5,6.1,28.0,1.15
2026-02-18 18:00:00,108,2.9,4.7,32.0,0.39
2026-02-18 19:00:00,108,2.2,3.5,41.0,0.01
2026-02-18 20:00:00,108,3.0,2.6,45.0,None
2026-02-18 21:00:00,108,2.1,1.8,47.0,None
2026-02-18 22:00:00,108,2.7,1.3,47.0,None
2026-02-18 23:00:00,108,2.1,0.4,51.0,None
2026-02-19 00:00:00,108,1.6,-0.3,55.0,None
2026-02-19 01:00:00,108,1.8,-0.6,58.0,None
2026-02-19 02:00:00,108,2.8,-0.8,59.0,None
2026-02-19 03:00:00,108,1.8,-1.3,61.0,None
2026-02-19 04:00:00,108,0.7,-2.2,61.0,None
2026-02-19 05:00:00,108,1.7,-2.5,64.0,None
2026-02-19 06:00:00,108,2.3,-3.2,65.0,None
2026-02-19 07:00:00,108,1.2,-3.0,68.0,None
2026-02-19 08:00:00,108,1.1,-2.6,69.0,0.07
2026-02-19 09:00:00,108,0.9,-0.7,66.0,0.62
2026-02-19 10:00:00,108,2.1,2.3,58.0,1.39
2026-02-19 11:00:00,108,1.7,3.9,46.0,2.02
2026-02-19 12:00:00,108,2.7,5.8,40.0,2.47
2026-02-19 13:00:00,108,3.3,6.3,34.0,2.65
2026-02-19 14:00:00,108,2.6,7.7,33.0,2.61
2026-02-19 15:00:00,108,3.2,8.0,28.0,2.31
2026-02-19 16:00:00,108,4.4,7.2,34.0,1.79
2026-02-19 17:00:00,108,2.9,7.1,30.0,1.15
2026-02-19 18:00:00,108,1.7,5.3,28.0,0.37
2026-02-19 19:00:00,108,1.4,4.1,38.0,0.01
2026-02-19 20:00:00,108,2.1,3.3,42.0,None
2026-02-19 21:00:00,108,1.8,2.3,47.0,None
2026-02-19 22:00:00,108,0.6,1.3,53.0,None
2026-02-19 23:00:00,108,0.9,0.8,56.0,None
2026-02-20 00:00:00,108,1.3,0.5,61.0,None
2026-02-20 01:00:00,108,1.8,0.1,65.0,None
2026-02-20 02:00:00,108,1.9,-0.3,67.0,None
2026-02-20 03:00:00,108,2.2,-0.9,68.0,None
2026-02-20 04:00:00,108,2.2,-0.3,65.0,None
2026-02-20 05:00:00,108,2.6,0.8,63.0,None
2026-02-20 06:00:00,108,2.7,0.6,63.0,None
2026-02-20 07:00:00,108,2.3,0.5,63.0,None
2026-02-20 08:00:00,108,2.7,0.6,63.0,0.07
2026-02-20 09:00:00,108,2.0,2.4,59.0,0.52
2026-02-20 10:00:00,108,2.6,4.8,53.0,1.19
2026-02-20 11:00:00,108,2.1,6.9,49.0,1.81
2026-02-20 12:00:00,108,1.4,9.3,48.0,2.21
2026-02-20 13:00:00,108,2.0,11.5,44.0,2.4
2026-02-20 14:00:00,108,2.3,13.0,40.0,2.35
2026-02-20 15:00:00,108,4.4,13.4,41.0,2.02
2026-02-20 16:00:00,108,3.3,13.5,41.0,1.53
2026-02-20 17:00:00,108,3.5,12.4,47.0,0.88
2026-02-20 18:00:00,108,2.4,11.1,51.0,0.31
2026-02-20 19:00:00,108,2.9,10.0,45.0,0.01
2026-02-20 20:00:00,108,1.2,9.1,46.0,None
2026-02-20 21:00:00,108,1.0,8.2,49.0,None
2026-02-20 22:00:00,108,0.5,7.3,53.0,None
2026-02-20 23:00:00,108,1.7,6.8,52.0,None
2026-02-21 00:00:00,108,1.8,6.0,52.0,None
2026-02-21 01:00:00,108,1.3,5.5,55.0,None
2026-02-21 02:00:00,108,1.3,5.2,58.0,None
2026-02-21 03:00:00,108,1.4,4.8,58.0,None
2026-02-21 04:00:00,108,1.4,4.4,60.0,None
2026-02-21 05:00:00,108,1.5,4.0,64.0,None
2026-02-21 06:00:00,108,1.8,3.7,65.0,None
2026-02-21 07:00:00,108,2.3,3.9,67.0,None
2026-02-21 08:00:00,108,1.4,4.3,66.0,0.07
2026-02-21 09:00:00,108,2.1,6.3,62.0,0.49
2026-02-21 10:00:00,108,1.5,9.2,55.0,1.21
2026-02-21 11:00:00,108,3.1,13.3,46.0,1.84
2026-02-21 12:00:00,108,4.3,14.7,42.0,2.29
2026-02-21 13:00:00,108,4.5,16.3,38.0,2.42
2026-02-21 14:00:00,108,5.5,17.8,31.0,2.46
2026-02-21 15:00:00,108,7.1,17.8,27.0,2.19
2026-02-21 16:00:00,108,4.7,18.1,26.0,1.7
2026-02-21 17:00:00,108,5.4,16.8,29.0,0.94
2026-02-21 18:00:00,108,5.1,15.0,33.0,0.32
2026-02-21 19:00:00,108,5.0,13.8,41.0,0.02
2026-02-21 20:00:00,108,4.6,13.1,43.0,None
2026-02-21 21:00:00,108,1.2,12.3,39.0,None
2026-02-21 22:00:00,108,1.7,12.2,42.0,None
2026-02-21 23:00:00,108,1.6,11.5,45.0,None
2026-02-22 00:00:00,108,1.1,11.3,45.0,None
2026-02-22 01:00:00,108,0.7,10.8,46.0,None
2026-02-22 02:00:00,108,3.2,12.0,46.0,None
2026-02-22 03:00:00,108,2.3,12.1,45.0,None
2026-02-22 04:00:00,108,2.4,11.7,49.0,None
2026-02-22 05:00:00,108,2.6,12.0,55.0,None
2026-02-22 06:00:00,108,2.1,12.1,59.0,None
2026-02-22 07:00:00,108,1.4,12.2,64.0,None
2026-02-22 08:00:00,108,5.9,12.4,77.0,0.0
2026-02-22 09:00:00,108,4.9,11.3,80.0,0.03
2026-02-22 10:00:00,108,4.3,10.4,77.0,0.18
2026-02-22 11:00:00,108,3.7,10.4,73.0,0.83
2026-02-22 12:00:00,108,3.0,11.1,64.0,1.14
2026-02-22 13:00:00,108,4.3,10.7,64.0,0.78
2026-02-22 14:00:00,108,4.7,10.5,62.0,1.6
2026-02-22 15:00:00,108,5.2,10.6,48.0,1.93
2026-02-22 16:00:00,108,5.8,10.1,27.0,1.72
2026-02-22 17:00:00,108,4.4,8.4,24.0,1.14
2026-02-22 18:00:00,108,4.1,6.3,26.0,0.41
2026-02-22 19:00:00,108,4.9,4.5,26.0,0.02
2026-02-22 20:00:00,108,4.5,3.7,26.0,None
2026-02-22 21:00:00,108,3.6,2.7,28.0,None
2026-02-22 22:00:00,108,3.4,2.0,30.0,None
2026-02-22 23:00:00,108,3.3,1.4,32.0,None
2026-02-23 00:00:00,108,3.4,0.9,33.0,None
2026-02-23 01:00:00,108,2.4,0.4,33.0,None
2026-02-23 02:00:00,108,2.0,-0.1,35.0,None
2026-02-23 03:00:00,108,1.2,-1.0,35.0,None
2026-02-23 04:00:00,108,1.7,-1.2,37.0,None
2026-02-23 05:00:00,108,1.8,-1.2,35.0,None
2026-02-23 06:00:00,108,2.4,-1.0,37.0,None
2026-02-23 07:00:00,108,2.2,-0.8,38.0,None
2026-02-23 08:00:00,108,2.2,-0.1,44.0,0.1
2026-02-23 09:00:00,108,3.1,1.4,43.0,0.68
2026-02-23 10:00:00,108,4.0,2.1,27.0,1.5
2026-02-23 11:00:00,108,3.8,3.3,27.0,2.09
2026-02-23 12:00:00,108,4.0,3.9,21.0,2.48
2026-02-23 13:00:00,108,3.9,5.1,14.0,2.5
2026-02-23 14:00:00,108,3.8,5.7,15.0,2.39
2026-02-23 15:00:00,108,3.1,5.2,17.0,1.78
2026-02-23 16:00:00,108,4.2,4.5,19.0,1.11
2026-02-23 17:00:00,108,3.5,3.7,20.0,0.56
2026-02-23 18:00:00,108,3.8,2.9,26.0,0.23
2026-02-23 19:00:00,108,2.7,2.2,31.0,0.01
2026-02-23 20:00:00,108,2.7,1.6,37.0,None
2026-02-23 21:00:00,108,2.2,1.2,39.0,None
2026-02-23 22:00:00,108,2.5,1.3,40.0,None
2026-02-23 23:00:00,108,1.9,1.4,39.0,None
2026-02-24 00:00:00,108,3.2,1.4,41.0,None
2026-02-24 01:00:00,108,2.4,1.6,41.0,None
2026-02-24 02:00:00,108,2.3,1.4,40.0,None
2026-02-24 03:00:00,108,1.8,1.5,37.0,None
2026-02-24 04:00:00,108,2.9,1.2,34.0,None
2026-02-24 05:00:00,108,2.9,1.2,31.0,None
2026-02-24 06:00:00,108,1.8,1.2,29.0,None
2026-02-24 07:00:00,108,1.4,1.4,30.0,None
2026-02-24 08:00:00,108,2.7,1.6,31.0,0.02
2026-02-24 09:00:00,108,1.9,2.1,31.0,0.12
2026-02-24 10:00:00,108,1.3,2.7,30.0,0.2
2026-02-24 11:00:00,108,2.0,3.9,36.0,0.42
2026-02-24 12:00:00,108,1.8,3.9,33.0,0.42
2026-02-24 13:00:00,108,1.3,4.4,33.0,0.52
2026-02-24 14:00:00,108,1.0,5.3,32.0,0.62
2026-02-24 15:00:00,108,1.7,5.7,39.0,0.63
2026-02-24 16:00:00,108,1.2,5.7,41.0,0.63
2026-02-24 17:00:00,108,1.4,5.8,37.0,0.56
2026-02-24 18:00:00,108,1.4,5.3,35.0,0.41
2026-02-24 19:00:00,108,1.8,4.0,38.0,0.02
2026-02-24 20:00:00,108,1.4,3.1,41.0,None
2026-02-24 21:00:00,108,1.6,2.0,46.0,None
2026-02-24 22:00:00,108,0.7,1.7,50.0,None
2026-02-24 23:00:00,108,1.8,1.3,49.0,None
2026-02-25 00:00:00,108,1.4,0.6,53.0,None
2026-02-25 01:00:00,108,0.8,0.5,53.0,None
2026-02-25 02:00:00,108,0.6,0.4,54.0,None
2026-02-25 03:00:00,108,0.9,0.3,53.0,None
2026-02-25 04:00:00,108,0.6,-0.1,55.0,None
2026-02-25 05:00:00,108,1.2,-0.6,56.0,None
2026-02-25 06:00:00,108,2.0,-1.0,56.0,None
2026-02-25 07:00:00,108,1.3,-1.1,57.0,None
2026-02-25 08:00:00,108,1.2,-1.0,57.0,0.13
2026-02-25 09:00:00,108,2.1,2.6,46.0,0.73
2026-02-25 10:00:00,108,2.5,6.8,31.0,1.56
2026-02-25 11:00:00,108,3.1,9.3,25.0,2.19
2026-02-25 12:00:00,108,2.2,11.4,22.0,2.61
2026-02-25 13:00:00,108,2.4,13.3,19.0,2.82
2026-02-25 14:00:00,108,2.1,14.2,17.0,2.77
2026-02-25 15:00:00,108,1.9,15.7,16.0,2.47
2026-02-25 16:00:00,108,2.3,16.0,17.0,1.95
2026-02-25 17:00:00,108,1.6,15.4,18.0,1.26
2026-02-25 18:00:00,108,2.5,13.9,23.0,0.49
2026-02-25 19:00:00,108,0.9,12.0,26.0,0.02
2026-02-25 20:00:00,108,1.5,10.7,28.0,None
2026-02-25 21:00:00,108,1.1,9.2,32.0,None
2026-02-25 22:00:00,108,1.3,8.5,38.0,None
2026-02-25 23:00:00,108,2.6,7.3,43.0,None
2026-02-26 00:00:00,108,2.5,7.1,51.0,None
2026-02-26 01:00:00,108,2.5,6.8,54.0,None
2026-02-26 02:00:00,108,2.2,6.5,56.0,None
2026-02-26 03:00:00,108,1.8,5.3,56.0,None
2026-02-26 04:00:00,108,2.2,4.1,58.0,None
2026-02-26 05:00:00,108,3.1,3.7,63.0,None
2026-02-26 06:00:00,108,3.1,3.4,63.0,None
2026-02-26 07:00:00,108,2.3,3.2,64.0,None
2026-02-26 08:00:00,108,1.3,3.4,63.0,0.14
2026-02-26 09:00:00,108,2.4,5.9,57.0,0.74
2026-02-26 10:00:00,108,1.3,8.1,50.0,1.48
2026-02-26 11:00:00,108,1.9,9.3,47.0,1.56
2026-02-26 12:00:00,108,1.7,11.1,40.0,2.37
2026-02-26 13:00:00,108,2.1,12.7,38.0,2.14
2026-02-26 14:00:00,108,2.3,13.4,35.0,2.23
2026-02-26 15:00:00,108,2.3,13.1,35.0,1.16
2026-02-26 16:00:00,108,1.6,12.5,36.0,0.56
2026-02-26 17:00:00,108,2.5,12.1,39.0,0.57
2026-02-26 18:00:00,108,1.5,11.3,44.0,0.29
2026-02-26 19:00:00,108,2.4,10.2,47.0,0.01
2026-02-26 20:00:00,108,2.7,9.4,51.0,None
2026-02-26 21:00:00,108,1.4,8.5,56.0,None
2026-02-26 22:00:00,108,0.8,8.3,57.0,None
2026-02-26 23:00:00,108,1.6,8.1,59.0,None
2026-02-27 00:00:00,108,1.7,8.0,56.0,None
2026-02-27 01:00:00,108,2.4,7.8,55.0,None
2026-02-27 02:00:00,108,2.5,7.8,56.0,None
2026-02-27 03:00:00,108,3.0,7.8,56.0,None
2026-02-27 04:00:00,108,2.7,7.2,60.0,None
2026-02-27 05:00:00,108,2.6,6.5,64.0,None
2026-02-27 06:00:00,108,2.8,6.2,67.0,None
2026-02-27 07:00:00,108,3.3,6.4,69.0,None
2026-02-27 08:00:00,108,2.9,6.6,68.0,0.18
2026-02-27 09:00:00,108,3.8,8.6,60.0,0.79
2026-02-27 10:00:00,108,3.8,9.6,54.0,1.14
2026-02-27 11:00:00,108,3.0,10.8,50.0,1.86
2026-02-27 12:00:00,108,3.4,11.6,48.0,1.66
2026-02-27 13:00:00,108,2.8,13.0,44.0,2.0
2026-02-27 14:00:00,108,2.5,13.9,42.0,2.2
2026-02-27 15:00:00,108,2.0,14.8,39.0,2.11
2026-02-27 16:00:00,108,2.1,14.0,39.0,1.65
2026-02-27 17:00:00,108,1.5,13.9,39.0,1.19
2026-02-27 18:00:00,108,1.5,12.7,41.0,0.4
2026-02-27 19:00:00,108,1.9,11.3,45.0,0.03
2026-02-27 20:00:00,108,2.6,9.8,49.0,None
2026-02-27 21:00:00,108,1.8,8.7,53.0,None
2026-02-27 22:00:00,108,2.6,7.7,55.0,None
2026-02-27 23:00:00,108,2.4,6.8,56.0,None
2026-02-28 00:00:00,108,2.8,6.1,62.0,None
2026-02-28 01:00:00,108,2.4,5.3,62.0,None
2026-02-28 02:00:00,108,2.1,4.6,64.0,None
2026-02-28 03:00:00,108,1.1,4.3,67.0,None
2026-02-28 04:00:00,108,3.0,3.7,71.0,None
2026-02-28 05:00:00,108,1.3,3.3,69.0,None
2026-02-28 06:00:00,108,1.9,2.8,73.0,None
2026-02-28 07:00:00,108,1.7,2.2,74.0,None
2026-02-28 08:00:00,108,1.7,2.4,75.0,0.14
2026-02-28 09:00:00,108,1.8,4.7,70.0,0.66
2026-02-28 10:00:00,108,1.8,7.6,57.0,1.42
2026-02-28 11:00:00,108,1.8,10.0,49.0,2.06
2026-02-28 12:00:00,108,2.3,12.6,41.0,2.49
2026-02-28 13:00:00,108,2.3,14.3,35.0,2.71
2026-02-28 14:00:00,108,2.2,15.8,32.0,2.67
2026-02-28 15:00:00,108,2.6,16.2,29.0,2.38
2026-02-28 16:00:00,108,1.7,16.7,27.0,1.86
2026-02-28 17:00:00,108,1.4,16.3,27.0,1.19
2026-02-28 18:00:00,108,1.5,15.1,28.0,0.42
2026-02-28 19:00:00,108,3.4,12.4,43.0,0.03
2026-02-28 20:00:00,108,2.2,11.2,47.0,None
2026-02-28 21:00:00,108,1.1,10.2,50.0,None
2026-02-28 22:00:00,108,1.6,9.2,52.0,None
2026-02-28 23:00:00,108,2.5,8.5,50.0,None
2026-03-01 00:00:00,108,1.7,8.4,52.0,None
2026-03-01 01:00:00,108,1.9,8.0,56.0,None
2026-03-01 02:00:00,108,3.1,7.5,59.0,None
2026-03-01 03:00:00,108,2.8,7.2,61.0,None
2026-03-01 04:00:00,108,3.1,6.6,63.0,None
2026-03-01 05:00:00,108,3.2,6.4,64.0,None
2026-03-01 06:00:00,108,4.2,6.3,65.0,None
2026-03-01 07:00:00,108,4.3,5.8,67.0,None
2026-03-01 08:00:00,108,4.0,6.1,67.0,0.11
2026-03-01 09:00:00,108,4.3,7.7,61.0,0.56
2026-03-01 10:00:00,108,3.0,10.0,53.0,1.4
2026-03-01 11:00:00,108,2.8,10.9,48.0,1.52
2026-03-01 12:00:00,108,4.1,11.8,45.0,1.45
2026-03-01 13:00:00,108,4.0,11.9,45.0,1.03
2026-03-01 14:00:00,108,3.3,11.8,44.0,0.59
2026-03-01 15:00:00,108,3.4,12.6,42.0,1.02
2026-03-01 16:00:00,108,4.1,12.3,43.0,0.96
2026-03-01 17:00:00,108,3.7,11.9,46.0,0.36
2026-03-01 18:00:00,108,4.6,10.9,50.0,0.09
2026-03-01 19:00:00,108,3.8,10.1,51.0,0.01
2026-03-01 20:00:00,108,4.4,9.5,52.0,None
2026-03-01 21:00:00,108,3.2,9.1,55.0,None
2026-03-01 22:00:00,108,4.3,8.7,57.0,None
2026-03-01 23:00:00,108,3.5,8.2,59.0,None
2026-03-02 00:00:00,108,3.5,7.5,64.0,None
2026-03-02 01:00:00,108,3.7,7.2,65.0,None
2026-03-02 02:00:00,108,3.9,7.0,63.0,None
2026-03-02 03:00:00,108,4.6,6.9,62.0,None
2026-03-02 04:00:00,108,4.1,6.7,62.0,None
2026-03-02 05:00:00,108,4.9,6.7,62.0,None
2026-03-02 06:00:00,108,5.3,6.8,63.0,None
2026-03-02 07:00:00,108,5.6,6.8,62.0,None
2026-03-02 08:00:00,108,5.6,6.8,64.0,0.03
2026-03-02 09:00:00,108,5.0,5.6,80.0,0.06
2026-03-02 10:00:00,108,5.3,5.1,86.0,0.14
2026-03-02 11:00:00,108,6.1,4.7,88.0,0.26
2026-03-02 12:00:00,108,5.1,4.7,89.0,0.35
2026-03-02 13:00:00,108,5.8,4.6,88.0,0.52
2026-03-02 14:00:00,108,6.2,5.0,89.0,0.56
2026-03-02 15:00:00,108,5.5,5.0,89.0,0.46
2026-03-02 16:00:00,108,6.0,5.0,88.0,0.32
2026-03-02 17:00:00,108,7.1,4.6,87.0,0.14
2026-03-02 18:00:00,108,6.6,4.4,85.0,0.08
2026-03-02 19:00:00,108,7.2,3.8,87.0,0.01
2026-03-02 20:00:00,108,5.6,3.3,89.0,None
2026-03-02 21:00:00,108,5.7,2.9,91.0,None
2026-03-02 22:00:00,108,5.0,2.8,92.0,None
2026-03-02 23:00:00,108,4.9,2.9,90.0,None
2026-03-03 00:00:00,108,3.7,3.0,89.0,None
2026-03-03 01:00:00,108,3.1,2.7,92.0,None
2026-03-03 02:00:00,108,1.7,2.5,91.0,None
2026-03-03 03:00:00,108,2.0,2.5,91.0,None
2026-03-03 04:00:00,108,3.3,2.2,92.0,None
2026-03-03 05:00:00,108,3.2,2.0,92.0,None
2026-03-03 06:00:00,108,2.8,2.2,86.0,None
2026-03-03 07:00:00,108,2.4,2.5,83.0,None
2026-03-03 08:00:00,108,2.8,2.6,79.0,0.03
2026-03-03 09:00:00,108,2.7,3.1,79.0,0.23
2026-03-03 10:00:00,108,3.1,4.1,74.0,0.53
2026-03-03 11:00:00,108,3.5,5.5,70.0,0.79
2026-03-03 12:00:00,108,3.6,7.9,62.0,1.84
2026-03-03 13:00:00,108,4.5,9.7,57.0,2.57
2026-03-03 14:00:00,108,4.7,10.4,47.0,2.82
2026-03-03 15:00:00,108,3.4,11.3,47.0,2.41
2026-03-03 16:00:00,108,3.4,11.6,45.0,1.85
2026-03-03 17:00:00,108,2.6,10.7,48.0,1.07
2026-03-03 18:00:00,108,2.6,9.5,51.0,0.17
2026-03-03 19:00:00,108,2.9,8.6,52.0,0.02
2026-03-03 20:00:00,108,2.0,7.4,54.0,None
2026-03-03 21:00:00,108,2.5,5.9,61.0,None
2026-03-03 22:00:00,108,2.5,5.7,63.0,None
2026-03-03 23:00:00,108,3.1,5.3,63.0,None
2026-03-04 00:00:00,108,0.9,4.9,65.0,None
2026-03-04 01:00:00,108,2.6,4.2,68.0,None
2026-03-04 02:00:00,108,1.0,3.3,69.0,None
2026-03-04 03:00:00,108,0.9,2.8,71.0,None
2026-03-04 04:00:00,108,0.7,2.1,77.0,None
2026-03-04 05:00:00,108,1.7,1.4,78.0,None
2026-03-04 06:00:00,108,2.4,1.3,81.0,None
2026-03-04 07:00:00,108,2.2,0.9,81.0,None
2026-03-04 08:00:00,108,0.9,0.9,80.0,0.2
2026-03-04 09:00:00,108,0.8,3.3,74.0,0.81
2026-03-04 10:00:00,108,2.7,5.4,60.0,1.59
2026-03-04 11:00:00,108,2.9,7.3,54.0,2.2
2026-03-04 12:00:00,108,3.3,8.6,52.0,2.11
2026-03-04 13:00:00,108,4.1,9.6,40.0,2.65
2026-03-04 14:00:00,108,3.4,10.8,36.0,2.8
2026-03-04 15:00:00,108,3.4,11.7,35.0,2.49
2026-03-04 16:00:00,108,2.7,11.9,32.0,1.85
2026-03-04 17:00:00,108,2.8,11.0,36.0,1.21
2026-03-04 18:00:00,108,1.9,9.9,36.0,0.52
2026-03-04 19:00:00,108,3.5,7.9,57.0,0.04
2026-03-04 20:00:00,108,2.6,6.7,61.0,None
2026-03-04 21:00:00,108,2.1,6.0,64.0,None
2026-03-04 22:00:00,108,1.0,5.4,65.0,None
2026-03-04 23:00:00,108,2.1,5.0,59.0,None
2026-03-05 00:00:00,108,2.1,4.3,57.0,None
2026-03-05 01:00:00,108,1.2,3.9,58.0,None
2026-03-05 02:00:00,108,1.9,3.5,56.0,None
2026-03-05 03:00:00,108,1.2,3.2,59.0,None
2026-03-05 04:00:00,108,1.1,2.6,63.0,None
2026-03-05 05:00:00,108,2.4,1.9,66.0,None
2026-03-05 06:00:00,108,1.8,1.6,68.0,None
2026-03-05 07:00:00,108,1.5,1.7,69.0,0.0
2026-03-05 08:00:00,108,1.7,2.2,70.0,0.18
2026-03-05 09:00:00,108,1.8,4.6,61.0,0.69
2026-03-05 10:00:00,108,3.6,7.1,53.0,1.38
2026-03-05 11:00:00,108,1.7,9.1,48.0,1.95
2026-03-05 12:00:00,108,1.8,10.9,46.0,2.09
2026-03-05 13:00:00,108,2.7,12.5,41.0,2.35
2026-03-05 14:00:00,108,2.6,13.0,38.0,1.85
2026-03-05 15:00:00,108,2.3,12.9,39.0,1.25
2026-03-05 16:00:00,108,3.1,12.1,43.0,0.66
2026-03-05 17:00:00,108,2.6,11.6,51.0,0.27
2026-03-05 18:00:00,108,3.5,9.3,74.0,0.06
2026-03-05 19:00:00,108,3.6,6.1,82.0,0.01
2026-03-05 20:00:00,108,2.3,4.7,85.0,None
2026-03-05 21:00:00,108,3.4,4.1,88.0,None
2026-03-05 22:00:00,108,2.3,1.9,90.0,None
2026-03-05 23:00:00,108,2.9,1.5,93.0,None
2026-03-06 00:00:00,108,3.0,1.4,94.0,None
2026-03-06 01:00:00,108,2.5,1.4,94.0,None
2026-03-06 02:00:00,108,3.2,1.5,95.0,None
2026-03-06 03:00:00,108,2.5,1.8,95.0,None
2026-03-06 04:00:00,108,2.6,1.7,91.0,None
2026-03-06 05:00:00,108,2.0,1.6,91.0,None
2026-03-06 06:00:00,108,1.6,1.5,89.0,None
2026-03-06 07:00:00,108,2.4,1.7,89.0,0.0
2026-03-06 08:00:00,108,2.6,1.7,90.0,0.13
2026-03-06 09:00:00,108,3.3,2.1,85.0,0.41
2026-03-06 10:00:00,108,2.8,2.8,82.0,0.72
2026-03-06 11:00:00,108,2.6,3.6,77.0,1.06
2026-03-06 12:00:00,108,2.8,3.6,75.0,0.65
2026-03-06 13:00:00,108,3.6,3.4,71.0,0.39
2026-03-06 14:00:00,108,4.5,3.5,67.0,0.43
2026-03-06 15:00:00,108,4.0,2.9,68.0,0.48
2026-03-06 16:00:00,108,3.1,2.8,70.0,0.33
2026-03-06 17:00:00,108,4.4,2.9,63.0,0.29
2026-03-06 18:00:00,108,3.3,2.6,66.0,0.11
2026-03-06 19:00:00,108,3.1,2.1,67.0,0.02
2026-03-06 20:00:00,108,2.9,1.3,66.0,None
2026-03-06 21:00:00,108,1.8,0.7,63.0,None
2026-03-06 22:00:00,108,2.4,0.0,61.0,None
2026-03-06 23:00:00,108,2.4,0.0,62.0,None
2026-03-07 00:00:00,108,2.0,-0.4,62.0,None
2026-03-07 01:00:00,108,1.9,-0.9,65.0,None
2026-03-07 02:00:00,108,2.2,-1.1,64.0,None
2026-03-07 03:00:00,108,2.3,-1.5,66.0,None
2026-03-07 04:00:00,108,1.2,-2.1,69.0,None
2026-03-07 05:00:00,108,0.8,-2.4,71.0,None
2026-03-07 06:00:00,108,2.0,-2.5,71.0,None
2026-03-07 07:00:00,108,1.9,-2.8,65.0,0.0
2026-03-07 08:00:00,108,2.2,-2.6,62.0,0.24
2026-03-07 09:00:00,108,2.4,-0.9,55.0,0.91
2026-03-07 10:00:00,108,3.1,0.4,43.0,1.76
2026-03-07 11:00:00,108,3.2,1.7,40.0,2.4
2026-03-07 12:00:00,108,3.7,3.1,34.0,2.85
2026-03-07 13:00:00,108,3.1,3.6,29.0,3.07
2026-03-07 14:00:00,108,4.3,3.9,30.0,3.0
2026-03-07 15:00:00,108,3.7,5.2,28.0,2.68
2026-03-07 16:00:00,108,3.6,5.9,25.0,2.13
2026-03-07 17:00:00,108,3.8,4.8,29.0,1.43
2026-03-07 18:00:00,108,3.3,4.0,31.0,0.58
2026-03-07 19:00:00,108,1.6,2.6,36.0,0.05
2026-03-07 20:00:00,108,2.2,1.7,40.0,None
2026-03-07 21:00:00,108,3.6,1.4,42.0,None
2026-03-07 22:00:00,108,2.6,0.5,48.0,None
2026-03-07 23:00:00,108,1.4,-0.4,52.0,None
2026-03-08 00:00:00,108,2.0,-0.9,54.0,None
2026-03-08 01:00:00,108,1.0,-1.4,55.0,None
2026-03-08 02:00:00,108,0.8,-2.0,57.0,None
2026-03-08 03:00:00,108,0.8,-2.5,59.0,None
2026-03-08 04:00:00,108,2.2,-2.9,60.0,None
2026-03-08 05:00:00,108,1.3,-2.9,60.0,None
2026-03-08 06:00:00,108,0.7,-3.0,62.0,None
2026-03-08 07:00:00,108,1.3,-3.4,64.0,0.0
2026-03-08 08:00:00,108,1.2,-2.3,65.0,0.25
2026-03-08 09:00:00,108,1.1,0.1,60.0,0.9
2026-03-08 10:00:00,108,1.5,1.9,48.0,1.73
2026-03-08 11:00:00,108,1.7,3.7,38.0,2.35
2026-03-08 12:00:00,108,2.6,5.0,30.0,2.81
2026-03-08 13:00:00,108,2.6,6.6,27.0,3.02
2026-03-08 14:00:00,108,3.3,6.9,25.0,2.8
2026-03-08 15:00:00,108,2.9,7.2,26.0,1.96
2026-03-08 16:00:00,108,3.2,6.7,31.0,1.51
2026-03-08 17:00:00,108,3.1,6.7,32.0,1.17
2026-03-08 18:00:00,108,3.1,5.2,32.0,0.51
2026-03-08 19:00:00,108,4.4,3.4,45.0,0.06
2026-03-08 20:00:00,108,3.7,2.4,54.0,None
2026-03-08 21:00:00,108,3.0,2.0,59.0,None
2026-03-08 22:00:00,108,2.6,1.8,69.0,None
2026-03-08 23:00:00,108,1.9,1.6,71.0,None
2026-03-09 00:00:00,108,1.6,2.0,72.0,None
2026-03-09 01:00:00,108,1.5,2.2,72.0,None
2026-03-09 02:00:00,108,1.6,2.5,76.0,None
2026-03-09 03:00:00,108,1.3,2.6,74.0,None
2026-03-09 04:00:00,108,0.9,2.6,72.0,None
2026-03-09 05:00:00,108,1.4,2.6,71.0,None
2026-03-09 06:00:00,108,1.0,2.7,69.0,None
2026-03-09 07:00:00,108,1.2,2.6,71.0,0.0
2026-03-09 08:00:00,108,1.1,2.3,72.0,0.13
2026-03-09 09:00:00,108,3.4,3.3,68.0,0.67
2026-03-09 10:00:00,108,3.1,4.2,65.0,1.44
2026-03-09 11:00:00,108,3.7,5.2,54.0,2.19
2026-03-09 12:00:00,108,3.3,6.2,47.0,2.26
2026-03-09 13:00:00,108,3.9,6.8,43.0,1.98
2026-03-09 14:00:00,108,2.9,7.6,43.0,1.78
2026-03-09 15:00:00,108,4.6,7.2,43.0,1.46
2026-03-09 16:00:00,108,3.7,7.5,43.0,1.38
2026-03-09 17:00:00,108,4.3,7.1,43.0,1.16
2026-03-09 18:00:00,108,2.6,6.6,45.0,0.38
2026-03-09 19:00:00,108,2.2,5.7,47.0,0.04
2026-03-09 20:00:00,108,1.4,4.8,50.0,None
2026-03-09 21:00:00,108,3.8,4.6,53.0,None
2026-03-09 22:00:00,108,4.5,3.8,56.0,None
2026-03-09 23:00:00,108,3.3,3.2,56.0,None
2026-03-10 00:00:00,108,3.0,2.7,56.0,None
2026-03-10 01:00:00,108,2.3,1.9,59.0,None
2026-03-10 02:00:00,108,1.8,1.1,61.0,None
2026-03-10 03:00:00,108,1.3,0.6,64.0,None
2026-03-10 04:00:00,108,1.4,0.1,66.0,None
2026-03-10 05:00:00,108,1.5,-0.1,65.0,None
2026-03-10 06:00:00,108,1.3,-0.3,68.0,None
2026-03-10 07:00:00,108,1.0,-0.5,69.0,0.0
2026-03-10 08:00:00,108,1.8,-0.1,70.0,0.23
2026-03-10 09:00:00,108,0.8,1.9,65.0,0.61
2026-03-10 10:00:00,108,1.9,4.8,51.0,1.63
2026-03-10 11:00:00,108,2.6,7.0,41.0,2.25
2026-03-10 12:00:00,108,2.8,8.0,34.0,2.78
2026-03-10 13:00:00,108,3.7,9.0,36.0,2.91
2026-03-10 14:00:00,108,3.1,9.3,32.0,2.85
2026-03-10 15:00:00,108,2.3,9.4,31.0,2.58
2026-03-10 16:00:00,108,2.4,9.1,31.0,2.06
2026-03-10 17:00:00,108,2.9,8.9,29.0,1.37
2026-03-10 18:00:00,108,2.8,7.3,36.0,0.58
2026-03-10 19:00:00,108,3.5,5.5,44.0,0.06
2026-03-10 20:00:00,108,2.5,4.3,44.0,None
2026-03-10 21:00:00,108,1.6,3.2,44.0,None
2026-03-10 22:00:00,108,2.1,2.4,44.0,None
2026-03-10 23:00:00,108,1.4,1.8,47.0,None
2026-03-11 00:00:00,108,0.9,1.0,55.0,None
2026-03-11 01:00:00,108,1.0,0.4,58.0,None
2026-03-11 02:00:00,108,0.8,0.3,57.0,None
2026-03-11 03:00:00,108,1.3,0.3,59.0,None
2026-03-11 04:00:00,108,1.0,0.6,61.0,None
2026-03-11 05:00:00,108,1.8,0.4,65.0,None
2026-03-11 06:00:00,108,1.3,0.1,61.0,None
2026-03-11 07:00:00,108,1.4,0.4,60.0,0.0
2026-03-11 08:00:00,108,1.4,0.8,60.0,0.21
2026-03-11 09:00:00,108,1.7,3.3,56.0,0.86
2026-03-11 10:00:00,108,0.7,4.7,50.0,1.03
2026-03-11 11:00:00,108,1.7,6.8,43.0,2.05
2026-03-11 12:00:00,108,2.8,6.1,48.0,1.02
2026-03-11 13:00:00,108,3.1,7.4,42.0,1.92
2026-03-11 14:00:00,108,3.8,9.0,37.0,2.56
2026-03-11 15:00:00,108,3.8,9.9,33.0,2.4
2026-03-11 16:00:00,108,3.3,9.4,37.0,1.71
2026-03-11 17:00:00,108,3.3,8.8,46.0,1.06
2026-03-11 18:00:00,108,3.1,7.8,50.0,0.45
2026-03-11 19:00:00,108,3.0,6.4,53.0,0.06
2026-03-11 20:00:00,108,1.5,5.4,57.0,None
2026-03-11 21:00:00,108,3.8,4.9,69.0,None
2026-03-11 22:00:00,108,3.2,4.5,72.0,None
2026-03-11 23:00:00,108,2.0,3.9,75.0,None
2026-03-12 00:00:00,108,1.9,3.8,79.0,None
2026-03-12 01:00:00,108,0.8,3.2,79.0,None
2026-03-12 02:00:00,108,0.7,2.6,82.0,None
2026-03-12 03:00:00,108,0.6,2.1,84.0,None
2026-03-12 04:00:00,108,0.7,1.7,85.0,None
2026-03-12 05:00:00,108,0.7,1.4,85.0,None
2026-03-12 06:00:00,108,1.9,1.0,84.0,None
2026-03-12 07:00:00,108,1.7,0.7,85.0,0.0
2026-03-12 08:00:00,108,1.5,1.2,85.0,0.25
2026-03-12 09:00:00,108,0.2,3.4,79.0,0.87
2026-03-12 10:00:00,108,1.4,6.5,63.0,1.63
2026-03-12 11:00:00,108,2.2,10.0,50.0,2.28
2026-03-12 12:00:00,108,2.1,11.4,44.0,2.71
2026-03-12 13:00:00,108,1.4,12.3,36.0,2.91
2026-03-12 14:00:00,108,1.1,13.1,36.0,2.2
2026-03-12 15:00:00,108,2.8,13.6,33.0,1.69
2026-03-12 16:00:00,108,2.7,13.0,27.0,0.85
2026-03-12 17:00:00,108,2.8,13.0,27.0,0.8
2026-03-12 18:00:00,108,5.2,11.7,29.0,0.41
2026-03-12 19:00:00,108,4.6,10.1,36.0,0.07
2026-03-12 20:00:00,108,3.4,8.7,45.0,None
2026-03-12 21:00:00,108,4.4,7.9,47.0,None
2026-03-12 22:00:00,108,3.8,7.0,49.0,None
2026-03-12 23:00:00,108,4.7,6.2,54.0,None
2026-03-13 00:00:00,108,2.5,5.5,53.0,None
2026-03-13 01:00:00,108,2.4,4.9,54.0,None
2026-03-13 02:00:00,108,2.0,3.9,57.0,None
2026-03-13 03:00:00,108,2.5,3.1,62.0,None
2026-03-13 04:00:00,108,3.3,3.1,64.0,None
2026-03-13 05:00:00,108,2.2,2.9,65.0,None
2026-03-13 06:00:00,108,2.5,2.3,68.0,None
2026-03-13 07:00:00,108,3.0,2.4,68.0,0.0
2026-03-13 08:00:00,108,3.3,3.5,56.0,0.29
2026-03-13 09:00:00,108,3.7,5.7,46.0,0.91
2026-03-13 10:00:00,108,3.9,7.7,39.0,1.73
2026-03-13 11:00:00,108,4.1,9.5,33.0,2.38
2026-03-13 12:00:00,108,3.6,10.9,31.0,2.84
2026-03-13 13:00:00,108,3.4,11.6,27.0,3.05
2026-03-13 14:00:00,108,3.4,12.5,26.0,2.96
2026-03-13 15:00:00,108,3.2,13.2,24.0,2.67
2026-03-13 16:00:00,108,3.3,13.4,22.0,2.12
2026-03-13 17:00:00,108,1.6,13.1,25.0,1.44
2026-03-13 18:00:00,108,1.6,11.8,25.0,0.5
2026-03-13 19:00:00,108,2.0,10.1,29.0,0.08
2026-03-13 20:00:00,108,1.7,8.9,42.0,None
2026-03-13 21:00:00,108,2.1,7.8,50.0,None
2026-03-13 22:00:00,108,1.8,7.5,51.0,None
2026-03-13 23:00:00,108,1.3,6.5,51.0,None
2026-03-14 00:00:00,108,2.3,5.6,48.0,None
2026-03-14 01:00:00,108,3.0,5.5,49.0,None
2026-03-14 02:00:00,108,2.7,5.2,50.0,None
2026-03-14 03:00:00,108,2.1,5.4,51.0,None
2026-03-14 04:00:00,108,2.0,5.2,51.0,None
2026-03-14 05:00:00,108,2.5,4.9,53.0,None
2026-03-14 06:00:00,108,2.1,5.0,53.0,None
2026-03-14 07:00:00,108,2.4,5.1,54.0,0.01
2026-03-14 08:00:00,108,1.7,5.6,55.0,0.17
2026-03-14 09:00:00,108,1.1,6.8,52.0,0.49
2026-03-14 10:00:00,108,1.6,8.8,46.0,1.37
2026-03-14 11:00:00,108,1.7,10.3,41.0,1.76
2026-03-14 12:00:00,108,3.0,12.3,36.0,2.62
2026-03-14 13:00:00,108,2.3,12.7,32.0,2.35
2026-03-14 14:00:00,108,3.8,12.8,33.0,2.25
2026-03-14 15:00:00,108,3.2,11.8,36.0,1.26
2026-03-14 16:00:00,108,3.8,10.4,36.0,0.52
2026-03-14 17:00:00,108,2.1,9.6,39.0,0.29
2026-03-14 18:00:00,108,2.7,8.8,40.0,0.15
2026-03-14 19:00:00,108,3.2,8.0,41.0,0.03
2026-03-14 20:00:00,108,3.7,7.5,43.0,None
2026-03-14 21:00:00,108,3.3,7.4,47.0,None
2026-03-14 22:00:00,108,2.6,7.3,47.0,None
2026-03-14 23:00:00,108,0.9,7.2,50.0,None
2026-03-15 00:00:00,108,2.4,7.1,56.0,None
2026-03-15 01:00:00,108,1.5,7.0,61.0,None
2026-03-15 02:00:00,108,1.4,6.8,68.0,None
2026-03-15 03:00:00,108,2.1,6.7,69.0,None
2026-03-15 04:00:00,108,0.9,6.5,67.0,None
2026-03-15 05:00:00,108,0.9,6.4,66.0,None
2026-03-15 06:00:00,108,0.8,6.4,64.0,None
2026-03-15 07:00:00,108,1.0,6.3,65.0,0.0
2026-03-15 08:00:00,108,1.4,6.8,68.0,0.12
2026-03-15 09:00:00,108,1.3,7.5,70.0,0.42
2026-03-15 10:00:00,108,1.8,7.8,62.0,0.5
2026-03-15 11:00:00,108,2.1,7.7,72.0,0.34
2026-03-15 12:00:00,108,2.3,7.7,75.0,0.51
2026-03-15 13:00:00,108,3.1,8.3,70.0,1.1
2026-03-15 14:00:00,108,2.4,10.2,60.0,1.78
2026-03-15 15:00:00,108,2.9,10.9,57.0,1.63
2026-03-15 16:00:00,108,3.5,10.7,51.0,1.27
2026-03-15 17:00:00,108,3.5,10.7,50.0,1.11
2026-03-15 18:00:00,108,3.2,9.7,54.0,0.52
2026-03-15 19:00:00,108,2.2,8.0,59.0,0.08
2026-03-15 20:00:00,108,2.4,6.9,62.0,None
2026-03-15 21:00:00,108,2.3,6.1,60.0,None
2026-03-15 22:00:00,108,2.6,5.6,61.0,None
2026-03-15 23:00:00,108,1.7,4.9,65.0,None
2026-03-16 00:00:00,108,2.0,4.2,68.0,None
2026-03-16 01:00:00,108,1.2,3.6,71.0,None
2026-03-16 02:00:00,108,0.8,3.3,74.0,None
2026-03-16 03:00:00,108,0.9,3.2,75.0,None
2026-03-16 04:00:00,108,0.5,3.1,75.0,None
2026-03-16 05:00:00,108,1.4,2.8,77.0,None
2026-03-16 06:00:00,108,2.1,2.1,78.0,None
2026-03-16 07:00:00,108,1.9,1.9,80.0,0.01
2026-03-16 08:00:00,108,1.4,2.7,80.0,0.32
2026-03-16 09:00:00,108,1.5,4.9,73.0,0.76
2026-03-16 10:00:00,108,2.4,7.7,61.0,1.64
2026-03-16 11:00:00,108,2.0,9.8,51.0,2.44
2026-03-16 12:00:00,108,1.1,11.9,39.0,2.45
2026-03-16 13:00:00,108,2.6,12.9,37.0,2.85
2026-03-16 14:00:00,108,2.1,12.9,37.0,2.22
2026-03-16 15:00:00,108,1.4,13.2,33.0,1.71
2026-03-16 16:00:00,108,2.5,13.6,36.0,1.4
2026-03-16 17:00:00,108,2.6,13.2,36.0,1.14
2026-03-16 18:00:00,108,3.1,11.3,39.0,0.56
2026-03-16 19:00:00,108,2.5,9.4,38.0,0.08
2026-03-16 20:00:00,108,1.7,8.5,43.0,None
2026-03-16 21:00:00,108,1.1,7.3,46.0,None
2026-03-16 22:00:00,108,2.4,6.8,51.0,None
2026-03-16 23:00:00,108,0.8,5.9,54.0,None
2026-03-17 00:00:00,108,1.3,5.0,51.0,None
2026-03-17 01:00:00,108,1.6,4.3,53.0,None
2026-03-17 02:00:00,108,2.6,4.1,57.0,None
2026-03-17 03:00:00,108,1.7,3.6,62.0,None
2026-03-17 04:00:00,108,1.5,3.1,65.0,None
2026-03-17 05:00:00,108,0.8,2.8,64.0,None
2026-03-17 06:00:00,108,1.4,2.6,67.0,None
2026-03-17 07:00:00,108,1.3,2.3,70.0,0.01
2026-03-17 08:00:00,108,1.9,3.0,69.0,0.32
2026-03-17 09:00:00,108,1.9,6.0,64.0,0.97
2026-03-17 10:00:00,108,1.8,8.8,53.0,1.71
2026-03-17 11:00:00,108,0.9,10.8,44.0,2.29
2026-03-17 12:00:00,108,1.6,13.0,38.0,2.66
2026-03-17 13:00:00,108,2.8,14.1,30.0,2.95
2026-03-17 14:00:00,108,3.1,15.1,23.0,2.93
2026-03-17 15:00:00,108,2.3,15.3,23.0,2.53
2026-03-17 16:00:00,108,1.9,15.5,27.0,1.91
2026-03-17 17:00:00,108,2.0,15.0,27.0,1.24
2026-03-17 18:00:00,108,2.2,13.7,33.0,0.54
2026-03-17 19:00:00,108,2.6,11.4,35.0,0.08
2026-03-17 20:00:00,108,2.0,10.0,35.0,None
2026-03-17 21:00:00,108,2.0,8.9,32.0,None
2026-03-17 22:00:00,108,1.4,7.7,35.0,None
2026-03-17 23:00:00,108,0.4,7.3,40.0,None
2026-03-18 00:00:00,108,1.8,7.1,46.0,None
2026-03-18 01:00:00,108,2.0,7.2,47.0,None
2026-03-18 02:00:00,108,1.3,7.5,47.0,None
2026-03-18 03:00:00,108,1.6,8.0,47.0,None
2026-03-18 04:00:00,108,2.2,8.0,48.0,None
2026-03-18 05:00:00,108,0.8,8.0,46.0,None
2026-03-18 06:00:00,108,2.2,8.0,66.0,None
2026-03-18 07:00:00,108,0.3,7.4,75.0,0.0
2026-03-18 08:00:00,108,1.4,7.1,83.0,0.06
2026-03-18 09:00:00,108,2.8,7.0,87.0,0.21
2026-03-18 10:00:00,108,2.9,6.2,82.0,0.24
2026-03-18 11:00:00,108,2.7,5.4,85.0,0.38
2026-03-18 12:00:00,108,3.0,5.2,88.0,0.35
2026-03-18 13:00:00,108,2.2,5.3,88.0,0.48
2026-03-18 14:00:00,108,1.5,6.0,85.0,0.46
2026-03-18 15:00:00,108,2.6,8.1,75.0,1.45
2026-03-18 16:00:00,108,1.1,9.1,66.0,1.66
2026-03-18 17:00:00,108,3.2,8.8,65.0,0.62
2026-03-18 18:00:00,108,2.1,8.4,64.0,0.44
2026-03-18 19:00:00,108,1.7,7.7,68.0,0.07
2026-03-18 20:00:00,108,4.0,6.6,72.0,None
2026-03-18 21:00:00,108,2.3,5.7,73.0,None
2026-03-18 22:00:00,108,0.7,5.0,74.0,None
2026-03-18 23:00:00,108,1.3,4.4,76.0,None
2026-03-19 00:00:00,108,2.1,4.2,69.0,None
2026-03-19 01:00:00,108,1.2,3.7,65.0,None
2026-03-19 02:00:00,108,0.8,2.8,62.0,None
2026-03-19 03:00:00,108,1.3,2.4,62.0,None
2026-03-19 04:00:00,108,1.5,1.9,61.0,None
2026-03-19 05:00:00,108,2.2,2.1,62.0,None
2026-03-19 06:00:00,108,2.8,1.4,64.0,None
2026-03-19 07:00:00,108,1.1,1.4,63.0,0.01
2026-03-19 08:00:00,108,2.0,2.1,57.0,0.46
2026-03-19 09:00:00,108,2.6,4.2,44.0,1.25
2026-03-19 10:00:00,108,2.1,6.3,40.0,2.02
2026-03-19 11:00:00,108,1.3,8.5,33.0,2.63
2026-03-19 12:00:00,108,3.8,10.7,25.0,3.04
2026-03-19 13:00:00,108,3.3,11.0,22.0,3.24
2026-03-19 14:00:00,108,3.6,12.4,20.0,3.19
2026-03-19 15:00:00,108,4.0,12.5,25.0,2.72
2026-03-19 16:00:00,108,3.9,11.3,26.0,2.19
2026-03-19 17:00:00,108,3.8,9.5,28.0,1.38
2026-03-19 18:00:00,108,3.2,8.4,34.0,0.78
2026-03-19 19:00:00,108,2.9,6.5,48.0,0.12
2026-03-19 20:00:00,108,1.9,5.7,57.0,None
2026-03-19 21:00:00,108,2.4,5.1,60.0,None
2026-03-19 22:00:00,108,2.2,4.7,66.0,None
2026-03-19 23:00:00,108,1.3,4.1,68.0,None
2026-03-20 00:00:00,108,1.8,3.8,68.0,None
2026-03-20 01:00:00,108,1.7,3.5,71.0,None
2026-03-20 02:00:00,108,2.0,3.4,78.0,None
2026-03-20 03:00:00,108,2.2,3.4,80.0,None
2026-03-20 04:00:00,108,1.5,2.8,81.0,None
2026-03-20 05:00:00,108,1.8,2.7,86.0,None
2026-03-20 06:00:00,108,2.1,2.7,87.0,None
2026-03-20 07:00:00,108,1.5,2.8,87.0,0.01
2026-03-20 08:00:00,108,2.7,3.5,84.0,0.28
2026-03-20 09:00:00,108,3.5,5.6,78.0,1.03
2026-03-20 10:00:00,108,3.5,6.9,73.0,1.48
2026-03-20 11:00:00,108,2.5,8.5,65.0,1.41
2026-03-20 12:00:00,108,3.2,11.0,57.0,2.6
2026-03-20 13:00:00,108,3.6,11.7,49.0,2.88
2026-03-20 14:00:00,108,3.3,12.9,39.0,3.0
2026-03-20 15:00:00,108,4.1,13.7,41.0,2.62
2026-03-20 16:00:00,108,3.7,13.3,43.0,2.04
2026-03-20 17:00:00,108,3.1,12.7,40.0,1.42
2026-03-20 18:00:00,108,3.0,11.4,40.0,0.65
2026-03-20 19:00:00,108,3.2,9.4,46.0,0.11
2026-03-20 20:00:00,108,2.5,8.0,54.0,None
2026-03-20 21:00:00,108,1.8,7.1,53.0,None
2026-03-20 22:00:00,108,1.2,6.4,56.0,None
2026-03-20 23:00:00,108,0.6,5.7,59.0,None
2026-03-21 00:00:00,108,0.5,5.0,61.0,None
2026-03-21 01:00:00,108,1.0,4.6,65.0,None
2026-03-21 02:00:00,108,1.2,4.0,67.0,None
2026-03-21 03:00:00,108,2.1,3.5,70.0,None
2026-03-21 04:00:00,108,1.2,3.3,73.0,None
2026-03-21 05:00:00,108,1.5,2.7,75.0,None
2026-03-21 06:00:00,108,1.2,2.5,73.0,None
2026-03-21 07:00:00,108,1.7,2.0,76.0,0.01
2026-03-21 08:00:00,108,1.7,3.0,77.0,0.4
2026-03-21 09:00:00,108,2.3,5.9,67.0,1.1
2026-03-21 10:00:00,108,0.8,8.7,57.0,1.86
2026-03-21 11:00:00,108,2.0,11.0,43.0,2.53
2026-03-21 12:00:00,108,1.9,12.5,35.0,2.97
2026-03-21 13:00:00,108,3.3,14.2,25.0,3.18
2026-03-21 14:00:00,108,3.1,14.9,22.0,3.08
2026-03-21 15:00:00,108,3.2,15.4,17.0,2.78
2026-03-21 16:00:00,108,3.4,15.2,18.0,2.3
2026-03-21 17:00:00,108,2.9,14.8,23.0,1.55
2026-03-21 18:00:00,108,2.6,13.0,19.0,0.72
2026-03-21 19:00:00,108,2.5,10.6,20.0,0.12
2026-03-21 20:00:00,108,1.8,9.2,31.0,None
2026-03-21 21:00:00,108,1.9,8.1,31.0,None
2026-03-21 22:00:00,108,1.6,7.0,32.0,None
2026-03-21 23:00:00,108,0.6,6.6,35.0,None
2026-03-22 00:00:00,108,1.7,6.1,35.0,None
2026-03-22 01:00:00,108,1.0,5.7,36.0,None
2026-03-22 02:00:00,108,0.7,6.0,34.0,None
2026-03-22 03:00:00,108,1.7,5.8,37.0,None
2026-03-22 04:00:00,108,1.4,5.7,40.0,None
2026-03-22 05:00:00,108,1.9,5.5,41.0,None
2026-03-22 06:00:00,108,1.8,5.7,42.0,None
2026-03-22 07:00:00,108,1.3,5.8,42.0,0.01
2026-03-22 08:00:00,108,1.0,6.2,43.0,0.18
2026-03-22 09:00:00,108,1.1,8.2,38.0,0.81
2026-03-22 10:00:00,108,0.8,10.9,31.0,1.45
2026-03-22 11:00:00,108,1.9,13.8,27.0,2.24
2026-03-22 12:00:00,108,2.1,15.6,25.0,2.72
2026-03-22 13:00:00,108,1.7,17.2,20.0,3.21
2026-03-22 14:00:00,108,3.5,18.0,15.0,2.59
2026-03-22 15:00:00,108,3.5,18.0,17.0,2.7
2026-03-22 16:00:00,108,3.6,18.0,19.0,2.06
2026-03-22 17:00:00,108,4.2,17.0,17.0,1.42
2026-03-22 18:00:00,108,3.3,15.4,22.0,0.69
2026-03-22 19:00:00,108,3.3,13.1,24.0,0.12
2026-03-22 20:00:00,108,1.8,11.7,28.0,None
2026-03-22 21:00:00,108,0.6,10.3,32.0,None
2026-03-22 22:00:00,108,0.9,9.1,35.0,None
2026-03-22 23:00:00,108,2.3,8.7,36.0,None
2026-03-23 00:00:00,108,2.8,8.6,36.0,None
2026-03-23 01:00:00,108,2.9,8.3,35.0,None
2026-03-23 02:00:00,108,1.6,7.3,33.0,None
2026-03-23 03:00:00,108,2.2,6.4,35.0,None
2026-03-23 04:00:00,108,1.3,5.9,38.0,None
2026-03-23 05:00:00,108,0.6,5.5,40.0,None
2026-03-23 06:00:00,108,1.8,4.8,43.0,None
2026-03-23 07:00:00,108,1.7,4.5,46.0,0.02
2026-03-23 08:00:00,108,0.9,5.8,45.0,0.4
2026-03-23 09:00:00,108,0.3,8.7,37.0,1.17
2026-03-23 10:00:00,108,1.6,12.2,28.0,1.92
2026-03-23 11:00:00,108,2.5,14.8,24.0,2.58
2026-03-23 12:00:00,108,2.2,16.3,24.0,2.74
2026-03-23 13:00:00,108,2.5,18.0,24.0,2.87
2026-03-23 14:00:00,108,1.7,18.8,22.0,2.58
2026-03-23 15:00:00,108,1.7,19.6,24.0,2.24
2026-03-23 16:00:00,108,1.2,19.8,21.0,1.92
2026-03-23 17:00:00,108,2.3,19.8,21.0,1.48
2026-03-23 18:00:00,108,3.5,17.5,30.0,0.7
2026-03-23 19:00:00,108,2.9,15.1,35.0,0.09
2026-03-23 20:00:00,108,1.5,13.6,40.0,None
2026-03-23 21:00:00,108,1.4,12.3,39.0,None
2026-03-23 22:00:00,108,2.4,11.2,47.0,None
2026-03-23 23:00:00,108,1.0,10.5,50.0,None
2026-03-24 00:00:00,108,1.8,9.8,51.0,None
2026-03-24 01:00:00,108,2.2,9.5,51.0,None
2026-03-24 02:00:00,108,2.2,9.7,49.0,None
2026-03-24 03:00:00,108,1.9,9.2,50.0,None
2026-03-24 04:00:00,108,2.3,8.7,51.0,None
2026-03-24 05:00:00,108,2.5,8.7,52.0,None
2026-03-24 06:00:00,108,2.7,8.5,52.0,None
2026-03-24 07:00:00,108,2.2,8.2,51.0,0.03
2026-03-24 08:00:00,108,2.5,9.7,45.0,0.39
2026-03-24 09:00:00,108,2.5,12.0,39.0,0.97
2026-03-24 10:00:00,108,2.5,14.2,35.0,1.87
2026-03-24 11:00:00,108,1.8,16.2,35.0,2.48
2026-03-24 12:00:00,108,3.2,16.7,35.0,2.77
2026-03-24 13:00:00,108,4.1,17.9,32.0,3.16
2026-03-24 14:00:00,108,3.2,17.6,30.0,2.81
2026-03-24 15:00:00,108,3.1,18.0,29.0,2.36
2026-03-24 16:00:00,108,3.1,16.6,32.0,1.21
2026-03-24 17:00:00,108,3.5,15.7,42.0,0.83
2026-03-24 18:00:00,108,4.0,14.6,51.0,0.42
2026-03-24 19:00:00,108,2.0,13.7,54.0,0.09
2026-03-24 20:00:00,108,1.8,13.0,55.0,None
2026-03-24 21:00:00,108,2.0,12.6,60.0,None
2026-03-24 22:00:00,108,1.0,12.1,60.0,None
2026-03-24 23:00:00,108,1.3,11.6,62.0,None
2026-03-25 00:00:00,108,0.6,11.2,63.0,None
2026-03-25 01:00:00,108,0.8,11.0,63.0,None
2026-03-25 02:00:00,108,1.3,10.7,65.0,None
2026-03-25 03:00:00,108,0.7,10.2,68.0,None
2026-03-25 04:00:00,108,1.4,10.1,68.0,None
2026-03-25 05:00:00,108,1.3,9.6,69.0,None
2026-03-25 06:00:00,108,1.4,9.0,72.0,None
2026-03-25 07:00:00,108,1.0,8.8,72.0,0.01
2026-03-25 08:00:00,108,1.8,9.9,72.0,0.46
2026-03-25 09:00:00,108,2.6,12.2,67.0,1.13
2026-03-25 10:00:00,108,2.5,13.8,59.0,1.99
2026-03-25 11:00:00,108,2.8,14.7,53.0,2.38
2026-03-25 12:00:00,108,1.7,16.8,50.0,2.94
2026-03-25 13:00:00,108,3.3,18.1,41.0,3.06
2026-03-25 14:00:00,108,2.7,19.1,32.0,3.0
2026-03-25 15:00:00,108,4.6,19.1,34.0,2.66
2026-03-25 16:00:00,108,4.7,18.8,36.0,2.12
2026-03-25 17:00:00,108,5.3,17.0,44.0,1.4
2026-03-25 18:00:00,108,3.5,15.5,42.0,0.61
2026-03-25 19:00:00,108,2.3,13.4,48.0,0.11
2026-03-25 20:00:00,108,2.5,11.6,56.0,None
2026-03-25 21:00:00,108,2.7,10.5,61.0,None
2026-03-25 22:00:00,108,1.5,10.0,63.0,None
2026-03-25 23:00:00,108,1.6,9.6,62.0,None
2026-03-26 00:00:00,108,1.8,9.2,67.0,None
2026-03-26 01:00:00,108,1.4,9.0,71.0,None
2026-03-26 02:00:00,108,2.4,8.7,79.0,None
2026-03-26 03:00:00,108,1.7,8.2,82.0,None
2026-03-26 04:00:00,108,1.2,7.7,82.0,None
2026-03-26 05:00:00,108,1.5,7.3,86.0,None
2026-03-26 06:00:00,108,1.3,6.8,83.0,None
2026-03-26 07:00:00,108,1.5,6.7,86.0,0.03
2026-03-26 08:00:00,108,0.8,7.5,85.0,0.37
2026-03-26 09:00:00,108,1.0,10.0,75.0,0.95
2026-03-26 10:00:00,108,1.5,12.4,65.0,1.7
2026-03-26 11:00:00,108,2.8,14.7,54.0,2.39
2026-03-26 12:00:00,108,2.7,16.4,43.0,2.78
2026-03-26 13:00:00,108,3.4,17.6,41.0,3.04
2026-03-26 14:00:00,108,3.6,18.7,41.0,2.98
2026-03-26 15:00:00,108,3.8,19.2,37.0,2.67
2026-03-26 16:00:00,108,3.2,19.2,32.0,2.15
2026-03-26 17:00:00,108,3.5,18.2,36.0,1.43
2026-03-26 18:00:00,108,2.9,16.6,41.0,0.67
2026-03-26 19:00:00,108,2.9,14.6,46.0,0.11
2026-03-26 20:00:00,108,2.7,12.8,54.0,None
2026-03-26 21:00:00,108,2.5,11.3,61.0,None
2026-03-26 22:00:00,108,1.5,10.0,69.0,None
2026-03-26 23:00:00,108,1.6,9.0,72.0,None
2026-03-27 00:00:00,108,2.2,8.2,77.0,None
2026-03-27 01:00:00,108,1.4,7.7,80.0,None
2026-03-27 02:00:00,108,2.7,7.4,84.0,None
2026-03-27 03:00:00,108,0.7,6.9,83.0,None
2026-03-27 04:00:00,108,0.5,6.4,83.0,None
2026-03-27 05:00:00,108,0.7,6.3,86.0,None
2026-03-27 06:00:00,108,0.0,6.0,86.0,None
2026-03-27 07:00:00,108,0.2,5.9,86.0,0.0
2026-03-27 08:00:00,108,0.2,6.9,87.0,0.01
2026-03-27 09:00:00,108,0.7,8.9,82.0,0.01
2026-03-27 10:00:00,108,1.0,11.7,70.0,0.01
2026-03-27 11:00:00,108,1.1,13.4,63.0,0.49
2026-03-27 12:00:00,108,2.6,15.2,58.0,2.6
2026-03-27 13:00:00,108,2.9,16.3,54.0,2.71
2026-03-27 14:00:00,108,2.7,17.5,49.0,2.6
2026-03-27 15:00:00,108,2.8,18.0,45.0,2.34
2026-03-27 16:00:00,108,3.5,17.8,45.0,1.85
2026-03-27 17:00:00,108,3.5,17.3,44.0,1.33
2026-03-27 18:00:00,108,2.5,16.0,48.0,0.61
2026-03-27 19:00:00,108,4.4,14.0,51.0,0.12
2026-03-27 20:00:00,108,3.6,12.7,57.0,None
2026-03-27 21:00:00,108,3.3,11.4,65.0,None
2026-03-27 22:00:00,108,2.2,10.6,71.0,None
2026-03-27 23:00:00,108,1.9,10.0,74.0,None
2026-03-28 00:00:00,108,2.7,8.7,82.0,None
2026-03-28 01:00:00,108,3.6,7.3,90.0,None
2026-03-28 02:00:00,108,2.5,7.2,92.0,None
2026-03-28 03:00:00,108,1.5,7.1,91.0,None
2026-03-28 04:00:00,108,1.6,7.1,91.0,None
2026-03-28 05:00:00,108,1.6,7.0,90.0,None
2026-03-28 06:00:00,108,0.4,6.3,89.0,None
2026-03-28 07:00:00,108,0.7,6.3,92.0,0.03
2026-03-28 08:00:00,108,1.8,7.1,88.0,0.33
2026-03-28 09:00:00,108,1.0,8.7,82.0,1.09
2026-03-28 10:00:00,108,1.3,11.8,67.0,1.9
2026-03-28 11:00:00,108,2.5,14.0,57.0,2.56
2026-03-28 12:00:00,108,2.9,16.1,45.0,2.96
2026-03-28 13:00:00,108,3.0,17.7,34.0,3.15
2026-03-28 14:00:00,108,2.6,19.3,30.0,3.14
2026-03-28 15:00:00,108,2.8,20.0,27.0,2.81
2026-03-28 16:00:00,108,3.1,19.7,31.0,2.16
2026-03-28 17:00:00,108,2.0,19.8,27.0,1.52
2026-03-28 18:00:00,108,3.1,18.5,31.0,0.74
2026-03-28 19:00:00,108,3.0,16.3,41.0,0.14
2026-03-28 20:00:00,108,3.6,13.8,46.0,None
2026-03-28 21:00:00,108,3.1,11.8,52.0,None
2026-03-28 22:00:00,108,2.0,11.0,47.0,None
2026-03-28 23:00:00,108,0.7,10.1,53.0,None
2026-03-29 00:00:00,108,1.8,9.2,55.0,None
2026-03-29 01:00:00,108,1.8,8.9,57.0,None
2026-03-29 02:00:00,108,1.6,8.6,60.0,None
2026-03-29 03:00:00,108,1.0,8.3,62.0,None
2026-03-29 04:00:00,108,0.5,8.0,63.0,None
2026-03-29 05:00:00,108,1.4,8.0,62.0,None
2026-03-29 06:00:00,108,1.7,8.0,65.0,None
2026-03-29 07:00:00,108,1.8,7.6,66.0,0.04
2026-03-29 08:00:00,108,1.6,9.2,63.0,0.41
2026-03-29 09:00:00,108,2.3,12.2,50.0,1.15
2026-03-29 10:00:00,108,2.0,14.8,38.0,1.92
2026-03-29 11:00:00,108,1.5,17.5,31.0,2.38
2026-03-29 12:00:00,108,1.2,18.6,28.0,2.28
2026-03-29 13:00:00,108,2.1,20.1,25.0,2.33
2026-03-29 14:00:00,108,2.1,20.5,25.0,2.09
2026-03-29 15:00:00,108,3.9,19.2,27.0,1.27
2026-03-29 16:00:00,108,3.7,18.2,30.0,1.1
2026-03-29 17:00:00,108,3.5,18.7,23.0,1.42
2026-03-29 18:00:00,108,2.4,17.6,25.0,0.61
2026-03-29 19:00:00,108,1.7,15.9,28.0,0.12
2026-03-29 20:00:00,108,1.8,14.2,31.0,None
2026-03-29 21:00:00,108,3.7,13.7,32.0,None
2026-03-29 22:00:00,108,1.2,12.1,36.0,None
2026-03-29 23:00:00,108,1.3,11.4,34.0,None
2026-03-30 00:00:00,108,1.7,11.4,33.0,None
2026-03-30 01:00:00,108,2.9,11.9,37.0,None
2026-03-30 02:00:00,108,2.7,12.3,39.0,None
2026-03-30 03:00:00,108,0.2,12.2,36.0,None
2026-03-30 04:00:00,108,0.3,11.7,39.0,None
2026-03-30 05:00:00,108,2.9,11.3,41.0,None
2026-03-30 06:00:00,108,1.5,11.2,43.0,None
2026-03-30 07:00:00,108,1.7,11.0,46.0,0.02
2026-03-30 08:00:00,108,2.7,12.1,42.0,0.21
2026-03-30 09:00:00,108,2.5,13.5,38.0,0.54
2026-03-30 10:00:00,108,2.2,14.5,36.0,0.61
2026-03-30 11:00:00,108,1.7,15.3,35.0,0.53
2026-03-30 12:00:00,108,1.9,17.3,30.0,1.38
2026-03-30 13:00:00,108,1.3,19.4,28.0,2.11
2026-03-30 14:00:00,108,1.1,20.1,31.0,1.33
2026-03-30 15:00:00,108,1.8,20.9,31.0,1.38
2026-03-30 16:00:00,108,1.6,20.7,32.0,1.15
2026-03-30 17:00:00,108,1.2,20.0,32.0,0.36
2026-03-30 18:00:00,108,1.4,19.4,34.0,0.16
2026-03-30 19:00:00,108,1.7,18.9,34.0,0.02
2026-03-30 20:00:00,108,1.5,18.4,36.0,None
2026-03-30 21:00:00,108,2.1,17.5,47.0,None
2026-03-30 22:00:00,108,2.4,16.6,49.0,None
2026-03-30 23:00:00,108,1.8,14.7,68.0,None
2026-03-31 00:00:00,108,2.3,13.2,79.0,None
2026-03-31 01:00:00,108,2.3,12.9,83.0,None
2026-03-31 02:00:00,108,3.0,12.1,83.0,None
2026-03-31 03:00:00,108,0.9,11.9,86.0,None
2026-03-31 04:00:00,108,2.3,11.7,86.0,None
2026-03-31 05:00:00,108,2.5,11.4,86.0,None
2026-03-31 06:00:00,108,2.2,11.0,85.0,None
2026-03-31 07:00:00,108,4.4,10.8,88.0,0.02
2026-03-31 08:00:00,108,3.0,11.3,86.0,0.39
2026-03-31 09:00:00,108,1.0,12.7,79.0,1.36
2026-03-31 10:00:00,108,2.5,15.8,64.0,2.13
2026-03-31 11:00:00,108,3.1,16.7,57.0,2.5
2026-03-31 12:00:00,108,3.5,16.8,57.0,2.07
2026-03-31 13:00:00,108,2.9,17.6,54.0,1.99
2026-03-31 14:00:00,108,3.2,18.2,50.0,1.78
2026-03-31 15:00:00,108,2.8,18.4,49.0,1.38
2026-03-31 16:00:00,108,2.5,17.8,50.0,0.66
2026-03-31 17:00:00,108,2.5,17.1,51.0,0.39
2026-03-31 18:00:00,108,3.1,16.5,52.0,0.28
2026-03-31 19:00:00,108,2.5,15.8,56.0,0.06
2026-03-31 20:00:00,108,2.7,14.8,58.0,None
2026-03-31 21:00:00,108,3.0,14.0,61.0,None
2026-03-31 22:00:00,108,2.8,13.7,63.0,None
2026-03-31 23:00:00,108,2.6,13.2,64.0,None
2026-04-01 00:00:00,108,2.3,12.4,65.0,None
2026-04-01 01:00:00,108,2.5,12.0,67.0,None
2026-04-01 02:00:00,108,2.5,11.6,69.0,None
2026-04-01 03:00:00,108,2.4,11.6,70.0,None
2026-04-01 04:00:00,108,1.7,11.3,70.0,None
2026-04-01 05:00:00,108,3.0,11.0,72.0,None
2026-04-01 06:00:00,108,2.3,10.6,73.0,None
2026-04-01 07:00:00,108,2.6,11.0,74.0,0.03
2026-04-01 08:00:00,108,2.1,12.2,70.0,0.41
2026-04-01 09:00:00,108,2.2,13.9,66.0,0.99
2026-04-01 10:00:00,108,1.5,15.8,61.0,1.69
2026-04-01 11:00:00,108,1.1,16.8,58.0,1.73
2026-04-01 12:00:00,108,1.1,16.7,57.0,0.99
2026-04-01 13:00:00,108,2.3,16.8,57.0,0.75
2026-04-01 14:00:00,108,2.9,17.5,56.0,1.36
2026-04-01 15:00:00,108,4.1,17.3,55.0,1.67
2026-04-01 16:00:00,108,4.2,17.0,49.0,1.7
2026-04-01 17:00:00,108,3.7,16.1,36.0,1.24
2026-04-01 18:00:00,108,2.5,15.1,34.0,0.6
2026-04-01 19:00:00,108,2.5,13.6,37.0,0.2
2026-04-01 20:00:00,108,3.7,12.1,39.0,None
2026-04-01 21:00:00,108,2.9,11.6,45.0,None
2026-04-01 22:00:00,108,2.9,10.9,52.0,None
2026-04-01 23:00:00,108,2.1,10.1,57.0,None
2026-04-02 00:00:00,108,2.2,9.3,61.0,None
2026-04-02 01:00:00,108,1.8,8.5,63.0,None
2026-04-02 02:00:00,108,1.5,8.1,66.0,None
2026-04-02 03:00:00,108,1.8,7.6,70.0,None
2026-04-02 04:00:00,108,1.6,7.3,72.0,None
2026-04-02 05:00:00,108,0.8,6.8,74.0,None
2026-04-02 06:00:00,108,1.3,6.7,76.0,None
2026-04-02 07:00:00,108,1.3,6.6,77.0,0.06
2026-04-02 08:00:00,108,1.6,8.0,75.0,0.53
2026-04-02 09:00:00,108,2.4,10.1,65.0,1.36
2026-04-02 10:00:00,108,2.4,12.1,54.0,2.04
2026-04-02 11:00:00,108,2.7,13.8,51.0,2.59
2026-04-02 12:00:00,108,3.2,15.6,44.0,2.99
2026-04-02 13:00:00,108,2.8,16.8,37.0,3.22
2026-04-02 14:00:00,108,4.0,17.8,33.0,3.23
2026-04-02 15:00:00,108,5.4,17.4,32.0,2.91
2026-04-02 16:00:00,108,5.3,16.8,29.0,2.41
2026-04-02 17:00:00,108,3.7,16.3,30.0,1.69
2026-04-02 18:00:00,108,2.5,14.9,32.0,0.8
2026-04-02 19:00:00,108,4.3,12.7,37.0,0.19
2026-04-02 20:00:00,108,3.4,11.5,42.0,None
2026-04-02 21:00:00,108,2.3,10.8,49.0,None
2026-04-02 22:00:00,108,2.1,10.1,51.0,None
2026-04-02 23:00:00,108,2.6,9.6,53.0,None
2026-04-03 00:00:00,108,1.2,9.3,58.0,None
2026-04-03 01:00:00,108,2.3,8.7,67.0,None
2026-04-03 02:00:00,108,2.5,8.0,76.0,None
2026-04-03 03:00:00,108,1.9,7.7,79.0,None
2026-04-03 04:00:00,108,0.9,7.4,80.0,None
2026-04-03 05:00:00,108,1.2,7.3,80.0,None
2026-04-03 06:00:00,108,0.9,7.5,78.0,None
2026-04-03 07:00:00,108,2.0,7.5,78.0,0.06
2026-04-03 08:00:00,108,1.8,9.1,74.0,0.39
2026-04-03 09:00:00,108,1.3,11.3,66.0,1.04
2026-04-03 10:00:00,108,1.8,13.8,56.0,1.76
2026-04-03 11:00:00,108,2.3,16.3,49.0,2.32
2026-04-03 12:00:00,108,1.5,18.3,45.0,2.43
2026-04-03 13:00:00,108,2.5,19.5,36.0,2.45
2026-04-03 14:00:00,108,3.2,20.6,32.0,2.52
2026-04-03 15:00:00,108,3.0,22.1,29.0,2.48
2026-04-03 16:00:00,108,3.6,21.9,30.0,1.94
2026-04-03 17:00:00,108,4.3,20.7,33.0,1.17
2026-04-03 18:00:00,108,2.8,19.6,37.0,0.56
2026-04-03 19:00:00,108,3.6,17.8,36.0,0.15
2026-04-03 20:00:00,108,0.2,16.5,39.0,None
2026-04-03 21:00:00,108,3.1,16.0,41.0,None
2026-04-03 22:00:00,108,2.5,15.7,45.0,None
2026-04-03 23:00:00,108,2.3,15.3,51.0,None
2026-04-04 00:00:00,108,2.0,15.0,55.0,None
2026-04-04 01:00:00,108,2.3,14.7,58.0,None
2026-04-04 02:00:00,108,3.0,14.3,56.0,None
2026-04-04 03:00:00,108,3.2,13.8,60.0,None
2026-04-04 04:00:00,108,1.6,13.5,62.0,None
2026-04-04 05:00:00,108,2.1,13.3,62.0,None
2026-04-04 06:00:00,108,3.2,13.0,65.0,None
2026-04-04 07:00:00,108,3.2,12.8,68.0,0.02
2026-04-04 08:00:00,108,3.1,12.9,71.0,0.19
2026-04-04 09:00:00,108,2.3,13.8,68.0,0.61
2026-04-04 10:00:00,108,1.9,15.5,61.0,1.27
2026-04-04 11:00:00,108,1.3,17.2,57.0,2.49
2026-04-04 12:00:00,108,2.3,18.9,55.0,2.94
2026-04-04 13:00:00,108,3.9,20.0,46.0,3.39
2026-04-04 14:00:00,108,4.4,20.7,44.0,3.26
2026-04-04 15:00:00,108,5.8,19.4,48.0,2.08
2026-04-04 16:00:00,108,4.7,19.4,54.0,2.17
2026-04-04 17:00:00,108,4.6,17.4,58.0,1.53
2026-04-04 18:00:00,108,4.0,16.1,62.0,0.71
2026-04-04 19:00:00,108,4.1,14.0,65.0,0.18
2026-04-04 20:00:00,108,3.0,11.7,68.0,None
2026-04-04 21:00:00,108,2.9,10.5,71.0,None
2026-04-04 22:00:00,108,2.6,9.6,74.0,None
2026-04-04 23:00:00,108,2.9,9.2,74.0,None
2026-04-05 00:00:00,108,4.5,8.5,78.0,None
2026-04-05 01:00:00,108,2.8,8.3,78.0,None
2026-04-05 02:00:00,108,3.3,8.0,79.0,None
2026-04-05 03:00:00,108,2.1,7.8,79.0,None
2026-04-05 04:00:00,108,2.3,7.6,79.0,None
2026-04-05 05:00:00,108,2.4,7.3,79.0,None
2026-04-05 06:00:00,108,2.3,7.3,79.0,None
2026-04-05 07:00:00,108,1.3,7.4,78.0,0.02
2026-04-05 08:00:00,108,2.8,8.0,75.0,0.24
2026-04-05 09:00:00,108,2.7,8.8,70.0,0.63
2026-04-05 10:00:00,108,2.3,10.0,63.0,1.03
2026-04-05 11:00:00,108,1.1,12.1,56.0,2.01
2026-04-05 12:00:00,108,2.2,13.0,53.0,2.32
2026-04-05 13:00:00,108,1.5,14.4,50.0,2.61
2026-04-05 14:00:00,108,1.8,15.6,42.0,3.13
2026-04-05 15:00:00,108,2.1,16.7,41.0,2.91
2026-04-05 16:00:00,108,3.2,17.0,27.0,2.38
2026-04-05 17:00:00,108,2.3,16.9,25.0,1.71
2026-04-05 18:00:00,108,2.3,16.0,29.0,0.82
2026-04-05 19:00:00,108,3.0,14.4,39.0,0.11
2026-04-05 20:00:00,108,2.5,13.5,51.0,None
2026-04-05 21:00:00,108,1.2,12.8,54.0,None
2026-04-05 22:00:00,108,1.1,12.3,56.0,None
2026-04-05 23:00:00,108,2.4,9.7,76.0,None
2026-04-06 00:00:00,108,2.3,9.7,74.0,None
2026-04-06 01:00:00,108,1.4,9.6,78.0,None
2026-04-06 02:00:00,108,1.1,9.7,79.0,None
2026-04-06 03:00:00,108,0.8,9.9,78.0,None
2026-04-06 04:00:00,108,1.6,10.0,82.0,None
2026-04-06 05:00:00,108,2.2,10.1,83.0,None
2026-04-06 06:00:00,108,3.4,10.3,85.0,None
2026-04-06 07:00:00,108,2.3,10.2,86.0,0.02
2026-04-06 08:00:00,108,1.2,10.5,81.0,0.15
2026-04-06 09:00:00,108,2.3,10.8,80.0,0.35
2026-04-06 10:00:00,108,2.6,10.7,78.0,0.15
2026-04-06 11:00:00,108,0.8,9.8,81.0,0.15
2026-04-06 12:00:00,108,0.5,10.2,80.0,0.3
2026-04-06 13:00:00,108,3.1,10.9,74.0,0.48
2026-04-06 14:00:00,108,3.6,11.7,67.0,1.34
2026-04-06 15:00:00,108,2.5,12.2,61.0,1.04
2026-04-06 16:00:00,108,2.3,13.2,61.0,1.2
2026-04-06 17:00:00,108,3.1,13.9,49.0,1.49
2026-04-06 18:00:00,108,3.4,13.5,31.0,0.89
2026-04-06 19:00:00,108,3.5,11.8,37.0,0.22
2026-04-06 20:00:00,108,4.2,10.3,40.0,None
2026-04-06 21:00:00,108,3.1,9.1,26.0,None
2026-04-06 22:00:00,108,2.6,7.5,27.0,None
2026-04-06 23:00:00,108,0.9,6.3,30.0,None
2026-04-07 00:00:00,108,1.7,5.5,32.0,None
2026-04-07 01:00:00,108,1.5,5.5,36.0,None
2026-04-07 02:00:00,108,0.8,4.8,41.0,None
2026-04-07 03:00:00,108,1.7,4.4,42.0,None
2026-04-07 04:00:00,108,1.8,3.9,49.0,None
2026-04-07 05:00:00,108,2.0,3.6,54.0,None
2026-04-07 06:00:00,108,1.7,3.4,57.0,None
2026-04-07 07:00:00,108,1.4,3.5,57.0,0.14
2026-04-07 08:00:00,108,1.9,5.0,50.0,0.78
2026-04-07 09:00:00,108,2.3,7.2,41.0,1.66
2026-04-07 10:00:00,108,3.2,9.1,32.0,2.34
2026-04-07 11:00:00,108,3.9,10.3,23.0,3.0
2026-04-07 12:00:00,108,5.2,10.7,22.0,3.38
2026-04-07 13:00:00,108,4.4,12.2,20.0,3.53
2026-04-07 14:00:00,108,4.9,12.9,25.0,3.41
2026-04-07 15:00:00,108,4.3,13.7,27.0,2.98
2026-04-07 16:00:00,108,4.8,13.1,27.0,2.46
2026-04-07 17:00:00,108,3.4,12.9,32.0,1.76
2026-04-07 18:00:00,108,3.3,11.6,35.0,0.94
2026-04-07 19:00:00,108,4.1,9.8,41.0,0.22
2026-04-07 20:00:00,108,3.6,8.5,57.0,None
2026-04-07 21:00:00,108,2.6,7.8,61.0,None
2026-04-07 22:00:00,108,1.7,7.3,62.0,None
2026-04-07 23:00:00,108,1.7,6.8,65.0,None
2026-04-08 00:00:00,108,2.0,6.4,67.0,None
2026-04-08 01:00:00,108,1.4,5.8,70.0,None
2026-04-08 02:00:00,108,1.5,5.3,72.0,None
2026-04-08 03:00:00,108,1.9,5.2,73.0,None
2026-04-08 04:00:00,108,0.6,4.7,74.0,None
2026-04-08 05:00:00,108,0.3,4.2,77.0,None
2026-04-08 06:00:00,108,0.9,3.9,80.0,None
2026-04-08 07:00:00,108,2.1,3.6,80.0,0.13
2026-04-08 08:00:00,108,1.6,6.0,76.0,0.73
2026-04-08 09:00:00,108,1.6,8.3,66.0,1.56
2026-04-08 10:00:00,108,2.0,10.0,54.0,2.27
2026-04-08 11:00:00,108,2.2,12.0,44.0,2.89
2026-04-08 12:00:00,108,2.5,13.6,39.0,3.29
2026-04-08 13:00:00,108,3.3,14.4,38.0,3.45
2026-04-08 14:00:00,108,3.3,15.6,35.0,3.3
2026-04-08 15:00:00,108,2.8,16.5,33.0,2.94
2026-04-08 16:00:00,108,2.6,16.4,29.0,2.39
2026-04-08 17:00:00,108,3.0,15.9,25.0,1.7
2026-04-08 18:00:00,108,2.8,15.1,26.0,0.91
2026-04-08 19:00:00,108,2.9,13.2,32.0,0.21
2026-04-08 20:00:00,108,2.0,11.8,38.0,0.0
2026-04-08 21:00:00,108,1.5,10.8,43.0,None
2026-04-08 22:00:00,108,0.3,10.0,44.0,None
2026-04-08 23:00:00,108,0.5,9.5,48.0,None
2026-04-09 00:00:00,108,0.6,8.9,51.0,None
2026-04-09 01:00:00,108,0.6,8.8,52.0,None
2026-04-09 02:00:00,108,0.6,8.8,48.0,None
2026-04-09 03:00:00,108,0.8,9.3,46.0,None
2026-04-09 04:00:00,108,0.8,9.2,49.0,None
2026-04-09 05:00:00,108,2.0,9.2,53.0,None
2026-04-09 06:00:00,108,2.5,9.3,55.0,None
2026-04-09 07:00:00,108,1.7,9.7,55.0,0.03
2026-04-09 08:00:00,108,2.4,10.6,55.0,0.18
2026-04-09 09:00:00,108,2.9,11.3,55.0,0.3
2026-04-09 10:00:00,108,2.4,11.2,58.0,0.37
2026-04-09 11:00:00,108,3.2,11.8,58.0,0.49
2026-04-09 12:00:00,108,4.5,10.8,74.0,0.36
2026-04-09 13:00:00,108,4.7,9.8,86.0,0.38
2026-04-09 14:00:00,108,5.2,9.4,91.0,0.33
2026-04-09 15:00:00,108,5.5,9.6,94.0,0.25
2026-04-09 16:00:00,108,5.4,10.0,95.0,0.2
2026-04-09 17:00:00,108,5.1,10.4,96.0,0.09
2026-04-09 18:00:00,108,5.3,10.8,96.0,0.08
2026-04-09 19:00:00,108,4.0,11.1,96.0,0.01
2026-04-09 20:00:00,108,3.5,11.4,96.0,0.0
2026-04-09 21:00:00,108,3.0,11.7,97.0,None
2026-04-09 22:00:00,108,1.9,12.0,96.0,None
2026-04-09 23:00:00,108,1.8,12.2,96.0,None
2026-04-10 00:00:00,108,0.6,12.3,95.0,None
2026-04-10 01:00:00,108,3.0,12.7,96.0,None
2026-04-10 02:00:00,108,2.6,12.4,95.0,None
2026-04-10 03:00:00,108,2.9,12.1,95.0,None
2026-04-10 04:00:00,108,3.2,11.7,94.0,None
2026-04-10 05:00:00,108,3.7,11.4,94.0,None
2026-04-10 06:00:00,108,3.2,10.8,94.0,None
2026-04-10 07:00:00,108,2.5,10.2,93.0,0.01
2026-04-10 08:00:00,108,3.2,10.0,95.0,0.06
2026-04-10 09:00:00,108,2.9,10.1,95.0,0.13
2026-04-10 10:00:00,108,2.8,10.2,96.0,0.18
2026-04-10 11:00:00,108,3.9,9.7,94.0,0.23
2026-04-10 12:00:00,108,3.2,9.6,95.0,0.26
2026-04-10 13:00:00,108,3.5,9.7,94.0,0.31
2026-04-10 14:00:00,108,4.3,10.1,91.0,0.33
2026-04-10 15:00:00,108,3.9,10.9,85.0,0.7
2026-04-10 16:00:00,108,3.8,11.1,81.0,0.66
2026-04-10 17:00:00,108,4.6,10.9,82.0,0.6
2026-04-10 18:00:00,108,4.0,10.6,84.0,0.24
2026-04-10 19:00:00,108,4.2,9.9,84.0,0.04
2026-04-10 20:00:00,108,3.5,9.8,86.0,0.01
2026-04-10 21:00:00,108,3.0,9.8,85.0,None
2026-04-10 22:00:00,108,2.9,9.7,85.0,None
2026-04-10 23:00:00,108,3.8,9.0,86.0,None
2026-04-11 00:00:00,108,2.4,8.8,86.0,None
2026-04-11 01:00:00,108,2.8,8.8,87.0,None
2026-04-11 02:00:00,108,2.1,8.6,89.0,None
2026-04-11 03:00:00,108,2.6,8.4,89.0,None
2026-04-11 04:00:00,108,2.5,8.4,90.0,None
2026-04-11 05:00:00,108,3.6,8.3,86.0,None
2026-04-11 06:00:00,108,2.3,8.3,87.0,None
2026-04-11 07:00:00,108,1.5,8.3,86.0,0.04
2026-04-11 08:00:00,108,1.8,8.5,86.0,0.15
2026-04-11 09:00:00,108,2.9,9.2,84.0,0.46
2026-04-11 10:00:00,108,1.7,10.0,84.0,0.6
2026-04-11 11:00:00,108,2.8,11.3,80.0,1.2
2026-04-11 12:00:00,108,2.5,11.9,80.0,0.69
2026-04-11 13:00:00,108,3.4,14.4,67.0,2.33
2026-04-11 14:00:00,108,4.4,15.1,64.0,3.11
2026-04-11 15:00:00,108,2.9,15.7,59.0,2.98
2026-04-11 16:00:00,108,3.7,15.8,58.0,2.44
2026-04-11 17:00:00,108,4.7,15.4,54.0,1.72
2026-04-11 18:00:00,108,4.0,14.6,57.0,0.81
2026-04-11 19:00:00,108,2.8,12.9,65.0,0.22
2026-04-11 20:00:00,108,2.0,11.5,75.0,0.0
2026-04-11 21:00:00,108,2.9,10.3,80.0,None
2026-04-11 22:00:00,108,2.3,9.8,82.0,None
2026-04-11 23:00:00,108,2.6,9.2,85.0,None
2026-04-12 00:00:00,108,2.1,8.7,87.0,None
2026-04-12 01:00:00,108,2.3,8.4,88.0,None
2026-04-12 02:00:00,108,1.1,7.8,87.0,None
2026-04-12 03:00:00,108,0.6,7.4,89.0,None
2026-04-12 04:00:00,108,1.2,7.0,90.0,None
2026-04-12 05:00:00,108,0.2,6.7,91.0,None
2026-04-12 06:00:00,108,1.8,6.3,91.0,None
2026-04-12 07:00:00,108,1.9,6.4,92.0,0.14
2026-04-12 08:00:00,108,2.6,8.7,90.0,0.8
2026-04-12 09:00:00,108,2.7,11.2,76.0,1.67
2026-04-12 10:00:00,108,1.7,14.1,60.0,2.36
2026-04-12 11:00:00,108,1.4,16.2,51.0,3.01
2026-04-12 12:00:00,108,1.4,18.8,42.0,3.4
2026-04-12 13:00:00,108,2.3,20.5,32.0,3.53
2026-04-12 14:00:00,108,2.1,21.8,28.0,3.22
2026-04-12 15:00:00,108,3.2,22.6,21.0,2.91
2026-04-12 16:00:00,108,2.2,23.7,21.0,2.45
2026-04-12 17:00:00,108,2.3,23.2,25.0,1.51
2026-04-12 18:00:00,108,2.4,21.8,26.0,0.73
2026-04-12 19:00:00,108,2.6,19.9,37.0,0.2
2026-04-12 20:00:00,108,2.7,18.0,41.0,0.0
2026-04-12 21:00:00,108,1.6,16.8,41.0,None
2026-04-12 22:00:00,108,2.1,15.8,46.0,None
2026-04-12 23:00:00,108,3.0,14.9,45.0,None
2026-04-13 00:00:00,108,2.4,14.3,41.0,None
2026-04-13 01:00:00,108,1.7,13.5,44.0,None
2026-04-13 02:00:00,108,1.6,12.2,47.0,None
2026-04-13 03:00:00,108,1.5,11.3,50.0,None
2026-04-13 04:00:00,108,2.2,10.8,52.0,None
2026-04-13 05:00:00,108,2.1,9.9,53.0,None
2026-04-13 06:00:00,108,0.8,9.7,54.0,None
2026-04-13 07:00:00,108,0.3,10.0,56.0,0.14
2026-04-13 08:00:00,108,1.2,12.2,56.0,0.72
2026-04-13 09:00:00,108,1.2,14.9,50.0,1.55
2026-04-13 10:00:00,108,1.6,18.0,41.0,2.22
2026-04-13 11:00:00,108,1.6,20.5,36.0,2.83
2026-04-13 12:00:00,108,2.5,22.8,29.0,3.25
2026-04-13 13:00:00,108,1.7,24.7,25.0,3.4
2026-04-13 14:00:00,108,2.4,26.2,22.0,3.27
2026-04-13 15:00:00,108,1.5,26.9,20.0,2.82
2026-04-13 16:00:00,108,1.3,27.1,19.0,1.87
2026-04-13 17:00:00,108,2.1,26.7,20.0,1.36
2026-04-13 18:00:00,108,2.6,25.5,24.0,0.75
2026-04-13 19:00:00,108,2.6,23.6,27.0,0.14
2026-04-13 20:00:00,108,2.2,21.9,30.0,0.01
2026-04-13 21:00:00,108,1.5,20.7,31.0,None
2026-04-13 22:00:00,108,1.6,19.4,36.0,None
2026-04-13 23:00:00,108,0.6,18.3,39.0,None
2026-04-14 00:00:00,108,0.2,17.6,44.0,None
2026-04-14 01:00:00,108,0.8,16.9,44.0,None
2026-04-14 02:00:00,108,1.4,16.3,47.0,None
2026-04-14 03:00:00,108,2.1,15.8,48.0,None
2026-04-14 04:00:00,108,2.0,15.5,49.0,None
2026-04-14 05:00:00,108,1.6,15.2,51.0,None
2026-04-14 06:00:00,108,2.2,14.6,52.0,0.0
2026-04-14 07:00:00,108,1.9,14.5,51.0,0.13
2026-04-14 08:00:00,108,2.4,16.5,46.0,0.55
2026-04-14 09:00:00,108,2.1,19.2,36.0,1.38
2026-04-14 10:00:00,108,2.5,21.8,32.0,2.06
2026-04-14 11:00:00,108,2.0,23.7,28.0,2.61
2026-04-14 12:00:00,108,2.4,24.8,23.0,2.65
2026-04-14 13:00:00,108,2.5,26.3,22.0,3.06
2026-04-14 14:00:00,108,1.8,26.9,22.0,3.08
2026-04-14 15:00:00,108,1.6,27.8,23.0,2.42
2026-04-14 16:00:00,108,2.2,27.7,21.0,2.19
2026-04-14 17:00:00,108,1.9,27.5,21.0,1.66
2026-04-14 18:00:00,108,3.8,25.7,25.0,0.84
2026-04-14 19:00:00,108,2.6,23.3,31.0,0.21
2026-04-14 20:00:00,108,3.2,21.3,34.0,0.01
2026-04-14 21:00:00,108,1.8,20.2,34.0,None
2026-04-14 22:00:00,108,2.1,19.0,35.0,None
2026-04-14 23:00:00,108,1.5,18.2,38.0,None
2026-04-15 00:00:00,108,0.6,17.3,41.0,None
2026-04-15 01:00:00,108,0.3,16.6,47.0,None
2026-04-15 02:00:00,108,1.7,16.0,47.0,None
2026-04-15 03:00:00,108,1.3,15.7,48.0,None
2026-04-15 04:00:00,108,2.5,14.9,54.0,None
2026-04-15 05:00:00,108,1.1,14.3,52.0,None
2026-04-15 06:00:00,108,1.8,13.7,56.0,0.0
2026-04-15 07:00:00,108,2.2,13.5,61.0,0.13
2026-04-15 08:00:00,108,1.3,15.5,59.0,0.67
2026-04-15 09:00:00,108,0.9,18.0,52.0,1.5
2026-04-15 10:00:00,108,2.2,20.5,40.0,2.24
2026-04-15 11:00:00,108,1.9,22.1,39.0,2.82
2026-04-15 12:00:00,108,3.4,23.8,35.0,3.15
2026-04-15 13:00:00,108,3.8,25.1,34.0,3.25
2026-04-15 14:00:00,108,3.4,25.6,35.0,3.21
2026-04-15 15:00:00,108,3.3,26.1,34.0,2.89
2026-04-15 16:00:00,108,3.5,26.3,33.0,2.38
2026-04-15 17:00:00,108,5.1,24.9,35.0,1.7
2026-04-15 18:00:00,108,4.2,23.3,37.0,0.89
2026-04-15 19:00:00,108,2.6,21.7,40.0,0.25
2026-04-15 20:00:00,108,1.5,20.4,43.0,0.01
2026-04-15 21:00:00,108,1.2,19.5,47.0,None
2026-04-15 22:00:00,108,0.6,18.4,51.0,None
2026-04-15 23:00:00,108,2.5,17.3,53.0,None
2026-04-16 00:00:00,108,4.3,17.7,41.0,None
2026-04-16 01:00:00,108,4.3,16.9,44.0,None
2026-04-16 02:00:00,108,2.7,15.8,49.0,None
2026-04-16 03:00:00,108,4.6,14.8,55.0,None
2026-04-16 04:00:00,108,4.5,14.3,57.0,None
2026-04-16 05:00:00,108,3.1,13.7,58.0,None
2026-04-16 06:00:00,108,2.1,13.0,60.0,0.0
2026-04-16 07:00:00,108,3.1,13.3,58.0,0.23
2026-04-16 08:00:00,108,4.9,15.5,50.0,0.93
2026-04-16 09:00:00,108,3.5,17.8,43.0,1.76
2026-04-16 10:00:00,108,2.6,19.7,39.0,2.29
2026-04-16 11:00:00,108,2.5,21.3,35.0,2.54
2026-04-16 12:00:00,108,2.7,23.6,30.0,3.25
2026-04-16 13:00:00,108,3.5,24.9,24.0,3.38
2026-04-16 14:00:00,108,3.2,26.1,23.0,2.89
2026-04-16 15:00:00,108,1.7,27.2,18.0,3.09
2026-04-16 16:00:00,108,2.4,27.2,16.0,2.41
2026-04-16 17:00:00,108,3.0,26.3,26.0,1.79
2026-04-16 18:00:00,108,2.7,24.2,31.0,0.75
2026-04-16 19:00:00,108,2.5,22.1,35.0,0.18
2026-04-16 20:00:00,108,1.5,20.8,38.0,0.01
2026-04-16 21:00:00,108,1.3,19.9,38.0,None
2026-04-16 22:00:00,108,0.8,19.1,41.0,None
2026-04-16 23:00:00,108,1.3,18.6,45.0,None
2026-04-17 00:00:00,108,1.4,18.1,45.0,None
2026-04-17 01:00:00,108,0.6,17.5,47.0,None
2026-04-17 02:00:00,108,1.5,17.0,44.0,None
2026-04-17 03:00:00,108,1.8,17.1,30.0,None
2026-04-17 04:00:00,108,2.3,16.7,33.0,None
2026-04-17 05:00:00,108,1.1,16.4,27.0,None
2026-04-17 06:00:00,108,1.8,16.2,35.0,0.0
2026-04-17 07:00:00,108,2.1,16.0,33.0,0.1
2026-04-17 08:00:00,108,1.8,16.3,36.0,0.37
2026-04-17 09:00:00,108,0.9,17.7,39.0,0.92
2026-04-17 10:00:00,108,2.2,18.5,39.0,1.44
2026-04-17 11:00:00,108,2.5,19.1,42.0,1.62
2026-04-17 12:00:00,108,2.8,19.1,46.0,1.08
2026-04-17 13:00:00,108,3.0,20.0,49.0,1.79
2026-04-17 14:00:00,108,3.1,22.2,41.0,3.24
2026-04-17 15:00:00,108,4.0,21.5,42.0,2.32
2026-04-17 16:00:00,108,4.2,21.0,47.0,1.8
2026-04-17 17:00:00,108,4.7,19.6,45.0,1.27
2026-04-17 18:00:00,108,4.1,18.8,44.0,0.7
2026-04-17 19:00:00,108,3.6,17.3,47.0,0.31
2026-04-17 20:00:00,108,3.7,16.0,52.0,0.01
2026-04-17 21:00:00,108,3.1,15.4,56.0,None
2026-04-17 22:00:00,108,1.8,14.7,61.0,None
2026-04-17 23:00:00,108,1.5,13.9,64.0,None
2026-04-18 00:00:00,108,0.8,13.3,68.0,None
2026-04-18 01:00:00,108,0.9,12.8,70.0,None
2026-04-18 02:00:00,108,0.5,12.5,71.0,None
2026-04-18 03:00:00,108,1.1,12.2,74.0,None
2026-04-18 04:00:00,108,1.3,11.9,73.0,None
2026-04-18 05:00:00,108,1.4,11.7,74.0,None
2026-04-18 06:00:00,108,1.8,11.1,76.0,0.0
2026-04-18 07:00:00,108,2.2,11.2,77.0,0.22
2026-04-18 08:00:00,108,1.7,13.8,70.0,0.86
2026-04-18 09:00:00,108,1.3,16.7,59.0,1.66
2026-04-18 10:00:00,108,1.0,19.4,50.0,2.32
2026-04-18 11:00:00,108,1.9,20.9,45.0,2.9
2026-04-18 12:00:00,108,1.6,23.1,39.0,3.25
2026-04-18 13:00:00,108,2.6,24.3,35.0,3.38
2026-04-18 14:00:00,108,2.5,25.5,32.0,3.27
2026-04-18 15:00:00,108,2.6,26.7,31.0,2.91
2026-04-18 16:00:00,108,2.6,27.1,27.0,2.42
2026-04-18 17:00:00,108,2.9,26.6,26.0,1.6
2026-04-18 18:00:00,108,2.7,25.6,32.0,0.86
2026-04-18 19:00:00,108,2.4,23.3,44.0,0.27
2026-04-18 20:00:00,108,3.1,21.3,48.0,0.0
2026-04-18 21:00:00,108,2.4,20.1,52.0,None
2026-04-18 22:00:00,108,2.8,19.2,55.0,None
2026-04-18 23:00:00,108,2.5,18.5,58.0,None
2026-04-19 00:00:00,108,1.4,17.7,58.0,None
2026-04-19 01:00:00,108,1.3,17.2,60.0,None
2026-04-19 02:00:00,108,1.2,16.8,63.0,None
2026-04-19 03:00:00,108,1.3,16.3,63.0,None
2026-04-19 04:00:00,108,1.0,15.7,63.0,None
2026-04-19 05:00:00,108,1.7,15.2,67.0,None
2026-04-19 06:00:00,108,2.3,14.8,69.0,0.0
2026-04-19 07:00:00,108,1.5,14.7,71.0,0.13
2026-04-19 08:00:00,108,1.4,17.1,67.0,0.67
2026-04-19 09:00:00,108,1.6,20.3,53.0,1.68
2026-04-19 10:00:00,108,1.6,22.9,44.0,2.35
2026-04-19 11:00:00,108,1.6,25.6,35.0,2.87
2026-04-19 12:00:00,108,2.3,27.5,28.0,3.32
2026-04-19 13:00:00,108,2.9,28.8,21.0,3.56
2026-04-19 14:00:00,108,2.5,29.2,25.0,3.2
2026-04-19 15:00:00,108,3.5,28.8,31.0,2.33
2026-04-19 16:00:00,108,3.0,28.6,25.0,2.42
2026-04-19 17:00:00,108,4.6,27.8,26.0,1.73
2026-04-19 18:00:00,108,3.1,26.3,27.0,0.96
2026-04-19 19:00:00,108,3.0,23.9,27.0,0.28
2026-04-19 20:00:00,108,2.0,22.3,32.0,0.0
2026-04-19 21:00:00,108,1.5,21.2,35.0,None
2026-04-19 22:00:00,108,3.1,20.3,38.0,None
2026-04-19 23:00:00,108,3.3,18.6,52.0,None
2026-04-20 00:00:00,108,1.3,17.8,57.0,None
2026-04-20 01:00:00,108,1.4,16.9,60.0,None
2026-04-20 02:00:00,108,1.6,15.9,63.0,None
2026-04-20 03:00:00,108,2.3,15.1,65.0,None
2026-04-20 04:00:00,108,1.6,14.6,67.0,None
2026-04-20 05:00:00,108,0.5,14.1,69.0,None
2026-04-20 06:00:00,108,1.0,13.7,70.0,0.0
2026-04-20 07:00:00,108,3.0,14.6,67.0,0.11
2026-04-20 08:00:00,108,1.6,15.1,66.0,0.17
2026-04-20 09:00:00,108,1.2,15.8,60.0,0.36
2026-04-20 10:00:00,108,2.5,16.4,61.0,0.48
2026-04-20 11:00:00,108,3.1,17.5,64.0,1.11
2026-04-20 12:00:00,108,4.3,15.9,74.0,0.36
2026-04-20 13:00:00,108,4.1,14.8,78.0,0.26
2026-04-20 14:00:00,108,3.5,13.9,82.0,0.38
2026-04-20 15:00:00,108,3.7,13.2,79.0,0.38
2026-04-20 16:00:00,108,4.3,13.5,68.0,0.68
2026-04-20 17:00:00,108,4.8,14.3,58.0,1.8
2026-04-20 18:00:00,108,4.4,13.9,43.0,1.05
2026-04-20 19:00:00,108,4.2,12.6,37.0,0.32
2026-04-20 20:00:00,108,3.5,11.4,37.0,0.0
2026-04-20 21:00:00,108,3.1,10.8,30.0,None
2026-04-20 22:00:00,108,2.6,9.9,36.0,None
2026-04-20 23:00:00,108,3.9,9.5,39.0,None
2026-04-21 00:00:00,108,3.7,9.1,57.0,None
2026-04-21 01:00:00,108,2.6,8.7,60.0,None
2026-04-21 02:00:00,108,1.9,8.2,59.0,None
2026-04-21 03:00:00,108,0.6,7.7,61.0,None
2026-04-21 04:00:00,108,1.0,7.3,65.0,None
2026-04-21 05:00:00,108,1.8,7.2,69.0,None
2026-04-21 06:00:00,108,2.4,7.3,75.0,0.0
2026-04-21 07:00:00,108,0.8,7.6,71.0,0.23
2026-04-21 08:00:00,108,2.3,9.3,65.0,0.84
2026-04-21 09:00:00,108,2.7,11.5,53.0,1.71
2026-04-21 10:00:00,108,2.9,13.2,42.0,2.39
2026-04-21 11:00:00,108,3.6,15.4,38.0,2.99
2026-04-21 12:00:00,108,3.7,16.4,35.0,3.04
2026-04-21 13:00:00,108,3.2,16.7,33.0,2.23
2026-04-21 14:00:00,108,3.9,17.5,29.0,2.47
2026-04-21 15:00:00,108,2.4,17.6,28.0,1.92
2026-04-21 16:00:00,108,4.5,16.9,28.0,1.34
2026-04-21 17:00:00,108,5.7,15.4,35.0,0.83
2026-04-21 18:00:00,108,3.5,14.0,44.0,0.52
2026-04-21 19:00:00,108,2.5,13.1,45.0,0.16
2026-04-21 20:00:00,108,2.3,12.6,46.0,0.01
2026-04-21 21:00:00,108,2.7,12.1,50.0,None
2026-04-21 22:00:00,108,1.5,11.6,56.0,None
2026-04-21 23:00:00,108,0.7,11.1,59.0,None
2026-04-22 00:00:00,108,1.6,10.8,62.0,None
2026-04-22 01:00:00,108,0.9,10.7,62.0,None
2026-04-22 02:00:00,108,0.9,10.6,65.0,None
2026-04-22 03:00:00,108,1.5,10.5,59.0,None
2026-04-22 04:00:00,108,0.8,10.3,62.0,None
2026-04-22 05:00:00,108,2.0,10.1,63.0,None
2026-04-22 06:00:00,108,2.0,9.9,63.0,0.0
2026-04-22 07:00:00,108,2.1,10.0,65.0,0.13
2026-04-22 08:00:00,108,0.8,11.1,60.0,0.38
2026-04-22 09:00:00,108,1.8,12.4,52.0,0.61
2026-04-22 10:00:00,108,0.9,13.5,42.0,0.68
2026-04-22 11:00:00,108,1.7,15.1,37.0,1.18
2026-04-22 12:00:00,108,3.4,16.4,28.0,1.56
2026-04-22 13:00:00,108,2.5,17.7,28.0,2.01
2026-04-22 14:00:00,108,3.5,18.9,25.0,2.82
2026-04-22 15:00:00,108,2.4,19.9,28.0,2.86
2026-04-22 16:00:00,108,4.5,19.9,24.0,2.51
2026-04-22 17:00:00,108,3.2,19.2,24.0,1.61
2026-04-22 18:00:00,108,3.9,17.9,27.0,0.94
2026-04-22 19:00:00,108,2.8,16.4,33.0,0.29
2026-04-22 20:00:00,108,3.4,15.1,39.0,0.01
2026-04-22 21:00:00,108,2.5,14.1,46.0,None
2026-04-22 22:00:00,108,2.1,13.4,50.0,None
2026-04-22 23:00:00,108,2.0,12.9,54.0,None
2026-04-23 00:00:00,108,0.6,12.4,56.0,None
2026-04-23 01:00:00,108,1.4,11.8,57.0,None
2026-04-23 02:00:00,108,0.9,11.5,58.0,None
2026-04-23 03:00:00,108,1.4,11.4,59.0,None
2026-04-23 04:00:00,108,0.4,10.8,60.0,None
2026-04-23 05:00:00,108,2.3,10.2,63.0,None
2026-04-23 06:00:00,108,1.6,10.1,64.0,0.0
2026-04-23 07:00:00,108,2.6,11.1,62.0,0.18
2026-04-23 08:00:00,108,3.5,13.5,54.0,0.68
2026-04-23 09:00:00,108,3.4,15.6,45.0,1.54
2026-04-23 10:00:00,108,3.6,17.8,34.0,2.08
2026-04-23 11:00:00,108,4.2,19.7,29.0,2.95
2026-04-23 12:00:00,108,3.0,21.3,25.0,3.33
2026-04-23 13:00:00,108,2.9,22.4,21.0,3.39
2026-04-23 14:00:00,108,3.0,23.9,22.0,3.4
2026-04-23 15:00:00,108,2.3,24.2,18.0,3.07
2026-04-23 16:00:00,108,2.8,24.1,17.0,2.45
2026-04-23 17:00:00,108,2.0,23.4,19.0,1.25
2026-04-23 18:00:00,108,2.3,21.9,20.0,0.49
2026-04-23 19:00:00,108,3.2,20.6,20.0,0.18
2026-04-23 20:00:00,108,2.2,19.1,22.0,0.0
2026-04-23 21:00:00,108,2.9,17.6,25.0,None
2026-04-23 22:00:00,108,2.9,16.6,26.0,None
2026-04-23 23:00:00,108,3.0,15.2,29.0,None
2026-04-24 00:00:00,108,2.5,14.1,30.0,None
2026-04-24 01:00:00,108,2.5,13.5,32.0,None
2026-04-24 02:00:00,108,2.5,12.5,35.0,None
2026-04-24 03:00:00,108,2.4,11.4,37.0,None
2026-04-24 04:00:00,108,2.2,10.5,40.0,None
2026-04-24 05:00:00,108,2.0,10.4,43.0,None
2026-04-24 06:00:00,108,2.4,9.5,47.0,0.0
2026-04-24 07:00:00,108,1.7,10.5,45.0,0.32
2026-04-24 08:00:00,108,2.2,13.6,39.0,1.03
2026-04-24 09:00:00,108,1.5,16.2,33.0,1.88
2026-04-24 10:00:00,108,1.4,18.8,27.0,2.52
2026-04-24 11:00:00,108,1.3,20.4,26.0,3.12
2026-04-24 12:00:00,108,2.2,22.5,22.0,3.5
2026-04-24 13:00:00,108,1.4,23.8,18.0,3.63
2026-04-24 14:00:00,108,2.0,25.3,14.0,3.51
2026-04-24 15:00:00,108,2.3,26.3,11.0,3.2
2026-04-24 16:00:00,108,2.2,26.8,12.0,2.61
2026-04-24 17:00:00,108,2.7,26.1,17.0,1.88
2026-04-24 18:00:00,108,2.8,24.5,21.0,1.05
2026-04-24 19:00:00,108,2.4,21.9,24.0,0.35
2026-04-24 20:00:00,108,1.6,19.8,21.0,0.01
2026-04-24 21:00:00,108,1.3,18.3,32.0,None
2026-04-24 22:00:00,108,1.3,17.3,37.0,None
2026-04-24 23:00:00,108,2.2,16.2,40.0,None
2026-04-25 00:00:00,108,1.2,15.3,39.0,None
2026-04-25 01:00:00,108,2.2,14.1,45.0,None
2026-04-25 02:00:00,108,1.8,13.6,48.0,None
2026-04-25 03:00:00,108,1.5,12.9,50.0,None
2026-04-25 04:00:00,108,1.0,12.2,53.0,None
2026-04-25 05:00:00,108,1.4,11.7,57.0,None
2026-04-25 06:00:00,108,0.0,11.3,60.0,0.0
2026-04-25 07:00:00,108,1.6,11.7,60.0,0.29
2026-04-25 08:00:00,108,2.1,14.7,53.0,0.98
2026-04-25 09:00:00,108,2.2,17.8,44.0,1.77
2026-04-25 10:00:00,108,1.6,20.1,36.0,2.43
2026-04-25 11:00:00,108,2.1,22.3,24.0,3.01
2026-04-25 12:00:00,108,2.3,24.0,21.0,3.4
2026-04-25 13:00:00,108,2.7,25.4,22.0,3.5
2026-04-25 14:00:00,108,2.8,26.0,19.0,3.39
2026-04-25 15:00:00,108,4.0,25.7,15.0,3.07
2026-04-25 16:00:00,108,3.9,24.7,18.0,2.57
2026-04-25 17:00:00,108,4.3,24.1,15.0,1.89
2026-04-25 18:00:00,108,4.1,22.6,19.0,1.07
2026-04-25 19:00:00,108,2.4,20.6,28.0,0.36
2026-04-25 20:00:00,108,1.4,18.8,34.0,0.0
2026-04-25 21:00:00,108,0.8,17.4,39.0,None
2026-04-25 22:00:00,108,1.9,15.8,41.0,None
2026-04-25 23:00:00,108,1.3,15.1,42.0,None
2026-04-26 00:00:00,108,1.0,14.2,38.0,None
2026-04-26 01:00:00,108,0.4,13.4,41.0,None
2026-04-26 02:00:00,108,1.0,13.2,41.0,None
2026-04-26 03:00:00,108,0.8,12.8,41.0,None
2026-04-26 04:00:00,108,0.8,12.3,43.0,None
2026-04-26 05:00:00,108,1.4,11.8,45.0,None
2026-04-26 06:00:00,108,1.6,11.3,47.0,0.0
2026-04-26 07:00:00,108,0.6,11.6,46.0,0.31
2026-04-26 08:00:00,108,0.5,14.0,43.0,0.98
2026-04-26 09:00:00,108,2.2,17.3,32.0,1.83
2026-04-26 10:00:00,108,2.3,19.5,27.0,2.53
2026-04-26 11:00:00,108,2.8,21.3,20.0,3.06
2026-04-26 12:00:00,108,3.6,22.2,19.0,3.24
2026-04-26 13:00:00,108,3.6,23.4,20.0,3.59
2026-04-26 14:00:00,108,2.8,25.1,22.0,3.46
2026-04-26 15:00:00,108,3.5,24.9,20.0,3.11
2026-04-26 16:00:00,108,4.6,23.8,19.0,2.6
2026-04-26 17:00:00,108,4.2,23.0,21.0,1.87
2026-04-26 18:00:00,108,2.9,21.8,22.0,1.04
2026-04-26 19:00:00,108,2.8,19.7,25.0,0.33
2026-04-26 20:00:00,108,2.4,18.0,29.0,0.01
2026-04-26 21:00:00,108,2.0,16.9,31.0,None
2026-04-26 22:00:00,108,1.2,16.1,32.0,None
2026-04-26 23:00:00,108,2.8,15.6,31.0,None
2026-04-27 00:00:00,108,1.9,14.8,34.0,None
2026-04-27 01:00:00,108,2.1,13.7,37.0,None
2026-04-27 02:00:00,108,2.1,12.9,42.0,None
2026-04-27 03:00:00,108,1.3,13.2,44.0,None
2026-04-27 04:00:00,108,0.5,13.4,46.0,None
2026-04-27 05:00:00,108,1.4,13.8,47.0,None
2026-04-27 06:00:00,108,2.1,13.7,51.0,0.0
2026-04-27 07:00:00,108,0.9,14.0,55.0,0.13
2026-04-27 08:00:00,108,1.3,15.2,53.0,0.57
2026-04-27 09:00:00,108,1.5,17.7,48.0,1.68
2026-04-27 10:00:00,108,1.2,20.1,46.0,2.35
2026-04-27 11:00:00,108,2.9,21.3,43.0,2.89
2026-04-27 12:00:00,108,2.3,23.0,40.0,3.11
2026-04-27 13:00:00,108,4.6,21.5,36.0,2.06
2026-04-27 14:00:00,108,3.3,20.6,37.0,1.67
2026-04-27 15:00:00,108,2.8,19.5,29.0,0.78
2026-04-27 16:00:00,108,2.6,18.9,28.0,0.4
2026-04-27 17:00:00,108,3.4,18.5,29.0,0.25
2026-04-27 18:00:00,108,4.1,16.4,43.0,0.11
2026-04-27 19:00:00,108,2.0,14.5,66.0,0.04
2026-04-27 20:00:00,108,1.1,14.3,70.0,0.0
2026-04-27 21:00:00,108,0.5,13.3,71.0,None
2026-04-27 22:00:00,108,0.4,12.8,79.0,None
2026-04-27 23:00:00,108,1.4,12.7,79.0,None
2026-04-28 00:00:00,108,1.5,13.0,74.0,None
2026-04-28 01:00:00,108,3.9,13.6,61.0,None
2026-04-28 02:00:00,108,4.4,13.3,69.0,None
2026-04-28 03:00:00,108,2.0,12.9,79.0,None
2026-04-28 04:00:00,108,3.0,12.3,82.0,None
2026-04-28 05:00:00,108,2.5,11.8,86.0,None
2026-04-28 06:00:00,108,3.3,11.8,86.0,0.01
2026-04-28 07:00:00,108,2.8,11.8,81.0,0.07
2026-04-28 08:00:00,108,2.7,11.9,79.0,0.2
2026-04-28 09:00:00,108,3.3,12.1,76.0,0.31
2026-04-28 10:00:00,108,2.9,12.9,71.0,0.63
2026-04-28 11:00:00,108,2.8,13.8,66.0,0.92
2026-04-28 12:00:00,108,3.0,14.1,63.0,1.0
2026-04-28 13:00:00,108,4.1,14.7,60.0,1.11
2026-04-28 14:00:00,108,3.4,15.5,54.0,2.15
2026-04-28 15:00:00,108,3.6,15.6,54.0,1.37
2026-04-28 16:00:00,108,3.9,16.0,51.0,1.23
2026-04-28 17:00:00,108,2.5,15.9,52.0,0.97
2026-04-28 18:00:00,108,2.3,15.5,52.0,0.37
2026-04-28 19:00:00,108,2.1,14.9,55.0,0.18
2026-04-28 20:00:00,108,2.5,14.3,54.0,0.0
2026-04-28 21:00:00,108,1.6,13.1,60.0,None
2026-04-28 22:00:00,108,1.8,12.2,65.0,None
2026-04-28 23:00:00,108,0.8,11.8,66.0,None
2026-04-29 00:00:00,108,0.7,11.4,66.0,None
2026-04-29 01:00:00,108,1.6,10.8,71.0,None
2026-04-29 02:00:00,108,1.7,10.4,74.0,None
2026-04-29 03:00:00,108,1.1,9.7,74.0,None
2026-04-29 04:00:00,108,1.4,9.3,77.0,None
2026-04-29 05:00:00,108,0.7,9.1,80.0,None
2026-04-29 06:00:00,108,0.9,8.7,83.0,0.01
2026-04-29 07:00:00,108,1.9,9.1,83.0,0.35
2026-04-29 08:00:00,108,2.2,11.7,73.0,1.03
2026-04-29 09:00:00,108,0.8,13.5,62.0,1.76
2026-04-29 10:00:00,108,2.2,15.8,54.0,2.44
2026-04-29 11:00:00,108,2.1,18.1,47.0,3.09
2026-04-29 12:00:00,108,1.9,19.2,39.0,3.44
2026-04-29 13:00:00,108,2.7,19.9,34.0,3.07
2026-04-29 14:00:00,108,3.5,21.0,28.0,3.61
2026-04-29 15:00:00,108,3.0,21.2,26.0,3.03
2026-04-29 16:00:00,108,2.8,21.0,29.0,2.43
2026-04-29 17:00:00,108,2.8,20.9,27.0,1.82
2026-04-29 18:00:00,108,3.5,18.7,33.0,0.85
2026-04-29 19:00:00,108,3.7,16.5,33.0,0.22
2026-04-29 20:00:00,108,2.6,15.3,36.0,0.01
2026-04-29 21:00:00,108,2.4,14.6,41.0,None
2026-04-29 22:00:00,108,1.2,14.1,42.0,None
2026-04-29 23:00:00,108,1.1,13.6,45.0,None
2026-04-30 00:00:00,108,1.1,13.3,49.0,None
2026-04-30 01:00:00,108,0.9,13.0,52.0,None
2026-04-30 02:00:00,108,1.7,12.6,53.0,None
2026-04-30 03:00:00,108,0.6,12.0,55.0,None
2026-04-30 04:00:00,108,1.3,12.0,56.0,None
2026-04-30 05:00:00,108,0.7,11.5,57.0,None
2026-04-30 06:00:00,108,0.9,11.1,57.0,0.0
2026-04-30 07:00:00,108,1.9,11.1,60.0,0.33
2026-04-30 08:00:00,108,1.6,14.0,52.0,1.08
2026-04-30 09:00:00,108,2.0,16.7,42.0,1.88
2026-04-30 10:00:00,108,1.5,18.8,36.0,2.52
2026-04-30 11:00:00,108,1.7,21.2,28.0,3.12
2026-04-30 12:00:00,108,2.6,21.9,29.0,3.32
2026-04-30 13:00:00,108,2.9,23.0,27.0,3.57
2026-04-30 14:00:00,108,2.9,23.3,26.0,3.47
2026-04-30 15:00:00,108,3.2,24.2,25.0,3.16
2026-04-30 16:00:00,108,4.1,22.9,28.0,2.61
2026-04-30 17:00:00,108,4.2,21.9,28.0,1.84
2026-04-30 18:00:00,108,4.1,20.7,27.0,1.14
2026-04-30 19:00:00,108,4.0,18.3,32.0,0.39
2026-04-30 20:00:00,108,4.6,17.2,31.0,0.01
2026-04-30 21:00:00,108,3.4,16.8,32.0,None
2026-04-30 22:00:00,108,2.9,16.4,35.0,None
2026-04-30 23:00:00,108,3.6,16.1,36.0,None
2026-05-01 00:00:00,108,2.5,15.8,37.0,None
2026-05-01 01:00:00,108,4.1,15.6,38.0,None
2026-05-01 02:00:00,108,2.2,15.0,45.0,None
2026-05-01 03:00:00,108,2.9,14.7,45.0,None
2026-05-01 04:00:00,108,2.2,14.3,43.0,None
2026-05-01 05:00:00,108,2.7,13.9,50.0,None
2026-05-01 06:00:00,108,2.6,13.6,52.0,0.0
2026-05-01 07:00:00,108,2.6,13.6,57.0,0.17
2026-05-01 08:00:00,108,2.7,14.1,51.0,0.44
2026-05-01 09:00:00,108,3.5,15.9,41.0,1.28
2026-05-01 10:00:00,108,4.0,18.4,32.0,2.49
2026-05-01 11:00:00,108,5.4,19.5,30.0,3.08
2026-05-01 12:00:00,108,5.1,21.8,31.0,3.43
2026-05-01 13:00:00,108,4.1,22.7,34.0,3.5
2026-05-01 14:00:00,108,4.7,22.9,37.0,3.43
2026-05-01 15:00:00,108,4.6,23.8,34.0,3.09
2026-05-01 16:00:00,108,4.0,24.1,34.0,2.54
2026-05-01 17:00:00,108,3.7,23.8,32.0,1.88
2026-05-01 18:00:00,108,5.9,21.3,35.0,1.09
2026-05-01 19:00:00,108,4.0,18.8,40.0,0.38
2026-05-01 20:00:00,108,4.5,17.9,43.0,0.02
2026-05-01 21:00:00,108,2.0,16.5,50.0,None
2026-05-01 22:00:00,108,3.3,15.8,55.0,None
2026-05-01 23:00:00,108,2.1,15.2,59.0,None
2026-05-02 00:00:00,108,1.0,14.6,60.0,None
2026-05-02 01:00:00,108,2.3,14.2,64.0,None
2026-05-02 02:00:00,108,1.7,14.0,67.0,None
2026-05-02 03:00:00,108,1.7,13.8,68.0,None
2026-05-02 04:00:00,108,1.7,13.4,72.0,None
2026-05-02 05:00:00,108,0.4,13.1,75.0,None
2026-05-02 06:00:00,108,0.8,12.8,76.0,0.0
2026-05-02 07:00:00,108,1.5,13.6,74.0,0.2
2026-05-02 08:00:00,108,1.2,15.1,71.0,0.63
2026-05-02 09:00:00,108,1.5,16.9,65.0,1.27
2026-05-02 10:00:00,108,1.9,17.6,63.0,1.22
2026-05-02 11:00:00,108,1.6,19.4,60.0,1.52
2026-05-02 12:00:00,108,2.6,20.3,56.0,1.78
2026-05-02 13:00:00,108,2.3,21.0,54.0,1.57
2026-05-02 14:00:00,108,2.7,22.1,52.0,1.84
2026-05-02 15:00:00,108,2.9,21.9,54.0,1.73
2026-05-02 16:00:00,108,2.4,20.6,61.0,0.81
2026-05-02 17:00:00,108,3.4,20.3,61.0,0.77
2026-05-02 18:00:00,108,2.7,19.7,60.0,0.34
2026-05-02 19:00:00,108,4.8,17.9,61.0,0.07
2026-05-02 20:00:00,108,2.4,17.5,63.0,0.01
2026-05-02 21:00:00,108,1.8,17.2,62.0,None
2026-05-02 22:00:00,108,1.5,16.9,64.0,None
2026-05-02 23:00:00,108,1.1,16.0,74.0,None
2026-05-03 00:00:00,108,0.8,15.5,80.0,None
2026-05-03 01:00:00,108,1.3,14.9,82.0,None
2026-05-03 02:00:00,108,1.5,14.1,83.0,None
2026-05-03 03:00:00,108,1.3,13.6,87.0,None
2026-05-03 04:00:00,108,1.9,13.1,89.0,None
2026-05-03 05:00:00,108,1.4,12.8,90.0,None
2026-05-03 06:00:00,108,1.4,12.6,90.0,0.0
2026-05-03 07:00:00,108,0.9,12.6,89.0,0.05
2026-05-03 08:00:00,108,2.3,12.6,90.0,0.05
2026-05-03 09:00:00,108,2.7,12.9,89.0,0.25
2026-05-03 10:00:00,108,3.1,13.1,87.0,0.34
2026-05-03 11:00:00,108,2.0,13.4,86.0,0.47
2026-05-03 12:00:00,108,1.0,13.4,86.0,0.34
2026-05-03 13:00:00,108,1.3,13.5,87.0,0.37
2026-05-03 14:00:00,108,0.8,14.0,85.0,0.43
2026-05-03 15:00:00,108,2.2,14.4,83.0,0.61
2026-05-03 16:00:00,108,2.0,14.8,78.0,0.6
2026-05-03 17:00:00,108,3.0,14.5,79.0,0.25
2026-05-03 18:00:00,108,3.4,13.1,84.0,0.06
2026-05-03 19:00:00,108,2.3,12.8,85.0,0.02
2026-05-03 20:00:00,108,3.1,12.0,89.0,0.01
2026-05-03 21:00:00,108,1.8,12.1,88.0,None
2026-05-03 22:00:00,108,2.6,12.2,89.0,None
2026-05-03 23:00:00,108,2.3,11.8,92.0,None
2026-05-04 00:00:00,108,2.5,11.7,93.0,None
2026-05-04 01:00:00,108,4.2,10.6,88.0,None
2026-05-04 02:00:00,108,3.2,9.8,86.0,None
2026-05-04 03:00:00,108,4.4,9.6,79.0,None
2026-05-04 04:00:00,108,3.4,9.2,78.0,None
2026-05-04 05:00:00,108,2.3,8.7,80.0,None
2026-05-04 06:00:00,108,1.6,8.3,83.0,0.02
2026-05-04 07:00:00,108,1.8,8.6,82.0,0.4
2026-05-04 08:00:00,108,3.2,10.7,75.0,1.12
2026-05-04 09:00:00,108,3.0,12.7,69.0,1.93
2026-05-04 10:00:00,108,3.1,14.6,56.0,2.57
2026-05-04 11:00:00,108,3.7,17.4,46.0,3.19
2026-05-04 12:00:00,108,4.6,17.3,37.0,3.57
2026-05-04 13:00:00,108,4.2,18.4,35.0,3.58
2026-05-04 14:00:00,108,4.6,19.1,30.0,3.41
2026-05-04 15:00:00,108,4.6,19.1,28.0,2.75
2026-05-04 16:00:00,108,5.1,19.5,35.0,2.41
2026-05-04 17:00:00,108,4.1,19.2,32.0,2.05
2026-05-04 18:00:00,108,4.2,18.1,33.0,1.23
2026-05-04 19:00:00,108,3.1,16.5,38.0,0.42
2026-05-04 20:00:00,108,2.2,14.9,42.0,0.02
2026-05-04 21:00:00,108,1.7,13.7,51.0,None
2026-05-04 22:00:00,108,2.4,12.7,58.0,None
2026-05-04 23:00:00,108,2.1,11.9,63.0,None
2026-05-05 00:00:00,108,2.1,11.1,69.0,None
2026-05-05 01:00:00,108,1.4,10.6,71.0,None
2026-05-05 02:00:00,108,1.2,10.0,71.0,None
2026-05-05 03:00:00,108,1.6,9.8,75.0,None
2026-05-05 04:00:00,108,1.3,9.3,78.0,None
2026-05-05 05:00:00,108,0.8,8.7,83.0,None
2026-05-05 06:00:00,108,1.0,8.4,83.0,0.02
2026-05-05 07:00:00,108,1.2,8.9,83.0,0.38
2026-05-05 08:00:00,108,1.4,11.7,73.0,1.18
2026-05-05 09:00:00,108,1.8,13.8,65.0,1.98
2026-05-05 10:00:00,108,2.7,15.7,49.0,2.66
2026-05-05 11:00:00,108,3.4,17.6,40.0,3.26
2026-05-05 12:00:00,108,3.5,18.7,34.0,3.62
2026-05-05 13:00:00,108,4.5,19.6,28.0,3.77
2026-05-05 14:00:00,108,5.3,19.9,24.0,3.68
2026-05-05 15:00:00,108,4.7,20.6,29.0,3.28
2026-05-05 16:00:00,108,4.4,20.8,31.0,2.72
2026-05-05 17:00:00,108,4.1,20.1,30.0,2.03
2026-05-05 18:00:00,108,3.8,19.0,28.0,1.28
2026-05-05 19:00:00,108,4.5,16.9,31.0,0.45
2026-05-05 20:00:00,108,3.6,15.2,34.0,0.02
2026-05-05 21:00:00,108,2.1,13.8,41.0,None
2026-05-05 22:00:00,108,0.6,12.8,43.0,None
2026-05-05 23:00:00,108,0.4,12.0,50.0,None
2026-05-06 00:00:00,108,1.7,11.8,43.0,None
2026-05-06 01:00:00,108,0.5,11.3,49.0,None
2026-05-06 02:00:00,108,1.3,10.5,56.0,None
2026-05-06 03:00:00,108,1.7,10.0,57.0,None
2026-05-06 04:00:00,108,1.9,9.5,63.0,None
2026-05-06 05:00:00,108,2.0,9.3,65.0,None
2026-05-06 06:00:00,108,1.5,9.3,65.0,0.01
2026-05-06 07:00:00,108,1.5,10.5,65.0,0.31
2026-05-06 08:00:00,108,1.6,12.9,56.0,0.76
2026-05-06 09:00:00,108,1.6,15.7,50.0,1.77
2026-05-06 10:00:00,108,1.1,17.8,51.0,2.5
2026-05-06 11:00:00,108,2.4,20.0,51.0,3.06
2026-05-06 12:00:00,108,2.6,21.2,45.0,3.37
2026-05-06 13:00:00,108,4.0,23.1,40.0,3.56
2026-05-06 14:00:00,108,5.5,23.1,36.0,3.52
2026-05-06 15:00:00,108,3.8,23.7,39.0,2.9
2026-05-06 16:00:00,108,4.4,22.9,36.0,2.69
2026-05-06 17:00:00,108,4.5,22.1,37.0,1.92
2026-05-06 18:00:00,108,3.4,21.3,37.0,1.12
2026-05-06 19:00:00,108,3.7,19.6,41.0,0.4
2026-05-06 20:00:00,108,2.9,18.4,45.0,0.02
2026-05-06 21:00:00,108,2.5,17.4,47.0,None
2026-05-06 22:00:00,108,1.6,16.6,51.0,None
2026-05-06 23:00:00,108,1.9,16.4,55.0,None
2026-05-07 00:00:00,108,2.8,16.2,53.0,None
2026-05-07 01:00:00,108,1.9,15.8,55.0,None
2026-05-07 02:00:00,108,2.3,15.1,54.0,None
2026-05-07 03:00:00,108,1.2,14.6,57.0,None
2026-05-07 04:00:00,108,1.1,14.1,58.0,None
2026-05-07 05:00:00,108,0.8,13.5,63.0,None
2026-05-07 06:00:00,108,1.3,13.1,62.0,0.01
2026-05-07 07:00:00,108,0.6,13.7,64.0,0.3
2026-05-07 08:00:00,108,2.4,15.9,58.0,0.81
2026-05-07 09:00:00,108,2.0,17.1,57.0,1.22
2026-05-07 10:00:00,108,3.2,18.2,56.0,1.84
2026-05-07 11:00:00,108,4.1,20.0,55.0,2.66
2026-05-07 12:00:00,108,4.6,19.9,56.0,2.1
2026-05-07 13:00:00,108,5.5,19.0,60.0,1.05
2026-05-07 14:00:00,108,4.1,17.8,65.0,0.68
2026-05-07 15:00:00,108,3.1,17.0,71.0,0.17
2026-05-07 16:00:00,108,3.1,15.3,85.0,0.25
2026-05-07 17:00:00,108,2.0,15.0,90.0,0.11
2026-05-07 18:00:00,108,2.6,14.5,89.0,0.07
2026-05-07 19:00:00,108,2.0,14.0,89.0,0.02
2026-05-07 20:00:00,108,2.9,13.8,88.0,0.01
2026-05-07 21:00:00,108,2.8,13.7,87.0,None
2026-05-07 22:00:00,108,2.7,13.6,88.0,None
2026-05-07 23:00:00,108,2.2,13.6,89.0,None
2026-05-08 00:00:00,108,2.0,13.3,88.0,None
2026-05-08 01:00:00,108,1.6,12.8,87.0,None
2026-05-08 02:00:00,108,2.3,11.9,84.0,None
2026-05-08 03:00:00,108,3.7,11.4,83.0,None
2026-05-08 04:00:00,108,2.1,10.9,79.0,None
2026-05-08 05:00:00,108,2.0,10.2,80.0,None
2026-05-08 06:00:00,108,2.0,10.0,81.0,0.03
2026-05-08 07:00:00,108,1.9,10.2,77.0,0.45
2026-05-08 08:00:00,108,2.1,12.2,70.0,1.26
2026-05-08 09:00:00,108,3.4,14.1,56.0,2.02
2026-05-08 10:00:00,108,3.6,15.9,44.0,2.67
2026-05-08 11:00:00,108,4.9,17.4,37.0,3.28
2026-05-08 12:00:00,108,4.8,17.6,34.0,2.49
2026-05-08 13:00:00,108,5.9,19.3,27.0,3.9
2026-05-08 14:00:00,108,4.0,20.2,23.0,3.72
2026-05-08 15:00:00,108,5.0,19.8,26.0,3.26
2026-05-08 16:00:00,108,5.6,19.0,26.0,2.56
2026-05-08 17:00:00,108,4.4,19.5,28.0,2.05
2026-05-08 18:00:00,108,2.9,19.4,30.0,1.26
2026-05-08 19:00:00,108,3.3,17.9,34.0,0.45
2026-05-08 20:00:00,108,2.5,16.6,39.0,0.03
2026-05-08 21:00:00,108,2.8,15.9,44.0,None
2026-05-08 22:00:00,108,1.6,14.9,47.0,None
2026-05-08 23:00:00,108,2.0,14.1,48.0,None
2026-05-09 00:00:00,108,1.5,13.3,53.0,None
2026-05-09 01:00:00,108,2.8,12.8,57.0,None
2026-05-09 02:00:00,108,3.3,12.4,57.0,None
2026-05-09 03:00:00,108,1.5,11.9,54.0,None
2026-05-09 04:00:00,108,0.9,10.8,59.0,None
2026-05-09 05:00:00,108,0.2,10.3,62.0,None
2026-05-09 06:00:00,108,0.9,9.8,64.0,0.03
2026-05-09 07:00:00,108,0.9,10.7,65.0,0.45
2026-05-09 08:00:00,108,1.0,13.3,59.0,1.24
2026-05-09 09:00:00,108,1.4,16.2,44.0,2.03
2026-05-09 10:00:00,108,2.4,18.0,33.0,2.69
2026-05-09 11:00:00,108,3.0,19.7,30.0,3.29
2026-05-09 12:00:00,108,3.6,21.0,26.0,3.58
2026-05-09 13:00:00,108,3.0,22.4,25.0,3.7
2026-05-09 14:00:00,108,3.9,22.3,26.0,3.56
2026-05-09 15:00:00,108,4.3,21.9,26.0,3.23
2026-05-09 16:00:00,108,3.7,20.4,24.0,1.85
2026-05-09 17:00:00,108,3.7,19.8,25.0,1.62
2026-05-09 18:00:00,108,3.5,19.0,28.0,0.85
2026-05-09 19:00:00,108,2.4,18.2,30.0,0.41
2026-05-09 20:00:00,108,2.8,16.4,38.0,0.02
2026-05-09 21:00:00,108,1.6,15.1,39.0,None
2026-05-09 22:00:00,108,2.0,14.3,39.0,None
2026-05-09 23:00:00,108,1.6,13.3,40.0,None
2026-05-10 00:00:00,108,0.3,12.4,43.0,None
2026-05-10 01:00:00,108,1.6,12.1,45.0,None
2026-05-10 02:00:00,108,1.0,11.5,50.0,None
2026-05-10 03:00:00,108,2.0,11.2,50.0,None
2026-05-10 04:00:00,108,1.6,10.7,53.0,None
2026-05-10 05:00:00,108,2.2,10.3,55.0,None
2026-05-10 06:00:00,108,1.5,10.2,59.0,0.02
2026-05-10 07:00:00,108,1.2,11.1,59.0,0.36
2026-05-10 08:00:00,108,1.8,13.9,52.0,0.85
2026-05-10 09:00:00,108,1.4,16.6,44.0,1.76
2026-05-10 10:00:00,108,1.3,19.2,37.0,2.37
2026-05-10 11:00:00,108,2.9,21.0,34.0,2.92
2026-05-10 12:00:00,108,3.0,22.3,32.0,3.53
2026-05-10 13:00:00,108,3.1,23.5,26.0,3.59
2026-05-10 14:00:00,108,4.4,24.2,19.0,3.47
2026-05-10 15:00:00,108,3.6,24.1,17.0,2.91
2026-05-10 16:00:00,108,4.7,23.8,17.0,2.64
2026-05-10 17:00:00,108,2.9,23.3,21.0,1.81
2026-05-10 18:00:00,108,3.0,21.6,25.0,1.03
2026-05-10 19:00:00,108,3.2,19.8,27.0,0.35
2026-05-10 20:00:00,108,3.5,17.9,29.0,0.03
2026-05-10 21:00:00,108,2.4,16.4,38.0,None
2026-05-10 22:00:00,108,1.9,15.2,49.0,None
2026-05-10 23:00:00,108,2.0,14.6,53.0,None
2026-05-11 00:00:00,108,2.8,14.7,62.0,None
2026-05-11 01:00:00,108,2.2,14.4,68.0,None
2026-05-11 02:00:00,108,1.1,14.0,71.0,None
2026-05-11 03:00:00,108,0.7,13.8,68.0,None
2026-05-11 04:00:00,108,1.4,13.3,73.0,None
2026-05-11 05:00:00,108,1.2,13.0,71.0,None
2026-05-11 06:00:00,108,2.0,13.6,69.0,0.01
2026-05-11 07:00:00,108,2.1,14.5,67.0,0.18
2026-05-11 08:00:00,108,2.1,15.4,66.0,0.28
2026-05-11 09:00:00,108,2.9,15.8,67.0,0.21
2026-05-11 10:00:00,108,2.7,16.7,68.0,0.52
2026-05-11 11:00:00,108,1.2,18.2,65.0,1.27
2026-05-11 12:00:00,108,1.3,19.1,62.0,1.05
2026-05-11 13:00:00,108,0.9,20.8,61.0,1.51
2026-05-11 14:00:00,108,2.5,20.7,64.0,0.68
2026-05-11 15:00:00,108,4.1,20.5,67.0,0.61
2026-05-11 16:00:00,108,4.1,18.7,81.0,0.36
2026-05-11 17:00:00,108,2.9,18.6,79.0,0.59
2026-05-11 18:00:00,108,3.3,18.2,78.0,0.33
2026-05-11 19:00:00,108,2.7,18.0,78.0,0.09
2026-05-11 20:00:00,108,1.6,17.9,79.0,0.01
2026-05-11 21:00:00,108,1.5,17.6,81.0,None
2026-05-11 22:00:00,108,2.5,17.2,79.0,None
2026-05-11 23:00:00,108,0.8,16.8,80.0,None
2026-05-12 00:00:00,108,1.9,16.1,83.0,None
2026-05-12 01:00:00,108,0.8,15.7,85.0,None
2026-05-12 02:00:00,108,1.5,16.1,85.0,None
2026-05-12 03:00:00,108,2.3,16.0,92.0,None
2026-05-12 04:00:00,108,1.5,15.4,94.0,None
2026-05-12 05:00:00,108,1.1,15.4,94.0,None
2026-05-12 06:00:00,108,1.2,15.5,93.0,0.0
2026-05-12 07:00:00,108,2.1,15.7,94.0,0.09
2026-05-12 08:00:00,108,1.7,15.9,92.0,0.23
2026-05-12 09:00:00,108,0.9,17.1,90.0,0.77
2026-05-12 10:00:00,108,0.6,18.2,83.0,1.11
2026-05-12 11:00:00,108,1.2,19.1,76.0,1.13
2026-05-12 12:00:00,108,1.9,20.8,70.0,2.29
2026-05-12 13:00:00,108,2.7,22.3,64.0,3.19
2026-05-12 14:00:00,108,3.0,22.8,60.0,3.02
2026-05-12 15:00:00,108,2.7,23.9,55.0,3.07
2026-05-12 16:00:00,108,2.6,24.5,52.0,2.58
2026-05-12 17:00:00,108,2.6,24.3,49.0,1.99
2026-05-12 18:00:00,108,2.7,23.6,50.0,1.21
2026-05-12 19:00:00,108,2.5,21.8,56.0,0.46
2026-05-12 20:00:00,108,1.9,20.4,61.0,0.03
2026-05-12 21:00:00,108,1.0,19.3,68.0,None
2026-05-12 22:00:00,108,1.8,18.0,67.0,None
2026-05-12 23:00:00,108,2.8,17.3,70.0,None
2026-05-13 00:00:00,108,1.3,16.6,75.0,None
2026-05-13 01:00:00,108,0.9,16.1,78.0,None
2026-05-13 02:00:00,108,1.0,15.4,78.0,None
2026-05-13 03:00:00,108,0.9,14.7,80.0,None
2026-05-13 04:00:00,108,1.1,14.1,84.0,None
2026-05-13 05:00:00,108,2.0,13.7,86.0,None
2026-05-13 06:00:00,108,0.5,13.4,87.0,0.03
2026-05-13 07:00:00,108,1.3,14.2,88.0,0.47
2026-05-13 08:00:00,108,0.5,16.2,80.0,1.25
2026-05-13 09:00:00,108,1.1,19.1,66.0,2.0
2026-05-13 10:00:00,108,1.3,21.2,59.0,2.6
2026-05-13 11:00:00,108,2.6,23.3,52.0,3.16
2026-05-13 12:00:00,108,2.7,24.2,49.0,3.53
2026-05-13 13:00:00,108,2.8,24.6,43.0,3.63
2026-05-13 14:00:00,108,3.8,25.7,45.0,3.48
2026-05-13 15:00:00,108,4.5,25.6,46.0,3.18
2026-05-13 16:00:00,108,4.4,23.7,52.0,2.08
2026-05-13 17:00:00,108,3.7,23.5,52.0,1.48
2026-05-13 18:00:00,108,3.0,22.9,51.0,1.13
2026-05-13 19:00:00,108,2.8,21.5,56.0,0.28
2026-05-13 20:00:00,108,1.6,20.6,54.0,0.03
2026-05-13 21:00:00,108,2.1,19.9,60.0,None
2026-05-13 22:00:00,108,2.2,19.3,66.0,None
2026-05-13 23:00:00,108,1.5,18.5,71.0,None
2026-05-14 00:00:00,108,0.8,17.9,73.0,None
2026-05-14 01:00:00,108,0.6,17.0,75.0,None
2026-05-14 02:00:00,108,1.0,16.3,76.0,None
2026-05-14 03:00:00,108,0.9,15.8,78.0,None
2026-05-14 04:00:00,108,0.1,15.4,81.0,None
2026-05-14 05:00:00,108,1.5,15.3,79.0,None
2026-05-14 06:00:00,108,1.1,15.3,80.0,0.04
2026-05-14 07:00:00,108,0.9,15.8,79.0,0.44
2026-05-14 08:00:00,108,2.6,19.1,69.0,1.1
2026-05-14 09:00:00,108,2.0,21.9,57.0,1.89
2026-05-14 10:00:00,108,2.6,24.1,48.0,2.54
2026-05-14 11:00:00,108,2.5,26.2,45.0,3.13
2026-05-14 12:00:00,108,1.6,27.9,38.0,3.46
2026-05-14 13:00:00,108,2.1,29.2,33.0,3.59
2026-05-14 14:00:00,108,2.0,30.3,32.0,3.47
2026-05-14 15:00:00,108,2.0,31.0,29.0,3.12
2026-05-14 16:00:00,108,1.9,31.3,29.0,2.61
2026-05-14 17:00:00,108,1.9,30.2,28.0,1.56
2026-05-14 18:00:00,108,3.2,28.9,39.0,0.7
2026-05-14 19:00:00,108,2.8,27.1,46.0,0.42
2026-05-14 20:00:00,108,1.6,25.6,51.0,0.05
2026-05-14 21:00:00,108,1.1,24.5,52.0,None
2026-05-14 22:00:00,108,2.0,23.8,55.0,None
2026-05-14 23:00:00,108,1.2,23.1,56.0,None
2026-05-15 00:00:00,108,0.4,22.3,59.0,None
2026-05-15 01:00:00,108,1.6,21.7,60.0,None
2026-05-15 02:00:00,108,1.7,21.6,58.0,None
2026-05-15 03:00:00,108,2.6,20.6,66.0,None
2026-05-15 04:00:00,108,1.1,19.6,67.0,None
2026-05-15 05:00:00,108,1.0,18.9,70.0,None
2026-05-15 06:00:00,108,1.0,18.3,71.0,0.03
2026-05-15 07:00:00,108,0.9,18.7,72.0,0.42
2026-05-15 08:00:00,108,2.1,21.2,67.0,1.06
2026-05-15 09:00:00,108,1.5,23.5,55.0,1.85
2026-05-15 10:00:00,108,1.2,24.9,46.0,2.48
2026-05-15 11:00:00,108,1.7,26.8,41.0,3.07
2026-05-15 12:00:00,108,1.5,28.2,37.0,3.42
2026-05-15 13:00:00,108,2.0,29.1,36.0,3.54
2026-05-15 14:00:00,108,1.2,30.6,37.0,3.36
2026-05-15 15:00:00,108,1.4,30.9,30.0,3.08
2026-05-15 16:00:00,108,3.8,29.9,40.0,2.55
2026-05-15 17:00:00,108,3.3,28.8,44.0,1.86
2026-05-15 18:00:00,108,3.0,27.8,46.0,1.15
2026-05-15 19:00:00,108,2.3,25.9,47.0,0.43
2026-05-15 20:00:00,108,1.7,24.2,49.0,0.04
2026-05-15 21:00:00,108,1.5,23.1,53.0,None
2026-05-15 22:00:00,108,0.9,22.2,58.0,None
2026-05-15 23:00:00,108,2.5,21.6,61.0,None
2026-05-16 00:00:00,108,2.0,21.0,63.0,None
2026-05-16 01:00:00,108,1.2,20.2,65.0,None
2026-05-16 02:00:00,108,1.8,19.7,69.0,None
2026-05-16 03:00:00,108,2.2,19.1,71.0,None
2026-05-16 04:00:00,108,2.2,18.4,72.0,None
2026-05-16 05:00:00,108,1.3,17.9,73.0,None
2026-05-16 06:00:00,108,0.7,17.6,78.0,0.04
2026-05-16 07:00:00,108,0.8,18.2,76.0,0.45
2026-05-16 08:00:00,108,0.3,21.0,68.0,1.2
2026-05-16 09:00:00,108,2.2,23.4,62.0,1.97
2026-05-16 10:00:00,108,1.7,25.2,54.0,2.62
2026-05-16 11:00:00,108,2.8,26.5,45.0,3.2
2026-05-16 12:00:00,108,2.4,27.7,40.0,3.51
2026-05-16 13:00:00,108,2.3,29.0,32.0,3.62
2026-05-16 14:00:00,108,4.3,29.1,34.0,3.6
2026-05-16 15:00:00,108,3.0,29.6,30.0,3.23
2026-05-16 16:00:00,108,3.5,29.5,29.0,2.7
2026-05-16 17:00:00,108,4.0,28.4,32.0,1.99
2026-05-16 18:00:00,108,3.3,26.9,33.0,1.3
2026-05-16 19:00:00,108,1.9,25.0,35.0,0.55
2026-05-16 20:00:00,108,1.9,22.8,41.0,0.04
2026-05-16 21:00:00,108,1.7,21.5,43.0,None
2026-05-16 22:00:00,108,1.9,21.1,43.0,None
2026-05-16 23:00:00,108,1.7,20.1,49.0,None
2026-05-17 00:00:00,108,1.7,19.3,55.0,None
2026-05-17 01:00:00,108,1.6,18.4,58.0,None
2026-05-17 02:00:00,108,1.8,17.8,60.0,None
2026-05-17 03:00:00,108,1.2,17.5,61.0,None
2026-05-17 04:00:00,108,1.2,17.1,64.0,None
2026-05-17 05:00:00,108,1.0,16.5,66.0,None
2026-05-17 06:00:00,108,1.5,16.2,68.0,0.05
2026-05-17 07:00:00,108,0.7,17.5,69.0,0.47
2026-05-17 08:00:00,108,0.5,19.9,63.0,1.18
2026-05-17 09:00:00,108,1.7,22.2,56.0,1.96
2026-05-17 10:00:00,108,2.5,24.0,46.0,2.64
2026-05-17 11:00:00,108,2.0,25.8,40.0,3.02
2026-05-17 12:00:00,108,3.5,26.6,36.0,3.35
2026-05-17 13:00:00,108,2.6,27.9,32.0,3.74
2026-05-17 14:00:00,108,2.8,28.3,30.0,3.54
2026-05-17 15:00:00,108,3.0,29.1,30.0,3.24
2026-05-17 16:00:00,108,3.2,28.8,29.0,2.71
2026-05-17 17:00:00,108,2.5,28.4,30.0,2.04
2026-05-17 18:00:00,108,3.2,27.1,31.0,1.24
2026-05-17 19:00:00,108,2.7,25.0,33.0,0.45
2026-05-17 20:00:00,108,2.8,22.8,38.0,0.06
2026-05-17 21:00:00,108,0.8,21.6,40.0,None
2026-05-17 22:00:00,108,0.9,20.6,44.0,None
2026-05-17 23:00:00,108,0.8,19.3,48.0,None
2026-05-18 00:00:00,108,1.3,18.7,53.0,None
2026-05-18 01:00:00,108,0.7,18.1,55.0,None
2026-05-18 02:00:00,108,1.9,17.4,57.0,None
2026-05-18 03:00:00,108,1.6,16.5,59.0,None
2026-05-18 04:00:00,108,1.2,16.9,59.0,None
2026-05-18 05:00:00,108,1.5,16.3,61.0,None
2026-05-18 06:00:00,108,2.3,15.8,63.0,0.05
2026-05-18 07:00:00,108,1.5,16.8,63.0,0.55
2026-05-18 08:00:00,108,1.7,20.5,52.0,1.33
2026-05-18 09:00:00,108,1.6,23.3,44.0,2.08
2026-05-18 10:00:00,108,1.6,25.7,37.0,2.7
2026-05-18 11:00:00,108,1.3,27.5,35.0,3.28
2026-05-18 12:00:00,108,2.3,28.7,28.0,3.25
2026-05-18 13:00:00,108,3.1,29.7,25.0,3.62
2026-05-18 14:00:00,108,4.0,29.7,23.0,3.23
2026-05-18 15:00:00,108,3.7,29.6,22.0,2.7
2026-05-18 16:00:00,108,3.5,29.2,24.0,2.64
2026-05-18 17:00:00,108,2.9,28.3,27.0,1.69
2026-05-18 18:00:00,108,3.1,26.7,30.0,0.83
2026-05-18 19:00:00,108,2.8,24.7,36.0,0.33
2026-05-18 20:00:00,108,3.4,23.2,40.0,0.03
2026-05-18 21:00:00,108,2.4,22.3,40.0,None
2026-05-18 22:00:00,108,1.7,21.8,42.0,None
2026-05-18 23:00:00,108,0.7,21.4,43.0,None
2026-05-19 00:00:00,108,0.9,21.1,45.0,None
2026-05-19 01:00:00,108,0.5,20.8,47.0,None
2026-05-19 02:00:00,108,1.0,20.6,49.0,None
2026-05-19 03:00:00,108,1.0,20.6,51.0,None
2026-05-19 04:00:00,108,1.0,20.5,52.0,None
2026-05-19 05:00:00,108,1.3,20.4,54.0,None
2026-05-19 06:00:00,108,1.5,20.1,58.0,0.01
2026-05-19 07:00:00,108,1.7,19.9,57.0,0.13
2026-05-19 08:00:00,108,2.4,20.8,56.0,0.44
2026-05-19 09:00:00,108,1.8,21.7,53.0,0.75
2026-05-19 10:00:00,108,1.4,23.4,49.0,1.11
2026-05-19 11:00:00,108,1.7,24.3,42.0,1.61
2026-05-19 12:00:00,108,1.3,25.1,40.0,1.83
2026-05-19 13:00:00,108,2.5,25.0,38.0,1.35
2026-05-19 14:00:00,108,2.4,24.4,43.0,0.59
2026-05-19 15:00:00,108,3.5,23.5,49.0,0.7
2026-05-19 16:00:00,108,2.4,23.7,52.0,0.8
2026-05-19 17:00:00,108,2.6,23.1,55.0,0.37
2026-05-19 18:00:00,108,2.2,22.6,59.0,0.27
2026-05-19 19:00:00,108,3.8,21.9,57.0,0.05
2026-05-19 20:00:00,108,3.0,21.8,58.0,0.01
2026-05-19 21:00:00,108,1.5,21.4,56.0,None
2026-05-19 22:00:00,108,2.8,21.4,56.0,None
2026-05-19 23:00:00,108,1.6,21.4,55.0,None
2026-05-20 00:00:00,108,3.2,21.8,55.0,None
2026-05-20 01:00:00,108,2.3,21.4,54.0,None
2026-05-20 02:00:00,108,3.3,21.2,56.0,None
2026-05-20 03:00:00,108,2.5,21.0,54.0,None
2026-05-20 04:00:00,108,1.9,20.7,54.0,None
2026-05-20 05:00:00,108,1.4,20.6,53.0,None
2026-05-20 06:00:00,108,1.8,20.2,60.0,0.0
2026-05-20 07:00:00,108,2.5,18.1,74.0,0.05
2026-05-20 08:00:00,108,3.3,17.1,82.0,0.12
2026-05-20 09:00:00,108,3.8,17.1,84.0,0.24
2026-05-20 10:00:00,108,3.7,16.7,86.0,0.28
2026-05-20 11:00:00,108,4.6,16.3,88.0,0.44
2026-05-20 12:00:00,108,4.0,15.9,90.0,0.34
2026-05-20 13:00:00,108,4.1,15.6,93.0,0.29
2026-05-20 14:00:00,108,3.3,15.8,95.0,0.31
2026-05-20 15:00:00,108,4.5,15.9,95.0,0.31
2026-05-20 16:00:00,108,4.5,15.8,95.0,0.25
2026-05-20 17:00:00,108,4.3,15.7,96.0,0.2
2026-05-20 18:00:00,108,4.1,15.5,96.0,0.07
2026-05-20 19:00:00,108,4.2,15.4,97.0,0.04
2026-05-20 20:00:00,108,4.0,15.3,97.0,0.0
2026-05-20 21:00:00,108,3.8,15.1,97.0,None
2026-05-20 22:00:00,108,4.5,15.0,98.0,None
2026-05-20 23:00:00,108,4.3,14.9,97.0,None
2026-05-21 00:00:00,108,4.4,14.8,98.0,None
2026-05-21 01:00:00,108,4.5,14.7,98.0,None
2026-05-21 02:00:00,108,3.9,14.7,98.0,None
2026-05-21 03:00:00,108,3.7,14.7,98.0,None
2026-05-21 04:00:00,108,3.7,14.7,98.0,None
2026-05-21 05:00:00,108,3.7,14.8,97.0,None
2026-05-21 06:00:00,108,3.6,15.0,97.0,0.01
2026-05-21 07:00:00,108,3.6,15.2,97.0,0.05
2026-05-21 08:00:00,108,3.2,15.5,95.0,0.11
2026-05-21 09:00:00,108,3.1,15.9,95.0,0.32
2026-05-21 10:00:00,108,2.8,16.2,96.0,0.49
2026-05-21 11:00:00,108,2.9,16.7,97.0,0.53
2026-05-21 12:00:00,108,3.4,17.4,87.0,0.99
2026-05-21 13:00:00,108,3.1,17.2,88.0,0.58
2026-05-21 14:00:00,108,2.2,17.6,87.0,0.54
2026-05-21 15:00:00,108,3.0,18.5,84.0,0.7
2026-05-21 16:00:00,108,2.6,20.0,76.0,1.43
2026-05-21 17:00:00,108,3.8,20.1,71.0,1.14
2026-05-21 18:00:00,108,3.6,19.7,66.0,0.55
2026-05-21 19:00:00,108,4.4,19.2,63.0,0.2
2026-05-21 20:00:00,108,2.8,18.6,65.0,0.02
2026-05-21 21:00:00,108,2.6,18.4,65.0,None
2026-05-21 22:00:00,108,3.1,18.1,65.0,None
2026-05-21 23:00:00,108,3.0,17.4,67.0,None
2026-05-22 00:00:00,108,2.7,16.4,73.0,None
2026-05-22 01:00:00,108,2.5,15.8,73.0,None
2026-05-22 02:00:00,108,2.5,15.4,74.0,None
2026-05-22 03:00:00,108,2.8,15.1,76.0,None
2026-05-22 04:00:00,108,3.1,15.5,74.0,None
2026-05-22 05:00:00,108,2.7,15.3,74.0,None
2026-05-22 06:00:00,108,2.4,15.1,74.0,0.04
2026-05-22 07:00:00,108,2.6,16.0,72.0,0.55
2026-05-22 08:00:00,108,3.3,17.9,64.0,1.24
2026-05-22 09:00:00,108,2.6,19.5,55.0,1.59
2026-05-22 10:00:00,108,2.5,21.5,50.0,2.53
2026-05-22 11:00:00,108,3.3,22.8,43.0,3.23
2026-05-22 12:00:00,108,3.9,23.7,41.0,3.6
2026-05-22 13:00:00,108,2.9,24.8,40.0,3.7
2026-05-22 14:00:00,108,2.8,25.9,38.0,3.57
2026-05-22 15:00:00,108,3.5,26.4,34.0,3.22
2026-05-22 16:00:00,108,3.5,26.7,33.0,2.67
2026-05-22 17:00:00,108,1.8,26.8,32.0,1.9
2026-05-22 18:00:00,108,3.3,25.6,30.0,1.16
2026-05-22 19:00:00,108,2.9,24.0,30.0,0.44
2026-05-22 20:00:00,108,3.4,22.3,31.0,0.06
2026-05-22 21:00:00,108,2.9,21.1,33.0,None
2026-05-22 22:00:00,108,3.4,20.2,38.0,None
2026-05-22 23:00:00,108,2.6,19.4,43.0,None
2026-05-23 00:00:00,108,2.1,18.6,46.0,None
2026-05-23 01:00:00,108,2.9,18.3,48.0,None
2026-05-23 02:00:00,108,2.4,17.4,52.0,None
2026-05-23 03:00:00,108,2.4,17.1,52.0,None
2026-05-23 04:00:00,108,1.9,16.9,58.0,None
2026-05-23 05:00:00,108,2.4,16.6,62.0,None
2026-05-23 06:00:00,108,2.9,16.1,63.0,0.02
2026-05-23 07:00:00,108,2.7,16.3,66.0,0.23
2026-05-23 08:00:00,108,2.8,16.7,62.0,0.45
2026-05-23 09:00:00,108,2.9,16.4,64.0,0.2
2026-05-23 10:00:00,108,3.0,17.2,62.0,0.69
2026-05-23 11:00:00,108,2.4,18.9,58.0,1.51
2026-05-23 12:00:00,108,2.3,19.5,56.0,1.39
2026-05-23 13:00:00,108,2.3,21.1,52.0,2.87
2026-05-23 14:00:00,108,1.9,22.6,48.0,3.57
2026-05-23 15:00:00,108,1.9,23.7,44.0,3.2
2026-05-23 16:00:00,108,2.1,24.1,41.0,2.71
2026-05-23 17:00:00,108,1.8,24.6,39.0,2.04
2026-05-23 18:00:00,108,1.8,24.2,41.0,1.26
2026-05-23 19:00:00,108,3.5,22.6,53.0,0.5
2026-05-23 20:00:00,108,2.7,20.5,65.0,0.06
2026-05-23 21:00:00,108,1.1,19.5,67.0,None
2026-05-23 22:00:00,108,1.0,18.5,70.0,None
2026-05-23 23:00:00,108,1.6,17.9,69.0,None
2026-05-24 00:00:00,108,0.6,17.2,68.0,None
2026-05-24 01:00:00,108,2.0,16.7,72.0,None
2026-05-24 02:00:00,108,0.9,16.4,75.0,None
2026-05-24 03:00:00,108,2.0,15.8,75.0,None
2026-05-24 04:00:00,108,1.6,15.3,80.0,None
2026-05-24 05:00:00,108,1.5,15.1,80.0,None
2026-05-24 06:00:00,108,1.8,14.8,81.0,0.04
2026-05-24 07:00:00,108,1.6,15.8,80.0,0.41
2026-05-24 08:00:00,108,1.7,18.2,72.0,1.07
2026-05-24 09:00:00,108,1.7,20.5,62.0,2.01
2026-05-24 10:00:00,108,1.9,22.7,54.0,2.64
2026-05-24 11:00:00,108,1.1,24.2,52.0,3.27
2026-05-24 12:00:00,108,1.3,25.5,46.0,3.19
2026-05-24 13:00:00,108,2.1,26.5,45.0,3.56
2026-05-24 14:00:00,108,1.0,27.5,43.0,3.55
2026-05-24 15:00:00,108,2.1,28.5,42.0,3.2
2026-05-24 16:00:00,108,2.5,28.9,43.0,2.69
2026-05-24 17:00:00,108,2.3,28.9,44.0,2.01
2026-05-24 18:00:00,108,2.6,28.0,44.0,1.28
2026-05-24 19:00:00,108,2.7,26.4,47.0,0.52
2026-05-24 20:00:00,108,1.2,24.7,57.0,0.07
2026-05-24 21:00:00,108,2.3,23.2,63.0,None
2026-05-24 22:00:00,108,1.8,22.2,66.0,None
2026-05-24 23:00:00,108,1.0,21.3,70.0,None
2026-05-25 00:00:00,108,0.8,20.6,75.0,None
2026-05-25 01:00:00,108,0.3,19.9,75.0,None
2026-05-25 02:00:00,108,1.2,19.3,79.0,None
2026-05-25 03:00:00,108,0.5,18.8,78.0,None
2026-05-25 04:00:00,108,1.4,18.6,80.0,None
2026-05-25 05:00:00,108,1.4,18.1,81.0,None
2026-05-25 06:00:00,108,1.6,18.1,83.0,0.05
2026-05-25 07:00:00,108,2.0,19.2,78.0,0.48
2026-05-25 08:00:00,108,2.3,21.5,70.0,1.23
2026-05-25 09:00:00,108,2.0,23.8,63.0,1.93
2026-05-25 10:00:00,108,1.9,25.7,59.0,2.61
2026-05-25 11:00:00,108,2.6,27.0,55.0,3.19
2026-05-25 12:00:00,108,1.6,27.6,52.0,2.73
2026-05-25 13:00:00,108,1.3,28.5,53.0,2.08
2026-05-25 14:00:00,108,2.0,29.3,47.0,2.99
2026-05-25 15:00:00,108,2.7,29.6,46.0,2.3
2026-05-25 16:00:00,108,1.8,29.7,46.0,1.87
2026-05-25 17:00:00,108,2.2,29.4,45.0,1.61
2026-05-25 18:00:00,108,2.5,28.8,49.0,1.06
2026-05-25 19:00:00,108,2.5,27.1,55.0,0.43
2026-05-25 20:00:00,108,2.9,25.9,59.0,0.08
2026-05-25 21:00:00,108,3.2,24.9,69.0,None
2026-05-25 22:00:00,108,0.3,24.3,67.0,None
2026-05-25 23:00:00,108,1.9,23.7,69.0,None
2026-05-26 00:00:00,108,0.7,23.5,69.0,None
2026-05-26 01:00:00,108,1.5,23.0,73.0,None
2026-05-26 02:00:00,108,1.1,22.6,73.0,None
2026-05-26 03:00:00,108,1.0,22.4,73.0,None
2026-05-26 04:00:00,108,0.6,22.2,75.0,None
2026-05-26 05:00:00,108,2.5,22.2,74.0,None
2026-05-26 06:00:00,108,2.1,21.8,77.0,0.03
2026-05-26 07:00:00,108,1.5,22.4,77.0,0.27
2026-05-26 08:00:00,108,2.4,23.7,72.0,0.58
2026-05-26 09:00:00,108,2.9,24.8,67.0,1.04
2026-05-26 10:00:00,108,2.1,26.3,63.0,1.58
2026-05-26 11:00:00,108,1.7,27.7,60.0,1.79
2026-05-26 12:00:00,108,1.6,28.7,54.0,2.03
2026-05-26 13:00:00,108,2.0,28.9,56.0,1.37
2026-05-26 14:00:00,108,2.7,28.6,57.0,1.23
2026-05-26 15:00:00,108,3.0,28.2,58.0,0.81
2026-05-26 16:00:00,108,3.1,27.6,62.0,0.44
2026-05-26 17:00:00,108,2.8,27.0,67.0,0.4
2026-05-26 18:00:00,108,2.3,26.6,69.0,0.23
2026-05-26 19:00:00,108,0.9,25.4,74.0,0.11
2026-05-26 20:00:00,108,0.5,24.6,78.0,0.02
2026-05-26 21:00:00,108,2.0,24.1,78.0,None
2026-05-26 22:00:00,108,1.7,22.9,83.0,None
2026-05-26 23:00:00,108,2.3,22.6,89.0,None
2026-05-27 00:00:00,108,2.6,22.6,89.0,None
2026-05-27 01:00:00,108,3.3,22.4,87.0,None
2026-05-27 02:00:00,108,2.3,22.3,82.0,None
2026-05-27 03:00:00,108,2.2,22.3,78.0,None
2026-05-27 04:00:00,108,2.7,22.2,79.0,None
2026-05-27 05:00:00,108,3.7,21.5,79.0,None
2026-05-27 06:00:00,108,3.3,21.2,80.0,0.0
2026-05-27 07:00:00,108,2.1,21.1,79.0,0.03
2026-05-27 08:00:00,108,2.6,20.6,86.0,0.15
2026-05-27 09:00:00,108,3.6,21.3,79.0,0.48
2026-05-27 10:00:00,108,2.8,22.0,73.0,0.75
2026-05-27 11:00:00,108,3.2,22.9,70.0,1.21
2026-05-27 12:00:00,108,3.2,24.1,67.0,1.72
2026-05-27 13:00:00,108,2.2,25.0,66.0,1.56
2026-05-27 14:00:00,108,1.9,25.1,66.0,1.08
2026-05-27 15:00:00,108,2.3,24.7,68.0,0.44
2026-05-27 16:00:00,108,1.7,24.4,70.0,0.21
2026-05-27 17:00:00,108,1.9,23.9,73.0,0.12
2026-05-27 18:00:00,108,1.3,23.4,75.0,0.09
2026-05-27 19:00:00,108,2.5,22.4,82.0,0.04
2026-05-27 20:00:00,108,2.4,21.5,87.0,0.01
2026-05-27 21:00:00,108,1.6,21.1,89.0,None
2026-05-27 22:00:00,108,2.2,20.8,91.0,None
2026-05-27 23:00:00,108,1.6,20.5,92.0,None
2026-05-28 00:00:00,108,1.8,20.1,91.0,None
2026-05-28 01:00:00,108,1.8,19.9,93.0,None
2026-05-28 02:00:00,108,1.4,19.6,93.0,None
2026-05-28 03:00:00,108,0.4,19.6,93.0,None
2026-05-28 04:00:00,108,1.3,19.7,92.0,None
2026-05-28 05:00:00,108,1.7,19.1,93.0,None
2026-05-28 06:00:00,108,1.6,18.8,92.0,0.01
2026-05-28 07:00:00,108,1.6,19.0,91.0,0.13
2026-05-28 08:00:00,108,2.4,19.0,91.0,0.18
2026-05-28 09:00:00,108,2.2,19.1,94.0,0.24
2026-05-28 10:00:00,108,2.4,19.7,91.0,0.54
2026-05-28 11:00:00,108,2.4,20.7,89.0,1.12
2026-05-28 12:00:00,108,2.3,21.8,85.0,1.34
2026-05-28 13:00:00,108,2.1,23.5,79.0,2.27
2026-05-28 14:00:00,108,2.5,25.3,68.0,2.82
2026-05-28 15:00:00,108,3.5,26.2,58.0,2.95
2026-05-28 16:00:00,108,3.4,26.2,62.0,2.15
2026-05-28 17:00:00,108,4.2,24.7,67.0,0.92
2026-05-28 18:00:00,108,3.5,24.4,67.0,0.82
2026-05-28 19:00:00,108,3.6,22.7,69.0,0.5
2026-05-28 20:00:00,108,3.3,21.4,74.0,0.04
2026-05-28 21:00:00,108,3.3,19.7,77.0,None
2026-05-28 22:00:00,108,2.1,18.7,80.0,None
2026-05-28 23:00:00,108,2.1,17.8,83.0,None
2026-05-29 00:00:00,108,2.5,17.6,85.0,None
2026-05-29 01:00:00,108,1.8,17.4,87.0,None
2026-05-29 02:00:00,108,1.9,17.3,88.0,None
2026-05-29 03:00:00,108,1.9,17.0,88.0,None
2026-05-29 04:00:00,108,1.2,16.8,89.0,None
2026-05-29 05:00:00,108,1.3,16.6,90.0,None
2026-05-29 06:00:00,108,0.8,16.6,89.0,0.05
2026-05-29 07:00:00,108,1.1,17.3,91.0,0.36
2026-05-29 08:00:00,108,1.1,19.2,83.0,1.21
2026-05-29 09:00:00,108,1.1,21.4,71.0,2.06
2026-05-29 10:00:00,108,1.5,22.8,64.0,2.63
2026-05-29 11:00:00,108,2.5,24.0,56.0,3.23
2026-05-29 12:00:00,108,3.3,25.3,45.0,3.61
2026-05-29 13:00:00,108,3.2,25.9,40.0,3.73
2026-05-29 14:00:00,108,3.4,26.3,49.0,3.21
2026-05-29 15:00:00,108,3.6,26.7,47.0,3.28
2026-05-29 16:00:00,108,4.3,26.6,37.0,2.78
2026-05-29 17:00:00,108,4.1,26.4,35.0,2.12
2026-05-29 18:00:00,108,3.1,25.8,36.0,1.38
2026-05-29 19:00:00,108,3.7,23.9,40.0,0.64
2026-05-29 20:00:00,108,3.2,22.5,49.0,0.1
2026-05-29 21:00:00,108,2.3,20.9,57.0,None
2026-05-29 22:00:00,108,1.5,20.1,62.0,None
2026-05-29 23:00:00,108,1.8,19.4,65.0,None
2026-05-30 00:00:00,108,1.7,18.5,69.0,None
2026-05-30 01:00:00,108,1.9,17.8,73.0,None
2026-05-30 02:00:00,108,1.5,17.2,74.0,None
2026-05-30 03:00:00,108,0.9,16.7,76.0,None
2026-05-30 04:00:00,108,0.3,16.2,77.0,None
2026-05-30 05:00:00,108,1.0,16.0,81.0,None
2026-05-30 06:00:00,108,0.1,16.0,81.0,0.05
2026-05-30 07:00:00,108,0.7,17.1,78.0,0.55
2026-05-30 08:00:00,108,1.4,19.5,70.0,1.31
2026-05-30 09:00:00,108,1.3,21.5,65.0,2.06
2026-05-30 10:00:00,108,2.0,23.3,59.0,2.66
2026-05-30 11:00:00,108,3.1,25.0,53.0,3.23
2026-05-30 12:00:00,108,3.2,26.3,49.0,3.53
2026-05-30 13:00:00,108,3.4,27.6,46.0,3.66
2026-05-30 14:00:00,108,3.7,28.3,41.0,3.55
2026-05-30 15:00:00,108,3.5,28.9,42.0,3.25
2026-05-30 16:00:00,108,4.9,28.2,39.0,2.76
2026-05-30 17:00:00,108,4.6,27.7,43.0,2.13
2026-05-30 18:00:00,108,3.5,27.1,42.0,1.39
2026-05-30 19:00:00,108,3.9,25.7,44.0,0.61
2026-05-30 20:00:00,108,2.3,24.3,51.0,0.1
2026-05-30 21:00:00,108,2.7,22.9,55.0,None
2026-05-30 22:00:00,108,2.6,21.9,59.0,None
2026-05-30 23:00:00,108,2.6,21.4,60.0,None
2026-05-31 00:00:00,108,0.9,20.5,64.0,None
2026-05-31 01:00:00,108,0.6,19.9,67.0,None
2026-05-31 02:00:00,108,0.6,19.3,70.0,None
2026-05-31 03:00:00,108,0.6,18.7,72.0,None
2026-05-31 04:00:00,108,1.0,18.4,72.0,None
2026-05-31 05:00:00,108,1.6,17.7,75.0,None
2026-05-31 06:00:00,108,1.6,17.6,76.0,0.05
2026-05-31 07:00:00,108,1.9,19.0,73.0,0.54
2026-05-31 08:00:00,108,1.2,21.7,66.0,1.33
2026-05-31 09:00:00,108,0.9,23.9,55.0,2.05
2026-05-31 10:00:00,108,1.5,25.7,46.0,2.71
2026-05-31 11:00:00,108,1.4,27.5,38.0,3.29
2026-05-31 12:00:00,108,3.2,29.1,34.0,3.63
2026-05-31 13:00:00,108,3.4,29.7,26.0,3.69
2026-05-31 14:00:00,108,2.9,30.2,24.0,3.65
2026-05-31 15:00:00,108,3.7,30.7,21.0,3.37
2026-05-31 16:00:00,108,4.0,30.4,28.0,2.79
2026-05-31 17:00:00,108,3.3,29.7,23.0,2.15
2026-05-31 18:00:00,108,2.9,29.1,24.0,1.42
2026-05-31 19:00:00,108,2.1,27.3,24.0,0.68
2026-05-31 20:00:00,108,1.7,25.3,28.0,0.1
2026-05-31 21:00:00,108,0.9,24.0,31.0,None
2026-05-31 22:00:00,108,1.4,22.7,39.0,None
2026-05-31 23:00:00,108,0.8,21.6,41.0,None
2026-06-01 00:00:00,108,0.8,21.1,43.0,None
2026-06-01 01:00:00,108,0.9,20.3,45.0,None
2026-06-01 02:00:00,108,1.1,19.9,46.0,None
2026-06-01 03:00:00,108,1.4,19.5,47.0,None
2026-06-01 04:00:00,108,1.3,18.7,51.0,None
2026-06-01 05:00:00,108,1.6,18.7,51.0,None
2026-06-01 06:00:00,108,1.7,18.4,53.0,0.04
2026-06-01 07:00:00,108,1.7,18.6,57.0,0.31
2026-06-01 08:00:00,108,2.4,20.4,56.0,0.78
2026-06-01 09:00:00,108,1.2,22.5,50.0,1.43
2026-06-01 10:00:00,108,0.8,25.2,42.0,2.16
2026-06-01 11:00:00,108,2.2,27.1,34.0,2.65
2026-06-01 12:00:00,108,4.3,27.9,35.0,2.53
2026-06-01 13:00:00,108,3.4,28.7,33.0,3.08
2026-06-01 14:00:00,108,3.0,28.2,38.0,2.28
2026-06-01 15:00:00,108,3.0,27.6,38.0,1.54
2026-06-01 16:00:00,108,3.6,26.3,42.0,0.85
2026-06-01 17:00:00,108,3.1,25.8,39.0,0.87
2026-06-01 18:00:00,108,1.4,25.1,41.0,0.58
2026-06-01 19:00:00,108,1.7,24.9,38.0,0.45
2026-06-01 20:00:00,108,1.4,23.9,41.0,0.21
2026-06-01 21:00:00,108,2.5,22.1,48.0,None
2026-06-01 22:00:00,108,0.6,21.4,53.0,None
2026-06-01 23:00:00,108,1.3,20.4,51.0,None
2026-06-02 00:00:00,108,0.8,19.7,51.0,None
2026-06-02 01:00:00,108,0.5,19.4,52.0,None
2026-06-02 02:00:00,108,1.6,19.0,54.0,None
2026-06-02 03:00:00,108,1.8,18.6,57.0,None
2026-06-02 04:00:00,108,1.8,18.2,59.0,None
2026-06-02 05:00:00,108,1.8,17.9,61.0,None
2026-06-02 06:00:00,108,1.2,17.7,64.0,0.05
2026-06-02 07:00:00,108,2.2,19.2,65.0,0.5
2026-06-02 08:00:00,108,1.9,22.1,56.0,1.29
2026-06-02 09:00:00,108,1.8,24.6,52.0,2.02
2026-06-02 10:00:00,108,2.2,26.6,48.0,2.63
2026-06-02 11:00:00,108,2.4,28.3,46.0,3.17
2026-06-02 12:00:00,108,1.6,29.8,46.0,3.52
2026-06-02 13:00:00,108,1.4,30.8,41.0,3.33
2026-06-02 14:00:00,108,1.5,31.1,40.0,2.79
2026-06-02 15:00:00,108,2.4,30.8,42.0,1.26
2026-06-02 16:00:00,108,0.9,30.9,39.0,1.21
2026-06-02 17:00:00,108,1.3,31.3,41.0,1.41
2026-06-02 18:00:00,108,1.4,30.9,44.0,0.61
2026-06-02 19:00:00,108,2.0,29.5,47.0,0.33
2026-06-02 20:00:00,108,2.6,27.8,51.0,0.08
2026-06-02 21:00:00,108,1.9,26.8,54.0,None
2026-06-02 22:00:00,108,0.7,26.0,59.0,None
2026-06-02 23:00:00,108,1.8,24.9,64.0,None
2026-06-03 00:00:00,108,1.5,24.1,65.0,None
2026-06-03 01:00:00,108,1.3,23.4,68.0,None
2026-06-03 02:00:00,108,0.9,22.9,70.0,None
2026-06-03 03:00:00,108,1.7,22.4,74.0,None
2026-06-03 04:00:00,108,1.2,22.0,75.0,None
2026-06-03 05:00:00,108,0.5,21.3,75.0,None
2026-06-03 06:00:00,108,0.4,20.8,75.0,0.06
2026-06-03 07:00:00,108,0.7,21.4,67.0,0.54
2026-06-03 08:00:00,108,2.2,23.8,67.0,1.27
2026-06-03 09:00:00,108,1.6,25.3,55.0,2.01
2026-06-03 10:00:00,108,2.0,27.1,49.0,2.6
2026-06-03 11:00:00,108,2.3,28.4,43.0,3.06
2026-06-03 12:00:00,108,3.2,30.1,43.0,3.59
2026-06-03 13:00:00,108,2.6,30.4,42.0,3.06
2026-06-03 14:00:00,108,2.4,30.7,43.0,2.28
2026-06-03 15:00:00,108,2.4,30.1,43.0,1.36
2026-06-03 16:00:00,108,3.2,29.8,50.0,1.53
2026-06-03 17:00:00,108,3.1,29.1,53.0,1.27
2026-06-03 18:00:00,108,2.7,27.7,53.0,0.8
2026-06-03 19:00:00,108,2.4,26.5,57.0,0.35
2026-06-03 20:00:00,108,2.2,25.3,62.0,0.07
2026-06-03 21:00:00,108,1.4,24.6,65.0,None
2026-06-03 22:00:00,108,2.8,24.0,65.0,None
2026-06-03 23:00:00,108,1.2,23.5,66.0,None
2026-06-04 00:00:00,108,0.8,23.2,64.0,None
2026-06-04 01:00:00,108,0.6,22.9,66.0,None
2026-06-04 02:00:00,108,0.6,22.8,67.0,None
2026-06-04 03:00:00,108,1.0,22.9,68.0,None
2026-06-04 04:00:00,108,0.5,22.8,69.0,None
2026-06-04 05:00:00,108,2.0,22.9,70.0,None
2026-06-04 06:00:00,108,0.9,22.8,70.0,0.02
2026-06-04 07:00:00,108,0.8,23.3,71.0,0.36
2026-06-04 08:00:00,108,1.9,24.3,70.0,0.73
2026-06-04 09:00:00,108,2.4,25.9,64.0,1.38
2026-06-04 10:00:00,108,2.4,26.8,60.0,1.67
2026-06-04 11:00:00,108,2.0,27.5,58.0,1.81
2026-06-04 12:00:00,108,2.3,27.4,60.0,1.1
2026-06-04 13:00:00,108,3.5,28.4,58.0,1.73
2026-06-04 14:00:00,108,2.4,26.6,67.0,0.79
2026-06-04 15:00:00,108,1.5,26.5,66.0,1.35
2026-06-04 16:00:00,108,4.0,25.1,64.0,0.99
2026-06-04 17:00:00,108,4.9,23.8,71.0,0.2
2026-06-04 18:00:00,108,4.5,22.6,77.0,0.1
2026-06-04 19:00:00,108,5.1,20.9,86.0,0.05
2026-06-04 20:00:00,108,3.2,20.6,90.0,0.01
2026-06-04 21:00:00,108,1.9,20.7,87.0,None
2026-06-04 22:00:00,108,3.3,20.8,85.0,None
2026-06-04 23:00:00,108,2.2,20.2,85.0,None
2026-06-05 00:00:00,108,2.2,20.1,84.0,None
2026-06-05 01:00:00,108,2.7,19.7,86.0,None
2026-06-05 02:00:00,108,2.8,19.3,87.0,None
2026-06-05 03:00:00,108,3.3,19.1,85.0,None
2026-06-05 04:00:00,108,2.4,18.6,81.0,None
2026-06-05 05:00:00,108,2.4,18.2,82.0,None
2026-06-05 06:00:00,108,3.2,18.0,82.0,0.05
2026-06-05 07:00:00,108,3.0,17.5,78.0,0.32
2026-06-05 08:00:00,108,2.7,18.3,72.0,0.92
2026-06-05 09:00:00,108,3.0,18.9,69.0,1.27
2026-06-05 10:00:00,108,2.9,19.4,69.0,1.17
2026-06-05 11:00:00,108,3.7,20.8,62.0,2.61
2026-06-05 12:00:00,108,4.0,21.8,58.0,3.17
2026-06-05 13:00:00,108,3.6,22.4,53.0,2.86
2026-06-05 14:00:00,108,3.2,23.8,44.0,3.07
2026-06-05 15:00:00,108,3.7,24.5,44.0,2.62
2026-06-05 16:00:00,108,3.5,25.2,43.0,2.73
2026-06-05 17:00:00,108,4.5,24.6,44.0,2.2
2026-06-05 18:00:00,108,3.2,24.2,47.0,1.43
2026-06-05 19:00:00,108,3.5,22.7,52.0,0.61
2026-06-05 20:00:00,108,2.8,21.5,57.0,0.13
2026-06-05 21:00:00,108,2.6,20.4,60.0,None
2026-06-05 22:00:00,108,2.1,19.7,63.0,None
2026-06-05 23:00:00,108,2.1,19.0,66.0,None
2026-06-06 00:00:00,108,2.0,18.2,69.0,None
2026-06-06 01:00:00,108,1.6,17.8,72.0,None
2026-06-06 02:00:00,108,1.4,17.2,76.0,None
2026-06-06 03:00:00,108,0.9,16.7,78.0,None
2026-06-06 04:00:00,108,0.3,16.4,80.0,None
2026-06-06 05:00:00,108,0.7,16.0,85.0,None
2026-06-06 06:00:00,108,1.4,15.7,86.0,0.06
2026-06-06 07:00:00,108,1.3,16.9,81.0,0.56
2026-06-06 08:00:00,108,1.6,19.2,73.0,1.33
2026-06-06 09:00:00,108,2.2,21.0,64.0,1.87
2026-06-06 10:00:00,108,1.8,22.6,57.0,2.39
2026-06-06 11:00:00,108,2.4,24.2,50.0,2.91
2026-06-06 12:00:00,108,3.5,25.4,39.0,3.53
2026-06-06 13:00:00,108,2.2,26.9,36.0,3.67
2026-06-06 14:00:00,108,2.5,27.3,33.0,3.25
2026-06-06 15:00:00,108,1.9,27.0,32.0,1.76
2026-06-06 16:00:00,108,1.4,27.3,32.0,1.35
2026-06-06 17:00:00,108,0.9,27.1,32.0,1.05
2026-06-06 18:00:00,108,2.9,26.2,34.0,0.53
2026-06-06 19:00:00,108,3.1,25.0,41.0,0.19
2026-06-06 20:00:00,108,3.3,24.0,46.0,0.03
2026-06-06 21:00:00,108,3.0,23.4,43.0,None
2026-06-06 22:00:00,108,2.9,23.3,44.0,None
2026-06-06 23:00:00,108,1.8,22.7,46.0,None
2026-06-07 00:00:00,108,2.7,22.7,46.0,None
2026-06-07 01:00:00,108,2.5,22.4,48.0,None
2026-06-07 02:00:00,108,2.3,22.3,47.0,None
2026-06-07 03:00:00,108,2.0,22.0,48.0,None
2026-06-07 04:00:00,108,2.0,21.5,46.0,None
2026-06-07 05:00:00,108,1.9,21.1,49.0,None
2026-06-07 06:00:00,108,2.4,20.8,52.0,0.04
2026-06-07 07:00:00,108,2.3,21.1,53.0,0.32
2026-06-07 08:00:00,108,2.5,21.8,50.0,0.6
2026-06-07 09:00:00,108,2.3,22.4,49.0,0.75
2026-06-07 10:00:00,108,3.9,22.3,53.0,0.7
2026-06-07 11:00:00,108,2.8,22.3,51.0,0.78
2026-06-07 12:00:00,108,2.1,22.8,50.0,0.9
2026-06-07 13:00:00,108,2.2,22.7,49.0,0.65
2026-06-07 14:00:00,108,3.5,22.7,52.0,0.54
2026-06-07 15:00:00,108,2.9,22.9,55.0,0.68
2026-06-07 16:00:00,108,2.0,23.4,55.0,0.68
2026-06-07 17:00:00,108,2.5,24.1,53.0,0.63
2026-06-07 18:00:00,108,2.5,24.6,54.0,1.02
2026-06-07 19:00:00,108,3.6,23.7,56.0,0.73
2026-06-07 20:00:00,108,2.8,22.4,64.0,0.15
2026-06-07 21:00:00,108,0.7,21.6,66.0,None
2026-06-07 22:00:00,108,1.1,20.8,67.0,None
2026-06-07 23:00:00,108,1.0,20.2,71.0,None
2026-06-08 00:00:00,108,1.2,19.7,71.0,None
2026-06-08 01:00:00,108,0.4,19.7,72.0,None
2026-06-08 02:00:00,108,1.0,19.2,75.0,None
2026-06-08 03:00:00,108,2.0,18.6,76.0,None
2026-06-08 04:00:00,108,1.2,18.2,78.0,None
2026-06-08 05:00:00,108,3.2,18.0,82.0,None
2026-06-08 06:00:00,108,1.6,17.3,84.0,0.03
2026-06-08 07:00:00,108,2.9,17.0,84.0,0.16
2026-06-08 08:00:00,108,2.4,17.3,81.0,0.41
2026-06-08 09:00:00,108,2.6,17.9,77.0,0.6
2026-06-08 10:00:00,108,2.3,19.6,73.0,1.26
2026-06-08 11:00:00,108,3.0,21.9,63.0,2.7
2026-06-08 12:00:00,108,3.1,23.8,54.0,3.5
2026-06-08 13:00:00,108,3.4,25.5,46.0,3.74
2026-06-08 14:00:00,108,2.6,24.7,48.0,2.32
2026-06-08 15:00:00,108,3.4,25.5,45.0,2.28
2026-06-08 16:00:00,108,3.7,25.9,39.0,2.72
2026-06-08 17:00:00,108,3.7,25.4,39.0,1.66
2026-06-08 18:00:00,108,2.7,24.6,47.0,0.77
2026-06-08 19:00:00,108,2.5,24.0,43.0,0.66
2026-06-08 20:00:00,108,3.3,22.5,55.0,0.14
2026-06-08 21:00:00,108,2.7,21.4,61.0,None
2026-06-08 22:00:00,108,2.3,20.6,64.0,None
2026-06-08 23:00:00,108,3.5,20.3,61.0,None
2026-06-09 00:00:00,108,4.2,19.8,60.0,None
2026-06-09 01:00:00,108,1.2,19.0,63.0,None
2026-06-09 02:00:00,108,0.3,18.1,64.0,None
2026-06-09 03:00:00,108,1.5,17.6,67.0,None
2026-06-09 04:00:00,108,1.7,16.9,69.0,None
2026-06-09 05:00:00,108,0.9,16.4,70.0,None
2026-06-09 06:00:00,108,0.0,16.2,72.0,0.05
2026-06-09 07:00:00,108,1.4,17.4,71.0,0.57
2026-06-09 08:00:00,108,1.3,19.9,64.0,1.34
2026-06-09 09:00:00,108,1.2,22.0,58.0,2.03
2026-06-09 10:00:00,108,1.5,23.5,49.0,2.68
2026-06-09 11:00:00,108,2.2,25.1,42.0,3.26
2026-06-09 12:00:00,108,3.0,26.3,36.0,3.53
2026-06-09 13:00:00,108,2.6,27.5,31.0,3.57
2026-06-09 14:00:00,108,3.4,26.9,34.0,2.38
2026-06-09 15:00:00,108,3.5,27.6,37.0,2.42
2026-06-09 16:00:00,108,3.1,25.9,37.0,1.75
2026-06-09 17:00:00,108,3.3,25.3,35.0,1.24
2026-06-09 18:00:00,108,3.0,24.1,35.0,0.74
2026-06-09 19:00:00,108,2.7,23.1,39.0,0.29
2026-06-09 20:00:00,108,3.2,21.2,44.0,0.04
2026-06-09 21:00:00,108,2.1,19.8,57.0,None
2026-06-09 22:00:00,108,2.0,19.7,55.0,None
2026-06-09 23:00:00,108,1.9,19.1,58.0,None
2026-06-10 00:00:00,108,3.0,18.8,65.0,None
2026-06-10 01:00:00,108,3.0,18.6,75.0,None
2026-06-10 02:00:00,108,1.5,18.4,76.0,None
2026-06-10 03:00:00,108,1.5,18.3,77.0,None
2026-06-10 04:00:00,108,0.7,17.9,81.0,None
2026-06-10 05:00:00,108,1.1,17.9,87.0,None
2026-06-10 06:00:00,108,1.3,18.1,85.0,0.04
2026-06-10 07:00:00,108,2.0,19.1,81.0,0.48
2026-06-10 08:00:00,108,2.0,19.8,78.0,0.69
2026-06-10 09:00:00,108,2.2,20.9,72.0,1.22
2026-06-10 10:00:00,108,2.6,21.6,68.0,1.23
2026-06-10 11:00:00,108,2.6,23.8,61.0,2.43
2026-06-10 12:00:00,108,2.9,24.7,56.0,2.97
2026-06-10 13:00:00,108,2.9,26.1,47.0,3.36
2026-06-10 14:00:00,108,2.8,26.5,45.0,3.41
2026-06-10 15:00:00,108,4.3,26.5,39.0,3.13
2026-06-10 16:00:00,108,4.4,26.5,38.0,2.86
2026-06-10 17:00:00,108,4.4,26.2,40.0,2.13
2026-06-10 18:00:00,108,3.8,24.7,46.0,1.35
2026-06-10 19:00:00,108,3.4,23.3,48.0,0.64
2026-06-10 20:00:00,108,2.8,21.8,56.0,0.12
2026-06-10 21:00:00,108,3.1,20.7,64.0,None
2026-06-10 22:00:00,108,2.4,19.7,67.0,None
2026-06-10 23:00:00,108,1.9,19.0,65.0,None
2026-06-11 00:00:00,108,1.0,18.5,68.0,None
2026-06-11 01:00:00,108,2.1,18.1,74.0,None
2026-06-11 02:00:00,108,0.9,17.7,76.0,None
2026-06-11 03:00:00,108,0.9,17.2,78.0,None
2026-06-11 04:00:00,108,1.1,16.7,80.0,None
2026-06-11 05:00:00,108,1.4,16.6,84.0,None
2026-06-11 06:00:00,108,1.2,16.3,83.0,0.06
2026-06-11 07:00:00,108,1.8,17.3,85.0,0.48
2026-06-11 08:00:00,108,1.5,18.9,77.0,1.08
2026-06-11 09:00:00,108,2.2,21.1,67.0,2.01
2026-06-11 10:00:00,108,2.6,22.7,57.0,2.61
2026-06-11 11:00:00,108,2.8,23.9,52.0,2.95
2026-06-11 12:00:00,108,3.1,25.0,49.0,2.62
2026-06-11 13:00:00,108,3.9,25.3,47.0,3.18
2026-06-11 14:00:00,108,3.5,26.1,45.0,3.28
2026-06-11 15:00:00,108,4.3,26.3,46.0,2.91
2026-06-11 16:00:00,108,4.4,25.5,44.0,2.33
2026-06-11 17:00:00,108,5.0,23.8,45.0,1.47
2026-06-11 18:00:00,108,3.2,23.2,52.0,0.99
2026-06-11 19:00:00,108,2.8,22.0,57.0,0.5
2026-06-11 20:00:00,108,2.3,21.0,63.0,0.09
2026-06-11 21:00:00,108,1.9,20.4,70.0,None
2026-06-11 22:00:00,108,3.0,19.7,73.0,None
2026-06-11 23:00:00,108,2.5,19.1,75.0,None
2026-06-12 00:00:00,108,2.1,18.6,78.0,None
2026-06-12 01:00:00,108,2.7,18.2,78.0,None
2026-06-12 02:00:00,108,2.1,17.8,81.0,None
2026-06-12 03:00:00,108,1.2,17.6,81.0,None
2026-06-12 04:00:00,108,2.2,17.1,82.0,None
2026-06-12 05:00:00,108,1.8,17.0,85.0,None
2026-06-12 06:00:00,108,1.4,17.2,84.0,0.05
2026-06-12 07:00:00,108,1.6,17.9,84.0,0.44
2026-06-12 08:00:00,108,1.4,19.8,76.0,1.2
2026-06-12 09:00:00,108,1.0,22.1,65.0,2.0
2026-06-12 10:00:00,108,1.4,23.6,54.0,2.61
2026-06-12 11:00:00,108,2.5,25.3,50.0,3.18
2026-06-12 12:00:00,108,3.2,26.4,48.0,3.23
2026-06-12 13:00:00,108,3.4,26.8,38.0,3.0
2026-06-12 14:00:00,108,3.9,27.5,39.0,3.52
2026-06-12 15:00:00,108,4.5,27.1,38.0,3.31
2026-06-12 16:00:00,108,3.2,27.2,38.0,2.78
2026-06-12 17:00:00,108,3.6,27.0,36.0,2.15
2026-06-12 18:00:00,108,3.3,26.4,35.0,1.44
2026-06-12 19:00:00,108,2.5,24.9,40.0,0.68
2026-06-12 20:00:00,108,3.6,23.3,44.0,0.14
2026-06-12 21:00:00,108,1.1,22.3,59.0,None
2026-06-12 22:00:00,108,1.5,21.3,62.0,None
2026-06-12 23:00:00,108,1.7,20.6,65.0,None
2026-06-13 00:00:00,108,1.2,20.1,66.0,None
2026-06-13 01:00:00,108,1.5,19.5,68.0,None
2026-06-13 02:00:00,108,1.3,18.6,71.0,None
2026-06-13 03:00:00,108,1.0,18.2,74.0,None
2026-06-13 04:00:00,108,1.2,17.7,75.0,None
2026-06-13 05:00:00,108,1.5,17.1,75.0,None
2026-06-13 06:00:00,108,1.7,16.7,74.0,0.05
2026-06-13 07:00:00,108,1.5,18.4,69.0,0.54
2026-06-13 08:00:00,108,1.8,21.1,60.0,1.31
2026-06-13 09:00:00,108,1.3,23.4,53.0,2.02
2026-06-13 10:00:00,108,1.5,25.0,42.0,2.61
2026-06-13 11:00:00,108,2.1,26.6,39.0,3.19
2026-06-13 12:00:00,108,1.8,28.0,35.0,3.52
2026-06-13 13:00:00,108,2.2,29.5,34.0,3.52
2026-06-13 14:00:00,108,1.6,30.7,29.0,3.51
2026-06-13 15:00:00,108,1.6,31.6,30.0,3.24
2026-06-13 16:00:00,108,3.0,31.5,32.0,2.53
2026-06-13 17:00:00,108,3.6,30.8,33.0,1.81
2026-06-13 18:00:00,108,2.9,29.8,33.0,1.22
2026-06-13 19:00:00,108,2.7,27.8,34.0,0.56
2026-06-13 20:00:00,108,2.6,25.4,42.0,0.11
2026-06-13 21:00:00,108,1.8,23.8,52.0,None
2026-06-13 22:00:00,108,2.4,22.9,57.0,None
2026-06-13 23:00:00,108,1.0,22.1,60.0,None
2026-06-14 00:00:00,108,1.2,21.5,60.0,None
2026-06-14 01:00:00,108,0.8,21.3,66.0,None
2026-06-14 02:00:00,108,0.9,21.2,68.0,None
2026-06-14 03:00:00,108,0.3,21.1,70.0,None
2026-06-14 04:00:00,108,1.2,20.9,74.0,None
2026-06-14 05:00:00,108,0.4,21.0,77.0,None
2026-06-14 06:00:00,108,1.7,20.6,71.0,0.03
2026-06-14 07:00:00,108,2.0,21.2,69.0,0.19
2026-06-14 08:00:00,108,2.0,23.0,64.0,0.81
2026-06-14 09:00:00,108,1.5,24.5,61.0,1.44
2026-06-14 10:00:00,108,1.4,26.3,58.0,2.12
2026-06-14 11:00:00,108,1.5,27.9,51.0,2.71
2026-06-14 12:00:00,108,2.4,29.0,47.0,3.1
2026-06-14 13:00:00,108,1.3,30.4,42.0,3.42
2026-06-14 14:00:00,108,1.9,30.9,40.0,3.24
2026-06-14 15:00:00,108,4.1,25.0,64.0,0.81
2026-06-14 16:00:00,108,1.8,23.9,72.0,0.76
2026-06-14 17:00:00,108,1.7,26.4,62.0,1.18
2026-06-14 18:00:00,108,2.4,25.0,56.0,0.45
2026-06-14 19:00:00,108,0.9,25.0,51.0,0.48
2026-06-14 20:00:00,108,1.9,23.2,55.0,0.07
2026-06-14 21:00:00,108,1.0,22.6,62.0,None
2026-06-14 22:00:00,108,3.2,22.5,67.0,None
2026-06-14 23:00:00,108,0.6,21.9,70.0,None
2026-06-15 00:00:00,108,1.4,21.3,72.0,None
2026-06-15 01:00:00,108,2.1,20.7,72.0,None
2026-06-15 02:00:00,108,1.3,20.3,73.0,None
2026-06-15 03:00:00,108,1.6,20.0,74.0,None
2026-06-15 04:00:00,108,1.3,19.5,75.0,None
2026-06-15 05:00:00,108,0.7,19.2,78.0,None
2026-06-15 06:00:00,108,1.0,19.3,79.0,0.06
2026-06-15 07:00:00,108,1.8,20.1,77.0,0.26
2026-06-15 08:00:00,108,1.4,21.3,73.0,0.67
2026-06-15 09:00:00,108,2.0,24.1,62.0,1.94
2026-06-15 10:00:00,108,1.6,26.0,57.0,2.55
2026-06-15 11:00:00,108,1.6,27.9,45.0,3.13
2026-06-15 12:00:00,108,2.1,29.2,38.0,3.48
2026-06-15 13:00:00,108,2.1,30.5,32.0,3.61
2026-06-15 14:00:00,108,1.5,31.7,31.0,3.54
2026-06-15 15:00:00,108,1.8,32.5,29.0,3.22
2026-06-15 16:00:00,108,2.0,31.0,37.0,1.6
2026-06-15 17:00:00,108,2.4,29.4,38.0,0.64
2026-06-15 18:00:00,108,2.9,28.8,48.0,0.53
2026-06-15 19:00:00,108,2.6,27.9,51.0,0.4
2026-06-15 20:00:00,108,2.4,26.6,53.0,0.1
2026-06-15 21:00:00,108,1.5,25.7,55.0,None
2026-06-15 22:00:00,108,1.6,24.8,58.0,None
2026-06-15 23:00:00,108,1.4,24.1,58.0,None
2026-06-16 00:00:00,108,1.0,23.4,62.0,None
2026-06-16 01:00:00,108,1.0,23.0,65.0,None
2026-06-16 02:00:00,108,1.1,22.9,64.0,None
2026-06-16 03:00:00,108,1.3,22.3,68.0,None
2026-06-16 04:00:00,108,1.5,21.6,68.0,None
2026-06-16 05:00:00,108,0.9,21.3,70.0,None
2026-06-16 06:00:00,108,0.8,21.1,72.0,0.05
2026-06-16 07:00:00,108,1.7,22.6,68.0,0.52
2026-06-16 08:00:00,108,2.0,24.7,59.0,1.14
2026-06-16 09:00:00,108,2.2,26.8,53.0,1.91
2026-06-16 10:00:00,108,2.5,28.2,50.0,2.5
2026-06-16 11:00:00,108,2.4,29.3,47.0,3.03
2026-06-16 12:00:00,108,2.1,30.8,43.0,3.29
2026-06-16 13:00:00,108,2.2,32.0,38.0,3.19
2026-06-16 14:00:00,108,2.2,32.8,35.0,3.48
2026-06-16 15:00:00,108,1.5,32.4,33.0,2.18
2026-06-16 16:00:00,108,0.7,31.5,33.0,0.88
2026-06-16 17:00:00,108,4.1,31.0,42.0,0.72
2026-06-16 18:00:00,108,3.2,30.8,44.0,1.22
2026-06-16 19:00:00,108,2.9,29.3,44.0,0.39
2026-06-16 20:00:00,108,1.6,27.8,49.0,0.11
2026-06-16 21:00:00,108,1.1,26.9,49.0,None
2026-06-16 22:00:00,108,1.1,26.2,52.0,None
2026-06-16 23:00:00,108,1.0,25.3,56.0,None
2026-06-17 00:00:00,108,0.3,24.7,58.0,None
2026-06-17 01:00:00,108,0.7,24.2,61.0,None
2026-06-17 02:00:00,108,0.8,23.9,62.0,None
2026-06-17 03:00:00,108,0.8,23.2,63.0,None
2026-06-17 04:00:00,108,2.1,22.6,66.0,None
2026-06-17 05:00:00,108,1.4,22.3,67.0,None
2026-06-17 06:00:00,108,1.9,22.0,69.0,0.06
2026-06-17 07:00:00,108,1.8,23.7,64.0,0.47
2026-06-17 08:00:00,108,2.3,26.1,55.0,1.29
2026-06-17 09:00:00,108,2.0,26.7,54.0,1.14
2026-06-17 10:00:00,108,2.8,27.9,51.0,1.42
2026-06-17 11:00:00,108,2.5,28.9,50.0,1.48
2026-06-17 12:00:00,108,2.4,30.5,45.0,2.4
2026-06-17 13:00:00,108,2.6,31.9,42.0,3.24
2026-06-17 14:00:00,108,1.8,32.0,41.0,2.49
2026-06-17 15:00:00,108,2.2,31.7,42.0,1.04
2026-06-17 16:00:00,108,5.2,30.4,49.0,0.6
2026-06-17 17:00:00,108,3.2,31.1,46.0,1.66
2026-06-17 18:00:00,108,3.6,30.5,47.0,1.09
2026-06-17 19:00:00,108,2.9,29.6,46.0,0.57
2026-06-17 20:00:00,108,3.4,28.3,53.0,0.11
2026-06-17 21:00:00,108,3.3,27.0,49.0,None
2026-06-17 22:00:00,108,3.6,24.9,49.0,None
2026-06-17 23:00:00,108,2.5,24.1,54.0,None
2026-06-18 00:00:00,108,1.7,23.8,56.0,None
2026-06-18 01:00:00,108,2.0,23.6,60.0,None
2026-06-18 02:00:00,108,1.1,23.4,62.0,None
2026-06-18 03:00:00,108,2.1,23.3,64.0,None
2026-06-18 04:00:00,108,2.2,23.1,60.0,None
2026-06-18 05:00:00,108,0.8,23.1,60.0,None
2026-06-18 06:00:00,108,0.9,23.1,59.0,0.02
2026-06-18 07:00:00,108,1.5,23.7,60.0,0.28
2026-06-18 08:00:00,108,1.2,25.4,60.0,1.18
2026-06-18 09:00:00,108,1.6,27.2,55.0,1.96
2026-06-18 10:00:00,108,2.1,28.6,51.0,2.57
2026-06-18 11:00:00,108,2.5,30.0,47.0,2.99
2026-06-18 12:00:00,108,2.8,31.0,46.0,2.87
2026-06-18 13:00:00,108,2.6,31.0,45.0,2.78
2026-06-18 14:00:00,108,3.1,32.2,44.0,3.22
2026-06-18 15:00:00,108,3.8,30.9,47.0,2.12
2026-06-18 16:00:00,108,3.4,31.9,46.0,2.62
2026-06-18 17:00:00,108,3.4,31.4,47.0,2.01
2026-06-18 18:00:00,108,3.3,30.7,48.0,1.34
2026-06-18 19:00:00,108,3.2,29.2,52.0,0.53
2026-06-18 20:00:00,108,2.3,27.7,56.0,0.11
2026-06-18 21:00:00,108,1.3,26.8,59.0,None
2026-06-18 22:00:00,108,2.5,26.1,62.0,None
2026-06-18 23:00:00,108,2.1,25.3,63.0,None
2026-06-19 00:00:00,108,2.1,24.7,66.0,None
2026-06-19 01:00:00,108,2.1,24.2,67.0,None
2026-06-19 02:00:00,108,1.4,23.8,66.0,None
2026-06-19 03:00:00,108,0.1,23.4,68.0,None
2026-06-19 04:00:00,108,1.1,23.0,71.0,None
2026-06-19 05:00:00,108,1.7,22.7,72.0,None
2026-06-19 06:00:00,108,1.7,22.7,75.0,0.06
2026-06-19 07:00:00,108,1.3,24.1,72.0,0.5
2026-06-19 08:00:00,108,1.8,26.0,66.0,0.83
2026-06-19 09:00:00,108,2.2,28.0,61.0,1.78
2026-06-19 10:00:00,108,1.8,29.7,54.0,2.11
2026-06-19 11:00:00,108,1.6,31.7,47.0,3.02
2026-06-19 12:00:00,108,1.8,32.3,46.0,2.25
2026-06-19 13:00:00,108,2.7,32.9,43.0,2.81
2026-06-19 14:00:00,108,2.6,33.0,44.0,1.62
2026-06-19 15:00:00,108,3.1,33.3,42.0,1.87
2026-06-19 16:00:00,108,3.1,31.4,51.0,1.09
2026-06-19 17:00:00,108,2.2,25.6,74.0,0.14
2026-06-19 18:00:00,108,1.9,24.8,77.0,0.15
2026-06-19 19:00:00,108,0.8,24.1,86.0,0.07
2026-06-19 20:00:00,108,2.9,23.9,88.0,0.02
2026-06-19 21:00:00,108,3.1,23.7,89.0,None
2026-06-19 22:00:00,108,2.5,23.5,89.0,None
2026-06-19 23:00:00,108,2.8,23.3,89.0,None
2026-06-20 00:00:00,108,2.6,23.0,90.0,None
2026-06-20 01:00:00,108,2.7,22.7,92.0,None
2026-06-20 02:00:00,108,3.3,22.3,95.0,None
2026-06-20 03:00:00,108,3.3,22.0,96.0,None
2026-06-20 04:00:00,108,3.6,21.6,96.0,None
2026-06-20 05:00:00,108,4.0,21.2,97.0,None
2026-06-20 06:00:00,108,4.0,21.1,97.0,0.01
2026-06-20 07:00:00,108,4.6,21.0,97.0,0.04
2026-06-20 08:00:00,108,4.9,20.6,96.0,0.19
2026-06-20 09:00:00,108,3.3,20.8,95.0,0.3
2026-06-20 10:00:00,108,3.1,20.6,95.0,0.41
2026-06-20 11:00:00,108,4.5,20.6,97.0,0.47
2026-06-20 12:00:00,108,4.0,20.9,96.0,0.7
2026-06-20 13:00:00,108,3.1,21.3,96.0,0.63
2026-06-20 14:00:00,108,2.5,21.4,93.0,0.75
2026-06-20 15:00:00,108,3.0,21.7,94.0,0.64
2026-06-20 16:00:00,108,2.2,22.1,89.0,0.56
2026-06-20 17:00:00,108,2.0,22.3,84.0,0.61
2026-06-20 18:00:00,108,2.4,22.0,85.0,0.31
2026-06-20 19:00:00,108,2.4,21.2,83.0,0.16
2026-06-20 20:00:00,108,1.6,21.0,84.0,0.03
2026-06-20 21:00:00,108,2.3,20.9,81.0,None
2026-06-20 22:00:00,108,1.5,20.8,83.0,None
2026-06-20 23:00:00,108,1.1,20.7,82.0,None
2026-06-21 00:00:00,108,0.6,20.6,80.0,None
2026-06-21 01:00:00,108,0.7,20.4,78.0,None
2026-06-21 02:00:00,108,0.7,20.3,77.0,None
2026-06-21 03:00:00,108,0.7,20.0,72.0,None
2026-06-21 04:00:00,108,0.9,19.9,73.0,None
2026-06-21 05:00:00,108,1.0,19.8,77.0,None
2026-06-21 06:00:00,108,1.7,19.8,76.0,0.08
2026-06-21 07:00:00,108,1.8,20.2,75.0,0.27
2026-06-21 08:00:00,108,2.3,20.7,75.0,0.42
2026-06-21 09:00:00,108,1.6,21.6,70.0,0.79
2026-06-21 10:00:00,108,2.0,23.7,64.0,1.94
2026-06-21 11:00:00,108,1.7,24.9,56.0,2.68
2026-06-21 12:00:00,108,1.8,26.3,54.0,3.33
2026-06-21 13:00:00,108,1.4,26.6,53.0,2.43
2026-06-21 14:00:00,108,2.5,27.6,52.0,2.56
2026-06-21 15:00:00,108,2.1,27.4,53.0,1.79
2026-06-21 16:00:00,108,1.4,27.1,53.0,0.87
2026-06-21 17:00:00,108,1.4,27.0,53.0,0.61
2026-06-21 18:00:00,108,2.4,26.4,56.0,0.44
2026-06-21 19:00:00,108,2.2,25.9,58.0,0.19
2026-06-21 20:00:00,108,1.8,25.4,60.0,0.02
2026-06-21 21:00:00,108,2.9,24.8,67.0,None
2026-06-21 22:00:00,108,3.5,24.0,70.0,None
2026-06-21 23:00:00,108,1.9,23.6,73.0,None
2026-06-22 00:00:00,108,1.1,23.2,75.0,None
2026-06-22 01:00:00,108,0.9,22.9,75.0,None
2026-06-22 02:00:00,108,1.1,22.5,78.0,None
2026-06-22 03:00:00,108,1.4,22.2,77.0,None
2026-06-22 04:00:00,108,1.5,21.8,78.0,None
2026-06-22 05:00:00,108,1.8,21.5,80.0,None
2026-06-22 06:00:00,108,1.5,21.3,79.0,0.02
2026-06-22 07:00:00,108,2.4,21.7,79.0,0.24
2026-06-22 08:00:00,108,1.5,22.9,75.0,0.71
2026-06-22 09:00:00,108,1.9,24.1,68.0,1.25
2026-06-22 10:00:00,108,2.0,25.1,66.0,1.38
2026-06-22 11:00:00,108,1.3,26.4,61.0,1.77
2026-06-22 12:00:00,108,2.5,27.2,58.0,2.19
2026-06-22 13:00:00,108,3.1,27.4,55.0,1.74
2026-06-22 14:00:00,108,1.9,27.9,56.0,1.87
2026-06-22 15:00:00,108,2.6,27.4,59.0,1.24
2026-06-22 16:00:00,108,2.9,27.0,61.0,0.69
2026-06-22 17:00:00,108,3.4,26.4,57.0,0.49
2026-06-22 18:00:00,108,2.7,26.0,59.0,0.48
2026-06-22 19:00:00,108,2.1,25.8,61.0,0.43
2026-06-22 20:00:00,108,1.9,25.0,65.0,0.12
2026-06-22 21:00:00,108,1.6,24.2,68.0,None
2026-06-22 22:00:00,108,1.5,23.8,70.0,None
2026-06-22 23:00:00,108,0.9,23.2,73.0,None
2026-06-23 00:00:00,108,2.3,22.9,74.0,None
2026-06-23 01:00:00,108,2.2,22.3,77.0,None
2026-06-23 02:00:00,108,1.6,21.7,77.0,None
2026-06-23 03:00:00,108,2.0,21.3,83.0,None
2026-06-23 04:00:00,108,1.7,21.3,83.0,None
2026-06-23 05:00:00,108,3.0,21.1,82.0,None
2026-06-23 06:00:00,108,2.1,20.9,80.0,0.04
2026-06-23 07:00:00,108,3.0,21.5,77.0,0.45
2026-06-23 08:00:00,108,2.6,23.1,70.0,1.3
2026-06-23 09:00:00,108,2.8,24.8,67.0,2.04
2026-06-23 10:00:00,108,2.6,26.2,57.0,2.71
2026-06-23 11:00:00,108,3.4,27.3,49.0,3.24
2026-06-23 12:00:00,108,2.3,28.3,45.0,3.61
2026-06-23 13:00:00,108,3.6,29.0,43.0,3.74
2026-06-23 14:00:00,108,3.0,29.5,38.0,3.65
2026-06-23 15:00:00,108,2.6,30.6,35.0,3.36
2026-06-23 16:00:00,108,2.6,30.6,33.0,2.86
2026-06-23 17:00:00,108,2.2,30.8,34.0,2.22
2026-06-23 18:00:00,108,2.3,30.3,35.0,1.44
2026-06-23 19:00:00,108,2.6,29.3,38.0,0.63
2026-06-23 20:00:00,108,0.8,28.2,40.0,0.16
2026-06-23 21:00:00,108,2.4,26.5,54.0,None
2026-06-23 22:00:00,108,2.6,25.6,54.0,None
2026-06-23 23:00:00,108,2.5,24.5,54.0,None
2026-06-24 00:00:00,108,2.8,23.4,56.0,None
2026-06-24 01:00:00,108,2.3,22.5,59.0,None
2026-06-24 02:00:00,108,1.7,22.0,63.0,None
2026-06-24 03:00:00,108,2.2,21.3,66.0,None
2026-06-24 04:00:00,108,2.4,20.5,67.0,None
2026-06-24 05:00:00,108,2.7,19.7,65.0,None
2026-06-24 06:00:00,108,2.3,19.2,61.0,0.04
2026-06-24 07:00:00,108,2.6,19.7,59.0,0.48
2026-06-24 08:00:00,108,2.7,21.0,56.0,1.08
2026-06-24 09:00:00,108,3.0,22.6,52.0,1.86
2026-06-24 10:00:00,108,3.2,23.4,51.0,1.83
2026-06-24 11:00:00,108,2.9,24.6,51.0,2.56
2026-06-24 12:00:00,108,2.4,26.0,45.0,3.22
2026-06-24 13:00:00,108,3.0,26.7,44.0,2.96
2026-06-24 14:00:00,108,2.4,27.3,44.0,2.33
2026-06-24 15:00:00,108,2.4,27.6,44.0,1.75
2026-06-24 16:00:00,108,2.4,27.9,46.0,1.74
2026-06-24 17:00:00,108,1.9,28.6,43.0,2.03
2026-06-24 18:00:00,108,2.2,28.5,43.0,1.51
2026-06-24 19:00:00,108,2.3,27.6,46.0,0.7
2026-06-24 20:00:00,108,2.2,26.4,51.0,0.16
2026-06-24 21:00:00,108,1.6,25.7,53.0,None
2026-06-24 22:00:00,108,2.7,24.9,53.0,None
2026-06-24 23:00:00,108,2.4,24.0,55.0,None
2026-06-25 00:00:00,108,2.2,23.3,56.0,None
2026-06-25 01:00:00,108,1.7,22.7,57.0,None
2026-06-25 02:00:00,108,3.2,22.3,60.0,None
2026-06-25 03:00:00,108,2.2,21.8,61.0,None
2026-06-25 04:00:00,108,2.8,21.2,60.0,None
2026-06-25 05:00:00,108,2.8,21.1,60.0,None
2026-06-25 06:00:00,108,2.7,21.2,57.0,0.04
2026-06-25 07:00:00,108,2.7,21.5,58.0,0.24
2026-06-25 08:00:00,108,2.6,22.3,56.0,0.67
2026-06-25 09:00:00,108,2.6,22.8,56.0,0.74
2026-06-25 10:00:00,108,1.6,23.2,56.0,0.68
2026-06-25 11:00:00,108,2.5,23.2,58.0,0.7
2026-06-25 12:00:00,108,2.1,23.5,64.0,0.97
2026-06-25 13:00:00,108,2.8,23.0,71.0,0.88
2026-06-25 14:00:00,108,2.0,23.1,71.0,0.64
2026-06-25 15:00:00,108,2.3,23.6,70.0,1.07
2026-06-25 16:00:00,108,2.1,23.9,69.0,0.74
2026-06-25 17:00:00,108,1.7,23.7,69.0,0.53
2026-06-25 18:00:00,108,1.6,23.6,69.0,0.45
2026-06-25 19:00:00,108,1.4,23.4,70.0,0.22
2026-06-25 20:00:00,108,1.8,22.8,71.0,0.04
2026-06-25 21:00:00,108,4.6,21.9,77.0,None
2026-06-25 22:00:00,108,2.0,20.9,80.0,None
2026-06-25 23:00:00,108,1.7,20.4,80.0,None
2026-06-26 00:00:00,108,1.9,19.6,83.0,None
2026-06-26 01:00:00,108,1.0,19.2,83.0,None
2026-06-26 02:00:00,108,1.3,18.7,83.0,None
2026-06-26 03:00:00,108,2.2,18.1,84.0,None
2026-06-26 04:00:00,108,1.8,17.6,86.0,None
2026-06-26 05:00:00,108,1.5,17.4,85.0,None
2026-06-26 06:00:00,108,1.6,17.3,83.0,0.04
2026-06-26 07:00:00,108,1.8,18.4,83.0,0.56
2026-06-26 08:00:00,108,2.0,20.6,72.0,1.29
2026-06-26 09:00:00,108,1.5,22.2,68.0,2.0
2026-06-26 10:00:00,108,2.5,23.3,65.0,2.15
2026-06-26 11:00:00,108,1.6,24.4,58.0,2.63
2026-06-26 12:00:00,108,1.3,24.9,57.0,2.11
2026-06-26 13:00:00,108,2.8,26.5,55.0,3.2
2026-06-26 14:00:00,108,2.1,27.8,45.0,3.46
2026-06-26 15:00:00,108,3.5,28.4,44.0,2.55
2026-06-26 16:00:00,108,2.3,29.5,41.0,3.1
2026-06-26 17:00:00,108,1.3,29.8,42.0,2.27
2026-06-26 18:00:00,108,1.7,28.9,43.0,0.92
2026-06-26 19:00:00,108,1.8,27.7,48.0,0.51
2026-06-26 20:00:00,108,3.0,26.2,58.0,0.19
2026-06-26 21:00:00,108,2.1,25.1,62.0,None
2026-06-26 22:00:00,108,1.1,24.3,65.0,None
2026-06-26 23:00:00,108,1.1,23.8,66.0,None
2026-06-27 00:00:00,108,0.2,23.2,68.0,None
2026-06-27 01:00:00,108,1.2,22.6,72.0,None
2026-06-27 02:00:00,108,1.1,22.0,75.0,None
2026-06-27 03:00:00,108,0.3,21.5,74.0,None
2026-06-27 04:00:00,108,1.0,21.1,75.0,None
2026-06-27 05:00:00,108,0.7,20.9,76.0,None
2026-06-27 06:00:00,108,0.8,20.8,78.0,0.05
2026-06-27 07:00:00,108,1.0,21.4,79.0,0.4
2026-06-27 08:00:00,108,2.0,23.2,72.0,1.1
2026-06-27 09:00:00,108,0.4,25.0,66.0,1.45
2026-06-27 10:00:00,108,1.5,26.8,58.0,2.44
2026-06-27 11:00:00,108,1.2,28.2,54.0,2.4
2026-06-27 12:00:00,108,2.2,29.9,49.0,3.02
2026-06-27 13:00:00,108,1.6,31.2,44.0,3.31
2026-06-27 14:00:00,108,1.9,30.2,42.0,1.09
2026-06-27 15:00:00,108,2.6,31.6,45.0,2.3
2026-06-27 16:00:00,108,2.9,31.9,43.0,2.73
2026-06-27 17:00:00,108,2.6,31.1,48.0,1.35
2026-06-27 18:00:00,108,3.1,30.4,49.0,0.68
2026-06-27 19:00:00,108,2.2,29.2,55.0,0.35
2026-06-27 20:00:00,108,3.3,28.0,55.0,0.09
2026-06-27 21:00:00,108,3.3,26.8,60.0,None
2026-06-27 22:00:00,108,1.8,25.5,63.0,None
2026-06-27 23:00:00,108,2.0,24.8,68.0,None
2026-06-28 00:00:00,108,1.5,24.5,69.0,None
2026-06-28 01:00:00,108,1.3,24.1,69.0,None
2026-06-28 02:00:00,108,1.5,23.5,70.0,None
2026-06-28 03:00:00,108,0.8,22.9,72.0,None
2026-06-28 04:00:00,108,0.7,22.7,73.0,None
2026-06-28 05:00:00,108,0.4,22.3,74.0,None
2026-06-28 06:00:00,108,1.2,21.8,71.0,0.05
2026-06-28 07:00:00,108,0.6,22.4,71.0,0.44
2026-06-28 08:00:00,108,2.2,24.7,67.0,1.19
2026-06-28 09:00:00,108,1.5,26.3,64.0,1.89
2026-06-28 10:00:00,108,2.2,27.7,58.0,2.52
2026-06-28 11:00:00,108,2.1,29.1,54.0,3.01
2026-06-28 12:00:00,108,2.5,30.3,51.0,3.44
2026-06-28 13:00:00,108,1.6,30.6,49.0,2.69
2026-06-28 14:00:00,108,2.9,29.7,56.0,0.96
2026-06-28 15:00:00,108,3.3,30.5,50.0,2.49
2026-06-28 16:00:00,108,2.5,29.1,58.0,1.44
2026-06-28 17:00:00,108,3.9,30.1,53.0,1.92
2026-06-28 18:00:00,108,3.5,29.1,49.0,1.34
2026-06-28 19:00:00,108,2.7,27.4,51.0,0.62
2026-06-28 20:00:00,108,3.1,25.9,48.0,0.12
2026-06-28 21:00:00,108,2.5,24.8,59.0,None
2026-06-28 22:00:00,108,1.9,24.1,63.0,None
2026-06-28 23:00:00,108,2.5,23.7,68.0,None
2026-06-29 00:00:00,108,1.6,23.3,70.0,None
2026-06-29 01:00:00,108,1.2,22.8,70.0,None
2026-06-29 02:00:00,108,0.8,22.3,72.0,None
2026-06-29 03:00:00,108,1.5,22.0,76.0,None
2026-06-29 04:00:00,108,1.6,21.6,79.0,None
2026-06-29 05:00:00,108,1.7,21.7,85.0,None
2026-06-29 06:00:00,108,1.5,22.0,85.0,0.04
2026-06-29 07:00:00,108,1.6,22.5,82.0,0.4
2026-06-29 08:00:00,108,0.9,23.0,79.0,0.52
2026-06-29 09:00:00,108,1.3,24.1,75.0,1.08
2026-06-29 10:00:00,108,1.6,26.3,70.0,2.31
2026-06-29 11:00:00,108,2.2,28.0,62.0,2.98
2026-06-29 12:00:00,108,2.0,29.1,59.0,2.93
2026-06-29 13:00:00,108,1.9,30.4,53.0,3.5
2026-06-29 14:00:00,108,2.3,32.0,49.0,3.51
2026-06-29 15:00:00,108,2.4,32.2,47.0,3.17
2026-06-29 16:00:00,108,1.8,31.2,49.0,1.37
2026-06-29 17:00:00,108,3.8,31.1,53.0,1.42
2026-06-29 18:00:00,108,3.4,30.3,56.0,1.28
2026-06-29 19:00:00,108,2.9,28.2,60.0,0.58
2026-06-29 20:00:00,108,2.5,26.7,62.0,0.11
2026-06-29 21:00:00,108,1.2,25.7,63.0,None
2026-06-29 22:00:00,108,1.7,24.6,63.0,None
2026-06-29 23:00:00,108,1.9,24.1,67.0,None
2026-06-30 00:00:00,108,2.9,23.8,70.0,None
2026-06-30 01:00:00,108,2.4,23.6,71.0,None
2026-06-30 02:00:00,108,1.4,23.4,73.0,None
2026-06-30 03:00:00,108,2.3,23.4,65.0,None
2026-06-30 04:00:00,108,1.1,23.2,64.0,None
2026-06-30 05:00:00,108,1.3,23.0,68.0,None
2026-06-30 06:00:00,108,0.9,22.9,69.0,0.04
2026-06-30 07:00:00,108,1.4,23.4,70.0,0.39
2026-06-30 08:00:00,108,1.9,24.5,67.0,0.99
2026-06-30 09:00:00,108,2.2,25.6,61.0,1.35
2026-06-30 10:00:00,108,1.6,26.9,58.0,2.25
2026-06-30 11:00:00,108,2.2,28.3,53.0,2.89
2026-06-30 12:00:00,108,0.8,29.6,51.0,3.13
2026-06-30 13:00:00,108,3.1,30.1,50.0,2.76
2026-06-30 14:00:00,108,1.9,30.5,49.0,2.48
2026-06-30 15:00:00,108,1.7,31.6,47.0,2.78
2026-06-30 16:00:00,108,3.1,30.6,50.0,1.96
2026-06-30 17:00:00,108,4.2,30.2,51.0,1.48
2026-06-30 18:00:00,108,3.5,29.7,50.0,1.24
2026-06-30 19:00:00,108,3.4,28.3,49.0,0.46
2026-06-30 20:00:00,108,2.8,27.1,55.0,0.11
2026-06-30 21:00:00,108,2.4,26.4,50.0,None
2026-06-30 22:00:00,108,2.6,25.9,52.0,None
2026-06-30 23:00:00,108,2.8,25.6,53.0,None
2026-07-01 00:00:00,108,2.1,24.9,59.0,None
2026-07-01 01:00:00,108,1.5,24.5,60.0,None
2026-07-01 02:00:00,108,0.6,24.2,61.0,None
2026-07-01 03:00:00,108,0.9,24.0,63.0,None
2026-07-01 04:00:00,108,0.9,23.8,62.0,None
2026-07-01 05:00:00,108,1.4,23.7,67.0,None
2026-07-01 06:00:00,108,1.4,23.9,69.0,0.01
2026-07-01 07:00:00,108,2.5,24.4,70.0,0.16
2026-07-01 08:00:00,108,2.5,24.9,68.0,0.39
2026-07-01 09:00:00,108,2.1,26.1,65.0,1.01
2026-07-01 10:00:00,108,1.5,27.6,60.0,1.69
2026-07-01 11:00:00,108,1.5,29.4,55.0,2.52
2026-07-01 12:00:00,108,2.2,30.1,54.0,2.67
2026-07-01 13:00:00,108,2.1,31.1,52.0,3.11
2026-07-01 14:00:00,108,1.6,30.9,51.0,1.67
2026-07-01 15:00:00,108,1.2,31.1,48.0,1.67
2026-07-01 16:00:00,108,1.7,30.6,47.0,0.67
2026-07-01 17:00:00,108,3.6,29.1,58.0,0.49
2026-07-01 18:00:00,108,4.7,26.7,68.0,0.36
2026-07-01 19:00:00,108,3.2,24.5,80.0,0.12
2026-07-01 20:00:00,108,2.0,24.3,75.0,0.05
2026-07-01 21:00:00,108,1.5,24.4,75.0,None
2026-07-01 22:00:00,108,0.5,24.4,74.0,None
2026-07-01 23:00:00,108,2.5,24.2,76.0,None
2026-07-02 00:00:00,108,2.3,23.9,78.0,None
2026-07-02 01:00:00,108,2.5,23.2,84.0,None
2026-07-02 02:00:00,108,0.8,22.5,83.0,None
2026-07-02 03:00:00,108,1.7,22.1,83.0,None
2026-07-02 04:00:00,108,2.1,21.9,85.0,None
2026-07-02 05:00:00,108,1.7,21.8,86.0,None
2026-07-02 06:00:00,108,2.3,21.7,85.0,0.01
2026-07-02 07:00:00,108,1.7,21.9,84.0,0.09
2026-07-02 08:00:00,108,2.0,22.5,82.0,0.28
2026-07-02 09:00:00,108,2.1,23.4,79.0,0.54
2026-07-02 10:00:00,108,1.3,24.6,75.0,1.08
2026-07-02 11:00:00,108,1.7,24.9,70.0,0.76
2026-07-02 12:00:00,108,1.6,25.4,62.0,0.94
2026-07-02 13:00:00,108,1.3,26.1,61.0,1.08
2026-07-02 14:00:00,108,1.3,26.9,60.0,1.2
2026-07-02 15:00:00,108,1.6,27.3,59.0,1.03
2026-07-02 16:00:00,108,1.7,26.7,60.0,0.79
2026-07-02 17:00:00,108,1.8,26.1,67.0,0.43
2026-07-02 18:00:00,108,0.7,26.5,64.0,0.43
2026-07-02 19:00:00,108,1.8,25.8,67.0,0.22
2026-07-02 20:00:00,108,1.5,25.0,72.0,0.09
2026-07-02 21:00:00,108,1.0,24.5,75.0,None
2026-07-02 22:00:00,108,2.2,24.1,69.0,None
2026-07-02 23:00:00,108,2.8,23.8,75.0,None
2026-07-03 00:00:00,108,2.2,23.3,79.0,None
2026-07-03 01:00:00,108,1.5,22.8,80.0,None
2026-07-03 02:00:00,108,1.8,22.5,81.0,None
2026-07-03 03:00:00,108,1.7,22.3,82.0,None
2026-07-03 04:00:00,108,1.3,22.5,84.0,None
2026-07-03 05:00:00,108,0.1,22.7,84.0,None
2026-07-03 06:00:00,108,1.2,22.8,84.0,0.02
2026-07-03 07:00:00,108,1.4,22.7,87.0,0.07
2026-07-03 08:00:00,108,1.4,22.6,91.0,0.08
2026-07-03 09:00:00,108,0.8,22.7,88.0,0.12
2026-07-03 10:00:00,108,1.7,23.5,87.0,0.57
2026-07-03 11:00:00,108,1.1,24.9,79.0,1.23
2026-07-03 12:00:00,108,1.5,27.1,68.0,2.57
2026-07-03 13:00:00,108,3.2,28.4,62.0,2.88
2026-07-03 14:00:00,108,1.8,27.7,61.0,1.34
2026-07-03 15:00:00,108,2.8,27.6,63.0,0.74
2026-07-03 16:00:00,108,2.4,28.1,63.0,0.76
2026-07-03 17:00:00,108,3.4,28.2,60.0,1.03
2026-07-03 18:00:00,108,2.9,28.0,60.0,0.85
2026-07-03 19:00:00,108,2.9,26.9,63.0,0.35
2026-07-03 20:00:00,108,3.7,25.6,69.0,0.08
2026-07-03 21:00:00,108,2.0,24.6,73.0,None
2026-07-03 22:00:00,108,1.8,24.0,73.0,None
2026-07-03 23:00:00,108,2.4,23.5,77.0,None
2026-07-04 00:00:00,108,1.8,23.2,77.0,None
2026-07-04 01:00:00,108,1.2,23.2,80.0,None
2026-07-04 02:00:00,108,1.3,23.4,79.0,None
2026-07-04 03:00:00,108,2.1,23.4,85.0,None
2026-07-04 04:00:00,108,2.2,23.1,87.0,None
2026-07-04 05:00:00,108,0.4,23.1,86.0,None
2026-07-04 06:00:00,108,2.1,23.2,86.0,0.0
2026-07-04 07:00:00,108,0.9,23.5,84.0,0.19
2026-07-04 08:00:00,108,1.8,23.9,83.0,0.35
2026-07-04 09:00:00,108,1.9,24.5,80.0,0.47
2026-07-04 10:00:00,108,1.1,26.5,72.0,2.03
2026-07-04 11:00:00,108,1.3,27.2,69.0,1.58
2026-07-04 12:00:00,108,2.3,27.5,67.0,1.43
2026-07-04 13:00:00,108,2.3,27.8,67.0,1.12
2026-07-04 14:00:00,108,2.8,28.2,65.0,1.56
2026-07-04 15:00:00,108,3.1,28.4,63.0,1.1
2026-07-04 16:00:00,108,2.9,29.0,62.0,1.98
2026-07-04 17:00:00,108,2.3,29.2,60.0,1.4
2026-07-04 18:00:00,108,2.8,29.2,60.0,1.13
2026-07-04 19:00:00,108,2.7,27.9,65.0,0.36
2026-07-04 20:00:00,108,3.3,26.4,72.0,0.1
2026-07-04 21:00:00,108,2.0,25.6,75.0,None
2026-07-04 22:00:00,108,1.6,25.0,74.0,None
2026-07-04 23:00:00,108,0.1,24.8,73.0,None
2026-07-05 00:00:00,108,1.6,24.4,77.0,None
2026-07-05 01:00:00,108,2.1,24.4,77.0,None
2026-07-05 02:00:00,108,1.1,24.4,78.0,None
2026-07-05 03:00:00,108,1.0,24.2,78.0,None
2026-07-05 04:00:00,108,1.4,24.2,78.0,None
2026-07-05 05:00:00,108,0.7,24.3,79.0,None
2026-07-05 06:00:00,108,1.8,23.9,80.0,0.03
2026-07-05 07:00:00,108,1.1,24.5,80.0,0.39
2026-07-05 08:00:00,108,2.6,25.4,77.0,0.53
2026-07-05 09:00:00,108,1.7,26.3,74.0,0.97
2026-07-05 10:00:00,108,2.4,27.4,72.0,1.36
2026-07-05 11:00:00,108,2.6,26.8,74.0,0.57
2026-07-05 12:00:00,108,2.3,26.9,73.0,0.75
2026-07-05 13:00:00,108,2.4,28.9,68.0,2.53
2026-07-05 14:00:00,108,2.7,28.3,71.0,1.23
2026-07-05 15:00:00,108,2.7,28.1,73.0,1.41
2026-07-05 16:00:00,108,2.5,28.1,71.0,0.98
2026-07-05 17:00:00,108,2.5,27.3,80.0,0.7
2026-07-05 18:00:00,108,1.2,25.7,89.0,0.23
2026-07-05 19:00:00,108,3.2,25.3,87.0,0.11
2026-07-05 20:00:00,108,3.7,25.1,88.0,0.05
2026-07-05 21:00:00,108,2.7,25.1,86.0,None
2026-07-05 22:00:00,108,1.3,25.0,86.0,None
2026-07-05 23:00:00,108,1.2,25.0,87.0,None
2026-07-06 00:00:00,108,2.8,24.9,87.0,None
2026-07-06 01:00:00,108,1.9,24.8,87.0,None
2026-07-06 02:00:00,108,1.5,24.7,86.0,None
2026-07-06 03:00:00,108,1.8,24.6,88.0,None
2026-07-06 04:00:00,108,1.5,24.6,87.0,None
2026-07-06 05:00:00,108,0.9,24.6,86.0,None
2026-07-06 06:00:00,108,1.0,24.7,86.0,0.01
2026-07-06 07:00:00,108,1.9,24.9,86.0,0.22
2026-07-06 08:00:00,108,1.6,25.3,85.0,0.4
2026-07-06 09:00:00,108,2.4,25.5,85.0,0.36
2026-07-06 10:00:00,108,1.4,24.9,89.0,0.19
2026-07-06 11:00:00,108,2.5,25.8,87.0,1.03
2026-07-06 12:00:00,108,2.6,26.4,84.0,1.08
2026-07-06 13:00:00,108,3.1,26.9,82.0,1.14
2026-07-06 14:00:00,108,2.0,27.9,80.0,1.18
2026-07-06 15:00:00,108,4.3,27.8,77.0,0.84
2026-07-06 16:00:00,108,5.2,27.7,76.0,0.81
2026-07-06 17:00:00,108,4.6,27.6,76.0,0.65
2026-07-06 18:00:00,108,4.4,27.6,75.0,0.5
2026-07-06 19:00:00,108,4.0,27.3,74.0,0.39
2026-07-06 20:00:00,108,2.8,26.5,74.0,0.19
2026-07-06 21:00:00,108,1.9,25.9,79.0,None
2026-07-06 22:00:00,108,2.4,25.7,81.0,None
2026-07-06 23:00:00,108,2.6,25.6,83.0,None
2026-07-07 00:00:00,108,1.4,25.5,83.0,None
2026-07-07 01:00:00,108,1.1,25.3,83.0,None
2026-07-07 02:00:00,108,1.6,25.0,84.0,None
2026-07-07 03:00:00,108,1.3,25.1,85.0,None
2026-07-07 04:00:00,108,0.5,25.1,85.0,None
2026-07-07 05:00:00,108,1.4,25.1,86.0,None
2026-07-07 06:00:00,108,1.4,25.0,91.0,0.0
2026-07-07 07:00:00,108,1.4,24.1,90.0,0.06
2026-07-07 08:00:00,108,0.7,23.6,91.0,0.16
2026-07-07 09:00:00,108,1.9,24.8,89.0,0.85
2026-07-07 10:00:00,108,1.9,26.7,83.0,2.1
2026-07-07 11:00:00,108,2.1,28.3,74.0,2.99
2026-07-07 12:00:00,108,2.7,29.7,67.0,2.65
2026-07-07 13:00:00,108,2.5,30.7,63.0,2.51
2026-07-07 14:00:00,108,3.3,31.6,60.0,2.53
2026-07-07 15:00:00,108,3.0,31.5,60.0,1.93
2026-07-07 16:00:00,108,2.9,31.2,61.0,0.76
2026-07-07 17:00:00,108,2.3,31.2,61.0,0.5
2026-07-07 18:00:00,108,2.4,30.9,62.0,0.44
2026-07-07 19:00:00,108,3.1,30.4,65.0,0.28
2026-07-07 20:00:00,108,2.2,30.0,68.0,0.06
2026-07-07 21:00:00,108,2.0,29.6,70.0,None
2026-07-07 22:00:00,108,1.5,29.4,72.0,None
2026-07-07 23:00:00,108,3.3,29.0,73.0,None
2026-07-08 00:00:00,108,2.3,28.6,73.0,None
2026-07-08 01:00:00,108,3.4,28.4,75.0,None
2026-07-08 02:00:00,108,3.9,28.0,76.0,None
2026-07-08 03:00:00,108,2.6,27.6,71.0,None
2026-07-08 04:00:00,108,3.5,27.6,67.0,None
2026-07-08 05:00:00,108,2.0,24.5,85.0,None
2026-07-08 06:00:00,108,2.3,23.8,90.0,0.0
2026-07-08 07:00:00,108,2.5,23.6,93.0,0.02
2026-07-08 08:00:00,108,3.2,23.5,96.0,0.08
2026-07-08 09:00:00,108,2.8,23.5,96.0,0.12
2026-07-08 10:00:00,108,3.9,23.9,95.0,0.34
2026-07-08 11:00:00,108,3.7,24.4,94.0,0.67
2026-07-08 12:00:00,108,2.2,24.1,92.0,0.38
2026-07-08 13:00:00,108,1.9,24.1,91.0,0.52
2026-07-08 14:00:00,108,1.9,24.4,90.0,0.56
2026-07-08 15:00:00,108,3.0,24.8,85.0,0.6
2026-07-08 16:00:00,108,2.9,25.7,81.0,1.28
2026-07-08 17:00:00,108,2.8,26.5,77.0,1.36
2026-07-08 18:00:00,108,2.9,26.2,77.0,0.48
2026-07-08 19:00:00,108,2.2,26.1,76.0,0.38
2026-07-08 20:00:00,108,1.0,25.7,77.0,0.07
2026-07-08 21:00:00,108,1.6,25.5,81.0,None
2026-07-08 22:00:00,108,0.4,25.2,82.0,None
2026-07-08 23:00:00,108,1.1,25.0,84.0,None
2026-07-09 00:00:00,108,1.3,25.0,83.0,None
2026-07-09 01:00:00,108,0.9,24.4,88.0,None
2026-07-09 02:00:00,108,0.6,24.3,92.0,None
2026-07-09 03:00:00,108,0.6,24.3,92.0,None
2026-07-09 04:00:00,108,1.3,24.2,92.0,None
2026-07-09 05:00:00,108,0.5,24.3,91.0,None
2026-07-09 06:00:00,108,0.7,24.3,93.0,0.0
2026-07-09 07:00:00,108,1.1,24.6,93.0,0.13
2026-07-09 08:00:00,108,0.9,25.0,90.0,0.29
2026-07-09 09:00:00,108,1.4,25.5,89.0,0.32
2026-07-09 10:00:00,108,2.1,25.9,89.0,0.35
2026-07-09 11:00:00,108,2.2,24.2,92.0,0.09
2026-07-09 12:00:00,108,1.5,23.2,92.0,0.2
2026-07-09 13:00:00,108,2.0,22.1,95.0,0.13
2026-07-09 14:00:00,108,1.9,22.2,95.0,0.35
2026-07-09 15:00:00,108,1.7,22.6,96.0,0.41
2026-07-09 16:00:00,108,1.6,23.4,91.0,1.09
2026-07-09 17:00:00,108,2.7,24.7,86.0,1.17
2026-07-09 18:00:00,108,2.1,24.6,84.0,0.73
2026-07-09 19:00:00,108,1.7,24.7,84.0,0.23
2026-07-09 20:00:00,108,1.5,24.0,89.0,0.05
2026-07-09 21:00:00,108,1.3,23.9,89.0,None
2026-07-09 22:00:00,108,0.6,23.8,93.0,None
2026-07-09 23:00:00,108,1.1,23.6,91.0,None
2026-07-10 00:00:00,108,1.3,23.6,93.0,None
2026-07-10 01:00:00,108,1.4,23.7,94.0,None
2026-07-10 02:00:00,108,4.1,24.4,91.0,None
2026-07-10 03:00:00,108,1.5,24.3,91.0,None
2026-07-10 04:00:00,108,1.2,24.3,90.0,None
2026-07-10 05:00:00,108,2.4,24.4,88.0,None
2026-07-10 06:00:00,108,2.0,24.5,87.0,0.01
2026-07-10 07:00:00,108,1.3,24.7,87.0,0.07
2026-07-10 08:00:00,108,2.6,25.2,85.0,0.28
2026-07-10 09:00:00,108,3.0,26.1,83.0,0.69
2026-07-10 10:00:00,108,3.5,26.3,81.0,0.41
2026-07-10 11:00:00,108,3.2,26.3,85.0,0.64
2026-07-10 12:00:00,108,4.2,26.8,81.0,1.16
2026-07-10 13:00:00,108,3.2,26.3,84.0,0.55
2026-07-10 14:00:00,108,1.6,26.1,87.0,0.57
2026-07-10 15:00:00,108,1.6,26.7,86.0,0.67
2026-07-10 16:00:00,108,2.0,27.2,84.0,0.57
2026-07-10 17:00:00,108,3.2,27.3,88.0,0.58
2026-07-10 18:00:00,108,2.5,26.9,86.0,0.38
2026-07-10 19:00:00,108,2.5,26.8,85.0,0.18
2026-07-10 20:00:00,108,1.7,26.7,87.0,0.07
2026-07-10 21:00:00,108,2.5,26.6,86.0,None
2026-07-10 22:00:00,108,1.6,26.6,85.0,None
2026-07-10 23:00:00,108,1.8,26.4,85.0,None
2026-07-11 00:00:00,108,1.4,26.2,86.0,None
2026-07-11 01:00:00,108,0.3,25.8,88.0,None
2026-07-11 02:00:00,108,0.5,25.4,89.0,None
2026-07-11 03:00:00,108,0.8,25.2,91.0,None
2026-07-11 04:00:00,108,0.1,25.0,91.0,None
2026-07-11 05:00:00,108,0.6,25.0,91.0,None
2026-07-11 06:00:00,108,0.9,24.8,92.0,0.04
2026-07-11 07:00:00,108,1.1,25.4,92.0,0.32
2026-07-11 08:00:00,108,1.2,26.2,85.0,0.68
2026-07-11 09:00:00,108,1.7,27.4,79.0,1.39
2026-07-11 10:00:00,108,3.0,28.6,74.0,1.75
2026-07-11 11:00:00,108,2.4,29.8,69.0,2.34
2026-07-11 12:00:00,108,2.0,31.3,63.0,3.18
2026-07-11 13:00:00,108,2.6,31.9,59.0,2.65
2026-07-11 14:00:00,108,2.6,32.3,58.0,2.61
2026-07-11 15:00:00,108,2.5,32.2,58.0,2.18
2026-07-11 16:00:00,108,2.4,32.0,58.0,2.2
2026-07-11 17:00:00,108,2.5,32.4,57.0,1.86
2026-07-11 18:00:00,108,2.8,31.9,58.0,1.16
2026-07-11 19:00:00,108,2.0,31.1,60.0,0.47
2026-07-11 20:00:00,108,1.1,30.2,62.0,0.21
2026-07-11 21:00:00,108,0.5,29.3,65.0,None
2026-07-11 22:00:00,108,1.6,28.4,70.0,None
2026-07-11 23:00:00,108,1.4,27.7,73.0,None
2026-07-12 00:00:00,108,2.4,27.0,76.0,None
2026-07-12 01:00:00,108,0.8,27.0,77.0,None
2026-07-12 02:00:00,108,0.3,26.5,78.0,None
2026-07-12 03:00:00,108,1.4,25.9,80.0,None
2026-07-12 04:00:00,108,1.4,25.7,83.0,None
2026-07-12 05:00:00,108,2.2,25.4,83.0,None
2026-07-12 06:00:00,108,1.0,25.3,85.0,0.03
2026-07-12 07:00:00,108,1.2,25.7,85.0,0.22
2026-07-12 08:00:00,108,1.1,28.0,79.0,1.07
2026-07-12 09:00:00,108,1.4,29.7,71.0,1.75
2026-07-12 10:00:00,108,2.3,31.3,65.0,2.2
2026-07-12 11:00:00,108,1.3,32.6,60.0,2.95
2026-07-12 12:00:00,108,2.3,33.3,56.0,2.6
2026-07-12 13:00:00,108,2.9,33.8,54.0,2.71
2026-07-12 14:00:00,108,2.4,34.7,54.0,3.32
2026-07-12 15:00:00,108,2.9,34.6,52.0,2.68
2026-07-12 16:00:00,108,2.8,34.9,51.0,2.2
2026-07-12 17:00:00,108,2.5,34.5,53.0,1.37
2026-07-12 18:00:00,108,2.5,34.0,54.0,0.78
2026-07-12 19:00:00,108,2.4,33.2,56.0,0.35
2026-07-12 20:00:00,108,3.1,32.1,60.0,0.22
2026-07-12 21:00:00,108,1.8,30.7,64.0,None
2026-07-12 22:00:00,108,0.7,30.3,68.0,None
2026-07-12 23:00:00,108,1.5,29.7,70.0,None
2026-07-13 00:00:00,108,0.4,29.2,71.0,None
2026-07-13 01:00:00,108,1.6,29.0,70.0,None
2026-07-13 02:00:00,108,1.5,28.8,68.0,None
2026-07-13 03:00:00,108,3.9,28.7,68.0,None
2026-07-13 04:00:00,108,3.1,28.3,69.0,None
2026-07-13 05:00:00,108,2.0,27.9,70.0,None
2026-07-13 06:00:00,108,0.9,27.6,72.0,0.03
2026-07-13 07:00:00,108,0.9,27.9,73.0,0.25
2026-07-13 08:00:00,108,2.2,28.6,71.0,0.58
2026-07-13 09:00:00,108,2.5,29.1,68.0,0.69
2026-07-13 10:00:00,108,3.1,30.2,66.0,1.71
2026-07-13 11:00:00,108,3.2,31.0,64.0,1.71
2026-07-13 12:00:00,108,1.6,31.6,62.0,1.3
2026-07-13 13:00:00,108,2.9,31.5,61.0,1.21
2026-07-13 14:00:00,108,1.6,32.0,64.0,1.76
2026-07-13 15:00:00,108,2.4,31.6,60.0,1.49
2026-07-13 16:00:00,108,2.2,32.4,59.0,1.83
2026-07-13 17:00:00,108,2.0,33.4,56.0,1.76
2026-07-13 18:00:00,108,2.0,33.3,57.0,1.29
2026-07-13 19:00:00,108,2.7,32.3,59.0,0.52
2026-07-13 20:00:00,108,2.9,31.7,60.0,0.15
2026-07-13 21:00:00,108,3.0,31.1,62.0,None
2026-07-13 22:00:00,108,2.2,30.3,67.0,None
2026-07-13 23:00:00,108,3.2,30.1,65.0,None
2026-07-14 00:00:00,108,3.7,29.8,68.0,None
2026-07-14 01:00:00,108,3.1,29.4,69.0,None
2026-07-14 02:00:00,108,2.3,29.1,68.0,None
2026-07-14 03:00:00,108,3.6,28.8,68.0,None
2026-07-14 04:00:00,108,1.6,28.3,71.0,None
2026-07-14 05:00:00,108,2.4,28.1,71.0,None
2026-07-14 06:00:00,108,2.2,27.1,80.0,0.0
2026-07-14 07:00:00,108,2.3,27.2,77.0,0.1
2026-07-14 08:00:00,108,2.0,27.6,76.0,0.28
2026-07-14 09:00:00,108,2.1,28.7,73.0,0.61
2026-07-14 10:00:00,108,3.4,29.3,70.0,0.97
2026-07-14 11:00:00,108,3.4,29.9,66.0,0.96
2026-07-14 12:00:00,108,4.5,30.6,68.0,1.24
2026-07-14 13:00:00,108,4.1,30.8,64.0,1.25
2026-07-14 14:00:00,108,2.8,30.9,64.0,0.65
2026-07-14 15:00:00,108,3.5,30.5,66.0,0.39
2026-07-14 16:00:00,108,4.4,29.9,73.0,0.19
2026-07-14 17:00:00,108,3.5,28.7,76.0,0.21
2026-07-14 18:00:00,108,2.5,28.1,84.0,0.13
2026-07-14 19:00:00,108,4.3,26.4,92.0,0.03
2026-07-14 20:00:00,108,3.9,26.2,93.0,0.01
2026-07-14 21:00:00,108,3.5,26.0,95.0,None
2026-07-14 22:00:00,108,3.9,25.7,96.0,None
2026-07-14 23:00:00,108,5.7,25.4,97.0,None
2026-07-15 00:00:00,108,7.0,25.2,98.0,None
2026-07-15 01:00:00,108,6.2,24.8,98.0,None
2026-07-15 02:00:00,108,5.4,24.6,99.0,None
2026-07-15 03:00:00,108,5.0,24.5,99.0,None
2026-07-15 04:00:00,108,3.3,24.4,99.0,None
2026-07-15 05:00:00,108,3.7,24.2,97.0,None
2026-07-15 06:00:00,108,3.8,24.0,99.0,0.01
2026-07-15 07:00:00,108,3.7,24.0,98.0,0.02
2026-07-15 08:00:00,108,4.6,24.0,99.0,0.13
2026-07-15 09:00:00,108,2.6,24.0,99.0,0.21
2026-07-15 10:00:00,108,4.7,23.7,96.0,0.33
2026-07-15 11:00:00,108,3.0,23.5,97.0,0.38
2026-07-15 12:00:00,108,3.9,25.0,90.0,2.02
2026-07-15 13:00:00,108,2.8,24.6,85.0,1.08
2026-07-15 14:00:00,108,2.0,24.5,87.0,0.36
2026-07-15 15:00:00,108,3.3,24.9,86.0,0.48
2026-07-15 16:00:00,108,4.1,25.5,82.0,0.66
2026-07-15 17:00:00,108,3.1,25.7,81.0,0.43
2026-07-15 18:00:00,108,2.7,26.2,78.0,0.49
2026-07-15 19:00:00,108,2.6,26.1,80.0,0.47
2026-07-15 20:00:00,108,2.9,25.1,81.0,0.07
2026-07-15 21:00:00,108,1.2,24.7,84.0,None
2026-07-15 22:00:00,108,1.6,24.3,85.0,None
2026-07-15 23:00:00,108,1.5,23.9,85.0,None
2026-07-16 00:00:00,108,1.9,23.6,86.0,None
2026-07-16 01:00:00,108,1.4,23.1,87.0,None
2026-07-16 02:00:00,108,0.8,23.1,88.0,None
2026-07-16 03:00:00,108,0.6,23.0,90.0,None
2026-07-16 04:00:00,108,1.1,23.2,91.0,None
2026-07-16 05:00:00,108,0.9,23.2,90.0,None
2026-07-16 06:00:00,108,1.5,23.3,90.0,0.03
2026-07-16 07:00:00,108,1.6,23.7,89.0,0.3
2026-07-16 08:00:00,108,1.1,24.5,87.0,0.47
2026-07-16 09:00:00,108,0.9,25.8,82.0,1.21
2026-07-16 10:00:00,108,0.7,26.7,78.0,1.46
2026-07-16 11:00:00,108,1.2,27.6,74.0,1.53
2026-07-16 12:00:00,108,1.9,28.6,72.0,1.68
2026-07-16 13:00:00,108,2.6,29.6,69.0,2.44
2026-07-16 14:00:00,108,3.4,29.7,66.0,2.5
2026-07-16 15:00:00,108,3.1,29.7,66.0,1.6
2026-07-16 16:00:00,108,2.4,29.6,69.0,1.41
2026-07-16 17:00:00,108,2.7,28.9,69.0,0.91
2026-07-16 18:00:00,108,1.3,28.5,67.0,0.92
2026-07-16 19:00:00,108,2.4,28.0,71.0,0.38
2026-07-16 20:00:00,108,2.6,27.4,75.0,0.09
2026-07-16 21:00:00,108,2.0,26.9,75.0,None
2026-07-16 22:00:00,108,1.9,26.3,80.0,None
2026-07-16 23:00:00,108,2.0,25.7,84.0,None
2026-07-17 00:00:00,108,1.4,25.2,85.0,None
2026-07-17 01:00:00,108,1.1,24.9,86.0,None
2026-07-17 02:00:00,108,1.7,24.5,88.0,None
2026-07-17 03:00:00,108,0.9,24.2,88.0,None
2026-07-17 04:00:00,108,0.5,24.2,89.0,None
2026-07-17 05:00:00,108,0.5,24.2,91.0,None
2026-07-17 06:00:00,108,1.0,24.2,90.0,0.03
2026-07-17 07:00:00,108,1.0,24.5,90.0,0.28
2026-07-17 08:00:00,108,1.5,25.8,86.0,0.83
2026-07-17 09:00:00,108,1.7,27.2,81.0,1.3
2026-07-17 10:00:00,108,1.4,28.4,75.0,2.14
2026-07-17 11:00:00,108,1.9,29.6,68.0,2.53
2026-07-17 12:00:00,108,1.6,30.1,66.0,1.99
2026-07-17 13:00:00,108,2.9,29.9,65.0,1.05
2026-07-17 14:00:00,108,3.1,31.1,59.0,2.39
2026-07-17 15:00:00,108,2.5,31.7,53.0,2.53
2026-07-17 16:00:00,108,1.1,30.9,54.0,0.84
2026-07-17 17:00:00,108,2.3,30.5,57.0,0.56
2026-07-17 18:00:00,108,0.5,30.3,59.0,0.37
2026-07-17 19:00:00,108,2.3,29.8,70.0,0.17
2026-07-17 20:00:00,108,1.3,29.3,66.0,0.03
2026-07-17 21:00:00,108,1.2,28.6,71.0,None
2026-07-17 22:00:00,108,1.8,27.8,82.0,None
2026-07-17 23:00:00,108,2.1,26.9,85.0,None
2026-07-18 00:00:00,108,2.2,26.4,89.0,None
2026-07-18 01:00:00,108,2.1,26.1,94.0,None
2026-07-18 02:00:00,108,2.8,25.2,91.0,None
2026-07-18 03:00:00,108,3.0,24.4,94.0,None
2026-07-18 04:00:00,108,3.6,23.5,95.0,None
2026-07-18 05:00:00,108,4.8,20.9,94.0,None
2026-07-18 06:00:00,108,5.7,20.3,96.0,0.0
2026-07-18 07:00:00,108,5.6,19.8,97.0,0.01
2026-07-18 08:00:00,108,2.0,20.0,98.0,0.03
2026-07-18 09:00:00,108,3.0,20.3,97.0,0.04
2026-07-18 10:00:00,108,3.7,20.2,97.0,0.08
2026-07-18 11:00:00,108,3.6,20.9,96.0,0.29
2026-07-18 12:00:00,108,2.8,21.8,93.0,0.53
2026-07-18 13:00:00,108,3.1,23.8,87.0,1.66
2026-07-18 14:00:00,108,2.6,25.7,79.0,3.18
2026-07-18 15:00:00,108,2.4,27.5,75.0,3.25
2026-07-18 16:00:00,108,2.5,27.9,74.0,2.25
2026-07-18 17:00:00,108,1.8,27.8,73.0,1.01
2026-07-18 18:00:00,108,3.1,27.6,73.0,1.28
2026-07-18 19:00:00,108,2.5,26.1,80.0,0.15
2026-07-18 20:00:00,108,2.6,25.6,80.0,0.05
2026-07-18 21:00:00,108,2.2,25.2,82.0,None
2026-07-18 22:00:00,108,2.3,25.0,82.0,None
2026-07-18 23:00:00,108,2.0,24.9,81.0,None
2026-07-19 00:00:00,108,1.6,24.7,82.0,None
2026-07-19 01:00:00,108,2.2,24.3,82.0,None
2026-07-19 02:00:00,108,1.2,24.1,83.0,None
2026-07-19 03:00:00,108,1.2,23.9,83.0,None
2026-07-19 04:00:00,108,0.9,23.7,87.0,None
2026-07-19 05:00:00,108,0.4,23.5,89.0,None
2026-07-19 06:00:00,108,1.0,23.2,88.0,0.01
2026-07-19 07:00:00,108,1.3,23.5,87.0,0.28
2026-07-19 08:00:00,108,0.9,23.8,87.0,0.33
2026-07-19 09:00:00,108,1.7,24.9,83.0,1.05
2026-07-19 10:00:00,108,1.8,26.0,75.0,1.84
2026-07-19 11:00:00,108,2.4,27.2,71.0,2.52
2026-07-19 12:00:00,108,2.2,27.9,66.0,2.25
2026-07-19 13:00:00,108,2.9,28.3,64.0,2.36
2026-07-19 14:00:00,108,2.5,28.6,65.0,2.37
2026-07-19 15:00:00,108,3.0,28.9,60.0,2.31
2026-07-19 16:00:00,108,1.5,29.1,60.0,2.29
2026-07-19 17:00:00,108,2.1,28.8,60.0,1.23
2026-07-19 18:00:00,108,2.6,27.8,66.0,0.67
2026-07-19 19:00:00,108,2.9,26.6,71.0,0.33
2026-07-19 20:00:00,108,0.8,25.9,73.0,0.05
2026-07-19 21:00:00,108,1.3,25.5,77.0,None
2026-07-19 22:00:00,108,1.4,25.3,78.0,None
2026-07-19 23:00:00,108,0.8,25.2,80.0,None
2026-07-20 00:00:00,108,1.1,25.0,81.0,None
2026-07-20 01:00:00,108,0.8,24.7,82.0,None
2026-07-20 02:00:00,108,0.8,24.6,83.0,None
2026-07-20 03:00:00,108,0.3,24.4,83.0,None
2026-07-20 04:00:00,108,0.9,24.4,86.0,None
2026-07-20 05:00:00,108,0.7,24.3,86.0,None
2026-07-20 06:00:00,108,1.6,24.3,91.0,0.0
2026-07-20 07:00:00,108,1.1,24.1,93.0,0.03
2026-07-20 08:00:00,108,2.0,23.9,95.0,0.04
2026-07-20 09:00:00,108,1.1,23.9,94.0,0.09
2026-07-20 10:00:00,108,1.1,24.2,91.0,0.28
2026-07-20 11:00:00,108,2.3,24.0,93.0,0.35
2026-07-20 12:00:00,108,1.7,23.5,90.0,0.32
2026-07-20 13:00:00,108,1.6,23.6,93.0,0.42
2026-07-20 14:00:00,108,2.2,23.6,91.0,0.54
2026-07-20 15:00:00,108,3.1,24.3,88.0,0.73
2026-07-20 16:00:00,108,2.7,24.1,93.0,0.36
2026-07-20 17:00:00,108,2.9,24.2,90.0,0.47
2026-07-20 18:00:00,108,3.2,24.4,90.0,0.4
2026-07-20 19:00:00,108,2.8,24.4,90.0,0.31
2026-07-20 20:00:00,108,2.6,24.3,90.0,0.02
2026-07-20 21:00:00,108,2.1,24.3,92.0,None
2026-07-20 22:00:00,108,1.5,24.3,93.0,None
2026-07-20 23:00:00,108,1.2,24.5,92.0,None
2026-07-21 00:00:00,108,1.3,25.3,92.0,None
2026-07-21 01:00:00,108,2.0,25.6,90.0,None
2026-07-21 02:00:00,108,1.7,25.7,88.0,None
2026-07-21 03:00:00,108,2.0,25.7,89.0,None
2026-07-21 04:00:00,108,2.5,25.1,96.0,None
2026-07-21 05:00:00,108,0.8,24.9,95.0,None
2026-07-21 06:00:00,108,2.5,25.0,96.0,0.01
2026-07-21 07:00:00,108,1.8,25.2,92.0,0.08
2026-07-21 08:00:00,108,2.7,25.3,91.0,0.11
2026-07-21 09:00:00,108,2.3,25.6,89.0,0.13
2026-07-21 10:00:00,108,1.5,25.6,93.0,0.21
2026-07-21 11:00:00,108,2.9,25.5,91.0,0.19
2026-07-21 12:00:00,108,6.3,24.8,93.0,0.35
2026-07-21 13:00:00,108,2.6,24.3,97.0,0.19
2026-07-21 14:00:00,108,2.4,24.7,97.0,0.16
2026-07-21 15:00:00,108,2.6,25.1,97.0,0.3
2026-07-21 16:00:00,108,2.7,25.3,94.0,0.24
2026-07-21 17:00:00,108,2.8,25.4,94.0,0.32
2026-07-21 18:00:00,108,2.6,25.3,93.0,0.29
2026-07-21 19:00:00,108,2.3,25.2,92.0,0.07
2026-07-21 20:00:00,108,2.4,25.1,94.0,0.05
2026-07-21 21:00:00,108,1.8,24.9,92.0,None
2026-07-21 22:00:00,108,1.7,24.7,93.0,None
2026-07-21 23:00:00,108,1.9,24.7,92.0,None
2026-07-22 00:00:00,108,2.1,24.6,93.0,None
2026-07-22 01:00:00,108,1.6,24.3,93.0,None
2026-07-22 02:00:00,108,1.2,24.2,92.0,None
2026-07-22 03:00:00,108,0.8,24.1,92.0,None
2026-07-22 04:00:00,108,0.4,24.1,92.0,None
2026-07-22 05:00:00,108,0.4,23.8,93.0,None
2026-07-22 06:00:00,108,1.1,23.8,95.0,0.01
2026-07-22 07:00:00,108,0.9,24.0,94.0,0.12
2026-07-22 08:00:00,108,0.8,24.5,93.0,0.23
2026-07-22 09:00:00,108,1.3,25.3,91.0,0.54
2026-07-22 10:00:00,108,1.1,25.8,89.0,0.48
2026-07-22 11:00:00,108,1.3,26.3,87.0,0.61
2026-07-22 12:00:00,108,0.6,26.0,93.0,0.3
2026-07-22 13:00:00,108,1.2,26.2,94.0,0.36
2026-07-22 14:00:00,108,0.4,26.6,93.0,0.61
2026-07-22 15:00:00,108,1.7,27.0,90.0,0.72
2026-07-22 16:00:00,108,1.7,27.4,88.0,0.7
2026-07-22 17:00:00,108,2.0,27.6,85.0,0.61
2026-07-22 18:00:00,108,2.6,27.5,86.0,0.47
2026-07-22 19:00:00,108,2.5,27.2,86.0,0.25
2026-07-22 20:00:00,108,2.3,26.7,92.0,0.06
2026-07-22 21:00:00,108,1.2,26.1,94.0,None
2026-07-22 22:00:00,108,0.8,26.1,94.0,None
2026-07-22 23:00:00,108,2.2,26.0,93.0,None
2026-07-23 00:00:00,108,2.4,25.9,92.0,None
2026-07-23 01:00:00,108,2.0,25.8,91.0,None
2026-07-23 02:00:00,108,0.9,25.8,93.0,None
2026-07-23 03:00:00,108,0.9,25.8,93.0,None
2026-07-23 04:00:00,108,1.7,25.8,94.0,None
2026-07-23 05:00:00,108,1.1,25.7,92.0,None
2026-07-23 06:00:00,108,1.0,25.7,92.0,0.0
2026-07-23 07:00:00,108,1.8,25.7,94.0,0.04
2026-07-23 08:00:00,108,2.3,25.8,93.0,0.1
2026-07-23 09:00:00,108,3.6,26.4,92.0,0.62
2026-07-23 10:00:00,108,2.7,26.8,89.0,0.6
2026-07-23 11:00:00,108,2.5,27.7,85.0,1.04
2026-07-23 12:00:00,108,2.7,28.4,82.0,1.17
2026-07-23 13:00:00,108,4.7,28.9,78.0,1.25
2026-07-23 14:00:00,108,4.9,27.5,84.0,1.19
2026-07-23 15:00:00,108,4.3,28.5,82.0,1.93
2026-07-23 16:00:00,108,5.1,28.5,78.0,1.02
2026-07-23 17:00:00,108,3.5,28.1,81.0,0.53
2026-07-23 18:00:00,108,1.8,27.9,79.0,0.37
2026-07-23 19:00:00,108,1.7,27.8,83.0,0.31
2026-07-23 20:00:00,108,2.8,27.8,83.0,0.03
2026-07-23 21:00:00,108,4.0,27.5,84.0,None
2026-07-23 22:00:00,108,1.3,27.2,84.0,None
2026-07-23 23:00:00,108,3.3,27.0,83.0,None
2026-07-24 00:00:00,108,3.1,26.8,84.0,None
2026-07-24 01:00:00,108,3.7,26.6,86.0,None
2026-07-24 02:00:00,108,3.0,26.5,85.0,None
2026-07-24 03:00:00,108,1.9,26.4,84.0,None
2026-07-24 04:00:00,108,2.0,26.3,84.0,None
2026-07-24 05:00:00,108,2.2,26.2,86.0,None
2026-07-24 06:00:00,108,3.7,26.3,85.0,0.01
2026-07-24 07:00:00,108,3.7,26.4,85.0,0.13
2026-07-24 08:00:00,108,3.5,26.9,83.0,0.5
2026-07-24 09:00:00,108,2.7,27.3,80.0,0.62
2026-07-24 10:00:00,108,3.6,28.1,76.0,1.17
2026-07-24 11:00:00,108,4.0,28.7,74.0,1.32
2026-07-24 12:00:00,108,2.9,29.8,72.0,1.86
2026-07-24 13:00:00,108,4.5,30.6,66.0,2.72
2026-07-24 14:00:00,108,4.5,31.4,61.0,3.43
2026-07-24 15:00:00,108,3.9,32.0,60.0,3.03
2026-07-24 16:00:00,108,3.5,31.2,62.0,1.37
2026-07-24 17:00:00,108,2.4,30.8,64.0,0.62
2026-07-24 18:00:00,108,2.3,30.7,66.0,0.57
2026-07-24 19:00:00,108,2.0,30.1,68.0,0.46
2026-07-24 20:00:00,108,2.4,29.3,70.0,0.06
2026-07-24 21:00:00,108,1.8,28.5,73.0,None
2026-07-24 22:00:00,108,2.1,28.0,77.0,None
2026-07-24 23:00:00,108,1.8,27.3,81.0,None
2026-07-25 00:00:00,108,0.8,27.1,82.0,None
2026-07-25 01:00:00,108,1.0,27.0,84.0,None
2026-07-25 02:00:00,108,2.0,27.0,82.0,None
2026-07-25 03:00:00,108,1.2,26.9,82.0,None
2026-07-25 04:00:00,108,2.5,26.9,84.0,None
2026-07-25 05:00:00,108,1.9,26.8,84.0,None
2026-07-25 06:00:00,108,2.1,26.6,84.0,0.02
2026-07-25 07:00:00,108,2.0,26.8,83.0,0.24
2026-07-25 08:00:00,108,1.0,27.4,82.0,0.54
2026-07-25 09:00:00,108,3.2,28.1,77.0,0.86
2026-07-25 10:00:00,108,3.4,29.6,72.0,2.29
2026-07-25 11:00:00,108,3.9,30.3,67.0,2.4
2026-07-25 12:00:00,108,3.5,30.8,66.0,2.58
2026-07-25 13:00:00,108,3.6,30.9,66.0,2.15
2026-07-25 14:00:00,108,3.7,30.9,69.0,1.88
2026-07-25 15:00:00,108,3.8,30.8,65.0,1.6
2026-07-25 16:00:00,108,2.9,31.0,64.0,1.41
2026-07-25 17:00:00,108,2.9,30.6,67.0,1.05
2026-07-25 18:00:00,108,2.4,30.6,68.0,0.81
2026-07-25 19:00:00,108,2.4,29.9,70.0,0.35
2026-07-25 20:00:00,108,2.0,29.2,72.0,0.07
2026-07-25 21:00:00,108,2.4,28.6,76.0,None
2026-07-25 22:00:00,108,1.9,28.2,80.0,None
2026-07-25 23:00:00,108,1.6,27.9,80.0,None
2026-07-26 00:00:00,108,1.4,27.5,81.0,None
2026-07-26 01:00:00,108,1.7,27.4,82.0,None
2026-07-26 02:00:00,108,2.1,27.5,82.0,None
2026-07-26 03:00:00,108,2.5,27.2,82.0,None
2026-07-26 04:00:00,108,1.4,27.1,84.0,None
2026-07-26 05:00:00,108,1.6,27.0,84.0,None
2026-07-26 06:00:00,108,3.1,27.1,85.0,0.01
2026-07-26 07:00:00,108,2.7,26.9,87.0,0.06
2026-07-26 08:00:00,108,2.0,27.6,84.0,0.67
2026-07-26 09:00:00,108,2.7,28.6,79.0,1.3
2026-07-26 10:00:00,108,3.0,29.3,74.0,1.45
2026-07-26 11:00:00,108,3.2,30.9,69.0,2.5
2026-07-26 12:00:00,108,4.0,31.3,66.0,2.78
2026-07-26 13:00:00,108,2.8,31.7,64.0,2.76
2026-07-26 14:00:00,108,3.3,32.1,63.0,1.91
2026-07-26 15:00:00,108,3.8,32.3,62.0,2.59
2026-07-26 16:00:00,108,4.3,32.0,63.0,1.79
2026-07-26 17:00:00,108,3.6,31.0,66.0,0.8
2026-07-26 18:00:00,108,2.9,30.3,70.0,0.53
2026-07-26 19:00:00,108,2.2,29.9,71.0,0.38
2026-07-26 20:00:00,108,1.8,29.1,74.0,0.08
2026-07-26 21:00:00,108,2.0,28.6,78.0,None
2026-07-26 22:00:00,108,1.8,28.1,81.0,None
2026-07-26 23:00:00,108,1.5,27.9,80.0,None
2026-07-27 00:00:00,108,2.0,27.9,80.0,None
2026-07-27 01:00:00,108,2.8,27.8,79.0,None
2026-07-27 02:00:00,108,2.4,27.5,81.0,None
2026-07-27 03:00:00,108,1.7,27.5,82.0,None
2026-07-27 04:00:00,108,1.6,27.4,83.0,None
2026-07-27 05:00:00,108,2.3,27.3,84.0,None
2026-07-27 06:00:00,108,2.6,27.3,83.0,0.0
2026-07-27 07:00:00,108,1.8,27.3,84.0,0.14
2026-07-27 08:00:00,108,2.8,27.7,81.0,0.52
2026-07-27 09:00:00,108,2.3,28.6,78.0,1.08
2026-07-27 10:00:00,108,2.4,30.0,73.0,2.09
2026-07-27 11:00:00,108,2.9,30.4,70.0,1.9
2026-07-27 12:00:00,108,3.2,30.8,66.0,2.3
2026-07-27 13:00:00,108,2.7,31.2,66.0,1.92
2026-07-27 14:00:00,108,3.0,31.2,64.0,1.85
2026-07-27 15:00:00,108,3.6,31.0,63.0,1.67
2026-07-27 16:00:00,108,3.1,30.1,70.0,0.49
2026-07-27 17:00:00,108,3.6,29.9,69.0,1.05
2026-07-27 18:00:00,108,3.5,29.7,70.0,0.52
2026-07-27 19:00:00,108,3.1,29.1,72.0,0.22
2026-07-27 20:00:00,108,2.6,28.7,74.0,0.02
2026-07-27 21:00:00,108,2.9,28.3,77.0,None
2026-07-27 22:00:00,108,3.1,28.2,79.0,None
2026-07-27 23:00:00,108,2.6,28.0,80.0,None
2026-07-28 00:00:00,108,3.2,27.9,83.0,None
2026-07-28 01:00:00,108,2.1,27.8,84.0,None
2026-07-28 02:00:00,108,2.8,27.6,84.0,None
2026-07-28 03:00:00,108,2.8,27.4,84.0,None
2026-07-28 04:00:00,108,2.4,27.2,85.0,None
2026-07-28 05:00:00,108,2.5,26.9,87.0,None
2026-07-28 06:00:00,108,1.8,26.7,88.0,0.01
2026-07-28 07:00:00,108,1.6,27.0,87.0,0.32
2026-07-28 08:00:00,108,2.4,27.8,83.0,0.93
2026-07-28 09:00:00,108,1.7,28.4,79.0,1.14
2026-07-28 10:00:00,108,1.6,29.2,76.0,1.62
2026-07-28 11:00:00,108,2.1,30.3,70.0,2.47
2026-07-28 12:00:00,108,2.7,31.2,66.0,3.09
2026-07-28 13:00:00,108,2.9,32.0,64.0,2.7
2026-07-28 14:00:00,108,3.4,32.2,63.0,2.88
2026-07-28 15:00:00,108,3.8,32.6,65.0,2.66
2026-07-28 16:00:00,108,2.5,31.7,66.0,1.65
2026-07-28 17:00:00,108,3.5,31.0,67.0,1.18
2026-07-28 18:00:00,108,3.0,30.7,69.0,1.04
2026-07-28 19:00:00,108,3.1,29.7,73.0,0.41
2026-07-28 20:00:00,108,2.6,28.5,78.0,0.05
2026-07-28 21:00:00,108,2.6,27.9,81.0,None
2026-07-28 22:00:00,108,2.6,27.3,83.0,None
2026-07-28 23:00:00,108,2.4,27.1,83.0,None
2026-07-29 00:00:00,108,3.3,26.9,85.0,None
2026-07-29 01:00:00,108,2.7,26.8,85.0,None
2026-07-29 02:00:00,108,2.0,26.8,86.0,None
2026-07-29 03:00:00,108,2.6,26.7,85.0,None
2026-07-29 04:00:00,108,2.2,26.5,84.0,None
2026-07-29 05:00:00,108,2.4,26.4,84.0,None
2026-07-29 06:00:00,108,2.6,26.2,82.0,0.02
2026-07-29 07:00:00,108,2.2,26.3,84.0,0.24
2026-07-29 08:00:00,108,2.1,26.9,81.0,0.71
2026-07-29 09:00:00,108,3.1,28.0,77.0,1.45
2026-07-29 10:00:00,108,3.0,28.8,74.0,1.87
2026-07-29 11:00:00,108,3.1,29.9,69.0,2.56
2026-07-29 12:00:00,108,2.2,30.9,67.0,2.95
2026-07-29 13:00:00,108,3.5,31.8,63.0,3.41
2026-07-29 14:00:00,108,3.5,32.3,60.0,3.54
2026-07-29 15:00:00,108,4.3,32.3,59.0,3.12
2026-07-29 16:00:00,108,4.0,31.9,59.0,2.74
2026-07-29 17:00:00,108,4.1,31.2,62.0,2.11
2026-07-29 18:00:00,108,3.6,30.4,63.0,1.38
2026-07-29 19:00:00,108,2.5,29.0,70.0,0.61
2026-07-29 20:00:00,108,3.0,27.8,76.0,0.07
2026-07-29 21:00:00,108,2.4,27.3,81.0,None
2026-07-29 22:00:00,108,2.6,27.0,82.0,None
2026-07-29 23:00:00,108,2.5,26.6,84.0,None
2026-07-30 00:00:00,108,3.9,26.4,85.0,None
2026-07-30 01:00:00,108,2.5,26.2,85.0,None
2026-07-30 02:00:00,108,2.2,26.1,84.0,None
2026-07-30 03:00:00,108,2.5,25.8,86.0,None
2026-07-30 04:00:00,108,1.6,25.7,87.0,None
2026-07-30 05:00:00,108,1.6,25.6,87.0,None
2026-07-30 06:00:00,108,1.7,25.3,86.0,0.01
2026-07-30 07:00:00,108,1.8,25.6,84.0,0.19
2026-07-30 08:00:00,108,1.5,26.6,81.0,0.59
2026-07-30 09:00:00,108,2.8,27.4,76.0,1.23
2026-07-30 10:00:00,108,3.1,28.7,71.0,1.82
2026-07-30 11:00:00,108,2.5,29.5,69.0,2.08
2026-07-30 12:00:00,108,2.2,30.2,68.0,1.68
2026-07-30 13:00:00,108,2.6,30.4,65.0,1.87
2026-07-30 14:00:00,108,3.0,31.6,62.0,2.82
2026-07-30 15:00:00,108,3.3,32.2,59.0,2.87
2026-07-30 16:00:00,108,3.1,32.5,57.0,2.5
2026-07-30 17:00:00,108,2.4,32.3,58.0,2.06
2026-07-30 18:00:00,108,2.6,31.6,56.0,1.41
2026-07-30 19:00:00,108,2.5,30.3,61.0,0.6
2026-07-30 20:00:00,108,2.6,28.9,69.0,0.06
2026-07-30 21:00:00,108,2.8,27.6,73.0,None
2026-07-30 22:00:00,108,1.8,27.2,78.0,None
2026-07-30 23:00:00,108,1.3,26.9,80.0,None
2026-07-31 00:00:00,108,1.5,26.5,81.0,None
2026-07-31 01:00:00,108,2.1,26.2,82.0,None
2026-07-31 02:00:00,108,2.2,26.0,87.0,None
2026-07-31 03:00:00,108,1.9,25.9,87.0,None
2026-07-31 04:00:00,108,2.1,26.0,86.0,None
2026-07-31 05:00:00,108,1.9,25.9,86.0,None
2026-07-31 06:00:00,108,1.3,25.9,87.0,0.0
2026-07-31 07:00:00,108,1.9,26.1,86.0,0.28
2026-07-31 08:00:00,108,1.7,27.0,81.0,0.86
2026-07-31 09:00:00,108,1.6,28.8,75.0,1.72
2026-07-31 10:00:00,108,1.9,29.4,72.0,1.83
2026-07-31 11:00:00,108,2.0,30.1,70.0,1.62
2026-07-31 12:00:00,108,2.8,31.0,66.0,1.9
2026-07-31 13:00:00,108,3.4,31.6,68.0,1.48
2026-07-31 14:00:00,108,2.7,31.9,65.0,1.86
2026-07-31 15:00:00,108,3.3,32.1,64.0,1.54
2026-07-31 16:00:00,108,3.3,31.9,68.0,1.03
2026-07-31 17:00:00,108,3.1,31.9,70.0,1.25
2026-07-31 18:00:00,108,3.7,31.5,70.0,0.96
2026-07-31 19:00:00,108,3.3,30.7,70.0,0.39
2026-07-31 20:00:00,108,2.0,30.1,73.0,0.06
2026-07-31 21:00:00,108,3.0,29.4,77.0,None
2026-07-31 22:00:00,108,1.9,29.0,78.0,None
2026-07-31 23:00:00,108,3.1,28.7,80.0,None
2026-08-01 00:00:00,108,2.7,28.5,81.0,None
2026-08-01 01:00:00,108,1.9,28.5,82.0,None
2026-08-01 02:00:00,108,2.5,28.2,84.0,None
2026-08-01 03:00:00,108,1.7,28.0,85.0,None
2026-08-01 04:00:00,108,2.4,27.7,84.0,None
2026-08-01 05:00:00,108,2.0,27.5,83.0,None
2026-08-01 06:00:00,108,1.8,27.4,85.0,0.01
2026-08-01 07:00:00,108,2.4,27.7,85.0,0.18
2026-08-01 08:00:00,108,2.2,28.0,84.0,0.25
2026-08-01 09:00:00,108,2.6,28.6,83.0,0.54
2026-08-01 10:00:00,108,2.7,29.3,81.0,0.68
2026-08-01 11:00:00,108,2.7,30.0,77.0,1.02
2026-08-01 12:00:00,108,2.3,31.2,76.0,1.76
2026-08-01 13:00:00,108,2.6,32.4,70.0,2.65
2026-08-01 14:00:00,108,3.1,33.6,64.0,3.43
2026-08-01 15:00:00,108,3.4,33.8,62.0,2.63
2026-08-01 16:00:00,108,3.1,33.6,61.0,2.33
2026-08-01 17:00:00,108,3.2,33.4,62.0,1.85
2026-08-01 18:00:00,108,3.3,32.8,65.0,1.12
2026-08-01 19:00:00,108,3.3,31.5,70.0,0.34
2026-08-01 20:00:00,108,3.1,30.2,72.0,0.06
2026-08-01 21:00:00,108,2.8,29.5,75.0,None
2026-08-01 22:00:00,108,2.3,29.0,79.0,None
2026-08-01 23:00:00,108,1.5,28.8,81.0,None
2026-08-02 00:00:00,108,1.9,28.4,84.0,None
2026-08-02 01:00:00,108,1.4,28.0,85.0,None
2026-08-02 02:00:00,108,1.5,28.0,85.0,None
2026-08-02 03:00:00,108,1.4,28.0,84.0,None
2026-08-02 04:00:00,108,1.6,27.6,84.0,None
2026-08-02 05:00:00,108,2.0,27.6,85.0,None
2026-08-02 06:00:00,108,2.5,27.6,84.0,0.0
2026-08-02 07:00:00,108,2.0,27.8,84.0,0.28
2026-08-02 08:00:00,108,1.5,28.4,82.0,0.59
2026-08-02 09:00:00,108,2.0,29.2,76.0,0.98
2026-08-02 10:00:00,108,2.1,30.7,70.0,2.41
2026-08-02 11:00:00,108,2.4,31.9,64.0,2.76
2026-08-02 12:00:00,108,2.8,32.7,59.0,3.02
2026-08-02 13:00:00,108,2.8,33.8,54.0,3.51
2026-08-02 14:00:00,108,2.7,34.3,54.0,2.97
2026-08-02 15:00:00,108,3.3,34.6,56.0,2.98
2026-08-02 16:00:00,108,3.5,33.8,57.0,2.05
2026-08-02 17:00:00,108,3.9,33.8,57.0,2.02
2026-08-02 18:00:00,108,3.2,33.3,53.0,1.31
2026-08-02 19:00:00,108,3.3,31.8,56.0,0.52
2026-08-02 20:00:00,108,2.3,30.5,57.0,0.05
2026-08-02 21:00:00,108,1.7,29.7,61.0,None
2026-08-02 22:00:00,108,2.2,29.3,63.0,None
2026-08-02 23:00:00,108,1.4,28.8,64.0,None
2026-08-03 00:00:00,108,0.8,28.3,65.0,None
2026-08-03 01:00:00,108,1.3,27.8,68.0,None
2026-08-03 02:00:00,108,1.1,27.4,67.0,None
2026-08-03 03:00:00,108,0.6,27.2,70.0,None
2026-08-03 04:00:00,108,0.8,27.0,71.0,None
2026-08-03 05:00:00,108,1.3,26.5,74.0,None
2026-08-03 06:00:00,108,0.8,26.6,78.0,0.01
2026-08-03 07:00:00,108,0.9,26.9,76.0,0.32
2026-08-03 08:00:00,108,1.1,28.6,72.0,0.94
2026-08-03 09:00:00,108,1.3,30.3,69.0,1.66
2026-08-03 10:00:00,108,1.8,31.0,68.0,1.57
2026-08-03 11:00:00,108,1.8,32.5,61.0,1.84
2026-08-03 12:00:00,108,2.2,33.6,58.0,1.91
2026-08-03 13:00:00,108,1.4,34.4,55.0,2.54
2026-08-03 14:00:00,108,2.1,36.0,49.0,3.44
2026-08-03 15:00:00,108,3.3,36.3,53.0,2.17
2026-08-03 16:00:00,108,2.7,35.4,57.0,1.37
2026-08-03 17:00:00,108,2.0,36.1,54.0,1.86
2026-08-03 18:00:00,108,3.7,35.1,58.0,1.15
2026-08-03 19:00:00,108,3.2,34.2,58.0,0.51
2026-08-03 20:00:00,108,3.6,33.0,66.0,0.06
2026-08-03 21:00:00,108,1.7,32.2,73.0,None
2026-08-03 22:00:00,108,3.3,31.4,76.0,None
2026-08-03 23:00:00,108,2.1,30.9,77.0,None
2026-08-04 00:00:00,108,1.5,30.4,79.0,None
2026-08-04 01:00:00,108,1.2,30.0,80.0,None
2026-08-04 02:00:00,108,0.8,29.7,81.0,None
2026-08-04 03:00:00,108,2.1,29.3,80.0,None
2026-08-04 04:00:00,108,2.5,29.3,74.0,None
2026-08-04 05:00:00,108,2.4,29.1,75.0,None
2026-08-04 06:00:00,108,2.6,29.0,73.0,0.01
2026-08-04 07:00:00,108,2.7,29.1,73.0,0.24
2026-08-04 08:00:00,108,2.4,30.2,71.0,0.71
2026-08-04 09:00:00,108,3.1,31.7,67.0,1.53
2026-08-04 10:00:00,108,2.2,32.8,64.0,2.0
2026-08-04 11:00:00,108,1.6,33.1,65.0,1.77
2026-08-04 12:00:00,108,1.4,34.7,61.0,2.58
2026-08-04 13:00:00,108,1.6,35.6,60.0,2.48
2026-08-04 14:00:00,108,1.2,34.9,57.0,1.06
2026-08-04 15:00:00,108,2.6,36.2,56.0,2.08
2026-08-04 16:00:00,108,1.8,36.4,55.0,1.96
2026-08-04 17:00:00,108,3.8,35.9,58.0,1.33
2026-08-04 18:00:00,108,3.9,35.3,58.0,1.09
2026-08-04 19:00:00,108,3.4,34.5,59.0,0.45
2026-08-04 20:00:00,108,3.0,33.7,61.0,0.07
2026-08-04 21:00:00,108,2.5,33.2,63.0,None
2026-08-04 22:00:00,108,0.9,32.7,64.0,None
2026-08-04 23:00:00,108,2.0,32.2,68.0,None
2026-08-05 00:00:00,108,2.9,31.7,68.0,None
2026-08-05 01:00:00,108,0.7,31.2,72.0,None
2026-08-05 02:00:00,108,1.4,30.8,75.0,None
2026-08-05 03:00:00,108,1.9,30.4,74.0,None
2026-08-05 04:00:00,108,1.0,29.9,75.0,None
2026-08-05 05:00:00,108,1.6,29.4,77.0,None
2026-08-05 06:00:00,108,1.5,29.1,77.0,0.01
2026-08-05 07:00:00,108,1.0,29.3,76.0,0.3
2026-08-05 08:00:00,108,2.6,30.6,74.0,0.9
2026-08-05 09:00:00,108,2.1,31.6,69.0,1.39
2026-08-05 10:00:00,108,1.3,33.1,64.0,2.28
2026-08-05 11:00:00,108,2.2,34.2,57.0,2.77
2026-08-05 12:00:00,108,2.4,35.4,58.0,3.51
2026-08-05 13:00:00,108,0.8,35.1,56.0,1.95
2026-08-05 14:00:00,108,1.9,36.4,54.0,1.96
2026-08-05 15:00:00,108,2.2,36.4,53.0,1.76
2026-08-05 16:00:00,108,2.0,35.9,54.0,0.98
2026-08-05 17:00:00,108,2.4,36.8,55.0,1.68
2026-08-05 18:00:00,108,2.0,35.5,58.0,0.57
2026-08-05 19:00:00,108,2.6,34.3,63.0,0.42
2026-08-05 20:00:00,108,1.1,33.0,68.0,0.06
2026-08-05 21:00:00,108,1.6,32.4,72.0,None
2026-08-05 22:00:00,108,1.9,32.0,75.0,None
2026-08-05 23:00:00,108,1.0,31.7,76.0,None
2026-08-06 00:00:00,108,2.2,31.4,78.0,None
2026-08-06 01:00:00,108,0.5,31.0,78.0,None
2026-08-06 02:00:00,108,2.1,30.4,78.0,None
2026-08-06 03:00:00,108,1.7,30.2,75.0,None
2026-08-06 04:00:00,108,2.3,29.8,67.0,None
2026-08-06 05:00:00,108,2.3,29.4,67.0,None
2026-08-06 06:00:00,108,2.2,29.1,68.0,0.01
2026-08-06 07:00:00,108,2.9,29.2,71.0,0.35
2026-08-06 08:00:00,108,2.9,30.5,70.0,0.93
2026-08-06 09:00:00,108,2.5,32.0,65.0,1.69
2026-08-06 10:00:00,108,2.5,33.1,65.0,1.9
2026-08-06 11:00:00,108,2.0,33.9,59.0,2.0
2026-08-06 12:00:00,108,2.2,34.3,56.0,2.14
2026-08-06 13:00:00,108,1.3,35.2,50.0,2.27
2026-08-06 14:00:00,108,2.4,36.0,43.0,2.47
2026-08-06 15:00:00,108,2.5,37.4,38.0,3.11
2026-08-06 16:00:00,108,1.9,37.8,39.0,2.62
2026-08-06 17:00:00,108,1.4,37.7,38.0,1.89
2026-08-06 18:00:00,108,2.4,36.5,54.0,1.19
2026-08-06 19:00:00,108,2.6,34.6,60.0,0.43
2026-08-06 20:00:00,108,2.8,33.2,65.0,0.04
2026-08-06 21:00:00,108,1.2,32.6,67.0,None
2026-08-06 22:00:00,108,2.1,32.1,70.0,None
2026-08-06 23:00:00,108,0.2,31.7,72.0,None
2026-08-07 00:00:00,108,0.5,31.4,73.0,None
2026-08-07 01:00:00,108,1.0,31.1,75.0,None
2026-08-07 02:00:00,108,1.5,30.8,70.0,None
2026-08-07 03:00:00,108,1.8,30.3,69.0,None
2026-08-07 04:00:00,108,2.1,29.7,70.0,None
2026-08-07 05:00:00,108,2.1,29.1,71.0,None
2026-08-07 06:00:00,108,1.7,28.7,73.0,0.0
2026-08-07 07:00:00,108,2.4,29.0,72.0,0.3
2026-08-07 08:00:00,108,2.5,30.5,67.0,0.91
2026-08-07 09:00:00,108,2.3,32.3,61.0,1.66
2026-08-07 10:00:00,108,3.0,33.9,55.0,2.27
2026-08-07 11:00:00,108,1.6,35.0,51.0,2.67
2026-08-07 12:00:00,108,0.9,34.7,50.0,1.54
2026-08-07 13:00:00,108,1.1,35.3,49.0,1.21
2026-08-07 14:00:00,108,2.4,37.1,47.0,2.97
2026-08-07 15:00:00,108,3.1,37.6,46.0,3.0
2026-08-07 16:00:00,108,1.6,37.5,46.0,2.3
2026-08-07 17:00:00,108,3.2,37.2,48.0,1.76
2026-08-07 18:00:00,108,3.2,36.4,51.0,0.91
2026-08-07 19:00:00,108,3.3,35.0,57.0,0.47
2026-08-07 20:00:00,108,3.2,33.8,59.0,0.05
2026-08-07 21:00:00,108,1.2,33.2,60.0,None
2026-08-07 22:00:00,108,0.4,32.5,60.0,None
2026-08-07 23:00:00,108,0.8,32.0,59.0,None
2026-08-08 00:00:00,108,1.1,31.3,61.0,None
2026-08-08 01:00:00,108,1.9,30.9,65.0,None
2026-08-08 02:00:00,108,2.6,30.7,67.0,None
2026-08-08 03:00:00,108,2.9,30.2,66.0,None
2026-08-08 04:00:00,108,2.7,29.7,69.0,None
2026-08-08 05:00:00,108,3.0,29.6,67.0,None
2026-08-08 06:00:00,108,4.6,29.2,64.0,0.0
2026-08-08 07:00:00,108,4.7,29.2,65.0,0.29
2026-08-08 08:00:00,108,3.9,30.5,62.0,0.92
2026-08-08 09:00:00,108,3.0,32.0,57.0,1.73
2026-08-08 10:00:00,108,3.6,33.5,54.0,2.43
2026-08-08 11:00:00,108,3.6,34.7,50.0,3.1
2026-08-08 12:00:00,108,3.8,35.3,50.0,3.2
2026-08-08 13:00:00,108,3.5,36.2,48.0,3.19
2026-08-08 14:00:00,108,3.9,36.7,47.0,3.22
2026-08-08 15:00:00,108,4.3,36.4,46.0,3.11
2026-08-08 16:00:00,108,4.4,35.6,45.0,2.62
2026-08-08 17:00:00,108,4.6,34.3,48.0,1.99
2026-08-08 18:00:00,108,5.2,32.7,51.0,1.34
2026-08-08 19:00:00,108,4.4,30.9,54.0,0.44
2026-08-08 20:00:00,108,4.2,29.3,57.0,0.03
2026-08-08 21:00:00,108,4.8,28.0,58.0,None
2026-08-08 22:00:00,108,4.9,27.1,60.0,None
2026-08-08 23:00:00,108,4.0,26.3,62.0,None
2026-08-09 00:00:00,108,4.0,25.7,62.0,None
2026-08-09 01:00:00,108,3.5,25.3,64.0,None
2026-08-09 02:00:00,108,3.8,25.0,63.0,None
2026-08-09 03:00:00,108,3.5,24.7,65.0,None
2026-08-09 04:00:00,108,3.7,24.8,64.0,None
2026-08-09 05:00:00,108,2.7,24.8,62.0,None
2026-08-09 06:00:00,108,2.8,24.6,62.0,0.0
2026-08-09 07:00:00,108,3.7,25.3,58.0,0.3
2026-08-09 08:00:00,108,3.1,26.9,56.0,0.89
2026-08-09 09:00:00,108,4.6,28.2,55.0,1.57
2026-08-09 10:00:00,108,5.5,29.6,55.0,2.06
2026-08-09 11:00:00,108,5.0,29.8,54.0,2.14
2026-08-09 12:00:00,108,4.9,29.9,54.0,1.77
2026-08-09 13:00:00,108,4.2,30.7,54.0,1.83
2026-08-09 14:00:00,108,3.9,31.6,52.0,2.31
2026-08-09 15:00:00,108,4.4,31.4,53.0,1.7
2026-08-09 16:00:00,108,4.1,31.4,52.0,1.82
2026-08-09 17:00:00,108,5.2,30.2,55.0,1.16
2026-08-09 18:00:00,108,4.7,29.2,57.0,0.67
2026-08-09 19:00:00,108,4.9,28.6,58.0,0.46
2026-08-09 20:00:00,108,4.1,27.8,60.0,0.03
2026-08-09 21:00:00,108,3.3,27.2,61.0,None
2026-08-09 22:00:00,108,4.0,26.8,63.0,None
2026-08-09 23:00:00,108,4.0,26.3,64.0,None
2026-08-10 00:00:00,108,4.1,25.8,64.0,None
2026-08-10 01:00:00,108,4.6,25.5,66.0,None
2026-08-10 02:00:00,108,3.0,25.3,67.0,None
2026-08-10 03:00:00,108,2.7,25.2,67.0,None
2026-08-10 04:00:00,108,3.2,25.1,69.0,None
2026-08-10 05:00:00,108,3.0,24.8,70.0,None
2026-08-10 06:00:00,108,3.0,24.9,70.0,0.0
2026-08-10 07:00:00,108,3.2,25.2,68.0,0.26
2026-08-10 08:00:00,108,3.1,26.1,66.0,0.6
2026-08-10 09:00:00,108,3.2,27.3,63.0,0.94
2026-08-10 10:00:00,108,3.7,28.5,58.0,1.89
2026-08-10 11:00:00,108,3.1,30.4,53.0,2.66
2026-08-10 12:00:00,108,3.1,31.4,51.0,2.94
2026-08-10 13:00:00,108,2.0,32.9,47.0,2.99
2026-08-10 14:00:00,108,2.1,33.3,43.0,2.61
2026-08-10 15:00:00,108,2.5,34.2,43.0,2.74
2026-08-10 16:00:00,108,1.6,34.0,44.0,2.06
2026-08-10 17:00:00,108,3.4,32.9,47.0,1.1
2026-08-10 18:00:00,108,2.1,32.4,48.0,0.47
2026-08-10 19:00:00,108,2.4,31.6,51.0,0.31
2026-08-10 20:00:00,108,2.0,30.5,54.0,0.04
2026-08-10 21:00:00,108,2.4,29.9,57.0,None
2026-08-10 22:00:00,108,2.8,29.5,58.0,None
2026-08-10 23:00:00,108,2.8,28.7,63.0,None
2026-08-11 00:00:00,108,2.8,27.7,62.0,None
2026-08-11 01:00:00,108,3.6,26.8,61.0,None
2026-08-11 02:00:00,108,3.3,26.2,61.0,None
2026-08-11 03:00:00,108,3.0,25.5,63.0,None
2026-08-11 04:00:00,108,3.5,24.8,65.0,None
2026-08-11 05:00:00,108,4.1,24.4,65.0,None
2026-08-11 06:00:00,108,2.0,24.2,68.0,0.01
2026-08-11 07:00:00,108,3.2,24.4,69.0,0.16
2026-08-11 08:00:00,108,3.9,25.2,64.0,0.5
2026-08-11 09:00:00,108,4.5,26.7,59.0,1.31
2026-08-11 10:00:00,108,1.8,28.3,55.0,2.16
2026-08-11 11:00:00,108,2.9,29.9,51.0,2.79
2026-08-11 12:00:00,108,2.8,31.3,48.0,3.08
2026-08-11 13:00:00,108,3.8,32.4,43.0,3.48
2026-08-11 14:00:00,108,4.2,33.1,41.0,3.45
2026-08-11 15:00:00,108,3.4,34.3,41.0,3.26
2026-08-11 16:00:00,108,3.7,33.9,41.0,2.19
2026-08-11 17:00:00,108,2.9,33.3,43.0,1.81
2026-08-11 18:00:00,108,4.3,31.7,47.0,0.95
2026-08-11 19:00:00,108,4.0,29.5,50.0,0.45
2026-08-11 20:00:00,108,2.9,27.8,55.0,0.03
2026-08-11 21:00:00,108,3.0,26.8,57.0,None
2026-08-11 22:00:00,108,3.4,25.9,60.0,None
2026-08-11 23:00:00,108,4.4,25.1,61.0,None
2026-08-12 00:00:00,108,4.1,24.4,60.0,None
2026-08-12 01:00:00,108,4.7,23.6,58.0,None
2026-08-12 02:00:00,108,3.9,23.1,58.0,None
2026-08-12 03:00:00,108,3.8,22.5,58.0,None
2026-08-12 04:00:00,108,3.1,22.2,60.0,None
2026-08-12 05:00:00,108,2.6,21.9,61.0,None
2026-08-12 06:00:00,108,2.3,21.5,62.0,0.0
2026-08-12 07:00:00,108,4.1,22.0,59.0,0.33
2026-08-12 08:00:00,108,4.1,23.9,53.0,0.99
2026-08-12 09:00:00,108,3.6,25.4,49.0,1.8
2026-08-12 10:00:00,108,5.0,26.7,46.0,2.43
2026-08-12 11:00:00,108,3.7,28.2,44.0,3.02
2026-08-12 12:00:00,108,3.7,29.3,43.0,3.39
2026-08-12 13:00:00,108,4.0,30.7,42.0,3.52
2026-08-12 14:00:00,108,4.0,31.1,42.0,3.44
2026-08-12 15:00:00,108,3.6,31.9,42.0,3.13
2026-08-12 16:00:00,108,4.9,31.5,43.0,2.66
2026-08-12 17:00:00,108,3.2,31.4,44.0,1.99
2026-08-12 18:00:00,108,3.7,30.2,47.0,1.25
2026-08-12 19:00:00,108,4.7,28.8,50.0,0.53
2026-08-12 20:00:00,108,4.2,27.6,54.0,0.02
2026-08-12 21:00:00,108,3.3,26.9,56.0,None
2026-08-12 22:00:00,108,2.9,26.1,59.0,None
2026-08-12 23:00:00,108,2.8,25.5,62.0,None
2026-08-13 00:00:00,108,3.1,24.4,64.0,None
2026-08-13 01:00:00,108,2.7,23.8,68.0,None
2026-08-13 02:00:00,108,2.3,23.3,68.0,None
2026-08-13 03:00:00,108,2.4,22.8,69.0,None
2026-08-13 04:00:00,108,2.5,22.4,71.0,None
2026-08-13 05:00:00,108,1.9,22.2,72.0,None
2026-08-13 06:00:00,108,1.7,22.1,74.0,0.01
2026-08-13 07:00:00,108,2.5,22.9,73.0,0.22
2026-08-13 08:00:00,108,1.9,23.8,71.0,0.44
2026-08-13 09:00:00,108,2.0,25.8,65.0,1.16
2026-08-13 10:00:00,108,2.5,27.6,59.0,1.97
2026-08-13 11:00:00,108,1.8,29.1,55.0,2.16
2026-08-13 12:00:00,108,2.6,31.0,49.0,3.28
2026-08-13 13:00:00,108,2.9,31.8,48.0,2.47
2026-08-13 14:00:00,108,3.5,31.7,47.0,2.04
2026-08-13 15:00:00,108,3.0,31.5,49.0,1.21
2026-08-13 16:00:00,108,2.9,31.3,49.0,1.23
2026-08-13 17:00:00,108,2.7,31.2,50.0,1.26
2026-08-13 18:00:00,108,3.3,31.2,51.0,1.21
2026-08-13 19:00:00,108,3.6,30.2,53.0,0.34
2026-08-13 20:00:00,108,2.6,28.7,57.0,0.03
2026-08-13 21:00:00,108,1.6,27.7,60.0,None
2026-08-13 22:00:00,108,2.2,27.0,63.0,None
2026-08-13 23:00:00,108,1.4,26.3,65.0,None
2026-08-14 00:00:00,108,2.5,25.9,66.0,None
2026-08-14 01:00:00,108,1.8,25.5,67.0,None
2026-08-14 02:00:00,108,2.4,25.3,68.0,None
2026-08-14 03:00:00,108,2.2,25.1,68.0,None
2026-08-14 04:00:00,108,2.3,25.0,71.0,None
2026-08-14 05:00:00,108,2.1,24.9,72.0,None
2026-08-14 06:00:00,108,2.2,24.8,72.0,0.0
2026-08-14 07:00:00,108,2.1,24.9,71.0,0.14
2026-08-14 08:00:00,108,1.9,25.9,70.0,0.45
2026-08-14 09:00:00,108,1.7,27.1,65.0,0.84
2026-08-14 10:00:00,108,2.0,29.1,58.0,1.82
2026-08-14 11:00:00,108,2.0,31.1,52.0,2.56
2026-08-14 12:00:00,108,1.3,31.3,50.0,2.22
2026-08-14 13:00:00,108,1.8,31.5,51.0,1.37
2026-08-14 14:00:00,108,1.9,30.9,52.0,0.56
2026-08-14 15:00:00,108,1.8,31.2,54.0,0.64
2026-08-14 16:00:00,108,2.9,30.9,56.0,0.92
2026-08-14 17:00:00,108,2.3,30.6,58.0,0.43
2026-08-14 18:00:00,108,0.3,30.4,57.0,0.28
2026-08-14 19:00:00,108,2.5,28.5,74.0,0.15
2026-08-14 20:00:00,108,1.7,26.7,81.0,0.0
2026-08-14 21:00:00,108,2.2,26.4,83.0,None
2026-08-14 22:00:00,108,1.4,26.2,82.0,None
2026-08-14 23:00:00,108,1.2,26.2,83.0,None
2026-08-15 00:00:00,108,1.4,26.0,84.0,None
2026-08-15 01:00:00,108,1.5,26.0,81.0,None
2026-08-15 02:00:00,108,1.0,26.0,82.0,None
2026-08-15 03:00:00,108,1.5,25.8,82.0,None
2026-08-15 04:00:00,108,1.5,25.7,79.0,None
2026-08-15 05:00:00,108,1.1,25.5,81.0,None
2026-08-15 06:00:00,108,2.3,25.3,82.0,0.0
2026-08-15 07:00:00,108,2.0,25.3,79.0,0.05
2026-08-15 08:00:00,108,1.3,25.6,79.0,0.21
2026-08-15 09:00:00,108,2.0,26.2,77.0,0.45
2026-08-15 10:00:00,108,2.0,27.1,75.0,0.76
2026-08-15 11:00:00,108,2.6,27.2,74.0,0.66
2026-08-15 12:00:00,108,2.5,27.3,75.0,0.74
2026-08-15 13:00:00,108,3.3,28.3,74.0,1.13
2026-08-15 14:00:00,108,2.9,29.3,67.0,1.78
2026-08-15 15:00:00,108,2.8,28.3,72.0,0.37
2026-08-15 16:00:00,108,1.8,26.6,86.0,0.28
2026-08-15 17:00:00,108,2.0,25.6,85.0,0.28
2026-08-15 18:00:00,108,1.2,25.2,84.0,0.22
2026-08-15 19:00:00,108,1.9,25.2,85.0,0.07
2026-08-15 20:00:00,108,0.4,25.2,85.0,0.01
2026-08-15 21:00:00,108,0.6,25.3,84.0,None
2026-08-15 22:00:00,108,2.3,25.3,85.0,None
2026-08-15 23:00:00,108,1.3,25.4,85.0,None
2026-08-16 00:00:00,108,2.0,25.4,84.0,None
2026-08-16 01:00:00,108,1.8,25.4,85.0,None
2026-08-16 02:00:00,108,1.2,25.4,85.0,None
2026-08-16 03:00:00,108,1.2,24.3,90.0,None
2026-08-16 04:00:00,108,1.0,24.1,94.0,None
2026-08-16 05:00:00,108,2.8,23.2,91.0,None
2026-08-16 06:00:00,108,1.2,22.9,91.0,0.0
2026-08-16 07:00:00,108,2.0,22.7,95.0,0.05
2026-08-16 08:00:00,108,3.3,22.7,93.0,0.22
2026-08-16 09:00:00,108,2.8,23.3,91.0,0.47
2026-08-16 10:00:00,108,2.6,23.8,89.0,0.52
2026-08-16 11:00:00,108,2.8,24.2,91.0,0.57
2026-08-16 12:00:00,108,2.6,24.5,90.0,0.73
2026-08-16 13:00:00,108,2.2,24.3,91.0,0.65
2026-08-16 14:00:00,108,2.9,24.0,90.0,0.34
2026-08-16 15:00:00,108,2.4,24.5,91.0,0.6
2026-08-16 16:00:00,108,2.7,24.8,84.0,0.84
2026-08-16 17:00:00,108,3.2,24.7,86.0,0.53
2026-08-16 18:00:00,108,3.4,24.8,85.0,0.62
2026-08-16 19:00:00,108,3.4,24.5,85.0,0.17
2026-08-16 20:00:00,108,3.0,24.4,85.0,0.01
2026-08-16 21:00:00,108,3.4,24.1,87.0,None
2026-08-16 22:00:00,108,2.7,24.2,85.0,None
2026-08-16 23:00:00,108,1.9,24.2,84.0,None
2026-08-17 00:00:00,108,2.3,24.0,85.0,None
2026-08-17 01:00:00,108,2.2,23.8,87.0,None
2026-08-17 02:00:00,108,2.1,23.8,85.0,None
2026-08-17 03:00:00,108,2.0,23.8,84.0,None
2026-08-17 04:00:00,108,2.2,23.7,85.0,None
2026-08-17 05:00:00,108,2.3,23.7,86.0,None
2026-08-17 06:00:00,108,2.1,23.8,83.0,0.0
2026-08-17 07:00:00,108,1.8,23.8,84.0,0.05
2026-08-17 08:00:00,108,2.4,24.0,85.0,0.2
2026-08-17 09:00:00,108,1.8,24.6,83.0,0.59
2026-08-17 10:00:00,108,1.6,25.3,81.0,0.81
2026-08-17 11:00:00,108,2.1,25.1,82.0,0.44
2026-08-17 12:00:00,108,1.6,25.0,87.0,0.51
2026-08-17 13:00:00,108,2.4,25.5,84.0,0.85
2026-08-17 14:00:00,108,1.3,25.2,91.0,0.44
2026-08-17 15:00:00,108,1.2,25.5,91.0,0.55
2026-08-17 16:00:00,108,1.8,25.5,88.0,0.49
2026-08-17 17:00:00,108,0.8,25.8,88.0,0.45
2026-08-17 18:00:00,108,0.9,26.0,86.0,0.24
2026-08-17 19:00:00,108,0.3,25.9,91.0,0.1
2026-08-17 20:00:00,108,0.1,25.6,89.0,0.03
2026-08-17 21:00:00,108,0.5,25.4,90.0,None
2026-08-17 22:00:00,108,1.2,25.3,90.0,None
2026-08-17 23:00:00,108,1.1,25.2,90.0,None
2026-08-18 00:00:00,108,1.1,25.0,91.0,None
2026-08-18 01:00:00,108,1.1,24.6,89.0,None
2026-08-18 02:00:00,108,1.2,24.3,90.0,None
2026-08-18 03:00:00,108,1.4,24.1,93.0,None
2026-08-18 04:00:00,108,1.9,24.0,92.0,None
2026-08-18 05:00:00,108,1.4,24.2,91.0,None
2026-08-18 06:00:00,108,1.4,24.2,90.0,0.0
2026-08-18 07:00:00,108,0.4,24.4,90.0,0.09
2026-08-18 08:00:00,108,2.0,24.9,89.0,0.42
2026-08-18 09:00:00,108,1.8,26.0,84.0,1.01
2026-08-18 10:00:00,108,1.4,27.0,76.0,1.5
2026-08-18 11:00:00,108,1.9,28.4,70.0,2.18
2026-08-18 12:00:00,108,2.4,28.8,66.0,1.62
2026-08-18 13:00:00,108,3.1,30.3,61.0,2.9
2026-08-18 14:00:00,108,3.4,29.9,60.0,1.74
2026-08-18 15:00:00,108,3.2,30.6,55.0,1.64
2026-08-18 16:00:00,108,1.1,31.4,52.0,2.5
2026-08-18 17:00:00,108,2.7,31.2,53.0,1.99
2026-08-18 18:00:00,108,2.9,29.9,58.0,0.9
2026-08-18 19:00:00,108,3.1,28.6,62.0,0.41
2026-08-18 20:00:00,108,2.5,27.2,67.0,0.02
2026-08-18 21:00:00,108,1.3,26.6,71.0,None
2026-08-18 22:00:00,108,1.1,26.1,75.0,None
2026-08-18 23:00:00,108,0.7,25.7,75.0,None
2026-08-19 00:00:00,108,0.4,25.5,78.0,None
2026-08-19 01:00:00,108,0.1,25.2,79.0,None
2026-08-19 02:00:00,108,0.8,25.0,81.0,None
2026-08-19 03:00:00,108,1.1,24.8,80.0,None
2026-08-19 04:00:00,108,1.0,24.7,80.0,None
2026-08-19 05:00:00,108,1.4,24.8,81.0,None
2026-08-19 06:00:00,108,1.7,24.8,81.0,0.0
2026-08-19 07:00:00,108,1.6,25.2,82.0,0.16
2026-08-19 08:00:00,108,0.8,25.6,81.0,0.27
2026-08-19 09:00:00,108,0.9,26.7,81.0,0.72
2026-08-19 10:00:00,108,1.1,27.8,72.0,1.3
2026-08-19 11:00:00,108,1.3,28.8,66.0,1.57
2026-08-19 12:00:00,108,2.5,28.8,65.0,0.96
2026-08-19 13:00:00,108,1.8,29.0,63.0,1.18
2026-08-19 14:00:00,108,2.4,29.5,61.0,1.69
2026-08-19 15:00:00,108,2.2,29.9,61.0,1.37
2026-08-19 16:00:00,108,2.6,29.6,62.0,0.9
2026-08-19 17:00:00,108,2.0,29.5,61.0,0.76
2026-08-19 18:00:00,108,1.7,29.2,63.0,0.53
2026-08-19 19:00:00,108,1.2,28.2,63.0,0.22
2026-08-19 20:00:00,108,1.2,27.4,64.0,0.01
2026-08-19 21:00:00,108,1.7,26.9,68.0,None
2026-08-19 22:00:00,108,1.3,26.4,71.0,None
2026-08-19 23:00:00,108,1.0,26.0,74.0,None
2026-08-20 00:00:00,108,1.0,25.7,76.0,None
2026-08-20 01:00:00,108,1.2,25.0,76.0,None
2026-08-20 02:00:00,108,1.3,24.6,78.0,None
2026-08-20 03:00:00,108,0.7,24.4,79.0,None
2026-08-20 04:00:00,108,1.5,24.4,80.0,None
2026-08-20 05:00:00,108,1.9,24.2,80.0,None
2026-08-20 06:00:00,108,1.4,24.1,81.0,0.0
2026-08-20 07:00:00,108,1.3,24.1,82.0,0.07
2026-08-20 08:00:00,108,2.1,24.8,82.0,0.23
2026-08-20 09:00:00,108,1.3,25.7,79.0,0.53
2026-08-20 10:00:00,108,0.8,27.0,74.0,1.01
2026-08-20 11:00:00,108,0.8,27.8,69.0,0.85
2026-08-20 12:00:00,108,1.2,27.9,69.0,0.53
2026-08-20 13:00:00,108,2.1,27.7,72.0,0.4
2026-08-20 14:00:00,108,1.4,26.9,82.0,0.45
2026-08-20 15:00:00,108,1.9,26.7,81.0,0.72
2026-08-20 16:00:00,108,1.6,27.3,81.0,0.95
2026-08-20 17:00:00,108,2.0,27.3,79.0,0.56
2026-08-20 18:00:00,108,2.6,27.1,80.0,0.37
2026-08-20 19:00:00,108,2.6,26.8,80.0,0.2
2026-08-20 20:00:00,108,1.5,26.3,81.0,0.01
2026-08-20 21:00:00,108,1.7,26.1,81.0,None
2026-08-20 22:00:00,108,1.9,25.9,81.0,None
2026-08-20 23:00:00,108,2.1,25.7,81.0,None
2026-08-21 00:00:00,108,1.7,25.6,82.0,None
2026-08-21 01:00:00,108,1.2,25.3,83.0,None
2026-08-21 02:00:00,108,1.9,25.3,83.0,None
2026-08-21 03:00:00,108,1.3,25.1,84.0,None
2026-08-21 04:00:00,108,1.9,24.9,85.0,None
2026-08-21 05:00:00,108,1.9,24.8,85.0,None
2026-08-21 06:00:00,108,1.1,24.7,87.0,0.0
2026-08-21 07:00:00,108,1.9,25.0,86.0,0.09
2026-08-21 08:00:00,108,2.0,25.3,86.0,0.21
2026-08-21 09:00:00,108,2.4,25.7,86.0,0.44
2026-08-21 10:00:00,108,1.1,26.0,85.0,0.41
2026-08-21 11:00:00,108,1.9,26.3,86.0,0.38
2026-08-21 12:00:00,108,1.9,26.8,83.0,0.72
2026-08-21 13:00:00,108,3.2,26.9,82.0,0.53
2026-08-21 14:00:00,108,3.1,26.5,81.0,0.59
2026-08-21 15:00:00,108,1.0,27.3,77.0,0.94
2026-08-21 16:00:00,108,0.7,27.9,72.0,0.82
2026-08-21 17:00:00,108,1.3,27.3,74.0,0.29
2026-08-21 18:00:00,108,2.4,27.1,77.0,0.27
2026-08-21 19:00:00,108,1.9,26.8,76.0,0.15
2026-08-21 20:00:00,108,1.3,26.5,78.0,0.01
2026-08-21 21:00:00,108,2.1,26.1,80.0,None
2026-08-21 22:00:00,108,2.2,25.9,81.0,None
2026-08-21 23:00:00,108,2.0,25.7,82.0,None
2026-08-22 00:00:00,108,1.8,25.6,82.0,None
2026-08-22 01:00:00,108,2.4,25.4,84.0,None
2026-08-22 02:00:00,108,2.9,25.3,83.0,None
2026-08-22 03:00:00,108,2.0,25.3,83.0,None
2026-08-22 04:00:00,108,2.0,25.2,83.0,None
2026-08-22 05:00:00,108,2.2,25.2,83.0,None
2026-08-22 06:00:00,108,1.8,24.9,89.0,0.0
2026-08-22 07:00:00,108,1.3,24.4,91.0,0.01
2026-08-22 08:00:00,108,2.7,24.0,92.0,0.09
2026-08-22 09:00:00,108,2.5,24.5,91.0,0.51
2026-08-22 10:00:00,108,2.6,24.7,89.0,0.46
2026-08-22 11:00:00,108,2.7,25.5,88.0,0.57
2026-08-22 12:00:00,108,2.4,26.2,87.0,0.78
2026-08-22 13:00:00,108,4.2,24.5,87.0,0.47
2026-08-22 14:00:00,108,1.9,23.9,92.0,0.24
2026-08-22 15:00:00,108,2.5,23.7,93.0,0.17
2026-08-22 16:00:00,108,1.6,23.0,91.0,0.19
2026-08-22 17:00:00,108,2.1,22.7,91.0,0.14
2026-08-22 18:00:00,108,1.2,22.8,92.0,0.08
2026-08-22 19:00:00,108,2.9,23.1,93.0,0.19
2026-08-22 20:00:00,108,1.9,22.9,93.0,0.02
2026-08-22 21:00:00,108,2.1,22.6,92.0,None
2026-08-22 22:00:00,108,1.8,22.7,92.0,None
2026-08-22 23:00:00,108,2.6,22.7,93.0,None
2026-08-23 00:00:00,108,1.5,22.9,92.0,None
2026-08-23 01:00:00,108,1.6,22.9,92.0,None
2026-08-23 02:00:00,108,2.5,22.9,91.0,None
2026-08-23 03:00:00,108,2.5,22.8,91.0,None
2026-08-23 04:00:00,108,2.6,22.9,91.0,None
2026-08-23 05:00:00,108,1.8,22.8,91.0,None
2026-08-23 06:00:00,108,2.2,22.7,92.0,0.0
2026-08-23 07:00:00,108,1.9,23.1,92.0,0.22
2026-08-23 08:00:00,108,2.3,24.3,88.0,0.63
2026-08-23 09:00:00,108,1.3,26.0,82.0,1.55
2026-08-23 10:00:00,108,1.9,27.6,76.0,1.88
2026-08-23 11:00:00,108,1.9,29.3,71.0,2.45
2026-08-23 12:00:00,108,1.6,30.6,67.0,2.73
2026-08-23 13:00:00,108,2.2,31.7,61.0,3.09
2026-08-23 14:00:00,108,1.8,32.4,60.0,2.06
2026-08-23 15:00:00,108,2.9,31.9,56.0,1.49
2026-08-23 16:00:00,108,2.3,32.4,57.0,1.47
2026-08-23 17:00:00,108,2.8,32.7,56.0,1.71
2026-08-23 18:00:00,108,3.1,31.3,64.0,0.52
2026-08-23 19:00:00,108,3.0,30.1,68.0,0.37
2026-08-23 20:00:00,108,2.3,28.8,72.0,0.01
2026-08-23 21:00:00,108,1.5,28.2,75.0,None
2026-08-23 22:00:00,108,0.4,27.7,76.0,None
2026-08-23 23:00:00,108,0.2,27.2,79.0,None
2026-08-24 00:00:00,108,1.3,26.8,82.0,None
2026-08-24 01:00:00,108,0.7,26.4,82.0,None
2026-08-24 02:00:00,108,0.6,26.2,84.0,None
2026-08-24 03:00:00,108,0.3,26.1,82.0,None
2026-08-24 04:00:00,108,0.7,25.8,85.0,None
2026-08-24 05:00:00,108,0.8,25.7,84.0,None
2026-08-24 06:00:00,108,1.1,25.4,86.0,0.0
2026-08-24 07:00:00,108,1.4,25.6,87.0,0.15
2026-08-24 08:00:00,108,1.4,26.5,85.0,0.48
2026-08-24 09:00:00,108,1.5,27.6,78.0,0.89
2026-08-24 10:00:00,108,1.7,29.6,69.0,1.96
2026-08-24 11:00:00,108,2.7,30.7,64.0,2.4
2026-08-24 12:00:00,108,3.3,31.2,64.0,1.48
2026-08-24 13:00:00,108,3.7,31.6,60.0,2.52
2026-08-24 14:00:00,108,2.5,31.5,61.0,1.85
2026-08-24 15:00:00,108,4.0,32.0,61.0,1.87
2026-08-24 16:00:00,108,4.3,31.8,61.0,1.69
2026-08-24 17:00:00,108,3.2,31.2,60.0,1.13
2026-08-24 18:00:00,108,2.6,30.9,57.0,0.89
2026-08-24 19:00:00,108,2.6,29.4,68.0,0.19
2026-08-24 20:00:00,108,3.9,28.7,72.0,0.01
2026-08-24 21:00:00,108,2.3,28.3,74.0,None
2026-08-24 22:00:00,108,2.8,27.8,76.0,None
2026-08-24 23:00:00,108,2.3,27.5,78.0,None
2026-08-25 00:00:00,108,2.8,27.1,80.0,None
2026-08-25 01:00:00,108,1.7,27.0,82.0,None
2026-08-25 02:00:00,108,1.9,27.0,83.0,None
2026-08-25 03:00:00,108,2.6,26.9,84.0,None
2026-08-25 04:00:00,108,2.2,26.8,86.0,None
2026-08-25 05:00:00,108,3.4,26.5,88.0,None
2026-08-25 06:00:00,108,2.6,26.1,92.0,0.0
2026-08-25 07:00:00,108,2.9,25.3,89.0,0.03
2026-08-25 08:00:00,108,0.8,25.5,92.0,0.21
2026-08-25 09:00:00,108,1.6,27.0,89.0,1.35
2026-08-25 10:00:00,108,2.2,28.3,78.0,1.97
2026-08-25 11:00:00,108,2.4,29.4,71.0,2.74
2026-08-25 12:00:00,108,2.8,29.7,68.0,1.83
2026-08-25 13:00:00,108,2.5,30.5,65.0,2.01
2026-08-25 14:00:00,108,1.8,31.6,64.0,2.71
2026-08-25 15:00:00,108,2.8,32.1,59.0,2.77
2026-08-25 16:00:00,108,2.6,32.2,58.0,2.09
2026-08-25 17:00:00,108,2.9,32.3,58.0,1.58
2026-08-25 18:00:00,108,2.8,31.6,61.0,0.88
2026-08-25 19:00:00,108,2.4,30.1,64.0,0.32
2026-08-25 20:00:00,108,1.6,29.0,69.0,0.01
2026-08-25 21:00:00,108,2.6,28.2,74.0,None
2026-08-25 22:00:00,108,1.6,27.7,76.0,None
2026-08-25 23:00:00,108,1.2,27.3,78.0,None
2026-08-26 00:00:00,108,1.5,26.9,80.0,None
2026-08-26 01:00:00,108,0.9,26.5,77.0,None
2026-08-26 02:00:00,108,1.0,26.1,79.0,None
2026-08-26 03:00:00,108,1.5,25.8,81.0,None
2026-08-26 04:00:00,108,0.7,25.5,82.0,None
2026-08-26 05:00:00,108,0.4,25.3,84.0,None
2026-08-26 06:00:00,108,1.7,25.0,84.0,0.0
2026-08-26 07:00:00,108,1.8,25.1,86.0,0.23
2026-08-26 08:00:00,108,2.3,26.7,83.0,0.77
2026-08-26 09:00:00,108,0.7,27.3,79.0,0.72
2026-08-26 10:00:00,108,0.9,28.6,71.0,1.25
2026-08-26 11:00:00,108,1.7,29.7,64.0,1.63
2026-08-26 12:00:00,108,2.1,30.3,64.0,1.44
2026-08-26 13:00:00,108,2.5,30.6,62.0,1.62
2026-08-26 14:00:00,108,2.3,30.4,65.0,1.06
2026-08-26 15:00:00,108,1.7,30.0,65.0,0.69
2026-08-26 16:00:00,108,2.4,29.7,68.0,0.69
2026-08-26 17:00:00,108,2.9,30.2,64.0,1.07
2026-08-26 18:00:00,108,2.4,30.0,63.0,0.91
2026-08-26 19:00:00,108,1.8,29.0,67.0,0.16
2026-08-26 20:00:00,108,2.1,28.3,70.0,0.0
2026-08-26 21:00:00,108,1.0,27.8,71.0,None
2026-08-26 22:00:00,108,1.1,27.6,73.0,None
2026-08-26 23:00:00,108,1.7,27.1,76.0,None
2026-08-27 00:00:00,108,1.7,26.7,78.0,None
2026-08-27 01:00:00,108,0.6,26.5,78.0,None
2026-08-27 02:00:00,108,1.4,26.2,80.0,None
2026-08-27 03:00:00,108,0.6,25.9,81.0,None
2026-08-27 04:00:00,108,0.9,25.7,82.0,None
2026-08-27 05:00:00,108,1.2,25.5,83.0,None
2026-08-27 06:00:00,108,0.9,25.3,82.0,0.0
2026-08-27 07:00:00,108,0.6,25.3,82.0,0.05
2026-08-27 08:00:00,108,1.6,25.7,81.0,0.22
2026-08-27 09:00:00,108,1.6,26.7,80.0,0.59
2026-08-27 10:00:00,108,0.9,27.7,77.0,0.89
2026-08-27 11:00:00,108,1.9,29.0,72.0,1.43
2026-08-27 12:00:00,108,1.8,30.7,64.0,2.9
2026-08-27 13:00:00,108,2.8,31.2,60.0,2.39
2026-08-27 14:00:00,108,3.1,31.5,59.0,2.91
2026-08-27 15:00:00,108,2.9,31.7,57.0,1.95
2026-08-27 16:00:00,108,3.3,32.0,53.0,2.18
2026-08-27 17:00:00,108,2.5,32.2,55.0,1.59
2026-08-27 18:00:00,108,2.1,31.5,56.0,0.89
2026-08-27 19:00:00,108,2.0,30.3,61.0,0.26
2026-08-27 20:00:00,108,1.3,29.3,67.0,0.01
2026-08-27 21:00:00,108,1.4,28.6,69.0,None
2026-08-27 22:00:00,108,1.5,28.0,76.0,None
2026-08-27 23:00:00,108,1.9,27.6,77.0,None
2026-08-28 00:00:00,108,1.7,27.3,79.0,None
2026-08-28 01:00:00,108,1.6,27.0,80.0,None
2026-08-28 02:00:00,108,0.9,26.8,81.0,None
2026-08-28 03:00:00,108,1.8,26.5,82.0,None
2026-08-28 04:00:00,108,2.0,26.3,82.0,None
2026-08-28 05:00:00,108,2.2,26.1,83.0,None
2026-08-28 06:00:00,108,2.1,26.1,82.0,0.0
2026-08-28 07:00:00,108,2.6,26.3,81.0,0.07
2026-08-28 08:00:00,108,2.8,26.9,79.0,0.4
2026-08-28 09:00:00,108,3.1,27.7,73.0,0.87
2026-08-28 10:00:00,108,3.1,28.2,71.0,0.82
2026-08-28 11:00:00,108,3.1,28.6,70.0,1.12
2026-08-28 12:00:00,108,2.7,29.4,68.0,1.42
2026-08-28 13:00:00,108,3.5,29.7,67.0,1.58
2026-08-28 14:00:00,108,3.6,29.0,69.0,0.79
2026-08-28 15:00:00,108,3.5,28.6,69.0,0.61
2026-08-28 16:00:00,108,3.3,27.8,71.0,0.24
2026-08-28 17:00:00,108,1.8,27.4,72.0,0.26
2026-08-28 18:00:00,108,2.3,25.9,84.0,0.16
2026-08-28 19:00:00,108,3.1,25.3,85.0,0.07
2026-08-28 20:00:00,108,2.8,25.2,84.0,0.0
2026-08-28 21:00:00,108,2.8,25.4,81.0,None
2026-08-28 22:00:00,108,2.2,25.4,81.0,None
2026-08-28 23:00:00,108,1.2,25.5,83.0,None
2026-08-29 00:00:00,108,1.8,25.5,82.0,None
2026-08-29 01:00:00,108,1.1,25.4,81.0,None
2026-08-29 02:00:00,108,2.0,25.4,81.0,None
2026-08-29 03:00:00,108,0.5,25.4,81.0,None
2026-08-29 04:00:00,108,1.0,25.4,82.0,None
2026-08-29 05:00:00,108,0.4,25.5,83.0,None
2026-08-29 06:00:00,108,1.6,25.6,85.0,0.0
2026-08-29 07:00:00,108,1.9,25.7,86.0,0.08
2026-08-29 08:00:00,108,2.1,26.1,85.0,0.38
2026-08-29 09:00:00,108,2.6,26.5,81.0,0.5
2026-08-29 10:00:00,108,3.1,26.6,78.0,1.13
2026-08-29 11:00:00,108,2.6,27.7,73.0,2.23
2026-08-29 12:00:00,108,2.8,28.5,69.0,2.25
2026-08-29 13:00:00,108,3.3,29.8,66.0,2.82
2026-08-29 14:00:00,108,3.0,29.8,63.0,2.02
2026-08-29 15:00:00,108,3.1,30.6,61.0,2.55
2026-08-29 16:00:00,108,3.2,31.2,58.0,2.67
2026-08-29 17:00:00,108,3.8,29.2,59.0,1.04
2026-08-29 18:00:00,108,2.6,28.2,65.0,0.55
2026-08-29 19:00:00,108,2.4,27.0,67.0,0.08
2026-08-29 20:00:00,108,2.2,26.5,68.0,0.0
2026-08-29 21:00:00,108,2.0,26.2,69.0,None
2026-08-29 22:00:00,108,1.9,25.8,69.0,None
2026-08-29 23:00:00,108,1.7,25.4,70.0,None
2026-08-30 00:00:00,108,1.2,25.2,71.0,None
2026-08-30 01:00:00,108,2.1,24.9,75.0,None
2026-08-30 02:00:00,108,1.1,24.5,76.0,None
2026-08-30 03:00:00,108,1.4,24.2,77.0,None
2026-08-30 04:00:00,108,1.0,24.1,79.0,None
2026-08-30 05:00:00,108,1.6,23.9,79.0,None
2026-08-30 06:00:00,108,3.4,23.5,82.0,None
2026-08-30 07:00:00,108,0.8,23.5,82.0,0.05
2026-08-30 08:00:00,108,1.0,24.1,81.0,0.28
2026-08-30 09:00:00,108,2.2,24.5,81.0,0.38
2026-08-30 10:00:00,108,1.4,25.5,77.0,0.92
2026-08-30 11:00:00,108,1.1,26.2,74.0,0.88
2026-08-30 12:00:00,108,0.5,27.0,71.0,1.11
2026-08-30 13:00:00,108,1.0,27.8,69.0,1.18
2026-08-30 14:00:00,108,1.1,28.2,66.0,1.05
2026-08-30 15:00:00,108,1.2,28.2,68.0,0.65
2026-08-30 16:00:00,108,1.9,28.4,67.0,0.6
2026-08-30 17:00:00,108,2.3,28.2,69.0,0.5
2026-08-30 18:00:00,108,2.4,27.6,71.0,0.17
2026-08-30 19:00:00,108,1.9,27.2,71.0,0.04
2026-08-30 20:00:00,108,1.4,27.1,73.0,0.0
2026-08-30 21:00:00,108,2.3,26.9,76.0,None
2026-08-30 22:00:00,108,1.6,26.5,77.0,None
2026-08-30 23:00:00,108,2.4,25.9,80.0,None
2026-08-31 00:00:00,108,1.2,25.8,78.0,None
2026-08-31 01:00:00,108,1.5,25.6,79.0,None
2026-08-31 02:00:00,108,2.0,25.5,82.0,None
2026-08-31 03:00:00,108,2.1,25.3,81.0,None
2026-08-31 04:00:00,108,1.4,24.7,89.0,None
2026-08-31 05:00:00,108,1.9,24.1,91.0,None
2026-08-31 06:00:00,108,1.3,24.0,93.0,None
2026-08-31 07:00:00,108,1.5,24.0,92.0,0.02
2026-08-31 08:00:00,108,2.6,24.2,92.0,0.13
2026-08-31 09:00:00,108,2.1,24.4,93.0,0.2
2026-08-31 10:00:00,108,2.5,24.4,94.0,0.18
2026-08-31 11:00:00,108,2.4,24.5,94.0,0.18
2026-08-31 12:00:00,108,2.9,24.6,94.0,0.4
2026-08-31 13:00:00,108,1.8,24.7,92.0,0.53
2026-08-31 14:00:00,108,2.0,24.6,91.0,0.3
2026-08-31 15:00:00,108,1.4,24.2,88.0,0.19
2026-08-31 16:00:00,108,2.3,24.2,91.0,0.29
2026-08-31 17:00:00,108,2.1,23.9,92.0,0.13
2026-08-31 18:00:00,108,2.6,23.8,94.0,0.07
2026-08-31 19:00:00,108,0.5,24.1,94.0,0.01
2026-08-31 20:00:00,108,0.6,24.0,93.0,0.0
2026-08-31 21:00:00,108,1.7,23.7,92.0,None
2026-08-31 22:00:00,108,2.5,23.5,92.0,None
2026-08-31 23:00:00,108,1.7,23.4,93.0,None
2026-09-01 00:00:00,108,0.7,23.3,92.0,None
2026-09-01 01:00:00,108,1.8,23.1,94.0,None
2026-09-01 02:00:00,108,1.6,23.0,95.0,None
2026-09-01 03:00:00,108,1.7,23.0,95.0,None
2026-09-01 04:00:00,108,1.9,23.0,94.0,None
2026-09-01 05:00:00,108,1.2,23.0,94.0,None
2026-09-01 06:00:00,108,2.6,23.0,95.0,None
2026-09-01 07:00:00,108,1.1,23.1,96.0,0.02
2026-09-01 08:00:00,108,1.6,22.9,93.0,0.1
2026-09-01 09:00:00,108,0.4,23.0,93.0,0.14
2026-09-01 10:00:00,108,1.3,23.2,95.0,0.06
2026-09-01 11:00:00,108,2.2,22.9,95.0,0.05
2026-09-01 12:00:00,108,2.3,23.1,94.0,0.26
2026-09-01 13:00:00,108,3.0,23.5,91.0,0.71
2026-09-01 14:00:00,108,2.0,24.1,90.0,0.64
2026-09-01 15:00:00,108,1.5,24.1,86.0,0.49
2026-09-01 16:00:00,108,2.2,23.2,85.0,0.44
2026-09-01 17:00:00,108,2.8,22.5,89.0,0.25
2026-09-01 18:00:00,108,2.7,22.1,90.0,0.14
2026-09-01 19:00:00,108,2.2,22.0,90.0,0.04
2026-09-01 20:00:00,108,1.7,22.0,93.0,0.0
2026-09-01 21:00:00,108,0.8,22.0,93.0,None
2026-09-01 22:00:00,108,0.7,22.1,92.0,None
2026-09-01 23:00:00,108,1.7,22.1,94.0,None
2026-09-02 00:00:00,108,1.4,22.2,93.0,None
2026-09-02 01:00:00,108,0.6,22.2,93.0,None
2026-09-02 02:00:00,108,0.3,22.2,94.0,None
2026-09-02 03:00:00,108,1.1,22.2,93.0,None
2026-09-02 04:00:00,108,1.1,22.2,93.0,None
2026-09-02 05:00:00,108,1.1,22.2,94.0,None
2026-09-02 06:00:00,108,1.6,22.1,92.0,None
2026-09-02 07:00:00,108,0.7,22.1,93.0,0.06
2026-09-02 08:00:00,108,1.1,22.4,92.0,0.32
2026-09-02 09:00:00,108,0.7,23.1,90.0,0.61
2026-09-02 10:00:00,108,1.6,24.3,87.0,1.3
2026-09-02 11:00:00,108,1.6,25.4,79.0,1.84
2026-09-02 12:00:00,108,2.2,26.2,74.0,1.86
2026-09-02 13:00:00,108,2.2,26.4,70.0,1.62
2026-09-02 14:00:00,108,2.6,27.5,71.0,2.06
2026-09-02 15:00:00,108,0.8,28.4,62.0,2.44
2026-09-02 16:00:00,108,2.3,28.9,59.0,1.83
2026-09-02 17:00:00,108,2.7,28.4,61.0,1.12
2026-09-02 18:00:00,108,2.7,27.7,66.0,0.51
2026-09-02 19:00:00,108,2.8,26.6,69.0,0.16
2026-09-02 20:00:00,108,2.0,25.8,75.0,None
2026-09-02 21:00:00,108,1.9,24.8,76.0,None
2026-09-02 22:00:00,108,1.4,24.3,79.0,None
2026-09-02 23:00:00,108,1.6,23.8,82.0,None
2026-09-03 00:00:00,108,0.7,23.4,84.0,None
2026-09-03 01:00:00,108,1.7,22.8,86.0,None
2026-09-03 02:00:00,108,0.3,22.6,88.0,None
2026-09-03 03:00:00,108,0.6,22.2,88.0,None
2026-09-03 04:00:00,108,2.0,21.7,89.0,None
2026-09-03 05:00:00,108,1.2,21.4,90.0,None
2026-09-03 06:00:00,108,1.5,21.4,93.0,None
2026-09-03 07:00:00,108,2.4,21.5,93.0,0.1
2026-09-03 08:00:00,108,1.8,22.8,88.0,0.72
2026-09-03 09:00:00,108,1.8,24.6,81.0,1.45
2026-09-03 10:00:00,108,1.6,26.3,72.0,2.17
2026-09-03 11:00:00,108,2.9,27.6,64.0,2.66
2026-09-03 12:00:00,108,2.5,29.0,55.0,3.46
2026-09-03 13:00:00,108,2.6,29.4,53.0,2.97
2026-09-03 14:00:00,108,2.4,30.2,48.0,3.02
2026-09-03 15:00:00,108,2.6,30.7,45.0,2.78
2026-09-03 16:00:00,108,3.1,30.9,46.0,2.09
2026-09-03 17:00:00,108,3.0,31.0,38.0,1.74
2026-09-03 18:00:00,108,2.7,30.2,42.0,0.91
2026-09-03 19:00:00,108,2.0,28.5,47.0,0.22
2026-09-03 20:00:00,108,3.9,26.9,63.0,None
2026-09-03 21:00:00,108,4.1,26.1,61.0,None
2026-09-03 22:00:00,108,4.6,25.1,62.0,None
2026-09-03 23:00:00,108,3.4,24.5,64.0,None
2026-09-04 00:00:00,108,3.4,23.9,65.0,None
2026-09-04 01:00:00,108,3.1,23.4,66.0,None
2026-09-04 02:00:00,108,4.1,23.2,66.0,None
2026-09-04 03:00:00,108,2.9,22.8,67.0,None
2026-09-04 04:00:00,108,3.3,22.3,69.0,None
2026-09-04 05:00:00,108,3.8,21.8,70.0,None
2026-09-04 06:00:00,108,2.9,21.4,70.0,None
2026-09-04 07:00:00,108,2.7,21.6,71.0,0.16
2026-09-04 08:00:00,108,3.7,23.3,63.0,0.8
2026-09-04 09:00:00,108,5.2,24.6,55.0,1.6
2026-09-04 10:00:00,108,3.6,26.0,50.0,2.24
2026-09-04 11:00:00,108,4.2,27.0,48.0,2.85
2026-09-04 12:00:00,108,4.3,28.0,46.0,3.21
2026-09-04 13:00:00,108,3.2,28.9,47.0,3.33
2026-09-04 14:00:00,108,4.3,29.6,44.0,3.26
2026-09-04 15:00:00,108,4.7,29.6,43.0,2.49
2026-09-04 16:00:00,108,5.4,29.0,42.0,2.02
2026-09-04 17:00:00,108,3.7,28.9,41.0,1.64
2026-09-04 18:00:00,108,4.3,27.8,42.0,0.69
2026-09-04 19:00:00,108,4.7,26.3,45.0,0.21
2026-09-04 20:00:00,108,2.8,25.1,47.0,None
2026-09-04 21:00:00,108,3.9,24.2,49.0,None
2026-09-04 22:00:00,108,3.8,23.4,51.0,None
2026-09-04 23:00:00,108,2.3,22.7,53.0,None
2026-09-05 00:00:00,108,2.1,22.3,57.0,None
2026-09-05 01:00:00,108,2.4,21.4,61.0,None
2026-09-05 02:00:00,108,2.1,20.7,63.0,None
2026-09-05 03:00:00,108,2.7,20.4,65.0,None
2026-09-05 04:00:00,108,1.8,19.9,67.0,None
2026-09-05 05:00:00,108,3.3,19.6,69.0,None
2026-09-05 06:00:00,108,2.3,19.3,69.0,None
2026-09-05 07:00:00,108,2.6,19.3,70.0,0.15
2026-09-05 08:00:00,108,2.6,21.7,63.0,0.78
2026-09-05 09:00:00,108,2.5,23.6,58.0,1.59
2026-09-05 10:00:00,108,2.6,25.2,52.0,2.14
2026-09-05 11:00:00,108,3.6,26.3,51.0,2.76
2026-09-05 12:00:00,108,3.8,27.2,47.0,3.03
2026-09-05 13:00:00,108,4.2,28.0,45.0,3.16
2026-09-05 14:00:00,108,4.0,28.6,46.0,2.51
2026-09-05 15:00:00,108,4.5,28.9,41.0,2.81
2026-09-05 16:00:00,108,4.8,28.5,41.0,1.66
2026-09-05 17:00:00,108,4.2,28.3,39.0,1.73
2026-09-05 18:00:00,108,4.4,27.0,44.0,0.65
2026-09-05 19:00:00,108,3.6,25.6,45.0,0.17
2026-09-05 20:00:00,108,4.1,24.5,52.0,None
2026-09-05 21:00:00,108,2.8,23.6,54.0,None
2026-09-05 22:00:00,108,3.9,23.0,55.0,None
2026-09-05 23:00:00,108,3.4,22.4,58.0,None
2026-09-06 00:00:00,108,3.2,21.9,60.0,None
2026-09-06 01:00:00,108,3.4,21.3,62.0,None
2026-09-06 02:00:00,108,3.6,21.0,62.0,None
2026-09-06 03:00:00,108,2.8,20.6,65.0,None
2026-09-06 04:00:00,108,2.3,20.1,68.0,None
2026-09-06 05:00:00,108,1.5,20.0,71.0,None
2026-09-06 06:00:00,108,2.4,19.9,70.0,None
2026-09-06 07:00:00,108,1.8,19.8,71.0,0.1
2026-09-06 08:00:00,108,2.5,21.4,66.0,0.56
2026-09-06 09:00:00,108,2.8,23.5,59.0,1.52
2026-09-06 10:00:00,108,3.0,25.2,53.0,2.23
2026-09-06 11:00:00,108,3.9,26.6,50.0,2.85
2026-09-06 12:00:00,108,4.1,27.8,44.0,3.18
2026-09-06 13:00:00,108,4.0,28.7,44.0,3.33
2026-09-06 14:00:00,108,5.1,29.4,44.0,3.44
2026-09-06 15:00:00,108,4.8,28.8,46.0,2.52
2026-09-06 16:00:00,108,4.9,27.8,47.0,1.82
2026-09-06 17:00:00,108,4.8,27.0,49.0,1.37
2026-09-06 18:00:00,108,3.3,26.4,50.0,0.87
2026-09-06 19:00:00,108,3.8,25.0,51.0,0.19
2026-09-06 20:00:00,108,3.9,24.2,48.0,None
2026-09-06 21:00:00,108,2.6,23.4,50.0,None
2026-09-06 22:00:00,108,2.3,22.4,55.0,None
2026-09-06 23:00:00,108,2.8,21.7,63.0,None
2026-09-07 00:00:00,108,1.7,20.9,66.0,None
2026-09-07 01:00:00,108,1.5,20.4,66.0,None
2026-09-07 02:00:00,108,1.5,19.9,67.0,None
2026-09-07 03:00:00,108,1.9,19.6,68.0,None
2026-09-07 04:00:00,108,2.1,19.3,68.0,None
2026-09-07 05:00:00,108,0.8,19.0,66.0,None
2026-09-07 06:00:00,108,2.0,18.6,68.0,None
2026-09-07 07:00:00,108,1.0,18.6,69.0,0.14
2026-09-07 08:00:00,108,2.6,21.3,63.0,0.77
2026-09-07 09:00:00,108,2.4,23.3,59.0,1.58
2026-09-07 10:00:00,108,3.3,24.7,53.0,2.22
2026-09-07 11:00:00,108,3.3,26.2,49.0,2.81
2026-09-07 12:00:00,108,2.8,27.3,44.0,3.18
2026-09-07 13:00:00,108,3.3,27.9,44.0,3.24
2026-09-07 14:00:00,108,3.1,28.7,41.0,3.19
2026-09-07 15:00:00,108,2.6,29.2,40.0,2.86
2026-09-07 16:00:00,108,2.0,29.5,42.0,2.3
2026-09-07 17:00:00,108,2.1,29.3,39.0,1.62
2026-09-07 18:00:00,108,2.1,28.3,43.0,0.82
2026-09-07 19:00:00,108,2.4,26.6,47.0,0.17
2026-09-07 20:00:00,108,2.2,25.3,50.0,None
2026-09-07 21:00:00,108,1.0,24.4,54.0,None
2026-09-07 22:00:00,108,0.7,23.4,57.0,None
2026-09-07 23:00:00,108,2.0,22.5,60.0,None
2026-09-08 00:00:00,108,2.1,21.6,63.0,None
2026-09-08 01:00:00,108,1.9,21.0,65.0,None
2026-09-08 02:00:00,108,2.1,20.3,65.0,None
2026-09-08 03:00:00,108,2.1,19.6,69.0,None
2026-09-08 04:00:00,108,2.0,18.9,71.0,None
2026-09-08 05:00:00,108,2.1,18.6,74.0,None
2026-09-08 06:00:00,108,2.0,18.1,73.0,None
2026-09-08 07:00:00,108,2.2,18.0,76.0,0.14
2026-09-08 08:00:00,108,2.5,19.7,65.0,0.72
2026-09-08 09:00:00,108,2.2,21.9,56.0,1.59
2026-09-08 10:00:00,108,1.7,23.8,50.0,2.29
2026-09-08 11:00:00,108,1.7,25.7,41.0,2.8
2026-09-08 12:00:00,108,2.0,27.0,42.0,3.07
2026-09-08 13:00:00,108,1.7,28.9,28.0,3.25
2026-09-08 14:00:00,108,2.9,29.7,32.0,2.86
2026-09-08 15:00:00,108,1.6,30.7,33.0,2.74
2026-09-08 16:00:00,108,2.2,30.7,35.0,1.97
2026-09-08 17:00:00,108,2.6,30.3,36.0,1.43
2026-09-08 18:00:00,108,1.6,29.4,38.0,0.74
2026-09-08 19:00:00,108,2.1,27.8,41.0,0.15
2026-09-08 20:00:00,108,3.2,26.4,44.0,None
2026-09-08 21:00:00,108,2.9,25.4,49.0,None
2026-09-08 22:00:00,108,3.8,24.7,54.0,None
2026-09-08 23:00:00,108,5.1,24.0,59.0,None
2026-09-09 00:00:00,108,5.5,23.1,61.0,None
2026-09-09 01:00:00,108,4.6,22.3,60.0,None
2026-09-09 02:00:00,108,3.5,21.4,60.0,None
2026-09-09 03:00:00,108,5.2,20.4,57.0,None
2026-09-09 04:00:00,108,5.2,19.8,56.0,None
2026-09-09 05:00:00,108,5.5,19.9,55.0,None
2026-09-09 06:00:00,108,4.9,19.9,54.0,None
2026-09-09 07:00:00,108,3.0,20.1,54.0,0.04
2026-09-09 08:00:00,108,4.5,20.2,57.0,0.17
2026-09-09 09:00:00,108,5.0,20.2,57.0,0.35
2026-09-09 10:00:00,108,4.1,21.8,52.0,1.73
2026-09-09 11:00:00,108,3.3,23.6,49.0,2.53
2026-09-09 12:00:00,108,4.8,24.6,44.0,3.18
2026-09-09 13:00:00,108,3.5,25.1,45.0,2.82
2026-09-09 14:00:00,108,4.1,25.8,44.0,2.96
2026-09-09 15:00:00,108,3.8,25.7,42.0,2.26
2026-09-09 16:00:00,108,3.5,24.8,44.0,1.47
2026-09-09 17:00:00,108,3.5,24.3,45.0,1.22
2026-09-09 18:00:00,108,4.9,22.7,46.0,0.67
2026-09-09 19:00:00,108,5.2,21.1,50.0,0.09
2026-09-09 20:00:00,108,5.4,20.1,53.0,None
2026-09-09 21:00:00,108,4.0,19.3,51.0,None
2026-09-09 22:00:00,108,3.5,18.6,52.0,None
2026-09-09 23:00:00,108,3.0,18.1,55.0,None
2026-09-10 00:00:00,108,3.4,17.9,56.0,None
2026-09-10 01:00:00,108,2.1,17.7,56.0,None
2026-09-10 02:00:00,108,2.5,17.4,56.0,None
2026-09-10 03:00:00,108,2.0,17.1,56.0,None
2026-09-10 04:00:00,108,1.9,16.5,58.0,None
2026-09-10 05:00:00,108,2.3,15.9,61.0,None
2026-09-10 06:00:00,108,2.3,15.9,62.0,None
2026-09-10 07:00:00,108,2.3,16.0,63.0,0.06
2026-09-10 08:00:00,108,2.6,16.9,63.0,0.29
2026-09-10 09:00:00,108,3.4,18.1,58.0,0.55
2026-09-10 10:00:00,108,3.8,19.0,54.0,0.79
2026-09-10 11:00:00,108,3.3,19.8,53.0,1.17
2026-09-10 12:00:00,108,3.1,20.3,49.0,0.98
2026-09-10 13:00:00,108,3.4,20.7,49.0,1.11
2026-09-10 14:00:00,108,2.1,21.3,49.0,1.1
2026-09-10 15:00:00,108,2.0,21.4,48.0,1.03
2026-09-10 16:00:00,108,1.7,21.2,50.0,0.55
2026-09-10 17:00:00,108,2.5,20.9,50.0,0.52
2026-09-10 18:00:00,108,2.3,20.4,54.0,0.21
2026-09-10 19:00:00,108,2.6,19.7,56.0,0.13
2026-09-10 20:00:00,108,1.5,18.6,59.0,None
2026-09-10 21:00:00,108,1.5,17.7,62.0,None
2026-09-10 22:00:00,108,1.2,17.0,64.0,None
2026-09-10 23:00:00,108,0.9,16.6,68.0,None
2026-09-11 00:00:00,108,0.5,16.1,71.0,None
2026-09-11 01:00:00,108,1.6,15.8,71.0,None
2026-09-11 02:00:00,108,1.2,15.3,72.0,None
2026-09-11 03:00:00,108,1.2,15.0,74.0,None
2026-09-11 04:00:00,108,1.3,14.4,76.0,None
2026-09-11 05:00:00,108,1.6,13.9,79.0,None
2026-09-11 06:00:00,108,1.9,13.5,80.0,None
2026-09-11 07:00:00,108,1.7,13.5,81.0,0.1
2026-09-11 08:00:00,108,1.3,15.7,78.0,0.75
2026-09-11 09:00:00,108,2.0,18.2,66.0,1.31
2026-09-11 10:00:00,108,1.9,19.7,62.0,1.47
2026-09-11 11:00:00,108,1.0,21.1,57.0,1.77
2026-09-11 12:00:00,108,2.2,23.2,50.0,2.81
2026-09-11 13:00:00,108,1.2,24.4,52.0,2.68
2026-09-11 14:00:00,108,1.9,25.2,45.0,2.77
2026-09-11 15:00:00,108,3.2,25.6,42.0,2.07
2026-09-11 16:00:00,108,3.7,24.9,42.0,1.61
2026-09-11 17:00:00,108,2.6,24.7,44.0,0.81
2026-09-11 18:00:00,108,1.7,24.1,46.0,0.45
2026-09-11 19:00:00,108,1.7,23.2,52.0,0.12
2026-09-11 20:00:00,108,2.0,22.0,66.0,None
2026-09-11 21:00:00,108,1.0,21.3,65.0,None
2026-09-11 22:00:00,108,0.0,20.7,65.0,None
2026-09-11 23:00:00,108,1.3,19.8,69.0,None
2026-09-12 00:00:00,108,0.7,19.3,75.0,None
2026-09-12 01:00:00,108,0.5,18.7,75.0,None
2026-09-12 02:00:00,108,0.4,18.2,77.0,None
2026-09-12 03:00:00,108,1.5,17.8,78.0,None
2026-09-12 04:00:00,108,2.1,17.3,80.0,None
2026-09-12 05:00:00,108,1.9,17.2,80.0,None
2026-09-12 06:00:00,108,2.1,17.1,82.0,None
2026-09-12 07:00:00,108,1.8,17.2,81.0,0.04
2026-09-12 08:00:00,108,1.2,18.0,80.0,0.32
2026-09-12 09:00:00,108,1.3,19.8,75.0,0.8
2026-09-12 10:00:00,108,2.1,20.9,68.0,1.07
2026-09-12 11:00:00,108,1.6,21.9,66.0,1.13
2026-09-12 12:00:00,108,0.8,22.7,61.0,1.27
2026-09-12 13:00:00,108,1.6,23.5,60.0,1.32
2026-09-12 14:00:00,108,1.7,23.3,58.0,0.77
2026-09-12 15:00:00,108,2.5,23.4,59.0,0.69
2026-09-12 16:00:00,108,2.0,23.1,56.0,0.52
2026-09-12 17:00:00,108,2.1,22.7,61.0,0.38
2026-09-12 18:00:00,108,1.9,22.2,61.0,0.2
2026-09-12 19:00:00,108,1.9,21.6,61.0,0.04
2026-09-12 20:00:00,108,1.9,21.2,64.0,None
2026-09-12 21:00:00,108,2.2,21.0,66.0,None
2026-09-12 22:00:00,108,0.9,20.7,64.0,None
2026-09-12 23:00:00,108,1.6,20.3,63.0,None
2026-09-13 00:00:00,108,1.7,20.0,65.0,None
2026-09-13 01:00:00,108,2.2,19.8,68.0,None
2026-09-13 02:00:00,108,0.7,19.5,68.0,None
2026-09-13 03:00:00,108,1.4,19.3,70.0,None
2026-09-13 04:00:00,108,1.7,19.0,71.0,None
2026-09-13 05:00:00,108,1.3,18.5,72.0,None
2026-09-13 06:00:00,108,1.3,18.5,73.0,None
2026-09-13 07:00:00,108,1.3,18.5,78.0,0.01
2026-09-13 08:00:00,108,1.9,18.5,80.0,0.08
2026-09-13 09:00:00,108,1.0,18.9,81.0,0.27
2026-09-13 10:00:00,108,0.9,20.0,78.0,0.6
2026-09-13 11:00:00,108,1.3,21.9,70.0,1.49
2026-09-13 12:00:00,108,1.0,22.9,65.0,1.41
2026-09-13 13:00:00,108,1.5,23.2,64.0,0.92
2026-09-13 14:00:00,108,2.2,23.0,66.0,0.63
2026-09-13 15:00:00,108,1.6,23.2,63.0,0.63
2026-09-13 16:00:00,108,1.7,23.7,65.0,0.93
2026-09-13 17:00:00,108,1.8,23.3,63.0,0.46
2026-09-13 18:00:00,108,1.7,23.0,64.0,0.32
2026-09-13 19:00:00,108,1.2,22.3,65.0,0.06
2026-09-13 20:00:00,108,1.3,21.7,69.0,None
2026-09-13 21:00:00,108,1.4,21.5,75.0,None
2026-09-13 22:00:00,108,1.3,21.3,78.0,None
2026-09-13 23:00:00,108,0.7,21.1,79.0,None
2026-09-14 00:00:00,108,0.5,20.8,78.0,None
2026-09-14 01:00:00,108,1.1,20.6,81.0,None
2026-09-14 02:00:00,108,1.0,20.3,81.0,None
2026-09-14 03:00:00,108,0.9,20.0,83.0,None
2026-09-14 04:00:00,108,0.9,19.8,82.0,None
2026-09-14 05:00:00,108,1.0,19.7,82.0,None
2026-09-14 06:00:00,108,0.7,19.5,83.0,None
2026-09-14 07:00:00,108,1.2,19.3,83.0,0.03
2026-09-14 08:00:00,108,1.1,19.6,83.0,0.24
2026-09-14 09:00:00,108,0.7,21.1,75.0,0.8
2026-09-14 10:00:00,108,2.3,22.6,68.0,1.36
2026-09-14 11:00:00,108,2.2,23.7,66.0,1.71
2026-09-14 12:00:00,108,2.4,24.4,61.0,1.94
2026-09-14 13:00:00,108,2.3,24.6,57.0,1.83
2026-09-14 14:00:00,108,1.5,25.8,50.0,2.49
2026-09-14 15:00:00,108,2.9,26.0,44.0,2.0
2026-09-14 16:00:00,108,2.7,26.3,40.0,1.64
2026-09-14 17:00:00,108,2.3,26.3,37.0,1.5
2026-09-14 18:00:00,108,2.6,24.9,38.0,0.69
2026-09-14 19:00:00,108,2.3,23.2,40.0,0.1
2026-09-14 20:00:00,108,1.4,22.0,44.0,None
2026-09-14 21:00:00,108,2.2,20.8,49.0,None
2026-09-14 22:00:00,108,3.0,19.8,52.0,None
2026-09-14 23:00:00,108,1.3,19.0,54.0,None
2026-09-15 00:00:00,108,2.2,18.0,56.0,None
2026-09-15 01:00:00,108,1.1,17.2,58.0,None
2026-09-15 02:00:00,108,0.8,16.5,61.0,None
2026-09-15 03:00:00,108,1.2,15.7,65.0,None
2026-09-15 04:00:00,108,0.7,15.5,67.0,None
2026-09-15 05:00:00,108,0.6,15.0,69.0,None
2026-09-15 06:00:00,108,0.8,14.8,68.0,None
2026-09-15 07:00:00,108,1.7,14.7,69.0,0.1
2026-09-15 08:00:00,108,1.5,16.4,67.0,0.68
2026-09-15 09:00:00,108,1.5,18.9,58.0,1.49
2026-09-15 10:00:00,108,1.4,21.4,49.0,2.21
2026-09-15 11:00:00,108,1.6,23.5,36.0,2.8
2026-09-15 12:00:00,108,2.2,24.4,36.0,3.16
2026-09-15 13:00:00,108,3.2,25.3,32.0,3.28
2026-09-15 14:00:00,108,3.2,26.2,31.0,3.18
2026-09-15 15:00:00,108,3.8,26.3,27.0,2.81
2026-09-15 16:00:00,108,3.3,26.2,31.0,2.24
2026-09-15 17:00:00,108,2.1,26.0,32.0,1.54
2026-09-15 18:00:00,108,2.5,24.6,34.0,0.71
2026-09-15 19:00:00,108,1.9,22.7,43.0,0.09
2026-09-15 20:00:00,108,2.2,21.2,57.0,None
2026-09-15 21:00:00,108,1.7,20.2,57.0,None
2026-09-15 22:00:00,108,1.0,19.6,59.0,None
2026-09-15 23:00:00,108,0.6,18.7,63.0,None
2026-09-16 00:00:00,108,1.3,18.0,63.0,None
2026-09-16 01:00:00,108,1.1,17.6,66.0,None
2026-09-16 02:00:00,108,1.6,17.1,68.0,None
2026-09-16 03:00:00,108,1.8,16.2,70.0,None
2026-09-16 04:00:00,108,1.5,15.6,73.0,None
2026-09-16 05:00:00,108,1.6,14.7,75.0,None
2026-09-16 06:00:00,108,2.4,14.4,78.0,None
2026-09-16 07:00:00,108,2.1,14.2,79.0,0.1
2026-09-16 08:00:00,108,1.4,17.1,71.0,0.71
2026-09-16 09:00:00,108,1.9,19.4,57.0,1.49
2026-09-16 10:00:00,108,2.7,21.6,48.0,2.22
2026-09-16 11:00:00,108,2.4,23.7,43.0,2.78
2026-09-16 12:00:00,108,2.0,25.6,39.0,3.14
2026-09-16 13:00:00,108,1.8,26.7,30.0,3.22
2026-09-16 14:00:00,108,1.1,27.7,22.0,3.13
2026-09-16 15:00:00,108,2.1,28.4,20.0,2.78
2026-09-16 16:00:00,108,2.5,28.5,23.0,2.17
2026-09-16 17:00:00,108,1.7,28.3,23.0,1.47
2026-09-16 18:00:00,108,1.8,26.8,31.0,0.69
2026-09-16 19:00:00,108,2.2,24.7,36.0,0.08
2026-09-16 20:00:00,108,1.5,23.5,37.0,None
2026-09-16 21:00:00,108,1.0,22.4,43.0,None
2026-09-16 22:00:00,108,0.4,21.6,47.0,None
2026-09-16 23:00:00,108,2.1,20.7,46.0,None
2026-09-17 00:00:00,108,2.0,19.8,51.0,None
2026-09-17 01:00:00,108,2.1,19.5,54.0,None
2026-09-17 02:00:00,108,2.1,19.4,58.0,None
2026-09-17 03:00:00,108,2.6,18.9,60.0,None
2026-09-17 04:00:00,108,2.1,18.6,63.0,None
2026-09-17 05:00:00,108,2.7,18.2,65.0,None
2026-09-17 06:00:00,108,2.8,17.7,64.0,None
2026-09-17 07:00:00,108,2.9,17.6,63.0,0.1
2026-09-17 08:00:00,108,2.1,19.8,56.0,0.68
2026-09-17 09:00:00,108,3.5,21.3,53.0,1.37
2026-09-17 10:00:00,108,3.4,23.5,49.0,1.97
2026-09-17 11:00:00,108,3.0,25.1,45.0,2.68
2026-09-17 12:00:00,108,3.0,26.2,45.0,3.05
2026-09-17 13:00:00,108,2.9,27.3,42.0,3.17
2026-09-17 14:00:00,108,3.1,27.2,43.0,2.33
2026-09-17 15:00:00,108,2.1,27.4,44.0,1.66
2026-09-17 16:00:00,108,2.5,26.8,45.0,1.1
2026-09-17 17:00:00,108,1.3,26.2,48.0,0.42
2026-09-17 18:00:00,108,1.7,25.5,50.0,0.16
2026-09-17 19:00:00,108,1.5,24.9,52.0,0.02
2026-09-17 20:00:00,108,1.8,24.3,54.0,None
2026-09-17 21:00:00,108,2.9,23.7,53.0,None
2026-09-17 22:00:00,108,3.0,22.8,50.0,None
2026-09-17 23:00:00,108,3.4,22.0,50.0,None
2026-09-18 00:00:00,108,3.2,21.4,52.0,None
2026-09-18 01:00:00,108,1.8,20.9,54.0,None
2026-09-18 02:00:00,108,1.8,20.4,56.0,None
2026-09-18 03:00:00,108,2.1,20.1,58.0,None
2026-09-18 04:00:00,108,2.5,19.7,59.0,None
2026-09-18 05:00:00,108,3.2,19.3,61.0,None
2026-09-18 06:00:00,108,2.9,19.1,62.0,None
2026-09-18 07:00:00,108,3.1,19.7,62.0,0.1
2026-09-18 08:00:00,108,4.0,21.5,57.0,0.65
2026-09-18 09:00:00,108,3.0,23.5,53.0,1.39
2026-09-18 10:00:00,108,2.9,25.3,48.0,2.11
2026-09-18 11:00:00,108,2.9,26.5,46.0,2.64
2026-09-18 12:00:00,108,4.1,27.1,44.0,2.89
2026-09-18 13:00:00,108,2.8,27.2,45.0,2.12
2026-09-18 14:00:00,108,3.1,28.0,43.0,2.22
2026-09-18 15:00:00,108,3.2,28.1,42.0,1.54
2026-09-18 16:00:00,108,3.5,28.2,42.0,1.32
2026-09-18 17:00:00,108,4.2,27.4,41.0,0.65
2026-09-18 18:00:00,108,3.7,26.5,44.0,0.27
2026-09-18 19:00:00,108,3.3,25.5,47.0,0.04
2026-09-18 20:00:00,108,4.2,24.5,48.0,None
2026-09-18 21:00:00,108,4.4,23.5,51.0,None
2026-09-18 22:00:00,108,3.7,22.8,52.0,None
2026-09-18 23:00:00,108,3.9,22.4,53.0,None
2026-09-19 00:00:00,108,4.5,22.0,55.0,None
2026-09-19 01:00:00,108,3.5,21.6,57.0,None
2026-09-19 02:00:00,108,2.5,21.2,58.0,None
2026-09-19 03:00:00,108,2.7,20.7,59.0,None
2026-09-19 04:00:00,108,1.7,20.4,61.0,None
2026-09-19 05:00:00,108,3.0,20.1,62.0,None
2026-09-19 06:00:00,108,3.1,20.1,63.0,None
2026-09-19 07:00:00,108,2.3,20.2,64.0,0.02
2026-09-19 08:00:00,108,3.0,21.3,62.0,0.36
2026-09-19 09:00:00,108,2.6,22.6,60.0,0.88
2026-09-19 10:00:00,108,3.1,24.3,53.0,1.61
2026-09-19 11:00:00,108,3.0,25.9,49.0,2.02
2026-09-19 12:00:00,108,2.8,27.5,44.0,2.95
2026-09-19 13:00:00,108,2.2,28.6,42.0,3.05
2026-09-19 14:00:00,108,2.0,28.4,41.0,2.4
2026-09-19 15:00:00,108,2.0,29.4,39.0,1.89
2026-09-19 16:00:00,108,1.5,28.6,38.0,1.37
2026-09-19 17:00:00,108,1.8,28.8,40.0,1.19
2026-09-19 18:00:00,108,2.0,27.9,43.0,0.56
2026-09-19 19:00:00,108,1.2,26.3,47.0,0.06
2026-09-19 20:00:00,108,2.8,25.4,51.0,None
2026-09-19 21:00:00,108,2.3,24.3,55.0,None
2026-09-19 22:00:00,108,2.5,23.6,57.0,None
2026-09-19 23:00:00,108,2.9,23.0,58.0,None
2026-09-20 00:00:00,108,2.2,22.4,60.0,None
2026-09-20 01:00:00,108,2.6,21.6,61.0,None
2026-09-20 02:00:00,108,2.6,21.0,60.0,None
2026-09-20 03:00:00,108,2.2,20.4,63.0,None
2026-09-20 04:00:00,108,2.4,20.0,64.0,None
2026-09-20 05:00:00,108,2.2,19.2,70.0,None
2026-09-20 06:00:00,108,1.6,18.7,71.0,None
2026-09-20 07:00:00,108,2.2,18.5,73.0,0.07
2026-09-20 08:00:00,108,1.7,20.4,65.0,0.58
2026-09-20 09:00:00,108,2.0,22.3,57.0,1.35
2026-09-20 10:00:00,108,2.1,24.1,52.0,2.06
2026-09-20 11:00:00,108,1.5,25.8,47.0,2.6
2026-09-20 12:00:00,108,2.4,27.4,44.0,2.94
2026-09-20 13:00:00,108,1.2,28.8,41.0,3.08
2026-09-20 14:00:00,108,1.7,29.2,43.0,2.59
2026-09-20 15:00:00,108,3.2,29.9,38.0,2.55
2026-09-20 16:00:00,108,3.2,29.3,37.0,2.04
2026-09-20 17:00:00,108,3.3,28.2,39.0,1.28
2026-09-20 18:00:00,108,2.5,27.3,45.0,0.52
2026-09-20 19:00:00,108,3.6,25.1,61.0,0.05
2026-09-20 20:00:00,108,2.6,23.8,67.0,None
2026-09-20 21:00:00,108,1.1,23.2,69.0,None
2026-09-20 22:00:00,108,1.1,22.6,70.0,None
2026-09-20 23:00:00,108,2.7,21.9,73.0,None
2026-09-21 00:00:00,108,0.7,21.4,72.0,None
2026-09-21 01:00:00,108,1.0,20.8,74.0,None
2026-09-21 02:00:00,108,0.5,20.2,71.0,None
2026-09-21 03:00:00,108,0.9,19.7,71.0,None
2026-09-21 04:00:00,108,1.1,19.2,74.0,None
2026-09-21 05:00:00,108,1.3,18.7,73.0,None
2026-09-21 06:00:00,108,2.0,18.1,76.0,None
2026-09-21 07:00:00,108,1.4,18.0,75.0,0.07
2026-09-21 08:00:00,108,2.1,19.9,68.0,0.56
2026-09-21 09:00:00,108,1.8,22.3,60.0,1.35
2026-09-21 10:00:00,108,2.4,24.4,46.0,2.12
2026-09-21 11:00:00,108,2.6,25.9,36.0,2.66
2026-09-21 12:00:00,108,1.7,27.1,34.0,2.37
2026-09-21 13:00:00,108,2.3,28.9,27.0,3.15
2026-09-21 14:00:00,108,2.4,29.2,24.0,2.86
2026-09-21 15:00:00,108,2.3,30.0,24.0,2.51
2026-09-21 16:00:00,108,1.8,30.4,22.0,2.06
2026-09-21 17:00:00,108,1.6,30.4,22.0,1.33
2026-09-21 18:00:00,108,0.5,28.8,23.0,0.53
2026-09-21 19:00:00,108,1.1,26.5,36.0,0.03
2026-09-21 20:00:00,108,2.0,24.7,42.0,None
2026-09-21 21:00:00,108,0.8,23.7,48.0,None
2026-09-21 22:00:00,108,0.8,23.0,50.0,None
2026-09-21 23:00:00,108,1.7,21.8,47.0,None
2026-09-22 00:00:00,108,2.5,20.7,50.0,None
2026-09-22 01:00:00,108,2.7,20.9,51.0,None
2026-09-22 02:00:00,108,2.3,20.7,53.0,None
2026-09-22 03:00:00,108,2.7,20.0,54.0,None
2026-09-22 04:00:00,108,2.5,19.6,53.0,None
2026-09-22 05:00:00,108,1.8,19.1,55.0,None
2026-09-22 06:00:00,108,2.2,18.7,58.0,None
2026-09-22 07:00:00,108,2.4,18.7,59.0,0.06
2026-09-22 08:00:00,108,3.2,20.1,60.0,0.48
2026-09-22 09:00:00,108,3.1,22.8,54.0,1.44
2026-09-22 10:00:00,108,2.5,24.5,48.0,1.91
2026-09-22 11:00:00,108,2.9,26.7,44.0,2.64
2026-09-22 12:00:00,108,2.7,27.8,41.0,2.91
2026-09-22 13:00:00,108,1.6,28.8,39.0,2.99
2026-09-22 14:00:00,108,1.4,29.6,36.0,2.84
2026-09-22 15:00:00,108,2.1,29.1,36.0,1.98
2026-09-22 16:00:00,108,1.0,28.6,36.0,0.86
2026-09-22 17:00:00,108,1.3,27.9,38.0,0.39
2026-09-22 18:00:00,108,3.2,26.9,46.0,0.33
2026-09-22 19:00:00,108,3.2,25.3,52.0,0.02
2026-09-22 20:00:00,108,1.5,24.3,58.0,None
2026-09-22 21:00:00,108,0.7,23.7,59.0,None
2026-09-22 22:00:00,108,0.5,22.9,62.0,None
2026-09-22 23:00:00,108,0.8,22.3,66.0,None
2026-09-23 00:00:00,108,1.4,21.9,66.0,None
2026-09-23 01:00:00,108,1.7,21.1,68.0,None
2026-09-23 02:00:00,108,1.6,20.6,70.0,None
2026-09-23 03:00:00,108,2.0,20.0,71.0,None
2026-09-23 04:00:00,108,1.7,19.6,73.0,None
2026-09-23 05:00:00,108,2.1,19.6,73.0,None
2026-09-23 06:00:00,108,2.0,19.3,73.0,None
2026-09-23 07:00:00,108,1.8,19.3,75.0,0.05
2026-09-23 08:00:00,108,2.3,20.8,72.0,0.51
2026-09-23 09:00:00,108,2.1,23.1,65.0,1.22
2026-09-23 10:00:00,108,1.7,24.9,58.0,1.84
2026-09-23 11:00:00,108,2.0,26.4,51.0,2.41
2026-09-23 12:00:00,108,1.9,27.6,49.0,2.62
2026-09-23 13:00:00,108,2.5,29.2,43.0,3.0
2026-09-23 14:00:00,108,2.8,28.7,43.0,2.04
2026-09-23 15:00:00,108,2.5,28.9,45.0,1.68
2026-09-23 16:00:00,108,3.4,28.9,42.0,1.93
2026-09-23 17:00:00,108,3.4,27.7,45.0,1.18
2026-09-23 18:00:00,108,3.8,25.7,52.0,0.48
2026-09-23 19:00:00,108,3.1,24.3,60.0,0.03
2026-09-23 20:00:00,108,2.9,23.3,71.0,None
2026-09-23 21:00:00,108,2.1,22.7,77.0,None
2026-09-23 22:00:00,108,2.1,22.3,80.0,None
2026-09-23 23:00:00,108,2.0,22.1,84.0,None
2026-09-24 00:00:00,108,1.8,21.9,83.0,None
2026-09-24 01:00:00,108,1.4,21.5,83.0,None
2026-09-24 02:00:00,108,1.4,21.1,84.0,None
2026-09-24 03:00:00,108,1.7,20.7,85.0,None
2026-09-24 04:00:00,108,0.6,20.2,86.0,None
2026-09-24 05:00:00,108,1.0,19.9,85.0,None
2026-09-24 06:00:00,108,1.2,19.6,86.0,None
2026-09-24 07:00:00,108,1.2,19.1,87.0,0.04
2026-09-24 08:00:00,108,2.2,20.1,86.0,0.45
2026-09-24 09:00:00,108,1.7,21.7,76.0,1.22
2026-09-24 10:00:00,108,2.5,22.9,70.0,1.42
2026-09-24 11:00:00,108,2.5,25.2,53.0,2.23
2026-09-24 12:00:00,108,2.1,25.5,51.0,2.0
2026-09-24 13:00:00,108,2.2,26.2,49.0,2.13
2026-09-24 14:00:00,108,2.5,26.5,45.0,2.15
2026-09-24 15:00:00,108,3.8,25.8,51.0,1.2
2026-09-24 16:00:00,108,2.2,25.6,51.0,0.77
2026-09-24 17:00:00,108,3.0,24.7,57.0,0.35
2026-09-24 18:00:00,108,1.6,24.0,61.0,0.11
2026-09-24 19:00:00,108,0.8,23.4,61.0,0.01
2026-09-24 20:00:00,108,1.1,22.8,62.0,None
2026-09-24 21:00:00,108,1.3,22.2,65.0,None
2026-09-24 22:00:00,108,1.7,22.0,65.0,None
2026-09-24 23:00:00,108,0.8,21.6,67.0,None
2026-09-25 00:00:00,108,1.6,20.8,69.0,None
2026-09-25 01:00:00,108,1.8,20.0,74.0,None
2026-09-25 02:00:00,108,1.8,19.8,76.0,None
2026-09-25 03:00:00,108,2.0,19.8,77.0,None
2026-09-25 04:00:00,108,2.3,19.5,79.0,None
2026-09-25 05:00:00,108,2.8,19.5,77.0,None
2026-09-25 06:00:00,108,2.4,19.5,76.0,None
2026-09-25 07:00:00,108,2.4,19.7,77.0,0.03
2026-09-25 08:00:00,108,2.9,20.3,74.0,0.17
2026-09-25 09:00:00,108,2.3,21.1,72.0,0.4
2026-09-25 10:00:00,108,2.9,22.6,67.0,0.9
2026-09-25 11:00:00,108,2.8,23.3,63.0,0.85
2026-09-25 12:00:00,108,1.4,23.5,62.0,0.59
2026-09-25 13:00:00,108,1.5,23.5,61.0,0.34
2026-09-25 14:00:00,108,3.1,22.1,73.0,0.2
2026-09-25 15:00:00,108,1.7,21.0,84.0,0.2
2026-09-25 16:00:00,108,1.0,20.5,87.0,0.16
2026-09-25 17:00:00,108,2.0,20.0,85.0,0.15
2026-09-25 18:00:00,108,1.8,19.6,85.0,0.05
2026-09-25 19:00:00,108,1.3,19.3,87.0,0.0
2026-09-25 20:00:00,108,1.8,18.8,87.0,None
2026-09-25 21:00:00,108,2.2,18.7,88.0,None
2026-09-25 22:00:00,108,2.1,18.6,88.0,None
2026-09-25 23:00:00,108,2.3,18.5,88.0,None
2026-09-26 00:00:00,108,2.6,18.4,86.0,None
2026-09-26 01:00:00,108,2.3,18.3,85.0,None
2026-09-26 02:00:00,108,2.4,18.3,85.0,None
2026-09-26 03:00:00,108,2.4,18.3,85.0,None
2026-09-26 04:00:00,108,2.6,18.3,83.0,None
2026-09-26 05:00:00,108,1.2,18.3,81.0,None
2026-09-26 06:00:00,108,1.5,18.4,80.0,None
2026-09-26 07:00:00,108,2.3,18.3,82.0,0.01
2026-09-26 08:00:00,108,1.7,18.6,80.0,0.13
2026-09-26 09:00:00,108,2.4,20.1,75.0,0.74
2026-09-26 10:00:00,108,1.9,22.0,65.0,1.74
2026-09-26 11:00:00,108,1.9,23.7,60.0,2.36
2026-09-26 12:00:00,108,2.1,24.8,56.0,2.47
2026-09-26 13:00:00,108,1.1,25.4,51.0,2.52
2026-09-26 14:00:00,108,1.2,27.2,47.0,2.72
2026-09-26 15:00:00,108,1.7,26.5,46.0,1.77
2026-09-26 16:00:00,108,1.2,26.1,48.0,0.75
2026-09-26 17:00:00,108,2.1,25.7,53.0,0.63
2026-09-26 18:00:00,108,1.7,25.0,55.0,0.39
2026-09-26 19:00:00,108,1.5,23.6,58.0,0.02
2026-09-26 20:00:00,108,1.1,22.6,60.0,None
2026-09-26 21:00:00,108,1.7,21.9,63.0,None
2026-09-26 22:00:00,108,2.5,21.4,67.0,None
2026-09-26 23:00:00,108,0.9,20.7,69.0,None
2026-09-27 00:00:00,108,0.9,20.3,73.0,None
2026-09-27 01:00:00,108,1.3,19.7,74.0,None
2026-09-27 02:00:00,108,1.0,19.3,75.0,None
2026-09-27 03:00:00,108,1.3,19.1,79.0,None
2026-09-27 04:00:00,108,1.8,18.6,80.0,None
2026-09-27 05:00:00,108,1.8,17.9,81.0,None
2026-09-27 06:00:00,108,1.6,17.6,83.0,None
2026-09-27 07:00:00,108,1.5,17.5,85.0,0.03
2026-09-27 08:00:00,108,2.5,18.4,84.0,0.4
2026-09-27 09:00:00,108,2.1,20.4,75.0,0.92
2026-09-27 10:00:00,108,1.5,23.0,67.0,1.89
2026-09-27 11:00:00,108,0.9,24.6,59.0,2.45
2026-09-27 12:00:00,108,1.9,26.7,52.0,2.75
2026-09-27 13:00:00,108,1.9,27.9,47.0,3.0
2026-09-27 14:00:00,108,1.5,27.3,46.0,2.02
2026-09-27 15:00:00,108,2.5,28.3,44.0,2.07
2026-09-27 16:00:00,108,3.0,28.2,48.0,1.82
2026-09-27 17:00:00,108,3.4,27.0,55.0,0.96
2026-09-27 18:00:00,108,3.9,24.9,57.0,0.35
2026-09-27 19:00:00,108,3.0,23.7,56.0,0.02
2026-09-27 20:00:00,108,2.9,22.8,64.0,None
2026-09-27 21:00:00,108,2.5,22.1,65.0,None
2026-09-27 22:00:00,108,1.9,21.5,68.0,None
2026-09-27 23:00:00,108,1.9,21.0,70.0,None
2026-09-28 00:00:00,108,1.0,20.4,74.0,None
2026-09-28 01:00:00,108,0.7,20.1,77.0,None
2026-09-28 02:00:00,108,1.4,19.7,80.0,None
2026-09-28 03:00:00,108,1.1,19.4,81.0,None
2026-09-28 04:00:00,108,0.9,19.1,82.0,None
2026-09-28 05:00:00,108,1.6,19.0,85.0,None
2026-09-28 06:00:00,108,1.2,19.0,84.0,None
2026-09-28 07:00:00,108,1.6,18.8,85.0,0.03
2026-09-28 08:00:00,108,2.7,19.2,81.0,0.41
2026-09-28 09:00:00,108,2.5,20.6,77.0,1.07
2026-09-28 10:00:00,108,2.6,21.9,65.0,2.1
2026-09-28 11:00:00,108,3.0,23.0,55.0,2.29
2026-09-28 12:00:00,108,2.6,24.3,48.0,2.82
2026-09-28 13:00:00,108,3.3,24.6,41.0,2.83
2026-09-28 14:00:00,108,3.1,25.0,40.0,2.85
2026-09-28 15:00:00,108,2.2,25.9,42.0,2.49
2026-09-28 16:00:00,108,3.2,25.3,44.0,1.75
2026-09-28 17:00:00,108,2.4,23.8,49.0,0.9
2026-09-28 18:00:00,108,2.8,22.2,55.0,0.27
2026-09-28 19:00:00,108,2.5,21.1,59.0,0.02
2026-09-28 20:00:00,108,2.5,20.2,66.0,None
2026-09-28 21:00:00,108,1.7,19.7,70.0,None
2026-09-28 22:00:00,108,0.9,19.2,70.0,None
2026-09-28 23:00:00,108,0.8,18.7,70.0,None
2026-09-29 00:00:00,108,0.4,18.3,70.0,None
2026-09-29 01:00:00,108,1.5,17.8,67.0,None
2026-09-29 02:00:00,108,1.8,16.9,67.0,None
2026-09-29 03:00:00,108,2.0,16.4,69.0,None
2026-09-29 04:00:00,108,1.4,15.8,72.0,None
2026-09-29 05:00:00,108,1.9,15.4,74.0,None
2026-09-29 06:00:00,108,1.6,14.9,76.0,None
2026-09-29 07:00:00,108,1.8,14.5,78.0,0.04
2026-09-29 08:00:00,108,1.5,16.2,77.0,0.54
2026-09-29 09:00:00,108,2.4,19.2,64.0,1.29
2026-09-29 10:00:00,108,1.4,21.6,56.0,1.99
2026-09-29 11:00:00,108,1.9,23.3,49.0,2.47
2026-09-29 12:00:00,108,1.2,24.8,46.0,2.78
2026-09-29 13:00:00,108,1.5,25.7,44.0,2.91
2026-09-29 14:00:00,108,2.6,27.1,41.0,2.69
2026-09-29 15:00:00,108,1.8,27.5,39.0,2.34
2026-09-29 16:00:00,108,1.7,27.0,40.0,1.67
2026-09-29 17:00:00,108,2.0,26.8,42.0,1.0
2026-09-29 18:00:00,108,2.9,24.5,44.0,0.37
2026-09-29 19:00:00,108,1.5,22.7,46.0,0.02
2026-09-29 20:00:00,108,2.2,22.0,48.0,None
2026-09-29 21:00:00,108,1.2,21.0,49.0,None
2026-09-29 22:00:00,108,0.7,20.1,52.0,None
2026-09-29 23:00:00,108,1.2,19.4,54.0,None
2026-09-30 00:00:00,108,0.7,19.1,58.0,None
2026-09-30 01:00:00,108,0.9,19.0,61.0,None
2026-09-30 02:00:00,108,0.8,18.7,64.0,None
2026-09-30 03:00:00,108,1.4,18.3,68.0,None
2026-09-30 04:00:00,108,1.3,17.9,70.0,None
2026-09-30 05:00:00,108,1.7,17.2,73.0,None
2026-09-30 06:00:00,108,1.9,16.6,73.0,None
2026-09-30 07:00:00,108,1.7,16.7,77.0,0.03
2026-09-30 08:00:00,108,1.4,17.9,77.0,0.35
2026-09-30 09:00:00,108,0.9,20.3,70.0,1.02
2026-09-30 10:00:00,108,1.6,22.8,61.0,1.7
2026-09-30 11:00:00,108,3.0,24.5,53.0,2.22
2026-09-30 12:00:00,108,2.5,25.7,47.0,2.63
2026-09-30 13:00:00,108,2.5,26.5,46.0,2.42
2026-09-30 14:00:00,108,2.9,27.5,39.0,2.54
2026-09-30 15:00:00,108,4.3,27.7,33.0,2.24
2026-09-30 16:00:00,108,2.8,26.9,38.0,1.71
2026-09-30 17:00:00,108,3.0,25.2,48.0,1.05
2026-09-30 18:00:00,108,4.1,23.5,60.0,0.35
2026-09-30 19:00:00,108,3.5,22.8,67.0,0.01
2026-09-30 20:00:00,108,3.7,22.6,73.0,None
2026-09-30 21:00:00,108,3.8,22.1,70.0,None
2026-09-30 22:00:00,108,4.0,21.2,74.0,None
2026-09-30 23:00:00,108,3.1,19.9,66.0,None
2026-10-01 00:00:00,108,4.4,18.4,56.0,None
2026-10-01 01:00:00,108,3.3,17.7,51.0,None
2026-10-01 02:00:00,108,3.0,17.0,44.0,None
2026-10-01 03:00:00,108,2.8,16.4,47.0,None
2026-10-01 04:00:00,108,4.0,16.0,42.0,None
2026-10-01 05:00:00,108,1.7,15.5,42.0,None
2026-10-01 06:00:00,108,3.1,14.9,44.0,None
2026-10-01 07:00:00,108,2.9,14.3,48.0,0.02
2026-10-01 08:00:00,108,2.1,14.3,49.0,0.36
2026-10-01 09:00:00,108,3.2,16.0,39.0,1.25
2026-10-01 10:00:00,108,3.3,18.0,30.0,1.91
2026-10-01 11:00:00,108,3.0,19.4,24.0,2.63
2026-10-01 12:00:00,108,3.7,20.4,20.0,2.96
2026-10-01 13:00:00,108,2.9,21.2,22.0,3.03
2026-10-01 14:00:00,108,3.7,21.4,24.0,2.72
2026-10-01 15:00:00,108,3.6,21.8,25.0,2.52
2026-10-01 16:00:00,108,4.0,22.0,29.0,1.91
2026-10-01 17:00:00,108,3.4,21.1,35.0,1.19
2026-10-01 18:00:00,108,3.0,19.5,41.0,0.36
2026-10-01 19:00:00,108,2.6,18.5,45.0,0.01
2026-10-01 20:00:00,108,2.9,17.9,39.0,None
2026-10-01 21:00:00,108,2.7,16.9,36.0,None
2026-10-01 22:00:00,108,3.7,16.0,39.0,None
2026-10-01 23:00:00,108,4.3,15.5,39.0,None
2026-10-02 00:00:00,108,3.7,15.2,37.0,None
2026-10-02 01:00:00,108,3.0,14.8,38.0,None
2026-10-02 02:00:00,108,2.9,14.0,43.0,None
2026-10-02 03:00:00,108,0.9,12.9,44.0,None
2026-10-02 04:00:00,108,0.6,12.3,50.0,None
2026-10-02 05:00:00,108,1.4,11.7,54.0,None
2026-10-02 06:00:00,108,1.4,11.3,54.0,None
2026-10-02 07:00:00,108,1.4,11.4,53.0,0.03
2026-10-02 08:00:00,108,0.6,12.6,53.0,0.53
2026-10-02 09:00:00,108,3.8,15.3,42.0,1.31
2026-10-02 10:00:00,108,4.2,17.1,36.0,2.04
2026-10-02 11:00:00,108,3.0,18.9,28.0,2.61
2026-10-02 12:00:00,108,3.8,20.5,26.0,2.95
2026-10-02 13:00:00,108,4.8,20.6,28.0,3.05
2026-10-02 14:00:00,108,4.1,21.7,25.0,2.89
2026-10-02 15:00:00,108,2.4,22.3,26.0,2.5
2026-10-02 16:00:00,108,3.5,22.2,25.0,1.9
2026-10-02 17:00:00,108,1.9,21.9,26.0,1.19
2026-10-02 18:00:00,108,2.0,20.2,29.0,0.36
2026-10-02 19:00:00,108,1.3,18.5,31.0,0.01
2026-10-02 20:00:00,108,2.3,17.7,35.0,None
2026-10-02 21:00:00,108,1.5,16.5,39.0,None
2026-10-02 22:00:00,108,2.3,16.0,40.0,None
2026-10-02 23:00:00,108,1.5,14.7,44.0,None
2026-10-03 00:00:00,108,1.6,13.6,47.0,None
2026-10-03 01:00:00,108,0.9,13.2,47.0,None
2026-10-03 02:00:00,108,2.1,12.2,51.0,None
2026-10-03 03:00:00,108,0.8,11.8,53.0,None
2026-10-03 04:00:00,108,1.5,11.2,55.0,None
2026-10-03 05:00:00,108,1.7,10.6,59.0,None
2026-10-03 06:00:00,108,2.1,10.3,60.0,None
2026-10-03 07:00:00,108,2.5,10.6,62.0,0.03
2026-10-03 08:00:00,108,2.5,12.8,57.0,0.42
2026-10-03 09:00:00,108,2.9,15.8,48.0,1.26
2026-10-03 10:00:00,108,2.1,17.2,44.0,1.55
2026-10-03 11:00:00,108,3.1,19.2,43.0,1.98
2026-10-03 12:00:00,108,3.2,21.4,41.0,2.6
2026-10-03 13:00:00,108,4.0,22.5,39.0,2.86
2026-10-03 14:00:00,108,2.7,22.7,41.0,1.94
2026-10-03 15:00:00,108,2.3,22.5,40.0,1.47
2026-10-03 16:00:00,108,2.4,21.8,44.0,0.94
2026-10-03 17:00:00,108,1.6,21.2,45.0,0.55
2026-10-03 18:00:00,108,1.8,20.3,47.0,0.19
2026-10-03 19:00:00,108,1.7,19.4,51.0,0.0
2026-10-03 20:00:00,108,1.7,18.6,53.0,None
2026-10-03 21:00:00,108,2.5,17.7,57.0,None
2026-10-03 22:00:00,108,1.8,17.2,59.0,None
2026-10-03 23:00:00,108,2.3,16.9,61.0,None
2026-10-04 00:00:00,108,1.9,16.6,61.0,None
2026-10-04 01:00:00,108,2.3,16.4,62.0,None
2026-10-04 02:00:00,108,1.9,16.2,62.0,None
2026-10-04 03:00:00,108,2.1,16.1,63.0,None
2026-10-04 04:00:00,108,2.4,15.7,65.0,None
2026-10-04 05:00:00,108,2.6,15.3,67.0,None
2026-10-04 06:00:00,108,2.8,15.2,68.0,None
2026-10-04 07:00:00,108,1.9,14.8,70.0,0.02
2026-10-04 08:00:00,108,1.6,16.1,67.0,0.46
2026-10-04 09:00:00,108,2.2,18.6,60.0,1.19
2026-10-04 10:00:00,108,2.1,20.9,53.0,1.89
2026-10-04 11:00:00,108,2.4,22.8,49.0,2.44
2026-10-04 12:00:00,108,1.7,24.5,42.0,2.69
2026-10-04 13:00:00,108,2.8,24.8,40.0,1.79
2026-10-04 14:00:00,108,3.1,25.4,40.0,2.35
2026-10-04 15:00:00,108,2.8,26.2,38.0,2.25
2026-10-04 16:00:00,108,3.4,24.8,40.0,1.56
2026-10-04 17:00:00,108,4.0,23.2,45.0,0.41
2026-10-04 18:00:00,108,3.4,22.3,52.0,0.19
2026-10-04 19:00:00,108,3.2,21.2,57.0,0.0
2026-10-04 20:00:00,108,2.3,20.8,61.0,None
2026-10-04 21:00:00,108,3.3,18.4,80.0,None
2026-10-04 22:00:00,108,3.8,17.7,82.0,None
2026-10-04 23:00:00,108,2.4,16.0,83.0,None
2026-10-05 00:00:00,108,1.1,15.9,80.0,None
2026-10-05 01:00:00,108,2.3,16.0,80.0,None
2026-10-05 02:00:00,108,4.3,15.9,67.0,None
2026-10-05 03:00:00,108,2.1,15.2,67.0,None
2026-10-05 04:00:00,108,2.2,14.8,69.0,None
2026-10-05 05:00:00,108,2.6,14.8,70.0,None
2026-10-05 06:00:00,108,2.6,14.9,70.0,None
2026-10-05 07:00:00,108,2.4,14.6,71.0,0.02
2026-10-05 08:00:00,108,2.4,14.9,70.0,0.46
2026-10-05 09:00:00,108,2.1,16.5,63.0,1.21
2026-10-05 10:00:00,108,3.5,18.0,58.0,1.99
2026-10-05 11:00:00,108,2.2,19.1,57.0,1.79
2026-10-05 12:00:00,108,3.7,19.2,53.0,2.35
2026-10-05 13:00:00,108,2.7,19.1,56.0,1.59
2026-10-05 14:00:00,108,3.7,19.9,49.0,2.42
2026-10-05 15:00:00,108,3.0,19.5,52.0,1.28
2026-10-05 16:00:00,108,3.1,19.0,51.0,0.52
2026-10-05 17:00:00,108,3.0,18.7,45.0,0.38
2026-10-05 18:00:00,108,3.4,17.5,41.0,0.32
2026-10-05 19:00:00,108,3.8,16.3,41.0,0.01
2026-10-05 20:00:00,108,2.6,15.5,44.0,None
2026-10-05 21:00:00,108,2.3,14.5,48.0,None
2026-10-05 22:00:00,108,0.9,13.7,50.0,None
2026-10-05 23:00:00,108,1.2,13.0,53.0,None
2026-10-06 00:00:00,108,0.7,12.3,56.0,None
2026-10-06 01:00:00,108,1.2,12.2,60.0,None
2026-10-06 02:00:00,108,0.8,11.6,65.0,None
2026-10-06 03:00:00,108,0.5,11.1,68.0,None
2026-10-06 04:00:00,108,0.6,10.8,71.0,None
2026-10-06 05:00:00,108,0.5,10.6,73.0,None
2026-10-06 06:00:00,108,0.6,10.2,73.0,None
2026-10-06 07:00:00,108,1.6,10.0,74.0,0.02
2026-10-06 08:00:00,108,1.8,11.0,73.0,0.48
2026-10-06 09:00:00,108,1.7,14.4,56.0,1.23
2026-10-06 10:00:00,108,2.9,16.6,44.0,1.99
2026-10-06 11:00:00,108,2.6,18.5,39.0,2.53
2026-10-06 12:00:00,108,2.9,20.0,31.0,2.85
2026-10-06 13:00:00,108,3.5,20.7,30.0,2.92
2026-10-06 14:00:00,108,2.5,21.9,31.0,2.77
2026-10-06 15:00:00,108,3.7,22.1,29.0,2.37
2026-10-06 16:00:00,108,2.8,22.0,32.0,1.69
2026-10-06 17:00:00,108,3.6,21.1,40.0,1.05
2026-10-06 18:00:00,108,2.9,19.0,52.0,0.32
2026-10-06 19:00:00,108,2.1,18.1,56.0,0.01
2026-10-06 20:00:00,108,1.0,17.4,59.0,None
2026-10-06 21:00:00,108,0.8,16.6,61.0,None
2026-10-06 22:00:00,108,1.8,16.2,61.0,None
2026-10-06 23:00:00,108,2.1,15.8,62.0,None
2026-10-07 00:00:00,108,2.1,14.9,64.0,None
2026-10-07 01:00:00,108,2.3,14.3,62.0,None
2026-10-07 02:00:00,108,1.8,13.9,63.0,None
2026-10-07 03:00:00,108,0.7,13.2,68.0,None
2026-10-07 04:00:00,108,0.2,12.9,68.0,None
2026-10-07 05:00:00,108,0.6,12.4,72.0,None
2026-10-07 06:00:00,108,0.9,12.2,75.0,None
2026-10-07 07:00:00,108,1.8,11.9,78.0,0.02
2026-10-07 08:00:00,108,1.9,12.7,79.0,0.46
2026-10-07 09:00:00,108,1.5,16.2,67.0,1.18
2026-10-07 10:00:00,108,1.2,18.3,60.0,1.89
2026-10-07 11:00:00,108,1.5,21.4,49.0,2.4
2026-10-07 12:00:00,108,2.4,22.6,41.0,2.68
2026-10-07 13:00:00,108,2.2,23.0,29.0,2.83
2026-10-07 14:00:00,108,3.0,23.8,30.0,2.69
2026-10-07 15:00:00,108,2.6,23.8,32.0,2.3
2026-10-07 16:00:00,108,3.0,23.9,33.0,1.7
2026-10-07 17:00:00,108,3.4,22.3,30.0,1.0
2026-10-07 18:00:00,108,3.4,20.2,30.0,0.32
2026-10-07 19:00:00,108,2.3,18.7,43.0,0.0
2026-10-07 20:00:00,108,1.7,17.6,51.0,None
2026-10-07 21:00:00,108,1.1,16.9,56.0,None
2026-10-07 22:00:00,108,0.4,16.2,60.0,None
2026-10-07 23:00:00,108,0.8,15.4,65.0,None
2026-10-08 00:00:00,108,1.1,14.9,67.0,None
2026-10-08 01:00:00,108,1.0,14.7,61.0,None
2026-10-08 02:00:00,108,1.8,13.8,65.0,None
2026-10-08 03:00:00,108,1.6,13.2,66.0,None
2026-10-08 04:00:00,108,2.4,12.5,68.0,None
2026-10-08 05:00:00,108,1.6,12.0,71.0,None
2026-10-08 06:00:00,108,1.8,11.8,72.0,None
2026-10-08 07:00:00,108,2.2,11.4,74.0,0.02
2026-10-08 08:00:00,108,1.7,12.5,72.0,0.43
2026-10-08 09:00:00,108,1.7,15.9,62.0,1.17
2026-10-08 10:00:00,108,1.0,18.8,52.0,1.85
2026-10-08 11:00:00,108,1.6,21.1,50.0,2.34
2026-10-08 12:00:00,108,1.4,23.0,43.0,2.65
2026-10-08 13:00:00,108,1.9,23.6,37.0,2.73
2026-10-08 14:00:00,108,2.2,24.8,34.0,2.59
2026-10-08 15:00:00,108,1.9,25.2,32.0,2.22
2026-10-08 16:00:00,108,2.2,25.5,31.0,1.67
2026-10-08 17:00:00,108,2.0,24.6,32.0,0.91
2026-10-08 18:00:00,108,2.4,22.0,47.0,0.27
2026-10-08 19:00:00,108,1.0,20.3,51.0,0.01
